date,forecast,actual,regime
2004-01-02,2.9319899324232483e-05,4.746692947241121e-05,calm
2004-01-05,2.8514009600778555e-05,3.5042980315462e-05,calm
2004-01-06,2.534931344909684e-05,1.996860427759956e-05,calm
2004-01-07,2.41016612585361e-05,2.894911799578962e-05,calm
2004-01-08,2.2207375636675325e-05,3.1764671407365824e-05,calm
2004-01-09,2.0324264831864518e-05,6.887760581914288e-05,calm
2004-01-14,3.0279293674972374e-05,2.1453890090610127e-05,calm
2004-01-15,2.7001289303749022e-05,5.030325056194925e-05,calm
2004-01-16,2.5226980490757133e-05,3.557575245891007e-05,calm
2004-01-20,2.3163493317885434e-05,2.318480978541345e-05,calm
2004-01-21,2.2496359596719385e-05,3.622873754930808e-05,calm
2004-01-22,2.028341869344495e-05,3.344119684036042e-05,calm
2004-01-23,2.1873194247477067e-05,3.714446672730906e-05,calm
2004-01-26,2.4147611936979565e-05,2.9493382477689325e-05,calm
2004-01-27,2.1893821060155227e-05,2.8899870826598297e-05,calm
2004-01-28,3.51301401910513e-05,9.465898688401444e-05,calm
2004-01-29,5.1904747395867034e-05,8.060087997667982e-05,calm
2004-01-30,4.92607220813309e-05,5.2655363186854285e-05,calm
2004-02-02,4.737490296001155e-05,8.276496145781176e-05,calm
2004-02-03,4.374619059672137e-05,3.468135072140051e-05,calm
2004-02-04,4.414051868133331e-05,5.854818895978196e-05,calm
2004-02-05,5.449322010649915e-05,4.500600047418261e-05,calm
2004-02-06,5.099590017839776e-05,4.4750861202062913e-05,calm
2004-02-09,4.498695775168657e-05,1.758705003074006e-05,calm
2004-02-10,4.3327955559371965e-05,2.396465451835885e-05,calm
2004-02-11,4.047528901463156e-05,4.493386620434971e-05,calm
2004-02-12,3.5753613433473697e-05,2.165582981415501e-05,calm
2004-02-13,3.885763895734732e-05,4.805695896248099e-05,calm
2004-02-17,4.318046817632978e-05,4.373560722222403e-05,calm
2004-02-18,3.850790857222844e-05,1.7099794146549574e-05,calm
2004-02-19,4.26799052581393e-05,5.643173723016871e-05,calm
2004-02-20,4.5908834432109355e-05,4.8976177165165696e-05,calm
2004-02-23,4.816676050841869e-05,3.072271007076642e-05,calm
2004-02-24,4.969197601226893e-05,4.1801528184928e-05,calm
2004-02-25,5.0147534777082595e-05,1.814413350414673e-05,calm
2004-02-26,4.649969584240426e-05,1.812134613660537e-05,calm
2004-02-27,4.4778500087262986e-05,3.457720143099171e-05,calm
2004-03-01,4.311291051238102e-05,3.30084047095964e-05,calm
2004-03-02,3.80848179815301e-05,3.633605420624729e-05,calm
2004-03-03,4.412668287146751e-05,2.449546262963568e-05,calm
2004-03-04,4.195633673396713e-05,1.2639581072143253e-05,calm
2004-03-05,3.956107362295597e-05,0.0001092408875262,calm
2004-03-08,3.6984699340047817e-05,2.5753194154617617e-05,calm
2004-03-09,5.3182309640095194e-05,5.865012042754661e-05,calm
2004-03-10,5.673952902437691e-05,5.0182507177007154e-05,calm
2004-03-11,8.54970828903474e-05,0.0001092176859828,calm
2004-03-12,0.00010794452451340506,6.976664386808508e-05,calm
2004-03-15,9.464804397662695e-05,8.201414029738411e-05,calm
2004-03-16,0.00011603590197499751,8.455166175668443e-05,calm
2004-03-17,0.000106251610102448,4.4586957281568565e-05,calm
2004-03-18,9.400398420252447e-05,7.043889686593408e-05,calm
2004-03-19,8.97707121357422e-05,3.9519041663780586e-05,calm
2004-03-22,0.0001254445171033425,0.0001255501692582,calm
2004-03-23,0.00014906201232823166,6.745227909794062e-05,calm
2004-03-24,0.0001444856747895481,8.841276147938639e-05,calm
2004-03-25,0.00013643443306369434,6.424823288974736e-05,calm
2004-03-26,0.00011967117318576354,3.2835975217664794e-05,calm
2004-03-29,0.0001141815122192776,3.178590567856294e-05,calm
2004-03-30,9.924361410226264e-05,3.857241432637164e-05,calm
2004-03-31,9.285521866520055e-05,3.750687919434624e-05,calm
2004-04-01,8.862696167368891e-05,8.258610605993663e-05,calm
2004-04-05,8.131069371108003e-05,2.769297575464312e-05,calm
2004-04-06,7.488243450371876e-05,3.418841263492474e-05,calm
2004-04-07,7.73849969440397e-05,9.234176137282728e-05,calm
2004-04-12,7.844165392821312e-05,4.071674296421818e-05,calm
2004-04-13,7.32785298475042e-05,6.425772176980446e-05,calm
2004-04-14,9.590726453209273e-05,5.9177641799387486e-05,calm
2004-04-15,9.126586632546792e-05,3.233748624242546e-05,calm
2004-04-19,9.433374928857653e-05,4.292417009478386e-05,calm
2004-04-20,9.100165780383376e-05,5.630832095346389e-05,calm
2004-04-21,0.00012135744136574354,6.294623535973745e-05,calm
2004-04-22,0.00011095038528326649,3.0357593841097723e-05,calm
2004-04-26,9.637916257665348e-05,4.660480074811698e-05,calm
2004-04-27,9.51756933716497e-05,5.451483881392403e-05,calm
2004-04-28,9.124840282928259e-05,8.081043888820069e-05,calm
2004-04-29,0.00011246911649514147,9.538382372455228e-05,calm
2004-05-03,0.0001252541195009507,9.427150373557812e-05,calm
2004-05-04,0.00011155772906477974,3.836488845782484e-05,calm
2004-05-05,0.00010857659398362667,7.60281335211063e-05,calm
2004-05-06,9.959709981306045e-05,9.961025442733376e-05,calm
2004-05-10,0.00011175320420008876,4.024072319311001e-05,calm
2004-05-11,0.0001276604413763515,0.0001274551552618,calm
2004-05-12,0.00011557941152130661,8.209932131170614e-05,calm
2004-05-13,0.00010613710063189723,9.621926843907416e-05,calm
2004-05-17,0.00010955454362208066,3.9395953194299815e-05,calm
2004-05-18,0.00012157072973435692,9.86686537030104e-05,calm
2004-05-19,0.00011273213058440561,4.035178359879427e-05,calm
2004-05-20,0.00011454888618660405,4.179290790636993e-05,calm
2004-05-24,0.00010763107033285213,5.1230153682229495e-05,calm
2004-05-25,0.00010042472360750787,2.7863456427608657e-05,calm
2004-05-26,8.726279004929415e-05,5.251121758073374e-05,calm
2004-05-27,8.198145627069074e-05,1.2069237764693068e-05,calm
2004-06-01,7.566760617358242e-05,3.385568310187234e-05,calm
2004-06-02,7.500570504680751e-05,3.8072541896442985e-05,calm
2004-06-03,7.020703690987419e-05,6.317875897821396e-05,calm
2004-06-07,8.247867681943603e-05,2.672914921510409e-05,calm
2004-06-08,7.081701698195525e-05,2.046498510355124e-05,calm
2004-06-09,6.781875307634318e-05,1.821254634582509e-05,calm
2004-06-14,8.02013428943297e-05,6.083380699398143e-05,calm
2004-06-15,9.411121487329218e-05,1.517046656254418e-05,calm
2004-06-16,8.596412894027745e-05,2.073575942602274e-05,calm
2004-06-17,8.324690369543508e-05,2.381136068270356e-05,calm
2004-06-21,8.254727264023396e-05,2.6962590883066065e-05,calm
2004-06-22,8.548714191734741e-05,2.09011844040862e-05,calm
2004-06-23,7.919698216125889e-05,1.9973600548683364e-05,calm
2004-06-24,7.139167788153124e-05,1.902370532555758e-05,calm
2004-06-28,7.34388637374715e-05,1.5675630722967488e-05,calm
2004-06-29,7.582527836342067e-05,2.9324422786989645e-05,calm
2004-06-30,7.06273252135017e-05,4.558847742042023e-05,calm
2004-07-01,6.514050244234297e-05,2.965733230799156e-05,calm
2004-07-06,8.630443045179124e-05,1.8665553469806154e-05,calm
2004-07-07,9.817674569710974e-05,4.254086159008393e-05,calm
2004-07-08,9.235691270514097e-05,4.270728226870934e-05,calm
2004-07-12,0.00010074855394520956,8.971083163326272e-06,calm
2004-07-13,9.637029177082639e-05,6.267228165025885e-05,calm
2004-07-14,9.195075645184407e-05,2.9659089386180835e-05,calm
2004-07-15,9.293265033542428e-05,3.768872433914414e-05,calm
2004-07-19,0.00010007725271119317,3.930473556811868e-05,calm
2004-07-20,0.00010282459925963951,5.874017661897356e-05,calm
2004-07-21,9.114629754716334e-05,8.039336687104356e-05,calm
2004-07-22,0.00012488794394166115,5.332088284227309e-05,calm
2004-07-26,0.00011729530649298463,4.178087958711557e-05,calm
2004-07-27,0.00011537872247272682,7.185965149762403e-05,calm
2004-07-28,0.00010415939363246293,4.283496445307457e-05,calm
2004-07-29,9.778069474969663e-05,2.8759359970082107e-05,calm
2004-08-02,9.101807382782302e-05,2.559403484988062e-05,calm
2004-08-03,8.594611959989969e-05,4.649421378265179e-05,calm
2004-08-04,9.548472048468955e-05,5.089524964613041e-05,calm
2004-08-05,9.130858455078466e-05,9.310910478276804e-05,calm
2004-08-09,0.0001199226118677836,4.235918848575945e-05,calm
2004-08-10,0.00011340002461049864,0.000106615456384,calm
2004-08-11,0.00010056150974571127,5.057373518265611e-05,calm
2004-08-12,9.943061698849366e-05,4.433847293301378e-05,calm
2004-08-16,0.00011565530934867802,3.1006703684964066e-05,calm
2004-08-17,0.00010396922559549231,4.686626960269624e-05,calm
2004-08-18,9.60109843313911e-05,3.815873751643198e-05,calm
2004-08-19,8.617924119503335e-05,2.6390427188093405e-05,calm
2004-08-23,8.716720766018192e-05,3.4231125747722495e-05,calm
2004-08-24,8.740245972431514e-05,2.759731053481776e-05,calm
2004-08-25,8.290774178179678e-05,1.5073402594493956e-05,calm
2004-08-26,7.592243134458041e-05,9.574371923892922e-06,calm
2004-08-30,7.269033387232051e-05,2.8047606015009595e-05,calm
2004-08-31,8.295266380392693e-05,3.0425982182419896e-05,calm
2004-09-01,7.664706267340214e-05,1.9551714467397137e-05,calm
2004-09-02,7.231327076332261e-05,2.60606055105332e-05,calm
2004-09-07,6.457289719264482e-05,2.274243297806097e-05,calm
2004-09-08,5.9126065220934884e-05,3.1993060329525735e-05,calm
2004-09-09,5.9932554113994375e-05,2.897432488815208e-05,calm
2004-09-13,5.837979951398087e-05,1.434966281000752e-05,calm
2004-09-14,5.4512878678187884e-05,2.2377523033820985e-05,calm
2004-09-15,5.128823641788943e-05,1.2610326252627773e-05,calm
2004-09-16,5.999548021628006e-05,2.3171616920976163e-05,calm
2004-09-20,5.609630664931922e-05,1.5660752281588137e-05,calm
2004-09-21,6.227630935596935e-05,5.7548189795053e-05,calm
2004-09-22,5.772903075748723e-05,2.677975782617993e-05,calm
2004-09-23,7.59637148318007e-05,1.723573894888711e-05,calm
2004-09-27,8.107667694749458e-05,2.4010680108981e-05,calm
2004-09-28,8.793334404304858e-05,2.4855104597581503e-05,calm
2004-09-29,8.135509753282057e-05,2.8325689436875165e-05,calm
2004-09-30,7.519178148174064e-05,3.3225022488154e-05,calm
2004-10-04,7.238347534158916e-05,2.027711933198608e-05,calm
2004-10-05,6.814481483137086e-05,1.6897573713299464e-05,calm
2004-10-06,6.45471118905637e-05,1.61697043963027e-05,calm
2004-10-07,5.905946971095476e-05,2.955327722998703e-05,calm
2004-10-12,7.380056522272621e-05,4.373260934313432e-05,calm
2004-10-13,7.612122914223451e-05,2.6824084809833783e-05,calm
2004-10-14,8.750922537582552e-05,5.3230498235616505e-05,calm
2004-10-18,9.751106465528916e-05,3.3589967210355955e-05,calm
2004-10-19,9.049725637909737e-05,5.379510947431661e-05,calm
2004-10-20,0.00010117602976836317,5.0166302303134735e-05,calm
2004-10-21,9.87093302553515e-05,3.627708272348647e-05,calm
2004-10-25,9.050514618375645e-05,3.938181052507464e-05,calm
2004-10-26,8.713455046363151e-05,4.707750723028362e-05,calm
2004-10-27,7.745324206144598e-05,3.445948108293571e-05,calm
2004-10-28,6.935206847731038e-05,2.9219276576608413e-05,calm
2004-11-01,6.493111752435043e-05,1.543053972137845e-05,calm
2004-11-02,6.086372184981075e-05,4.7029373562063945e-05,calm
2004-11-03,5.784291408779507e-05,0.0002290475182417,calm
2004-11-04,5.162477235773072e-05,3.412224664175711e-05,calm
2004-11-05,4.56785633658846e-05,4.152233972752128e-05,calm
2004-11-08,4.196873181877578e-05,2.0279031954573085e-05,calm
2004-11-09,4.1837501620129724e-05,2.337577289797733e-05,calm
2004-11-10,4.231321734059556e-05,2.72746346160913e-05,calm
2004-11-11,4.031312594377969e-05,2.183518996113652e-05,calm
2004-11-12,3.6731205016973434e-05,1.4740762033689898e-05,calm
2004-11-15,3.341996184713475e-05,2.7330807067689407e-05,calm
2004-11-16,3.249271563410795e-05,2.4022032195980648e-05,calm
2004-11-17,3.973026665974852e-05,4.764547939475519e-05,calm
2004-11-18,3.6545803262025387e-05,1.807258079870548e-05,calm
2004-11-19,3.4720808016347956e-05,3.339072756184021e-05,calm
2004-11-22,4.806660917476082e-05,2.115910638294614e-05,calm
2004-11-23,4.4609138468436064e-05,2.8939995465948583e-05,calm
2004-11-24,4.235700330759835e-05,1.817375054347309e-05,calm
2004-11-26,3.996164762324869e-05,6.9294709887614594e-06,calm
2004-11-29,3.912709770932602e-05,4.976157720190865e-05,calm
2004-11-30,4.296662164428785e-05,2.999450821740443e-05,calm
2004-12-01,4.099608857329458e-05,3.0809521325215374e-05,calm
2004-12-02,3.654900902127248e-05,2.6607529168391093e-05,calm
2004-12-03,3.490067363399941e-05,4.964696746638946e-05,calm
2004-12-06,3.414846602140171e-05,2.327480025736807e-05,calm
2004-12-07,3.303117948123481e-05,3.7054910737959184e-05,calm
2004-12-08,4.3419334228221914e-05,2.5115345603359603e-05,calm
2004-12-09,3.995639995105766e-05,4.259258668109634e-05,calm
2004-12-10,3.734457544463916e-05,2.391305135215696e-05,calm
2004-12-13,3.557429691184164e-05,3.15896106008939e-05,calm
2004-12-14,3.213892800737302e-05,1.5006731717879218e-05,calm
2004-12-15,3.003176286966554e-05,2.323479493696384e-05,calm
2004-12-16,2.8694824884345078e-05,3.356420948135235e-05,calm
2004-12-17,2.8075343710296686e-05,4.728763038046928e-05,calm
2004-12-20,4.119971519252374e-05,4.61617722939268e-05,calm
2004-12-21,3.950486696242063e-05,2.2023389781050527e-05,calm
2004-12-22,3.5888846433153994e-05,1.7205482668070214e-05,calm
2004-12-23,3.3845300052854605e-05,1.1091437024996344e-05,calm
2004-12-27,3.2360355211582684e-05,2.833356309595392e-05,calm
2004-12-28,3.322078634829065e-05,1.9559380068330456e-05,calm
2004-12-29,3.0588671428819965e-05,7.845495953125145e-06,calm
2004-12-30,2.9036244768085813e-05,5.985971865798163e-06,calm
2004-12-31,2.9745903847104516e-05,8.034036374705617e-06,calm
2005-01-03,3.068276423518741e-05,4.5901741636569045e-05,calm
2005-01-04,3.454855006674099e-05,4.811579241064164e-05,calm
2005-01-05,4.977915796467327e-05,4.540723082624014e-05,calm
2005-01-06,5.713957169494973e-05,3.700410634180749e-05,calm
2005-01-07,5.277244686423295e-05,3.716516076401826e-05,calm
2005-01-10,5.212964927131751e-05,2.966732963089849e-05,calm
2005-01-11,4.827745059790091e-05,2.9697495360681423e-05,calm
2005-01-12,5.549730843050893e-05,5.238506417245631e-05,calm
2005-01-13,5.1839288373391426e-05,2.5234357658269245e-05,calm
2005-01-14,6.091736320537566e-05,2.4280475471344816e-05,calm
2005-01-18,5.623617372217925e-05,2.4500495574137305e-05,calm
2005-01-19,5.0528490217436897e-05,1.9493173782438938e-05,calm
2005-01-20,6.376698972441406e-05,5.444340367375013e-05,calm
2005-01-21,6.988871285522702e-05,3.761664613891408e-05,calm
2005-01-24,7.601384917506756e-05,4.570744942282567e-05,calm
2005-01-25,7.5035909485347e-05,3.6899261144152046e-05,calm
2005-01-26,7.017097680444611e-05,3.8513412579391965e-05,calm
2005-01-27,6.562953132385596e-05,2.1584324942661908e-05,calm
2005-01-28,6.18875762183971e-05,2.993117401109172e-05,calm
2005-01-31,5.900707202401475e-05,4.431068050828149e-05,calm
2005-02-01,5.4280158598754445e-05,1.4798225701036466e-05,calm
2005-02-02,4.9894644349494524e-05,1.9513862026098592e-05,calm
2005-02-03,4.678066605619944e-05,2.469461371866069e-05,calm
2005-02-04,4.780768149654212e-05,1.8313395349065035e-05,calm
2005-02-07,4.2949069910230516e-05,1.1611466095387856e-05,calm
2005-02-08,4.259027317617077e-05,1.3232728308288593e-05,calm
2005-02-09,4.046132481850089e-05,2.573482651804878e-05,calm
2005-02-10,4.8061333021295435e-05,2.4809935186810416e-05,calm
2005-02-11,4.489507009774218e-05,3.52411713032392e-05,calm
2005-02-14,4.0738827355797136e-05,8.127278889610916e-06,calm
2005-02-15,3.9782580937038065e-05,1.4845581397811394e-05,calm
2005-02-16,3.7137660211648135e-05,2.019044949548738e-05,calm
2005-02-17,3.542034805099883e-05,2.5371439544972893e-05,calm
2005-02-18,4.363720842853102e-05,1.6333220822757518e-05,calm
2005-02-22,4.137223759713001e-05,3.854942116817373e-05,calm
2005-02-23,6.124491625925476e-05,3.4154610296020106e-05,calm
2005-02-24,5.60566758649714e-05,3.543161090446478e-05,calm
2005-02-25,5.144752431745823e-05,2.27423891499525e-05,calm
2005-02-28,4.63255885740406e-05,2.9104739696092604e-05,calm
2005-03-01,5.285581972415761e-05,2.795330027000681e-05,calm
2005-03-02,4.897043929131281e-05,5.0283135564015925e-05,calm
2005-03-03,4.7396684144405615e-05,3.476102448657902e-05,calm
2005-03-04,4.529887429097616e-05,3.558380653537219e-05,calm
2005-03-07,4.013843014607637e-05,1.6634682415824848e-05,calm
2005-03-08,3.8430601696629746e-05,2.1564919077918577e-05,calm
2005-03-09,4.1100800842598965e-05,3.612923278728716e-05,calm
2005-03-10,5.42064056577696e-05,3.912634524845677e-05,calm
2005-03-11,5.110071140502369e-05,4.1900997244965184e-05,calm
2005-03-14,5.8321696635856436e-05,2.455732000593863e-05,calm
2005-03-15,5.3649369002867596e-05,2.7189369947552305e-05,calm
2005-03-16,6.286759868426673e-05,3.5446681546016244e-05,calm
2005-03-17,7.275883611227867e-05,2.198304963572684e-05,calm
2005-03-18,6.846883861843885e-05,2.9838831792945063e-05,calm
2005-03-21,7.56256141177075e-05,3.986068960539432e-05,calm
2005-03-22,7.746561946746654e-05,5.4828154501861945e-05,calm
2005-03-23,9.066653814018578e-05,3.629022295562797e-05,calm
2005-03-24,8.563954514156765e-05,3.007413768403363e-05,calm
2005-03-28,8.086094351125156e-05,3.997856429236904e-05,calm
2005-03-29,7.63099830440893e-05,3.314672438760096e-05,calm
2005-03-30,8.291310283373962e-05,2.339500531760073e-05,calm
2005-03-31,7.391195230542082e-05,7.812622258153005e-05,calm
2005-04-04,7.30039831127183e-05,2.999979125429709e-05,calm
2005-04-05,6.894539316159892e-05,3.059247858653413e-05,calm
2005-04-06,6.407098839838319e-05,1.9685348575702457e-05,calm
2005-04-07,5.9980188508647235e-05,2.0843878319823105e-05,calm
2005-04-11,5.5560626376177424e-05,4.612551477471924e-05,calm
2005-04-12,5.289484118803336e-05,3.5082507729446465e-05,calm
2005-04-13,4.9045984842504655e-05,5.496686708050335e-05,calm
2005-04-14,6.334778973368463e-05,7.690490710534502e-05,calm
2005-04-18,8.089881360908135e-05,4.662886915754695e-05,calm
2005-04-19,7.57903447330592e-05,6.187588958799296e-05,calm
2005-04-20,6.934691049647175e-05,9.899925296468038e-05,calm
2005-04-21,8.903089770284874e-05,8.387154474053629e-05,calm
2005-04-25,7.775992950270393e-05,4.090027441636769e-05,calm
2005-04-26,7.15268240651042e-05,6.019719051789494e-05,calm
2005-04-27,8.364579910464238e-05,5.632380158684504e-05,calm
2005-04-28,7.79788915372577e-05,8.969823386297989e-05,calm
2005-05-02,9.573778834228995e-05,8.435956105689265e-05,calm
2005-05-03,8.846517353665273e-05,4.082708713099356e-05,calm
2005-05-04,8.340254467628236e-05,6.433774512715805e-05,calm
2005-05-05,7.634485881119379e-05,3.8724063986449417e-05,calm
2005-05-09,7.319594214516525e-05,5.877995875066447e-05,calm
2005-05-10,6.752170580902014e-05,4.273662622014396e-05,calm
2005-05-11,8.042353258672673e-05,4.763067827268298e-05,calm
2005-05-12,7.448295426427126e-05,8.026906814221484e-05,calm
2005-05-16,8.883987548834905e-05,3.313599100492888e-05,calm
2005-05-17,8.075995309097042e-05,4.315829224971817e-05,calm
2005-05-18,7.433488759022789e-05,2.511539532305968e-05,calm
2005-05-19,6.712493388255831e-05,2.051845986491614e-05,calm
2005-05-23,6.26211250016086e-05,2.849458714009533e-05,calm
2005-05-24,5.796627992791462e-05,1.923418569807457e-05,calm
2005-05-25,5.848423432561002e-05,1.896315609791601e-05,calm
2005-05-26,5.693523343596115e-05,6.953594843349292e-06,calm
2005-05-31,5.276159405024496e-05,4.6049230549069547e-05,calm
2005-06-01,5.890345920630405e-05,2.1572037012082583e-05,calm
2005-06-02,5.353936207381521e-05,2.600903120366915e-05,calm
2005-06-06,5.0662491676289123e-05,3.879277790136503e-05,calm
2005-06-07,4.967114026277396e-05,1.908267867937516e-05,calm
2005-06-08,4.7485529083968033e-05,3.383439282639542e-05,calm
2005-06-09,4.767897108900053e-05,1.849932983329848e-05,calm
2005-06-13,4.4306150075128654e-05,2.0947875074852103e-05,calm
2005-06-14,4.1613958055231966e-05,3.092141533222931e-05,calm
2005-06-15,3.930602511373434e-05,1.7812457179554253e-05,calm
2005-06-16,3.722431887448073e-05,3.0575434205190355e-05,calm
2005-06-20,3.5054300909332384e-05,1.8882020747211664e-05,calm
2005-06-21,3.356936300277427e-05,3.133421211333544e-05,calm
2005-06-22,3.2040553205326734e-05,3.825981399979101e-05,calm
2005-06-23,3.047449552305278e-05,2.4366261268762982e-05,calm
2005-06-27,4.7195366687800395e-05,1.791375935592916e-05,calm
2005-06-28,4.48886912927119e-05,1.6968793232364282e-05,calm
2005-06-29,4.067923005997986e-05,3.111782425387137e-05,calm
2005-06-30,4.1991507244162504e-05,3.2985587000091137e-05,calm
2005-07-05,4.660824420430441e-05,2.2667685602973467e-05,calm
2005-07-06,4.2360091497704976e-05,8.381835669036773e-05,calm
2005-07-07,5.091064678201123e-05,2.0852249796776843e-05,calm
2005-07-11,4.7578346001252474e-05,2.2023717503727743e-05,calm
2005-07-12,4.4094949349497935e-05,1.4936253059586477e-05,calm
2005-07-13,4.1586683424535684e-05,4.8912138019135416e-05,calm
2005-07-14,3.9591725486048163e-05,1.2216940879486834e-05,calm
2005-07-18,3.696377481414258e-05,3.368803054471808e-05,calm
2005-07-19,3.979467372546251e-05,3.06600303744555e-05,calm
2005-07-20,3.673647608728118e-05,5.317992325315859e-05,calm
2005-07-21,3.441527953437575e-05,2.015624366034149e-05,calm
2005-07-25,3.935456151827328e-05,2.249484137344417e-05,calm
2005-07-26,4.0850656768145894e-05,1.9861688987419822e-05,calm
2005-07-27,3.889719345071091e-05,2.0693676357483468e-05,calm
2005-07-28,3.636492678126019e-05,1.5163854141479549e-05,calm
2005-08-01,3.335765445812441e-05,1.2862996648590173e-05,calm
2005-08-02,3.276036998985456e-05,1.2566415835997024e-05,calm
2005-08-03,3.0091405163546685e-05,1.613325908824546e-05,calm
2005-08-04,2.831740341563785e-05,1.958530009370837e-05,calm
2005-08-08,3.5624867241975597e-05,3.086216032325034e-05,calm
2005-08-09,3.612084951419801e-05,4.6928743703113045e-05,calm
2005-08-10,3.319804806617059e-05,3.3728975472054104e-05,calm
2005-08-11,3.237672663609323e-05,2.8574747264927967e-05,calm
2005-08-15,3.0174497468012306e-05,2.96828932659976e-05,calm
2005-08-16,2.7667356322810584e-05,3.0370486727722663e-05,calm
2005-08-17,4.147702464283937e-05,2.700724558616188e-05,calm
2005-08-18,3.9931247648424446e-05,1.8581822715203723e-05,calm
2005-08-22,3.846019859242045e-05,2.179799532853289e-05,calm
2005-08-23,3.7006076072624794e-05,3.658470099731825e-05,calm
2005-08-24,3.745323783004397e-05,1.5997436972118984e-05,calm
2005-08-25,4.63066168376573e-05,3.063198071331879e-05,calm
2005-08-29,4.333935710622105e-05,5.07387240882254e-05,calm
2005-08-30,3.9526551225832355e-05,5.462548502244964e-05,calm
2005-08-31,4.377344363615557e-05,5.610150949666649e-05,calm
2005-09-01,3.878869021056935e-05,2.281686464852555e-05,calm
2005-09-06,3.804834482958039e-05,1.6159575246402022e-05,calm
2005-09-07,3.375568220086113e-05,1.972800316256676e-05,calm
2005-09-08,3.209004062073703e-05,1.8209318336989488e-05,calm
2005-09-12,3.415897379603175e-05,2.356127647573038e-05,calm
2005-09-13,3.486788231940838e-05,2.453604912012196e-05,calm
2005-09-14,3.940456843576798e-05,3.164011968956482e-05,calm
2005-09-15,4.1781617907532716e-05,2.7880285094037205e-05,calm
2005-09-19,4.064063366567799e-05,3.740111023942561e-05,calm
2005-09-20,4.260886534042399e-05,3.457724285097569e-05,calm
2005-09-21,5.106777494835064e-05,5.148428271294945e-05,calm
2005-09-22,6.127260022813552e-05,2.466406603103198e-05,calm
2005-09-26,5.731528576112226e-05,3.200960538273306e-05,calm
2005-09-27,5.4451004263961875e-05,2.598506303239372e-05,calm
2005-09-28,5.23778328606726e-05,4.144167384861928e-05,calm
2005-09-29,4.98547168639347e-05,1.9014888745876485e-05,calm
2005-10-03,4.545364537333284e-05,3.759356113683181e-05,calm
2005-10-04,4.7617010317357e-05,5.848447156697858e-05,calm
2005-10-05,6.0408397373769776e-05,0.0001003484682485,calm
2005-10-06,7.740598768244791e-05,4.514731813742246e-05,calm
2005-10-10,7.888775483601339e-05,5.726968858401061e-05,calm
2005-10-11,8.831701160548331e-05,7.76256646249013e-05,calm
2005-10-12,8.601295612209772e-05,9.162665707017618e-05,calm
2005-10-13,9.436392752399613e-05,6.765931071258134e-05,calm
2005-10-17,9.043731230629767e-05,3.0089507799808705e-05,calm
2005-10-18,8.44722463092989e-05,7.918817896031006e-05,calm
2005-10-19,9.813505035144092e-05,9.591824121340194e-05,calm
2005-10-20,8.718894286132148e-05,8.151648544295895e-05,calm
2005-10-24,0.00011533748986485195,4.71695635441993e-05,calm
2005-10-25,0.00010277574658076615,6.579726674142392e-05,calm
2005-10-26,0.00010078589596740486,3.3405306250097035e-05,calm
2005-10-27,0.0001004861963429323,7.62132467527258e-05,calm
2005-10-31,0.00011442891866256497,3.806864662807372e-05,calm
2005-11-01,0.00010725388034920668,2.071472277347303e-05,calm
2005-11-02,0.00010053702715293049,2.78925007247656e-05,calm
2005-11-03,9.119644530363026e-05,3.846580900875449e-05,calm
2005-11-04,8.511588849444936e-05,3.145858659111887e-05,calm
2005-11-07,8.308167256917181e-05,2.405023865787716e-05,calm
2005-11-08,7.894957989134815e-05,2.551137965097868e-05,calm
2005-11-09,7.545418903786579e-05,2.5009885733389208e-05,calm
2005-11-10,7.159647047492574e-05,4.20688067707311e-05,calm
2005-11-11,6.566606678573279e-05,5.921464730879728e-06,calm
2005-11-14,6.1636553974748e-05,1.5318954687525145e-05,calm
2005-11-15,5.959621343070779e-05,2.532872748613692e-05,calm
2005-11-16,6.153136370638111e-05,2.319535882927661e-05,calm
2005-11-17,5.811899682980773e-05,2.2121223384277625e-05,calm
2005-11-18,5.288489750242148e-05,2.884746034356546e-05,calm
2005-11-21,4.944236227402632e-05,1.5727193075837816e-05,calm
2005-11-22,4.592147427337617e-05,2.136779765765257e-05,calm
2005-11-23,4.2819396472270695e-05,1.3935917524098171e-05,calm
2005-11-25,3.957065936064728e-05,5.292996952738535e-06,calm
2005-11-28,3.769462100286529e-05,1.6452394237746657e-05,calm
2005-11-29,4.402222317824487e-05,3.336847674191574e-05,calm
2005-11-30,4.327135048525065e-05,3.0834080480860925e-05,calm
2005-12-01,4.755635439513273e-05,4.791793888147823e-05,calm
2005-12-02,4.302063880337311e-05,1.310105167709827e-05,calm
2005-12-05,4.0877911702282796e-05,1.920120215506316e-05,calm
2005-12-06,4.134320465082271e-05,3.2799740667172914e-05,calm
2005-12-07,3.906785879020237e-05,2.8351917133695523e-05,calm
2005-12-08,4.3866500020692857e-05,4.0919003996538864e-05,calm
2005-12-09,4.2530438624389184e-05,2.210568464310617e-05,calm
2005-12-12,3.9967900289808874e-05,2.0975064420046447e-05,calm
2005-12-13,3.79077789420953e-05,2.5940166378021988e-05,calm
2005-12-14,3.486938253738208e-05,1.9782026586472794e-05,calm
2005-12-15,3.250078781555452e-05,2.1261330076920137e-05,calm
2005-12-16,3.3857955809280015e-05,2.079832551752129e-05,calm
2005-12-19,4.1973321040335754e-05,2.0906488258439613e-05,calm
2005-12-20,4.59598703118981e-05,1.700886300234145e-05,calm
2005-12-21,4.360263280723517e-05,3.322462060617423e-05,calm
2005-12-22,4.119089488890283e-05,1.4802547841585071e-05,calm
2005-12-23,3.81695209961722e-05,6.242016936010334e-06,calm
2005-12-27,3.627540426998498e-05,3.080193763460183e-05,calm
2005-12-28,4.693662256278047e-05,1.3347128501126844e-05,calm
2005-12-29,4.419163577166341e-05,1.5030119589318696e-05,calm
2005-12-30,4.7273448051916674e-05,2.7625515164712065e-05,calm
2006-01-03,5.1618983737209286e-05,6.550958226986926e-05,calm
2006-01-04,4.553288851396781e-05,2.99964857988114e-05,calm
2006-01-05,4.232784060639147e-05,2.00727538030809e-05,calm
2006-01-06,4.033642458732296e-05,5.783084066735448e-05,calm
2006-01-09,3.673157724645336e-05,1.2946303918073402e-05,calm
2006-01-10,3.459304340934391e-05,2.454498754089105e-05,calm
2006-01-11,3.291308026058466e-05,1.9371220562194148e-05,calm
2006-01-12,3.084902938052993e-05,1.3941632730994012e-05,calm
2006-01-13,3.342833019990324e-05,1.803288757845814e-05,calm
2006-01-17,3.285341927349447e-05,2.525145744680113e-05,calm
2006-01-18,3.410047717452615e-05,3.1789174910290275e-05,calm
2006-01-19,3.670088153205279e-05,2.2086407803363955e-05,calm
2006-01-20,3.423790163590909e-05,4.164286758383666e-05,calm
2006-01-23,5.762253296816348e-05,2.390481474959569e-05,calm
2006-01-24,5.388476040889987e-05,2.696126189647672e-05,calm
2006-01-25,5.115682035607648e-05,6.032708418760052e-05,calm
2006-01-26,4.8640948409033886e-05,5.4023824152919454e-05,calm
2006-01-27,4.5024373935336716e-05,2.657714534350269e-05,calm
2006-01-30,4.080574260678704e-05,1.0909909929678137e-05,calm
2006-01-31,3.988012247892205e-05,2.715620021860394e-05,calm
2006-02-01,4.660121105933592e-05,3.478004094315291e-05,calm
2006-02-02,4.278517813072055e-05,4.0408698199216375e-05,calm
2006-02-03,5.5724080102803355e-05,5.241333903434699e-05,calm
2006-02-06,5.952990168293672e-05,2.243148605695374e-05,calm
2006-02-07,5.5976325318664044e-05,4.118616951794815e-05,calm
2006-02-08,6.544271774351894e-05,1.9398040215845905e-05,calm
2006-02-09,5.961345541768834e-05,2.2015184183145293e-05,calm
2006-02-10,5.88938786545011e-05,4.1278649442193335e-05,calm
2006-02-13,5.5656306953572434e-05,2.178121159393728e-05,calm
2006-02-14,5.531159523118827e-05,2.7002608132455776e-05,calm
2006-02-15,4.995091312361517e-05,4.136803863061303e-05,calm
2006-02-16,4.6815382822761235e-05,1.288318362253558e-05,calm
2006-02-17,4.2874874298776514e-05,1.078149890078717e-05,calm
2006-02-21,4.4017134348224476e-05,2.613943204010344e-05,calm
2006-02-22,4.486753196518108e-05,1.8268895804869863e-05,calm
2006-02-23,4.14231101777812e-05,2.755517345759565e-05,calm
2006-02-24,4.122320033518618e-05,1.349439143439122e-05,calm
2006-02-27,3.887973581304779e-05,1.580164274883552e-05,calm
2006-02-28,3.7204811525430987e-05,3.50421813868333e-05,calm
2006-03-01,4.6528177114416035e-05,1.695468786804152e-05,calm
2006-03-02,4.229253979645252e-05,3.0247823247216044e-05,calm
2006-03-03,4.058373032519695e-05,3.851043258183827e-05,calm
2006-03-06,4.394087307015233e-05,2.638660774327473e-05,calm
2006-03-07,4.722679025032626e-05,3.0281178682311728e-05,calm
2006-03-08,4.688029347619992e-05,3.260250452562999e-05,calm
2006-03-09,4.429352937048903e-05,1.879239112449381e-05,calm
2006-03-10,5.020296546771729e-05,3.3172003336672044e-05,calm
2006-03-13,4.558720198303267e-05,1.8379906091064248e-05,calm
2006-03-14,4.3152141537889715e-05,1.7343582482868603e-05,calm
2006-03-15,3.887803948949824e-05,1.4774229330184016e-05,calm
2006-03-16,3.623207510939228e-05,2.078524109804008e-05,calm
2006-03-17,3.429746560435771e-05,1.1901484888850126e-05,calm
2006-03-20,3.597964935187857e-05,1.6749856394326092e-05,calm
2006-03-21,3.606447793960013e-05,2.4461627228568748e-05,calm
2006-03-22,4.125630161585042e-05,1.8461006909594467e-05,calm
2006-03-23,3.806860248140042e-05,1.883971043070543e-05,calm
2006-03-24,3.8563866545021235e-05,1.7053066159512233e-05,calm
2006-03-27,3.678528212277654e-05,3.095024450966714e-05,calm
2006-03-28,3.6656226049819545e-05,2.4142056492579336e-05,calm
2006-03-29,4.1692373310018125e-05,3.858341530803866e-05,calm
2006-03-30,3.843849331466131e-05,2.455841313999867e-05,calm
2006-04-03,3.857140480481962e-05,2.7103277161483296e-05,calm
2006-04-04,3.765020568963582e-05,2.5010793987869663e-05,calm
2006-04-05,3.467990642123128e-05,2.431446065117456e-05,calm
2006-04-06,3.249579103708869e-05,4.921028090193077e-05,calm
2006-04-10,3.2084004556335716e-05,4.039460873516393e-05,calm
2006-04-11,3.0411267603976526e-05,2.017601665360685e-05,calm
2006-04-12,3.799264631277818e-05,2.3542130582969885e-05,calm
2006-04-17,3.5932306202544786e-05,5.889939146255047e-05,calm
2006-04-18,3.4710773277128654e-05,3.358045596543012e-05,calm
2006-04-19,3.062140815229824e-05,3.70580299545061e-05,calm
2006-04-20,2.9016490432952192e-05,2.884519803163854e-05,calm
2006-04-24,2.7598656360524348e-05,3.06228595817359e-05,calm
2006-04-25,2.8075792055820824e-05,4.206147676224752e-05,calm
2006-04-26,3.0716912087261134e-05,0.0001157893059911,calm
2006-04-27,2.942998487759234e-05,2.395760681170949e-05,calm
2006-05-01,2.7310732377212117e-05,2.6729858019605345e-05,calm
2006-05-02,3.42556559772076e-05,2.253747380875809e-05,calm
2006-05-03,3.1300690284913866e-05,1.9101556159692538e-05,calm
2006-05-04,3.358211033486573e-05,3.581759893345211e-05,calm
2006-05-08,3.1438988598190214e-05,5.2811202004674094e-06,calm
2006-05-09,3.125013977739161e-05,2.545807792597465e-05,calm
2006-05-10,2.957294935612006e-05,3.4688910732961645e-05,calm
2006-05-11,2.8810778931878088e-05,7.03465158033034e-05,calm
2006-05-15,4.081492153141398e-05,2.967451301973849e-05,calm
2006-05-16,3.859785039700563e-05,8.62964180647739e-05,calm
2006-05-17,3.841747251635008e-05,5.775689710853748e-05,calm
2006-05-18,6.309046269572248e-05,8.85207010353377e-05,calm
2006-05-22,6.683443263995615e-05,7.474737073904105e-05,calm
2006-05-23,7.45287237224653e-05,0.0001568220245815,calm
2006-05-24,8.223425355213237e-05,4.735913249411477e-05,calm
2006-05-25,7.53331193512284e-05,1.4269276366805604e-05,calm
2006-05-30,6.783610973280296e-05,6.797333263303817e-05,calm
2006-05-31,9.495628374671717e-05,4.05155030058163e-05,calm
2006-06-01,8.591085232393469e-05,5.4485833040060406e-05,calm
2006-06-05,7.80831036910417e-05,9.813495007227456e-05,calm
2006-06-06,9.982586003329693e-05,6.42049480740768e-05,calm
2006-06-07,9.81508358438534e-05,0.0001609976568298,calm
2006-06-08,0.00010584387456961528,5.848441991708481e-05,calm
2006-06-12,0.00010130616244667641,0.0001551810673886,calm
2006-06-13,0.00011571608497088879,8.929928043441164e-05,calm
2006-06-14,0.00013205070055770517,6.837686572454833e-05,calm
2006-06-15,0.00012095669012443764,4.456046311560157e-05,calm
2006-06-19,0.00010650223745257352,4.161435722005943e-05,calm
2006-06-20,0.00011497064804081725,3.980550592975142e-05,calm
2006-06-21,0.0001070767270259013,3.907099249013956e-05,calm
2006-06-22,9.824540202707091e-05,5.182735232282784e-05,calm
2006-06-26,0.00010041253382682038,3.15743620689587e-05,calm
2006-06-27,9.337978724370474e-05,2.969139376904296e-05,calm
2006-06-28,0.00010328774206943422,9.942451819995536e-05,calm
2006-06-29,9.512930814244432e-05,2.5934256244406105e-05,calm
2006-07-05,8.292797990021265e-05,2.973056588367171e-05,calm
2006-07-06,8.774652624757992e-05,3.229603863295765e-05,calm
2006-07-10,8.225111976141664e-05,3.95611976834746e-05,calm
2006-07-11,7.756966413348756e-05,2.916054476288056e-05,calm
2006-07-12,7.22686758309327e-05,5.791651198532688e-05,calm
2006-07-13,8.53661067314477e-05,7.669155188587427e-05,calm
2006-07-17,0.00011017947005608115,7.751915591055189e-05,calm
2006-07-18,0.00010675628297065096,8.937524434491545e-05,calm
2006-07-19,9.902838656404735e-05,3.443352985324364e-05,calm
2006-07-20,8.848855454962909e-05,7.415385800959147e-05,calm
2006-07-24,9.519984596389221e-05,5.6479841502276246e-05,calm
2006-07-25,8.347364836052474e-05,4.4996953590506045e-05,calm
2006-07-26,7.801932896627094e-05,5.98007417014539e-05,calm
2006-07-27,7.382539731222952e-05,5.050025682248678e-05,calm
2006-07-31,7.167886795878892e-05,3.4875652513479095e-05,calm
2006-08-01,6.975650448965555e-05,4.157416794592438e-05,calm
2006-08-02,7.354219694145286e-05,5.576825352845317e-05,calm
2006-08-03,6.769079018370524e-05,4.629293118546689e-05,calm
2006-08-07,6.37185224397722e-05,7.044880302316272e-05,calm
2006-08-08,6.394015362316653e-05,7.272535548833909e-05,calm
2006-08-09,6.61974721963524e-05,4.60069380914304e-05,calm
2006-08-10,6.775750349850036e-05,2.346482587576496e-05,calm
2006-08-14,6.360640880028338e-05,6.035608618960762e-05,calm
2006-08-15,6.049308311765749e-05,2.03979011558099e-05,calm
2006-08-16,5.405128934617971e-05,1.7628337647109112e-05,calm
2006-08-17,4.9181533421318044e-05,1.5944874786718075e-05,calm
2006-08-21,4.6339144627799345e-05,1.79286418692486e-05,calm
2006-08-22,4.937103167054488e-05,1.713952015572996e-05,calm
2006-08-23,4.730380625210971e-05,2.274404560423668e-05,calm
2006-08-24,4.8440534664594e-05,1.481886371278123e-05,calm
2006-08-28,4.7248559732352975e-05,1.8437567600561787e-05,calm
2006-08-29,4.3824285199701636e-05,1.591014999393216e-05,calm
2006-08-30,4.157614463168726e-05,8.65709378512243e-06,calm
2006-08-31,3.9553228512103986e-05,2.6818486129431844e-05,calm
2006-09-05,3.7847053745791426e-05,2.255588632588384e-05,calm
2006-09-06,3.560529339265243e-05,3.645449597785752e-05,calm
2006-09-07,4.451730758411516e-05,1.77815129335666e-05,calm
2006-09-11,4.79211424569419e-05,2.016111071276435e-05,calm
2006-09-12,4.540357858313745e-05,1.2830292710308151e-05,calm
2006-09-13,4.0976223553557544e-05,1.3596267154475135e-05,calm
2006-09-14,3.81281670231685e-05,2.812030605765717e-05,calm
2006-09-18,3.640180801362082e-05,1.9445172853326387e-05,calm
2006-09-19,3.440460759087347e-05,3.690597187038145e-05,calm
2006-09-20,3.535570960164224e-05,3.333717340972816e-05,calm
2006-09-21,3.259620427611862e-05,1.849905728730936e-05,calm
2006-09-25,3.623999958867031e-05,2.887975121088769e-05,calm
2006-09-26,3.3002207442999146e-05,3.2985468982108414e-05,calm
2006-09-27,2.9943305512898526e-05,1.6545772860181013e-05,calm
2006-09-28,2.837833673763605e-05,1.0293680786142047e-05,calm
2006-10-02,2.7422045400963834e-05,2.459948531719992e-05,calm
2006-10-03,2.9807525949989714e-05,2.021121121287753e-05,calm
2006-10-04,2.8029928264246823e-05,1.3167416455492236e-05,calm
2006-10-05,2.511178540542258e-05,3.344378818346737e-05,calm
2006-10-09,2.367704645094595e-05,1.3741346810826676e-05,calm
2006-10-10,2.2552520029419896e-05,2.6617363814731348e-05,calm
2006-10-11,2.132683958353504e-05,1.7547872528740184e-05,calm
2006-10-12,2.1333949027046992e-05,9.480284530419702e-06,calm
2006-10-16,1.9404022489229404e-05,2.1669666464013374e-05,calm
2006-10-17,1.831719073724537e-05,4.960183098900495e-05,calm
2006-10-18,2.0073813408064397e-05,1.3102452103515802e-05,calm
2006-10-19,1.8993764822463634e-05,7.90081222346207e-06,calm
2006-10-23,1.791135462820605e-05,2.762893771212448e-05,calm
2006-10-24,1.6537128273107716e-05,2.645585013212175e-05,calm
2006-10-25,1.5412642456845177e-05,2.3009711979618304e-05,calm
2006-10-26,1.4317069570407991e-05,3.3174159319324787e-05,calm
2006-10-30,1.3317342505976412e-05,1.400395233979828e-05,calm
2006-10-31,1.3216057139923081e-05,2.593756798935709e-05,calm
2006-11-01,1.2729261352016285e-05,2.2409210064207608e-05,calm
2006-11-02,1.7857104797506344e-05,1.907591747092852e-05,calm
2006-11-03,1.757194098460441e-05,3.84824497741386e-05,calm
2006-11-06,1.8199473164620793e-05,2.575225841074673e-05,calm
2006-11-07,1.6266403736644448e-05,1.9582880941686183e-05,calm
2006-11-08,1.5096505168060428e-05,4.010187070325331e-05,calm
2006-11-09,1.4198959245288922e-05,2.481675346570893e-05,calm
2006-11-10,1.776079887817464e-05,1.5874688052641962e-05,calm
2006-11-13,1.7016111319000114e-05,1.5851757550240773e-05,calm
2006-11-14,1.5979527937609283e-05,3.682463489218845e-05,calm
2006-11-15,1.4469055365665848e-05,1.429141470808222e-05,calm
2006-11-16,1.3527978799283655e-05,2.051446661559993e-05,calm
2006-11-17,1.2671785226636716e-05,2.3658367242021745e-05,calm
2006-11-20,1.21542916837057e-05,1.698261692727839e-05,calm
2006-11-21,1.1613514534798105e-05,7.919128775626147e-06,calm
2006-11-22,1.1034733138185248e-05,1.2395649020698937e-05,calm
2006-11-24,1.0362559321042769e-05,2.918951148667347e-05,calm
2006-11-27,1.273639207845134e-05,3.784938065208794e-05,calm
2006-11-28,2.5841436837041677e-05,4.007236225495033e-05,calm
2006-11-29,2.3982325451181038e-05,4.1322339703193765e-05,calm
2006-11-30,2.154067083662807e-05,5.123420871721887e-05,calm
2006-12-01,2.05956471311431e-05,5.7338192957518384e-05,calm
2006-12-04,2.162206513516668e-05,2.327657097184121e-05,calm
2006-12-05,1.9661082892496426e-05,2.1846295878807715e-05,calm
2006-12-06,1.8224165309995456e-05,9.790503918683016e-06,calm
2006-12-07,1.8187262872687905e-05,2.341876127661348e-05,calm
2006-12-08,2.112934696444405e-05,2.109560165167e-05,calm
2006-12-11,1.9965801142444762e-05,8.6464042193481e-06,calm
2006-12-12,1.8707398150731357e-05,2.478747087996112e-05,calm
2006-12-13,1.8629552721777964e-05,2.62868027670106e-05,calm
2006-12-14,1.7766048471738642e-05,2.005888547004301e-05,calm
2006-12-15,1.6006957477107205e-05,1.9756140469778264e-05,calm
2006-12-18,1.9867088627665955e-05,1.2583725798421445e-05,calm
2006-12-19,2.1354321581573676e-05,3.028768990137271e-05,calm
2006-12-20,2.0171939298743407e-05,7.206939785982116e-06,calm
2006-12-21,1.9881526817521012e-05,1.9571446912611223e-05,calm
2006-12-22,2.216906675993046e-05,2.118569427641668e-05,calm
2006-12-26,2.6985969591504483e-05,6.508273715781892e-06,calm
2006-12-27,2.4797436883752347e-05,2.118140642885569e-05,calm
2006-12-28,2.2694826302072074e-05,1.0933785934001245e-05,calm
2006-12-29,2.3593056560779924e-05,2.253133446825217e-05,calm
2007-01-03,2.6410324907714556e-05,4.506079774052098e-05,calm
2007-01-04,2.692417118070728e-05,4.229880145404546e-05,calm
2007-01-05,2.538621477577815e-05,3.960850137609532e-05,calm
2007-01-08,3.247330590568891e-05,3.369348123099182e-05,calm
2007-01-09,3.00746173185102e-05,3.114137600355407e-05,calm
2007-01-10,2.9621976321084925e-05,2.8498001912115327e-05,calm
2007-01-11,2.7689254663093265e-05,1.5174741643015502e-05,calm
2007-01-12,2.5694493942646484e-05,1.298669968860314e-05,calm
2007-01-16,2.3361035051924127e-05,1.4157693272464276e-05,calm
2007-01-17,2.412727354956285e-05,2.2365817187239105e-05,calm
2007-01-18,2.312358263877791e-05,2.494821111320507e-05,calm
2007-01-19,2.514160760089818e-05,1.1403669752408372e-05,calm
2007-01-22,2.37792901190052e-05,1.830673551002677e-05,calm
2007-01-23,2.553766337108036e-05,1.907113262541366e-05,calm
2007-01-24,2.396639210381242e-05,1.7021418873956373e-05,calm
2007-01-25,2.1678541893344448e-05,2.159931327926243e-05,calm
2007-01-26,3.3100771483423896e-05,3.294252626735421e-05,calm
2007-01-29,3.258331000898215e-05,2.062511217250769e-05,calm
2007-01-30,3.177804055332583e-05,2.216011759801403e-05,calm
2007-01-31,2.9355582550370633e-05,4.128144982272786e-05,calm
2007-02-01,2.6856120064582135e-05,2.226116152493081e-05,calm
2007-02-02,2.4665105194658104e-05,1.2829747924856592e-05,calm
2007-02-05,2.3429404048762525e-05,9.343912885651973e-06,calm
2007-02-06,2.2507051663251734e-05,1.0713033410875672e-05,calm
2007-02-07,2.1645989980319456e-05,1.0814209798654906e-05,calm
2007-02-08,2.045358853298678e-05,2.755677375575885e-05,calm
2007-02-09,2.0783850117062904e-05,2.742613083686676e-05,calm
2007-02-12,2.6680107564662213e-05,1.1972466046714771e-05,calm
2007-02-13,2.8755613729119302e-05,2.104434029758367e-05,calm
2007-02-14,2.601012230091613e-05,2.4845864324328635e-05,calm
2007-02-15,2.37702202531025e-05,9.34903373839985e-06,calm
2007-02-16,2.261719832925347e-05,9.545006692153727e-06,calm
2007-02-20,2.223237274792653e-05,1.6204650734436462e-05,calm
2007-02-21,2.1020852435868124e-05,2.967895815031996e-05,calm
2007-02-22,2.0657661064281185e-05,2.774143405998003e-05,calm
2007-02-23,2.0565264623466796e-05,1.7617328625646743e-05,calm
2007-02-26,2.3015650886805847e-05,2.443822987611277e-05,calm
2007-02-27,2.2952564311491094e-05,0.0002803240191029,calm
2007-02-28,0.0001094881014346978,0.0001217706927491,calm
2007-03-01,9.808696596386663e-05,0.0003799144036669,calm
2007-03-02,9.725768084918326e-05,7.439101482414818e-05,calm
2007-03-05,0.00011922674739608574,0.0001694612082679,calm
2007-03-06,0.0001322256890872324,0.0001134689041992,calm
2007-03-07,0.00011648213841740474,3.414279751907002e-05,calm
2007-03-08,0.00011107397362276173,7.461909348660612e-05,calm
2007-03-09,0.00010026515109580942,5.788944170905831e-05,calm
2007-03-12,9.429471911864914e-05,2.490229987814612e-05,calm
2007-03-13,8.83189570106016e-05,8.970738994064515e-05,calm
2007-03-14,0.0001254025186917872,0.0001615954400272,calm
2007-03-15,0.00011371591947259574,4.288518133379065e-05,calm
2007-03-16,0.00010629500423788676,2.917255993453537e-05,calm
2007-03-19,0.00011339851160927892,5.433113053397026e-05,calm
2007-03-20,0.00010099319504433844,1.9093651815710383e-05,calm
2007-03-21,9.272805533524e-05,6.634452415214046e-05,calm
2007-03-22,8.067969865812284e-05,1.7480806335324023e-05,calm
2007-03-23,7.796441395193133e-05,2.1752451118461235e-05,calm
2007-03-26,7.349746296228925e-05,4.251569491510792e-05,calm
2007-03-27,7.215692937039499e-05,6.188325160527927e-05,calm
2007-03-28,7.251534881881187e-05,7.920989026962224e-05,calm
2007-03-29,8.093592441996848e-05,4.713978316039182e-05,calm
2007-04-02,7.656330671183077e-05,4.239278465647242e-05,calm
2007-04-03,7.248600209462052e-05,1.32252096061014e-05,calm
2007-04-04,6.459943932766841e-05,6.868733232916942e-06,calm
2007-04-09,6.134321338786342e-05,1.000577963565332e-05,calm
2007-04-10,5.818694833842135e-05,2.1936268931132363e-05,calm
2007-04-11,5.531747445704771e-05,2.08138543624239e-05,calm
2007-04-12,5.8657167549254606e-05,1.881436785771979e-05,calm
2007-04-16,5.4448923940430916e-05,1.4892323158757945e-05,calm
2007-04-17,4.8711229860186943e-05,1.6426867092686428e-05,calm
2007-04-18,4.586305826813114e-05,4.2003477125710656e-05,calm
2007-04-19,4.3699713601845545e-05,7.92713588037026e-05,calm
2007-04-23,4.2485107790225134e-05,2.279789723173168e-05,calm
2007-04-24,4.5488147193680715e-05,3.16479437805554e-05,calm
2007-04-25,4.3605791071378786e-05,1.5875027756402973e-05,calm
2007-04-26,3.897168433302069e-05,2.114516317955485e-05,calm
2007-04-30,3.7192524915675846e-05,3.8038050530442736e-05,calm
2007-05-01,4.6031792386764466e-05,1.5116602454379909e-05,calm
2007-05-02,4.33636531367914e-05,2.01309585214887e-05,calm
2007-05-03,3.977500569674994e-05,1.658361868375604e-05,calm
2007-05-07,3.6591252538791e-05,2.5057710327751667e-05,calm
2007-05-08,3.5242884095635994e-05,1.98600375157866e-05,calm
2007-05-09,3.549939248644738e-05,4.513021304641341e-05,calm
2007-05-10,3.340076545376143e-05,2.7186510200428123e-05,calm
2007-05-14,4.504446410861935e-05,5.345072788645108e-05,calm
2007-05-15,4.604034174441551e-05,3.734598575359074e-05,calm
2007-05-16,4.4171113696094675e-05,2.0005130106902142e-05,calm
2007-05-17,4.0208975552777576e-05,2.0959405736388176e-05,calm
2007-05-21,4.1064367173702574e-05,1.914186404970872e-05,calm
2007-05-22,4.021496529736592e-05,3.061452407221036e-05,calm
2007-05-23,3.967724627628267e-05,5.3517352657326345e-05,calm
2007-05-24,3.813465948892828e-05,3.08706894850276e-05,calm
2007-05-29,4.8127777140146074e-05,4.846749115723277e-05,calm
2007-05-30,4.4913998549892846e-05,1.7186289990123763e-05,calm
2007-05-31,4.051266986703367e-05,3.79232019065358e-05,calm
2007-06-04,4.0254401320162816e-05,3.114706847587333e-05,calm
2007-06-05,3.8689267687994656e-05,3.674411118648482e-05,calm
2007-06-06,4.1874618192569766e-05,7.437020870833379e-05,calm
2007-06-07,5.468952850152566e-05,5.254647567651792e-05,calm
2007-06-11,8.257285253029439e-05,6.630966155709031e-05,calm
2007-06-12,7.761232197611046e-05,6.488991320270412e-05,calm
2007-06-13,9.289491081124664e-05,2.3878967590886643e-05,calm
2007-06-14,8.138600727679236e-05,4.717931507962112e-05,calm
2007-06-18,7.443614187873518e-05,1.830927292477324e-05,calm
2007-06-19,7.278423190664905e-05,5.179075301605775e-05,calm
2007-06-20,6.827589572686903e-05,7.764258247053108e-05,calm
2007-06-21,8.896605736027971e-05,8.07640554469892e-05,calm
2007-06-25,8.177777687216636e-05,8.019526718780374e-05,calm
2007-06-26,8.57298606711447e-05,7.081475749594538e-05,calm
2007-06-27,9.996427975627288e-05,6.146817526204457e-05,calm
2007-06-28,8.793390745393719e-05,7.759919824617189e-05,calm
2007-07-02,8.386700836999353e-05,1.002187437132428e-05,calm
2007-07-05,7.56131002842429e-05,1.816453501270346e-05,calm
2007-07-09,7.378143298491245e-05,7.456955525102637e-05,calm
2007-07-10,7.00393558279254e-05,4.903818519711789e-05,calm
2007-07-11,9.133136415542249e-05,4.911009303794304e-05,calm
2007-07-12,8.33036010548691e-05,1.8830126654505064e-05,calm
2007-07-16,7.22598877557056e-05,2.2564391445408063e-05,calm
2007-07-17,6.926362979857716e-05,6.72490270993307e-05,calm
2007-07-18,6.702467716439795e-05,3.541691050983973e-05,calm
2007-07-19,6.677783252119463e-05,8.039872067280962e-05,calm
2007-07-23,6.218012934036834e-05,0.0001162603927455,calm
2007-07-24,5.8253577048247753e-05,0.000170826887148,calm
2007-07-25,8.45226595634339e-05,0.0003273198301778,calm
2007-07-26,7.946985537528339e-05,0.0001876647791166,calm
2007-07-30,0.0001241706096324121,0.0001350277612505,calm
2007-07-31,0.00010878060056364227,0.0002795008345358,calm
2007-08-01,0.00012591642847576765,0.0001112037418128,calm
2007-08-02,0.00011590102197261343,0.000159639829251,calm
2007-08-06,0.00010513519116120693,0.0002497237032897,calm
2007-08-07,9.11773092420637e-05,0.0001386025959612,calm
2007-08-08,8.138615387052473e-05,0.0004813051278125,calm
2007-08-09,7.119693949442564e-05,0.0004132797014208,calm
2007-08-13,0.0001354398046374609,0.0001542464409498,calm
2007-08-14,0.00012478321565143725,0.0001984234175129,calm
2007-08-15,0.00015311552880949427,0.0005433023784139,calm
2007-08-16,0.00017788340142407464,0.0005072473750895,calm
2007-08-20,0.00016114274563657714,9.772839890120095e-05,calm
2007-08-21,0.0001517685697196241,0.0001345203911682,calm
2007-08-22,0.00014097097906117754,8.910045366440984e-05,calm
2007-08-23,0.00012589861173733355,3.5017865463786514e-05,calm
2007-08-27,0.00012036697981396982,6.202653813350613e-05,calm
2007-08-28,0.00013310920688966457,0.0001122639373414,calm
2007-08-29,0.00018048903693737009,0.0001312747599929,calm
2007-08-30,0.00015711463378801944,0.0001759104058176,calm
2007-09-04,0.00015323126579611137,0.0001019606291986,calm
2007-09-05,0.00013781039991458396,5.636793116205445e-05,calm
2007-09-06,0.00014893681198012117,0.0001933643805261,calm
2007-09-10,0.00013841816112407322,8.059395034870322e-05,calm
2007-09-11,0.00013428546520791924,5.813860968457583e-05,calm
2007-09-12,0.00011999876834105468,6.465740856455102e-05,calm
2007-09-13,0.00011181456156374197,6.817212806164966e-05,calm
2007-09-17,0.00010202124804379695,0.000216888860712,calm
2007-09-18,0.0001066807321494028,8.8684110720082e-05,calm
2007-09-19,8.736454101056622e-05,4.132613602776739e-05,calm
2007-09-20,8.015252958018644e-05,4.218376809569183e-05,calm
2007-09-24,8.831535604719258e-05,4.9541548970541353e-05,calm
2007-09-25,8.697556748967016e-05,3.7658897036419006e-05,calm
2007-09-26,8.595812023053411e-05,2.832135375099397e-05,calm
2007-09-27,7.916315199026539e-05,2.503292613843916e-05,calm
2007-10-01,7.263634675743514e-05,1.858673552084283e-05,calm
2007-10-02,6.454197216747168e-05,3.477746900281202e-05,calm
2007-10-03,6.358558441731414e-05,1.464804799665193e-05,calm
2007-10-04,6.364810057634314e-05,5.097566845681872e-05,calm
2007-10-08,6.0060579446338714e-05,3.25817825729652e-05,calm
2007-10-09,6.532473741108854e-05,2.7141613341950145e-05,calm
2007-10-10,5.856500552150514e-05,8.54127246900643e-05,calm
2007-10-11,5.8327561506473146e-05,3.2176943246088344e-05,calm
2007-10-15,6.278973839286375e-05,4.548034579081117e-05,calm
2007-10-16,7.335861031919503e-05,8.419462235269613e-05,calm
2007-10-17,8.32330690321469e-05,4.611410666400613e-05,calm
2007-10-18,7.76243452746817e-05,0.0001222150827914,calm
2007-10-22,7.983431522616815e-05,7.167288213119987e-05,calm
2007-10-23,7.32461392179587e-05,0.000196930286843,calm
2007-10-24,6.625296228124032e-05,0.0001423881587167,calm
2007-10-25,6.598241857947949e-05,6.542599420795634e-05,calm
2007-10-29,6.18996338969303e-05,3.715323746662883e-05,calm
2007-10-30,5.771360598835934e-05,2.902270751306723e-05,calm
2007-10-31,6.562581410722746e-05,0.0001246701984499,calm
2007-11-01,5.843938889231296e-05,0.0002100103393905,calm
2007-11-02,0.00010000839784016197,0.0002035751446778,calm
2007-11-05,9.412733530792248e-05,0.0001645746348433,calm
2007-11-06,0.00010337024845031571,7.779440094078531e-05,calm
2007-11-07,9.120535047649618e-05,0.0001974550352914,calm
2007-11-08,0.00015010608817755692,0.0003510532077174,calm
2007-11-09,0.0001522471183926571,0.0002435400545023,calm
2007-11-12,0.00017675313887377452,0.000175421437543,calm
2007-11-13,0.00019051124524957678,0.000126001312416,calm
2007-11-14,0.00016025538577127757,0.0001273051341983,calm
2007-11-15,0.00015643126126172456,0.0001426643792738,calm
2007-11-16,0.00018330423611934678,0.0001701152561844,calm
2007-11-19,0.00016998491183197793,0.0001465415272457,calm
2007-11-20,0.00019547755686655604,0.0002956852681278,calm
2007-11-21,0.00017815662775985702,0.0002219214073243,calm
2007-11-23,0.00022439696893952616,9.192092041438048e-05,calm
2007-11-26,0.0001966631673066234,0.0001277612553939,calm
2007-11-27,0.0002497583214606931,0.0002037544990638,calm
2007-11-28,0.00022298254358310237,0.0001229082633789,calm
2007-11-29,0.0001866207974394793,0.000112516237812,calm
2007-11-30,0.00017381295186387545,0.0001695579189329,calm
2007-12-03,0.0001559246122526274,7.584278580989405e-05,calm
2007-12-04,0.0001618536686338724,7.505261098068671e-05,calm
2007-12-05,0.00017371268902430535,0.0001221284902199,calm
2007-12-06,0.00015180477109597756,4.18838726814622e-05,calm
2007-12-07,0.00013374126352224322,3.0860227090210635e-05,calm
2007-12-10,0.0001261798738602762,3.0892944478623696e-05,calm
2007-12-11,0.00011434035471690085,0.0002294711277764,calm
2007-12-12,0.0001787269534112664,0.0004568278893311,calm
2007-12-13,0.0001605584275283122,0.0001117620423162,calm
2007-12-14,0.00015521756785920947,0.000101280562519,calm
2007-12-17,0.0001772368105928972,0.0001031616654184,calm
2007-12-18,0.00020406526603147378,0.0001472817740886,calm
2007-12-19,0.0001863035003444791,9.797630486954924e-05,calm
2007-12-20,0.00017419641449485087,7.102992843675121e-05,calm
2007-12-21,0.00015890098152767027,8.918603403997033e-05,calm
2007-12-24,0.00014336128761469248,1.9728796270195378e-05,calm
2007-12-26,0.0001302727763390435,2.1327826708261897e-05,calm
2007-12-27,0.00012137553986262308,3.865129115133182e-05,calm
2007-12-28,0.0001424472194888622,6.013352358611052e-05,calm
2007-12-31,0.0001393977702975127,3.736944764346399e-05,calm
2008-01-02,0.00014776241534497907,0.00011089713625,calm
2008-01-03,0.00015928070549374478,6.541168832158663e-05,calm
2008-01-04,0.00015049905371573066,0.0001687688641431,calm
2008-01-07,0.00020809696315970968,0.0001906486565215,calm
2008-01-08,0.00019639021541382296,0.0002267518737647,calm
2008-01-09,0.00022898403963402206,0.0002478331118877,calm
2008-01-10,0.00020540877697706358,0.0003538678567542,calm
2008-01-11,0.0001870258914300804,0.0002235550867801,calm
2008-01-14,0.00019569586520136825,9.215386742423842e-05,calm
2008-01-15,0.00017724046412173527,0.0001488822660968,calm
2008-01-16,0.0002281678748927446,0.0002548310084881,calm
2008-01-17,0.00023693483080184676,0.0002933747458008,calm
2008-01-18,0.0003057893654871256,0.000368726144566,calm
2008-01-22,0.0003167787932962208,0.0015404585421895,calm
2008-01-23,0.00032681886226884453,0.0012372071572716,calm
2008-01-24,0.00028219175614845385,0.000295631819007,calm
2008-01-25,0.0002548070981357799,0.000281020936017,calm
2008-01-28,0.0002816870887558217,0.0002021381224532,calm
2008-01-29,0.00024806384647307303,0.0001004546298116,calm
2008-01-30,0.00022689413938539057,0.0002285478149366,calm
2008-01-31,0.00023200270745817747,0.0004922012019041,calm
2008-02-01,0.00020286912221716347,0.0001387000881119,calm
2008-02-04,0.00017844243623476745,6.756875544995217e-05,calm
2008-02-05,0.00019997730890536879,0.0003315916861885,calm
2008-02-06,0.00026909834130688353,0.0001396893718457,calm
2008-02-07,0.00027445479550966984,0.0002642922313555,calm
2008-02-08,0.0002494841915595783,0.0001578754998434,calm
2008-02-11,0.00025074287930993875,9.102633174229252e-05,calm
2008-02-12,0.0002292788213778921,0.0001591586569982,calm
2008-02-13,0.0002067875217052966,0.0001298904243363,calm
2008-02-14,0.00018588538634753833,0.0001180230081966,calm
2008-02-15,0.00019646222975693294,7.412769820621245e-05,calm
2008-02-19,0.0001841055568972679,0.0001367048791368,calm
2008-02-20,0.00017016407220362057,0.0002035015215746,calm
2008-02-21,0.00015723694786842627,0.000114426401142,calm
2008-02-22,0.00016708171494167853,0.0001536689382008,calm
2008-02-25,0.00015237279224822106,0.0001800907236403,calm
2008-02-26,0.0001355517233211793,9.947513803185888e-05,calm
2008-02-27,0.00012300020514024052,0.0001171559425113,calm
2008-02-28,0.00011747673256027442,0.0001044246691931,calm
2008-02-29,0.00013147391559173457,0.0001585925996658,calm
2008-03-03,0.00018065869596192306,0.0001207730587236,calm
2008-03-04,0.00017468564589799194,0.0002048538003299,calm
2008-03-05,0.00017253880848155454,0.0001618845338688,calm
2008-03-06,0.00015729701437336205,0.0001524832247095,calm
2008-03-07,0.00020277789944026626,0.000325887287972,calm
2008-03-10,0.00021708378132825724,0.0001493640906891,calm
2008-03-11,0.00023989074230723855,0.0005383950003458,calm
2008-03-12,0.00019874007279190164,0.0001161145293536,calm
2008-03-13,0.00021061965213090025,0.0004076938204742,calm
2008-03-14,0.00019484976048984412,0.0005684132100105,calm
2008-03-17,0.00022512943829287272,0.0004859960159006,calm
2008-03-18,0.00023843770796585972,0.000568591110936,calm
2008-03-19,0.0001933820944011458,0.0002587916874391,calm
2008-03-20,0.00025535895053865095,0.0001392717555806,calm
2008-03-24,0.0002266955940679733,0.0001126339769148,calm
2008-03-25,0.00019671160677884748,9.382816540429909e-05,calm
2008-03-26,0.0001830091271937539,0.0001106858901699,calm
2008-03-27,0.0002036989349710005,0.0001261013692703,calm
2008-03-28,0.00019838706880044693,8.816878296811261e-05,calm
2008-03-31,0.00021106963167013152,0.0001806108987809,calm
2008-04-01,0.0001943497448069458,7.77464379590084e-05,calm
2008-04-02,0.00015913088295028643,7.843588749501146e-05,calm
2008-04-03,0.00014880752949006072,7.346831122062449e-05,calm
2008-04-07,0.00013813791206612907,7.742652436952717e-05,calm
2008-04-08,0.00012953352306083256,5.058504802040169e-05,calm
2008-04-09,0.00012399397611187303,7.514509513991849e-05,calm
2008-04-10,0.00013230746145848697,0.0001402448487083,calm
2008-04-14,0.00012354740127118994,7.110641541918169e-05,calm
2008-04-15,0.00012325457374624018,0.0001002009778703,calm
2008-04-16,0.00011456160048812391,5.96107690343756e-05,calm
2008-04-17,9.541119674726481e-05,0.0002640269567968,calm
2008-04-21,8.94318532201209e-05,6.364165639209611e-05,calm
2008-04-22,8.43200997279444e-05,6.366126208495815e-05,calm
2008-04-23,8.756447127606043e-05,0.000118603020548,calm
2008-04-24,8.560225832894283e-05,9.339080906554552e-05,calm
2008-04-28,7.886139849127052e-05,3.299273781226963e-05,calm
2008-04-29,7.450978701326843e-05,0.0001386805707432,calm
2008-04-30,7.716722350348964e-05,6.733874462049714e-05,calm
2008-05-01,8.342670505358016e-05,0.0001502776528744,calm
2008-05-05,7.073710435833633e-05,7.201145636903768e-05,calm
2008-05-06,7.509554029219098e-05,5.038039584607613e-05,calm
2008-05-07,6.749549152582452e-05,7.382778538611801e-05,calm
2008-05-08,9.865132585040757e-05,9.596045996769435e-05,calm
2008-05-12,9.823101635117466e-05,2.742529710385096e-05,calm
2008-05-13,8.730612827388259e-05,4.139134962339751e-05,calm
2008-05-14,8.281293320948516e-05,4.8432873078760696e-05,calm
2008-05-15,7.764147949083876e-05,3.874281770428567e-05,calm
2008-05-19,6.827843870430972e-05,6.557470260139372e-05,calm
2008-05-20,6.381264489249779e-05,9.72393904507368e-05,calm
2008-05-21,7.40533901502104e-05,4.450876526808516e-05,calm
2008-05-22,0.00010303606614480154,6.268106282164471e-05,calm
2008-05-27,9.754709777378215e-05,5.5619907204021457e-05,calm
2008-05-28,8.859996877171916e-05,4.55012731383955e-05,calm
2008-05-29,8.181211772680879e-05,3.882712073292723e-05,calm
2008-06-02,7.53594827369483e-05,7.661762837330231e-05,calm
2008-06-03,9.010444693025145e-05,0.0001054345942353,calm
2008-06-04,9.61702874940742e-05,7.18426902321329e-05,calm
2008-06-05,9.213856126613481e-05,0.0001734827840193,calm
2008-06-09,7.778779503308972e-05,0.0001347287563795,calm
2008-06-10,7.290104377394291e-05,0.000106296465573,calm
2008-06-11,7.764816964559022e-05,0.0001204689605372,calm
2008-06-12,0.00010174026616087128,0.0001237579434158,calm
2008-06-16,9.434429610478115e-05,8.037809041307721e-05,calm
2008-06-17,8.924683333088502e-05,0.0001141563056272,calm
2008-06-18,9.34557604448226e-05,7.452010613187197e-05,calm
2008-06-19,0.000107426738362922,0.0001373943716104,calm
2008-06-23,0.0001009883910336798,9.179932226530464e-05,calm
2008-06-24,9.752073541888343e-05,0.0001154336561536,calm
2008-06-25,9.603334583164356e-05,0.000133187910166,calm
2008-06-26,8.856759444960381e-05,0.000115807417823,calm
2008-06-30,0.00014662996293034381,0.0002322747774764,calm
2008-07-01,0.0001357304896719776,0.000141374866138,calm
2008-07-02,0.00012603851365157684,0.0001735390647574,calm
2008-07-07,0.00015908782426860867,0.0001576243434706,calm
2008-07-08,0.0001742979718286011,0.0001317425600974,calm
2008-07-09,0.00015151286850654543,0.0002851636883735,calm
2008-07-10,0.0001923005222860909,0.0005328702315315,calm
2008-07-14,0.000176984462254408,0.0003223584094555,calm
2008-07-15,0.00018882257827419763,0.0002042541741384,calm
2008-07-16,0.00021498009425292622,0.0001786517823724,calm
2008-07-17,0.00018290177593589162,8.267270594014077e-05,calm
2008-07-21,0.0001642261902035011,0.0001158038237891,calm
2008-07-22,0.00015402771575164835,0.0001351957751882,calm
2008-07-23,0.0001373961801445449,9.510952551555592e-05,calm
2008-07-24,0.00012614952016896453,0.0001195328125213,calm
2008-07-28,0.0001693900378114013,9.511102881839604e-05,calm
2008-07-29,0.00019709430509664896,0.0001587964366992,calm
2008-07-30,0.00016914804342961268,0.0001248478585696,calm
2008-07-31,0.0001467155664168171,0.0001142599087338,calm
2008-08-04,0.00017016680070768716,7.579598616195178e-05,calm
2008-08-05,0.00018290743356614368,6.162242720630657e-05,calm
2008-08-06,0.00015316959658868704,0.0001299717501062,calm
2008-08-07,0.00014096085312065735,8.068130079962601e-05,calm
2008-08-11,0.00016898961108083392,8.195548826742887e-05,calm
2008-08-12,0.00015136264882481757,0.0001114405322149,calm
2008-08-13,0.00016737491857935424,8.849723318479628e-05,calm
2008-08-14,0.0001717535187805502,7.673493976667798e-05,calm
2008-08-18,0.0001558298182812162,9.207334187939424e-05,calm
2008-08-19,0.00018067891429077916,0.0001073663229129,calm
2008-08-20,0.0001978141869687352,9.772980066163752e-05,calm
2008-08-21,0.00018165432698419586,8.560087103069072e-05,calm
2008-08-25,0.00016918979266735968,6.77467983064974e-05,calm
2008-08-26,0.00021414286578000125,5.948442657799379e-05,calm
2008-08-27,0.0001979486642389303,7.726561717649786e-05,calm
2008-08-28,0.00017801148601107405,5.619627712196335e-05,calm
2008-09-02,0.0001583901752318542,0.0001208977865695,gfc_2008
2008-09-03,0.00016359846649439478,0.0001449371194291,gfc_2008
2008-09-04,0.0001558701846910856,0.000168729503677,gfc_2008
2008-09-08,0.00023293059137605452,0.000216011967701,gfc_2008
2008-09-09,0.00020102276502336408,0.0001835110249294,gfc_2008
2008-09-10,0.00028247050803299707,0.0003794295748899,gfc_2008
2008-09-11,0.0002588217119492111,0.00020784055751,gfc_2008
2008-09-15,0.00022870394566163385,0.0012480213875124,gfc_2008
2008-09-16,0.0004007635198953082,0.0009942958125928,gfc_2008
2008-09-17,0.00035178222522564654,0.0016335436240053,gfc_2008
2008-09-18,0.0005328170642704439,0.0012486070066553,gfc_2008
2008-09-22,0.00045406770118419393,0.0003966866942016,gfc_2008
2008-09-23,0.0005163786458186982,0.0002433164494566,gfc_2008
2008-09-24,0.0005784100730623647,0.0002796623823909,gfc_2008
2008-09-25,0.0005234516393337688,0.0004227092734609,gfc_2008
2008-09-29,0.0004604195267278099,0.0006513352029965,gfc_2008
2008-09-30,0.0009345919188707601,0.0005162220626082,gfc_2008
2008-10-01,0.0007835067896935681,0.000440958108402,gfc_2008
2008-10-02,0.0007065610868291473,0.0010858227584173,gfc_2008
2008-10-06,0.0008556375684743942,0.0009077614039338,gfc_2008
2008-10-07,0.0011266427781189507,0.0024964538323861,gfc_2008
2008-10-08,0.0013484219239090689,0.0017570304571719,gfc_2008
2008-10-09,0.001391991964786712,0.0077477397402088,gfc_2008
2008-10-13,0.0018839865111301435,0.0027430316572223,gfc_2008
2008-10-14,0.0014382361238178887,0.0017195861262214,gfc_2008
2008-10-15,0.0013894379760845366,0.0032684380137836,gfc_2008
2008-10-16,0.002320864435717391,0.0018445033816526,gfc_2008
2008-10-20,0.0019402174945437262,0.0007915843269183,gfc_2008
2008-10-21,0.0015899458577386585,0.0014365861821341,gfc_2008
2008-10-22,0.0016644116793480507,0.0031468753816831,gfc_2008
2008-10-23,0.002002376271208377,0.003535009822953,gfc_2008
2008-10-27,0.0017348556431215204,0.0019060505338531,gfc_2008
2008-10-28,0.0018580843553120505,0.0025355608759559,gfc_2008
2008-10-29,0.001438098724836356,0.0025140581239344,gfc_2008
2008-10-30,0.0013271174514311518,0.0013606155222735,gfc_2008
2008-10-31,0.0011171458080628067,0.0009398780984658,gfc_2008
2008-11-03,0.0009828047953728421,0.0002490648273395,gfc_2008
2008-11-04,0.0008702450042197493,0.0005622690797888,gfc_2008
2008-11-05,0.0007312170866135162,0.0007408234731923,gfc_2008
2008-11-06,0.0009450055399729905,0.0006716714472767,gfc_2008
2008-11-07,0.0012890759822965637,0.0007455725641402,gfc_2008
2008-11-10,0.001089136955816473,0.0007969240457482,gfc_2008
2008-11-11,0.0010604330421280957,0.0011311073203786,gfc_2008
2008-11-12,0.0011737688612353313,0.0006845590494661,gfc_2008
2008-11-13,0.0014044887655723856,0.0029325603219555,gfc_2008
2008-11-14,0.0011426613703700208,0.001793443414661,gfc_2008
2008-11-17,0.00143442708816047,0.0015295679355714,gfc_2008
2008-11-18,0.0013758058025798998,0.0013028916956213,gfc_2008
2008-11-19,0.0011866293331214987,0.0011720659850308,gfc_2008
2008-11-20,0.0016341676333307149,0.0025221087564937,gfc_2008
2008-11-21,0.0022294703850540736,0.0030355209014932,gfc_2008
2008-11-24,0.0018458369406557967,0.0013822926071646,gfc_2008
2008-11-25,0.001500933564134637,0.001232863612222,gfc_2008
2008-11-26,0.001314414149663725,0.0007203460429063,gfc_2008
2008-11-28,0.001103459761970497,0.0001363622249286,gfc_2008
2008-12-01,0.0009611811215940936,0.0013580976460097,gfc_2008
2008-12-02,0.001722822650982006,0.0010915612935699,gfc_2008
2008-12-03,0.0014550374459114726,0.0011032317967674,gfc_2008
2008-12-04,0.001250058947781733,0.0008938486866037,gfc_2008
2008-12-05,0.0012905107962168005,0.001129707851742,gfc_2008
2008-12-08,0.001098849308490154,0.0007646202571022,gfc_2008
2008-12-09,0.0009300452700787721,0.0007639126944479,gfc_2008
2008-12-10,0.0009392893254202747,0.000567874732105,gfc_2008
2008-12-11,0.0008292949404121327,0.0005726816453584,gfc_2008
2008-12-12,0.0008992942249155337,0.0010599588317204,gfc_2008
2008-12-15,0.0007874617094698119,0.0003530642889904,gfc_2008
2008-12-16,0.0007896980096084358,0.0006238713170253,gfc_2008
2008-12-17,0.0006545958418184334,0.0005895980912585,gfc_2008
2008-12-18,0.0006405963102340905,0.0004171689001951,gfc_2008
2008-12-19,0.0006818929019632114,0.0004089836049581,gfc_2008
2008-12-22,0.000681802653080072,0.0002805994148285,gfc_2008
2008-12-23,0.0006847566053642413,0.0002468020531993,gfc_2008
2008-12-24,0.0006727261965258981,3.4008738014772853e-05,gfc_2008
2008-12-26,0.000596985327113348,4.6095744861960446e-05,gfc_2008
2008-12-29,0.0005300766056339222,0.0001217542046205,gfc_2008
2008-12-30,0.0004908606394828598,0.0001441860731745,gfc_2008
2008-12-31,0.00041992471891329946,0.0001447787226511,gfc_2008
2009-01-02,0.0003659852296168675,0.000149140028498,gfc_2008
2009-01-05,0.00031001361954108357,0.0002174113802252,gfc_2008
2009-01-06,0.00028517801499161014,0.0002600968163487,gfc_2008
2009-01-07,0.0002533261138987434,0.0002242370720936,gfc_2008
2009-01-08,0.000365010745136698,0.0002371556755745,gfc_2008
2009-01-09,0.000327781280387158,0.0003026311119399,gfc_2008
2009-01-12,0.00039243385744284993,0.0002051480180101,gfc_2008
2009-01-13,0.00047122854237116905,0.0003402144929216,gfc_2008
2009-01-14,0.00042511259044458445,0.0004987188312523,gfc_2008
2009-01-15,0.0005486000428200391,0.0006066606821285,gfc_2008
2009-01-16,0.0004957605269688688,0.0006753003837148,gfc_2008
2009-01-20,0.000440409535415942,0.0006905494104681,gfc_2008
2009-01-21,0.0007189635046243364,0.0007177948776804,gfc_2008
2009-01-22,0.0005944422464518746,0.0010857908540684,gfc_2008
2009-01-23,0.0006201584408578475,0.0010922615855154,gfc_2008
2009-01-26,0.0005551467161434236,0.0004941800273701,gfc_2008
2009-01-27,0.0004946467428029641,0.0003656651499328,gfc_2008
2009-01-28,0.0004375344267502376,0.0005864062549884,gfc_2008
2009-01-29,0.00036543330822785055,0.0002438117248325,gfc_2008
2009-01-30,0.0004920056458854069,0.00032275946709,gfc_2008
2009-02-02,0.0005492138251698599,0.0004042589863763,gfc_2008
2009-02-03,0.0005123481649034332,0.0002718084008969,gfc_2008
2009-02-04,0.0004492836273151359,0.0002679717742707,gfc_2008
2009-02-05,0.0004301585986903845,0.0004407242898541,gfc_2008
2009-02-06,0.0003763339404721025,0.0002534512295283,gfc_2008
2009-02-09,0.00031778306673030344,0.0002358063745176,gfc_2008
2009-02-10,0.0002893811988168501,0.0006703590579252,gfc_2008
2009-02-11,0.0004937677752153426,0.0003317216326709,gfc_2008
2009-02-12,0.00044286688457381446,0.0007275339396561,gfc_2008
2009-02-13,0.0004031865477475492,0.0003180887347344,gfc_2008
2009-02-17,0.00041436763972746844,0.0008497744289254,gfc_2008
2009-02-18,0.0006077809174974857,0.000473195296813,gfc_2008
2009-02-19,0.0005632122357450273,0.0003966607909407,gfc_2008
2009-02-20,0.0005650958758887553,0.0006781633379464,gfc_2008
2009-02-23,0.0005613136979265304,0.00037795840299,gfc_2008
2009-02-24,0.0007147401218124748,0.0005604966611073,gfc_2008
2009-02-25,0.0005987125374530277,0.000601876558121,gfc_2008
2009-02-26,0.0005829846777394525,0.0005539449130314,gfc_2008
2009-02-27,0.0006138715392284215,0.0008733848614691,gfc_2008
2009-03-02,0.0006797017642152886,0.0005627640432973,gfc_2008
2009-03-03,0.0009080721103289132,0.0006736851598661,gfc_2008
2009-03-04,0.0008632678583590957,0.0004972662118514,gfc_2008
2009-03-05,0.0007439816009971356,0.0007362876334988,gfc_2008
2009-03-06,0.0009409575561947973,0.0008559497339762,gfc_2008
2009-03-09,0.0008439954218713364,0.0005679893996431,gfc_2008
2009-03-10,0.0008314562558260887,0.0007452817580431,gfc_2008
2009-03-11,0.000672655830372537,0.0004961879430199,gfc_2008
2009-03-12,0.0006006267537643386,0.0003063795793315,gfc_2008
2009-03-13,0.0004997838187848901,0.0003598606433598,gfc_2008
2009-03-16,0.00044596576769301597,0.000346216953716,gfc_2008
2009-03-17,0.0004194701138137724,0.0003658502411083,gfc_2008
2009-03-18,0.00035370776879518374,0.0008131967724848,gfc_2008
2009-03-19,0.00030383350131149925,0.0004257817487773,gfc_2008
2009-03-20,0.0003260578677034258,0.000296997574115,gfc_2008
2009-03-23,0.000425090862778758,0.0006230333354423,gfc_2008
2009-03-24,0.0003300861533626381,0.0003132322661054,gfc_2008
2009-03-25,0.00038511994325617684,0.0005687068405897,gfc_2008
2009-03-26,0.00034214696668433413,0.0005283050757383,gfc_2008
2009-03-27,0.0002961528677494527,0.0003152795715245,gfc_2008
2009-03-30,0.0003433578591345587,0.0003091817321521,gfc_2008
2009-03-31,0.0004788694530303759,0.000488213412347,gfc_2008
2009-04-01,0.0004269854530961805,0.0005842275953305,calm
2009-04-02,0.00037149747315957026,0.0002361907762231,calm
2009-04-06,0.00031541690139345646,0.0005411620631984,calm
2009-04-07,0.0003185818243316982,0.0002296796540618,calm
2009-04-08,0.0003909972751507865,0.0004912423552958,calm
2009-04-13,0.00034763751147166036,0.000263752683541,calm
2009-04-14,0.0003186758883315846,0.0001669111767647,calm
2009-04-15,0.0003620047299310205,0.0001881813813775,calm
2009-04-16,0.0003220852246315367,0.0001401178890184,calm
2009-04-20,0.0002832459189789666,0.0002047263323735,calm
2009-04-21,0.0004559886030799066,0.0003045004045488,calm
2009-04-22,0.00039734030069884043,0.0002557694895023,calm
2009-04-23,0.00038895936766043327,0.0002104872113776,calm
2009-04-27,0.00034721443114876506,0.0001994549976249,calm
2009-04-28,0.00035597082661208704,0.0002493910821672,calm
2009-04-29,0.00033886260624598104,0.0002646752373586,calm
2009-04-30,0.00029304065542312376,0.0001513485472837,calm
2009-05-04,0.00026965036127020263,0.0001207437861515,calm
2009-05-05,0.00022431883838005387,0.0003163557178803,calm
2009-05-06,0.0002177746197568557,0.0003618515023594,calm
2009-05-07,0.00018971887079431387,0.0003215361957073,calm
2009-05-11,0.00021924552111754153,0.0001884915030222,calm
2009-05-12,0.0002675082295687044,0.000357586886238,calm
2009-05-13,0.0002567276634192838,0.0001644963173798,calm
2009-05-14,0.0003343187641663847,0.0001322873018351,calm
2009-05-18,0.00029991946105102467,0.0001403786686307,calm
2009-05-19,0.00025382595663619225,0.0002798612554859,calm
2009-05-20,0.00023832418428376437,0.0002278677732319,calm
2009-05-21,0.00024201547825906177,0.0001253937101002,calm
2009-05-26,0.0002733995978407119,0.0001875232184257,calm
2009-05-27,0.00023259555554361525,0.0003065997550998,calm
2009-05-28,0.0002776790336620695,0.0002099568280739,calm
2009-06-01,0.00024500538697114286,0.0001352605191585,calm
2009-06-02,0.00020913405817431517,0.0001469834761426,calm
2009-06-03,0.00019315702693598817,8.01792630269607e-05,calm
2009-06-04,0.0002183652079203392,0.0002266565785039,calm
2009-06-08,0.00019546222389990852,9.526008681676342e-05,calm
2009-06-09,0.0001932791523756255,0.0001788265909649,calm
2009-06-10,0.00017586675582209382,0.0001427182958237,calm
2009-06-11,0.0001703507012259467,9.673849360857287e-05,calm
2009-06-15,0.00015548945569309153,0.0001081586418713,calm
2009-06-16,0.00021682839415503147,0.0001553503040355,calm
2009-06-17,0.0002453195322247779,9.226448858699006e-05,calm
2009-06-18,0.00023013561711840915,9.198485963891224e-05,calm
2009-06-22,0.00020762724358903658,0.000159686736511,calm
2009-06-23,0.000303428060883466,0.0001388395013843,calm
2009-06-24,0.0002792084959625863,0.0001311179884326,calm
2009-06-25,0.0002506979376092497,9.899354257831976e-05,calm
2009-06-29,0.00021536878109574032,9.73607888238758e-05,calm
2009-06-30,0.0001929343920888019,8.455214274194966e-05,calm
2009-07-01,0.00020319617483393883,0.0002768816203149,calm
2009-07-06,0.0001857060398252875,9.859534150625553e-05,calm
2009-07-07,0.00017300999039009723,0.000172253468878,calm
2009-07-08,0.00022162171233126773,0.0001380191574929,calm
2009-07-09,0.00020756945504700486,0.0001313224983931,calm
2009-07-13,0.00019126008491420147,6.301907511119584e-05,calm
2009-07-14,0.00016182814889358242,0.0001054407346034,calm
2009-07-15,0.00014718655325614288,6.722301560236572e-05,calm
2009-07-16,0.00012130213875584397,6.230347088411907e-05,calm
2009-07-20,0.00011715273098372672,0.0001045337570372,calm
2009-07-21,0.00010409280904090855,8.932190532892468e-05,calm
2009-07-22,9.52274990477451e-05,0.0001205333363928,calm
2009-07-23,8.984097872801502e-05,8.088390854181997e-05,calm
2009-07-27,7.570252878766702e-05,0.0001241470205713,calm
2009-07-28,6.992458160252955e-05,0.0001309561310619,calm
2009-07-29,7.431847551224745e-05,0.0002197716120891,calm
2009-07-30,7.443277599084115e-05,8.937142536747645e-05,calm
2009-08-03,6.58926287890513e-05,7.064742377830264e-05,calm
2009-08-04,5.677572867958856e-05,9.746229764549066e-05,calm
2009-08-05,5.2592425716678415e-05,8.711237641042903e-05,calm
2009-08-06,5.414073427015338e-05,0.0001501275811035,calm
2009-08-10,5.9650330873144875e-05,7.236329139451642e-05,calm
2009-08-11,5.977720940508423e-05,9.918846989004515e-05,calm
2009-08-12,8.042543331004074e-05,0.0001027748837326,calm
2009-08-13,7.111217362577682e-05,7.615641069007182e-05,calm
2009-08-17,6.396671660032018e-05,5.031804544170348e-05,calm
2009-08-18,0.00011814622895683559,0.000103997760002,calm
2009-08-19,0.00010669626454896106,3.061599830155256e-05,calm
2009-08-20,9.591752154528599e-05,9.464427561901036e-05,calm
2009-08-24,8.550180678927671e-05,0.0001004696497485,calm
2009-08-25,8.079889323321212e-05,8.510076015581672e-05,calm
2009-08-26,7.538541165548719e-05,6.73114977400487e-05,calm
2009-08-27,7.121948971553273e-05,9.21429148870638e-05,calm
2009-08-31,6.643649181695766e-05,0.0001377196295504,calm
2009-09-01,7.92251563445741e-05,9.74880958318586e-05,calm
2009-09-02,0.00012657502427846268,6.27451547384748e-05,calm
2009-09-03,0.00012735678795844696,5.586774880490471e-05,calm
2009-09-08,0.00011486016626718772,4.95268246476248e-05,calm
2009-09-09,0.00010339778124831216,4.783327021488652e-05,calm
2009-09-10,9.34790651908581e-05,6.308903312484026e-05,calm
2009-09-14,8.331641905736113e-05,6.459774078119855e-05,calm
2009-09-15,7.645323820881252e-05,5.822266204572064e-05,calm
2009-09-16,7.045184315517778e-05,7.553754167097402e-05,calm
2009-09-17,6.079762109757578e-05,4.896517301396784e-05,calm
2009-09-21,5.9995864035955526e-05,4.817151832306957e-05,calm
2009-09-22,6.0951560476262535e-05,9.378144632656154e-05,calm
2009-09-23,5.555502428880067e-05,0.0001131480531676,calm
2009-09-24,6.67467067818175e-05,9.956983020164226e-05,calm
2009-09-28,8.398332725076837e-05,9.17686777796398e-05,calm
2009-09-29,7.166638374004818e-05,0.00015227257071,calm
2009-09-30,7.303273125680232e-05,0.0001155347401878,calm
2009-10-01,7.596396815121106e-05,0.0001684368553984,calm
2009-10-05,0.00013183350295962646,0.0001249687063013,calm
2009-10-06,0.00011563467475143112,6.514092378202485e-05,calm
2009-10-07,0.00010151442422211443,6.050215337394551e-05,calm
2009-10-08,9.396007310554756e-05,2.515330340538024e-05,calm
2009-10-12,8.488466018960678e-05,6.0049242952248936e-05,calm
2009-10-13,7.821618522291242e-05,8.927663173250363e-05,calm
2009-10-14,7.750348865003938e-05,3.421622173907598e-05,calm
2009-10-15,6.650535890122515e-05,0.0001152383612528,calm
2009-10-19,6.139986715532241e-05,6.833972383732307e-05,calm
2009-10-20,5.5132592177463404e-05,0.0001035304411275,calm
2009-10-21,6.0770455813915735e-05,7.214725316841765e-05,calm
2009-10-22,7.354271247004852e-05,0.0001362068968081,calm
2009-10-26,6.544097525937453e-05,0.0001826774828523,calm
2009-10-27,8.238391261725893e-05,0.0001751504764953,calm
2009-10-28,8.63780112284579e-05,0.00013350484281,calm
2009-10-29,0.0001259140860605087,9.38399691114565e-05,calm
2009-10-30,0.00010779177436579383,0.0002562313013973,calm
2009-11-02,0.0001885877405775491,0.0003075216130334,calm
2009-11-03,0.00017010600159363424,0.0001854301635108,calm
2009-11-04,0.00015584348170521087,0.0001780847638665,calm
2009-11-05,0.0001433642843157364,0.0001032630241453,calm
2009-11-06,0.00012465038003176349,0.000106992172143,calm
2009-11-09,0.00011495358794415518,5.176448719093359e-05,calm
2009-11-10,9.815511808928643e-05,4.443475476821595e-05,calm
2009-11-11,9.167256707641432e-05,7.264664043943862e-05,calm
2009-11-12,8.376410399152319e-05,8.133904703969237e-05,calm
2009-11-13,0.00010024767697220624,5.8188834050183227e-05,calm
2009-11-16,9.148530415456358e-05,0.0001053441258625,calm
2009-11-17,8.02092395121645e-05,5.432936236183187e-05,calm
2009-11-18,7.481100591033013e-05,4.760144798943937e-05,calm
2009-11-19,7.149564159403409e-05,0.0001005945811833,calm
2009-11-20,9.435762440525014e-05,4.296430249120992e-05,calm
2009-11-23,9.575808414968852e-05,0.0001114144875062,calm
2009-11-24,8.455501007884026e-05,4.319176335879371e-05,calm
2009-11-25,7.879563358524027e-05,1.836067092816696e-05,calm
2009-11-27,7.273026057607874e-05,0.0003704642336434,calm
2009-11-30,0.00010390028966747027,5.839664322800542e-05,calm
2009-12-01,9.577816788478536e-05,9.833885889615512e-05,calm
2009-12-02,8.470764630548602e-05,4.574154724287509e-05,calm
2009-12-03,8.047152830001506e-05,7.13165075604894e-05,calm
2009-12-04,9.140638832088367e-05,0.0002256214998905,calm
2009-12-07,8.341827397421321e-05,4.491975392413894e-05,calm
2009-12-08,8.137885841697668e-05,0.0001129650036139,calm
2009-12-09,9.987940458580461e-05,5.9572724371194346e-05,calm
2009-12-10,9.201624284718758e-05,5.075687021303264e-05,calm
2009-12-11,8.403128752916069e-05,3.531615704439688e-05,calm
2009-12-14,7.731590605293587e-05,2.9076898584817504e-05,calm
2009-12-15,7.016299426883055e-05,4.149493421850799e-05,calm
2009-12-16,7.46088504725001e-05,4.884325325772532e-05,calm
2009-12-17,6.975800342435277e-05,5.546077553157581e-05,calm
2009-12-18,8.975435883095171e-05,3.4219564029801446e-05,calm
2009-12-21,8.428288716062002e-05,6.48278377889687e-05,calm
2009-12-22,7.517794327602568e-05,2.227664693798016e-05,calm
2009-12-23,6.947203314602385e-05,1.5857745015266226e-05,calm
2009-12-24,6.484433385444472e-05,1.2616215072563064e-05,calm
2009-12-28,5.955028478750022e-05,1.230179170752584e-05,calm
2009-12-29,5.5597075669913366e-05,1.185525399184569e-05,calm
2009-12-30,5.489621632675649e-05,2.549741405209729e-05,calm
2009-12-31,5.258867987434006e-05,1.948338372339549e-05,calm
2010-01-04,6.633683752870536e-05,7.068736777339511e-05,calm
2010-01-05,5.669658670463242e-05,2.988740492563263e-05,calm
2010-01-06,5.2783259356083775e-05,1.98787078920003e-05,calm
2010-01-07,4.981915096549501e-05,2.860249093397633e-05,calm
2010-01-08,4.590044478940968e-05,2.624910224911006e-05,calm
2010-01-11,4.255730759234117e-05,3.219193365888912e-05,calm
2010-01-12,4.003896155387774e-05,5.004569241192964e-05,calm
2010-01-13,5.249157862338327e-05,3.803424930931966e-05,calm
2010-01-14,4.700358545724477e-05,2.125270100306969e-05,calm
2010-01-15,4.3779334698873104e-05,3.204363553486456e-05,calm
2010-01-19,6.010510522190955e-05,2.114940102243762e-05,calm
2010-01-20,5.258177810066974e-05,8.36925972747077e-05,calm
2010-01-21,6.75099423874178e-05,0.0001566715886534,calm
2010-01-22,0.00010624685152984532,0.0001283008300437,calm
2010-01-25,0.0001607660643348984,0.0001335139390911,calm
2010-01-26,0.00014625709035274976,9.061582557160348e-05,calm
2010-01-27,0.00014662168850413903,0.0001024423986642,calm
2010-01-28,0.00013384722343108286,0.0001786179918677,calm
2010-01-29,0.00015485238575486715,0.0001424163032802,calm
2010-02-01,0.00017410415344743248,0.0001125996133066,calm
2010-02-02,0.00015295787390489008,5.040282731387674e-05,calm
2010-02-03,0.00013585856908975415,5.905175506604261e-05,calm
2010-02-04,0.00013892263651690319,0.0002072346817412,calm
2010-02-05,0.00023200412491434293,0.0002513179860859,calm
2010-02-08,0.00021246681828954604,0.0001018094090198,calm
2010-02-09,0.00021869244890911665,0.0002620930832431,calm
2010-02-10,0.00019413880379156508,8.637748021217847e-05,calm
2010-02-11,0.00018536043709787867,0.0001113683592149,calm
2010-02-12,0.00016571619706190322,0.0001830830701244,calm
2010-02-16,0.00015619797852246662,6.119549606714789e-05,calm
2010-02-17,0.0001369276834942687,5.570793771724187e-05,calm
2010-02-18,0.00012525756373262822,3.402546829758041e-05,calm
2010-02-19,0.00011409711416309745,4.74652374082121e-05,calm
2010-02-22,0.00010578916191758147,3.750129115142184e-05,calm
2010-02-23,9.906092784208256e-05,8.573633466180725e-05,calm
2010-02-24,0.00012102422962815094,7.986280005734714e-05,calm
2010-02-25,0.00010868327595378298,0.0001695492132265,calm
2010-02-26,0.00010470503415670556,4.16890297551311e-05,calm
2010-03-01,9.784032492455739e-05,4.084589273897984e-05,calm
2010-03-02,8.729383750958376e-05,4.2875723877956856e-05,calm
2010-03-03,8.087491398028748e-05,2.7949133572135374e-05,calm
2010-03-04,7.572102317743446e-05,3.334333193357057e-05,calm
2010-03-05,7.010129239517959e-05,3.1488752703933044e-05,calm
2010-03-08,6.10874969508559e-05,1.913031685708334e-05,calm
2010-03-09,5.764138464106673e-05,2.810313703268561e-05,calm
2010-03-10,5.389874976262312e-05,4.308591480119331e-05,calm
2010-03-11,4.9519896216804265e-05,2.8618373409762315e-05,calm
2010-03-12,4.557043606857406e-05,2.517416291426621e-05,calm
2010-03-15,4.3134340720185895e-05,3.291166683558905e-05,calm
2010-03-16,4.078213977571419e-05,2.996776904042681e-05,calm
2010-03-17,3.660294783325216e-05,3.3234780667740075e-05,calm
2010-03-18,3.325571224286072e-05,2.1402974839504543e-05,calm
2010-03-19,3.2256190206577354e-05,3.6605281654255575e-05,calm
2010-03-22,4.410565876438277e-05,3.826204059907456e-05,calm
2010-03-23,4.0283534495166226e-05,2.800487636891121e-05,calm
2010-03-24,3.6351144552951706e-05,3.511155048611599e-05,calm
2010-03-25,4.130885577128664e-05,7.243773735665944e-05,calm
2010-03-26,4.150886340502453e-05,4.548500141397002e-05,calm
2010-03-29,4.0277952942412596e-05,3.161422727099561e-05,calm
2010-03-30,3.651337471600994e-05,4.354426391947145e-05,calm
2010-03-31,3.454037682764358e-05,6.699472463573251e-05,calm
2010-04-05,3.739252359846958e-05,1.9197021938540542e-05,calm
2010-04-06,3.344081757040884e-05,3.939276356660053e-05,calm
2010-04-07,3.122779406548733e-05,3.589980737961399e-05,calm
2010-04-08,3.737700471235612e-05,2.66666832338621e-05,calm
2010-04-12,3.459832606157997e-05,2.235893794294285e-05,calm
2010-04-13,3.2509902334687116e-05,2.3365974635196057e-05,calm
2010-04-14,3.0770263447194356e-05,1.7304472624483226e-05,calm
2010-04-15,2.682073186205248e-05,0.0001480673819996,calm
2010-04-19,2.5420214069279895e-05,3.401201741513299e-05,calm
2010-04-20,2.345464196828919e-05,3.469550958505275e-05,calm
2010-04-21,2.0767596159536955e-05,0.0001023593852032,calm
2010-04-22,2.1781317777759128e-05,5.408670184732478e-05,calm
2010-04-26,2.023929010759141e-05,0.0001391807960635,calm
2010-04-27,2.344609976235095e-05,0.0001009229601227,calm
2010-04-28,6.558909897428707e-05,6.351728507024934e-05,calm
2010-04-29,5.94707553565343e-05,9.441092701815295e-05,calm
2010-05-03,5.26675024599313e-05,0.0002178918197388,calm
2010-05-04,4.656124013452895e-05,0.0001784551398083,calm
2010-05-05,9.765571969642057e-05,0.0016450509991498,calm
2010-05-06,0.00010368593864165665,0.0008216748581765,calm
2010-05-10,0.0002123012615027278,0.0001544952876977,calm
2010-05-11,0.00018703042761965974,8.257123295340683e-05,calm
2010-05-12,0.000178058683199151,8.314734358641863e-05,calm
2010-05-13,0.00015774955318834937,0.0002398723190368,calm
2010-05-17,0.00018315140162518368,0.0002390324823173,calm
2010-05-18,0.00016633522985541808,0.0003293830329564,calm
2010-05-19,0.00019596043673834876,0.0006131682182779,calm
2010-05-20,0.00019645968709924494,0.0004829901789545,calm
2010-05-24,0.0003514988261222102,0.0005695041555029,calm
2010-05-25,0.00037263800823577383,0.0002625412852905,calm
2010-05-26,0.00033342980116769555,0.0002708111733455,calm
2010-05-27,0.000324688248019658,0.0002352691891069,calm
2010-06-01,0.0002787327533902044,0.0001027041322987,calm
2010-06-02,0.0003219733617164703,0.0001301089568407,calm
2010-06-03,0.0002787265666618847,0.0003345357703125,calm
2010-06-07,0.0002501217788419726,0.0002731967242374,calm
2010-06-08,0.00027424092100945325,0.0001696044057772,calm
2010-06-09,0.00024323440584701395,0.0003809845670213,calm
2010-06-10,0.00023950765031548226,0.0001085882021436,calm
2010-06-14,0.00020585253777467076,7.053243338052172e-05,calm
2010-06-15,0.0001921451753494059,7.683840501296567e-05,calm
2010-06-16,0.00016702480517170139,7.72015846224818e-05,calm
2010-06-17,0.00015350649683125027,3.644460954820722e-05,calm
2010-06-21,0.00013991264810549696,0.0001114810330381,calm
2010-06-22,0.00013599432765612122,0.0001450143942397,calm
2010-06-23,0.00017620681663924252,0.0001470606301471,calm
2010-06-24,0.00017024582729442464,0.0001363516993369,calm
2010-06-28,0.00021178805030709532,0.0003406883910643,calm
2010-06-29,0.00020300039332208747,0.0001142722070901,calm
2010-06-30,0.00031456098034400836,0.0002646503594157,calm
2010-07-01,0.0003229825086785193,0.0001898931857776,calm
2010-07-06,0.0003090990484702508,0.0001064831715259,calm
2010-07-07,0.00027578808292674784,0.0001160487167214,calm
2010-07-08,0.00023591612622229872,5.634144179791233e-05,calm
2010-07-12,0.00020994895145309868,0.0001263123346375,calm
2010-07-13,0.00019085547892125547,7.595674883535913e-05,calm
2010-07-14,0.00016824906242783518,0.0001041970405058,calm
2010-07-15,0.000154112129352014,0.0001265807341625,calm
2010-07-19,0.00014105363302029304,0.0001362096739849,calm
2010-07-20,0.00012735589508681614,0.000120983702921,calm
2010-07-21,0.00011350863014218963,0.0002133663688357,calm
2010-07-22,0.0001407184685183685,0.000104734610103,calm
2010-07-26,0.00012196990935689092,6.796090598956642e-05,calm
2010-07-27,0.00010899737047073323,5.564435760020433e-05,calm
2010-07-28,0.00010066508711739343,0.0001209961094256,calm
2010-07-29,0.00010859430738525304,0.0001575562563883,calm
2010-08-02,0.00011212663645182788,4.6619221502654674e-05,calm
2010-08-03,9.698143672231605e-05,4.554763715711265e-05,calm
2010-08-04,0.00010075831587928792,5.84493283723643e-05,calm
2010-08-05,9.111525582059093e-05,8.029754472901265e-05,calm
2010-08-09,8.659757985203382e-05,8.450421065232986e-05,calm
2010-08-10,7.874366456346162e-05,0.0003334287607734,calm
2010-08-11,8.467077531267151e-05,7.691677858028775e-05,calm
2010-08-12,0.00016252862166972554,4.656433601024232e-05,calm
2010-08-16,0.00016699493003649439,7.708901771610647e-05,calm
2010-08-17,0.00015421976294392495,6.129882090094024e-05,calm
2010-08-18,0.00013710194013309506,0.0001526646997419,calm
2010-08-19,0.00012547021909886785,7.209500977174749e-05,calm
2010-08-23,0.00016780678392950453,0.0001534080077357,calm
2010-08-24,0.00016481554267451382,0.0001008089155348,calm
2010-08-25,0.00019919775172728494,0.0001039563266057,calm
2010-08-26,0.00018015940888463448,0.0001315478387889,calm
2010-08-30,0.0001855295654310528,0.000179817494708,calm
2010-08-31,0.00021875071143601042,0.000333374295846,calm
2010-09-01,0.0001992112813971965,2.873177357752417e-05,calm
2010-09-02,0.00017046756216814092,0.0001024847850497,calm
2010-09-07,0.0001525517834928284,5.610609193887398e-05,calm
2010-09-08,0.00017413851392313108,9.837784178919752e-05,calm
2010-09-09,0.00015667853396124053,2.1075960190924266e-05,calm
2010-09-13,0.00014203356135116657,4.530657847074665e-05,calm
2010-09-14,0.0001266846785268864,4.656387674000498e-05,calm
2010-09-15,0.00011827997965368715,2.786791210008495e-05,calm
2010-09-16,0.00010786434526068949,4.055569618258074e-05,calm
2010-09-20,0.00010028103672265297,5.890196376960317e-05,calm
2010-09-21,8.844898204520369e-05,5.266978706769611e-05,calm
2010-09-22,8.631550717835917e-05,6.971976298132874e-05,calm
2010-09-23,9.086778023969185e-05,7.759608483250108e-05,calm
2010-09-27,0.00010323735229437426,6.424317958229683e-05,calm
2010-09-28,0.00010683505423493663,6.621375019421057e-05,calm
2010-09-29,9.763485476742749e-05,0.0001293664143013,calm
2010-09-30,9.424071839989143e-05,9.293591919354096e-05,calm
2010-10-04,9.385316450399739e-05,8.935419993238045e-05,calm
2010-10-05,0.00010461643888142802,3.364206397674888e-05,calm
2010-10-06,9.096580943044722e-05,4.811795521191461e-05,calm
2010-10-07,8.451805184637877e-05,3.4357813074642455e-05,calm
2010-10-11,8.09389544006235e-05,6.276105779161353e-05,calm
2010-10-12,7.48981488607717e-05,4.516517291893915e-05,calm
2010-10-13,6.881367263444456e-05,5.443168592814773e-05,calm
2010-10-14,6.222402350696793e-05,6.259272485638092e-05,calm
2010-10-18,6.534714089949369e-05,0.0001569858857912,calm
2010-10-19,5.971801986251289e-05,7.386821583373895e-05,calm
2010-10-20,8.417050823640781e-05,7.915355732699723e-05,calm
2010-10-21,7.550000843562562e-05,2.072557849784033e-05,calm
2010-10-25,6.965124218349604e-05,5.239725198639486e-05,calm
2010-10-26,6.413400976580707e-05,5.648894607044677e-05,calm
2010-10-27,5.977375680077674e-05,5.387194599585441e-05,calm
2010-10-28,6.100088976223833e-05,3.171246273248196e-05,calm
2010-11-01,5.6868966960174114e-05,5.842413496681075e-05,calm
2010-11-02,5.301582929698031e-05,3.744976257631298e-05,calm
2010-11-03,4.7984449294882975e-05,8.48525142339043e-05,calm
2010-11-04,4.4137857584419346e-05,0.0001256842833155,calm
2010-11-05,3.8442648240606534e-05,3.397794235146061e-05,calm
2010-11-08,3.550789269105575e-05,2.5240456164031623e-05,calm
2010-11-09,3.611159402813185e-05,4.558578933240107e-05,calm
2010-11-10,4.544856005582865e-05,4.454518375378935e-05,calm
2010-11-11,4.188595051037489e-05,6.78796179677886e-05,calm
2010-11-12,4.532183822518579e-05,6.99486700956283e-05,calm
2010-11-15,6.500944690967448e-05,4.136299394388509e-05,calm
2010-11-16,6.33036958780011e-05,0.0001236250491407,calm
2010-11-17,9.464158366166779e-05,3.943440167935548e-05,calm
2010-11-18,8.753427730291593e-05,7.898437635045831e-05,calm
2010-11-19,7.72030266539746e-05,2.7699991260113743e-05,calm
2010-11-22,7.110355442426752e-05,7.805730475828755e-05,calm
2010-11-23,6.788015011654933e-05,0.0001037487334812,calm
2010-11-24,9.651300956790535e-05,6.885628415777307e-05,calm
2010-11-26,8.511645807963393e-05,3.5839018429340174e-05,calm
2010-11-29,0.00010702381504976739,0.000147615171755,calm
2010-11-30,9.793003740359874e-05,8.381509251465771e-05,calm
2010-12-01,0.00010384816843743479,0.0001370109243955,calm
2010-12-02,8.981114285633402e-05,2.3478865106685417e-05,calm
2010-12-03,7.969397153709905e-05,2.630178819850844e-05,calm
2010-12-06,7.329766498267706e-05,1.5431645713917338e-05,calm
2010-12-07,7.030732219718959e-05,8.070089914649838e-05,calm
2010-12-08,6.540935649916833e-05,2.935592194189477e-05,calm
2010-12-09,6.0140367952814935e-05,3.1126837107681655e-05,calm
2010-12-10,5.5291487111650417e-05,1.1573674809889885e-05,calm
2010-12-13,5.042337882210053e-05,2.251144233110128e-05,calm
2010-12-14,4.71835265286071e-05,1.9135108394929147e-05,calm
2010-12-15,4.414993364725911e-05,2.4317835617715536e-05,calm
2010-12-16,4.902170074159987e-05,3.313147269761218e-05,calm
2010-12-17,4.4720144477260354e-05,1.2540457935085072e-05,calm
2010-12-20,4.887512272781563e-05,1.3444350721688417e-05,calm
2010-12-21,4.535347499302103e-05,4.54917361685298e-06,calm
2010-12-22,4.126760558727413e-05,5.519192692834588e-06,calm
2010-12-23,3.821542170424711e-05,7.499532130661632e-06,calm
2010-12-27,3.813907416987664e-05,1.0976522845843512e-05,calm
2010-12-28,3.59030269554891e-05,5.3661630068368535e-06,calm
2010-12-29,3.3612631698008446e-05,6.686521300306311e-06,calm
2010-12-30,3.1628608454294106e-05,9.20350438401316e-06,calm
2010-12-31,3.2056217065023283e-05,9.540706450760627e-06,calm
2011-01-03,3.0262451620274512e-05,8.520594578118925e-05,calm
2011-01-04,2.6966607804925563e-05,1.9746213903518687e-05,calm
2011-01-05,2.6279687250980527e-05,1.926094106259105e-05,calm
2011-01-06,2.408822018676941e-05,2.554804289454808e-05,calm
2011-01-07,2.524949019588248e-05,4.789758807208127e-05,calm
2011-01-10,2.6391166485782614e-05,5.245078985023271e-05,calm
2011-01-11,2.6604052908271746e-05,3.0467609162303684e-05,calm
2011-01-12,2.4635580293888405e-05,3.061209556625264e-05,calm
2011-01-13,2.209218177593156e-05,1.806498927435455e-05,calm
2011-01-14,2.2914281192231315e-05,1.6708129923932852e-05,calm
2011-01-18,2.0757356438446824e-05,1.5240125102217514e-05,calm
2011-01-19,1.9507929623016547e-05,2.381856481755449e-05,calm
2011-01-20,3.2194390135716576e-05,5.550722566759392e-05,calm
2011-01-21,3.2271259376827725e-05,3.756513596401425e-05,calm
2011-01-24,3.0112784382805014e-05,1.531635445315959e-05,calm
2011-01-25,2.7530797411456692e-05,3.79237962656442e-05,calm
2011-01-26,2.6031134496737483e-05,3.28900093254664e-05,calm
2011-01-27,2.4079083947352614e-05,2.017380181032832e-05,calm
2011-01-28,2.249521580857081e-05,6.31841483895345e-05,calm
2011-01-31,5.2713109448264425e-05,3.700817765223655e-05,calm
2011-02-01,4.7755171725158574e-05,4.716407584131788e-05,calm
2011-02-02,4.198962150732827e-05,2.0577533644786858e-05,calm
2011-02-03,4.239767548793913e-05,3.643164006841747e-05,calm
2011-02-04,3.939471615565975e-05,3.122646676569274e-05,calm
2011-02-07,3.6540223664944685e-05,1.820278106748465e-05,calm
2011-02-08,3.333787375052526e-05,1.4937420995194448e-05,calm
2011-02-09,3.06897571257342e-05,2.404574614087772e-05,calm
2011-02-10,3.2090860960157543e-05,5.0863824770305625e-05,calm
2011-02-11,3.029054017950744e-05,2.48407599399146e-05,calm
2011-02-14,2.767836241301816e-05,1.2014160787732131e-05,calm
2011-02-15,2.5841272186482577e-05,2.4211233926983503e-05,calm
2011-02-16,2.854632871814366e-05,3.658516790264395e-05,calm
2011-02-17,2.6027881191226114e-05,1.582868302703548e-05,calm
2011-02-18,2.42181905701385e-05,1.435790772207311e-05,calm
2011-02-22,2.2687264019738453e-05,0.0001458035303788,calm
2011-02-23,6.160879151144194e-05,8.842513533705177e-05,calm
2011-02-24,6.936697271434413e-05,8.387350084143883e-05,calm
2011-02-25,6.574384403065941e-05,4.4698805675268e-05,calm
2011-02-28,5.9144539820672004e-05,3.0580310011967745e-05,calm
2011-03-01,5.39490289149163e-05,6.969199980526215e-05,calm
2011-03-02,8.845950754674397e-05,5.0355268985652974e-05,calm
2011-03-03,8.111340057076358e-05,9.074475694369822e-05,calm
2011-03-04,7.190920374101263e-05,5.779030829686026e-05,calm
2011-03-07,8.285155661888787e-05,7.297858750078786e-05,calm
2011-03-08,9.466056059816609e-05,4.654102515045888e-05,calm
2011-03-09,8.52623872859348e-05,6.219610267023637e-05,calm
2011-03-10,8.187102559098199e-05,0.000203013520129,calm
2011-03-11,0.00012593708225584974,5.088364559329599e-05,calm
2011-03-14,0.00011345377979739444,8.247146718284295e-05,calm
2011-03-15,0.00011969232523636602,0.0005259266245354,calm
2011-03-16,0.00014205627095048722,0.0002003886876956,calm
2011-03-17,0.00019092261207987862,0.0001814851288761,calm
2011-03-18,0.0001690675308909455,0.00013406925766,calm
2011-03-21,0.0001559851688781293,0.0001375443006583,calm
2011-03-22,0.0001378482973907213,2.545006714539485e-05,calm
2011-03-23,0.00013560608794183074,3.442962325424006e-05,calm
2011-03-24,0.0001233762052973441,2.76834792876599e-05,calm
2011-03-25,0.00011065331610001708,2.0370093417957912e-05,calm
2011-03-28,0.00010105810006916627,2.061616413546137e-05,calm
2011-03-29,9.89294312925002e-05,2.7972965369255708e-05,calm
2011-03-30,8.963401123130896e-05,1.705094979249867e-05,calm
2011-03-31,8.126782706718506e-05,2.9666353172874155e-05,calm
2011-04-04,7.820138719313429e-05,1.883702726295959e-05,calm
2011-04-05,7.239724244637468e-05,2.0060311812078146e-05,calm
2011-04-06,6.764295587332391e-05,6.935730631865061e-05,calm
2011-04-07,6.228599942016303e-05,2.7510879531417497e-05,calm
2011-04-11,6.281149552224566e-05,6.419952436715044e-05,calm
2011-04-12,6.420604607450173e-05,5.760901620961569e-05,calm
2011-04-13,7.50400337095002e-05,4.6200103358443615e-05,calm
2011-04-14,6.983613906343054e-05,2.5540169406701747e-05,calm
2011-04-18,6.47270480987078e-05,2.625235904368236e-05,calm
2011-04-19,8.46941304363966e-05,6.782599051124722e-05,calm
2011-04-20,7.707107885922587e-05,1.79142348664616e-05,calm
2011-04-25,6.861800514787354e-05,2.2592476955390103e-05,calm
2011-04-26,6.585133597043434e-05,2.452108981047688e-05,calm
2011-04-27,5.956999967594403e-05,1.5099657328660752e-05,calm
2011-04-28,5.431114986014061e-05,8.58382102700776e-06,calm
2011-05-02,5.015330724331758e-05,3.447613294018942e-05,calm
2011-05-03,4.95290354768288e-05,6.270218683635757e-05,calm
2011-05-04,5.253556134246533e-05,9.972172466244132e-05,calm
2011-05-05,6.141092464122987e-05,0.0001438927830552,calm
2011-05-09,7.586574710624683e-05,1.719341455431668e-05,calm
2011-05-10,6.953435282820467e-05,5.130003074394668e-05,calm
2011-05-11,6.287850123373514e-05,5.297219137231519e-05,calm
2011-05-12,8.098545175370602e-05,4.492979687618087e-05,calm
2011-05-16,7.395676309239926e-05,6.79595241649972e-05,calm
2011-05-17,8.215555283450464e-05,2.9241697364447137e-05,calm
2011-05-18,7.643476277632773e-05,3.7055280328601325e-05,calm
2011-05-19,6.899349625333307e-05,3.942391884027123e-05,calm
2011-05-23,6.365208784957944e-05,3.4144485749644044e-05,calm
2011-05-24,8.450232569226732e-05,4.0614319514591056e-05,calm
2011-05-25,7.998260401149683e-05,4.204424656077055e-05,calm
2011-05-26,7.337598957443733e-05,3.4745695253206325e-05,calm
2011-05-31,6.714852125855096e-05,6.122838668793894e-05,calm
2011-06-01,6.0411233851474075e-05,7.037996923738962e-05,calm
2011-06-02,0.00011425736062912148,0.0001582941349059,calm
2011-06-06,0.00010761995235639978,5.674614868623032e-05,calm
2011-06-07,0.0001269582804543293,5.514007241476984e-05,calm
2011-06-08,0.00011804411872821926,2.5419872929761795e-05,calm
2011-06-09,0.00011905066155307903,9.172735090604128e-05,calm
2011-06-13,0.00010739727622517517,0.0001090587122311,calm
2011-06-14,9.874773652627841e-05,0.0001364343426889,calm
2011-06-15,8.816995445651511e-05,7.710994068011213e-05,calm
2011-06-16,0.0001291944121106392,0.000117306288219,calm
2011-06-20,0.00011792056804177251,3.548542263122379e-05,calm
2011-06-21,0.00010707437618959415,3.626060591745582e-05,calm
2011-06-22,9.529151056687663e-05,0.0003592363371063,calm
2011-06-23,0.0001021643254206673,5.082565679739707e-05,calm
2011-06-27,0.00010095551056818521,3.2124040819697895e-05,calm
2011-06-28,9.099818398692738e-05,4.781503072112748e-05,calm
2011-06-29,8.11701386707679e-05,4.061285319996151e-05,calm
2011-06-30,7.3382686163999e-05,4.967994554796526e-05,calm
2011-07-05,6.620035682196032e-05,2.689939327279769e-05,calm
2011-07-06,6.319424988623976e-05,7.169933840344104e-05,calm
2011-07-07,5.86738758175246e-05,0.0001108848950702,calm
2011-07-11,5.285002924300371e-05,7.409577441656873e-05,calm
2011-07-12,9.038055986347443e-05,7.722567921397407e-05,calm
2011-07-13,9.321017024598583e-05,9.361751816153733e-05,calm
2011-07-14,8.541030366061094e-05,9.632823679279616e-05,calm
2011-07-18,9.460383775769643e-05,8.872147854031476e-05,calm
2011-07-19,0.00010699025410275531,2.549843465083299e-05,calm
2011-07-20,9.481177326641066e-05,9.197064540749034e-05,calm
2011-07-21,8.898282955218992e-05,2.289609244205236e-05,calm
2011-07-25,7.933457387961142e-05,2.469546219554257e-05,calm
2011-07-26,8.549893351426171e-05,0.000118913702522,calm
2011-07-27,8.725875176961022e-05,4.492033778355952e-05,calm
2011-07-28,0.00013714838016207572,0.0002106797545272,calm
2011-08-01,0.00013339298655178433,0.0001362794758716,calm
2011-08-02,0.00013361664367404638,0.0002130799940707,calm
2011-08-03,0.0002098752901049745,0.0004396521982625,calm
2011-08-04,0.00018856893879696593,0.0010861431105571,calm
2011-08-08,0.00040639092418214744,0.0015607229988121,calm
2011-08-09,0.0008613174051749601,0.0015734198257311,calm
2011-08-10,0.000727113354886665,0.0007446347309996,calm
2011-08-11,0.0009851600702363227,0.0003886922186,calm
2011-08-15,0.0008288221883210701,0.0003033574034531,calm
2011-08-16,0.0007086347872184275,0.0001382748966214,calm
2011-08-17,0.0006730651724007613,0.0010052588777701,calm
2011-08-18,0.0005894360079184347,0.0004163771591692,calm
2011-08-22,0.0008294769764585623,0.0002394839477837,calm
2011-08-23,0.0007227960426699567,0.0001872876470081,calm
2011-08-24,0.0006137152042822122,0.0003732760674809,calm
2011-08-25,0.0005313991456067,0.0003662589384973,calm
2011-08-29,0.0005561430132474381,0.0002176450023445,calm
2011-08-30,0.0004750761090929938,0.0001933994712384,calm
2011-08-31,0.00041875855593528384,0.000215655913859,calm
2011-09-01,0.00036926286571006416,0.0004645473706703,calm
2011-09-06,0.00037803005861054633,0.0002036261280501,calm
2011-09-07,0.0003701922468709378,0.0001893283056435,calm
2011-09-08,0.0003172239513904955,0.000383215845704,calm
2011-09-12,0.0003291297725085725,0.0001653459537123,calm
2011-09-13,0.00029071602517974745,0.0002287610291912,calm
2011-09-14,0.0002561901729670158,0.0001650758775017,calm
2011-09-15,0.00022454045472075523,0.0001197666677754,calm
2011-09-19,0.0001961574709057319,0.0001135307614229,calm
2011-09-20,0.00021263285097122204,0.0002261384432634,calm
2011-09-21,0.0001953309423204796,0.0011173442663123,calm
2011-09-22,0.0003069114651968654,0.0002774400408178,calm
2011-09-26,0.0004440472840527652,0.0004870790268771,calm
2011-09-27,0.00038207525144492066,0.0002445731583342,calm
2011-09-28,0.0003346534423647476,0.000562028037221,calm
2011-09-29,0.0003987069049393473,0.0005049099895407,calm
2011-10-03,0.000350584922633157,0.0007267240042017,calm
2011-10-04,0.0004640380637500141,0.0002843865443569,calm
2011-10-05,0.00040000137730836666,0.0001823214812192,calm
2011-10-06,0.0003468242740348648,0.0002047184326505,calm
2011-10-10,0.000301361562469944,0.0001303310486738,calm
2011-10-11,0.00025728988520610103,0.0001687296400536,calm
2011-10-12,0.00023025845576788462,0.0001695946298074,calm
2011-10-13,0.00020385620604855523,0.000221675559531,calm
2011-10-17,0.0001904683498372555,0.000231354227109,calm
2011-10-18,0.0002467169918804185,0.0001374227849837,calm
2011-10-19,0.00021462682470104017,0.0002100067651359,calm
2011-10-20,0.00023826287694200983,0.0001960088353782,calm
2011-10-24,0.00021261425223689562,0.0002155622847502,calm
2011-10-25,0.0001874235838082397,0.0003112079035346,calm
2011-10-26,0.000245112667748397,0.0006616970760231,calm
2011-10-27,0.00021651733422084054,8.637026437922611e-05,calm
2011-10-31,0.00018448497446376264,0.0002367220951013,calm
2011-11-01,0.0002654028765875483,0.0009656929184634,calm
2011-11-02,0.00037209565832338915,0.0003255793232157,calm
2011-11-03,0.00032438464916999515,0.0002501236442729,calm
2011-11-04,0.000282677998741689,0.0001540340988926,calm
2011-11-07,0.00027766804613209306,9.450561200691156e-05,calm
2011-11-08,0.0002464754393018804,0.0001240930198906,calm
2011-11-09,0.00021702334770364913,0.0005922209667006,calm
2011-11-10,0.0003773382869214203,0.0002700224710458,calm
2011-11-11,0.00033180103074888933,0.0001858628654852,calm
2011-11-14,0.00028924887492829516,7.984105641640929e-05,calm
2011-11-15,0.0002985540319920917,0.0001038825819842,calm
2011-11-16,0.00026526998635421575,0.0002439370176897,calm
2011-11-17,0.0003057433269833377,0.000203281411876,calm
2011-11-18,0.0003453104556798951,9.207688960280652e-05,calm
2011-11-21,0.0003125498233307065,0.0003289374129427,calm
2011-11-22,0.0003685077247835607,0.0001238007615842,calm
2011-11-23,0.00034578386411369857,0.0002222091514823,calm
2011-11-25,0.0004186888132698103,7.356725169968264e-05,calm
2011-11-28,0.0003806061812768538,0.0007899780140908,calm
2011-11-29,0.00032741251066746195,7.870956172680729e-05,calm
2011-11-30,0.0002913542773708464,0.0007088451526677,calm
2011-12-01,0.0002471984565123581,6.870588399345685e-05,calm
2011-12-02,0.00022282020904560714,0.0001108570257137,calm
2011-12-05,0.00020381987773003595,0.0002659068549598,calm
2011-12-06,0.00018061325260656995,5.12262294417342e-05,calm
2011-12-07,0.000163347479530727,0.000121369952746,calm
2011-12-08,0.00014702537601970155,0.0001638233556814,calm
2011-12-09,0.0002137712816705655,0.0001193666968594,calm
2011-12-12,0.00018753726028424936,0.0002102099434077,calm
2011-12-13,0.00022303784968595206,0.000184923889616,calm
2011-12-14,0.00023591400774159097,0.0001300252689424,calm
2011-12-15,0.00025358512154757704,0.0001482031157503,calm
2011-12-16,0.00022671292475133517,0.0001160943251004,calm
2011-12-19,0.00022170033169479817,9.05862687938204e-05,calm
2011-12-20,0.0002400991528466194,0.000316731032191,calm
2011-12-21,0.00020625621195221062,7.107408248239379e-05,calm
2011-12-22,0.00018571063726840315,2.8470780834441288e-05,calm
2011-12-23,0.0001654068044469342,2.2105238386547145e-05,calm
2011-12-27,0.0001475335123669046,2.1352012143961145e-05,calm
2011-12-28,0.00013399029916920526,3.888108414857559e-05,calm
2011-12-29,0.00016345472996977223,3.04486502391406e-05,calm
2011-12-30,0.0001454116710561867,1.7158468017474457e-05,calm
2012-01-03,0.00014686071674054028,0.0003049841630565,calm
2012-01-04,0.0001293960448422299,3.890710184958219e-05,calm
2012-01-05,0.00011764956092480607,6.515797739667469e-05,calm
2012-01-06,0.00010687463797953512,3.348536473204581e-05,calm
2012-01-09,0.00010432130778173856,1.974168966755715e-05,calm
2012-01-10,9.499797344007514e-05,0.0001274286095429,calm
2012-01-11,8.533337601868439e-05,4.084776862307181e-05,calm
2012-01-12,7.836190479528935e-05,4.106153449354368e-05,calm
2012-01-13,7.165964098311222e-05,0.000104544238332,calm
2012-01-17,7.746602999924198e-05,8.777894246988321e-05,calm
2012-01-18,7.057539454029762e-05,3.872876902864405e-05,calm
2012-01-19,6.324125678205684e-05,2.9729950467130063e-05,calm
2012-01-20,5.757404441271477e-05,1.7813525153193508e-05,calm
2012-01-23,5.271228093367805e-05,2.961763087372188e-05,calm
2012-01-24,5.366966041768664e-05,4.899248892965565e-05,calm
2012-01-25,5.187199505384129e-05,5.77174667725078e-05,calm
2012-01-26,4.69366881305868e-05,4.883637370790306e-05,calm
2012-01-27,5.3172290700696335e-05,3.1998099127832774e-05,calm
2012-01-30,5.020961984734048e-05,0.0001217185709649,calm
2012-01-31,5.296225379476545e-05,7.901718404213539e-05,calm
2012-02-01,4.9872973768993675e-05,8.556683889317936e-05,calm
2012-02-02,4.508372582494212e-05,2.2104800368233525e-05,calm
2012-02-03,4.1760966888022406e-05,9.6645942938878e-05,calm
2012-02-06,3.7331524616166805e-05,3.622238209246629e-05,calm
2012-02-07,3.597582770982283e-05,2.982289152609981e-05,calm
2012-02-08,3.33429393768861e-05,2.237268558021672e-05,calm
2012-02-09,3.087910079873214e-05,3.228904463423826e-05,calm
2012-02-10,2.8831095002419982e-05,9.358989587712998e-05,calm
2012-02-13,3.9118333429637525e-05,4.690565213574275e-05,calm
2012-02-14,3.5566189710584276e-05,3.1717626309871487e-05,calm
2012-02-15,3.526994132869034e-05,5.395375282093064e-05,calm
2012-02-16,4.0672280460275595e-05,3.00807661627311e-05,calm
2012-02-17,3.648388924544319e-05,2.0916536317296205e-05,calm
2012-02-21,3.3817265314485915e-05,2.9926650902791096e-05,calm
2012-02-22,3.1686744799860635e-05,2.4551182039089954e-05,calm
2012-02-23,3.465869683034816e-05,1.993731928808601e-05,calm
2012-02-24,3.190997445827584e-05,1.692877875594198e-05,calm
2012-02-27,2.9693648208319308e-05,6.88217800402775e-05,calm
2012-02-28,2.7725962154326406e-05,2.5818658088677705e-05,calm
2012-02-29,2.5759787711856987e-05,4.4358475972830144e-05,calm
2012-03-01,2.9872745526759926e-05,5.52997021151936e-05,calm
2012-03-02,2.7444261193391507e-05,2.479284423405272e-05,calm
2012-03-05,3.021203840245283e-05,3.208291962157205e-05,calm
2012-03-06,3.461760770742186e-05,0.0001292223877633,calm
2012-03-07,6.290172687024333e-05,2.504784109351829e-05,calm
2012-03-08,5.689423337301854e-05,6.346358216744232e-05,calm
2012-03-09,5.103045030315493e-05,2.2641260007094755e-05,calm
2012-03-12,4.6781977235196144e-05,2.0281134585090364e-05,calm
2012-03-13,4.359639999636746e-05,4.548335772533618e-05,calm
2012-03-14,3.816488716760212e-05,2.178604596435164e-05,calm
2012-03-15,3.741358178581238e-05,2.4231506054329194e-05,calm
2012-03-16,3.42000028571928e-05,1.4727339980913664e-05,calm
2012-03-19,3.675471343340699e-05,1.6638104157386555e-05,calm
2012-03-20,3.384661313423501e-05,5.581357967756558e-05,calm
2012-03-21,3.630111981375676e-05,1.914050799625005e-05,calm
2012-03-22,3.660769395117598e-05,6.554381363627071e-05,calm
2012-03-23,4.706148506817148e-05,1.822836193212128e-05,calm
2012-03-26,4.330284310254008e-05,1.4486205955651356e-05,calm
2012-03-27,3.8349765366476856e-05,3.343567585038475e-05,calm
2012-03-28,4.102363618017143e-05,6.522909326620424e-05,calm
2012-03-29,4.7098782646504315e-05,3.4114542105778865e-05,calm
2012-04-02,4.692037031777705e-05,5.401224429395893e-05,calm
2012-04-03,4.250641754657809e-05,0.0001043920155054,calm
2012-04-04,4.689777791861657e-05,2.88664387758584e-05,calm
2012-04-09,6.4186671506754e-05,6.519545757148817e-05,calm
2012-04-10,8.620453653873358e-05,0.000100789963319,calm
2012-04-11,0.00012859406594933854,2.322062655091499e-05,calm
2012-04-12,0.00011462923716047903,5.24132766509063e-05,calm
2012-04-16,0.00010124310272073356,7.035723218302853e-05,calm
2012-04-17,9.425695091979469e-05,4.563386024921558e-05,calm
2012-04-18,8.300710113212698e-05,8.270253573773732e-05,calm
2012-04-19,8.421379135309554e-05,4.030085771170916e-05,calm
2012-04-23,9.321239837469974e-05,3.16168218105666e-05,calm
2012-04-24,0.00010771823567932586,0.0001329333352019,calm
2012-04-25,9.742607309173049e-05,2.2611473617518767e-05,calm
2012-04-26,8.595889316074467e-05,2.780944214487193e-05,calm
2012-04-30,7.73543607270982e-05,4.828298259863768e-05,calm
2012-05-01,7.971209070782339e-05,5.153086874016891e-05,calm
2012-05-02,7.197860025333302e-05,4.010644912318834e-05,calm
2012-05-03,7.297397283340092e-05,7.119435687576865e-05,calm
2012-05-07,8.53110988760147e-05,0.0001023715795135,calm
2012-05-08,7.829784552506693e-05,0.000186740057948,calm
2012-05-09,8.137234819724645e-05,0.0001030743643289,calm
2012-05-10,8.91451190345156e-05,6.997402066982703e-05,calm
2012-05-14,8.14068954815922e-05,6.232345062955374e-05,calm
2012-05-15,0.00010363577318724453,7.900807976602752e-05,calm
2012-05-16,0.0001100847522272399,8.598359078272735e-05,calm
2012-05-17,0.00011077315606910406,8.786943632652968e-05,calm
2012-05-21,0.00014702562195954917,8.606340842957042e-05,calm
2012-05-22,0.0001283195346719669,0.000116506120944,calm
2012-05-23,0.00011636777793362001,8.10139927381339e-05,calm
2012-05-24,0.00010612671013850436,3.613137488977965e-05,calm
2012-05-29,9.660131299772929e-05,0.0001260042564746,calm
2012-05-30,8.556331767438106e-05,8.768275048546974e-05,calm
2012-05-31,0.00011910862686085643,0.0002236695020505,calm
2012-06-04,0.00011467333589966655,5.389168714864125e-05,calm
2012-06-05,0.00010603674261597116,8.9599882911639e-05,calm
2012-06-06,9.504271169358184e-05,0.0001433450163523,calm
2012-06-07,8.174466494089429e-05,4.9615283872675954e-05,calm
2012-06-11,7.518531483164389e-05,8.263207359359059e-05,calm
2012-06-12,0.0001020883829975739,8.540430263374963e-05,calm
2012-06-13,9.051417862805928e-05,8.915835495878956e-05,calm
2012-06-14,9.928766399909433e-05,3.5724534121877355e-05,calm
2012-06-18,8.827316749098794e-05,5.8111292578117935e-05,calm
2012-06-19,8.07041727906972e-05,7.656060070234522e-05,calm
2012-06-20,7.207152807645157e-05,6.76862166962777e-05,calm
2012-06-21,7.008241825153263e-05,4.263915162794018e-05,calm
2012-06-25,0.00013171055313192172,4.860012022850214e-05,calm
2012-06-26,0.00017354508939481487,4.135767106026526e-05,calm
2012-06-27,0.00015520339686895764,0.0001272586548154,calm
2012-06-28,0.00013789500537782248,0.000244701141918,calm
2012-07-02,0.0001337503059518383,1.4775053544635136e-05,calm
2012-07-05,0.000120910539791491,0.0001033687487941,calm
2012-07-09,0.00012293469448568028,7.665336108707708e-05,calm
2012-07-10,0.00011564058552621779,5.666221507189737e-05,calm
2012-07-11,0.00013067164241030652,0.0001008161472533,calm
2012-07-12,0.00011906567034926083,5.0072674235071045e-05,calm
2012-07-16,0.00012210756742579384,9.070389177571732e-05,calm
2012-07-17,0.00011783019811254341,2.8421573425301804e-05,calm
2012-07-18,0.00010572444235870817,3.598985667629793e-05,calm
2012-07-19,9.48921728943835e-05,5.518798239174988e-05,calm
2012-07-23,8.645480289445294e-05,7.654682237739664e-05,calm
2012-07-24,0.00010569345396198227,5.978383074313445e-05,calm
2012-07-25,0.00012035136268512617,0.0003058355428357,calm
2012-07-26,0.00010977351657354839,8.342990921611934e-05,calm
2012-07-30,9.630431491091855e-05,3.496929008963927e-05,calm
2012-07-31,8.844629428556605e-05,6.843387634041e-05,calm
2012-08-01,9.873995565401722e-05,0.0001298245382131,calm
2012-08-02,9.266592822335814e-05,0.0002096643767229,calm
2012-08-06,0.00010258940414444995,3.391164081453909e-05,calm
2012-08-07,9.345298923285203e-05,2.5739623613498164e-05,calm
2012-08-08,8.456926229539959e-05,1.835847287304024e-05,calm
2012-08-09,7.747979509695593e-05,3.89736578095405e-05,calm
2012-08-13,7.115875138619553e-05,2.365541729874731e-05,calm
2012-08-14,6.665581671938527e-05,1.177752167494828e-05,calm
2012-08-15,6.147201690053209e-05,1.3425341025138576e-05,calm
2012-08-16,5.6569370604853806e-05,7.001791764425687e-06,calm
2012-08-20,5.1239955601889206e-05,3.3930663858682106e-05,calm
2012-08-21,4.7487730392850986e-05,3.7089232017258735e-05,calm
2012-08-22,4.951013024077219e-05,3.984932732470013e-05,calm
2012-08-23,4.5814577692023726e-05,2.689926562398257e-05,calm
2012-08-27,5.880087624486432e-05,2.5538017095215568e-05,calm
2012-08-28,5.4277256331536626e-05,1.2040171559416912e-05,calm
2012-08-29,5.202153948610647e-05,4.755492678973102e-05,calm
2012-08-30,4.799537629489088e-05,0.0001127480578983,calm
2012-09-04,5.877583658015246e-05,1.957833649500373e-05,calm
2012-09-05,5.5984014015689045e-05,7.66222748124791e-05,calm
2012-09-06,5.32550892834457e-05,1.133639571907586e-05,calm
2012-09-10,4.743166741005666e-05,1.5029954874582336e-05,calm
2012-09-11,5.487573713703279e-05,2.601793789320067e-05,calm
2012-09-12,5.042474731538664e-05,6.025276581838828e-05,calm
2012-09-13,4.632003739107042e-05,4.818068046913037e-05,calm
2012-09-17,4.109340571958079e-05,1.853772857602845e-05,calm
2012-09-18,4.4161105162298e-05,2.38946300150818e-05,calm
2012-09-19,4.258901095613747e-05,4.416107314989428e-05,calm
2012-09-20,3.966589701178974e-05,3.041274257982312e-05,calm
2012-09-24,3.7055326939636784e-05,3.423097793865492e-05,calm
2012-09-25,3.703452296635581e-05,3.591889567568471e-05,calm
2012-09-26,5.51554157438491e-05,3.3672464761823935e-05,calm
2012-09-27,6.245787661878531e-05,4.069027283187193e-05,calm
2012-10-01,5.615001035524182e-05,4.984070856673392e-05,calm
2012-10-02,5.1628148718191734e-05,3.138067474574152e-05,calm
2012-10-03,4.7805783923873e-05,3.559074342526186e-05,calm
2012-10-04,4.386076705499336e-05,4.070417846334557e-05,calm
2012-10-08,3.986428888987039e-05,3.174823811372e-05,calm
2012-10-09,4.299793375953532e-05,2.5290673266691225e-05,calm
2012-10-10,5.9749817045700194e-05,6.139073601278572e-05,calm
2012-10-11,6.875753142117855e-05,2.5330098632767508e-05,calm
2012-10-15,6.334358753810604e-05,2.785233746867163e-05,calm
2012-10-16,5.712548062110583e-05,1.5745012037851736e-05,calm
2012-10-17,5.129124778660569e-05,3.540957238847098e-05,calm
2012-10-18,4.694050307168461e-05,6.018656731008063e-05,calm
2012-10-22,4.8330129200488964e-05,0.0001765566189366,calm
2012-10-23,4.4962453387127254e-05,5.429834793092829e-05,calm
2012-10-24,7.242246168365405e-05,0.0001083287131471,calm
2012-10-25,7.286227888654402e-05,6.296278117322756e-05,calm
2012-10-31,6.659793450212798e-05,5.3407105091254416e-05,calm
2012-11-01,6.156753351268008e-05,3.741028092080471e-05,calm
2012-11-02,5.520373744117063e-05,4.516433823150892e-05,calm
2012-11-05,7.015042591387213e-05,2.421946598864764e-05,calm
2012-11-06,6.434309019922811e-05,4.121185366659854e-05,calm
2012-11-07,5.810815516487555e-05,0.0002762342394764,calm
2012-11-08,0.00011855290398102731,6.673557381500837e-05,calm
2012-11-09,0.00014459032089168749,8.893758769889924e-05,calm
2012-11-12,0.0001307402315035489,2.352204228345602e-05,calm
2012-11-13,0.0001185838749910506,8.837113898340802e-05,calm
2012-11-14,0.00011743273545771782,7.852655197722172e-05,calm
2012-11-15,0.0001485681562842156,7.456799350022986e-05,calm
2012-11-16,0.00013957200133133595,8.976071102457922e-05,calm
2012-11-19,0.00012538275703419618,0.0001683007005373,calm
2012-11-20,0.00010946178916287121,6.227230808902253e-05,calm
2012-11-21,9.991025811683254e-05,1.328067877673953e-05,calm
2012-11-23,9.10637111856917e-05,3.335191367277284e-05,calm
2012-11-26,8.06957611105174e-05,5.280680884305069e-05,calm
2012-11-27,7.903135392098255e-05,4.583094631916258e-05,calm
2012-11-28,8.455601606858468e-05,9.923239501647353e-05,calm
2012-11-29,7.60728618732308e-05,8.122214576298956e-05,calm
2012-11-30,6.919320811737517e-05,2.621522388862159e-05,calm
2012-12-03,6.388570168434283e-05,5.716781444643248e-05,calm
2012-12-04,6.944769700099518e-05,3.79428950117525e-05,calm
2012-12-05,6.706446949483791e-05,4.688735870652034e-05,calm
2012-12-06,6.164305969184038e-05,2.7822664154467448e-05,calm
2012-12-07,5.646065419354177e-05,3.756443941463415e-05,calm
2012-12-10,5.184753720633466e-05,1.6628014326916485e-05,calm
2012-12-11,4.808910544070488e-05,3.905595044054508e-05,calm
2012-12-12,4.373487275815444e-05,3.2103749187647705e-05,calm
2012-12-13,4.0689952838858334e-05,3.012319856349701e-05,calm
2012-12-14,4.895325156839637e-05,3.0831574839044194e-05,calm
2012-12-17,5.234356683073633e-05,3.437120072587716e-05,calm
2012-12-18,4.686590725624092e-05,2.75084785744669e-05,calm
2012-12-19,4.2046903955667125e-05,2.5230850792668583e-05,calm
2012-12-20,5.305665414027575e-05,3.234237026769193e-05,calm
2012-12-21,4.83608490237702e-05,0.0001528189940996,calm
2012-12-24,8.268529279536627e-05,9.387796808350876e-06,calm
2012-12-26,8.303664959732025e-05,2.229001460692664e-05,calm
2012-12-27,8.611728412564088e-05,7.522437191522163e-05,calm
2012-12-28,8.214110212338337e-05,6.864994577711682e-05,calm
2012-12-31,0.00010316219527807312,9.9800112962042e-05,calm
2013-01-02,9.083319324383779e-05,0.0003998754125332,calm
2013-01-03,7.856890764969661e-05,2.877280132531701e-05,calm
2013-01-04,7.724673400458465e-05,2.059038508901497e-05,calm
2013-01-07,7.022086042587579e-05,3.326206726152528e-05,calm
2013-01-08,7.058196167465612e-05,2.154543356157129e-05,calm
2013-01-09,7.126074687275378e-05,1.9297589354295653e-05,calm
2013-01-10,6.525580732145612e-05,2.0224199506513203e-05,calm
2013-01-11,5.890090549173119e-05,1.058118454845889e-05,calm
2013-01-14,5.4766047334000133e-05,1.5782705881397227e-05,calm
2013-01-15,5.2132671429886904e-05,2.837754542255928e-05,calm
2013-01-16,4.8351103698345495e-05,1.355334985286304e-05,calm
2013-01-17,4.529992334442351e-05,2.429108862798138e-05,calm
2013-01-18,4.125836734991329e-05,1.2861965032070728e-05,calm
2013-01-22,3.821666267419576e-05,1.2411988371334658e-05,calm
2013-01-23,3.501172672044863e-05,7.592427693681032e-06,calm
2013-01-24,3.2600103412631234e-05,1.8827176710806687e-05,calm
2013-01-25,3.0569634109531015e-05,3.02764226577382e-05,calm
2013-01-28,2.804733967212218e-05,1.262825579769491e-05,calm
2013-01-29,2.8075222740278964e-05,1.6187684869431636e-05,calm
2013-01-30,2.5962925638583906e-05,2.09092179074234e-05,calm
2013-01-31,3.0054649141341317e-05,2.9371916164567862e-05,calm
2013-02-01,3.186576936905371e-05,4.667615910969572e-05,calm
2013-02-04,2.8700253551931004e-05,5.3222324391733134e-05,calm
2013-02-05,4.720874928714261e-05,4.338277753248456e-05,calm
2013-02-06,4.245551404326886e-05,3.696884506327915e-05,calm
2013-02-07,3.950915963319574e-05,3.553096924931811e-05,calm
2013-02-08,3.9096367570953275e-05,1.4858985533263876e-05,calm
2013-02-11,3.5777183221554505e-05,8.239588701751283e-06,calm
2013-02-12,3.388393072011536e-05,7.453805186752834e-06,calm
2013-02-13,3.157063874826435e-05,1.842833059757055e-05,calm
2013-02-14,2.9558881989621864e-05,2.3600096409362045e-05,calm
2013-02-15,2.7701306279703918e-05,1.883684365720955e-05,calm
2013-02-19,2.7747658171215463e-05,1.4263749582525975e-05,calm
2013-02-20,2.527802568164354e-05,2.414955318655678e-05,calm
2013-02-21,4.612428646231264e-05,5.206624911544685e-05,calm
2013-02-22,5.440683531945916e-05,4.186252501170508e-05,calm
2013-02-25,4.8921005015545164e-05,8.787405534139898e-05,calm
2013-02-26,9.427221824077537e-05,7.180103692033423e-05,calm
2013-02-27,8.476567853506943e-05,3.30599284682281e-05,calm
2013-02-28,7.541666806278521e-05,3.1437288786903195e-05,calm
2013-03-01,7.368042862315449e-05,8.625860729561744e-05,calm
2013-03-04,6.717802486039396e-05,2.7543344456191208e-05,calm
2013-03-05,6.102139224427622e-05,5.865733896844221e-05,calm
2013-03-06,5.493755643718764e-05,2.3545224786428843e-05,calm
2013-03-07,5.0708935215560236e-05,1.5450122880313302e-05,calm
2013-03-08,4.6829433355572654e-05,2.0637116211646523e-05,calm
2013-03-11,4.2939086949852344e-05,9.153525703416009e-06,calm
2013-03-12,3.949143425602927e-05,1.7060011026442335e-05,calm
2013-03-13,4.0632661600288944e-05,1.2882094535612389e-05,calm
2013-03-14,3.7767067784355e-05,1.3870996832820092e-05,calm
2013-03-15,3.4589505840691495e-05,1.526929430908865e-05,calm
2013-03-18,4.203285350938262e-05,0.000119838337724,calm
2013-03-19,4.917481522513912e-05,7.129016940563635e-05,calm
2013-03-20,4.9992081325571235e-05,5.758186616021913e-05,calm
2013-03-21,4.534871996415922e-05,5.290476289765424e-05,calm
2013-03-22,5.910591890693967e-05,3.332018065767891e-05,calm
2013-03-25,5.3328331399419735e-05,4.72878450823159e-05,calm
2013-03-26,5.7620197452431135e-05,2.880351498297227e-05,calm
2013-03-27,5.200708248577968e-05,6.680165414044689e-05,calm
2013-03-28,4.842903282183825e-05,1.258246753277589e-05,calm
2013-04-01,4.4580227213846306e-05,3.444092707341793e-05,calm
2013-04-02,4.864635644811987e-05,3.440428412456607e-05,calm
2013-04-03,4.4469386779272805e-05,4.033892637543374e-05,calm
2013-04-04,6.193550612550638e-05,0.0001931349366465,calm
2013-04-08,5.656588508167465e-05,2.3895552756355703e-05,calm
2013-04-09,5.127115665895451e-05,3.6150123460505e-05,calm
2013-04-10,4.708117692280246e-05,1.84645679879864e-05,calm
2013-04-11,4.1950624748492614e-05,4.448918276009261e-05,calm
2013-04-15,3.866338952646101e-05,7.275846560740251e-05,calm
2013-04-16,9.785050592283954e-05,0.0001302344265993,calm
2013-04-17,8.685131125755966e-05,6.784704614114405e-05,calm
2013-04-18,0.00012110948431881999,3.899180621419903e-05,calm
2013-04-22,0.00012781178547780213,0.0001851891684182,calm
2013-04-23,0.00011489450881962741,1.427300166638192e-05,calm
2013-04-24,0.00010245374460962837,2.610507571500376e-05,calm
2013-04-25,9.334248357816494e-05,1.7877119257672902e-05,calm
2013-04-29,8.461935274092875e-05,2.2011346143895227e-05,calm
2013-04-30,7.640299741349977e-05,3.603276479960991e-05,calm
2013-05-01,6.98556500358797e-05,2.494463825834536e-05,calm
2013-05-02,8.492174737208273e-05,0.0001080552857433,calm
2013-05-06,7.621877261723505e-05,1.6900373727138884e-05,calm
2013-05-07,6.967383617998568e-05,1.046981371066436e-05,calm
2013-05-08,6.338420025665813e-05,2.6764550271978384e-05,calm
2013-05-09,5.783839597172715e-05,2.903387023421825e-05,calm
2013-05-13,5.912443485373595e-05,1.920314015380076e-05,calm
2013-05-14,5.4638318783639596e-05,2.4073426285490263e-05,calm
2013-05-15,4.911885506607097e-05,3.1126669115749685e-05,calm
2013-05-16,4.4888036699352556e-05,2.180143436279464e-05,calm
2013-05-20,5.034481406180662e-05,2.9020951579786607e-05,calm
2013-05-21,4.7013603700177934e-05,0.0001168216157796,calm
2013-05-22,4.35720627250635e-05,0.0001229516073117,calm
2013-05-23,5.4645079839430066e-05,3.206491142063691e-05,calm
2013-05-28,5.626092444230145e-05,6.382454937748322e-05,calm
2013-05-29,5.121459830059104e-05,2.75371374106984e-05,calm
2013-05-30,6.0431814956155814e-05,5.805129493504152e-05,calm
2013-06-03,5.533116660782322e-05,6.504352802033943e-05,calm
2013-06-04,5.045492523763061e-05,6.130013043479401e-05,calm
2013-06-05,5.6064355323361545e-05,6.73316024556623e-05,calm
2013-06-06,8.50393992567748e-05,4.783716672954495e-05,calm
2013-06-10,7.6317966911781e-05,0.0001185618538796,calm
2013-06-11,7.036836756797167e-05,7.663961806763483e-05,calm
2013-06-12,8.964887266355788e-05,4.34500694535026e-05,calm
2013-06-13,0.00010340482762760724,5.105118700065468e-05,calm
2013-06-17,9.135266067010984e-05,1.816416879585006e-05,calm
2013-06-18,8.215676611135615e-05,0.0001116591987143,calm
2013-06-19,7.39696660892565e-05,0.0001485521246127,calm
2013-06-20,0.00010404699882724806,0.0001465848806463,calm
2013-06-24,0.00018185550580186868,9.077030782176368e-05,calm
2013-06-25,0.00020987076969503633,7.500695769578098e-05,calm
2013-06-26,0.00018534457680755264,4.778856197437349e-05,calm
2013-06-27,0.00016403014674952948,4.9997614505674e-05,calm
2013-07-01,0.0001465022045953209,3.483440749125189e-05,calm
2013-07-02,0.0001311805813214584,3.332706049070701e-05,calm
2013-07-08,0.00012182026345538088,2.329325994875133e-05,calm
2013-07-09,0.0001095445975786133,4.5023152651635546e-05,calm
2013-07-10,9.837988272923907e-05,7.846823342796871e-05,calm
2013-07-11,8.995148847818949e-05,1.213939712636634e-05,calm
2013-07-15,7.979306206336003e-05,1.2745217936119823e-05,calm
2013-07-16,7.264025450750613e-05,2.273870207197657e-05,calm
2013-07-17,7.519873690769344e-05,1.4100411803922824e-05,calm
2013-07-18,6.877106722828705e-05,1.0021525079290436e-05,calm
2013-07-22,6.24807859878232e-05,9.414115774175669e-06,calm
2013-07-23,5.7444052841337243e-05,1.7825523730800247e-05,calm
2013-07-24,5.737465369657102e-05,2.1588335771644783e-05,calm
2013-07-25,6.044473429189494e-05,2.809942874066389e-05,calm
2013-07-29,5.551938955697303e-05,1.8720605010989987e-05,calm
2013-07-30,5.745093852563997e-05,4.68155537409335e-05,calm
2013-07-31,5.3313646765386855e-05,5.5994048253715896e-05,calm
2013-08-01,4.933047449133337e-05,9.618943555227105e-06,calm
2013-08-05,4.423378842730569e-05,1.565664522492551e-05,calm
2013-08-06,4.375552562859948e-05,2.825318477902079e-05,calm
2013-08-07,5.12258018385543e-05,2.3951829281094727e-05,calm
2013-08-08,5.367025460930924e-05,1.99360314838056e-05,calm
2013-08-12,4.920130480473218e-05,1.993458763119144e-05,calm
2013-08-13,4.787733928196093e-05,1.883599974566273e-05,calm
2013-08-14,4.40677716678243e-05,6.233391068710357e-05,calm
2013-08-15,5.041241123866759e-05,2.8891546149637337e-05,calm
2013-08-19,7.905961278363506e-05,1.5212916813074897e-05,calm
2013-08-20,8.788011903403853e-05,5.745000223594421e-05,calm
2013-08-21,7.955414251804e-05,1.6766082942989694e-05,calm
2013-08-22,8.774073578828627e-05,1.3268962512877132e-05,calm
2013-08-26,7.865327391174918e-05,7.525640805707829e-05,calm
2013-08-27,8.07980245442828e-05,2.261651924970445e-05,calm
2013-08-28,0.00011930840552809101,2.413103326444652e-05,calm
2013-08-29,0.00010767857298048673,5.153271462479877e-05,calm
2013-09-03,9.78459161097479e-05,2.234162660140374e-05,calm
2013-09-04,8.850509438855794e-05,1.6898111084971323e-05,calm
2013-09-05,7.950486834045724e-05,7.434182323475571e-05,calm
2013-09-09,7.282652283887155e-05,2.229045233475752e-05,calm
2013-09-10,6.538468857987783e-05,1.1983048725361513e-05,calm
2013-09-11,5.9126928154633394e-05,1.252915781934448e-05,calm
2013-09-12,5.421397288698447e-05,1.1283075281249904e-05,calm
2013-09-16,5.535644223393939e-05,6.368149607941947e-06,calm
2013-09-17,5.040768383133465e-05,5.711972906627449e-05,calm
2013-09-18,4.6153495236968306e-05,1.7987318089862578e-05,calm
2013-09-19,4.139591518293571e-05,1.8516697182988106e-05,calm
2013-09-23,4.1441552242383975e-05,1.847976451504069e-05,calm
2013-09-24,4.679628581592299e-05,3.24623538010949e-05,calm
2013-09-25,4.7752939658850004e-05,2.795398775058528e-05,calm
2013-09-26,4.9658231286921254e-05,2.5725205899953305e-05,calm
2013-09-30,4.5567460263357544e-05,3.313825455835051e-05,calm
2013-10-01,5.229379304793337e-05,4.087825811056895e-05,calm
2013-10-02,4.734414517483481e-05,7.50730846501711e-05,calm
2013-10-03,4.575049975281064e-05,1.8972115776006096e-05,calm
2013-10-07,6.108205291029322e-05,4.9340451820817575e-05,calm
2013-10-08,7.564955790442571e-05,4.818721755251e-05,calm
2013-10-09,9.916964975280105e-05,9.850877046576063e-05,calm
2013-10-10,9.042325562992218e-05,2.332178400830896e-05,calm
2013-10-14,7.881519874861588e-05,5.4461087311235945e-05,calm
2013-10-15,7.164484747119938e-05,5.886075662534087e-05,calm
2013-10-16,8.282050485621308e-05,2.33430367157146e-05,calm
2013-10-17,7.337624248602713e-05,1.6452412894633686e-05,calm
2013-10-21,6.630024756537681e-05,2.9907462655190705e-05,calm
2013-10-22,6.117122753532136e-05,2.9454228312545457e-05,calm
2013-10-23,5.5568953199957226e-05,1.299103802915796e-05,calm
2013-10-24,6.10927522134711e-05,9.513243224253696e-06,calm
2013-10-28,5.5917086246263224e-05,9.52664751961964e-06,calm
2013-10-29,5.1556712360335534e-05,1.640520228721243e-05,calm
2013-10-30,4.701773995774049e-05,3.528202092481608e-05,calm
2013-10-31,5.3051620026420096e-05,3.061737410680147e-05,calm
2013-11-01,5.4645726576571555e-05,3.289620876110868e-05,calm
2013-11-04,5.02779780566867e-05,1.3421313021209632e-05,calm
2013-11-05,4.6150903629580407e-05,2.015868145506784e-05,calm
2013-11-06,4.867266682645453e-05,1.902453704639641e-05,calm
2013-11-07,4.445247785513341e-05,3.858023697859154e-05,calm
2013-11-08,6.850891123695552e-05,3.4576145673068906e-05,calm
2013-11-11,6.0762313568746617e-05,1.132367533256425e-05,calm
2013-11-12,5.617377188246363e-05,2.411372822156397e-05,calm
2013-11-13,5.6013094911921666e-05,2.0346271791553305e-05,calm
2013-11-14,5.056432739296384e-05,2.033830996724199e-05,calm
2013-11-15,4.616954643846683e-05,6.290719167204106e-06,calm
2013-11-18,4.230548426091538e-05,2.259103607789826e-05,calm
2013-11-19,4.5575012476045726e-05,3.033770148641362e-05,calm
2013-11-20,4.6304461244745485e-05,3.934409664273176e-05,calm
2013-11-21,4.8757140215018674e-05,1.867593989167085e-05,calm
2013-11-22,4.406033947938112e-05,6.013575982382761e-06,calm
2013-11-25,4.0301101238086855e-05,7.814411027034557e-06,calm
2013-11-26,3.933356679536115e-05,9.038872724685283e-06,calm
2013-11-27,3.672306876478617e-05,5.7965562825262354e-06,calm
2013-11-29,3.402373137835157e-05,8.007068260551874e-06,calm
2013-12-02,3.296445123663298e-05,1.342522449108462e-05,calm
2013-12-03,3.49313692326457e-05,2.3429564339732177e-05,calm
2013-12-04,3.977631035708895e-05,5.936140594044209e-05,calm
2013-12-05,3.741581238799748e-05,2.9109590566727915e-05,calm
2013-12-06,4.237897975726829e-05,6.818695392308636e-05,calm
2013-12-09,3.7943816480636565e-05,1.1847332482892784e-05,calm
2013-12-10,3.510985260964811e-05,1.0922272434705454e-05,calm
2013-12-11,3.866175786740867e-05,2.782344446188182e-05,calm
2013-12-12,5.8450578022188345e-05,2.9904560948995533e-05,calm
2013-12-13,6.071469781500724e-05,2.07722015527102e-05,calm
2013-12-16,5.646069255724703e-05,4.439311236062338e-05,calm
2013-12-17,5.122482037759192e-05,1.9321715141071185e-05,calm
2013-12-18,5.35521712411292e-05,0.0001008888549621,calm
2013-12-19,4.698647018049936e-05,1.743028477614924e-05,calm
2013-12-20,4.582389561227615e-05,1.210992995418827e-05,calm
2013-12-23,4.261531923593327e-05,1.2532225610432078e-05,calm
2013-12-24,3.8922062045832764e-05,1.621000604694435e-06,calm
2013-12-26,3.605416672183083e-05,4.391827701393773e-06,calm
2013-12-27,3.303523503928048e-05,5.107946832032988e-06,calm
2013-12-30,3.117509589794103e-05,3.0790409775692065e-06,calm
2013-12-31,2.9608463395922402e-05,7.969681062367858e-06,calm
2014-01-02,2.7237633663741918e-05,3.255498217488599e-05,calm
2014-01-03,4.1880472628723605e-05,1.6415690871481668e-05,calm
2014-01-06,3.945487754756822e-05,2.8232603597865537e-05,calm
2014-01-07,4.171359815620704e-05,1.5213536311641647e-05,calm
2014-01-08,3.800182636683316e-05,2.5493329426504343e-05,calm
2014-01-09,3.551122858190893e-05,2.006325441956697e-05,calm
2014-01-10,3.3167002561972806e-05,1.74566389027895e-05,calm
2014-01-13,3.073201438722603e-05,2.2327287699645443e-05,calm
2014-01-14,5.470235330633932e-05,2.4486920946960045e-05,calm
2014-01-15,4.8865079280148846e-05,1.5194090114100053e-05,calm
2014-01-16,4.452817984965428e-05,1.383576628292614e-05,calm
2014-01-17,4.379190498678293e-05,1.3147471880133677e-05,calm
2014-01-21,4.840468898619406e-05,4.4313197711422674e-05,calm
2014-01-22,4.4529186800163886e-05,9.843199115575172e-06,calm
2014-01-23,4.141228481806905e-05,5.075610160738533e-05,calm
2014-01-24,5.416169170455437e-05,8.223232190305382e-05,calm
2014-01-27,0.00010930904835501518,6.582663305254619e-05,calm
2014-01-28,0.00011290978104655079,2.826139733786185e-05,calm
2014-01-29,0.00010127617792296358,0.0001086141458709,calm
2014-01-30,0.00011925253736950507,6.086281479405956e-05,calm
2014-01-31,0.00010574950534580719,0.0001220234512135,calm
2014-02-03,0.00011229270809133694,9.347750947434678e-05,calm
2014-02-04,0.0001810942709001527,6.723097597798058e-05,calm
2014-02-05,0.00016067238490892238,8.59228728036382e-05,calm
2014-02-06,0.0001491091811221994,3.108233233136862e-05,calm
2014-02-07,0.00013111898517887143,4.273847213232206e-05,calm
2014-02-10,0.00011564360753680156,9.764488430791248e-06,calm
2014-02-11,0.00010490558094062441,1.7329855172087688e-05,calm
2014-02-12,9.305947001793938e-05,2.1005101743389755e-05,calm
2014-02-13,8.518561746986325e-05,2.4270841032429988e-05,calm
2014-02-14,7.703374370628382e-05,1.4683413929556131e-05,calm
2014-02-18,6.969431938129527e-05,1.2511295189463475e-05,calm
2014-02-19,6.408655685528136e-05,2.9636052533792185e-05,calm
2014-02-20,7.381216881130396e-05,2.6279029763340085e-05,calm
2014-02-21,6.673549209131498e-05,1.6938636396276435e-05,calm
2014-02-24,6.409850309869744e-05,3.39708807950838e-05,calm
2014-02-25,5.813662160582347e-05,3.2277348614820194e-05,calm
2014-02-26,5.472337611632907e-05,2.9930726015769184e-05,calm
2014-02-27,5.0816145608601215e-05,2.751119505590636e-05,calm
2014-02-28,4.628070624658281e-05,3.734304790226732e-05,calm
2014-03-03,4.26668220395317e-05,8.342618306575553e-05,calm
2014-03-04,5.303753804531728e-05,9.3614935484596e-05,calm
2014-03-05,4.67193928112702e-05,1.7253413593025153e-05,calm
2014-03-06,4.337020738343405e-05,1.632783587567663e-05,calm
2014-03-07,4.0078571577118384e-05,3.0768694494235355e-05,calm
2014-03-10,3.740003889818449e-05,2.25765886549322e-05,calm
2014-03-11,3.5927579551951524e-05,2.5070371853746097e-05,calm
2014-03-12,4.197661573431555e-05,4.582604649869859e-05,calm
2014-03-13,3.914810172059288e-05,5.3405591768386525e-05,calm
2014-03-14,5.905780946594834e-05,4.645109377820266e-05,calm
2014-03-17,6.035589056968947e-05,5.589180602092489e-05,calm
2014-03-18,5.407451290035925e-05,2.3263023353014805e-05,calm
2014-03-19,4.883656971317345e-05,5.737088070832004e-05,calm
2014-03-20,5.5693183518582204e-05,2.949287112236503e-05,calm
2014-03-21,5.053081160291375e-05,5.056763880684458e-05,calm
2014-03-24,6.398048666345702e-05,4.8363864278947446e-05,calm
2014-03-25,6.791085630071017e-05,5.831252666388808e-05,calm
2014-03-26,6.168197274970095e-05,4.157790890410236e-05,calm
2014-03-27,7.279766197125844e-05,6.379952705465706e-05,calm
2014-03-28,7.172572678267467e-05,3.804033180967874e-05,calm
2014-03-31,6.505430030540498e-05,2.269375051233956e-05,calm
2014-04-01,5.843468800029235e-05,1.3909287911723622e-05,calm
2014-04-02,5.284307026640034e-05,1.4625970831712455e-05,calm
2014-04-03,4.845547617710839e-05,6.011205235983724e-05,calm
2014-04-07,4.7529130410834745e-05,3.9192443304214673e-05,calm
2014-04-08,6.769500055040297e-05,2.993915332631872e-05,calm
2014-04-09,6.163099276542354e-05,6.909755602998558e-05,calm
2014-04-10,5.4890436147238366e-05,0.0001014775653329,calm
2014-04-14,0.00010847515001638737,8.425775870122111e-05,calm
2014-04-15,9.689972820788215e-05,4.70572752713774e-05,calm
2014-04-16,8.694666680494426e-05,2.2433936352456448e-05,calm
2014-04-21,7.736003070334939e-05,1.0764188861432677e-05,calm
2014-04-22,7.037977184319855e-05,1.3286724420686067e-05,calm
2014-04-23,6.393158797483388e-05,3.470482849251508e-05,calm
2014-04-24,6.39635439990629e-05,3.438580766340725e-05,calm
2014-04-28,5.8738191549535455e-05,2.5018948125162e-05,calm
2014-04-29,5.3801743331869204e-05,2.4780821503217164e-05,calm
2014-04-30,4.907454126542564e-05,2.035526524518403e-05,calm
2014-05-01,4.5127100468760634e-05,3.165960800692476e-05,calm
2014-05-05,4.2082770036498454e-05,2.632450172204425e-05,calm
2014-05-06,3.898111647705887e-05,8.045673224661617e-05,calm
2014-05-07,5.278818015125931e-05,2.6975789732296e-05,calm
2014-05-08,4.7921985926894356e-05,3.1153749602300084e-05,calm
2014-05-12,4.659869575004875e-05,1.0046886386702469e-05,calm
2014-05-13,4.1687875936447964e-05,1.5017947116438884e-05,calm
2014-05-14,3.88052405462038e-05,4.776460280175509e-05,calm
2014-05-15,4.447031617794203e-05,2.186866437842763e-05,calm
2014-05-19,5.8793053464004055e-05,2.740339562849116e-05,calm
2014-05-20,5.374667129766529e-05,2.4424051146246227e-05,calm
2014-05-21,6.269330280582828e-05,9.102822141658089e-06,calm
2014-05-22,5.626341783325032e-05,4.2404805931385175e-06,calm
2014-05-27,5.1722327420313976e-05,8.592864800407318e-06,calm
2014-05-28,4.690838218771835e-05,1.3170070810721676e-05,calm
2014-05-29,4.5085230107661e-05,8.388390980888676e-06,calm
2014-06-02,4.1121873587345686e-05,9.464119302739543e-06,calm
2014-06-03,3.8247413474952656e-05,8.651989023105447e-06,calm
2014-06-04,3.672826966768665e-05,1.5215754666660785e-05,calm
2014-06-05,3.408542162368145e-05,7.234254948140449e-06,calm
2014-06-09,3.0975376303836725e-05,8.821032854256658e-06,calm
2014-06-10,2.8977872025594092e-05,1.692376753719989e-05,calm
2014-06-11,2.7278832217777004e-05,1.749788437222487e-05,calm
2014-06-12,3.075967076999514e-05,1.886188346007451e-05,calm
2014-06-16,4.0634596255351866e-05,1.3773249344453452e-05,calm
2014-06-17,3.78401101811175e-05,1.7581724974053463e-05,calm
2014-06-18,3.4949622663820515e-05,8.484442864586072e-06,calm
2014-06-19,3.1629098018877694e-05,5.449514293107676e-06,calm
2014-06-23,2.955409351167602e-05,1.863857961832542e-05,calm
2014-06-24,2.8343700353157842e-05,1.432986159269898e-05,calm
2014-06-25,3.610342898334226e-05,2.4629849857391726e-05,calm
2014-06-26,3.309505907735135e-05,1.2557713804722656e-05,calm
2014-06-30,3.2215626642039497e-05,1.3610707222866602e-05,calm
2014-07-01,3.109121971768906e-05,6.839116085277049e-06,calm
2014-07-02,2.8258448647780893e-05,1.0068894848068287e-05,calm
2014-07-07,2.646500653648861e-05,3.124160500741984e-05,calm
2014-07-08,2.9935835262620215e-05,2.0993975664375785e-05,calm
2014-07-09,3.850766651795536e-05,5.79303587850029e-05,calm
2014-07-10,3.527216628359693e-05,1.2309458931595492e-05,calm
2014-07-14,3.949445989214598e-05,2.903549418137704e-05,calm
2014-07-15,3.60777730617603e-05,1.998787822237521e-05,calm
2014-07-16,3.6781362297507186e-05,4.120691073105928e-05,calm
2014-07-17,3.383289569637589e-05,1.5824295009948178e-05,calm
2014-07-21,5.333981920139219e-05,1.4176089147610271e-05,calm
2014-07-22,5.305932621587721e-05,6.378217361452572e-06,calm
2014-07-23,4.840718281264657e-05,7.606670122782801e-06,calm
2014-07-24,4.46137380465637e-05,1.8742695439256283e-05,calm
2014-07-28,4.161935376926274e-05,2.102882084133566e-05,calm
2014-07-29,3.877231278209943e-05,3.673981415625514e-05,calm
2014-07-30,4.353471710966007e-05,7.498894714816631e-05,calm
2014-07-31,4.0544597681877064e-05,6.929399510765835e-05,calm
2014-08-04,8.666225569091656e-05,7.863206028977103e-05,calm
2014-08-05,7.770173645047086e-05,4.5570976655233086e-05,calm
2014-08-06,9.570261608976723e-05,5.089090869846185e-05,calm
2014-08-07,8.754975237784819e-05,2.661382053678212e-05,calm
2014-08-11,9.363556128253489e-05,2.188207537404568e-05,calm
2014-08-12,8.503437597541793e-05,2.099890876524209e-05,calm
2014-08-13,8.139513109887977e-05,7.072120466657227e-06,calm
2014-08-14,7.321846924545384e-05,5.6227623810201833e-05,calm
2014-08-18,6.642702914767922e-05,6.480536481918808e-06,calm
2014-08-19,5.958402267468699e-05,9.097529504986305e-06,calm
2014-08-20,5.413680304409476e-05,8.385063712147303e-06,calm
2014-08-21,4.976166961212929e-05,1.8212536754611167e-05,calm
2014-08-25,4.57585291875826e-05,5.645300098606631e-06,calm
2014-08-26,4.174086722666629e-05,5.8310826444656175e-06,calm
2014-08-27,3.888709066127572e-05,1.6234288012210944e-05,calm
2014-08-28,3.7121673104405634e-05,6.446305148309068e-06,calm
2014-09-02,3.570637805641596e-05,1.3796866691156124e-05,calm
2014-09-03,3.430426953555919e-05,1.67219452967307e-05,calm
2014-09-04,3.3061977038363186e-05,2.0915204961527645e-05,calm
2014-09-08,3.321329986028219e-05,2.850033914434904e-05,calm
2014-09-09,3.510694400730621e-05,2.705961954332965e-05,calm
2014-09-10,4.36260985924916e-05,1.85173998252606e-05,calm
2014-09-11,4.001892352526414e-05,2.251821818721897e-05,calm
2014-09-15,3.7167314930148385e-05,1.941083603279793e-05,calm
2014-09-16,3.598040868150501e-05,5.142244194020097e-05,calm
2014-09-17,3.2605840275464914e-05,1.3719309955959049e-05,calm
2014-09-18,3.0374009049395555e-05,2.09178966687388e-05,calm
2014-09-22,2.7816968842323102e-05,2.4309875219891143e-05,calm
2014-09-23,3.859677682113042e-05,1.6788985486162414e-05,calm
2014-09-24,4.601866199451351e-05,4.951358249980574e-05,calm
2014-09-25,4.154457636891641e-05,3.5827378454109e-05,calm
2014-09-29,7.521856893824131e-05,3.650771411318751e-05,calm
2014-09-30,7.323447831104402e-05,6.01365152988437e-05,calm
2014-10-01,7.320076452231251e-05,5.608382923733591e-05,calm
2014-10-02,0.00010248816123517317,6.535619598575353e-05,calm
2014-10-06,9.355520386015834e-05,7.375765281718454e-05,calm
2014-10-07,8.852620861621012e-05,7.971506319761429e-05,calm
2014-10-08,0.0001252780425410648,0.0001093480946014,calm
2014-10-09,0.0001093374000121488,0.0001223166848744,calm
2014-10-13,0.00016536085110045083,0.0001526990445934,calm
2014-10-14,0.00020990009635085184,0.0005307264971161,calm
2014-10-15,0.00018771989096980969,0.0002749281377898,calm
2014-10-16,0.00019257032499370923,0.000156196230029,calm
2014-10-20,0.00017627052895533786,5.620975112275648e-05,calm
2014-10-21,0.00015577459944925563,5.541257042816844e-05,calm
2014-10-22,0.0001349711490492558,0.0001064367330651,calm
2014-10-23,0.0001440830245499778,3.491652911047621e-05,calm
2014-10-27,0.00012712707104138013,3.94462981019674e-05,calm
2014-10-28,0.00011956006205223149,2.640519783716124e-05,calm
2014-10-29,0.00010572726797591998,5.146028045535702e-05,calm
2014-10-30,0.00010055562055565808,3.1466216554577235e-05,calm
2014-10-31,9.033003011003499e-05,5.483653212687467e-05,calm
2014-11-03,8.006722612442279e-05,2.1125208524310976e-05,calm
2014-11-04,7.351671524726397e-05,2.73830339535074e-05,calm
2014-11-05,7.543756593154567e-05,3.47817030207061e-05,calm
2014-11-06,6.804401566500101e-05,1.597485561648219e-05,calm
2014-11-07,6.193585497818304e-05,2.016683299168648e-05,calm
2014-11-10,5.709257871700455e-05,8.090917041470939e-06,calm
2014-11-11,5.226252172580193e-05,6.695128713459507e-06,calm
2014-11-12,4.8312484707319604e-05,1.645304972780246e-05,calm
2014-11-13,4.6884011302335485e-05,2.5777811880382216e-05,calm
2014-11-14,4.338490999186361e-05,1.0501168117429346e-05,calm
2014-11-17,4.034536412583812e-05,1.265346858573244e-05,calm
2014-11-18,3.749020202463365e-05,8.55520273583579e-06,calm
2014-11-19,3.413339670026039e-05,2.6752144224125204e-05,calm
2014-11-20,3.443164747741313e-05,1.4235862026734032e-05,calm
2014-11-21,3.191357295803068e-05,4.36902068784148e-05,calm
2014-11-24,2.9155585907523078e-05,9.238204628444869e-06,calm
2014-11-25,2.6960557192410506e-05,1.0962680270208904e-05,calm
2014-11-26,2.6377362665642385e-05,3.524644492703975e-06,calm
2014-11-28,2.4447263728513432e-05,9.071010000709348e-06,calm
2014-12-01,2.590629577766461e-05,3.644206377736958e-05,calm
2014-12-02,3.537867574609998e-05,1.467920912453094e-05,calm
2014-12-03,3.213884544942533e-05,7.223047718103304e-06,calm
2014-12-04,2.95575129758835e-05,1.8450776548168065e-05,calm
2014-12-05,2.9389917167403835e-05,1.3303271100312171e-05,calm
2014-12-08,2.734154945176174e-05,3.0153752985374903e-05,calm
2014-12-09,3.638797861011129e-05,0.0001034389972265,calm
2014-12-10,3.5127976377223386e-05,6.963512134630321e-05,calm
2014-12-11,6.835689288421401e-05,7.290374212756302e-05,calm
2014-12-12,6.18589841507577e-05,8.357577012523791e-05,calm
2014-12-15,9.962956725610341e-05,0.0001632180876829,calm
2014-12-16,0.00010940373903029124,0.0001549156706396,calm
2014-12-17,0.0001224139480913747,0.0001654281486396,calm
2014-12-18,0.00010608485371491796,0.0001069418422587,calm
2014-12-19,9.087632775628044e-05,3.47121798508516e-05,calm
2014-12-22,8.609695399182256e-05,1.2439030651961284e-05,calm
2014-12-23,7.763485733014601e-05,1.101391803077905e-05,calm
2014-12-24,7.08888298681414e-05,4.629956709643552e-06,calm
2014-12-26,6.517613553008173e-05,6.353623343252677e-06,calm
2014-12-29,5.938350874024498e-05,5.678652635523041e-06,calm
2014-12-30,5.459564168988375e-05,9.05043589606688e-06,calm
2014-12-31,6.160161639929319e-05,2.385971418313836e-05,calm
2015-01-02,8.013433814319704e-05,8.393689872199112e-05,calm
2015-01-05,7.484635230026627e-05,7.000254995995878e-05,calm
2015-01-06,0.00012136411680161779,0.0001109926003666,calm
2015-01-07,0.00013894945423163546,8.179144119369233e-05,calm
2015-01-08,0.00012191219531740513,7.158324341611025e-05,calm
2015-01-09,0.00010570186450823038,6.252698796162382e-05,calm
2015-01-12,0.00011900877185252159,6.71807652791036e-05,calm
2015-01-13,0.0001313763470536321,0.000218888303089,calm
2015-01-14,0.00012731471578474585,0.0001470620047225,calm
2015-01-15,0.00013351644341495002,0.0001033176826294,calm
2015-01-16,0.0001499403070098022,6.435800111118137e-05,calm
2015-01-20,0.00013126255063260087,8.369506291613243e-05,calm
2015-01-21,0.00011832628700948717,0.0001001386955847,calm
2015-01-22,0.00010607283552942727,6.104666075791229e-05,calm
2015-01-23,9.26458800976443e-05,2.490976373588993e-05,calm
2015-01-26,9.8877486077481e-05,3.0057934203207617e-05,calm
2015-01-27,8.965240336937596e-05,0.0001025980177656,calm
2015-01-28,0.00011960500894588469,9.283647280670598e-05,calm
2015-01-29,0.0001492789764909696,8.760700992406689e-05,calm
2015-01-30,0.00013189327512987847,9.797752443947122e-05,calm
2015-02-02,0.00016079034986521832,0.0001178237333231,calm
2015-02-03,0.00014090386611496545,8.8596027653597e-05,calm
2015-02-04,0.0001230158157001195,6.655153789020657e-05,calm
2015-02-05,0.00012265163668854993,3.3972660537892096e-05,calm
2015-02-06,0.0001084057786121313,4.128598070560855e-05,calm
2015-02-09,0.00010621014288950887,3.361651919556129e-05,calm
2015-02-10,0.00010893485375161607,3.876286406392712e-05,calm
2015-02-11,9.624730240631585e-05,2.78865150141242e-05,calm
2015-02-12,8.780387674011639e-05,2.6327285900889857e-05,calm
2015-02-13,7.796998466962876e-05,1.0438278218809913e-05,calm
2015-02-17,7.060066803910003e-05,1.5039672661446071e-05,calm
2015-02-18,6.461718740721181e-05,1.9164217712056792e-05,calm
2015-02-19,5.9579907309100945e-05,2.0193230038117703e-05,calm
2015-02-20,5.655982919397965e-05,2.066686457517161e-05,calm
2015-02-23,5.107773224969268e-05,1.1293218266957847e-05,calm
2015-02-24,4.772157780433775e-05,1.0162144445371092e-05,calm
2015-02-25,4.374458467634492e-05,1.0110770873164508e-05,calm
2015-02-26,4.2216994624352433e-05,1.9689896972825748e-05,calm
2015-02-27,4.136223492506927e-05,1.2043023486016288e-05,calm
2015-03-02,4.455876589332364e-05,7.116018987448756e-06,calm
2015-03-03,4.028838909580825e-05,2.5070915753435683e-05,calm
2015-03-04,4.4851331757713296e-05,4.459268149640231e-05,calm
2015-03-05,4.957170424794027e-05,1.2745205479720943e-05,calm
2015-03-06,4.57275090850051e-05,5.4549013368688246e-05,calm
2015-03-09,7.522015167028336e-05,1.5063698040724552e-05,calm
2015-03-10,6.807647158814838e-05,7.056664450321935e-05,calm
2015-03-11,0.00010734605754783961,3.489358340088534e-05,calm
2015-03-12,0.00010398958680633468,4.255188558676436e-05,calm
2015-03-13,9.124779512686545e-05,4.969189725334651e-05,calm
2015-03-16,9.939335702041132e-05,2.7444917209027167e-05,calm
2015-03-17,8.706138061537488e-05,3.480892587259122e-05,calm
2015-03-18,8.699181513780416e-05,0.00011055279768,calm
2015-03-19,7.655555130818949e-05,3.058922211959946e-05,calm
2015-03-20,8.108378780716785e-05,4.436875030335914e-05,calm
2015-03-23,7.325259888637469e-05,1.395834852779248e-05,calm
2015-03-24,7.175092451206271e-05,2.033429525534712e-05,calm
2015-03-25,7.910104205401782e-05,4.7134516609593225e-05,calm
2015-03-26,0.000113778173052799,7.630798995416656e-05,calm
2015-03-27,0.00011000964633912583,3.439986511001091e-05,calm
2015-03-30,9.94297057432193e-05,4.181476622511771e-05,calm
2015-03-31,8.739346655121523e-05,5.419297446997972e-05,calm
2015-04-01,0.00010318020877229672,2.5949141038844264e-05,calm
2015-04-06,0.00010346057979655983,1.959745779644124e-05,calm
2015-04-07,9.240586928691556e-05,5.159969699934312e-05,calm
2015-04-08,9.111467178171498e-05,3.572380251355154e-05,calm
2015-04-09,8.241726782801666e-05,8.039501302828337e-06,calm
2015-04-13,7.443040278054336e-05,2.765794121412613e-05,calm
2015-04-14,7.890481856112379e-05,2.0081054133730803e-05,calm
2015-04-15,7.19172476484857e-05,1.6663525728630253e-05,calm
2015-04-16,6.50728762856894e-05,5.788914854298128e-05,calm
2015-04-20,6.0647671556222995e-05,2.051603514893473e-05,calm
2015-04-21,5.4095546241180966e-05,2.10586152275771e-05,calm
2015-04-22,5.240687294754929e-05,2.4385842428039166e-05,calm
2015-04-23,4.7569419814258536e-05,1.0717125546176991e-05,calm
2015-04-27,4.366621732604152e-05,4.1520945459929736e-05,calm
2015-04-28,4.8255073878867994e-05,4.38421116345614e-05,calm
2015-04-29,4.415731787278421e-05,4.952650378701195e-05,calm
2015-04-30,4.865242068302441e-05,4.525073403299557e-05,calm
2015-05-04,6.686972351102267e-05,3.256789883624878e-05,calm
2015-05-05,6.09146254064174e-05,8.591818382940415e-05,calm
2015-05-06,8.392895455721196e-05,3.141407626793183e-05,calm
2015-05-07,8.68646175038266e-05,7.568705464551436e-05,calm
2015-05-11,7.842757487265986e-05,6.69658147591283e-05,calm
2015-05-12,8.329756962970977e-05,4.468006802821108e-05,calm
2015-05-13,8.340160222499287e-05,3.0107705704906043e-05,calm
2015-05-14,7.625434221048462e-05,1.1470029429009245e-05,calm
2015-05-18,6.764511040687865e-05,9.760751055191765e-06,calm
2015-05-19,6.155294997117647e-05,1.754118763974536e-05,calm
2015-05-20,5.748421477416846e-05,7.831418272656655e-06,calm
2015-05-21,5.4498953510149675e-05,1.0952655989474126e-05,calm
2015-05-26,4.9796977896524643e-05,1.6205064646370083e-05,calm
2015-05-27,7.000745761628186e-05,1.9273192356801182e-05,calm
2015-05-28,6.23492814666721e-05,2.867199437149248e-05,calm
2015-06-01,5.9818727956052875e-05,3.07227423688792e-05,calm
2015-06-02,5.476031132317275e-05,1.89164373129325e-05,calm
2015-06-03,5.2558526645483104e-05,4.535150293478719e-05,calm
2015-06-04,4.811156856022908e-05,3.431814101928034e-05,calm
2015-06-08,6.221920035088411e-05,2.216471795533316e-05,calm
2015-06-09,7.090820878157369e-05,3.8922308277426926e-05,calm
2015-06-10,6.548057653772524e-05,1.979400300688283e-05,calm
2015-06-11,5.795644702304341e-05,2.659360208940352e-05,calm
2015-06-15,5.286671074791691e-05,2.778301017712598e-05,calm
2015-06-16,5.7451093917528976e-05,4.115871305973063e-05,calm
2015-06-17,5.200221630238683e-05,3.1951916864025484e-05,calm
2015-06-18,4.780908966278851e-05,1.1177589964287142e-05,calm
2015-06-22,4.262001797609914e-05,1.04942336501249e-05,calm
2015-06-23,3.8798565706689084e-05,1.428193517801018e-05,calm
2015-06-24,3.60312777817827e-05,1.679771930681694e-05,calm
2015-06-25,4.6832650422603514e-05,2.311201029177642e-05,calm
2015-06-29,4.908686394272438e-05,8.090298160519314e-05,calm
2015-06-30,0.00010337637242915408,5.972962644847797e-05,calm
2015-07-01,9.345538570107413e-05,2.145616968626627e-05,calm
2015-07-06,8.331339871900382e-05,8.967051896085895e-05,calm
2015-07-07,8.302505805843927e-05,8.680027755391248e-05,calm
2015-07-08,7.45360989531281e-05,0.000172045206542,calm
2015-07-09,0.00011629586652238024,0.0001261474397335,calm
2015-07-13,0.00010497013146550543,5.898326706894606e-06,calm
2015-07-14,9.271777266635771e-05,1.3534406511731926e-05,calm
2015-07-15,8.35555693953368e-05,1.564003693775467e-05,calm
2015-07-16,7.733949862437375e-05,5.875470183850092e-06,calm
2015-07-20,6.915012861565507e-05,1.061416362282411e-05,calm
2015-07-21,6.349161736815925e-05,1.8905256365101385e-05,calm
2015-07-22,6.698122031522716e-05,1.5986097328116113e-05,calm
2015-07-23,6.549707546543632e-05,1.988811303397917e-05,calm
2015-07-27,7.28491816724912e-05,2.887604567525071e-05,calm
2015-07-28,8.049132798169073e-05,2.023068219141375e-05,calm
2015-07-29,7.103667436854526e-05,2.099638299948244e-05,calm
2015-07-30,6.38225940594895e-05,1.4739562498244244e-05,calm
2015-08-03,5.8766223882356026e-05,2.3256507331030107e-05,calm
2015-08-04,6.117848187334414e-05,4.158276992357377e-05,calm
2015-08-05,6.044383420048286e-05,2.929247898906699e-05,calm
2015-08-06,5.51043532884818e-05,3.3186791116096485e-05,calm
2015-08-10,6.8722997797285e-05,6.761660146297476e-05,calm
2015-08-11,6.064560259231799e-05,0.0001146473412212,calm
2015-08-12,7.660847008023953e-05,4.1283068586028896e-05,calm
2015-08-13,6.999687882816307e-05,1.654905366488865e-05,calm
2015-08-17,6.707282303215732e-05,1.3557625861417415e-05,calm
2015-08-18,6.056897867172762e-05,9.018282192045208e-05,calm
2015-08-19,6.185062976097381e-05,0.0001152339791299,calm
2015-08-20,7.488105457705051e-05,0.0002313861763627,calm
2015-08-24,0.0001327527908424729,0.0007348025234109,calm
2015-08-25,0.00033741222531074287,0.0008079402565357,calm
2015-08-26,0.000354779236783618,0.0003596786887537,calm
2015-08-27,0.00029703599415756694,9.132358953607384e-05,calm
2015-08-31,0.0002524798508430649,0.0005039922901797,calm
2015-09-01,0.0002579398359281832,0.0002116034331781,calm
2015-09-02,0.000388168671006146,9.859737401033296e-05,calm
2015-09-03,0.0003311301084742452,0.0002072764213693,calm
2015-09-08,0.0002909521142409805,0.0001241085372017,calm
2015-09-09,0.00024685322803358795,7.67793517954313e-05,calm
2015-09-10,0.0002781896075438283,6.484227262160301e-05,calm
2015-09-14,0.0002436829760074524,3.1016293334707526e-05,calm
2015-09-15,0.00023128317822419347,3.515371948414369e-05,calm
2015-09-16,0.0002008068275169263,0.0001636573230986,calm
2015-09-17,0.00017604116234855982,0.0001854841024235,calm
2015-09-21,0.00016540459920354834,0.0001710237907088,calm
2015-09-22,0.0001466365048154529,5.734748391249309e-05,calm
2015-09-23,0.000178182742697271,0.0001090146184684,calm
2015-09-24,0.00016510805991927065,0.000107031304058,calm
2015-09-28,0.00016032497959449476,0.0001396604009636,calm
2015-09-29,0.00025152772840512336,0.0002236902304275,calm
2015-09-30,0.00022304937690046365,0.0001301955432231,calm
2015-10-01,0.0001914542896523776,0.0002867937749064,calm
2015-10-05,0.00017023223562273617,4.6635916715215616e-05,calm
2015-10-06,0.0001466513460290835,8.970934433972721e-05,calm
2015-10-07,0.00014293557198135007,5.056069266027188e-05,calm
2015-10-08,0.00012614919362073114,2.8545146237442994e-05,calm
2015-10-12,0.00011129276777921766,3.782593237155144e-05,calm
2015-10-13,0.000100597914779495,4.69489801271934e-05,calm
2015-10-14,0.00010899530277528565,2.882521131682417e-05,calm
2015-10-15,0.00011242216684718487,2.62763611867428e-05,calm
2015-10-19,9.763306737037242e-05,2.542504280458696e-05,calm
2015-10-20,8.86496751023224e-05,5.582778529318999e-05,calm
2015-10-21,8.400379430643665e-05,5.869748797843458e-05,calm
2015-10-22,9.271473921398765e-05,7.240403077354259e-05,calm
2015-10-26,8.022757254527346e-05,1.4609866583404836e-05,calm
2015-10-27,7.923629451210027e-05,3.436664180704787e-05,calm
2015-10-28,7.70462732885775e-05,8.854540411661334e-05,calm
2015-10-29,6.784636766708775e-05,2.3174636266700817e-05,calm
2015-10-30,6.357111483499144e-05,2.8544039185409207e-05,calm
2015-11-02,6.804251171053771e-05,1.767918118623745e-05,calm
2015-11-03,5.9873142164676286e-05,2.3385037435400788e-05,calm
2015-11-04,5.448604489044313e-05,3.774662625980252e-05,calm
2015-11-05,5.6474586851508925e-05,3.409690389583703e-05,calm
2015-11-06,5.4117198841182435e-05,3.64143064660928e-05,calm
2015-11-09,5.1021299263656436e-05,5.798645347761676e-05,calm
2015-11-10,6.822212023767389e-05,3.024721906389688e-05,calm
2015-11-11,6.207616375823476e-05,2.238476663228424e-05,calm
2015-11-12,6.575312874554875e-05,7.627674966536796e-05,calm
2015-11-13,9.820493801984996e-05,4.4508000640044246e-05,calm
2015-11-16,0.00012286556870036382,5.117436841654664e-05,calm
2015-11-17,0.00010648263337802635,5.661560122017896e-05,calm
2015-11-18,9.865346701011572e-05,5.0406961164692486e-05,calm
2015-11-19,8.538648760251537e-05,2.157341214131059e-05,calm
2015-11-20,8.009742648097852e-05,3.239403048710993e-05,calm
2015-11-23,7.230597688965696e-05,1.880805872806001e-05,calm
2015-11-24,6.892541387639672e-05,4.270956238367367e-05,calm
2015-11-25,6.294438054334777e-05,1.0244684804753443e-05,calm
2015-11-27,5.8275288956909656e-05,6.171518430109994e-06,calm
2015-11-30,5.3442696594017536e-05,1.957495992814094e-05,calm
2015-12-01,5.7945121393316225e-05,3.872522470796115e-05,calm
2015-12-02,5.140595527484391e-05,2.703080286992145e-05,calm
2015-12-03,7.10477213516106e-05,7.105816453554806e-05,calm
2015-12-04,0.00010414969995872859,7.14316777294948e-05,calm
2015-12-07,8.915360911103272e-05,6.567393151636108e-05,calm
2015-12-08,9.741285396141534e-05,0.0001643245333882,calm
2015-12-09,0.0001073571618587022,0.0001100129823886,calm
2015-12-10,0.00012035730245484722,6.100504190334813e-05,calm
2015-12-11,0.0001080279024358091,0.0001346940374665,calm
2015-12-14,0.00016627012942500386,0.00015360914132,calm
2015-12-15,0.00014716266089692312,0.0001125688262275,calm
2015-12-16,0.0001287948667618379,9.666742574173168e-05,calm
2015-12-17,0.00011165197600871985,8.192657358252532e-05,calm
2015-12-18,0.00015216886748976378,9.51357847561858e-05,calm
2015-12-21,0.0002361917027383695,7.86601826649533e-05,calm
2015-12-22,0.00020603705926219452,4.096532059222434e-05,calm
2015-12-23,0.00017994023608791716,3.4114824881032985e-05,calm
2015-12-24,0.00015634819408252344,7.84666718444164e-06,calm
2015-12-28,0.00014579024181167292,2.968548038363876e-05,calm
2015-12-29,0.00013844092603239276,4.030573473272693e-05,calm
2015-12-30,0.000121208637267075,1.907770174864376e-05,calm
2015-12-31,0.00013144290201782456,4.822906299582498e-05,calm
2016-01-04,0.00015171616463068025,0.0003475967057265,calm
2016-01-05,0.0001879429149318068,6.259653966025944e-05,calm
2016-01-06,0.0001673122741897394,0.000198654600498,calm
2016-01-07,0.00019753224858823316,0.000391136516861,calm
2016-01-08,0.00028646845092844813,0.000176278050225,calm
2016-01-11,0.00030394837895874303,0.0001621050475013,calm
2016-01-12,0.0002676168716625753,0.0001784905990147,calm
2016-01-13,0.00023322447158033205,0.0002053996293201,calm
2016-01-14,0.0003296408976843102,0.0001629029916617,calm
2016-01-15,0.00028204748185413353,0.0005090396458508,calm
2016-01-19,0.00035835177242595905,0.0001999510292112,calm
2016-01-20,0.00031409070779692344,0.0004369341691967,calm
2016-01-21,0.00033955129601004346,0.0002972309481129,calm
2016-01-22,0.000295850145911619,0.0001823074485602,calm
2016-01-25,0.000251742737340395,7.110334489338955e-05,calm
2016-01-26,0.00029213447789594866,0.0001283479543495,calm
2016-01-27,0.00025167860250495204,0.0002011773382034,calm
2016-01-28,0.00027078631351850263,0.0002575898176599,calm
2016-01-29,0.0002373236511971627,7.439398758913607e-05,calm
2016-02-01,0.0002007661845604916,0.0001229259695034,calm
2016-02-02,0.00018054360838015544,0.0001200661904025,calm
2016-02-03,0.00023597641076491903,0.0002759621865031,calm
2016-02-04,0.00020711706526185833,0.0001841001755638,calm
2016-02-05,0.0001840452632206092,0.0001420476696324,calm
2016-02-08,0.0002447524546399935,0.0002934881269109,calm
2016-02-09,0.0002768367928841838,0.0002971805305516,calm
2016-02-10,0.0002449675964483432,0.0001650259148464,calm
2016-02-11,0.00022089491524920023,0.0003050485690708,calm
2016-02-12,0.00025146614280169066,9.697953334838142e-05,calm
2016-02-16,0.00021428264181349896,9.253123120172068e-05,calm
2016-02-17,0.00018415094847682803,7.345017607891506e-05,calm
2016-02-18,0.00015865335559512138,4.345827023892125e-05,calm
2016-02-19,0.0001560781392660739,7.005928639747945e-05,calm
2016-02-22,0.00014173418387894546,6.738230272399365e-05,calm
2016-02-23,0.00012291836460753716,4.971556115204992e-05,calm
2016-02-24,0.00015314951402097164,0.0001864575596965,calm
2016-02-25,0.00013603747498804172,6.79098782657836e-05,calm
2016-02-26,0.00011871824299487201,5.540742603638752e-05,calm
2016-02-29,0.0001139806884698465,4.7940565230281686e-05,calm
2016-03-01,0.0001269142100453907,6.451451364451791e-05,calm
2016-03-02,0.00010758152325846782,4.259606019457212e-05,calm
2016-03-03,9.623161386754429e-05,2.813022093495985e-05,calm
2016-03-04,8.640015119639442e-05,4.067005682244326e-05,calm
2016-03-07,7.789302603047525e-05,5.02982820512186e-05,calm
2016-03-08,7.098438818288899e-05,7.152064183856905e-05,calm
2016-03-09,9.39194890928579e-05,5.711394194005908e-05,calm
2016-03-10,8.410648896702644e-05,0.0001108592660354,calm
2016-03-11,7.656560972034032e-05,6.088452803210438e-05,calm
2016-03-14,6.62111201086036e-05,1.9523287153762725e-05,calm
2016-03-15,6.36161606974643e-05,3.280544571710374e-05,calm
2016-03-16,6.199947812667768e-05,7.381907468114597e-05,calm
2016-03-17,5.570585905696405e-05,2.3334689487523533e-05,calm
2016-03-18,5.000907694085306e-05,2.6033392850482152e-05,calm
2016-03-21,4.8603215362895366e-05,1.7468989082001204e-05,calm
2016-03-22,4.467137109598843e-05,2.669990715551444e-05,calm
2016-03-23,4.2425745025858404e-05,2.1925105581518555e-05,calm
2016-03-24,5.258874022633887e-05,3.5851081366079726e-05,calm
2016-03-28,4.949310789205562e-05,3.098773887192196e-05,calm
2016-03-29,4.565934021595373e-05,3.053630842750358e-05,calm
2016-03-30,4.05515950976948e-05,1.3936812466787365e-05,calm
2016-03-31,3.6873398752966875e-05,5.147102759432783e-05,calm
2016-04-04,3.854027723313707e-05,6.338468503713788e-05,calm
2016-04-05,4.1659459916584426e-05,3.0698608894802305e-05,calm
2016-04-06,6.022873248412838e-05,5.9753725949703646e-05,calm
2016-04-07,5.296240316039542e-05,4.637886268112605e-05,calm
2016-04-11,7.814673961125784e-05,3.769505476020507e-05,calm
2016-04-12,7.710342430735475e-05,3.367539253759674e-05,calm
2016-04-13,6.812207170014727e-05,1.6329533830857807e-05,calm
2016-04-14,6.0065690506373646e-05,6.107152945766287e-06,calm
2016-04-18,5.53175204316054e-05,1.9993444718168988e-05,calm
2016-04-19,4.949279441692227e-05,1.539927628077866e-05,calm
2016-04-20,4.513841729534368e-05,2.387373502035176e-05,calm
2016-04-21,4.169174575444269e-05,2.225833913960886e-05,calm
2016-04-25,4.915470758705357e-05,1.7190182830015948e-05,calm
2016-04-26,4.886047754937786e-05,3.063169312104193e-05,calm
2016-04-27,4.4933226639465555e-05,3.651301695319627e-05,calm
2016-04-28,4.1275945033171584e-05,5.225404484822984e-05,calm
2016-05-02,5.7409887304074317e-05,5.191005827525416e-05,calm
2016-05-03,5.111535473132544e-05,3.552153073316082e-05,calm
2016-05-04,6.684912604946395e-05,3.409785668149905e-05,calm
2016-05-05,7.453612550743865e-05,4.29750103538936e-05,calm
2016-05-09,6.876290991578186e-05,2.063405173790372e-05,calm
2016-05-10,6.289684706013234e-05,2.237954881538937e-05,calm
2016-05-11,5.4940108460097226e-05,4.735015674101967e-05,calm
2016-05-12,7.260605668613558e-05,3.3621252411176184e-05,calm
2016-05-16,6.647126930180607e-05,3.562929499965157e-05,calm
2016-05-17,5.8645289361166476e-05,9.16463168028948e-05,calm
2016-05-18,7.641544359233059e-05,6.468078727679216e-05,calm
2016-05-19,6.986542477001636e-05,2.623228100710626e-05,calm
2016-05-23,7.211857241288558e-05,2.789230712825456e-05,calm
2016-05-24,6.923534337980744e-05,2.2423190213003367e-05,calm
2016-05-25,6.034612326029791e-05,1.1679147765112862e-05,calm
2016-05-26,5.398258971228644e-05,8.904894900733696e-06,calm
2016-05-31,4.981943111998604e-05,2.956508778975588e-05,calm
2016-06-01,4.9834464072162335e-05,1.801140354708861e-05,calm
2016-06-02,4.568850252383131e-05,3.529406331157628e-05,calm
2016-06-06,4.175210336191756e-05,6.753289771714669e-06,calm
2016-06-07,3.781678728108034e-05,1.0233005694294088e-05,calm
2016-06-08,3.495117465378201e-05,1.98808902235397e-05,calm
2016-06-09,3.204357491174056e-05,3.8341849816767207e-05,calm
2016-06-13,3.21627744589216e-05,3.885858617657656e-05,calm
2016-06-14,4.4362124677930354e-05,2.430816530778107e-05,calm
2016-06-15,4.48221632291963e-05,5.508774344729761e-05,calm
2016-06-16,4.416598769503665e-05,2.960091348099072e-05,calm
2016-06-20,4.0380156898838434e-05,2.3581708539552984e-05,calm
2016-06-21,3.634138594263448e-05,2.5795354756515714e-05,calm
2016-06-22,3.337258096076412e-05,3.4166858198260447e-05,calm
2016-06-23,3.384184203637107e-05,0.0006284184050862,calm
2016-06-27,2.9490104162791897e-05,8.358302692898736e-05,calm
2016-06-28,7.07204358194224e-05,6.329879997328406e-05,calm
2016-06-29,6.081104827279297e-05,3.438876799265057e-05,calm
2016-06-30,5.2640148253133515e-05,1.5139825171255358e-05,calm
2016-07-05,4.631558586322158e-05,4.77397963307738e-05,calm
2016-07-06,5.8119182976865326e-05,2.9502306145696484e-05,calm
2016-07-07,5.216872079908264e-05,1.534174700728773e-05,calm
2016-07-11,4.9279813931899554e-05,3.135653845505276e-05,calm
2016-07-12,4.4787438085639796e-05,1.3150336227977444e-05,calm
2016-07-13,4.0185337931795566e-05,2.7210435858482568e-05,calm
2016-07-14,3.7593337388999345e-05,1.1151789583542314e-05,calm
2016-07-18,3.403363880684448e-05,6.950281161817598e-06,calm
2016-07-19,3.12755457534626e-05,5.1183205331206256e-06,calm
2016-07-20,3.085757672960188e-05,1.1359397135156038e-05,calm
2016-07-21,2.8202343987486755e-05,6.998118488551874e-06,calm
2016-07-25,3.247148004267595e-05,2.029149116150981e-05,calm
2016-07-26,3.483785657910851e-05,2.297246028335027e-05,calm
2016-07-27,3.244406207170867e-05,2.396518086269989e-05,calm
2016-07-28,3.208041283083086e-05,1.605941703878963e-05,calm
2016-08-01,2.98317445359122e-05,2.487293884826826e-05,calm
2016-08-02,2.9289818769918957e-05,1.1804944741306884e-05,calm
2016-08-03,3.855855899898347e-05,1.1243968837289251e-05,calm
2016-08-04,3.5361755494514885e-05,9.667065320642549e-06,calm
2016-08-08,3.283137480525069e-05,5.1507033654786015e-06,calm
2016-08-09,3.1719353598114966e-05,1.0564564637076138e-05,calm
2016-08-10,2.9607183916274838e-05,1.1655439447779651e-05,calm
2016-08-11,3.166342899392278e-05,5.264460706917094e-06,calm
2016-08-15,2.884334843276489e-05,1.1543003686773754e-05,calm
2016-08-16,2.659122033937615e-05,1.643444292619871e-05,calm
2016-08-17,3.329393416410012e-05,6.159094914011146e-06,calm
2016-08-18,3.079423650645513e-05,1.4103673472250133e-05,calm
2016-08-22,2.8462473022243322e-05,6.627962136852071e-06,calm
2016-08-23,2.6854682260521395e-05,1.071380553792379e-05,calm
2016-08-24,2.4915526508320453e-05,1.5375372156370595e-05,calm
2016-08-25,3.145913921165632e-05,3.758426645531877e-05,calm
2016-08-29,3.055298192792956e-05,1.4056886819698014e-05,calm
2016-08-30,2.779790812143878e-05,1.26924698803353e-05,calm
2016-08-31,2.857648399967454e-05,2.4379186421612232e-05,calm
2016-09-01,3.122443171130525e-05,1.4669019832483964e-05,calm
2016-09-06,2.9210790495865225e-05,7.12813414680022e-06,calm
2016-09-07,2.688260374652058e-05,8.7164287313989e-06,calm
2016-09-08,2.542128171824995e-05,4.4102584875997005e-05,calm
2016-09-12,2.7218539346088955e-05,9.403217173237495e-05,calm
2016-09-13,2.3651480776074345e-05,4.682864722911128e-05,calm
2016-09-14,5.2019434324810584e-05,3.725055788990922e-05,calm
2016-09-15,4.8877185895417433e-05,4.274386051782572e-05,calm
2016-09-19,4.3188044423174924e-05,1.951401243251184e-05,calm
2016-09-20,4.008548158279046e-05,3.346809913478899e-05,calm
2016-09-21,3.7342475295734176e-05,2.320596239394876e-05,calm
2016-09-22,3.279659933126505e-05,1.1696005493721547e-05,calm
2016-09-26,2.958985943746113e-05,2.464059425376755e-05,calm
2016-09-27,4.247415227262463e-05,2.301518124293408e-05,calm
2016-09-28,3.823796081744632e-05,4.629919727047816e-05,calm
2016-09-29,3.4682814585778744e-05,3.082941526653865e-05,calm
2016-10-03,5.026300885964815e-05,4.3308781808249256e-05,calm
2016-10-04,5.125774918694541e-05,1.2280211270317902e-05,calm
2016-10-05,5.805999486719222e-05,1.774025656547172e-05,calm
2016-10-06,5.246460433568593e-05,2.74157941623287e-05,calm
2016-10-10,4.8340662293989556e-05,3.422516253398621e-05,calm
2016-10-11,4.366590061429018e-05,1.8305628748461104e-05,calm
2016-10-12,6.9872012451896e-05,3.793605936238357e-05,calm
2016-10-13,6.373402264163497e-05,2.6476063796525742e-05,calm
2016-10-17,6.589640055804585e-05,1.6656376574742825e-05,calm
2016-10-18,6.840161531241536e-05,7.419008937437337e-06,calm
2016-10-19,6.120990045627996e-05,2.933646960425307e-05,calm
2016-10-20,5.5726248959940426e-05,2.0314790640537784e-05,calm
2016-10-24,5.5305907029193446e-05,1.0436957101181183e-05,calm
2016-10-25,5.0100850467185606e-05,2.291962845320422e-05,calm
2016-10-26,5.307899509549806e-05,2.2815251791584925e-05,calm
2016-10-27,5.31169367033757e-05,5.8803994148997966e-05,calm
2016-10-31,5.4501056799260694e-05,1.4053857553146364e-05,calm
2016-11-01,5.036463758445168e-05,3.538076805489435e-05,calm
2016-11-02,6.217006804599968e-05,4.398327123570008e-05,calm
2016-11-03,7.096270937109315e-05,1.825675463840205e-05,calm
2016-11-04,7.586724412837412e-05,3.1676612866815504e-05,calm
2016-11-07,7.204504394776267e-05,5.81788346196305e-05,calm
2016-11-08,6.0879051877277415e-05,3.161488857989053e-05,calm
2016-11-09,5.5003154236839204e-05,0.0001216853112382,calm
2016-11-10,4.840568569425144e-05,0.0001126297926288,calm
2016-11-11,4.433429391684156e-05,3.143515896113161e-05,calm
2016-11-14,4.550103044752746e-05,2.735145203620469e-05,calm
2016-11-15,4.2100629093455206e-05,1.11279623108643e-05,calm
2016-11-16,3.759252259149447e-05,1.4536616204313543e-05,calm
2016-11-17,3.83299816743756e-05,6.825718147760081e-06,calm
2016-11-18,3.474825534389262e-05,9.493052843207066e-06,calm
2016-11-21,3.623562426579842e-05,9.257212610933407e-06,calm
2016-11-22,3.242891640409391e-05,8.50623113178578e-06,calm
2016-11-23,3.001809480360742e-05,7.503065640927057e-06,calm
2016-11-25,2.80795806092077e-05,1.993045388154618e-06,calm
2016-11-28,2.5762479113316998e-05,9.72092895238111e-06,calm
2016-11-29,3.1573853755289634e-05,9.150174039960871e-06,calm
2016-11-30,2.9239192394602775e-05,2.8017222821861937e-05,calm
2016-12-01,3.1194647427114205e-05,2.1306747519352884e-05,calm
2016-12-02,3.5275640003405385e-05,1.4623593397839818e-05,calm
2016-12-05,3.2874798038818273e-05,8.43231556667906e-06,calm
2016-12-06,2.9681431319300577e-05,8.861215550129153e-06,calm
2016-12-07,2.7298844515758352e-05,2.268667047760707e-05,calm
2016-12-08,2.3659541860094397e-05,1.6155961444061298e-05,calm
2016-12-09,2.19432943303792e-05,8.397497332696216e-06,calm
2016-12-12,1.9878967211137545e-05,1.4526868952010185e-05,calm
2016-12-13,2.033944545633162e-05,1.5207222411221524e-05,calm
2016-12-14,1.8365455569852368e-05,7.82849558983664e-05,calm
2016-12-15,3.024547392512669e-05,2.869014108279807e-05,calm
2016-12-16,2.76602544623486e-05,2.1016833261276737e-05,calm
2016-12-19,3.961026574448395e-05,9.537053552497278e-06,calm
2016-12-20,3.645068006150676e-05,8.155500508814728e-06,calm
2016-12-21,3.3295112515496613e-05,3.81966704921707e-06,calm
2016-12-22,3.576085666839682e-05,6.424925463570126e-06,calm
2016-12-23,3.6324890388307565e-05,2.609473286644902e-06,calm
2016-12-27,3.364181540675638e-05,5.589826606184361e-06,calm
2016-12-28,3.102370096495069e-05,1.2391144492659291e-05,calm
2016-12-29,4.418967331747117e-05,1.1561926881236435e-05,calm
2016-12-30,4.157252588702224e-05,2.2035693328963653e-05,calm
2017-01-03,4.542658569049952e-05,3.530082554881368e-05,calm
2017-01-04,4.0595404793895025e-05,1.3258026097284536e-05,calm
2017-01-05,3.66293238128414e-05,1.178482830740815e-05,calm
2017-01-06,3.559728586385305e-05,1.4969657392208488e-05,calm
2017-01-09,3.25961716318734e-05,8.063359033437074e-06,calm
2017-01-10,3.596880749151145e-05,1.2563080178720623e-05,calm
2017-01-11,3.373161157843783e-05,2.8820522383153456e-05,calm
2017-01-12,3.105232280154928e-05,2.3747477731196367e-05,calm
2017-01-13,3.310508782948831e-05,8.459343076259831e-06,calm
2017-01-17,3.0574619708523784e-05,9.541272883018732e-06,calm
2017-01-18,3.4340362575067294e-05,1.115529785092641e-05,calm
2017-01-19,3.170577605822322e-05,1.5401237970675128e-05,calm
2017-01-20,3.5771820509278116e-05,2.0624291935011244e-05,calm
2017-01-23,3.272719250408023e-05,1.831288575416317e-05,calm
2017-01-24,3.486465187831019e-05,7.742267073350394e-06,calm
2017-01-25,3.1430528182328734e-05,8.639567067979128e-06,calm
2017-01-26,2.8001824217054977e-05,8.716921054753547e-06,calm
2017-01-27,2.7912152191532065e-05,6.599146181684205e-06,calm
2017-01-30,2.859635608994916e-05,2.007743604567609e-05,calm
2017-01-31,3.71922277491767e-05,1.7117882252420035e-05,calm
2017-02-01,3.4960682057651085e-05,2.058079775677697e-05,calm
2017-02-02,3.260230250473947e-05,1.6156560255120758e-05,calm
2017-02-03,3.0400838965473425e-05,8.04652559173343e-06,calm
2017-02-06,2.73675502828411e-05,6.24749500737074e-06,calm
2017-02-07,2.8383641910186686e-05,7.596372125171352e-06,calm
2017-02-08,2.669946455278132e-05,1.2176839872403404e-05,calm
2017-02-09,2.4895038585326626e-05,6.330125180114206e-06,calm
2017-02-10,2.2577795743878255e-05,4.6908385960384204e-06,calm
2017-02-13,2.0748651070895054e-05,4.917305478029624e-06,calm
2017-02-14,1.8896103610052226e-05,1.079192327125345e-05,calm
2017-02-15,1.7394505085807617e-05,9.0879428334082e-06,calm
2017-02-16,1.588891869261201e-05,2.2197313332101e-05,calm
2017-02-17,1.6140405096111774e-05,8.14978238996161e-06,calm
2017-02-21,1.515664127181163e-05,1.115227435658522e-05,calm
2017-02-22,1.3791943575491273e-05,6.905035815576451e-06,calm
2017-02-23,1.4161033075325008e-05,1.0676083468818336e-05,calm
2017-02-24,1.3427176916813124e-05,1.484820825386242e-05,calm
2017-02-27,1.267527390237331e-05,8.364149569720683e-06,calm
2017-02-28,1.1942521663424848e-05,8.160604373456629e-06,calm
2017-03-01,1.4324662966456608e-05,1.423165281252227e-05,calm
2017-03-02,1.2533381080770764e-05,1.4972072555817631e-05,calm
2017-03-03,1.9948433686458933e-05,9.854526728551376e-06,calm
2017-03-06,1.8796717556246627e-05,9.354071028511452e-06,calm
2017-03-07,2.1686612185369026e-05,9.59480276521889e-06,calm
2017-03-08,2.4603589312545592e-05,1.131798827708678e-05,calm
2017-03-09,2.5834155229578435e-05,1.2186180666889531e-05,calm
2017-03-10,2.4120025527227145e-05,1.385892531857754e-05,calm
2017-03-13,2.2228731145669244e-05,5.461830069868128e-06,calm
2017-03-14,2.0932707888383167e-05,1.4428728694724083e-05,calm
2017-03-15,2.507795310213483e-05,1.845940163264653e-05,calm
2017-03-16,2.2408668725051794e-05,1.0412375887641516e-05,calm
2017-03-17,2.386240684724737e-05,6.386087516878014e-06,calm
2017-03-20,3.190998148947591e-05,1.2038693008286105e-05,calm
2017-03-21,3.165585933994416e-05,4.198479801938434e-05,calm
2017-03-22,5.6264858729078374e-05,2.873986723295791e-05,calm
2017-03-23,5.1351105601188374e-05,2.6084969089896136e-05,calm
2017-03-24,4.9649543491458806e-05,2.563312425962748e-05,calm
2017-03-27,4.7459895117591174e-05,2.173073494206829e-05,calm
2017-03-28,4.600183404616505e-05,1.044726844515106e-05,calm
2017-03-29,4.1242288449478905e-05,8.98985543259254e-06,calm
2017-03-30,3.820921566054571e-05,1.17465019184805e-05,calm
2017-04-03,3.50394403881482e-05,1.3100950098603844e-05,calm
2017-04-04,3.5645957381796306e-05,3.860427130308475e-05,calm
2017-04-05,3.319196185284215e-05,2.620642750159066e-05,calm
2017-04-06,3.591932697077051e-05,2.020967123305064e-05,calm
2017-04-10,3.3039295434190444e-05,3.173276335396676e-05,calm
2017-04-11,3.0817439379628235e-05,2.2844534550322504e-05,calm
2017-04-12,3.075830599688007e-05,2.38872774601896e-05,calm
2017-04-17,3.593431985895639e-05,1.841060979573559e-05,calm
2017-04-18,3.206542287019797e-05,1.3064525717148812e-05,calm
2017-04-19,3.482743854515316e-05,1.2627890397638288e-05,calm
2017-04-20,3.5576702133148754e-05,1.4473397003087707e-05,calm
2017-04-24,3.185370567953623e-05,7.227291713214016e-06,calm
2017-04-25,2.8105910184799203e-05,2.2241304035310253e-05,calm
2017-04-26,2.55136076200028e-05,1.07626100166163e-05,calm
2017-04-27,2.4998196194950877e-05,8.861551405906131e-06,calm
2017-05-01,2.3432996908776557e-05,5.837677226865868e-06,calm
2017-05-02,2.175037660148032e-05,8.218916782662081e-06,calm
2017-05-03,2.051465943801702e-05,1.367521899549252e-05,calm
2017-05-04,2.102622541159541e-05,5.581949847931758e-06,calm
2017-05-08,1.9729544731517886e-05,6.504059435629894e-06,calm
2017-05-09,1.900412070374385e-05,4.802453281190964e-06,calm
2017-05-10,1.9201888327525493e-05,1.158952216165951e-05,calm
2017-05-11,1.795718868932055e-05,5.474865980580471e-06,calm
2017-05-15,1.9566304075658125e-05,7.586803050969945e-06,calm
2017-05-16,1.7841205201773895e-05,3.252463044860232e-05,calm
2017-05-17,1.8082721287369266e-05,4.333624274918461e-05,calm
2017-05-18,5.480515725436434e-05,1.3441363631925554e-05,calm
2017-05-22,4.9725262464414476e-05,5.317225716601514e-06,calm
2017-05-23,4.4986969826332367e-05,4.924107547085021e-06,calm
2017-05-24,4.1349894795319335e-05,8.541006874870385e-06,calm
2017-05-25,3.80596385912126e-05,3.642491773618956e-06,calm
2017-05-30,3.462446379395839e-05,1.4444833948179025e-05,calm
2017-05-31,3.391100761586848e-05,8.025300491823776e-06,calm
2017-06-01,3.2313300532243054e-05,7.170377215055924e-06,calm
2017-06-05,2.892204077272137e-05,8.525341347402811e-06,calm
2017-06-06,2.8397551003777984e-05,8.590761982609548e-06,calm
2017-06-07,3.158840592252279e-05,1.2969702552996304e-05,calm
2017-06-08,2.932957124471462e-05,3.597250411329846e-05,calm
2017-06-12,2.7514541150605136e-05,8.019608367875839e-06,calm
2017-06-13,2.6350029612753435e-05,2.0436335256390773e-05,calm
2017-06-14,2.4059568165894853e-05,1.664885299917536e-05,calm
2017-06-15,2.4522074387553534e-05,1.1202471928335315e-05,calm
2017-06-19,2.586007714403593e-05,1.0224699131574804e-05,calm
2017-06-20,2.3111658117988518e-05,1.2921542766538894e-05,calm
2017-06-21,3.210269598712174e-05,7.233627910287446e-06,calm
2017-06-22,3.064494438169856e-05,8.25680019504135e-06,calm
2017-06-26,2.9589401953413724e-05,1.953407818005006e-05,calm
2017-06-27,2.7714878228514383e-05,1.6327837153197737e-05,calm
2017-06-28,3.962847712534914e-05,4.7791161373866496e-05,calm
2017-06-29,3.5275461103602204e-05,1.921835107404792e-05,calm
2017-07-05,4.947348519006883e-05,1.999703046341511e-05,calm
2017-07-06,4.5403595071569486e-05,9.219661441690568e-06,calm
2017-07-10,6.118267137529123e-05,2.041884303077295e-05,calm
2017-07-11,5.622368016805468e-05,9.836286466070126e-06,calm
2017-07-12,5.363162647549993e-05,4.753232310690548e-06,calm
2017-07-13,4.798774487583694e-05,4.738712524362805e-06,calm
2017-07-17,4.423594451254651e-05,8.866225463259536e-06,calm
2017-07-18,4.158968453029123e-05,3.930936263621172e-06,calm
2017-07-19,3.8697488794947205e-05,8.155892610920884e-06,calm
2017-07-20,3.5101262128624946e-05,4.650471052539611e-06,calm
2017-07-24,3.2805760503708174e-05,3.939355455073604e-06,calm
2017-07-25,3.128545484340361e-05,5.843983180511742e-06,calm
2017-07-26,2.894776560361446e-05,2.626454240835038e-05,calm
2017-07-27,2.7321369519444694e-05,7.675756124414517e-06,calm
2017-07-31,2.7120514966407483e-05,6.852959625954329e-06,calm
2017-08-01,2.6424514273709128e-05,1.3243215086709916e-05,calm
2017-08-02,2.4530375863175362e-05,7.124957786695563e-06,calm
2017-08-03,2.3056418317583437e-05,7.718977368245543e-06,calm
2017-08-07,2.4393094539224615e-05,1.0657166552350724e-05,calm
2017-08-08,2.2714153354408663e-05,1.826262794536436e-05,calm
2017-08-09,2.477118240105876e-05,3.068419155357714e-05,calm
2017-08-10,2.350284656154051e-05,1.6235490524315244e-05,calm
2017-08-14,4.9378978023283014e-05,7.597027387428061e-06,calm
2017-08-15,4.375088190372046e-05,9.602566942447369e-06,calm
2017-08-16,4.1126680932900755e-05,3.21140013636011e-05,calm
2017-08-17,3.801303958681152e-05,2.912622168032675e-05,calm
2017-08-21,7.071775831021713e-05,1.1059448213068393e-05,calm
2017-08-22,6.486448869802273e-05,1.1210745665674774e-05,calm
2017-08-23,5.723090330881804e-05,1.6657840209925543e-05,calm
2017-08-24,6.0333739076768854e-05,1.240530735094806e-05,calm
2017-08-28,6.062864418258278e-05,9.14134822030488e-06,calm
2017-08-29,5.616813636197124e-05,7.94708805665742e-06,calm
2017-08-30,5.1757379136160874e-05,8.27995494714268e-06,calm
2017-08-31,4.6948963584374806e-05,6.812995408461733e-06,calm
2017-09-05,4.237234729589453e-05,7.194976454707857e-06,calm
2017-09-06,5.326652833645914e-05,1.2168437608919624e-05,calm
2017-09-07,4.8613765341547655e-05,6.872057016941768e-06,calm
2017-09-11,4.559398153621803e-05,4.604428305690069e-06,calm
2017-09-12,4.0215796736670325e-05,3.4559374748527843e-06,calm
2017-09-13,3.688543070903124e-05,4.198882458671138e-06,calm
2017-09-14,3.445307640865821e-05,3.5608100012003555e-06,calm
2017-09-18,3.2941572045134496e-05,4.386818036639344e-06,calm
2017-09-19,3.052746813347097e-05,1.0201951351476597e-05,calm
2017-09-20,2.852770357262189e-05,7.743973112850879e-06,calm
2017-09-21,2.6802331903887615e-05,3.481922266008804e-06,calm
2017-09-25,2.9153363085294283e-05,6.559197722896502e-06,calm
2017-09-26,3.04847120500921e-05,1.1001876570215672e-05,calm
2017-09-27,2.8534120514976184e-05,5.151294935902915e-06,calm
2017-09-28,2.619454446384186e-05,4.896712048314635e-06,calm
2017-10-02,2.449241131063797e-05,4.274704580519075e-06,calm
2017-10-03,2.2459720168501117e-05,5.115843528488577e-06,calm
2017-10-04,2.0919980244218215e-05,4.0123077997400185e-06,calm
2017-10-05,1.9636712136337824e-05,4.670294476407286e-06,calm
2017-10-09,1.7855317546178576e-05,7.180574169401431e-06,calm
2017-10-10,1.897518149223504e-05,3.4645731406485937e-06,calm
2017-10-11,1.765197936574513e-05,3.947287258453006e-06,calm
2017-10-12,1.6567738879438962e-05,3.566298547099304e-06,calm
2017-10-16,1.7522142789315893e-05,2.342903383090148e-06,calm
2017-10-17,1.6472447586886283e-05,3.0866777809557538e-06,calm
2017-10-18,1.557397763537169e-05,5.472727319487298e-06,calm
2017-10-19,1.4698874120440678e-05,4.282498494816701e-06,calm
2017-10-23,1.3964959628883952e-05,6.354013627900999e-06,calm
2017-10-24,1.7832004771702986e-05,2.205369649753281e-05,calm
2017-10-25,1.66913967956766e-05,1.2439427969827716e-05,calm
2017-10-26,2.220935464395785e-05,1.2852335898770177e-05,calm
2017-10-30,2.0779979682462415e-05,1.0190473770679576e-05,calm
2017-10-31,2.4665465718455362e-05,3.844075565737857e-06,calm
2017-11-01,2.2987920412942228e-05,9.89368395522742e-06,calm
2017-11-02,2.148143897347572e-05,1.6102995433989458e-05,calm
2017-11-03,2.022054904254157e-05,4.471086574744166e-06,calm
2017-11-06,1.8687074695832384e-05,3.08508695023499e-06,calm
2017-11-07,1.749294884266521e-05,8.325939854062812e-06,calm
2017-11-08,1.7469804431148357e-05,5.652371085663188e-06,calm
2017-11-09,1.634576833729392e-05,2.767443583524494e-05,calm
2017-11-10,1.994972119829808e-05,6.876456679156106e-06,calm
2017-11-13,1.9332043661021688e-05,4.789063194644555e-06,calm
2017-11-14,1.8145154993683368e-05,1.9274928979575017e-05,calm
2017-11-15,2.003934761381825e-05,2.2325419200682783e-05,calm
2017-11-16,2.581530150723693e-05,8.051411632137276e-06,calm
2017-11-17,2.3189839023290732e-05,5.4455940880412325e-06,calm
2017-11-20,2.5912645579626072e-05,4.597282928434352e-06,calm
2017-11-21,2.408579267147793e-05,4.813483210377632e-06,calm
2017-11-22,2.183729902424682e-05,2.818742482927139e-06,calm
2017-11-24,2.1813991763744462e-05,1.218059268025056e-06,calm
2017-11-27,2.0268641839543695e-05,4.6620195125725e-06,calm
2017-11-28,1.985836323880794e-05,1.1049063256237762e-05,calm
2017-11-29,1.7699320923939334e-05,1.6148250139225744e-05,calm
2017-11-30,1.757920224692018e-05,2.732316514645123e-05,calm
2017-12-01,1.578475300072034e-05,8.878526153603566e-05,calm
2017-12-04,1.7417827720640407e-05,2.2659116198128083e-05,calm
2017-12-05,1.79989016605305e-05,1.636164890858776e-05,calm
2017-12-06,2.160642906649704e-05,1.3038106015238966e-05,calm
2017-12-07,2.0349105649546353e-05,8.912262992352853e-06,calm
2017-12-08,1.883098738173181e-05,7.157952923588582e-06,calm
2017-12-11,1.7206639729512383e-05,6.28610596713131e-06,calm
2017-12-12,1.597246790232458e-05,6.536597935707063e-06,calm
2017-12-13,1.4966827239650777e-05,1.2149563391690132e-05,calm
2017-12-14,1.447828578385201e-05,1.1651827415373304e-05,calm
2017-12-15,1.8596158013616165e-05,1.2545611847702714e-05,calm
2017-12-18,1.7219767508298746e-05,8.446383803682566e-06,calm
2017-12-19,1.5658875431245502e-05,8.499256965557588e-06,calm
2017-12-20,1.951510366185482e-05,1.3496620660201293e-05,calm
2017-12-21,1.919251501817531e-05,8.027997619826864e-06,calm
2017-12-22,1.7892171249838167e-05,4.40157794917856e-06,calm
2017-12-26,1.7373533908260706e-05,3.030899041887512e-06,calm
2017-12-27,1.7932191882821105e-05,2.709995458511272e-06,calm
2017-12-28,1.6916932864101293e-05,1.600500283502711e-06,calm
2017-12-29,1.5800313892498946e-05,6.703570866219266e-06,calm
2018-01-02,1.9538733155822553e-05,6.614951624958542e-06,calm
2018-01-03,1.7666145483128525e-05,5.71847519323922e-06,calm
2018-01-04,1.6057784698605833e-05,7.308547842727639e-06,calm
2018-01-05,1.4794857045814066e-05,7.888586235726555e-06,calm
2018-01-08,1.3466593793205393e-05,6.09844119244572e-06,calm
2018-01-09,1.2626272771603442e-05,1.0587500304570517e-05,calm
2018-01-10,1.1812658869579102e-05,1.1667978354241348e-05,calm
2018-01-11,1.2859547611870292e-05,6.977268385323447e-06,calm
2018-01-12,1.1703494870082048e-05,1.0305350153288946e-05,calm
2018-01-16,1.0757323549456426e-05,3.171103484184363e-05,calm
2018-01-17,1.3852559479319387e-05,1.7473471234424658e-05,calm
2018-01-18,1.2718021098521484e-05,2.141279362261225e-05,calm
2018-01-19,1.3895089867710892e-05,1.2927845371988949e-05,calm
2018-01-22,1.2863941421648715e-05,1.2361764689323807e-05,calm
2018-01-23,1.1994836946637822e-05,1.0516214125313828e-05,calm
2018-01-24,1.1208964000574702e-05,3.761788161072697e-05,calm
2018-01-25,1.1133427117775013e-05,3.039692870677867e-05,calm
2018-01-26,1.0523984109089303e-05,9.102114425420824e-06,calm
2018-01-29,1.0302607589480177e-05,2.2349371869295257e-05,calm
2018-01-30,1.8157017122585365e-05,3.4929776497839115e-05,calm
2018-01-31,3.439728865046555e-05,3.271678149527722e-05,calm
2018-02-01,3.163760403730787e-05,3.341903194596238e-05,calm
2018-02-02,3.1223047975310034e-05,7.015573151725725e-05,calm
2018-02-05,9.039860916644417e-05,0.0004551799233295,calm
2018-02-06,0.0003179223905723044,0.0006652118347677,calm
2018-02-07,0.000273075347100656,0.0001972164402289,calm
2018-02-08,0.00026039846014624593,0.000364028297806,calm
2018-02-09,0.0004654924672141397,0.0006393205842826,calm
2018-02-12,0.0003943112012979104,0.0001658825181395,calm
2018-02-13,0.00033584859855273426,7.113636897879899e-05,calm
2018-02-14,0.00028755246156464507,9.89923055024988e-05,calm
2018-02-15,0.0002473780207023957,7.355126662727743e-05,calm
2018-02-16,0.0002137761118090907,7.211206530778424e-05,calm
2018-02-20,0.0001857295113294353,5.786675576998364e-05,calm
2018-02-21,0.00018695098439301192,7.737946210594005e-05,calm
2018-02-22,0.00018280556915560028,9.652090932117766e-05,calm
2018-02-23,0.0001596104784795391,4.30592984360934e-05,calm
2018-02-26,0.00013964730486913527,3.1198675427699144e-05,calm
2018-02-27,0.00012269657401203812,8.018621425927186e-05,calm
2018-02-28,0.00015313216425978836,7.684882115591153e-05,calm
2018-03-01,0.00017284909046612421,0.0002355839938478,calm
2018-03-02,0.00021210797819997968,0.0001190283660968,calm
2018-03-05,0.0001843104171889326,5.8839391575838e-05,calm
2018-03-06,0.0001606871132138766,4.5990117960412656e-05,calm
2018-03-07,0.00014081140169861856,4.697114005697994e-05,calm
2018-03-08,0.0001257171911757869,4.3424621822541743e-05,calm
2018-03-09,0.00011087565882205224,1.431971019703371e-05,calm
2018-03-12,9.804605792119645e-05,2.8399877176607223e-05,calm
2018-03-13,9.109988459707903e-05,4.9113389469572345e-05,calm
2018-03-14,0.00010011505750027779,6.596320011655736e-05,calm
2018-03-15,0.00010440689617158703,2.947954790915389e-05,calm
2018-03-16,9.624137626113164e-05,1.8657054776395223e-05,calm
2018-03-19,9.41400066996408e-05,6.32718404727625e-05,calm
2018-03-20,0.00012849489918772059,3.359572098801225e-05,calm
2018-03-21,0.00011330877866439855,6.197007099274223e-05,calm
2018-03-22,0.00010647847854364778,0.0001147312858884,calm
2018-03-23,0.00019837482310031192,0.0001544169488096,calm
2018-03-26,0.0002748043528554229,0.000176556349365,calm
2018-03-27,0.0002364151277920172,0.0002688692630993,calm
2018-03-28,0.00028774981936071465,9.621811814917288e-05,calm
2018-04-02,0.000262195003322622,0.0001788462002333,calm
2018-04-03,0.000341072251155093,0.0001308391634871,calm
2018-04-04,0.00029184817867171787,8.622249476007186e-05,calm
2018-04-05,0.0002509699078281581,0.000134196094826,calm
2018-04-09,0.00021688146234666794,0.0001106799023618,calm
2018-04-10,0.0001883320087618296,7.535300253347774e-05,calm
2018-04-11,0.0001638292444528288,4.996598321838943e-05,calm
2018-04-12,0.00016313195438767466,6.225191328259691e-05,calm
2018-04-16,0.00014268228139767793,1.6500104238470782e-05,calm
2018-04-17,0.00012525190288682232,2.258786574667965e-05,calm
2018-04-18,0.00011028971029186283,3.606030958477396e-05,calm
2018-04-19,9.767876339681615e-05,5.216582244584812e-05,calm
2018-04-23,0.00010346453818188572,0.0001407534082741,calm
2018-04-24,9.279056950160642e-05,0.0001005632290713,calm
2018-04-25,0.00012701312886669196,3.784146714232963e-05,calm
2018-04-26,0.00011203414674722516,3.349606704611639e-05,calm
2018-04-30,9.89400377878603e-05,4.747248022629809e-05,calm
2018-05-01,0.00011172961075357471,4.787963713161233e-05,calm
2018-05-02,9.89275157732099e-05,0.0001010027703401,calm
2018-05-03,0.00010845510887920642,4.463663451205776e-05,calm
2018-05-07,0.00010305830616493043,4.524455803516075e-05,calm
2018-05-08,9.138075315126292e-05,2.9659279793236104e-05,calm
2018-05-09,8.18887475733739e-05,2.010849529280787e-05,calm
2018-05-10,7.297217485061773e-05,2.0617447204891485e-05,calm
2018-05-14,6.524499984461082e-05,3.939174727281433e-05,calm
2018-05-15,5.864038165019526e-05,1.61998087489785e-05,calm
2018-05-16,6.998803576155444e-05,1.980609056514736e-05,calm
2018-05-17,6.271221569031113e-05,2.127363185940765e-05,calm
2018-05-21,5.873427035170788e-05,1.421697742964394e-05,calm
2018-05-22,5.2848727957536766e-05,2.8522418571391115e-05,calm
2018-05-23,5.409935601208388e-05,3.2755518112654295e-05,calm
2018-05-24,4.883259219375642e-05,1.6197009873600785e-05,calm
2018-05-29,4.877387166321841e-05,2.1225392793408687e-05,calm
2018-05-30,7.366709159439191e-05,4.003025152578256e-05,calm
2018-05-31,6.575902890201166e-05,2.009443308400909e-05,calm
2018-06-04,7.487669704898149e-05,1.6125956049530178e-05,calm
2018-06-05,6.696238161545602e-05,1.5098667468390588e-05,calm
2018-06-06,6.015924691133069e-05,2.9526820758843683e-05,calm
2018-06-07,5.407137329952434e-05,1.3072953972051688e-05,calm
2018-06-11,4.9521677057626864e-05,8.469779576886225e-06,calm
2018-06-12,4.485618830698772e-05,1.6929324875534576e-05,calm
2018-06-13,4.073660380703537e-05,1.1211965779949244e-05,calm
2018-06-14,4.360895960875119e-05,2.5513147656398672e-05,calm
2018-06-18,3.960931358734503e-05,2.156809256993061e-05,calm
2018-06-19,4.026193961564813e-05,8.010943352619005e-06,calm
2018-06-20,4.450120671947612e-05,3.0362929554109723e-05,calm
2018-06-21,4.0395656693481645e-05,1.526536110131513e-05,calm
2018-06-25,5.017718059665821e-05,2.898905200072649e-05,calm
2018-06-26,8.24967363946799e-05,7.422572422614897e-05,calm
2018-06-27,7.355280580776053e-05,5.787980432085696e-05,calm
2018-06-28,8.899266460023734e-05,2.4756918927332547e-05,calm
2018-07-02,7.910851049815257e-05,1.4196731639339e-05,calm
2018-07-05,7.063457481852145e-05,2.2771367019504736e-05,calm
2018-07-09,6.319857767478351e-05,1.1413431824406982e-05,calm
2018-07-10,5.6716056631810966e-05,1.942270107970797e-05,calm
2018-07-11,5.112693270772309e-05,1.653476145784446e-05,calm
2018-07-12,6.368745823531866e-05,9.407491987610213e-06,calm
2018-07-16,5.714011155631495e-05,1.2264668832116362e-05,calm
2018-07-17,5.386838876933075e-05,5.991402370987766e-06,calm
2018-07-18,4.8625617639093654e-05,1.5393012576390907e-05,calm
2018-07-19,4.4043316526124435e-05,9.524884436916564e-06,calm
2018-07-23,4.80112307952142e-05,2.1146940703454864e-05,calm
2018-07-24,4.3502077148881757e-05,2.178914876628423e-05,calm
2018-07-25,3.9489313077467476e-05,1.193431253459892e-05,calm
2018-07-26,3.5923963201107207e-05,3.067783781486831e-05,calm
2018-07-30,3.7392193634247265e-05,1.923819402508662e-05,calm
2018-07-31,4.471526629027987e-05,1.1862521679934258e-05,calm
2018-08-01,4.056090976354735e-05,1.4204832295020936e-05,calm
2018-08-02,4.0404079700981134e-05,9.043144868161178e-06,calm
2018-08-06,3.675054518982912e-05,8.975279272696583e-06,calm
2018-08-07,3.352968441754614e-05,7.626604472685813e-06,calm
2018-08-08,3.0667445357478126e-05,7.5290472724648515e-06,calm
2018-08-09,2.9145851532511326e-05,2.287484759334325e-05,calm
2018-08-13,2.9278652688524904e-05,1.7785372736627628e-05,calm
2018-08-14,3.3606865018565854e-05,4.493497828651328e-05,calm
2018-08-15,3.071697698203531e-05,1.637066864741043e-05,calm
2018-08-16,4.3009904702248115e-05,1.750479894701991e-05,calm
2018-08-20,3.902143668116761e-05,8.955606977887712e-06,calm
2018-08-21,3.5546681842533763e-05,9.847143313368516e-06,calm
2018-08-22,3.2464557088319255e-05,1.2849475604154614e-05,calm
2018-08-23,3.106128376936062e-05,8.778607505618296e-06,calm
2018-08-27,3.099571321049464e-05,9.343115575934486e-06,calm
2018-08-28,2.838676529028173e-05,6.731406980853608e-06,calm
2018-08-29,2.6104822626325182e-05,2.0100691969823984e-05,calm
2018-08-30,2.402845260031348e-05,1.4892996244859516e-05,calm
2018-09-04,2.8940797214659126e-05,3.5053643854095e-05,calm
2018-09-05,2.968302725046949e-05,3.489150337542833e-05,calm
2018-09-06,3.206529861035013e-05,3.814183321768991e-05,calm
2018-09-10,3.493481902089071e-05,1.472110611614496e-05,calm
2018-09-11,3.191605985983977e-05,2.4884567411449644e-05,calm
2018-09-12,2.9220697568710936e-05,1.2726204387781622e-05,calm
2018-09-13,2.6840763879665025e-05,1.2757677608114882e-05,calm
2018-09-17,2.4683935888837823e-05,1.4245041404083616e-05,calm
2018-09-18,3.1947455707691205e-05,1.063457610737335e-05,calm
2018-09-19,2.9233649578677868e-05,8.311673890179496e-06,calm
2018-09-20,2.6844313425839995e-05,6.777642726152144e-06,calm
2018-09-24,2.4684056598937064e-05,8.021425312253984e-06,calm
2018-09-25,2.8299599206916325e-05,2.3740820653048544e-05,calm
2018-09-26,2.778184137845467e-05,9.74386359942428e-06,calm
2018-09-27,3.0752569674721587e-05,1.1656450480853398e-05,calm
2018-10-01,2.8181676853456726e-05,1.5789160675991803e-05,calm
2018-10-02,2.588446849185917e-05,1.610845094820653e-05,calm
2018-10-03,2.502532639548382e-05,4.413037786646963e-05,calm
2018-10-04,2.307593408495094e-05,4.2350197050377066e-05,calm
2018-10-08,3.555007603245802e-05,4.212508379178483e-05,calm
2018-10-09,3.2823935972107104e-05,0.0001483015168757,calm
2018-10-10,3.282290375769187e-05,0.0003819383668723,calm
2018-10-11,0.0001699688881663524,0.0001981396788324,calm
2018-10-15,0.00025385035749396007,4.6229122638354096e-05,calm
2018-10-16,0.0002442626135083679,0.0001059740238844,calm
2018-10-17,0.00020934155726831958,0.0001256818832433,calm
2018-10-18,0.00018137361841747437,8.80717567564226e-05,calm
2018-10-22,0.00022130153086904412,0.0001286478708651,calm
2018-10-23,0.00021098869277373118,0.0001776456907556,calm
2018-10-24,0.00020459226538566586,0.0001010515723094,calm
2018-10-25,0.0003465555636146488,0.0003221444567771,calm
2018-10-29,0.00029384256051292714,0.0003020764729368,calm
2018-10-30,0.0002795631978227349,0.0002369290928385,calm
2018-10-31,0.00023879553861525595,8.267753088956122e-05,calm
2018-11-01,0.00020526630141496133,6.926351424220781e-05,calm
2018-11-02,0.00017722217603520415,0.0001625799095452,calm
2018-11-05,0.00017809556458916502,3.526037727885601e-05,calm
2018-11-06,0.000154841813815993,3.699906255462284e-05,calm
2018-11-07,0.00013510194390932122,4.081668561237299e-05,calm
2018-11-08,0.00011726265275302277,4.4635716622966265e-05,calm
2018-11-09,0.00010967933082117658,5.518134697250357e-05,calm
2018-11-12,0.00013019656574790112,9.255630065272847e-05,calm
2018-11-13,0.0001913994358392587,0.0001678628106496,calm
2018-11-14,0.00017445244525938472,0.0001279313287046,calm
2018-11-15,0.00017938926874905967,0.0001864117526916,calm
2018-11-16,0.00015551860390961624,8.18173872137005e-05,calm
2018-11-19,0.00013603570788359862,0.0001150169734721,calm
2018-11-20,0.00018826381852697917,0.00018558809343,calm
2018-11-21,0.0002499470241149249,3.7224155417686575e-05,calm
2018-11-23,0.00021542780357437595,2.5933451961723595e-05,calm
2018-11-26,0.00021576772908048233,5.437867057759013e-05,calm
2018-11-27,0.00018557982125636555,6.372690297495023e-05,calm
2018-11-28,0.00016142289673341673,8.900977788165231e-05,calm
2018-11-29,0.00013936324163255363,4.564721364675897e-05,calm
2018-11-30,0.0001303539169301325,2.767887935184395e-05,calm
2018-12-03,0.00011433767149911387,6.643940999694947e-05,calm
2018-12-04,0.00010016396497490796,0.0001392376408075,calm
2018-12-06,0.0002443506036966812,0.0002403845847243,calm
2018-12-07,0.00021847696679520832,0.0002527775982023,calm
2018-12-10,0.00030906078892204336,0.0003018428112379,calm
2018-12-11,0.0002651492578882139,0.0001643873544086,calm
2018-12-12,0.00022878099770259284,9.282158360717827e-05,calm
2018-12-13,0.00019786817026096431,0.0001091534493643,calm
2018-12-14,0.00017432008095618476,0.0001096802923251,calm
2018-12-17,0.00023492830517738333,0.0001512170086518,calm
2018-12-18,0.00030252121220543745,0.0001686396469448,calm
2018-12-19,0.0002659719143930432,0.0006539019029923,calm
2018-12-20,0.0003050000405947931,0.0004018814208597,calm
2018-12-21,0.0003497625797091312,0.0003524798741646,calm
2018-12-24,0.00046211612839613936,0.0002260503233298,calm
2018-12-26,0.0005743594997796858,0.0004178136887276,calm
2018-12-27,0.0004784832911733732,0.0004643961519002,calm
2018-12-28,0.0004044472690585424,0.0002105675308974,calm
2018-12-31,0.0003524591543982293,0.0001258257144179,calm
2019-01-02,0.0003005033207478267,0.0001668253479766,calm
2019-01-03,0.00025823664297315054,0.0002587113321085,calm
2019-01-04,0.0003537656665276117,0.0001645285173802,calm
2019-01-07,0.0002988974810777537,8.030980974785394e-05,calm
2019-01-08,0.00025612687532572214,0.0001052644650267,calm
2019-01-09,0.0002202520328530547,7.801788473840017e-05,calm
2019-01-10,0.00019062356004615505,6.492440384048161e-05,calm
2019-01-11,0.00016573604981672902,3.468394301253793e-05,calm
2019-01-14,0.0001449305423430971,4.09595854650613e-05,calm
2019-01-15,0.00014933597907784826,5.340043197228902e-05,calm
2019-01-16,0.00013010646125418638,2.770195188227369e-05,calm
2019-01-17,0.00011437506584829149,5.893762478047133e-05,calm
2019-01-18,0.00010055334289058266,4.0144172880598936e-05,calm
2019-01-22,8.850959419824452e-05,8.780514065108032e-05,calm
2019-01-23,0.0001236765952856839,6.593254023523633e-05,calm
2019-01-24,0.00010900881606207952,3.2706566708394006e-05,calm
2019-01-25,9.653479152485116e-05,2.250399193358918e-05,calm
2019-01-28,8.525977996341427e-05,6.213898471280582e-05,calm
2019-01-29,9.858220337816504e-05,3.662907017836939e-05,calm
2019-01-30,9.18074854042147e-05,7.509750023112143e-05,calm
2019-01-31,8.081209376874167e-05,4.1500860666368855e-05,calm
2019-02-01,7.17079662191404e-05,4.199372771820832e-05,calm
2019-02-04,6.428037509253538e-05,2.507437133470585e-05,calm
2019-02-05,5.7453094097851534e-05,1.7727278297650365e-05,calm
2019-02-06,5.162061021027951e-05,2.102748338479428e-05,calm
2019-02-07,4.9857310606864746e-05,6.599110406731149e-05,calm
2019-02-08,6.917966776053293e-05,3.2914284912599464e-05,calm
2019-02-11,6.207587229436938e-05,2.553217394982135e-05,calm
2019-02-12,5.591194747840653e-05,2.0570622976763845e-05,calm
2019-02-13,4.989506577309743e-05,1.9755869959153703e-05,calm
2019-02-14,4.507723146713489e-05,4.428795066043402e-05,calm
2019-02-15,4.580101066867977e-05,2.071402405687916e-05,calm
2019-02-19,4.115307948041259e-05,1.1950575613738447e-05,calm
2019-02-20,3.7441965339537476e-05,2.514542621268149e-05,calm
2019-02-21,3.4140863810475286e-05,2.272265582400513e-05,calm
2019-02-22,3.817124295938862e-05,1.4473439647915826e-05,calm
2019-02-25,3.4603569269805266e-05,1.5239956908093902e-05,calm
2019-02-26,3.165644188211357e-05,2.644040039318712e-05,calm
2019-02-27,3.0609835117945186e-05,2.3039010436822018e-05,calm
2019-02-28,2.918732217588753e-05,1.5511555138740784e-05,calm
2019-03-01,3.0267885563599512e-05,2.4135830431795576e-05,calm
2019-03-04,2.759683005548601e-05,5.940186593650029e-05,calm
2019-03-05,3.193617265043804e-05,2.4235784820175425e-05,calm
2019-03-06,3.197995714631245e-05,2.616778056911092e-05,calm
2019-03-07,4.1394667419848945e-05,4.802754343421124e-05,calm
2019-03-08,5.699783017519035e-05,5.227404082347487e-05,calm
2019-03-11,5.6332215290577644e-05,1.896441892981445e-05,calm
2019-03-12,5.0045742375701554e-05,2.126787074109617e-05,calm
2019-03-13,4.516202045721955e-05,1.7641207956350988e-05,calm
2019-03-14,4.071322834261761e-05,1.3265116182026764e-05,calm
2019-03-15,3.87191521139322e-05,1.7821691152403773e-05,calm
2019-03-18,3.5366489011441265e-05,1.7932445034055174e-05,calm
2019-03-19,3.222591396290265e-05,4.908176167438477e-05,calm
2019-03-20,2.960750580685874e-05,6.297439459653093e-05,calm
2019-03-21,3.2749956466312565e-05,2.6906450338502708e-05,calm
2019-03-22,2.9554094792083124e-05,8.70143017837112e-05,calm
2019-03-25,8.27707125622555e-05,7.523799956294942e-05,calm
2019-03-26,7.629488483935462e-05,4.537807081026542e-05,calm
2019-03-27,6.782332978001286e-05,5.563405669048456e-05,calm
2019-03-28,7.463713519695352e-05,2.7382233160932063e-05,calm
2019-03-29,6.663125451185118e-05,2.362094297605962e-05,calm
2019-04-01,5.9535736598343625e-05,1.3105025409360363e-05,calm
2019-04-02,5.306242213424008e-05,1.686467840406591e-05,calm
2019-04-03,4.803269900630472e-05,1.975498008778704e-05,calm
2019-04-04,4.3560887926612576e-05,9.35930464116955e-06,calm
2019-04-08,3.956182497098737e-05,2.2462168515747017e-05,calm
2019-04-09,3.6130268666179576e-05,1.0028182177471996e-05,calm
2019-04-10,4.3474107991993546e-05,1.2515713436184244e-05,calm
2019-04-11,3.94432788343206e-05,1.1817480991767444e-05,calm
2019-04-15,3.6941447383546656e-05,1.0526727704282431e-05,calm
2019-04-16,3.53556945647196e-05,1.730532931481047e-05,calm
2019-04-17,3.239625676136291e-05,1.3117969424760523e-05,calm
2019-04-22,3.4364437430977005e-05,1.3576240500851447e-05,calm
2019-04-23,3.1493232813113357e-05,1.0800234974915144e-05,calm
2019-04-24,2.860644568253775e-05,2.902328722285359e-05,calm
2019-04-25,3.0345186179584792e-05,1.547226773012098e-05,calm
2019-04-29,2.927490257309023e-05,1.7567096484939778e-05,calm
2019-04-30,2.6921526161791547e-05,3.397951059730998e-05,calm
2019-05-01,2.485491789525923e-05,4.40206705474332e-05,calm
2019-05-02,3.709871059622544e-05,1.2596988664457823e-05,calm
2019-05-06,3.825510994159461e-05,0.0001032199177762,calm
2019-05-07,4.333614721831023e-05,4.7243118843934905e-05,calm
2019-05-08,8.744727626345072e-05,0.0001004886189159,calm
2019-05-09,8.213639689055973e-05,0.0001064546189021,calm
2019-05-13,8.184169684384964e-05,5.259654062131538e-05,calm
2019-05-14,0.00017564070728279152,5.082868843501586e-05,calm
2019-05-15,0.00015210829144866598,2.945001272015039e-05,calm
2019-05-16,0.00013264105018498965,5.314382901115532e-05,calm
2019-05-20,0.0001158307219017874,1.7285222806834182e-05,calm
2019-05-21,0.00012448643175287465,1.9454712809871885e-05,calm
2019-05-22,0.00010894787924823306,6.036974802537541e-05,calm
2019-05-23,0.00010633320669959644,2.786128815786744e-05,calm
2019-05-28,0.00013673899376169947,7.085343977751259e-05,calm
2019-05-29,0.00015454351352456094,3.571958869288087e-05,calm
2019-05-30,0.00016073386418966794,4.60766889648562e-05,calm
2019-06-03,0.00014046408081454402,4.2782735705413526e-05,calm
2019-06-04,0.0001326226098441507,4.040021247038711e-05,calm
2019-06-05,0.00011468677542178754,3.631495686227189e-05,calm
2019-06-06,0.00010066384175075422,3.423559994746755e-05,calm
2019-06-10,8.886786804231321e-05,3.490024249742831e-05,calm
2019-06-11,7.889307398076934e-05,1.814033607684509e-05,calm
2019-06-12,7.176718797223965e-05,2.683158334355361e-05,calm
2019-06-13,6.9219290616612e-05,1.912292301386122e-05,calm
2019-06-17,6.190400694769593e-05,3.681001397393642e-05,calm
2019-06-18,5.581952176724785e-05,3.21078105099889e-05,calm
2019-06-19,4.97896000060401e-05,2.714099091381327e-05,calm
2019-06-20,4.5049041153144994e-05,1.7202974350033096e-05,calm
2019-06-24,4.044504578888486e-05,2.873537073500063e-05,calm
2019-06-25,3.9589385094796366e-05,2.102663760894733e-05,calm
2019-06-26,5.9109096727069774e-05,1.3104702028366556e-05,calm
2019-06-27,5.604266896589293e-05,9.943580798373684e-06,calm
2019-07-01,5.0467256191868396e-05,2.3478002859429457e-05,calm
2019-07-02,4.519853685587686e-05,4.697047250172807e-06,calm
2019-07-08,4.1000722344004314e-05,7.449747467573047e-06,calm
2019-07-09,4.923201094079135e-05,2.07908372817478e-05,calm
2019-07-10,4.465405582334271e-05,1.0046560624089676e-05,calm
2019-07-11,4.037540644020019e-05,5.162526014713094e-06,calm
2019-07-15,3.675229408618288e-05,1.1211932110585954e-05,calm
2019-07-16,3.3664718553258366e-05,1.48283459510587e-05,calm
2019-07-17,3.709993663313261e-05,1.562226177776598e-05,calm
2019-07-18,4.844722100944713e-05,2.512128168713926e-05,calm
2019-07-22,4.377663594767058e-05,1.4335776887564914e-05,calm
2019-07-23,3.9746422994120215e-05,8.753692128270211e-06,calm
2019-07-24,3.5895665081127664e-05,2.3172848952208548e-05,calm
2019-07-25,3.263847492122111e-05,6.093366842320574e-06,calm
2019-07-29,3.926010175257139e-05,1.6922286142658608e-05,calm
2019-07-30,3.96651383761481e-05,7.345354521941546e-05,calm
2019-07-31,4.129330074503415e-05,0.0001996619929246,calm
2019-08-01,6.438244524585759e-05,7.497106558483183e-05,calm
2019-08-05,8.1651625661742e-05,0.0001019194984869,calm
2019-08-06,0.00020971230455316668,0.0001796903412615,calm
2019-08-07,0.00017985687021131386,3.606328170118972e-05,calm
2019-08-08,0.00015657573772749647,7.883650088058323e-05,calm
2019-08-12,0.00013479263827859196,0.000209593892745,calm
2019-08-13,0.00016530333802473366,0.0001298435058053,calm
2019-08-14,0.0001425026161135035,9.471466183743376e-05,calm
2019-08-15,0.00027584494010294875,4.698525799930084e-05,calm
2019-08-19,0.00023633168617608877,3.3853321842745626e-05,calm
2019-08-20,0.00020227867787610046,1.3320721431842305e-05,calm
2019-08-21,0.0002085548789317762,5.1665225158630334e-05,calm
2019-08-22,0.00017968922740780927,0.0002320061666315,calm
2019-08-26,0.0001584290913916992,5.549093571483972e-05,calm
2019-08-27,0.00013725543587742755,3.898577156381297e-05,calm
2019-08-28,0.00013458676696528503,4.2825722812424014e-05,calm
2019-08-29,0.00011756070547667326,3.160548515500316e-05,calm
2019-09-03,0.00010247613223099017,1.265979841420094e-05,calm
2019-09-04,0.00010945782772286148,2.1469383850037155e-05,calm
2019-09-05,9.571892250838081e-05,1.5298727793750398e-05,calm
2019-09-09,8.386594570595532e-05,3.925456486967616e-05,calm
2019-09-10,7.479065458591197e-05,1.512477472425608e-05,calm
2019-09-11,6.804600634701306e-05,3.3003247142837e-05,calm
2019-09-12,6.0526874176648735e-05,1.4888719088927452e-05,calm
2019-09-16,5.427098203100771e-05,9.761804908782494e-06,calm
2019-09-17,5.640782779490111e-05,3.53777220692871e-05,calm
2019-09-18,5.0752723960033596e-05,1.8225292847557523e-05,calm
2019-09-19,4.594606833802353e-05,5.867431026768935e-05,calm
2019-09-23,4.228253315674539e-05,9.25119932530509e-05,calm
2019-09-24,3.933933771219547e-05,2.48411785245902e-05,calm
2019-09-25,5.3759571910269574e-05,3.918849310244307e-05,calm
2019-09-26,4.817955726585919e-05,7.109855488239981e-05,calm
2019-09-30,4.847705426132178e-05,6.851338580875686e-05,calm
2019-10-01,4.3653696562797e-05,7.322633779958432e-05,calm
2019-10-02,7.06409586785985e-05,0.0001380329002744,calm
2019-10-03,0.00012372702931086267,2.448524410424813e-05,calm
2019-10-07,0.00010805257205764313,7.098206703319046e-05,calm
2019-10-08,0.00010952858937076306,3.792137388964542e-05,calm
2019-10-09,0.00015543939536025414,5.043025019785123e-05,calm
2019-10-10,0.00013472718471198143,4.9124116132029766e-05,calm
2019-10-14,0.00011758070219933441,1.6589261558868172e-05,calm
2019-10-15,0.00010781480247801101,1.1188297457003333e-05,calm
2019-10-16,9.436170505471993e-05,1.7743857845377015e-05,calm
2019-10-17,8.89232417722236e-05,2.42083599446448e-05,calm
2019-10-21,7.893141336366953e-05,1.500334463712479e-05,calm
2019-10-22,6.99358476980814e-05,1.050792542613491e-05,calm
2019-10-23,7.14415091896913e-05,1.562835528695733e-05,calm
2019-10-24,6.382240288851737e-05,1.3469011452015322e-05,calm
2019-10-28,5.7310325017941e-05,1.1672254546816704e-05,calm
2019-10-29,5.129652820409131e-05,1.2491225192943363e-05,calm
2019-10-30,4.750069565318048e-05,1.7716750142129736e-05,calm
2019-10-31,4.290566880576711e-05,3.3698428573605046e-05,calm
2019-11-01,4.480403121545883e-05,1.120081948751908e-05,calm
2019-11-04,4.013920026510364e-05,9.065528063991875e-06,calm
2019-11-05,3.636829192330593e-05,9.433773393333282e-06,calm
2019-11-06,3.5636305737785053e-05,1.3665168588464985e-05,calm
2019-11-07,3.262446204089634e-05,2.082069122562048e-05,calm
2019-11-08,2.9745365061359845e-05,1.1127480326848302e-05,calm
2019-11-11,2.7239131821225886e-05,4.36836926766004e-06,calm
2019-11-12,2.8558596639930322e-05,1.1138476767106625e-05,calm
2019-11-13,2.619793378178481e-05,1.554605482443375e-05,calm
2019-11-14,2.4178327019533917e-05,1.0173373597189418e-05,calm
2019-11-15,2.230249739317525e-05,6.257428902307333e-06,calm
2019-11-19,2.0424957910501855e-05,1.157928539843674e-05,calm
2019-11-20,1.968111216687265e-05,2.81103598915551e-05,calm
2019-11-21,2.426923744525171e-05,1.881411727324705e-05,calm
2019-11-22,2.5247127038655536e-05,9.504200555933884e-06,calm
2019-11-25,2.3232492708064317e-05,8.403049745545805e-06,calm
2019-11-26,2.1220128520250405e-05,5.838695723704584e-06,calm
2019-11-27,1.9623594947095484e-05,3.019774206215128e-06,calm
2019-11-29,1.8104170032434992e-05,4.064683817858975e-06,calm
2019-12-02,2.2643961494839533e-05,3.7741710520913023e-05,calm
2019-12-03,3.752535802606345e-05,4.469570999547762e-05,calm
2019-12-04,4.8976626146129134e-05,1.3528832653276542e-05,calm
2019-12-05,4.3949071424355575e-05,1.6677415594692022e-05,calm
2019-12-06,3.982972039063112e-05,9.877697503318428e-06,calm
2019-12-09,3.5779584738390335e-05,5.983517794197846e-06,calm
2019-12-10,3.906856918185107e-05,2.0326764500337258e-05,calm
2019-12-11,3.8115833187686274e-05,8.389742371123895e-06,calm
2019-12-12,3.463345586731073e-05,8.232112992746497e-05,calm
2019-12-13,3.12411676407734e-05,4.513146124028768e-05,calm
2019-12-17,2.8674535756779917e-05,5.536840746629056e-06,calm
2019-12-18,2.6423312435808264e-05,7.436259624046638e-06,calm
2019-12-19,2.4644446193866075e-05,7.715559911999179e-06,calm
2019-12-20,2.26108224408326e-05,4.71074751314502e-06,calm
2019-12-23,2.204992593495154e-05,2.007677535947584e-06,calm
2019-12-24,2.0403992978121187e-05,1.9708074661030005e-06,calm
2019-12-26,1.92395449748999e-05,4.043394394638682e-06,calm
2019-12-27,1.7725965234671444e-05,8.048738726933601e-06,calm
2019-12-30,1.7155982442561305e-05,2.1934431884034832e-05,calm
2019-12-31,2.487222004535441e-05,1.0054046099627608e-05,calm
2020-01-02,2.2885516633638907e-05,1.535818321197111e-05,calm
2020-01-03,2.083655402285497e-05,3.3386040996003455e-05,calm
2020-01-06,3.326970617168727e-05,1.058169510038822e-05,calm
2020-01-07,3.028379155775508e-05,1.1886631103644898e-05,calm
2020-01-08,3.3114752316740184e-05,2.449472595551089e-05,calm
2020-01-09,3.006842106322203e-05,1.3731123346031617e-05,calm
2020-01-10,2.7304921194872822e-05,1.6046829718827466e-05,calm
2020-01-13,3.035371212100239e-05,5.598573977966467e-06,calm
2020-01-14,2.7551804005662534e-05,1.5127789592750574e-05,calm
2020-01-15,2.8208048101611237e-05,1.642960405588678e-05,calm
2020-01-16,2.5870382902986016e-05,6.989138860954526e-06,calm
2020-01-17,2.352350299004752e-05,9.291305794310842e-06,calm
2020-01-21,2.1637738795403347e-05,1.164060212347313e-05,calm
2020-01-22,2.3301908097307534e-05,1.239969823598987e-05,calm
2020-01-23,2.1755602554861435e-05,2.466492060737853e-05,calm
2020-01-24,2.0148859578830773e-05,5.4148092680642136e-05,calm
2020-01-27,3.566832364489573e-05,4.1737160258468405e-05,calm
2020-01-28,7.774237389803909e-05,2.048911048328732e-05,calm
2020-01-29,6.851276842638793e-05,2.553788729134618e-05,calm
2020-01-30,6.381267769354643e-05,5.302696331151869e-05,calm
2020-01-31,5.701198016507621e-05,8.601276283564497e-05,calm
2020-02-03,0.0001120336530749604,4.467513656114683e-05,calm
2020-02-04,9.793388581952655e-05,2.093786397039005e-05,calm
2020-02-05,8.541404649211493e-05,2.6018154605913545e-05,calm
2020-02-06,7.498098254931516e-05,1.9401847633628207e-05,calm
2020-02-07,6.660144600146774e-05,2.7983350362091603e-05,calm
2020-02-10,7.406473888526307e-05,1.7929805366934333e-05,calm
2020-02-11,6.552621562650676e-05,2.318419979871149e-05,calm
2020-02-12,5.860913279070085e-05,1.428973783804798e-05,calm
2020-02-13,5.225871116497798e-05,2.513147753343672e-05,calm
2020-02-14,4.9962357017011475e-05,1.3083251827235844e-05,calm
2020-02-18,4.509850393662201e-05,2.3007081384388515e-05,calm
2020-02-19,4.673516058453925e-05,6.098339421629991e-06,calm
2020-02-20,4.204052661109316e-05,8.94488999226194e-05,covid_2020
2020-02-21,4.728343890075941e-05,5.549565573167341e-05,covid_2020
2020-02-24,6.970331670007194e-05,0.0001187294660305,covid_2020
2020-02-25,0.00022891709207430456,0.0002460975593633,covid_2020
2020-02-26,0.00038225498614765616,0.0002759633387767,covid_2020
2020-02-27,0.00034376238233231837,0.0007192585684411,covid_2020
2020-02-28,0.0006561200210560966,0.0014046653125629,covid_2020
2020-03-02,0.0005742978319370928,0.0006274042690806,covid_2020
2020-03-03,0.0004702077501231322,0.0018438945507696,covid_2020
2020-03-04,0.0006113071180760366,0.0002672030443305,covid_2020
2020-03-05,0.0004993249136446249,0.0003660614597655,covid_2020
2020-03-06,0.0006864448733978734,0.0005555304534498,covid_2020
2020-03-09,0.0007000063794539215,0.0023004465149658,covid_2020
2020-03-10,0.001597967267441601,0.0010931449720194,covid_2020
2020-03-11,0.0012674597992071632,0.0005231715342311,covid_2020
2020-03-12,0.0016335194265674816,0.0041530389114315,covid_2020
2020-03-13,0.003006796324723613,0.0026286393307086,covid_2020
2020-03-16,0.0023301789532324483,0.0041210577284822,covid_2020
2020-03-17,0.00413682725035788,0.0022720311368001,covid_2020
2020-03-18,0.003182600195084274,0.0024878011455451,covid_2020
2020-03-19,0.0033910154769884455,0.0020876651794065,covid_2020
2020-03-20,0.0026429517871505016,0.0015386572469939,covid_2020
2020-03-23,0.0028813251037787518,0.0028603795571004,covid_2020
2020-03-24,0.0026581195901595627,0.0009238718839428,covid_2020
2020-03-25,0.0020659593130056236,0.0013243062082831,covid_2020
2020-03-26,0.0016327287289074415,0.0010927357746016,covid_2020
2020-03-27,0.001292954509399812,0.000569896235157,covid_2020
2020-03-30,0.0013827152210172365,0.000402790363323,covid_2020
2020-03-31,0.0011033414932280017,0.000322112363326,covid_2020
2020-04-01,0.0010401888083365525,0.0007577293880755,covid_2020
2020-04-02,0.001367481482195877,0.0003636440526063,covid_2020
2020-04-06,0.001093469524042274,0.0006460316642928,covid_2020
2020-04-07,0.0008773009983247952,0.0002220915863307,covid_2020
2020-04-08,0.0007147387709091344,0.0003547630217978,covid_2020
2020-04-13,0.0005828632858770748,0.0001609695003167,covid_2020
2020-04-14,0.0005480384819015423,0.0002034095116318,covid_2020
2020-04-15,0.00045089037765579494,0.0001853909716879,covid_2020
2020-04-16,0.0005300958441128783,0.0001371431897698,covid_2020
2020-04-20,0.00043856317537381513,0.0002807114859611,covid_2020
2020-04-21,0.0004884114582615656,8.385459838723181e-05,covid_2020
2020-04-22,0.0006518563475535941,0.000193835085873,covid_2020
2020-04-23,0.0005336773998071126,8.825351969463739e-05,covid_2020
2020-04-27,0.0004446824716673275,0.0001483098777894,covid_2020
2020-04-28,0.00036901922009797554,6.874891170214791e-05,covid_2020
2020-04-29,0.00033689362143337573,0.0001640663526379,covid_2020
2020-04-30,0.0002811287092096816,0.0001383846130357,covid_2020
2020-05-04,0.0002883217221732924,8.737595325859279e-05,calm
2020-05-05,0.00024361347808770438,0.0001076282426851,calm
2020-05-06,0.00020621530306799997,6.928241516691661e-05,calm
2020-05-07,0.00020783263304242295,3.493052321055395e-05,calm
2020-05-11,0.00017656734829976352,9.254978884272516e-05,calm
2020-05-12,0.00015176116646850368,0.0003055976336489,calm
2020-05-13,0.0002294705036236391,0.0002527474932341,calm
2020-05-14,0.0002923242968686208,0.0001538720151598,calm
2020-05-18,0.000245978885277702,0.0001374663711738,calm
2020-05-19,0.00020621672133636296,5.184289561160323e-05,calm
2020-05-20,0.0002260172910961181,9.945151668623746e-05,calm
2020-05-21,0.0001911787145985119,4.7964911100726e-05,calm
2020-05-26,0.0001952845015133879,0.0001311293840419,calm
2020-05-27,0.00016631085197461287,0.0001039860134638,calm
2020-05-28,0.00014210679967550807,0.0002140245318283,calm
2020-06-01,0.00013060317077610845,4.463974143317444e-05,calm
2020-06-02,0.00011321017192921356,3.364267192512235e-05,calm
2020-06-03,9.822221801057888e-05,6.588658726446698e-05,calm
2020-06-04,8.532868799819347e-05,7.772121236108856e-05,calm
2020-06-08,8.343443389777085e-05,7.12606002799758e-05,calm
2020-06-09,7.288350147638165e-05,0.0001652964900332,calm
2020-06-10,8.75710123417805e-05,0.0002947131631139,calm
2020-06-11,9.514243380728826e-05,0.0005370909293607,calm
2020-06-15,0.0006264332739184874,0.0002984500404081,calm
2020-06-16,0.0005164603280590741,7.836506060326633e-05,calm
2020-06-17,0.00042870577955058753,7.435351620084829e-05,calm
2020-06-18,0.00038516107983542367,0.0001845770727339,calm
2020-06-22,0.00032420933511619705,4.4991544069681983e-05,calm
2020-06-23,0.0002741266258684902,0.0002325984131621,calm
2020-06-24,0.00023324471821683065,0.0001585836317816,calm
2020-06-25,0.00034966674088824403,0.0001417447775985,calm
2020-06-29,0.00029472375274838667,8.134269074861536e-05,calm
2020-06-30,0.0002494913230474441,7.674504157836615e-05,calm
2020-07-01,0.00021239491578521434,8.369163388353996e-05,calm
2020-07-06,0.0001820807445405038,4.932219573738567e-05,calm
2020-07-07,0.000156326457092107,7.271051668497684e-05,calm
2020-07-08,0.0001789865444822272,0.0001494709682402,calm
2020-07-09,0.00015420873355191417,8.041823046969235e-05,calm
2020-07-13,0.00015655686676956522,0.0001980537305065,calm
2020-07-14,0.00017155567089902077,0.0001199937970587,calm
2020-07-15,0.00014765961315092187,5.575018662711132e-05,calm
2020-07-16,0.00012786593101024582,2.6277162066045865e-05,calm
2020-07-20,0.00012368763340603122,4.4821792799947744e-05,calm
2020-07-21,0.00010772042643787967,4.1505151037387936e-05,calm
2020-07-22,9.450799731412464e-05,8.210175761997506e-05,calm
2020-07-23,8.306267340542867e-05,7.721705295737938e-05,calm
2020-07-27,0.00011414374955506639,3.3596936451612125e-05,calm
2020-07-28,9.969008191109183e-05,3.421152762239013e-05,calm
2020-07-29,0.00010893026108700663,6.627927925200805e-05,calm
2020-07-30,9.500206999091202e-05,9.382567842813984e-05,calm
2020-08-03,9.51897945863408e-05,2.6884913484115697e-05,calm
2020-08-04,8.359908411673251e-05,1.7879698955358604e-05,calm
2020-08-05,7.384770096406376e-05,2.5601158178138605e-05,calm
2020-08-06,6.536616091162399e-05,5.11789850149717e-05,calm
2020-08-10,5.804717897089483e-05,9.28155914461042e-05,calm
2020-08-11,5.185722123639147e-05,3.104410760916782e-05,calm
2020-08-12,6.87098700504751e-05,2.653068523521795e-05,calm
2020-08-13,6.063569592117708e-05,3.3362828740994555e-05,calm
2020-08-17,5.9098574627537524e-05,3.304154236360309e-05,calm
2020-08-18,5.2781337931745956e-05,3.01152784299246e-05,calm
2020-08-19,4.733997343374529e-05,1.8073576814746308e-05,calm
2020-08-20,5.264883824927158e-05,1.947432694048474e-05,calm
2020-08-24,4.718810748469981e-05,1.892561379013808e-05,calm
2020-08-25,4.2172508978280416e-05,2.6796579095160505e-05,calm
2020-08-26,3.8026924483622114e-05,6.753630536552151e-05,calm
2020-08-27,3.422515253941333e-05,1.9898177493274488e-05,calm
2020-08-31,3.10795583288073e-05,3.0289108801083148e-05,calm
2020-09-01,3.56451681714752e-05,4.5848321394645935e-05,calm
2020-09-02,3.214360270773427e-05,0.0004466029072313,calm
2020-09-03,2.921948991048457e-05,0.000528240843047,calm
2020-09-08,0.00021660578441189796,0.0001127965403919,calm
2020-09-09,0.00034601403734143014,0.0002773562290203,calm
2020-09-10,0.000295773788683654,0.0001683476469891,calm
2020-09-14,0.000349533945081578,3.774104373707017e-05,calm
2020-09-15,0.00029650695211234555,6.615314657930894e-05,calm
2020-09-16,0.00025118241792289233,0.0001323579293337,calm
2020-09-17,0.00023229755739472333,0.0001084947778282,calm
2020-09-21,0.0002397700908136032,7.781766951524045e-05,calm
2020-09-22,0.0002589867205233447,0.0001227565539986,calm
2020-09-23,0.00022193216187889125,0.000215304301445,calm
2020-09-24,0.00031706448746027775,0.000116855330636,calm
2020-09-28,0.000267851592318516,5.258906684972024e-05,calm
2020-09-29,0.00023074861846818253,0.0001278650723093,calm
2020-09-30,0.00022190637208879927,7.328048082412484e-05,calm
2020-10-01,0.00019079361525672336,0.0001521186295056,calm
2020-10-05,0.00016472837291390513,0.0001955387974632,calm
2020-10-06,0.00014502774391538585,5.389300812629073e-05,calm
2020-10-07,0.00018538598842411823,3.276271837389301e-05,calm
2020-10-08,0.000162323275595249,2.951109904686509e-05,calm
2020-10-12,0.0001413954975090818,5.9492758892514347e-05,calm
2020-10-13,0.00012506424911310832,6.66838247228369e-05,calm
2020-10-14,0.00013217182533097513,4.951877239479944e-05,calm
2020-10-15,0.00013776422822377722,4.080771314167797e-05,calm
2020-10-19,0.00012427327401135519,0.0001051543808722,calm
2020-10-20,0.00016960188762954462,9.11667588006882e-05,calm
2020-10-21,0.00014665557952990265,7.433695800916833e-05,calm
2020-10-22,0.00013421850674736325,3.423347638373936e-05,calm
2020-10-26,0.00011722149429174986,0.000113579209334,calm
2020-10-27,0.00017939800156304678,5.834479742963298e-05,calm
2020-10-28,0.00016845873184903406,0.000199862617533,calm
2020-10-29,0.0003471867834470855,0.0001575475974957,calm
2020-10-30,0.00029433988375884244,0.000276284215114,calm
2020-11-02,0.00030454408270606977,0.0001164584430833,calm
2020-11-03,0.0002597677295388086,0.0001214116055037,calm
2020-11-04,0.00022426788519770585,0.0001932086072511,calm
2020-11-05,0.00019572058117098593,9.501223434864e-05,calm
2020-11-06,0.00017135406234960467,9.121390432811506e-05,calm
2020-11-09,0.0001491138029377878,0.0004320155270632,calm
2020-11-10,0.00013091252623406366,0.0001549841328875,calm
2020-11-11,0.0001191786020789449,3.786906653055408e-05,calm
2020-11-12,0.0001047858850836087,7.361330166928761e-05,calm
2020-11-13,0.00012554229616658062,3.6868267692669375e-05,calm
2020-11-16,0.000111149822277005,5.333698852319379e-05,calm
2020-11-17,9.873166298812695e-05,3.3117367086166546e-05,calm
2020-11-18,0.00010380077068012081,4.767741618286679e-05,calm
2020-11-19,0.00013429384266228997,5.642310539963253e-05,calm
2020-11-20,0.00011711054926478377,3.234469279722991e-05,calm
2020-11-23,0.00012614041059803583,6.286200687800076e-05,calm
2020-11-24,0.0001104977420284088,2.457678750802176e-05,calm
2020-11-25,9.863892175253446e-05,2.8004950183136943e-05,calm
2020-11-27,9.15499276910133e-05,7.581074244517271e-06,calm
2020-11-30,8.072427022694664e-05,5.343974496026069e-05,calm
2020-12-01,8.418964385947854e-05,4.127460278256987e-05,calm
2020-12-02,7.540519791616195e-05,2.493315076782388e-05,calm
2020-12-03,6.684497369843738e-05,4.2798466233126216e-05,calm
2020-12-04,6.0486168495475944e-05,1.8511557198377515e-05,calm
2020-12-07,5.467220620037454e-05,1.9960211592068304e-05,calm
2020-12-08,5.393147913876775e-05,1.3653434745004585e-05,calm
2020-12-09,4.841366199224429e-05,6.158723625032016e-05,calm
2020-12-10,6.672966608030813e-05,6.562439560071342e-05,calm
2020-12-11,6.053812025898747e-05,3.770830016888652e-05,calm
2020-12-14,5.711847598332207e-05,5.6914554800908086e-05,calm
2020-12-15,6.232661018320863e-05,2.850646918856208e-05,calm
2020-12-16,5.675756749956302e-05,2.120788738551952e-05,calm
2020-12-17,5.075549223783744e-05,2.116312941424712e-05,calm
2020-12-18,4.590689449857444e-05,4.316586998019164e-05,calm
2020-12-21,6.18419379637979e-05,7.790965549313342e-05,calm
2020-12-22,6.435433104028487e-05,3.933241809328295e-05,calm
2020-12-23,6.176921425921898e-05,1.743131764438956e-05,calm
2020-12-24,5.502003039083887e-05,9.839720837014678e-06,calm
2020-12-28,4.945908909302925e-05,7.82628644780017e-06,calm
2020-12-29,4.5052395735570034e-05,3.674875007292851e-05,calm
2020-12-30,4.4877254328917455e-05,1.1019308568722036e-05,calm
2020-12-31,4.042426673258502e-05,1.3464711619847874e-05,calm
2021-01-04,3.683340006111368e-05,0.0001273337648734,calm
2021-01-05,7.006662585722664e-05,6.671771375198702e-05,calm
2021-01-06,6.276810025130917e-05,0.0001242172929139,calm
2021-01-07,5.637720369751016e-05,4.871737383758866e-05,calm
2021-01-08,5.170047700548815e-05,6.204511019819588e-05,calm
2021-01-12,4.674220504927453e-05,3.8356666615701024e-05,calm
2021-01-13,4.1987314701217745e-05,2.450362713147212e-05,calm
2021-01-14,3.801373633530321e-05,2.194863762386764e-05,calm
2021-01-15,4.1789417864239036e-05,6.94226766049533e-05,calm
2021-01-19,5.49236738387788e-05,3.131134609776751e-05,calm
2021-01-20,4.973592005846095e-05,2.19571072044416e-05,calm
2021-01-21,4.579322105898612e-05,1.5656938951223573e-05,calm
2021-01-22,4.1167134068356454e-05,2.277641912651425e-05,calm
2021-01-25,4.487988434057972e-05,0.0001212226931331,calm
2021-01-26,4.06368096365031e-05,2.679437922883485e-05,calm
2021-01-27,4.013437134505611e-05,0.0002566317241467,calm
2021-01-28,0.00012983116456425582,0.0001463661787123,calm
2021-01-29,0.0001138705553357521,0.0002565847765521,calm
2021-02-01,0.0001854632804012199,0.0001012262665154,calm
2021-02-02,0.00016213080838316585,7.661875489384855e-05,calm
2021-02-03,0.00014204133250362108,3.357182634761036e-05,calm
2021-02-04,0.0001228552966782491,2.0252677563845744e-05,calm
2021-02-05,0.00010844141473461816,2.2534807840900018e-05,calm
2021-02-08,9.513151145887094e-05,2.231851562198731e-05,calm
2021-02-09,8.429097998779086e-05,9.386921404520109e-06,calm
2021-02-10,7.65790336926975e-05,7.793511118171113e-05,calm
2021-02-11,6.933033849726889e-05,4.2971804578401895e-05,calm
2021-02-12,6.159834791191113e-05,1.4517692680906511e-05,calm
2021-02-16,5.527163614319657e-05,4.223490701608808e-05,calm
2021-02-17,5.176615327786457e-05,4.005374372390875e-05,calm
2021-02-18,4.632177260162674e-05,4.36045928684429e-05,calm
2021-02-19,5.15198062176028e-05,2.815635554290462e-05,calm
2021-02-22,5.04501828622415e-05,3.537893749466648e-05,calm
2021-02-23,6.493842110850105e-05,0.0001450558358643,calm
2021-02-24,5.777333732807485e-05,5.0005018163275e-05,calm
2021-02-25,5.2550607360663556e-05,0.0001364867376194,calm
2021-02-26,0.00014119721748542615,0.0002771715538038,calm
2021-03-01,0.00014155831927843213,8.495049204576004e-05,calm
2021-03-02,0.000126385843968469,7.249876334360952e-05,calm
2021-03-03,0.00013857018884971164,0.0001213788792926,calm
2021-03-04,0.00017455294929347485,0.0003855135354915,calm
2021-03-05,0.00020496600649827333,0.0002434694285022,calm
2021-03-08,0.0001784928424366115,0.000161324435454,calm
2021-03-09,0.00017405552670020174,5.5586375225240906e-05,calm
2021-03-10,0.00015191346267565516,8.607038656934875e-05,calm
2021-03-11,0.00013210789040597252,3.928187647642177e-05,calm
2021-03-12,0.00011601880581283524,2.8735499481851003e-05,calm
2021-03-15,0.00010128669055397775,2.6072173439860388e-05,calm
2021-03-16,8.937173854874359e-05,2.127820688789947e-05,calm
2021-03-17,8.270370371566831e-05,6.558327021615637e-05,calm
2021-03-18,7.324425527588252e-05,5.473245559052156e-05,calm
2021-03-19,0.00011392472441504542,6.89737091433628e-05,calm
2021-03-22,0.00011691769179356912,1.5048698914522186e-05,calm
2021-03-23,0.00010289248960977172,3.914827415340234e-05,calm
2021-03-24,0.00011676048402460948,6.672759023927827e-05,calm
2021-03-25,0.00011939734534920816,0.0001013250281365,calm
2021-03-26,0.0001047036838519972,8.356303612791502e-05,calm
2021-03-29,9.34933944311177e-05,3.394869749018731e-05,calm
2021-03-30,8.415712088221984e-05,1.5010896224353178e-05,calm
2021-03-31,8.210805806148998e-05,1.5474190687546738e-05,calm
2021-04-05,7.281922650305516e-05,1.31856516217403e-05,calm
2021-04-06,6.589849534340766e-05,1.3969931704806398e-05,calm
2021-04-07,6.047856850943395e-05,8.0506303485583e-06,calm
2021-04-08,5.3955243384443e-05,9.896455462448367e-06,calm
2021-04-12,4.8614801024434085e-05,7.229899053097587e-06,calm
2021-04-13,4.360852596314769e-05,3.272274702008801e-05,calm
2021-04-14,3.9444211892310336e-05,2.278113269288076e-05,calm
2021-04-15,4.29967928477228e-05,1.3104330745515952e-05,calm
2021-04-19,3.956465304057094e-05,3.552342675883333e-05,calm
2021-04-20,4.660238718165409e-05,1.778850598586463e-05,calm
2021-04-21,5.9999427000723814e-05,8.074495764386004e-05,calm
2021-04-22,5.427532298570256e-05,1.803288386582267e-05,calm
2021-04-26,7.338948263552991e-05,1.5143302912074993e-05,calm
2021-04-27,6.514025800816837e-05,1.894435645249391e-05,calm
2021-04-28,5.8930039192226646e-05,3.0026113656434087e-05,calm
2021-04-29,5.3697160397416856e-05,2.927537705067475e-05,calm
2021-05-03,4.8533972800638395e-05,5.972814604774194e-05,calm
2021-05-04,4.369429868420136e-05,2.350048282313268e-05,calm
2021-05-05,5.387552878744581e-05,5.821577077843215e-05,calm
2021-05-06,4.817885048361553e-05,2.4929876179163583e-05,calm
2021-05-10,4.3855124486964905e-05,0.0001355145540832,calm
2021-05-11,6.497141845696206e-05,7.275191543804649e-05,calm
2021-05-12,8.35485106241803e-05,0.000117362887941,calm
2021-05-13,0.00015942087035251712,3.836346257473453e-05,calm
2021-05-17,0.0001391188336861029,3.745603462585221e-05,calm
2021-05-18,0.00013004875152174494,0.0001357784103004,calm
2021-05-19,0.00014540522331338507,3.095313898108256e-05,calm
2021-05-20,0.00013582153810777145,4.2740135400671605e-05,calm
2021-05-24,0.00011915257243980117,2.1061782466102745e-05,calm
2021-05-25,0.00010499833943695124,1.1854273288280844e-05,calm
2021-05-26,9.925296473507034e-05,1.0479052213237546e-05,calm
2021-05-27,8.72007874437443e-05,7.587755545834326e-06,calm
2021-06-01,7.6800366064914e-05,1.14500425911897e-05,calm
2021-06-02,7.07084684011752e-05,3.351225358868178e-05,calm
2021-06-03,6.277781024396857e-05,9.216553542173696e-06,calm
2021-06-07,6.559701979226169e-05,1.627455596826424e-05,calm
2021-06-08,6.108781979524547e-05,5.232172368265843e-06,calm
2021-06-09,5.4361655792159546e-05,2.620038893883176e-05,calm
2021-06-10,5.232466286512667e-05,7.178118703655237e-06,calm
2021-06-14,4.716248011241179e-05,1.051745512674122e-05,calm
2021-06-15,4.2446860312830544e-05,6.896946573777087e-05,calm
2021-06-16,4.229706285831439e-05,4.69630722351972e-05,calm
2021-06-17,5.0944702096794445e-05,7.463480353050188e-05,calm
2021-06-21,4.6695361793174066e-05,9.122564671395817e-06,calm
2021-06-22,4.331151281014758e-05,1.2620145856199508e-05,calm
2021-06-23,3.9394248285949325e-05,9.807920809531591e-06,calm
2021-06-24,3.8278130102772273e-05,2.7895689994746843e-06,calm
2021-06-28,3.5031907432254084e-05,6.323526792163192e-06,calm
2021-06-29,3.185827163616946e-05,5.897339698229372e-06,calm
2021-06-30,2.8952858523465908e-05,7.793323739258101e-06,calm
2021-07-01,2.6406621251139434e-05,5.008962042957298e-06,calm
2021-07-06,2.450294945078829e-05,2.824526965725836e-05,calm
2021-07-07,2.5679943575179192e-05,7.543406172627109e-05,calm
2021-07-08,2.370129315036523e-05,1.768033135022103e-05,calm
2021-07-12,3.824070469862412e-05,1.9218362912371888e-05,calm
2021-07-13,3.4798872952615983e-05,2.5630436498269584e-05,calm
2021-07-14,3.854080045002387e-05,3.599091085712917e-05,calm
2021-07-15,3.488781519360694e-05,2.621008734990812e-05,calm
2021-07-19,3.863426547416644e-05,4.222713248957708e-05,calm
2021-07-20,7.713147700192138e-05,1.6909519016854468e-05,calm
2021-07-21,6.969293298738545e-05,1.3855226070480944e-05,calm
2021-07-22,6.251553532931533e-05,1.180443330961232e-05,calm
2021-07-26,5.570911731721406e-05,4.803011944600596e-05,calm
2021-07-27,4.98907769115609e-05,2.876437227429487e-05,calm
2021-07-28,5.572934965651991e-05,1.8603205633705564e-05,calm
2021-07-29,5.1113074594506146e-05,2.037206668632396e-05,calm
2021-08-02,4.6074258202492806e-05,3.441473999584544e-05,calm
2021-08-03,4.624755449984554e-05,1.244755385138402e-05,calm
2021-08-04,4.218098551495598e-05,5.946261783787432e-06,calm
2021-08-05,4.9187858547962285e-05,1.3327408153973269e-05,calm
2021-08-09,4.4590444066992845e-05,1.0870064418366274e-05,calm
2021-08-10,4.21599724221615e-05,7.186790105153241e-06,calm
2021-08-11,3.8043465408646146e-05,5.583176283897592e-06,calm
2021-08-12,3.453870555778476e-05,5.783550911054716e-06,calm
2021-08-16,3.149742679130855e-05,4.496535365965476e-05,calm
2021-08-17,2.8770158426935417e-05,4.175928525180641e-05,calm
2021-08-18,3.965841426105295e-05,6.119747550277308e-05,calm
2021-08-19,6.399265630245607e-05,1.8715490756372084e-05,calm
2021-08-23,5.6945014001869506e-05,3.4238325620368543e-06,calm
2021-08-24,5.155691184686979e-05,4.907262240534328e-06,calm
2021-08-25,4.6233207735968844e-05,1.7819744547097922e-05,calm
2021-08-26,4.165730398212214e-05,1.462399819553436e-05,calm
2021-08-30,5.1152737418521456e-05,1.249158346120711e-05,calm
2021-08-31,4.612634564736638e-05,7.445936817510287e-06,calm
2021-09-01,4.493673701221926e-05,1.041578564362436e-05,calm
2021-09-02,4.040087079655768e-05,9.429934699667262e-06,calm
2021-09-07,3.664149891227542e-05,2.7754048469058288e-05,calm
2021-09-08,4.0655889548255446e-05,2.5512264983936844e-05,calm
2021-09-09,3.943520119690236e-05,2.984539695826889e-05,calm
2021-09-13,4.493558804981919e-05,2.936837230010387e-05,calm
2021-09-14,4.0550522298400686e-05,3.440444206909714e-05,calm
2021-09-15,4.872557994960751e-05,3.576426779713838e-05,calm
2021-09-16,4.438297896899611e-05,3.98332233839064e-05,calm
2021-09-20,4.3560104926960075e-05,9.497098104243789e-05,calm
2021-09-21,9.082604610387797e-05,6.653195055357099e-05,calm
2021-09-22,8.293276660012882e-05,3.401142864376917e-05,calm
2021-09-23,7.408389495699462e-05,2.92981957461834e-05,calm
2021-09-27,6.674619680557692e-05,7.687528105732677e-05,calm
2021-09-28,6.693266026307447e-05,5.238021047540545e-05,calm
2021-09-29,0.000134884804344923,0.0001037008829827,calm
2021-09-30,0.00011696975702877641,8.300900361269278e-05,calm
2021-10-04,0.00014850183914158586,4.057487699541446e-05,calm
2021-10-05,0.000182581022964459,0.0001116803593763,calm
2021-10-06,0.00015818436515641844,5.594094025261698e-05,calm
2021-10-07,0.0001368936479363438,2.907100761954048e-05,calm
2021-10-11,0.00011972983871465206,5.239317929079183e-05,calm
2021-10-12,0.00013013036766674327,5.051804733168037e-05,calm
2021-10-13,0.00012189524556536197,2.947472552035289e-05,calm
2021-10-14,0.00010644867073439987,2.004762057197119e-05,calm
2021-10-18,9.50379400407615e-05,1.2801420313121508e-05,calm
2021-10-19,8.365911594856487e-05,1.2238511383906043e-05,calm
2021-10-20,7.448005051698922e-05,9.856512100608924e-06,calm
2021-10-21,6.621123026813512e-05,3.0300152656377063e-05,calm
2021-10-25,5.8974898879987684e-05,2.7593013685281537e-05,calm
2021-10-26,5.299032306839633e-05,2.654297796745142e-05,calm
2021-10-27,4.740428169734401e-05,2.278323813316448e-05,calm
2021-10-28,5.2995685339542065e-05,1.4625002329309056e-05,calm
2021-11-01,4.8194473279185854e-05,2.458513744922353e-05,calm
2021-11-02,4.3316291409574704e-05,1.2510730400070851e-05,calm
2021-11-03,3.925312003515854e-05,2.185986073340245e-05,calm
2021-11-04,3.586716236910865e-05,1.895854447931373e-05,calm
2021-11-05,3.276640624734052e-05,3.077542709606228e-05,calm
2021-11-08,2.994150819213805e-05,2.046133425190469e-05,calm
2021-11-09,2.7265919188033784e-05,3.5250181659345806e-05,calm
2021-11-10,3.105636596234567e-05,3.176647257945738e-05,calm
2021-11-11,4.5957199539710195e-05,9.926129057536772e-06,calm
2021-11-12,4.1264844748055994e-05,1.6059783504241175e-05,calm
2021-11-15,3.772423305166164e-05,1.9541266031902844e-05,calm
2021-11-16,3.40860271445737e-05,1.3969252326911067e-05,calm
2021-11-17,3.114378215317107e-05,1.580140785991509e-05,calm
2021-11-18,3.3079134351782744e-05,2.252383089733889e-05,calm
2021-11-19,3.0217362068828236e-05,2.220702723992191e-05,calm
2021-11-22,3.0996971805170704e-05,4.320479314552695e-05,calm
2021-11-23,3.3695805450289556e-05,6.500523587141369e-05,calm
2021-11-24,3.061244661212397e-05,3.1077735396366924e-05,calm
2021-11-26,2.798574873240719e-05,0.0001077826983346,calm
2021-11-29,0.00010355125789203283,3.687379906458531e-05,calm
2021-11-30,9.191439746934971e-05,0.0001164925085963,calm
2021-12-01,0.000159303816350681,0.0001631100920523,calm
2021-12-02,0.00018425374288904325,0.0001761627034999,calm
2021-12-03,0.0001601904838363776,0.0002175857690352,calm
2021-12-06,0.00017381292355261567,8.734356911643506e-05,calm
2021-12-07,0.00015092165027538832,4.882219931894198e-05,calm
2021-12-08,0.00013310099321464314,2.910529442435925e-05,calm
2021-12-09,0.00011562911797551425,2.5094287329516195e-05,calm
2021-12-10,0.00012453430115157645,4.448454591221564e-05,calm
2021-12-13,0.00010927664266908879,3.530757623014814e-05,calm
2021-12-14,0.0001267771435604022,4.806361223400596e-05,calm
2021-12-15,0.00013534661601819273,0.0001095772878333,calm
2021-12-16,0.00011914315079567351,8.993419385790401e-05,calm
2021-12-17,0.00013600983087415721,0.0001573270026768,calm
2021-12-20,0.0001764566613406092,0.0001159166597093,calm
2021-12-21,0.00019813362688309575,6.129127098743919e-05,calm
2021-12-22,0.00017204107440053887,2.206827429717416e-05,calm
2021-12-23,0.00014920245700702453,2.347591962240604e-05,calm
2021-12-27,0.00012964600383669984,1.7890394679107298e-05,calm
2021-12-28,0.00011414392278656806,3.0328017214922435e-05,calm
2021-12-29,0.00010270919262932372,1.8252761495829176e-05,calm
2021-12-30,8.998508735530234e-05,1.4736215753472094e-05,calm
2021-12-31,8.763592120077553e-05,2.799027080906818e-05,calm
2022-01-03,8.481773527292865e-05,5.461787824359261e-05,calm
2022-01-04,7.518945800459103e-05,3.141185057999625e-05,calm
2022-01-05,6.787661897459139e-05,4.61835543624375e-05,calm
2022-01-06,0.00013077571176795273,7.82858201733552e-05,calm
2022-01-07,0.00011738221516514606,4.369214039985998e-05,calm
2022-01-10,0.00011598734564145121,0.000122715494944,calm
2022-01-11,0.00010570442967628868,6.490428713781232e-05,calm
2022-01-12,9.331945217299831e-05,3.742384440258127e-05,calm
2022-01-13,8.220386323017766e-05,6.733658614627738e-05,calm
2022-01-14,0.00012013364390203524,0.0001110885086845,calm
2022-01-18,0.00010468800497791253,0.000124887132371,calm
2022-01-19,0.00016267730940913822,8.606554424776691e-05,calm
2022-01-20,0.00018397593257669866,9.775623629999742e-05,calm
2022-01-21,0.0002072748836647131,0.0002308353863043,calm
2022-01-24,0.0002787805050581007,0.0006564505516145,calm
2022-01-25,0.00023664563794377136,0.0004014730321667,calm
2022-01-26,0.0002623231635009524,0.0005064344586374,calm
2022-01-27,0.00023507946578191802,0.000299184362496,calm
2022-01-28,0.00022330298211641525,0.0002625988643216,calm
2022-02-01,0.00019398841124682037,0.0001057807404602,calm
2022-02-02,0.00016717004659314141,7.900375042754942e-05,calm
2022-02-03,0.00014516728973191023,0.0001092049004392,calm
2022-02-04,0.00023979481648504745,0.0001336401313811,calm
2022-02-07,0.00020485009466273213,9.890117697452616e-05,calm
2022-02-08,0.00018953103883688217,6.203778077973017e-05,calm
2022-02-09,0.00016367583608643132,4.819711826619469e-05,calm
2022-02-10,0.00014283728026196708,0.0001565664685695,calm
2022-02-11,0.00020343937450415038,0.0002094318507023,calm
2022-02-14,0.00027517540387552645,0.0001392275227592,calm
2022-02-15,0.0002497161223352766,9.315476021027872e-05,calm
2022-02-16,0.00021462982562919555,7.101313599650871e-05,calm
2022-02-17,0.00018367648008373288,6.574837290499602e-05,calm
2022-02-18,0.00026570674517442845,0.0001324816324507,calm
2022-02-22,0.00025768115656671305,0.0002151742267837,calm
2022-02-23,0.0002733031300392774,0.0001306989690878,calm
2022-02-24,0.00033037007920816994,0.0004893690620139,calm
2022-02-25,0.0002807770896098873,0.0001458657691331,calm
