date,forecast,actual,regime
2004-01-02,4.210415741921823e-05,4.746692947241121e-05,calm
2004-01-05,3.9590024347883456e-05,3.5042980315462e-05,calm
2004-01-06,4.423845788091326e-05,1.996860427759956e-05,calm
2004-01-07,4.1641519113264585e-05,2.894911799578962e-05,calm
2004-01-08,3.982467086415721e-05,3.1764671407365824e-05,calm
2004-01-09,3.838409847143402e-05,6.887760581914288e-05,calm
2004-01-14,4.069585242282678e-05,2.1453890090610127e-05,calm
2004-01-15,4.24038975272515e-05,5.030325056194925e-05,calm
2004-01-16,4.022391531938483e-05,3.557575245891007e-05,calm
2004-01-20,3.874532287281047e-05,2.318480978541345e-05,calm
2004-01-21,3.642474476529235e-05,3.622873754930808e-05,calm
2004-01-22,3.793664019693344e-05,3.344119684036042e-05,calm
2004-01-23,3.6069102642780366e-05,3.714446672730906e-05,calm
2004-01-26,3.453024286616659e-05,2.9493382477689325e-05,calm
2004-01-27,4.1841847758313075e-05,2.8899870826598297e-05,calm
2004-01-28,4.572551008838692e-05,9.465898688401444e-05,calm
2004-01-29,5.0901549511140895e-05,8.060087997667982e-05,calm
2004-01-30,4.7903888341235525e-05,5.2655363186854285e-05,calm
2004-02-02,4.502965504076139e-05,8.276496145781176e-05,calm
2004-02-03,4.344173176478476e-05,3.468135072140051e-05,calm
2004-02-04,4.1002264994775646e-05,5.854818895978196e-05,calm
2004-02-05,4.258367496655081e-05,4.500600047418261e-05,calm
2004-02-06,4.054023309641798e-05,4.4750861202062913e-05,calm
2004-02-09,4.557860713452357e-05,1.758705003074006e-05,calm
2004-02-10,4.2848013901401474e-05,2.396465451835885e-05,calm
2004-02-11,4.090184849582572e-05,4.493386620434971e-05,calm
2004-02-12,4.514684224815892e-05,2.165582981415501e-05,calm
2004-02-13,4.322649221619636e-05,4.805695896248099e-05,calm
2004-02-17,4.185141578180814e-05,4.373560722222403e-05,calm
2004-02-18,4.419247046478994e-05,1.7099794146549574e-05,calm
2004-02-19,4.270238251685714e-05,5.643173723016871e-05,calm
2004-02-20,4.0972653803185134e-05,4.8976177165165696e-05,calm
2004-02-23,3.906954916837752e-05,3.072271007076642e-05,calm
2004-02-24,3.7108693707698975e-05,4.1801528184928e-05,calm
2004-02-25,3.506526144850784e-05,1.814413350414673e-05,calm
2004-02-26,3.4013415372032174e-05,1.812134613660537e-05,calm
2004-02-27,3.1994877654163536e-05,3.457720143099171e-05,calm
2004-03-01,3.0104226806082025e-05,3.30084047095964e-05,calm
2004-03-02,3.4134208765899325e-05,3.633605420624729e-05,calm
2004-03-03,3.415441471776111e-05,2.449546262963568e-05,calm
2004-03-04,3.23032036967436e-05,1.2639581072143253e-05,calm
2004-03-05,3.0767416960823546e-05,0.0001092408875262,calm
2004-03-08,2.959742349537916e-05,2.5753194154617617e-05,calm
2004-03-09,3.686423951347278e-05,5.865012042754661e-05,calm
2004-03-10,3.561690764651469e-05,5.0182507177007154e-05,calm
2004-03-11,5.063825382674806e-05,0.0001092176859828,calm
2004-03-12,5.782339161238044e-05,6.976664386808508e-05,calm
2004-03-15,6.457742113087487e-05,8.201414029738411e-05,calm
2004-03-16,6.983004725942729e-05,8.455166175668443e-05,calm
2004-03-17,6.732041109584763e-05,4.4586957281568565e-05,calm
2004-03-18,7.069995271188099e-05,7.043889686593408e-05,calm
2004-03-19,6.646218008375629e-05,3.9519041663780586e-05,calm
2004-03-22,8.177757300751148e-05,0.0001255501692582,calm
2004-03-23,8.666615277092216e-05,6.745227909794062e-05,calm
2004-03-24,8.164665377243792e-05,8.841276147938639e-05,calm
2004-03-25,7.678838735470095e-05,6.424823288974736e-05,calm
2004-03-26,8.255502565995254e-05,3.2835975217664794e-05,calm
2004-03-29,7.760610534074004e-05,3.178590567856294e-05,calm
2004-03-30,8.462998267256034e-05,3.857241432637164e-05,calm
2004-03-31,8.023337056162895e-05,3.750687919434624e-05,calm
2004-04-01,7.549872689606805e-05,8.258610605993663e-05,calm
2004-04-05,7.312475803158124e-05,2.769297575464312e-05,calm
2004-04-06,7.053935650487202e-05,3.418841263492474e-05,calm
2004-04-07,6.692715910688289e-05,9.234176137282728e-05,calm
2004-04-12,6.32436334838853e-05,4.071674296421818e-05,calm
2004-04-13,6.03742251303606e-05,6.425772176980446e-05,calm
2004-04-14,6.871625048214141e-05,5.9177641799387486e-05,calm
2004-04-15,6.474471458183033e-05,3.233748624242546e-05,calm
2004-04-19,6.172617315639822e-05,4.292417009478386e-05,calm
2004-04-20,5.802260276701432e-05,5.630832095346389e-05,calm
2004-04-21,7.172210465630789e-05,6.294623535973745e-05,calm
2004-04-22,7.00952101759288e-05,3.0357593841097723e-05,calm
2004-04-26,7.752526189200494e-05,4.660480074811698e-05,calm
2004-04-27,7.29913633642074e-05,5.451483881392403e-05,calm
2004-04-28,6.865785340390951e-05,8.081043888820069e-05,calm
2004-04-29,7.472988358221492e-05,9.538382372455228e-05,calm
2004-05-03,7.490702000006808e-05,9.427150373557812e-05,calm
2004-05-04,7.724034090061894e-05,3.836488845782484e-05,calm
2004-05-05,7.264459494062846e-05,7.60281335211063e-05,calm
2004-05-06,7.074704347997837e-05,9.961025442733376e-05,calm
2004-05-10,7.097915173811728e-05,4.024072319311001e-05,calm
2004-05-11,7.312244878387193e-05,0.0001274551552618,calm
2004-05-12,7.298686875401543e-05,8.209932131170614e-05,calm
2004-05-13,7.103299224022502e-05,9.621926843907416e-05,calm
2004-05-17,6.781608335998327e-05,3.9395953194299815e-05,calm
2004-05-18,6.816314027362794e-05,9.86686537030104e-05,calm
2004-05-19,6.559056692498583e-05,4.035178359879427e-05,calm
2004-05-20,6.237826826656762e-05,4.179290790636993e-05,calm
2004-05-24,5.924920894365341e-05,5.1230153682229495e-05,calm
2004-05-25,5.674274886136871e-05,2.7863456427608657e-05,calm
2004-05-26,6.548229587362726e-05,5.251121758073374e-05,calm
2004-05-27,6.228029220873557e-05,1.2069237764693068e-05,calm
2004-06-01,6.042327518158249e-05,3.385568310187234e-05,calm
2004-06-02,5.6904009130454974e-05,3.8072541896442985e-05,calm
2004-06-03,5.431982062195386e-05,6.317875897821396e-05,calm
2004-06-07,5.617828603124958e-05,2.672914921510409e-05,calm
2004-06-08,6.650478442471015e-05,2.046498510355124e-05,calm
2004-06-09,6.263109205805914e-05,1.821254634582509e-05,calm
2004-06-14,6.412907061031443e-05,6.083380699398143e-05,calm
2004-06-15,6.61988927547077e-05,1.517046656254418e-05,calm
2004-06-16,6.520150239121332e-05,2.073575942602274e-05,calm
2004-06-17,6.129125802615737e-05,2.381136068270356e-05,calm
2004-06-21,5.774740457382155e-05,2.6962590883066065e-05,calm
2004-06-22,5.5145039928811405e-05,2.09011844040862e-05,calm
2004-06-23,5.334998738680614e-05,1.9973600548683364e-05,calm
2004-06-24,5.4562896126771974e-05,1.902370532555758e-05,calm
2004-06-28,5.188152449456105e-05,1.5675630722967488e-05,calm
2004-06-29,4.9475242273065274e-05,2.9324422786989645e-05,calm
2004-06-30,4.753224776319247e-05,4.558847742042023e-05,calm
2004-07-01,4.639147649197902e-05,2.965733230799156e-05,calm
2004-07-06,5.533451405128004e-05,1.8665553469806154e-05,calm
2004-07-07,5.667039736205472e-05,4.254086159008393e-05,calm
2004-07-08,5.3790555315734685e-05,4.270728226870934e-05,calm
2004-07-12,5.348206727789258e-05,8.971083163326272e-06,calm
2004-07-13,5.028515143849641e-05,6.267228165025885e-05,calm
2004-07-14,4.729875463993751e-05,2.9659089386180835e-05,calm
2004-07-15,4.50168505210883e-05,3.768872433914414e-05,calm
2004-07-19,4.483302065554676e-05,3.930473556811868e-05,calm
2004-07-20,4.322902115833343e-05,5.874017661897356e-05,calm
2004-07-21,5.0190561328674025e-05,8.039336687104356e-05,calm
2004-07-22,6.799147086478013e-05,5.332088284227309e-05,calm
2004-07-26,6.436044940731857e-05,4.178087958711557e-05,calm
2004-07-27,6.072212287415631e-05,7.185965149762403e-05,calm
2004-07-28,6.230796434121551e-05,4.283496445307457e-05,calm
2004-07-29,5.911013206426536e-05,2.8759359970082107e-05,calm
2004-08-02,5.6652263551426904e-05,2.559403484988062e-05,calm
2004-08-03,5.351095341768583e-05,4.649421378265179e-05,calm
2004-08-04,5.392546985088089e-05,5.089524964613041e-05,calm
2004-08-05,5.0690435895627194e-05,9.310910478276804e-05,calm
2004-08-09,6.39222248449696e-05,4.235918848575945e-05,calm
2004-08-10,6.020497349963454e-05,0.000106615456384,calm
2004-08-11,6.64456831461838e-05,5.057373518265611e-05,calm
2004-08-12,6.270665888311546e-05,4.433847293301378e-05,calm
2004-08-16,6.616433643120105e-05,3.1006703684964066e-05,calm
2004-08-17,6.856259413578317e-05,4.686626960269624e-05,calm
2004-08-18,6.634168067225716e-05,3.815873751643198e-05,calm
2004-08-19,6.864177556508037e-05,2.6390427188093405e-05,calm
2004-08-23,6.503223969617954e-05,3.4231125747722495e-05,calm
2004-08-24,6.15166915962567e-05,2.759731053481776e-05,calm
2004-08-25,5.793670687961679e-05,1.5073402594493956e-05,calm
2004-08-26,5.721337465197747e-05,9.574371923892922e-06,calm
2004-08-30,5.378057217285882e-05,2.8047606015009595e-05,calm
2004-08-31,5.467625492151946e-05,3.0425982182419896e-05,calm
2004-09-01,5.303920219843058e-05,1.9551714467397137e-05,calm
2004-09-02,5.007077409956523e-05,2.60606055105332e-05,calm
2004-09-07,5.466724847113187e-05,2.274243297806097e-05,calm
2004-09-08,5.398370842892901e-05,3.1993060329525735e-05,calm
2004-09-09,5.111490773625968e-05,2.897432488815208e-05,calm
2004-09-13,4.809539396372545e-05,1.434966281000752e-05,calm
2004-09-14,4.5850177288167386e-05,2.2377523033820985e-05,calm
2004-09-15,4.334536427199134e-05,1.2610326252627773e-05,calm
2004-09-16,4.420586799383886e-05,2.3171616920976163e-05,calm
2004-09-20,4.209698408967716e-05,1.5660752281588137e-05,calm
2004-09-21,4.1751267412090796e-05,5.7548189795053e-05,calm
2004-09-22,4.038009868937361e-05,2.677975782617993e-05,calm
2004-09-23,4.742374079903696e-05,1.723573894888711e-05,calm
2004-09-27,4.632359450682289e-05,2.4010680108981e-05,calm
2004-09-28,4.5994384728087015e-05,2.4855104597581503e-05,calm
2004-09-29,4.460225937377908e-05,2.8325689436875165e-05,calm
2004-09-30,4.3437972575730486e-05,3.3225022488154e-05,calm
2004-10-04,4.0862411638882095e-05,2.027711933198608e-05,calm
2004-10-05,3.857807266899028e-05,1.6897573713299464e-05,calm
2004-10-06,3.6280049660811276e-05,1.61697043963027e-05,calm
2004-10-07,3.6897887482515716e-05,2.955327722998703e-05,calm
2004-10-12,4.1660993966764375e-05,4.373260934313432e-05,calm
2004-10-13,4.007508860849167e-05,2.6824084809833783e-05,calm
2004-10-14,4.2355673760372964e-05,5.3230498235616505e-05,calm
2004-10-18,4.375248609213338e-05,3.3589967210355955e-05,calm
2004-10-19,4.197912402987948e-05,5.379510947431661e-05,calm
2004-10-20,4.374711231545709e-05,5.0166302303134735e-05,calm
2004-10-21,4.135956272502724e-05,3.627708272348647e-05,calm
2004-10-25,4.140795304002818e-05,3.938181052507464e-05,calm
2004-10-26,3.900738837735861e-05,4.707750723028362e-05,calm
2004-10-27,5.0486415318498204e-05,3.445948108293571e-05,calm
2004-10-28,5.601391803347554e-05,2.9219276576608413e-05,calm
2004-11-01,5.319580660112405e-05,1.543053972137845e-05,calm
2004-11-02,5.04528122296097e-05,4.7029373562063945e-05,calm
2004-11-03,4.743309201306224e-05,0.0002290475182417,calm
2004-11-04,5.398452081890539e-05,3.412224664175711e-05,calm
2004-11-05,6.17813843040555e-05,4.152233972752128e-05,calm
2004-11-08,6.041363057347035e-05,2.0279031954573085e-05,calm
2004-11-09,5.6915059930522255e-05,2.337577289797733e-05,calm
2004-11-10,5.3732048077120125e-05,2.72746346160913e-05,calm
2004-11-11,5.054367684955848e-05,2.183518996113652e-05,calm
2004-11-12,5.095842431126196e-05,1.4740762033689898e-05,calm
2004-11-15,5.160746039580177e-05,2.7330807067689407e-05,calm
2004-11-16,4.8526326397920094e-05,2.4022032195980648e-05,calm
2004-11-17,4.871211528592749e-05,4.764547939475519e-05,calm
2004-11-18,4.7892683284711866e-05,1.807258079870548e-05,calm
2004-11-19,4.512820630478744e-05,3.339072756184021e-05,calm
2004-11-22,4.9918683935767076e-05,2.115910638294614e-05,calm
2004-11-23,4.8281826487819366e-05,2.8939995465948583e-05,calm
2004-11-24,4.552436697257628e-05,1.817375054347309e-05,calm
2004-11-26,4.312902500473305e-05,6.9294709887614594e-06,calm
2004-11-29,4.0575957817944855e-05,4.976157720190865e-05,calm
2004-11-30,3.939624245241072e-05,2.999450821740443e-05,calm
2004-12-01,3.7060117704068335e-05,3.0809521325215374e-05,calm
2004-12-02,4.250123028107251e-05,2.6607529168391093e-05,calm
2004-12-03,3.999332638329915e-05,4.964696746638946e-05,calm
2004-12-06,3.762071308223694e-05,2.327480025736807e-05,calm
2004-12-07,3.5370223659411706e-05,3.7054910737959184e-05,calm
2004-12-08,3.849888840606231e-05,2.5115345603359603e-05,calm
2004-12-09,3.822516010038345e-05,4.259258668109634e-05,calm
2004-12-10,3.667905037349425e-05,2.391305135215696e-05,calm
2004-12-13,3.4539046856898376e-05,3.15896106008939e-05,calm
2004-12-14,3.698472302173887e-05,1.5006731717879218e-05,calm
2004-12-15,3.5493580924373344e-05,2.323479493696384e-05,calm
2004-12-16,3.339724853356597e-05,3.356420948135235e-05,calm
2004-12-17,3.141354558876813e-05,4.728763038046928e-05,calm
2004-12-20,3.733299595944103e-05,4.61617722939268e-05,calm
2004-12-21,3.509680018980182e-05,2.2023389781050527e-05,calm
2004-12-22,3.652179744914887e-05,1.7205482668070214e-05,calm
2004-12-23,3.467780502103882e-05,1.1091437024996344e-05,calm
2004-12-27,3.263047986382258e-05,2.833356309595392e-05,calm
2004-12-28,3.0930290868338066e-05,1.9559380068330456e-05,calm
2004-12-29,3.0864060354669926e-05,7.845495953125145e-06,calm
2004-12-30,2.9144404460210713e-05,5.985971865798163e-06,calm
2004-12-31,2.7611659854804617e-05,8.034036374705617e-06,calm
2005-01-03,2.6231979028357262e-05,4.5901741636569045e-05,calm
2005-01-04,2.599871061131906e-05,4.811579241064164e-05,calm
2005-01-05,3.350841501239435e-05,4.540723082624014e-05,calm
2005-01-06,3.437485786190903e-05,3.700410634180749e-05,calm
2005-01-07,3.385552471138127e-05,3.716516076401826e-05,calm
2005-01-10,3.194762300654522e-05,2.966732963089849e-05,calm
2005-01-11,3.1365753569036634e-05,2.9697495360681423e-05,calm
2005-01-12,3.2352513771066914e-05,5.238506417245631e-05,calm
2005-01-13,3.1062631195334554e-05,2.5234357658269245e-05,calm
2005-01-14,3.308160451654629e-05,2.4280475471344816e-05,calm
2005-01-18,3.2755077318841875e-05,2.4500495574137305e-05,calm
2005-01-19,3.721571297995248e-05,1.9493173782438938e-05,calm
2005-01-20,4.16204675268767e-05,5.444340367375013e-05,calm
2005-01-21,4.136241191001602e-05,3.761664613891408e-05,calm
2005-01-24,4.1147450553741604e-05,4.570744942282567e-05,calm
2005-01-25,3.891179350373567e-05,3.6899261144152046e-05,calm
2005-01-26,3.7056721147545074e-05,3.8513412579391965e-05,calm
2005-01-27,3.536976039650779e-05,2.1584324942661908e-05,calm
2005-01-28,3.342190794920076e-05,2.993117401109172e-05,calm
2005-01-31,3.141659347224871e-05,4.431068050828149e-05,calm
2005-02-01,3.1835956214604516e-05,1.4798225701036466e-05,calm
2005-02-02,3.2327856567261745e-05,1.9513862026098592e-05,calm
2005-02-03,3.093644873906843e-05,2.469461371866069e-05,calm
2005-02-04,2.9486644684725768e-05,1.8313395349065035e-05,calm
2005-02-07,3.448362872349296e-05,1.1611466095387856e-05,calm
2005-02-08,3.2521016398683046e-05,1.3232728308288593e-05,calm
2005-02-09,3.065123116767827e-05,2.573482651804878e-05,calm
2005-02-10,3.22007413864702e-05,2.4809935186810416e-05,calm
2005-02-11,3.104525191466474e-05,3.52411713032392e-05,calm
2005-02-14,3.3584269996584276e-05,8.127278889610916e-06,calm
2005-02-15,3.1602556940835315e-05,1.4845581397811394e-05,calm
2005-02-16,3.0537560159313644e-05,2.019044949548738e-05,calm
2005-02-17,2.8731461923695034e-05,2.5371439544972893e-05,calm
2005-02-18,3.0961658496099124e-05,1.6333220822757518e-05,calm
2005-02-22,2.92100714365433e-05,3.854942116817373e-05,calm
2005-02-23,4.092148068702899e-05,3.4154610296020106e-05,calm
2005-02-24,4.152614565264855e-05,3.543161090446478e-05,calm
2005-02-25,4.164174939838474e-05,2.27423891499525e-05,calm
2005-02-28,4.496251418284434e-05,2.9104739696092604e-05,calm
2005-03-01,4.488627407887149e-05,2.795330027000681e-05,calm
2005-03-02,4.3670151252207834e-05,5.0283135564015925e-05,calm
2005-03-03,4.106464916122427e-05,3.476102448657902e-05,calm
2005-03-04,3.8610983718303394e-05,3.558380653537219e-05,calm
2005-03-07,4.548983418739215e-05,1.6634682415824848e-05,calm
2005-03-08,4.2774776065217766e-05,2.1564919077918577e-05,calm
2005-03-09,4.105350740986224e-05,3.612923278728716e-05,calm
2005-03-10,4.608948539754629e-05,3.912634524845677e-05,calm
2005-03-11,4.362234137475819e-05,4.1900997244965184e-05,calm
2005-03-14,4.3974952813438184e-05,2.455732000593863e-05,calm
2005-03-15,4.3650621076137965e-05,2.7189369947552305e-05,calm
2005-03-16,4.5154206330113004e-05,3.5446681546016244e-05,calm
2005-03-17,4.680683465928517e-05,2.198304963572684e-05,calm
2005-03-18,4.424148953574063e-05,2.9838831792945063e-05,calm
2005-03-21,4.443836752039819e-05,3.986068960539432e-05,calm
2005-03-22,4.260181325865981e-05,5.4828154501861945e-05,calm
2005-03-23,4.630381673045826e-05,3.629022295562797e-05,calm
2005-03-24,4.356945469198265e-05,3.007413768403363e-05,calm
2005-03-28,4.1041092372609686e-05,3.997856429236904e-05,calm
2005-03-29,3.8704809414702554e-05,3.314672438760096e-05,calm
2005-03-30,3.9052849516557426e-05,2.339500531760073e-05,calm
2005-03-31,4.857094491065126e-05,7.812622258153005e-05,calm
2005-04-04,4.586500418280181e-05,2.999979125429709e-05,calm
2005-04-05,4.328684429873301e-05,3.059247858653413e-05,calm
2005-04-06,4.204306335267601e-05,1.9685348575702457e-05,calm
2005-04-07,4.024000258298643e-05,2.0843878319823105e-05,calm
2005-04-11,3.956341397565008e-05,4.612551477471924e-05,calm
2005-04-12,3.722448346031144e-05,3.5082507729446465e-05,calm
2005-04-13,3.658376224523032e-05,5.496686708050335e-05,calm
2005-04-14,4.2834709910059615e-05,7.690490710534502e-05,calm
2005-04-18,5.060741161567489e-05,4.662886915754695e-05,calm
2005-04-19,4.813331058088433e-05,6.187588958799296e-05,calm
2005-04-20,4.900529875250241e-05,9.899925296468038e-05,calm
2005-04-21,5.790658283594127e-05,8.387154474053629e-05,calm
2005-04-25,7.662867977214558e-05,4.090027441636769e-05,calm
2005-04-26,7.460871895115862e-05,6.019719051789494e-05,calm
2005-04-27,7.584914378367642e-05,5.632380158684504e-05,calm
2005-04-28,7.221017754824069e-05,8.969823386297989e-05,calm
2005-05-02,7.742908713944982e-05,8.435956105689265e-05,calm
2005-05-03,7.466484476796226e-05,4.082708713099356e-05,calm
2005-05-04,7.036178017462357e-05,6.433774512715805e-05,calm
2005-05-05,6.968738375336556e-05,3.8724063986449417e-05,calm
2005-05-09,6.551309678704123e-05,5.877995875066447e-05,calm
2005-05-10,6.390002985249718e-05,4.273662622014396e-05,calm
2005-05-11,6.656658097534159e-05,4.763067827268298e-05,calm
2005-05-12,6.437035947017465e-05,8.026906814221484e-05,calm
2005-05-16,6.785294364129226e-05,3.313599100492888e-05,calm
2005-05-17,6.895957365098361e-05,4.315829224971817e-05,calm
2005-05-18,6.748003717652371e-05,2.511539532305968e-05,calm
2005-05-19,6.972056218285497e-05,2.051845986491614e-05,calm
2005-05-23,6.659586703631111e-05,2.849458714009533e-05,calm
2005-05-24,6.443185487533254e-05,1.923418569807457e-05,calm
2005-05-25,6.0894576542775615e-05,1.896315609791601e-05,calm
2005-05-26,5.727495784441793e-05,6.953594843349292e-06,calm
2005-05-31,5.555283783646647e-05,4.6049230549069547e-05,calm
2005-06-01,5.469564743523325e-05,2.1572037012082583e-05,calm
2005-06-02,5.574965473756e-05,2.600903120366915e-05,calm
2005-06-06,5.2683412539496965e-05,3.879277790136503e-05,calm
2005-06-07,4.957274528671967e-05,1.908267867937516e-05,calm
2005-06-08,4.663208006879838e-05,3.383439282639542e-05,calm
2005-06-09,4.403574309208019e-05,1.849932983329848e-05,calm
2005-06-13,4.27429630541403e-05,2.0947875074852103e-05,calm
2005-06-14,4.077617644828792e-05,3.092141533222931e-05,calm
2005-06-15,3.86523849963709e-05,1.7812457179554253e-05,calm
2005-06-16,3.655011205587836e-05,3.0575434205190355e-05,calm
2005-06-20,3.474935445375748e-05,1.8882020747211664e-05,calm
2005-06-21,3.267090942316642e-05,3.133421211333544e-05,calm
2005-06-22,3.073059167390803e-05,3.825981399979101e-05,calm
2005-06-23,2.8927385771041016e-05,2.4366261268762982e-05,calm
2005-06-27,3.9231980090311004e-05,1.791375935592916e-05,calm
2005-06-28,3.700037400787155e-05,1.6968793232364282e-05,calm
2005-06-29,3.897147922729007e-05,3.111782425387137e-05,calm
2005-06-30,3.705992794029072e-05,3.2985587000091137e-05,calm
2005-07-05,3.661137978285836e-05,2.2667685602973467e-05,calm
2005-07-06,3.825409080697612e-05,8.381835669036773e-05,calm
2005-07-07,4.0210328747981714e-05,2.0852249796776843e-05,calm
2005-07-11,3.872249044664025e-05,2.2023717503727743e-05,calm
2005-07-12,3.795818704690595e-05,1.4936253059586477e-05,calm
2005-07-13,3.609281187700044e-05,4.8912138019135416e-05,calm
2005-07-14,3.404308553011276e-05,1.2216940879486834e-05,calm
2005-07-18,3.291918019023239e-05,3.368803054471808e-05,calm
2005-07-19,3.19025363645657e-05,3.06600303744555e-05,calm
2005-07-20,3.177782658265172e-05,5.317992325315859e-05,calm
2005-07-21,3.0568152159307245e-05,2.015624366034149e-05,calm
2005-07-25,3.078732897802935e-05,2.249484137344417e-05,calm
2005-07-26,2.9423037044830256e-05,1.9861688987419822e-05,calm
2005-07-27,2.774649695498943e-05,2.0693676357483468e-05,calm
2005-07-28,2.687749101545452e-05,1.5163854141479549e-05,calm
2005-08-01,2.76320616504852e-05,1.2862996648590173e-05,calm
2005-08-02,2.600589913489954e-05,1.2566415835997024e-05,calm
2005-08-03,2.658169300619654e-05,1.613325908824546e-05,calm
2005-08-04,2.540796597867382e-05,1.958530009370837e-05,calm
2005-08-08,2.7771905465073548e-05,3.086216032325034e-05,calm
2005-08-09,2.6316183156740303e-05,4.6928743703113045e-05,calm
2005-08-10,2.690822981052822e-05,3.3728975472054104e-05,calm
2005-08-11,2.5307928874707105e-05,2.8574747264927967e-05,calm
2005-08-15,2.4732817618199158e-05,2.96828932659976e-05,calm
2005-08-16,2.5523274521424364e-05,3.0370486727722663e-05,calm
2005-08-17,3.4269664573768236e-05,2.700724558616188e-05,calm
2005-08-18,3.221388663713655e-05,1.8581822715203723e-05,calm
2005-08-22,3.0281454829436846e-05,2.179799532853289e-05,calm
2005-08-23,2.8464567539670635e-05,3.658470099731825e-05,calm
2005-08-24,2.6968713285091876e-05,1.5997436972118984e-05,calm
2005-08-25,3.016409814506482e-05,3.063198071331879e-05,calm
2005-08-29,2.9142793869360274e-05,5.07387240882254e-05,calm
2005-08-30,3.092554799774058e-05,5.462548502244964e-05,calm
2005-08-31,3.07383746965133e-05,5.610150949666649e-05,calm
2005-09-01,3.83595661450863e-05,2.281686464852555e-05,calm
2005-09-06,3.609036304003656e-05,1.6159575246402022e-05,calm
2005-09-07,4.2036961550698116e-05,1.972800316256676e-05,calm
2005-09-08,3.968738386508483e-05,1.8209318336989488e-05,calm
2005-09-12,3.7965243390991945e-05,2.356127647573038e-05,calm
2005-09-13,3.5929357728482485e-05,2.453604912012196e-05,calm
2005-09-14,3.5631258452593906e-05,3.164011968956482e-05,calm
2005-09-15,3.429084389082981e-05,2.7880285094037205e-05,calm
2005-09-19,3.224762761992453e-05,3.740111023942561e-05,calm
2005-09-20,3.097626336011273e-05,3.457724285097569e-05,calm
2005-09-21,3.343734355849618e-05,5.148428271294945e-05,calm
2005-09-22,3.6715035576832716e-05,2.466406603103198e-05,calm
2005-09-26,3.526828125238842e-05,3.200960538273306e-05,calm
2005-09-27,3.3231833239054876e-05,2.598506303239372e-05,calm
2005-09-28,3.124157701545732e-05,4.144167384861928e-05,calm
2005-09-29,2.942549948033307e-05,1.9014888745876485e-05,calm
2005-10-03,3.16003449874222e-05,3.759356113683181e-05,calm
2005-10-04,3.0474383584069757e-05,5.848447156697858e-05,calm
2005-10-05,3.6334361959678784e-05,0.0001003484682485,calm
2005-10-06,4.4614186938995727e-05,4.514731813742246e-05,calm
2005-10-10,4.2715322062691566e-05,5.726968858401061e-05,calm
2005-10-11,4.4467007879112306e-05,7.76256646249013e-05,calm
2005-10-12,4.192243801894182e-05,9.162665707017618e-05,calm
2005-10-13,4.3136290969780146e-05,6.765931071258134e-05,calm
2005-10-17,4.056942072237633e-05,3.0089507799808705e-05,calm
2005-10-18,3.8957066128151335e-05,7.918817896031006e-05,calm
2005-10-19,4.373439392045774e-05,9.591824121340194e-05,calm
2005-10-20,5.744272300994519e-05,8.151648544295895e-05,calm
2005-10-24,7.294815447724926e-05,4.71695635441993e-05,calm
2005-10-25,8.27503793524766e-05,6.579726674142392e-05,calm
2005-10-26,7.802599374998714e-05,3.3405306250097035e-05,calm
2005-10-27,7.38587398108479e-05,7.62132467527258e-05,calm
2005-10-31,7.629177024622244e-05,3.806864662807372e-05,calm
2005-11-01,7.216826345158232e-05,2.071472277347303e-05,calm
2005-11-02,6.837539106374486e-05,2.78925007247656e-05,calm
2005-11-03,7.07662343071158e-05,3.846580900875449e-05,calm
2005-11-04,6.761010039719065e-05,3.145858659111887e-05,calm
2005-11-07,6.365636668111351e-05,2.405023865787716e-05,calm
2005-11-08,5.989487481102254e-05,2.551137965097868e-05,calm
2005-11-09,5.630118232236118e-05,2.5009885733389208e-05,calm
2005-11-10,5.302578192629329e-05,4.20688067707311e-05,calm
2005-11-11,5.3431336326075616e-05,5.921464730879728e-06,calm
2005-11-14,5.091884549322258e-05,1.5318954687525145e-05,calm
2005-11-15,4.788292039663399e-05,2.532872748613692e-05,calm
2005-11-16,4.5807018639970464e-05,2.319535882927661e-05,calm
2005-11-17,4.330500146494858e-05,2.2121223384277625e-05,calm
2005-11-18,4.586202285785606e-05,2.884746034356546e-05,calm
2005-11-21,4.403397862183081e-05,1.5727193075837816e-05,calm
2005-11-22,4.290527184122022e-05,2.136779765765257e-05,calm
2005-11-23,4.1432478813239585e-05,1.3935917524098171e-05,calm
2005-11-25,4.093940953960249e-05,5.292996952738535e-06,calm
2005-11-28,3.8520197090812275e-05,1.6452394237746657e-05,calm
2005-11-29,3.9237417921857606e-05,3.336847674191574e-05,calm
2005-11-30,3.6957066577977315e-05,3.0834080480860925e-05,calm
2005-12-01,3.6494112190642843e-05,4.791793888147823e-05,calm
2005-12-02,4.0491636247273036e-05,1.310105167709827e-05,calm
2005-12-05,3.81577114226148e-05,1.920120215506316e-05,calm
2005-12-06,3.614065196615599e-05,3.2799740667172914e-05,calm
2005-12-07,3.418749747929742e-05,2.8351917133695523e-05,calm
2005-12-08,3.419108279255007e-05,4.0919003996538864e-05,calm
2005-12-09,3.216379103574861e-05,2.210568464310617e-05,calm
2005-12-12,3.064445742317054e-05,2.0975064420046447e-05,calm
2005-12-13,2.885987201472864e-05,2.5940166378021988e-05,calm
2005-12-14,2.988482905408166e-05,1.9782026586472794e-05,calm
2005-12-15,2.9013595905088744e-05,2.1261330076920137e-05,calm
2005-12-16,2.777706083569191e-05,2.079832551752129e-05,calm
2005-12-19,3.0456362134928545e-05,2.0906488258439613e-05,calm
2005-12-20,3.0224858075078714e-05,1.700886300234145e-05,calm
2005-12-21,2.846599009553807e-05,3.322462060617423e-05,calm
2005-12-22,2.6909365822446713e-05,1.4802547841585071e-05,calm
2005-12-23,2.6931720940882222e-05,6.242016936010334e-06,calm
2005-12-27,2.5334124758987255e-05,3.080193763460183e-05,calm
2005-12-28,3.0091846700936093e-05,1.3347128501126844e-05,calm
2005-12-29,2.8584472606070594e-05,1.5030119589318696e-05,calm
2005-12-30,2.8064616828301707e-05,2.7625515164712065e-05,calm
2006-01-03,2.816063531231974e-05,6.550958226986926e-05,calm
2006-01-04,4.471186831080568e-05,2.99964857988114e-05,calm
2006-01-05,4.336839111891731e-05,2.00727538030809e-05,calm
2006-01-06,4.078996530217985e-05,5.783084066735448e-05,calm
2006-01-09,4.246319345747562e-05,1.2946303918073402e-05,calm
2006-01-10,4.031046697751175e-05,2.454498754089105e-05,calm
2006-01-11,3.7952919233606224e-05,1.9371220562194148e-05,calm
2006-01-12,3.628086386994667e-05,1.3941632730994012e-05,calm
2006-01-13,3.5040999338976496e-05,1.803288757845814e-05,calm
2006-01-17,3.2990678284205496e-05,2.525145744680113e-05,calm
2006-01-18,3.1456304308051954e-05,3.1789174910290275e-05,calm
2006-01-19,3.052033592349257e-05,2.2086407803363955e-05,calm
2006-01-20,2.9567490400846284e-05,4.164286758383666e-05,calm
2006-01-23,4.811896333097734e-05,2.390481474959569e-05,calm
2006-01-24,4.5994759609093244e-05,2.696126189647672e-05,calm
2006-01-25,4.329845992373573e-05,6.032708418760052e-05,calm
2006-01-26,4.074584623245485e-05,5.4023824152919454e-05,calm
2006-01-27,4.012360535643464e-05,2.657714534350269e-05,calm
2006-01-30,4.281930538402211e-05,1.0909909929678137e-05,calm
2006-01-31,4.028648272700276e-05,2.715620021860394e-05,calm
2006-02-01,4.1106696808177614e-05,3.478004094315291e-05,calm
2006-02-02,4.1543565726658e-05,4.0408698199216375e-05,calm
2006-02-03,4.7226648757634296e-05,5.241333903434699e-05,calm
2006-02-06,4.5879246860418153e-05,2.243148605695374e-05,calm
2006-02-07,4.353523458344384e-05,4.118616951794815e-05,calm
2006-02-08,4.566087365944723e-05,1.9398040215845905e-05,calm
2006-02-09,4.78289515291611e-05,2.2015184183145293e-05,calm
2006-02-10,4.512452560407124e-05,4.1278649442193335e-05,calm
2006-02-13,4.26153155388603e-05,2.178121159393728e-05,calm
2006-02-14,4.0256658077562e-05,2.7002608132455776e-05,calm
2006-02-15,4.4512583567102244e-05,4.136803863061303e-05,calm
2006-02-16,4.25836869492451e-05,1.288318362253558e-05,calm
2006-02-17,4.336816777283931e-05,1.078149890078717e-05,calm
2006-02-21,4.120787657450071e-05,2.613943204010344e-05,calm
2006-02-22,3.910660616683498e-05,1.8268895804869863e-05,calm
2006-02-23,3.895792119165844e-05,2.755517345759565e-05,calm
2006-02-24,3.675025731270012e-05,1.349439143439122e-05,calm
2006-02-27,3.4936404093068264e-05,1.580164274883552e-05,calm
2006-02-28,3.284917433616475e-05,3.50421813868333e-05,calm
2006-03-01,3.634637715820045e-05,1.695468786804152e-05,calm
2006-03-02,3.886599069357817e-05,3.0247823247216044e-05,calm
2006-03-03,3.653438938172886e-05,3.851043258183827e-05,calm
2006-03-06,3.563914944220476e-05,2.638660774327473e-05,calm
2006-03-07,3.476635771189411e-05,3.0281178682311728e-05,calm
2006-03-08,3.282669613296716e-05,3.260250452562999e-05,calm
2006-03-09,3.1123633301325464e-05,1.879239112449381e-05,calm
2006-03-10,3.197284268081011e-05,3.3172003336672044e-05,calm
2006-03-13,3.541749537038408e-05,1.8379906091064248e-05,calm
2006-03-14,3.350107206122234e-05,1.7343582482868603e-05,calm
2006-03-15,3.8011009428212455e-05,1.4774229330184016e-05,calm
2006-03-16,3.6916090657069346e-05,2.078524109804008e-05,calm
2006-03-17,3.495642282137309e-05,1.1901484888850126e-05,calm
2006-03-20,3.344835037720799e-05,1.6749856394326092e-05,calm
2006-03-21,3.159677166146139e-05,2.4461627228568748e-05,calm
2006-03-22,3.208824277275681e-05,1.8461006909594467e-05,calm
2006-03-23,3.237926083186666e-05,1.883971043070543e-05,calm
2006-03-24,3.06943572955724e-05,1.7053066159512233e-05,calm
2006-03-27,2.8888115910427136e-05,3.095024450966714e-05,calm
2006-03-28,2.728277150474121e-05,2.4142056492579336e-05,calm
2006-03-29,2.7931368454112822e-05,3.858341530803866e-05,calm
2006-03-30,2.8598333507814538e-05,2.455841313999867e-05,calm
2006-04-03,2.7070483096862976e-05,2.7103277161483296e-05,calm
2006-04-04,2.548188189210385e-05,2.5010793987869663e-05,calm
2006-04-05,2.6393348333174977e-05,2.431446065117456e-05,calm
2006-04-06,2.552006964817983e-05,4.921028090193077e-05,calm
2006-04-10,2.405745518123534e-05,4.039460873516393e-05,calm
2006-04-11,2.275682700135748e-05,2.017601665360685e-05,calm
2006-04-12,2.5741413555514537e-05,2.3542130582969885e-05,calm
2006-04-17,2.440539314937961e-05,5.889939146255047e-05,calm
2006-04-18,2.2950128730094647e-05,3.358045596543012e-05,calm
2006-04-19,3.6421554338579524e-05,3.70580299545061e-05,calm
2006-04-20,3.445536495683019e-05,2.884519803163854e-05,calm
2006-04-24,3.250126403941879e-05,3.06228595817359e-05,calm
2006-04-25,3.075246659125549e-05,4.206147676224752e-05,calm
2006-04-26,2.993250163317077e-05,0.0001157893059911,calm
2006-04-27,2.813972770119111e-05,2.395760681170949e-05,calm
2006-05-01,2.784511025263e-05,2.6729858019605345e-05,calm
2006-05-02,3.0181392139966553e-05,2.253747380875809e-05,calm
2006-05-03,3.17341080046565e-05,1.9101556159692538e-05,calm
2006-05-04,3.066781628234765e-05,3.581759893345211e-05,calm
2006-05-08,2.9598613764663686e-05,5.2811202004674094e-06,calm
2006-05-09,2.7910270465827064e-05,2.545807792597465e-05,calm
2006-05-10,2.646670834221362e-05,3.4688910732961645e-05,calm
2006-05-11,2.489542675939492e-05,7.03465158033034e-05,calm
2006-05-15,3.225090005366006e-05,2.967451301973849e-05,calm
2006-05-16,3.05581791362692e-05,8.62964180647739e-05,calm
2006-05-17,2.885403875448253e-05,5.775689710853748e-05,calm
2006-05-18,4.925808661586378e-05,8.85207010353377e-05,calm
2006-05-22,4.783766092050135e-05,7.474737073904105e-05,calm
2006-05-23,4.8488917997496515e-05,0.0001568220245815,calm
2006-05-24,4.908203452406694e-05,4.735913249411477e-05,calm
2006-05-25,4.993631647272325e-05,1.4269276366805604e-05,calm
2006-05-30,5.6000568336101345e-05,6.797333263303817e-05,calm
2006-05-31,7.190687757695585e-05,4.05155030058163e-05,calm
2006-06-01,7.501116685509114e-05,5.4485833040060406e-05,calm
2006-06-05,7.595099991128698e-05,9.813495007227456e-05,calm
2006-06-06,8.43255998653972e-05,6.42049480740768e-05,calm
2006-06-07,7.962376604002958e-05,0.0001609976568298,calm
2006-06-08,7.823909430698886e-05,5.848441991708481e-05,calm
2006-06-12,7.359062043876513e-05,0.0001551810673886,calm
2006-06-13,7.631544548737158e-05,8.929928043441164e-05,calm
2006-06-14,7.992433689020264e-05,6.837686572454833e-05,calm
2006-06-15,7.870665335395612e-05,4.456046311560157e-05,calm
2006-06-19,0.00010042586232340097,4.161435722005943e-05,calm
2006-06-20,9.813838101414405e-05,3.980550592975142e-05,calm
2006-06-21,9.293975318309567e-05,3.907099249013956e-05,calm
2006-06-22,9.063714331191212e-05,5.182735232282784e-05,calm
2006-06-26,8.636547231789397e-05,3.15743620689587e-05,calm
2006-06-27,8.235044340060868e-05,2.969139376904296e-05,calm
2006-06-28,8.192807760070968e-05,9.942451819995536e-05,calm
2006-06-29,7.975117491149699e-05,2.5934256244406105e-05,calm
2006-07-05,9.896383166066844e-05,2.973056588367171e-05,calm
2006-07-06,9.499491184907218e-05,3.229603863295765e-05,calm
2006-07-10,8.98024554403449e-05,3.95611976834746e-05,calm
2006-07-11,8.462949083521662e-05,2.916054476288056e-05,calm
2006-07-12,8.071595639375444e-05,5.791651198532688e-05,calm
2006-07-13,8.278301257919665e-05,7.669155188587427e-05,calm
2006-07-17,9.394794921229618e-05,7.751915591055189e-05,calm
2006-07-18,8.843867395763672e-05,8.937524434491545e-05,calm
2006-07-19,8.468981604336813e-05,3.443352985324364e-05,calm
2006-07-20,9.100002242035251e-05,7.415385800959147e-05,calm
2006-07-24,8.836833330701784e-05,5.6479841502276246e-05,calm
2006-07-25,0.00010265544005210096,4.4996953590506045e-05,calm
2006-07-26,9.725617980586698e-05,5.98007417014539e-05,calm
2006-07-27,9.152874796464788e-05,5.050025682248678e-05,calm
2006-07-31,8.609078821720368e-05,3.4875652513479095e-05,calm
2006-08-01,8.098731751695998e-05,4.157416794592438e-05,calm
2006-08-02,7.759218121749132e-05,5.576825352845317e-05,calm
2006-08-03,7.56600439039584e-05,4.629293118546689e-05,calm
2006-08-07,7.154212368435054e-05,7.044880302316272e-05,calm
2006-08-08,6.757891902059972e-05,7.272535548833909e-05,calm
2006-08-09,6.440820982726815e-05,4.60069380914304e-05,calm
2006-08-10,6.122944147784276e-05,2.346482587576496e-05,calm
2006-08-14,5.811993110157201e-05,6.035608618960762e-05,calm
2006-08-15,5.466989905395231e-05,2.03979011558099e-05,calm
2006-08-16,5.98681020764563e-05,1.7628337647109112e-05,calm
2006-08-17,6.039345926887191e-05,1.5944874786718075e-05,calm
2006-08-21,5.715728790838599e-05,1.79286418692486e-05,calm
2006-08-22,5.4834227377342395e-05,1.713952015572996e-05,calm
2006-08-23,5.154452877494578e-05,2.274404560423668e-05,calm
2006-08-24,4.891240259806877e-05,1.481886371278123e-05,calm
2006-08-28,4.602081314150441e-05,1.8437567600561787e-05,calm
2006-08-29,4.462176585709054e-05,1.591014999393216e-05,calm
2006-08-30,4.202373423805078e-05,8.65709378512243e-06,calm
2006-08-31,3.9524817916764966e-05,2.6818486129431844e-05,calm
2006-09-05,3.715473546547668e-05,2.255588632588384e-05,calm
2006-09-06,3.514216328290512e-05,3.645449597785752e-05,calm
2006-09-07,3.7731887961285774e-05,1.77815129335666e-05,calm
2006-09-11,3.674192755673129e-05,2.016111071276435e-05,calm
2006-09-12,3.459709919728569e-05,1.2830292710308151e-05,calm
2006-09-13,3.8245320308101105e-05,1.3596267154475135e-05,calm
2006-09-14,3.691854555882871e-05,2.812030605765717e-05,calm
2006-09-18,3.470377563006255e-05,1.9445172853326387e-05,calm
2006-09-19,3.273302582209383e-05,3.690597187038145e-05,calm
2006-09-20,3.114419092126804e-05,3.333717340972816e-05,calm
2006-09-21,3.095877751782497e-05,1.849905728730936e-05,calm
2006-09-25,3.0507670419613567e-05,2.887975121088769e-05,calm
2006-09-26,3.219127836155044e-05,3.2985468982108414e-05,calm
2006-09-27,3.4362288674700525e-05,1.6545772860181013e-05,calm
2006-09-28,3.238653349663808e-05,1.0293680786142047e-05,calm
2006-10-02,3.0451731912597593e-05,2.459948531719992e-05,calm
2006-10-03,2.9468422141489953e-05,2.021121121287753e-05,calm
2006-10-04,2.7965365086403838e-05,1.3167416455492236e-05,calm
2006-10-05,3.440251331290124e-05,3.344378818346737e-05,calm
2006-10-09,3.2560739948644586e-05,1.3741346810826676e-05,calm
2006-10-10,3.062815087832521e-05,2.6617363814731348e-05,calm
2006-10-11,2.8896854025804e-05,1.7547872528740184e-05,calm
2006-10-12,2.7247089751220967e-05,9.480284530419702e-06,calm
2006-10-16,3.0072926268539056e-05,2.1669666464013374e-05,calm
2006-10-17,2.8410063345459623e-05,4.960183098900495e-05,calm
2006-10-18,2.7299770496991873e-05,1.3102452103515802e-05,calm
2006-10-19,2.576611103197064e-05,7.90081222346207e-06,calm
2006-10-23,2.4375549234635487e-05,2.762893771212448e-05,calm
2006-10-24,2.4178968537108233e-05,2.645585013212175e-05,calm
2006-10-25,2.3260359727047274e-05,2.3009711979618304e-05,calm
2006-10-26,2.255955177505311e-05,3.3174159319324787e-05,calm
2006-10-30,2.1783764590992005e-05,1.400395233979828e-05,calm
2006-10-31,2.050831258063639e-05,2.593756798935709e-05,calm
2006-11-01,1.9279078266210637e-05,2.2409210064207608e-05,calm
2006-11-02,2.087411813616912e-05,1.907591747092852e-05,calm
2006-11-03,1.964218512394827e-05,3.84824497741386e-05,calm
2006-11-06,1.8648713365348687e-05,2.575225841074673e-05,calm
2006-11-07,2.5077276243600955e-05,1.9582880941686183e-05,calm
2006-11-08,2.4453232424574203e-05,4.010187070325331e-05,calm
2006-11-09,2.3266500680229363e-05,2.481675346570893e-05,calm
2006-11-10,2.3536339376095314e-05,1.5874688052641962e-05,calm
2006-11-13,2.213547155977002e-05,1.5851757550240773e-05,calm
2006-11-14,2.1169390476463196e-05,3.682463489218845e-05,calm
2006-11-15,2.3253219781381034e-05,1.429141470808222e-05,calm
2006-11-16,2.2349107572376807e-05,2.051446661559993e-05,calm
2006-11-17,2.1403766458912853e-05,2.3658367242021745e-05,calm
2006-11-20,2.012440892695849e-05,1.698261692727839e-05,calm
2006-11-21,1.8936409005781994e-05,7.919128775626147e-06,calm
2006-11-22,1.7859738352840134e-05,1.2395649020698937e-05,calm
2006-11-24,1.7025500041559693e-05,2.918951148667347e-05,calm
2006-11-27,1.698957575027684e-05,3.784938065208794e-05,calm
2006-11-28,2.7474263511954765e-05,4.007236225495033e-05,calm
2006-11-29,2.694830621097429e-05,4.1322339703193765e-05,calm
2006-11-30,3.179123125690203e-05,5.123420871721887e-05,calm
2006-12-01,2.989469860202952e-05,5.7338192957518384e-05,calm
2006-12-04,2.839362631383834e-05,2.327657097184121e-05,calm
2006-12-05,3.0157288637262443e-05,2.1846295878807715e-05,calm
2006-12-06,2.9461420842541e-05,9.790503918683016e-06,calm
2006-12-07,2.773667746940328e-05,2.341876127661348e-05,calm
2006-12-08,2.7224869430815237e-05,2.109560165167e-05,calm
2006-12-11,2.5794546050324454e-05,8.6464042193481e-06,calm
2006-12-12,2.4749733741028686e-05,2.478747087996112e-05,calm
2006-12-13,2.330086925255562e-05,2.62868027670106e-05,calm
2006-12-14,2.1969956377949528e-05,2.005888547004301e-05,calm
2006-12-15,2.526894770312036e-05,1.9756140469778264e-05,calm
2006-12-18,2.5544698393029394e-05,1.2583725798421445e-05,calm
2006-12-19,2.4463681548607237e-05,3.028768990137271e-05,calm
2006-12-20,2.321252943014816e-05,7.206939785982116e-06,calm
2006-12-21,2.1838774186816173e-05,1.9571446912611223e-05,calm
2006-12-22,2.1334426693700968e-05,2.118569427641668e-05,calm
2006-12-26,2.2332659086628236e-05,6.508273715781892e-06,calm
2006-12-27,2.3066933705121506e-05,2.118140642885569e-05,calm
2006-12-28,2.4254861743779564e-05,1.0933785934001245e-05,calm
2006-12-29,2.3065999824664924e-05,2.253133446825217e-05,calm
2007-01-03,2.271913112884258e-05,4.506079774052098e-05,calm
2007-01-04,2.1543288246404935e-05,4.229880145404546e-05,calm
2007-01-05,2.0520320386579202e-05,3.960850137609532e-05,calm
2007-01-08,2.313707183064393e-05,3.369348123099182e-05,calm
2007-01-09,2.3026420014709847e-05,3.114137600355407e-05,calm
2007-01-10,2.1688209838815333e-05,2.8498001912115327e-05,calm
2007-01-11,2.105067065456026e-05,1.5174741643015502e-05,calm
2007-01-12,2.0933913483313312e-05,1.298669968860314e-05,calm
2007-01-16,2.311469565896075e-05,1.4157693272464276e-05,calm
2007-01-17,2.1957526350939637e-05,2.2365817187239105e-05,calm
2007-01-18,2.065063825085908e-05,2.494821111320507e-05,calm
2007-01-19,2.0089740445588863e-05,1.1403669752408372e-05,calm
2007-01-22,1.9115448031591244e-05,1.830673551002677e-05,calm
2007-01-23,1.8539766954644247e-05,1.907113262541366e-05,calm
2007-01-24,1.794793820027924e-05,1.7021418873956373e-05,calm
2007-01-25,2.0731175777004075e-05,2.159931327926243e-05,calm
2007-01-26,2.7855396710713213e-05,3.294252626735421e-05,calm
2007-01-29,2.6234214721525892e-05,2.062511217250769e-05,calm
2007-01-30,2.4679182432199916e-05,2.216011759801403e-05,calm
2007-01-31,2.4818238330115915e-05,4.128144982272786e-05,calm
2007-02-01,2.6023112692879996e-05,2.226116152493081e-05,calm
2007-02-02,2.6596447806023813e-05,1.2829747924856592e-05,calm
2007-02-05,2.5115265272457886e-05,9.343912885651973e-06,calm
2007-02-06,2.361292802983647e-05,1.0713033410875672e-05,calm
2007-02-07,2.2200725003721084e-05,1.0814209798654906e-05,calm
2007-02-08,2.1160717210092162e-05,2.755677375575885e-05,calm
2007-02-09,1.999393383928356e-05,2.742613083686676e-05,calm
2007-02-12,2.2146952246180824e-05,1.1972466046714771e-05,calm
2007-02-13,2.15158382519127e-05,2.104434029758367e-05,calm
2007-02-14,2.445815087123744e-05,2.4845864324328635e-05,calm
2007-02-15,2.556137985560586e-05,9.34903373839985e-06,calm
2007-02-16,2.4129725402885403e-05,9.545006692153727e-06,calm
2007-02-20,2.2695781739255884e-05,1.6204650734436462e-05,calm
2007-02-21,2.160495845968209e-05,2.967895815031996e-05,calm
2007-02-22,2.0318791973914113e-05,2.774143405998003e-05,calm
2007-02-23,1.9133758781099477e-05,1.7617328625646743e-05,calm
2007-02-26,1.8905455569722218e-05,2.443822987611277e-05,calm
2007-02-27,1.7819204205472786e-05,0.0002803240191029,calm
2007-02-28,0.00011198767844352843,0.0001217706927491,calm
2007-03-01,0.00011150917764963036,0.0003799144036669,calm
2007-03-02,0.00010535311144221416,7.439101482414818e-05,calm
2007-03-05,0.00010945723895465644,0.0001694612082679,calm
2007-03-06,0.00010837862966278114,0.0001134689041992,calm
2007-03-07,0.00011914415265377921,3.414279751907002e-05,calm
2007-03-08,0.00011205582138564499,7.461909348660612e-05,calm
2007-03-09,0.00010958590928371914,5.788944170905831e-05,calm
2007-03-12,0.00010301559831149298,2.490229987814612e-05,calm
2007-03-13,9.696798024520796e-05,8.970738994064515e-05,calm
2007-03-14,0.00011425919718571085,0.0001615954400272,calm
2007-03-15,0.0001107093860341227,4.288518133379065e-05,calm
2007-03-16,0.00010417832932139983,2.917255993453537e-05,calm
2007-03-19,0.00010067162208280146,5.433113053397026e-05,calm
2007-03-20,0.00010324693827445029,1.9093651815710383e-05,calm
2007-03-21,9.885207730630106e-05,6.634452415214046e-05,calm
2007-03-22,0.00010890813913702075,1.7480806335324023e-05,calm
2007-03-23,0.00010240903774598784,2.1752451118461235e-05,calm
2007-03-26,9.639338462314801e-05,4.251569491510792e-05,calm
2007-03-27,9.071527066782213e-05,6.188325160527927e-05,calm
2007-03-28,8.561139046876818e-05,7.920989026962224e-05,calm
2007-03-29,8.367774612829383e-05,4.713978316039182e-05,calm
2007-04-02,7.872412603636109e-05,4.239278465647242e-05,calm
2007-04-03,7.407677157456403e-05,1.32252096061014e-05,calm
2007-04-04,7.650799785980846e-05,6.868733232916942e-06,calm
2007-04-09,7.199183266859615e-05,1.000577963565332e-05,calm
2007-04-10,6.778751534040484e-05,2.1936268931132363e-05,calm
2007-04-11,6.380327890392515e-05,2.08138543624239e-05,calm
2007-04-12,6.097791404581192e-05,1.881436785771979e-05,calm
2007-04-16,5.84988489903269e-05,1.4892323158757945e-05,calm
2007-04-17,6.034866324562574e-05,1.6426867092686428e-05,calm
2007-04-18,5.715067064203368e-05,4.2003477125710656e-05,calm
2007-04-19,5.3811380940823784e-05,7.92713588037026e-05,calm
2007-04-23,5.0587127497234926e-05,2.279789723173168e-05,calm
2007-04-24,4.840698235323981e-05,3.16479437805554e-05,calm
2007-04-25,4.5512411841414135e-05,1.5875027756402973e-05,calm
2007-04-26,4.779388185322796e-05,2.114516317955485e-05,calm
2007-04-30,4.5003762899554635e-05,3.8038050530442736e-05,calm
2007-05-01,4.6464135390483155e-05,1.5116602454379909e-05,calm
2007-05-02,4.406928874701062e-05,2.01309585214887e-05,calm
2007-05-03,4.346782374046531e-05,1.658361868375604e-05,calm
2007-05-07,4.261070199746703e-05,2.5057710327751667e-05,calm
2007-05-08,4.005643004225997e-05,1.98600375157866e-05,calm
2007-05-09,3.7758509030394035e-05,4.513021304641341e-05,calm
2007-05-10,3.59356197183014e-05,2.7186510200428123e-05,calm
2007-05-14,4.040396579756207e-05,5.345072788645108e-05,calm
2007-05-15,3.8267458821703495e-05,3.734598575359074e-05,calm
2007-05-16,3.597564865112362e-05,2.0005130106902142e-05,calm
2007-05-17,3.660570379267003e-05,2.0959405736388176e-05,calm
2007-05-21,3.464479291782494e-05,1.914186404970872e-05,calm
2007-05-22,3.2582600480113726e-05,3.061452407221036e-05,calm
2007-05-23,3.066480248304656e-05,5.3517352657326345e-05,calm
2007-05-24,2.8825947704119617e-05,3.08706894850276e-05,calm
2007-05-29,3.205844023547875e-05,4.846749115723277e-05,calm
2007-05-30,3.092088437733519e-05,1.7186289990123763e-05,calm
2007-05-31,3.301388299786741e-05,3.79232019065358e-05,calm
2007-06-04,3.1098314607325054e-05,3.114706847587333e-05,calm
2007-06-05,2.9233426955985977e-05,3.674411118648482e-05,calm
2007-06-06,2.842332672109083e-05,7.437020870833379e-05,calm
2007-06-07,3.3726884904639163e-05,5.254647567651792e-05,calm
2007-06-11,5.159962278093989e-05,6.630966155709031e-05,calm
2007-06-12,4.868114590907482e-05,6.488991320270412e-05,calm
2007-06-13,5.297473942272125e-05,2.3878967590886643e-05,calm
2007-06-14,6.304075434714408e-05,4.717931507962112e-05,calm
2007-06-18,6.168979248114033e-05,1.830927292477324e-05,calm
2007-06-19,5.8071478969338455e-05,5.179075301605775e-05,calm
2007-06-20,5.495692741842757e-05,7.764258247053108e-05,calm
2007-06-21,6.341034803685894e-05,8.07640554469892e-05,calm
2007-06-25,6.14487854835964e-05,8.019526718780374e-05,calm
2007-06-26,5.914077282979862e-05,7.081475749594538e-05,calm
2007-06-27,6.199679384173972e-05,6.146817526204457e-05,calm
2007-06-28,7.02540268654403e-05,7.759919824617189e-05,calm
2007-07-02,6.603984522959814e-05,1.002187437132428e-05,calm
2007-07-05,6.693759641406049e-05,1.816453501270346e-05,calm
2007-07-09,6.298759881743554e-05,7.456955525102637e-05,calm
2007-07-10,5.924523886143421e-05,4.903818519711789e-05,calm
2007-07-11,6.803117227934053e-05,4.911009303794304e-05,calm
2007-07-12,6.694405573067832e-05,1.8830126654505064e-05,calm
2007-07-16,7.76548925104204e-05,2.2564391445408063e-05,calm
2007-07-17,7.299660041245919e-05,6.72490270993307e-05,calm
2007-07-18,6.863283187046694e-05,3.541691050983973e-05,calm
2007-07-19,6.471164542165485e-05,8.039872067280962e-05,calm
2007-07-23,6.173070486592392e-05,0.0001162603927455,calm
2007-07-24,5.8587657907181594e-05,0.000170826887148,calm
2007-07-25,7.343300618351487e-05,0.0003273198301778,calm
2007-07-26,6.92783885280623e-05,0.0001876647791166,calm
2007-07-30,9.957811025477245e-05,0.0001350277612505,calm
2007-07-31,0.0001080598174077428,0.0002795008345358,calm
2007-08-01,0.00010927474346829382,0.0001112037418128,calm
2007-08-02,0.00010413570782912862,0.000159639829251,calm
2007-08-06,0.00010168783344035876,0.0002497237032897,calm
2007-08-07,0.0001121610721959099,0.0001386025959612,calm
2007-08-08,0.00011218961701975208,0.0004813051278125,calm
2007-08-09,0.00011695810267821812,0.0004132797014208,calm
2007-08-13,0.0001642345866277771,0.0001542464409498,calm
2007-08-14,0.00015515245265096132,0.0001984234175129,calm
2007-08-15,0.00016008056413024583,0.0005433023784139,calm
2007-08-16,0.00016202005699151657,0.0005072473750895,calm
2007-08-20,0.00015566269162757852,9.772839890120095e-05,calm
2007-08-21,0.00014633697931792618,0.0001345203911682,calm
2007-08-22,0.0001377974628977186,8.910045366440984e-05,calm
2007-08-23,0.00013788109432082623,3.5017865463786514e-05,calm
2007-08-27,0.00012965541210423665,6.202653813350613e-05,calm
2007-08-28,0.00012711825315681204,0.0001122639373414,calm
2007-08-29,0.0001491292659006333,0.0001312747599929,calm
2007-08-30,0.0001628362966980107,0.0001759104058176,calm
2007-09-04,0.00015349223100837356,0.0001019606291986,calm
2007-09-05,0.0001503367614065221,5.636793116205445e-05,calm
2007-09-06,0.00014584834045656197,0.0001933643805261,calm
2007-09-10,0.0001374142876511706,8.059395034870322e-05,calm
2007-09-11,0.00012939034374099813,5.813860968457583e-05,calm
2007-09-12,0.00012969110209694375,6.465740856455102e-05,calm
2007-09-13,0.00012230687493126476,6.817212806164966e-05,calm
2007-09-17,0.00011791572857696837,0.000216888860712,calm
2007-09-18,0.00011258205905724306,8.8684110720082e-05,calm
2007-09-19,0.00015633777563949484,4.132613602776739e-05,calm
2007-09-20,0.00014903606203406808,4.218376809569183e-05,calm
2007-09-24,0.00014309059963894165,4.9541548970541353e-05,calm
2007-09-25,0.00013470921928885013,3.7658897036419006e-05,calm
2007-09-26,0.00012686181793188184,2.832135375099397e-05,calm
2007-09-27,0.00012091678117012353,2.503292613843916e-05,calm
2007-10-01,0.00011574768726689503,1.858673552084283e-05,calm
2007-10-02,0.00011634229334097422,3.477746900281202e-05,calm
2007-10-03,0.00010947305112708098,1.464804799665193e-05,calm
2007-10-04,0.00010314799676888831,5.097566845681872e-05,calm
2007-10-08,9.71050375409261e-05,3.25817825729652e-05,calm
2007-10-09,9.298959244664669e-05,2.7141613341950145e-05,calm
2007-10-10,9.268254134857048e-05,8.54127246900643e-05,calm
2007-10-11,8.728750324916962e-05,3.2176943246088344e-05,calm
2007-10-15,8.343985271730688e-05,4.548034579081117e-05,calm
2007-10-16,8.274765183582615e-05,8.419462235269613e-05,calm
2007-10-17,8.159078979299635e-05,4.611410666400613e-05,calm
2007-10-18,7.725410054069303e-05,0.0001222150827914,calm
2007-10-22,7.341254695751457e-05,7.167288213119987e-05,calm
2007-10-23,7.10233601192675e-05,0.000196930286843,calm
2007-10-24,7.06709095307001e-05,0.0001423881587167,calm
2007-10-25,6.663527624803512e-05,6.542599420795634e-05,calm
2007-10-29,6.297523700468767e-05,3.715323746662883e-05,calm
2007-10-30,5.985585554493962e-05,2.902270751306723e-05,calm
2007-10-31,5.9176388416965025e-05,0.0001246701984499,calm
2007-11-01,6.2033886572687e-05,0.0002100103393905,calm
2007-11-02,9.197337855988976e-05,0.0002035751446778,calm
2007-11-05,8.653090782032307e-05,0.0001645746348433,calm
2007-11-06,8.483651064757254e-05,7.779440094078531e-05,calm
2007-11-07,9.047558024658121e-05,0.0001974550352914,calm
2007-11-08,0.0001312074618957792,0.0003510532077174,calm
2007-11-09,0.00012488556321370835,0.0002435400545023,calm
2007-11-12,0.0001288547356144801,0.000175421437543,calm
2007-11-13,0.0001270887232318061,0.000126001312416,calm
2007-11-14,0.00017355310868201942,0.0001273051341983,calm
2007-11-15,0.00016360117363100715,0.0001426643792738,calm
2007-11-16,0.0001664508321283654,0.0001701152561844,calm
2007-11-19,0.00015664051660260788,0.0001465415272457,calm
2007-11-20,0.0001590390406579098,0.0002956852681278,calm
2007-11-21,0.00015173126638470425,0.0002219214073243,calm
2007-11-23,0.00016827956768015234,9.192092041438048e-05,calm
2007-11-26,0.00017581936586020302,0.0001277612553939,calm
2007-11-27,0.000195135730113221,0.0002037544990638,calm
2007-11-28,0.00019126348609863487,0.0001229082633789,calm
2007-11-29,0.0002392600374920475,0.000112516237812,calm
2007-11-30,0.0002249113587974964,0.0001695579189329,calm
2007-12-03,0.00021742335856440547,7.584278580989405e-05,calm
2007-12-04,0.0002070027542530718,7.505261098068671e-05,calm
2007-12-05,0.00019941926403673513,0.0001221284902199,calm
2007-12-06,0.00020398962796963459,4.18838726814622e-05,calm
2007-12-07,0.0002038693030504161,3.0860227090210635e-05,calm
2007-12-10,0.00019163951534595502,3.0892944478623696e-05,calm
2007-12-11,0.00018371987758294213,0.0002294711277764,calm
2007-12-12,0.00021907610850609722,0.0004568278893311,calm
2007-12-13,0.00021172032769145333,0.0001117620423162,calm
2007-12-14,0.0001992760742779978,0.000101280562519,calm
2007-12-17,0.00019708936870815608,0.0001031616654184,calm
2007-12-18,0.00019765715527534042,0.0001472817740886,calm
2007-12-19,0.00018765785959477476,9.797630486954924e-05,calm
2007-12-20,0.00017639838801908827,7.102992843675121e-05,calm
2007-12-21,0.0001681858688846126,8.918603403997033e-05,calm
2007-12-24,0.0001629754343788907,1.9728796270195378e-05,calm
2007-12-26,0.00015648109810715034,2.1327826708261897e-05,calm
2007-12-27,0.00014736754626642522,3.865129115133182e-05,calm
2007-12-28,0.00014812800236081388,6.013352358611052e-05,calm
2007-12-31,0.0001396179361282172,3.736944764346399e-05,calm
2008-01-02,0.00013455079506250102,0.00011089713625,calm
2008-01-03,0.00013111694152963773,6.541168832158663e-05,calm
2008-01-04,0.00012326392549150494,0.0001687688641431,calm
2008-01-07,0.0001528053818745494,0.0001906486565215,calm
2008-01-08,0.00014368036032220028,0.0002267518737647,calm
2008-01-09,0.00015096233216273643,0.0002478331118877,calm
2008-01-10,0.00014846362974155382,0.0003538678567542,calm
2008-01-11,0.00014211638956051654,0.0002235550867801,calm
2008-01-14,0.00013752720591917524,9.215386742423842e-05,calm
2008-01-15,0.00013314490374587707,0.0001488822660968,calm
2008-01-16,0.00015488380847143685,0.0002548310084881,calm
2008-01-17,0.00015008002537179863,0.0002933747458008,calm
2008-01-18,0.00018244404445716465,0.000368726144566,calm
2008-01-22,0.00017788828214272814,0.0015404585421895,calm
2008-01-23,0.00017345580124975593,0.0012372071572716,calm
2008-01-24,0.00019685471264214955,0.000295631819007,calm
2008-01-25,0.00018928334239732292,0.000281020936017,calm
2008-01-28,0.00019063016439182788,0.0002021381224532,calm
2008-01-29,0.00019533238320634507,0.0001004546298116,calm
2008-01-30,0.0001850777889505501,0.0002285478149366,calm
2008-01-31,0.00017724542602867761,0.0004922012019041,calm
2008-02-01,0.0001862023315026726,0.0001387000881119,calm
2008-02-04,0.00019031338594463157,6.756875544995217e-05,calm
2008-02-05,0.00018855581630087214,0.0003315916861885,calm
2008-02-06,0.0002214340639447859,0.0001396893718457,calm
2008-02-07,0.00021206956363064368,0.0002642922313555,calm
2008-02-08,0.00020195281614125647,0.0001578754998434,calm
2008-02-11,0.00019232550087811858,9.102633174229252e-05,calm
2008-02-12,0.00018234475076663828,0.0001591586569982,calm
2008-02-13,0.0001765138195838969,0.0001298904243363,calm
2008-02-14,0.00017212994700509926,0.0001180230081966,calm
2008-02-15,0.00016648930796888937,7.412769820621245e-05,calm
2008-02-19,0.00015650290542108667,0.0001367048791368,calm
2008-02-20,0.00014758581916948492,0.0002035015215746,calm
2008-02-21,0.00013925182980675376,0.000114426401142,calm
2008-02-22,0.00013507856910866976,0.0001536689382008,calm
2008-02-25,0.000129234990581094,0.0001800907236403,calm
2008-02-26,0.00013090091601155378,9.947513803185888e-05,calm
2008-02-27,0.00012639687541033258,0.0001171559425113,calm
2008-02-28,0.00011887455537160481,0.0001044246691931,calm
2008-02-29,0.0001175222450222009,0.0001585925996658,calm
2008-03-03,0.00014094282695195813,0.0001207730587236,calm
2008-03-04,0.0001328301861509505,0.0002048538003299,calm
2008-03-05,0.00012573935994818168,0.0001618845338688,calm
2008-03-06,0.00012057365694731232,0.0001524832247095,calm
2008-03-07,0.00013958581363694456,0.000325887287972,calm
2008-03-10,0.00013764295131278521,0.0001493640906891,calm
2008-03-11,0.0001399515043743405,0.0005383950003458,calm
2008-03-12,0.00020634887530939205,0.0001161145293536,calm
2008-03-13,0.0001992644380501255,0.0004076938204742,calm
2008-03-14,0.0001876003433395542,0.0005684132100105,calm
2008-03-17,0.00019097756437505878,0.0004859960159006,calm
2008-03-18,0.00018571080159999947,0.000568591110936,calm
2008-03-19,0.00027397478463677576,0.0002587916874391,calm
2008-03-20,0.0002952821075723351,0.0001392717555806,calm
2008-03-24,0.00028836258135897806,0.0001126339769148,calm
2008-03-25,0.00029456124430152225,9.382816540429909e-05,calm
2008-03-26,0.00027694338934322485,0.0001106858901699,calm
2008-03-27,0.0002694209605715757,0.0001261013692703,calm
2008-03-28,0.00025385412666931005,8.816878296811261e-05,calm
2008-03-31,0.0002441648832814855,0.0001806108987809,calm
2008-04-01,0.00023024654222976953,7.77464379590084e-05,calm
2008-04-02,0.0002880767961051109,7.843588749501146e-05,calm
2008-04-03,0.00027081821089240264,7.346831122062449e-05,calm
2008-04-07,0.0002549393585242579,7.742652436952717e-05,calm
2008-04-08,0.0002396586815860943,5.058504802040169e-05,calm
2008-04-09,0.00022534191739390658,7.514509513991849e-05,calm
2008-04-10,0.0002149857138861112,0.0001402448487083,calm
2008-04-14,0.0002022038097684987,7.110641541918169e-05,calm
2008-04-15,0.0001907568890479546,0.0001002009778703,calm
2008-04-16,0.00017963705196599475,5.96107690343756e-05,calm
2008-04-17,0.00021173939129385942,0.0002640269567968,calm
2008-04-21,0.00019916298775987437,6.364165639209611e-05,calm
2008-04-22,0.0001872285350517229,6.366126208495815e-05,calm
2008-04-23,0.00017716301518546035,0.000118603020548,calm
2008-04-24,0.0001666861013973209,9.339080906554552e-05,calm
2008-04-28,0.00015781884869821338,3.299273781226963e-05,calm
2008-04-29,0.00014835248786851783,0.0001386805707432,calm
2008-04-30,0.00014038596370510948,6.733874462049714e-05,calm
2008-05-01,0.00013406089641879672,0.0001502776528744,calm
2008-05-05,0.00015116986336558293,7.201145636903768e-05,calm
2008-05-06,0.00014349179127087658,5.038039584607613e-05,calm
2008-05-07,0.0001393463708553226,7.382778538611801e-05,calm
2008-05-08,0.0001503632988228352,9.596045996769435e-05,calm
2008-05-12,0.00014174200462847134,2.742529710385096e-05,calm
2008-05-13,0.000140721732140103,4.139134962339751e-05,calm
2008-05-14,0.00013227964318520788,4.8432873078760696e-05,calm
2008-05-15,0.00012459804544186478,3.874281770428567e-05,calm
2008-05-19,0.00012638516737492297,6.557470260139372e-05,calm
2008-05-20,0.00011924924388272125,9.72393904507368e-05,calm
2008-05-21,0.00011607195158919436,4.450876526808516e-05,calm
2008-05-22,0.0001265685139651265,6.268106282164471e-05,calm
2008-05-27,0.00011897563505590103,5.5619907204021457e-05,calm
2008-05-28,0.00011510792256502758,4.55012731383955e-05,calm
2008-05-29,0.00010947379918902369,3.882712073292723e-05,calm
2008-06-02,0.00010441289259202071,7.661762837330231e-05,calm
2008-06-03,0.00010461918760038447,0.0001054345942353,calm
2008-06-04,0.00010039439372471231,7.18426902321329e-05,calm
2008-06-05,9.43861522399589e-05,0.0001734827840193,calm
2008-06-09,0.00011224478046352751,0.0001347287563795,calm
2008-06-10,0.00010586101152003457,0.000106296465573,calm
2008-06-11,0.00010100316742581545,0.0001204689605372,calm
2008-06-12,0.00010812389711094798,0.0001237579434158,calm
2008-06-16,0.00010250304720216613,8.037809041307721e-05,calm
2008-06-17,9.637356867818915e-05,0.0001141563056272,calm
2008-06-18,9.200625296918468e-05,7.452010613187197e-05,calm
2008-06-19,9.222998521919178e-05,0.0001373943716104,calm
2008-06-23,8.679227241263602e-05,9.179932226530464e-05,calm
2008-06-24,8.164336609226642e-05,0.0001154336561536,calm
2008-06-25,7.697995373708438e-05,0.000133187910166,calm
2008-06-26,7.369491713790681e-05,0.000115807417823,calm
2008-06-30,0.00011476703394820401,0.0002322747774764,calm
2008-07-01,0.00010862545275362333,0.000141374866138,calm
2008-07-02,0.00010269222397741886,0.0001735390647574,calm
2008-07-07,0.00011445736344159074,0.0001576243434706,calm
2008-07-08,0.00011391273356349054,0.0001317425600974,calm
2008-07-09,0.00012566642601157506,0.0002851636883735,calm
2008-07-10,0.00014080759799433575,0.0005328702315315,calm
2008-07-14,0.00013335721847494947,0.0003223584094555,calm
2008-07-15,0.00013030805452054253,0.0002042541741384,calm
2008-07-16,0.0001345836565418357,0.0001786517823724,calm
2008-07-17,0.0001617954300178718,8.267270594014077e-05,calm
2008-07-21,0.0001580320444114062,0.0001158038237891,calm
2008-07-22,0.00014856863569543717,0.0001351957751882,calm
2008-07-23,0.0001472899559634574,9.510952551555592e-05,calm
2008-07-24,0.0001402008483186483,0.0001195328125213,calm
2008-07-28,0.00015817838452836813,9.511102881839604e-05,calm
2008-07-29,0.00016178092830168393,0.0001587964366992,calm
2008-07-30,0.00017885645368994325,0.0001248478585696,calm
2008-07-31,0.00018683903634984949,0.0001142599087338,calm
2008-08-04,0.00018626558288702602,7.579598616195178e-05,calm
2008-08-05,0.0001802983219904669,6.162242720630657e-05,calm
2008-08-06,0.00021195031615654688,0.0001299717501062,calm
2008-08-07,0.00020041118652785984,8.068130079962601e-05,calm
2008-08-11,0.00020189321987134617,8.195548826742887e-05,calm
2008-08-12,0.00019615083964699632,0.0001114405322149,calm
2008-08-13,0.00019094551170083075,8.849723318479628e-05,calm
2008-08-14,0.000181683766471438,7.673493976667798e-05,calm
2008-08-18,0.00017417224771633047,9.207334187939424e-05,calm
2008-08-19,0.00017509665872622422,0.0001073663229129,calm
2008-08-20,0.00017180364782713153,9.772980066163752e-05,calm
2008-08-21,0.0001627845930981427,8.560087103069072e-05,calm
2008-08-25,0.0001531956273286019,6.77467983064974e-05,calm
2008-08-26,0.00016920397681946674,5.948442657799379e-05,calm
2008-08-27,0.00015955937537237693,7.726561717649786e-05,calm
2008-08-28,0.0001556159302492918,5.619627712196335e-05,calm
2008-09-02,0.00015499811957767583,0.0001208977865695,gfc_2008
2008-09-03,0.00014802775376178588,0.0001449371194291,gfc_2008
2008-09-04,0.00013919044559710853,0.000168729503677,gfc_2008
2008-09-08,0.00018690626027069088,0.000216011967701,gfc_2008
2008-09-09,0.00020077275245242268,0.0001835110249294,gfc_2008
2008-09-10,0.0002432204996624721,0.0003794295748899,gfc_2008
2008-09-11,0.00022961121177824336,0.00020784055751,gfc_2008
2008-09-15,0.00022821486380749466,0.0012480213875124,gfc_2008
2008-09-16,0.000357141916344173,0.0009942958125928,gfc_2008
2008-09-17,0.0003522448848153561,0.0016335436240053,gfc_2008
2008-09-18,0.0004580996142212544,0.0012486070066553,gfc_2008
2008-09-22,0.0004819118187498754,0.0003966866942016,gfc_2008
2008-09-23,0.0004844606902656787,0.0002433164494566,gfc_2008
2008-09-24,0.000487172789835866,0.0002796623823909,gfc_2008
2008-09-25,0.0004585569180851666,0.0004227092734609,gfc_2008
2008-09-29,0.0004454927862180334,0.0006513352029965,gfc_2008
2008-09-30,0.0008182997426544422,0.0005162220626082,gfc_2008
2008-10-01,0.0008678901213312663,0.000440958108402,gfc_2008
2008-10-02,0.0008158385534378256,0.0010858227584173,gfc_2008
2008-10-06,0.0008488001979695616,0.0009077614039338,gfc_2008
2008-10-07,0.0009618411382795505,0.0024964538323861,gfc_2008
2008-10-08,0.001030099038531781,0.0017570304571719,gfc_2008
2008-10-09,0.0010073545303466607,0.0077477397402088,gfc_2008
2008-10-13,0.0012613983141780874,0.0027430316572223,gfc_2008
2008-10-14,0.0022885867666716793,0.0017195861262214,gfc_2008
2008-10-15,0.002164611501800072,0.0032684380137836,gfc_2008
2008-10-16,0.0026791751393113444,0.0018445033816526,gfc_2008
2008-10-20,0.00261836722321181,0.0007915843269183,gfc_2008
2008-10-21,0.002665505040444922,0.0014365861821341,gfc_2008
2008-10-22,0.002560696465464582,0.0031468753816831,gfc_2008
2008-10-23,0.002595168917876171,0.003535009822953,gfc_2008
2008-10-27,0.0024474182810928866,0.0019060505338531,gfc_2008
2008-10-28,0.0023789671197051946,0.0025355608759559,gfc_2008
2008-10-29,0.0029690695489770626,0.0025140581239344,gfc_2008
2008-10-30,0.002794104398206326,0.0013606155222735,gfc_2008
2008-10-31,0.0026958548281098425,0.0009398780984658,gfc_2008
2008-11-03,0.002535910977459999,0.0002490648273395,gfc_2008
2008-11-04,0.002384256571381464,0.0005622690797888,gfc_2008
2008-11-05,0.00230820484513201,0.0007408234731923,gfc_2008
2008-11-06,0.002280324687161143,0.0006716714472767,gfc_2008
2008-11-07,0.0023384832415850997,0.0007455725641402,gfc_2008
2008-11-10,0.0022614886158976743,0.0007969240457482,gfc_2008
2008-11-11,0.002136239896177413,0.0011311073203786,gfc_2008
2008-11-12,0.0020670808602579554,0.0006845590494661,gfc_2008
2008-11-13,0.002064549152717698,0.0029325603219555,gfc_2008
2008-11-14,0.002160101029152302,0.001793443414661,gfc_2008
2008-11-17,0.0021877513125014305,0.0015295679355714,gfc_2008
2008-11-18,0.0020672041341138177,0.0013028916956213,gfc_2008
2008-11-19,0.0019640676661088524,0.0011720659850308,gfc_2008
2008-11-20,0.002109362581282858,0.0025221087564937,gfc_2008
2008-11-21,0.00233976965519819,0.0030355209014932,gfc_2008
2008-11-24,0.0023650003290580273,0.0013822926071646,gfc_2008
2008-11-25,0.002492404941777565,0.001232863612222,gfc_2008
2008-11-26,0.002346130186721619,0.0007203460429063,gfc_2008
2008-11-28,0.0022916071698826554,0.0001363622249286,gfc_2008
2008-12-01,0.002163500568604216,0.0013580976460097,gfc_2008
2008-12-02,0.002549836614386651,0.0010915612935699,gfc_2008
2008-12-03,0.0024824083164758115,0.0011032317967674,gfc_2008
2008-12-04,0.002367327163506335,0.0008938486866037,gfc_2008
2008-12-05,0.002258155281676907,0.001129707851742,gfc_2008
2008-12-08,0.0021779936303140453,0.0007646202571022,gfc_2008
2008-12-09,0.002117979412881834,0.0007639126944479,gfc_2008
2008-12-10,0.002007475869692677,0.000567874732105,gfc_2008
2008-12-11,0.001889795623496663,0.0005726816453584,gfc_2008
2008-12-12,0.0018120603061016892,0.0010599588317204,gfc_2008
2008-12-15,0.0017117893456589143,0.0003530642889904,gfc_2008
2008-12-16,0.0016208960042408886,0.0006238713170253,gfc_2008
2008-12-17,0.00165055524874757,0.0005895980912585,gfc_2008
2008-12-18,0.0015572067000580016,0.0004171689001951,gfc_2008
2008-12-19,0.0014851164485666527,0.0004089836049581,gfc_2008
2008-12-22,0.001405228968107254,0.0002805994148285,gfc_2008
2008-12-23,0.0013308937898680246,0.0002468020531993,gfc_2008
2008-12-24,0.0012575190749264055,3.4008738014772853e-05,gfc_2008
2008-12-26,0.0011840768642758304,4.6095744861960446e-05,gfc_2008
2008-12-29,0.0011150181375238172,0.0001217542046205,gfc_2008
2008-12-30,0.001048612093454663,0.0001441860731745,gfc_2008
2008-12-31,0.0010186223126745094,0.0001447787226511,gfc_2008
2009-01-02,0.0009695582874321121,0.000149140028498,gfc_2008
2009-01-05,0.000964297785263559,0.0002174113802252,gfc_2008
2009-01-06,0.0009065240311970959,0.0002600968163487,gfc_2008
2009-01-07,0.0008547901471619657,0.0002242370720936,gfc_2008
2009-01-08,0.0008590034979730602,0.0002371556755745,gfc_2008
2009-01-09,0.000808458383418949,0.0003026311119399,gfc_2008
2009-01-12,0.0007880792364824994,0.0002051480180101,gfc_2008
2009-01-13,0.0007762642743469363,0.0003402144929216,gfc_2008
2009-01-14,0.0007298912204240979,0.0004987188312523,gfc_2008
2009-01-15,0.0007473833768527734,0.0006066606821285,gfc_2008
2009-01-16,0.0007025479570117926,0.0006753003837148,gfc_2008
2009-01-20,0.0006640356034700434,0.0006905494104681,gfc_2008
2009-01-21,0.000800650250316676,0.0007177948776804,gfc_2008
2009-01-22,0.0008598951888143711,0.0010857908540684,gfc_2008
2009-01-23,0.000822880401224974,0.0010922615855154,gfc_2008
2009-01-26,0.0007746382468530564,0.0004941800273701,gfc_2008
2009-01-27,0.000730962956879824,0.0003656651499328,gfc_2008
2009-01-28,0.0006932336388223311,0.0005864062549884,gfc_2008
2009-01-29,0.0007180706270758242,0.0002438117248325,gfc_2008
2009-01-30,0.0007404759301326504,0.00032275946709,gfc_2008
2009-02-02,0.0007213923672519727,0.0004042589863763,gfc_2008
2009-02-03,0.0006786570622617836,0.0002718084008969,gfc_2008
2009-02-04,0.0006496124367259637,0.0002679717742707,gfc_2008
2009-02-05,0.000612081048255447,0.0004407242898541,gfc_2008
2009-02-06,0.0005884470251464015,0.0002534512295283,gfc_2008
2009-02-09,0.0006005122703558717,0.0002358063745176,gfc_2008
2009-02-10,0.0005645955698160649,0.0006703590579252,gfc_2008
2009-02-11,0.0006626504444157708,0.0003317216326709,gfc_2008
2009-02-12,0.0006249647973357621,0.0007275339396561,gfc_2008
2009-02-13,0.0005874977985550509,0.0003180887347344,gfc_2008
2009-02-17,0.000559267252157591,0.0008497744289254,gfc_2008
2009-02-18,0.0006403769093046236,0.000473195296813,gfc_2008
2009-02-19,0.000602300268046709,0.0003966607909407,gfc_2008
2009-02-20,0.0005731783503024073,0.0006781633379464,gfc_2008
2009-02-23,0.0005445133494023376,0.00037795840299,gfc_2008
2009-02-24,0.0005914912528272158,0.0005604966611073,gfc_2008
2009-02-25,0.000639073865219254,0.000601876558121,gfc_2008
2009-02-26,0.0006044779806555597,0.0005539449130314,gfc_2008
2009-02-27,0.0005843368357038651,0.0008733848614691,gfc_2008
2009-03-02,0.0005799280053413027,0.0005627640432973,gfc_2008
2009-03-03,0.0006725817618896526,0.0006736851598661,gfc_2008
2009-03-04,0.0006356337776747016,0.0004972662118514,gfc_2008
2009-03-05,0.0006303897394008588,0.0007362876334988,gfc_2008
2009-03-06,0.0006969264162587835,0.0008559497339762,gfc_2008
2009-03-09,0.0006552930296896794,0.0005679893996431,gfc_2008
2009-03-10,0.0006243614983507981,0.0007452817580431,gfc_2008
2009-03-11,0.0007880469618359142,0.0004961879430199,gfc_2008
2009-03-12,0.0007432923659215214,0.0003063795793315,gfc_2008
2009-03-13,0.0007881708626121715,0.0003598606433598,gfc_2008
2009-03-16,0.0007445161864100604,0.000346216953716,gfc_2008
2009-03-17,0.0007003950725957367,0.0003658502411083,gfc_2008
2009-03-18,0.0007128198474296271,0.0008131967724848,gfc_2008
2009-03-19,0.0006994545018995665,0.0004257817487773,gfc_2008
2009-03-20,0.0006668070446828055,0.000296997574115,gfc_2008
2009-03-23,0.0006760687229496189,0.0006230333354423,gfc_2008
2009-03-24,0.0009242075309597475,0.0003132322661054,gfc_2008
2009-03-25,0.0008925155972784653,0.0005687068405897,gfc_2008
2009-03-26,0.0008455679070869224,0.0005283050757383,gfc_2008
2009-03-27,0.0008192574649513406,0.0003152795715245,gfc_2008
2009-03-30,0.0007900053173931601,0.0003091817321521,gfc_2008
2009-03-31,0.0008168026451658993,0.000488213412347,gfc_2008
2009-04-01,0.0007728976718986246,0.0005842275953305,calm
2009-04-02,0.0007485986205481203,0.0002361907762231,calm
2009-04-06,0.0007535126085196376,0.0005411620631984,calm
2009-04-07,0.0007120121942232865,0.0002296796540618,calm
2009-04-08,0.0007027137744306462,0.0004912423552958,calm
2009-04-13,0.0006674460657409369,0.000263752683541,calm
2009-04-14,0.0006274025618126876,0.0001669111767647,calm
2009-04-15,0.0006079111194161288,0.0001881813813775,calm
2009-04-16,0.0005781950126375443,0.0001401178890184,calm
2009-04-20,0.000556216460172776,0.0002047263323735,calm
2009-04-21,0.0006328530033810482,0.0003045004045488,calm
2009-04-22,0.0006173446203312293,0.0002557694895023,calm
2009-04-23,0.0005825600691369112,0.0002104872113776,calm
2009-04-27,0.0005533336122893553,0.0001994549976249,calm
2009-04-28,0.0005255570381572561,0.0002493910821672,calm
2009-04-29,0.0004946190810865956,0.0002646752373586,calm
2009-04-30,0.0004915182402588689,0.0001513485472837,calm
2009-05-04,0.0004620342136698779,0.0001207437861515,calm
2009-05-05,0.0005014619628243636,0.0003163557178803,calm
2009-05-06,0.00047207475564208206,0.0003618515023594,calm
2009-05-07,0.00046147204151630097,0.0003215361957073,calm
2009-05-11,0.00044552572611545975,0.0001884915030222,calm
2009-05-12,0.0004402065530524274,0.000357586886238,calm
2009-05-13,0.00041432112780978635,0.0001644963173798,calm
2009-05-14,0.0004284628070205679,0.0001322873018351,calm
2009-05-18,0.0004071244280169067,0.0001403786686307,calm
2009-05-19,0.00042977465208655956,0.0002798612554859,calm
2009-05-20,0.000404075508292756,0.0002278677732319,calm
2009-05-21,0.00038253805010973703,0.0001253937101002,calm
2009-05-26,0.00037214382003070953,0.0001875232184257,calm
2009-05-27,0.0003881896151486611,0.0003065997550998,calm
2009-05-28,0.00038436973619036395,0.0002099568280739,calm
2009-06-01,0.00037280649078295263,0.0001352605191585,calm
2009-06-02,0.00038476798484843907,0.0001469834761426,calm
2009-06-03,0.0003617246269026607,8.01792630269607e-05,calm
2009-06-04,0.000349747737942616,0.0002266565785039,calm
2009-06-08,0.00033401135040578707,9.526008681676342e-05,calm
2009-06-09,0.00031499573218097523,0.0001788265909649,calm
2009-06-10,0.00029764724563706007,0.0001427182958237,calm
2009-06-11,0.0002801752399112893,9.673849360857287e-05,calm
2009-06-15,0.00026454714990910066,0.0001081586418713,calm
2009-06-16,0.00028095480103755457,0.0001553503040355,calm
2009-06-17,0.0002752863839433831,9.226448858699006e-05,calm
2009-06-18,0.00025882712476073776,9.198485963891224e-05,calm
2009-06-22,0.00024648766172421046,0.000159686736511,calm
2009-06-23,0.0002873151703067456,0.0001388395013843,calm
2009-06-24,0.00027011311495093375,0.0001311179884326,calm
2009-06-25,0.00025832426089471283,9.899354257831976e-05,calm
2009-06-29,0.0002706001666202823,9.73607888238758e-05,calm
2009-06-30,0.00025957651235508677,8.455214274194966e-05,calm
2009-07-01,0.0002479614179901395,0.0002768816203149,calm
2009-07-06,0.00023410428323624873,9.859534150625553e-05,calm
2009-07-07,0.0002200587693860343,0.000172253468878,calm
2009-07-08,0.00022982643950164643,0.0001380191574929,calm
2009-07-09,0.00021606472442021695,0.0001313224983931,calm
2009-07-13,0.00020332431963571563,6.301907511119584e-05,calm
2009-07-14,0.0002257943651771984,0.0001054407346034,calm
2009-07-15,0.00021415828631588622,6.722301560236572e-05,calm
2009-07-16,0.000251167594684817,6.230347088411907e-05,calm
2009-07-20,0.00023625301049340615,0.0001045337570372,calm
2009-07-21,0.00022877824449914628,8.932190532892468e-05,calm
2009-07-22,0.0002163292283189611,0.0001205333363928,calm
2009-07-23,0.00020335210194089064,8.088390854181997e-05,calm
2009-07-27,0.00021977638507114473,0.0001241470205713,calm
2009-07-28,0.00020711302088334272,0.0001309561310619,calm
2009-07-29,0.00019600495693827076,0.0002197716120891,calm
2009-07-30,0.0001846061985650645,8.937142536747645e-05,calm
2009-08-03,0.00018000852042624165,7.064742377830264e-05,calm
2009-08-04,0.00018527045848107853,9.746229764549066e-05,calm
2009-08-05,0.00017455522987204505,8.711237641042903e-05,calm
2009-08-06,0.00016458093888778406,0.0001501275811035,calm
2009-08-10,0.00015632366008321613,7.236329139451642e-05,calm
2009-08-11,0.00014720313748805156,9.918846989004515e-05,calm
2009-08-12,0.0001478284993811507,0.0001027748837326,calm
2009-08-13,0.00014579205117715843,7.615641069007182e-05,calm
2009-08-17,0.00014051909615593814,5.031804544170348e-05,calm
2009-08-18,0.00016932868079628686,0.000103997760002,calm
2009-08-19,0.00016291618121784833,3.061599830155256e-05,calm
2009-08-20,0.00015772615055177345,9.464427561901036e-05,calm
2009-08-24,0.0001545680340492521,0.0001004696497485,calm
2009-08-25,0.00014529451819021954,8.510076015581672e-05,calm
2009-08-26,0.0001368028172658678,6.73114977400487e-05,calm
2009-08-27,0.00012859521136063232,9.21429148870638e-05,calm
2009-08-31,0.00012117703874308679,0.0001377196295504,calm
2009-09-01,0.00011870078502003164,9.74880958318586e-05,calm
2009-09-02,0.00014142767629099316,6.27451547384748e-05,calm
2009-09-03,0.00013380823205098118,5.586774880490471e-05,calm
2009-09-08,0.0001298938445317458,4.95268246476248e-05,calm
2009-09-09,0.00012652282767979035,4.783327021488652e-05,calm
2009-09-10,0.00012243829645677622,6.308903312484026e-05,calm
2009-09-14,0.00012129401639722854,6.459774078119855e-05,calm
2009-09-15,0.00011543122928053075,5.822266204572064e-05,calm
2009-09-16,0.00010954901245704069,7.553754167097402e-05,calm
2009-09-17,0.0001165137565480857,4.896517301396784e-05,calm
2009-09-21,0.00010965648494465531,4.817151832306957e-05,calm
2009-09-22,0.00010346213138607522,9.378144632656154e-05,calm
2009-09-23,9.927799945422711e-05,0.0001131480531676,calm
2009-09-24,9.750171740481132e-05,9.956983020164226e-05,calm
2009-09-28,9.901781903408551e-05,9.17686777796398e-05,calm
2009-09-29,0.00011196975077689002,0.00015227257071,calm
2009-09-30,0.00010579673230171756,0.0001155347401878,calm
2009-10-01,0.00010035007930009163,0.0001684368553984,calm
2009-10-05,0.00013220784502666514,0.0001249687063013,calm
2009-10-06,0.0001374496623176706,6.514092378202485e-05,calm
2009-10-07,0.00014133962247693722,6.050215337394551e-05,calm
2009-10-08,0.00013331127840164028,2.515330340538024e-05,calm
2009-10-12,0.00012880266206433515,6.0049242952248936e-05,calm
2009-10-13,0.00012199087609508842,8.927663173250363e-05,calm
2009-10-14,0.00011492239213601212,3.421622173907598e-05,calm
2009-10-15,0.00012550846949442232,0.0001152383612528,calm
2009-10-19,0.0001187784735477674,6.833972383732307e-05,calm
2009-10-20,0.00011571698936749405,0.0001035304411275,calm
2009-10-21,0.0001104573562421052,7.214725316841765e-05,calm
2009-10-22,0.00010870504933473906,0.0001362068968081,calm
2009-10-26,0.00010831817188471352,0.0001826774828523,calm
2009-10-27,0.00010892718337522329,0.0001751504764953,calm
2009-10-28,0.00010365777710612525,0.00013350484281,calm
2009-10-29,0.00011925367502375821,9.38399691114565e-05,calm
2009-10-30,0.00013913350436448973,0.0002562313013973,calm
2009-11-02,0.00018265177909668147,0.0003075216130334,calm
2009-11-03,0.00017490056135435425,0.0001854301635108,calm
2009-11-04,0.0001650050450618148,0.0001780847638665,calm
2009-11-05,0.00015550309731511387,0.0001032630241453,calm
2009-11-06,0.00016610813853074627,0.000106992172143,calm
2009-11-09,0.00015655258950712333,5.176448719093359e-05,calm
2009-11-10,0.00017759004445391357,4.443475476821595e-05,calm
2009-11-11,0.00016693663982063922,7.264664043943862e-05,calm
2009-11-12,0.00015847920049248367,8.133904703969237e-05,calm
2009-11-13,0.0001552373826064458,5.8188834050183227e-05,calm
2009-11-16,0.00014767066805760614,0.0001053441258625,calm
2009-11-17,0.00015125277607958492,5.432936236183187e-05,calm
2009-11-18,0.00014225949831620288,4.760144798943937e-05,calm
2009-11-19,0.00013374765931955084,0.0001005945811833,calm
2009-11-20,0.00013604612682146941,4.296430249120992e-05,calm
2009-11-23,0.00012864274210360206,0.0001114144875062,calm
2009-11-24,0.00013048334699010674,4.319176335879371e-05,calm
2009-11-25,0.00012279531972998482,1.836067092816696e-05,calm
2009-11-27,0.00011616582361761019,0.0003704642336434,calm
2009-11-30,0.00012530228048927697,5.839664322800542e-05,calm
2009-12-01,0.0001184660321065644,9.833885889615512e-05,calm
2009-12-02,0.00012042735556121067,4.574154724287509e-05,calm
2009-12-03,0.00011321382994309315,7.13165075604894e-05,calm
2009-12-04,0.00011011928082378752,0.0002256214998905,calm
2009-12-07,0.00010545562788586461,4.491975392413894e-05,calm
2009-12-08,9.926922558907379e-05,0.0001129650036139,calm
2009-12-09,0.0001007845628627413,5.9572724371194346e-05,calm
2009-12-10,9.557383944879085e-05,5.075687021303264e-05,calm
2009-12-11,9.17341661779978e-05,3.531615704439688e-05,calm
2009-12-14,8.730827631111297e-05,2.9076898584817504e-05,calm
2009-12-15,8.485790572963661e-05,4.149493421850799e-05,calm
2009-12-16,8.106887947947295e-05,4.884325325772532e-05,calm
2009-12-17,7.634438248265106e-05,5.546077553157581e-05,calm
2009-12-18,8.053166152194228e-05,3.4219564029801446e-05,calm
2009-12-21,7.570420849801488e-05,6.48278377889687e-05,calm
2009-12-22,7.72960794210256e-05,2.227664693798016e-05,calm
2009-12-23,7.34300920485368e-05,1.5857745015266226e-05,calm
2009-12-24,6.925644111387229e-05,1.2616215072563064e-05,calm
2009-12-28,6.643953893749411e-05,1.230179170752584e-05,calm
2009-12-29,6.272574380540569e-05,1.185525399184569e-05,calm
2009-12-30,5.9083266227867446e-05,2.549741405209729e-05,calm
2009-12-31,5.55458503958761e-05,1.948338372339549e-05,calm
2010-01-04,5.779420070884809e-05,7.068736777339511e-05,calm
2010-01-05,7.129641156194508e-05,2.988740492563263e-05,calm
2010-01-06,6.743794376321493e-05,1.98787078920003e-05,calm
2010-01-07,6.342138786482617e-05,2.860249093397633e-05,calm
2010-01-08,6.0680768225004236e-05,2.624910224911006e-05,calm
2010-01-11,5.7702158110267626e-05,3.219193365888912e-05,calm
2010-01-12,5.435688787701088e-05,5.004569241192964e-05,calm
2010-01-13,5.636329195694509e-05,3.803424930931966e-05,calm
2010-01-14,5.722595250987441e-05,2.125270100306969e-05,calm
2010-01-15,5.423009250149504e-05,3.204363553486456e-05,calm
2010-01-19,5.8621015089904275e-05,2.114940102243762e-05,calm
2010-01-20,6.435639396767836e-05,8.36925972747077e-05,calm
2010-01-21,6.67627057376077e-05,0.0001566715886534,calm
2010-01-22,8.537670651447632e-05,0.0001283008300437,calm
2010-01-25,0.00011074816346797215,0.0001335139390911,calm
2010-01-26,0.00010567282857952783,9.061582557160348e-05,calm
2010-01-27,0.00010039054496995017,0.0001024423986642,calm
2010-01-28,9.571851061945759e-05,0.0001786179918677,calm
2010-01-29,9.796376989568988e-05,0.0001424163032802,calm
2010-02-01,9.925129505808689e-05,0.0001125996133066,calm
2010-02-02,0.00010758335730771302,5.040282731387674e-05,calm
2010-02-03,0.00010981271572569086,5.905175506604261e-05,calm
2010-02-04,0.00010472107455802039,0.0002072346817412,calm
2010-02-05,0.00015741567539887674,0.0002513179860859,calm
2010-02-08,0.00014822653149820845,0.0001018094090198,calm
2010-02-09,0.00014248271133451886,0.0002620930832431,calm
2010-02-10,0.0001432817622619735,8.637748021217847e-05,calm
2010-02-11,0.0001349154705606318,0.0001113683592149,calm
2010-02-12,0.00013332496898237506,0.0001830830701244,calm
2010-02-16,0.000125367068621096,6.119549606714789e-05,calm
2010-02-17,0.0001324698192541707,5.570793771724187e-05,calm
2010-02-18,0.0001258624835725967,3.402546829758041e-05,calm
2010-02-19,0.00012038369032979881,4.74652374082121e-05,calm
2010-02-22,0.00011341815248027743,3.750129115142184e-05,calm
2010-02-23,0.00010661500680140596,8.573633466180725e-05,calm
2010-02-24,0.00010917643267869154,7.986280005734714e-05,calm
2010-02-25,0.00010765543892902019,0.0001695492132265,calm
2010-02-26,0.00010130618906239594,4.16890297551311e-05,calm
2010-03-01,9.525180655135087e-05,4.084589273897984e-05,calm
2010-03-02,9.594065562095776e-05,4.2875723877956856e-05,calm
2010-03-03,9.064350249141655e-05,2.7949133572135374e-05,calm
2010-03-04,8.525251697266696e-05,3.334333193357057e-05,calm
2010-03-05,8.068567699479141e-05,3.1488752703933044e-05,calm
2010-03-08,8.792955138180373e-05,1.913031685708334e-05,calm
2010-03-09,8.26556160090506e-05,2.810313703268561e-05,calm
2010-03-10,7.786188790580463e-05,4.308591480119331e-05,calm
2010-03-11,7.437609697469362e-05,2.8618373409762315e-05,calm
2010-03-12,7.095500149064078e-05,2.517416291426621e-05,calm
2010-03-15,6.669815171090579e-05,3.291166683558905e-05,calm
2010-03-16,6.27003119319077e-05,2.996776904042681e-05,calm
2010-03-17,6.271571451427687e-05,3.3234780667740075e-05,calm
2010-03-18,6.104830435565175e-05,2.1402974839504543e-05,calm
2010-03-19,5.740116504120757e-05,3.6605281654255575e-05,calm
2010-03-22,5.901808569653928e-05,3.826204059907456e-05,calm
2010-03-23,5.718276795243566e-05,2.800487636891121e-05,calm
2010-03-24,5.669906252269415e-05,3.511155048611599e-05,calm
2010-03-25,5.471818601594603e-05,7.243773735665944e-05,calm
2010-03-26,5.159400746315813e-05,4.548500141397002e-05,calm
2010-03-29,4.85199859716858e-05,3.161422727099561e-05,calm
2010-03-30,4.801101701314974e-05,4.354426391947145e-05,calm
2010-03-31,4.5158237158351744e-05,6.699472463573251e-05,calm
2010-04-05,4.3147651168538794e-05,1.9197021938540542e-05,calm
2010-04-06,4.451132055686824e-05,3.939276356660053e-05,calm
2010-04-07,4.217337764211078e-05,3.589980737961399e-05,calm
2010-04-08,4.161208688731302e-05,2.66666832338621e-05,calm
2010-04-12,3.983282288032564e-05,2.235893794294285e-05,calm
2010-04-13,3.75941559037192e-05,2.3365974635196057e-05,calm
2010-04-14,3.53723808022879e-05,1.7304472624483226e-05,calm
2010-04-15,4.0891782002091654e-05,0.0001480673819996,calm
2010-04-19,3.847909256101386e-05,3.401201741513299e-05,calm
2010-04-20,3.7019953853454195e-05,3.469550958505275e-05,calm
2010-04-21,3.9541921224243515e-05,0.0001023593852032,calm
2010-04-22,3.736849776935159e-05,5.408670184732478e-05,calm
2010-04-26,3.565888656985213e-05,0.0001391807960635,calm
2010-04-27,3.437825209905858e-05,0.0001009229601227,calm
2010-04-28,6.668781001153009e-05,6.351728507024934e-05,calm
2010-04-29,6.612252977011074e-05,9.441092701815295e-05,calm
2010-05-03,7.126389060581388e-05,0.0002178918197388,calm
2010-05-04,7.693954760117493e-05,0.0001784551398083,calm
2010-05-05,0.00010629714728213086,0.0016450509991498,calm
2010-05-06,0.00010206079478680029,0.0008216748581765,calm
2010-05-10,0.00016439256123326155,0.0001544952876977,calm
2010-05-11,0.0002659791879347203,8.257123295340683e-05,calm
2010-05-12,0.00025050606718287125,8.314734358641863e-05,calm
2010-05-13,0.000247050079694939,0.0002398723190368,calm
2010-05-17,0.00024161516404629517,0.0002390324823173,calm
2010-05-18,0.00022713489670057765,0.0003293830329564,calm
2010-05-19,0.00022476126279481336,0.0006131682182779,calm
2010-05-20,0.00021323198169907655,0.0004829901789545,calm
2010-05-24,0.00028933081407324303,0.0005695041555029,calm
2010-05-25,0.00028197745261499766,0.0002625412852905,calm
2010-05-26,0.0002651213207198641,0.0002708111733455,calm
2010-05-27,0.00025140788743329437,0.0002352691891069,calm
2010-06-01,0.000301463096718513,0.0001027041322987,calm
2010-06-02,0.0003006476234156874,0.0001301089568407,calm
2010-06-03,0.00032225674718547244,0.0003345357703125,calm
2010-06-07,0.00030363064448621645,0.0002731967242374,calm
2010-06-08,0.0002948314023009387,0.0001696044057772,calm
2010-06-09,0.0002839532541801497,0.0003809845670213,calm
2010-06-10,0.00026864010982327244,0.0001085882021436,calm
2010-06-14,0.00030233092256324955,7.053243338052172e-05,calm
2010-06-15,0.00028433543104764455,7.683840501296567e-05,calm
2010-06-16,0.00029760437531118874,7.72015846224818e-05,calm
2010-06-17,0.0002797557689383942,3.644460954820722e-05,calm
2010-06-21,0.00026312525960813947,0.0001114810330381,calm
2010-06-22,0.00024783132235755743,0.0001450143942397,calm
2010-06-23,0.00024960180935263733,0.0001470606301471,calm
2010-06-24,0.00023520521724639646,0.0001363516993369,calm
2010-06-28,0.00023784517549901475,0.0003406883910643,calm
2010-06-29,0.00022417244754294782,0.0001142722070901,calm
2010-06-30,0.0002697357822684032,0.0002646503594157,calm
2010-07-01,0.000259018561589797,0.0001898931857776,calm
2010-07-06,0.0002446743992434088,0.0001064831715259,calm
2010-07-07,0.00023255586489869754,0.0001160487167214,calm
2010-07-08,0.00027630052202422706,5.634144179791233e-05,calm
2010-07-12,0.00026554003671824984,0.0001263123346375,calm
2010-07-13,0.0002496328423929676,7.595674883535913e-05,calm
2010-07-14,0.0002481112541532078,0.0001041970405058,calm
2010-07-15,0.00023322507811011445,0.0001265807341625,calm
2010-07-19,0.00021923606317525725,0.0001362096739849,calm
2010-07-20,0.00020816287247414026,0.000120983702921,calm
2010-07-21,0.00020297328086897674,0.0002133663688357,calm
2010-07-22,0.00020106482730884403,0.000104734610103,calm
2010-07-26,0.00021824286211056393,6.796090598956642e-05,calm
2010-07-27,0.00021159030216946873,5.564435760020433e-05,calm
2010-07-28,0.00019889536564975563,0.0001209961094256,calm
2010-07-29,0.00018947751993779718,0.0001575562563883,calm
2010-08-02,0.00017954021892675547,4.6619221502654674e-05,calm
2010-08-03,0.00019868503566166615,4.554763715711265e-05,calm
2010-08-04,0.0001881465892721774,5.84493283723643e-05,calm
2010-08-05,0.00017951998220603282,8.029754472901265e-05,calm
2010-08-09,0.00016881655817450436,8.450421065232986e-05,calm
2010-08-10,0.00016038848060770942,0.0003334287607734,calm
2010-08-11,0.0001525234261650175,7.691677858028775e-05,calm
2010-08-12,0.0001897075263988414,4.656433601024232e-05,calm
2010-08-16,0.0001805935658211064,7.708901771610647e-05,calm
2010-08-17,0.00016977074200743347,6.129882090094024e-05,calm
2010-08-18,0.0001685300342736024,0.0001526646997419,calm
2010-08-19,0.00015861771127141094,7.209500977174749e-05,calm
2010-08-23,0.0001675807686343649,0.0001534080077357,calm
2010-08-24,0.00015840153070588957,0.0001008089155348,calm
2010-08-25,0.0001623156018982693,0.0001039563266057,calm
2010-08-26,0.0001534788396996372,0.0001315478387889,calm
2010-08-30,0.00014698320823727456,0.000179817494708,calm
2010-08-31,0.0001509734702721199,0.000333374295846,calm
2010-09-01,0.00014191506205579271,2.873177357752417e-05,calm
2010-09-02,0.00018551988648909164,0.0001024847850497,calm
2010-09-07,0.0001795436854262683,5.610609193887398e-05,calm
2010-09-08,0.00017648196694281985,9.837784178919752e-05,calm
2010-09-09,0.00016883176953681641,2.1075960190924266e-05,calm
2010-09-13,0.0001599761384749931,4.530657847074665e-05,calm
2010-09-14,0.00015771917049375663,4.656387674000498e-05,calm
2010-09-15,0.00014827917348117362,2.786791210008495e-05,calm
2010-09-16,0.0001402533289946934,4.055569618258074e-05,calm
2010-09-20,0.00013184235304219798,5.890196376960317e-05,calm
2010-09-21,0.0001377478139557833,5.266978706769611e-05,calm
2010-09-22,0.0001297267586734365,6.971976298132874e-05,calm
2010-09-23,0.00012339866643175132,7.759608483250108e-05,calm
2010-09-27,0.00011997472394952633,6.424317958229683e-05,calm
2010-09-28,0.00011415958663930724,6.621375019421057e-05,calm
2010-09-29,0.00010804265390078207,0.0001293664143013,calm
2010-09-30,0.00010174292842421459,9.293591919354096e-05,calm
2010-10-04,9.616927066412625e-05,8.935419993238045e-05,calm
2010-10-05,9.380298309772633e-05,3.364206397674888e-05,calm
2010-10-06,0.00011201166464093137,4.811795521191461e-05,calm
2010-10-07,0.000105291410581677,3.4357813074642455e-05,calm
2010-10-11,9.906138146830445e-05,6.276105779161353e-05,calm
2010-10-12,9.31711035460933e-05,4.516517291893915e-05,calm
2010-10-13,8.81505418266739e-05,5.443168592814773e-05,calm
2010-10-14,8.646246374506463e-05,6.259272485638092e-05,calm
2010-10-18,8.21913313746106e-05,0.0001569858857912,calm
2010-10-19,7.870969571422232e-05,7.386821583373895e-05,calm
2010-10-20,8.442738984707172e-05,7.915355732699723e-05,calm
2010-10-21,8.502898219089335e-05,2.072557849784033e-05,calm
2010-10-25,8.021852679123717e-05,5.239725198639486e-05,calm
2010-10-26,7.592861101182723e-05,5.648894607044677e-05,calm
2010-10-27,7.13745981650738e-05,5.387194599585441e-05,calm
2010-10-28,6.758565585117849e-05,3.171246273248196e-05,calm
2010-11-01,6.353222953708614e-05,5.842413496681075e-05,calm
2010-11-02,5.9727131435633156e-05,3.744976257631298e-05,calm
2010-11-03,5.988736533473285e-05,8.48525142339043e-05,calm
2010-11-04,5.7258765715909996e-05,0.0001256842833155,calm
2010-11-05,7.565452744063027e-05,3.397794235146061e-05,calm
2010-11-08,7.196144001901318e-05,2.5240456164031623e-05,calm
2010-11-09,6.785490965089514e-05,4.558578933240107e-05,calm
2010-11-10,6.690280690103276e-05,4.454518375378935e-05,calm
2010-11-11,6.385882244502487e-05,6.78796179677886e-05,calm
2010-11-12,6.088210901786542e-05,6.99486700956283e-05,calm
2010-11-15,6.573844080925566e-05,4.136299394388509e-05,calm
2010-11-16,6.191431801548736e-05,0.0001236250491407,calm
2010-11-17,7.299268775547008e-05,3.943440167935548e-05,calm
2010-11-18,6.862858817947464e-05,7.898437635045831e-05,calm
2010-11-19,7.731982320552616e-05,2.7699991260113743e-05,calm
2010-11-22,7.313344557018781e-05,7.805730475828755e-05,calm
2010-11-23,6.878693807178671e-05,0.0001037487334812,calm
2010-11-24,7.741944914468714e-05,6.885628415777307e-05,calm
2010-11-26,8.567993724285057e-05,3.5839018429340174e-05,calm
2010-11-29,8.877440753263671e-05,0.000147615171755,calm
2010-11-30,8.399724413615965e-05,8.381509251465771e-05,calm
2010-12-01,8.086504334838489e-05,0.0001370109243955,calm
2010-12-02,0.00010258578761631346,2.3478865106685417e-05,calm
2010-12-03,0.00010614996764561601,2.630178819850844e-05,calm
2010-12-06,0.00010021479840954247,1.5431645713917338e-05,calm
2010-12-07,9.426912239895856e-05,8.070089914649838e-05,calm
2010-12-08,8.863247270125439e-05,2.935592194189477e-05,calm
2010-12-09,8.411689090525046e-05,3.1126837107681655e-05,calm
2010-12-10,7.997595699042529e-05,1.1573674809889885e-05,calm
2010-12-13,7.719640087058405e-05,2.251144233110128e-05,calm
2010-12-14,7.258937906641861e-05,1.9135108394929147e-05,calm
2010-12-15,6.828076839494498e-05,2.4317835617715536e-05,calm
2010-12-16,6.544390912630175e-05,3.313147269761218e-05,calm
2010-12-17,6.352525998147199e-05,1.2540457935085072e-05,calm
2010-12-20,6.0759418559329766e-05,1.3444350721688417e-05,calm
2010-12-21,5.746250460978984e-05,4.54917361685298e-06,calm
2010-12-22,5.641151162102629e-05,5.519192692834588e-06,calm
2010-12-23,5.3605455351206833e-05,7.499532130661632e-06,calm
2010-12-27,5.051218222938581e-05,1.0976522845843512e-05,calm
2010-12-28,4.749095717138246e-05,5.3661630068368535e-06,calm
2010-12-29,4.4764456089801106e-05,6.686521300306311e-06,calm
2010-12-30,4.210925930487931e-05,9.20350438401316e-06,calm
2010-12-31,3.9734303610446296e-05,9.540706450760627e-06,calm
2011-01-03,3.735366082897047e-05,8.520594578118925e-05,calm
2011-01-04,4.1459221875700346e-05,1.9746213903518687e-05,calm
2011-01-05,3.898989213564676e-05,1.926094106259105e-05,calm
2011-01-06,3.8263039734899266e-05,2.554804289454808e-05,calm
2011-01-07,3.619788374006654e-05,4.789758807208127e-05,calm
2011-01-10,3.425754408272867e-05,5.245078985023271e-05,calm
2011-01-11,3.2297229013722204e-05,3.0467609162303684e-05,calm
2011-01-12,3.111026209703935e-05,3.061209556625264e-05,calm
2011-01-13,3.4086485588706674e-05,1.806498927435455e-05,calm
2011-01-14,3.220161381608642e-05,1.6708129923932852e-05,calm
2011-01-18,3.339603267658763e-05,1.5240125102217514e-05,calm
2011-01-19,3.156567744322288e-05,2.381856481755449e-05,calm
2011-01-20,3.5497648206782144e-05,5.550722566759392e-05,calm
2011-01-21,3.3473349701686475e-05,3.756513596401425e-05,calm
2011-01-24,3.177183827080291e-05,1.531635445315959e-05,calm
2011-01-25,3.1794913834384155e-05,3.79237962656442e-05,calm
2011-01-26,2.9904845295595005e-05,3.28900093254664e-05,calm
2011-01-27,2.90061040056645e-05,2.017380181032832e-05,calm
2011-01-28,2.7630257797996087e-05,6.31841483895345e-05,calm
2011-01-31,4.459436380518631e-05,3.700817765223655e-05,calm
2011-02-01,4.5283151478855995e-05,4.716407584131788e-05,calm
2011-02-02,5.770046593704711e-05,2.0577533644786858e-05,calm
2011-02-03,5.445824693849756e-05,3.643164006841747e-05,calm
2011-02-04,5.148642288399903e-05,3.122646676569274e-05,calm
2011-02-07,4.8876124836894536e-05,1.820278106748465e-05,calm
2011-02-08,4.8274554868882306e-05,1.4937420995194448e-05,calm
2011-02-09,4.66127244138216e-05,2.404574614087772e-05,calm
2011-02-10,4.412392197787357e-05,5.0863824770305625e-05,calm
2011-02-11,4.1485058170124086e-05,2.48407599399146e-05,calm
2011-02-14,4.112194149664713e-05,1.2014160787732131e-05,calm
2011-02-15,3.9000536755972717e-05,2.4211233926983503e-05,calm
2011-02-16,3.7256863782911135e-05,3.658516790264395e-05,calm
2011-02-17,3.7399484033337444e-05,1.582868302703548e-05,calm
2011-02-18,3.5689740925782564e-05,1.435790772207311e-05,calm
2011-02-22,3.380880981352052e-05,0.0001458035303788,calm
2011-02-23,5.644235115078335e-05,8.842513533705177e-05,calm
2011-02-24,5.5334920823620305e-05,8.387350084143883e-05,calm
2011-02-25,5.204316371877149e-05,4.4698805675268e-05,calm
2011-02-28,5.570809894886248e-05,3.0580310011967745e-05,calm
2011-03-01,5.465526617274869e-05,6.969199980526215e-05,calm
2011-03-02,6.833756325785966e-05,5.0355268985652974e-05,calm
2011-03-03,6.451115432197968e-05,9.074475694369822e-05,calm
2011-03-04,7.813914697760838e-05,5.779030829686026e-05,calm
2011-03-07,7.684429929341858e-05,7.297858750078786e-05,calm
2011-03-08,7.596108246657294e-05,4.654102515045888e-05,calm
2011-03-09,7.595726619298171e-05,6.219610267023637e-05,calm
2011-03-10,7.152323623909612e-05,0.000203013520129,calm
2011-03-11,8.81667790885274e-05,5.088364559329599e-05,calm
2011-03-14,8.573531883889347e-05,8.247146718284295e-05,calm
2011-03-15,8.279182365130872e-05,0.0005259266245354,calm
2011-03-16,8.579151867391e-05,0.0002003886876956,calm
2011-03-17,0.00010159456389012108,0.0001814851288761,calm
2011-03-18,0.00010587144472498368,0.00013406925766,calm
2011-03-21,9.954890929509506e-05,0.0001375443006583,calm
2011-03-22,0.00010776673690529988,2.545006714539485e-05,calm
2011-03-23,0.00010202510289481036,3.442962325424006e-05,calm
2011-03-24,9.639360996505238e-05,2.76834792876599e-05,calm
2011-03-25,9.604548517660887e-05,2.0370093417957912e-05,calm
2011-03-28,9.084133739351228e-05,2.061616413546137e-05,calm
2011-03-29,8.574813094529692e-05,2.7972965369255708e-05,calm
2011-03-30,8.329354949654732e-05,1.705094979249867e-05,calm
2011-03-31,8.113400438964911e-05,2.9666353172874155e-05,calm
2011-04-04,7.637640345379288e-05,1.883702726295959e-05,calm
2011-04-05,7.183473593466852e-05,2.0060311812078146e-05,calm
2011-04-06,6.75260019830747e-05,6.935730631865061e-05,calm
2011-04-07,6.406874712581888e-05,2.7510879531417497e-05,calm
2011-04-11,6.0613849063206676e-05,6.419952436715044e-05,calm
2011-04-12,5.752249786274022e-05,5.760901620961569e-05,calm
2011-04-13,5.7448007421371334e-05,4.6200103358443615e-05,calm
2011-04-14,5.4001473755793256e-05,2.5540169406701747e-05,calm
2011-04-18,5.0796071328647964e-05,2.625235904368236e-05,calm
2011-04-19,5.537176393468834e-05,6.782599051124722e-05,calm
2011-04-20,5.401809065574441e-05,1.79142348664616e-05,calm
2011-04-25,6.17766574643751e-05,2.2592476955390103e-05,calm
2011-04-26,5.813583528620636e-05,2.452108981047688e-05,calm
2011-04-27,5.905268146363726e-05,1.5099657328660752e-05,calm
2011-04-28,5.805036696995702e-05,8.58382102700776e-06,calm
2011-05-02,5.519639787999815e-05,3.447613294018942e-05,calm
2011-05-03,5.20269791521471e-05,6.270218683635757e-05,calm
2011-05-04,4.9684537112500805e-05,9.972172466244132e-05,calm
2011-05-05,4.935908776168977e-05,0.0001438927830552,calm
2011-05-09,5.135482060789108e-05,1.719341455431668e-05,calm
2011-05-10,4.917091873304749e-05,5.130003074394668e-05,calm
2011-05-11,5.055561336787683e-05,5.297219137231519e-05,calm
2011-05-12,5.4239081772748356e-05,4.492979687618087e-05,calm
2011-05-16,5.233802409784519e-05,6.79595241649972e-05,calm
2011-05-17,5.1625874455520386e-05,2.9241697364447137e-05,calm
2011-05-18,4.8529675676725246e-05,3.7055280328601325e-05,calm
2011-05-19,5.0366518226402524e-05,3.942391884027123e-05,calm
2011-05-23,4.76840401136415e-05,3.4144485749644044e-05,calm
2011-05-24,5.299260495029986e-05,4.0614319514591056e-05,calm
2011-05-25,4.985471263247171e-05,4.204424656077055e-05,calm
2011-05-26,4.752839130693402e-05,3.4745695253206325e-05,calm
2011-05-31,4.594464388813489e-05,6.122838668793894e-05,calm
2011-06-01,4.96244816379692e-05,7.037996923738962e-05,calm
2011-06-02,7.761119108603525e-05,0.0001582941349059,calm
2011-06-06,7.302221715132853e-05,5.674614868623032e-05,calm
2011-06-07,7.543041674792954e-05,5.514007241476984e-05,calm
2011-06-08,7.092765953520358e-05,2.5419872929761795e-05,calm
2011-06-09,6.772848699528934e-05,9.172735090604128e-05,calm
2011-06-13,6.713239066153286e-05,0.0001090587122311,calm
2011-06-14,6.314126829299993e-05,0.0001364343426889,calm
2011-06-15,6.888787532819872e-05,7.710994068011213e-05,calm
2011-06-16,8.407702128612697e-05,0.000117306288219,calm
2011-06-20,7.932332866906886e-05,3.548542263122379e-05,calm
2011-06-21,7.612636876769766e-05,3.626060591745582e-05,calm
2011-06-22,8.267425359004632e-05,0.0003592363371063,calm
2011-06-23,7.990538395934895e-05,5.082565679739707e-05,calm
2011-06-27,7.560861349226888e-05,3.2124040819697895e-05,calm
2011-06-28,7.579434905364307e-05,4.781503072112748e-05,calm
2011-06-29,8.133764350076592e-05,4.061285319996151e-05,calm
2011-06-30,8.082067910087891e-05,4.967994554796526e-05,calm
2011-07-05,8.140582750479675e-05,2.689939327279769e-05,calm
2011-07-06,7.65619920685562e-05,7.169933840344104e-05,calm
2011-07-07,7.205395954092134e-05,0.0001108848950702,calm
2011-07-11,7.412333925086923e-05,7.409577441656873e-05,calm
2011-07-12,8.965038116016773e-05,7.722567921397407e-05,calm
2011-07-13,8.539555129569595e-05,9.361751816153733e-05,calm
2011-07-14,8.094234864681868e-05,9.632823679279616e-05,calm
2011-07-18,7.896419660928647e-05,8.872147854031476e-05,calm
2011-07-19,7.829516542112993e-05,2.549843465083299e-05,calm
2011-07-20,8.915231444616789e-05,9.197064540749034e-05,calm
2011-07-21,8.382498653916555e-05,2.289609244205236e-05,calm
2011-07-25,9.018193507849339e-05,2.469546219554257e-05,calm
2011-07-26,8.664488541301039e-05,0.000118913702522,calm
2011-07-27,8.228683099504444e-05,4.492033778355952e-05,calm
2011-07-28,0.0001030292423405465,0.0002106797545272,calm
2011-08-01,9.735694582184922e-05,0.0001362794758716,calm
2011-08-02,9.26052946637548e-05,0.0002130799940707,calm
2011-08-03,0.00012723375010175012,0.0004396521982625,calm
2011-08-04,0.00012135200386872236,0.0010861431105571,calm
2011-08-08,0.00025216177472703143,0.0015607229988121,calm
2011-08-09,0.0005091172428885662,0.0015734198257311,calm
2011-08-10,0.0006025151200266157,0.0007446347309996,calm
2011-08-11,0.0006888561364171576,0.0003886922186,calm
2011-08-15,0.0007631872623967651,0.0003033574034531,calm
2011-08-16,0.0007437152221489026,0.0001382748966214,calm
2011-08-17,0.0007035051089349469,0.0010052588777701,calm
2011-08-18,0.0006613216355051676,0.0004163771591692,calm
2011-08-22,0.0007382027220734428,0.0002394839477837,calm
2011-08-23,0.0006939488361440658,0.0001872876470081,calm
2011-08-24,0.0007152218332829644,0.0003732760674809,calm
2011-08-25,0.0006840454119964666,0.0003662589384973,calm
2011-08-29,0.0006571608801216441,0.0002176450023445,calm
2011-08-30,0.0006658898755333601,0.0001933994712384,calm
2011-08-31,0.0006263525424178103,0.000215655913859,calm
2011-09-01,0.0005899478522607808,0.0004645473706703,calm
2011-09-06,0.0005612014779902711,0.0002036261280501,calm
2011-09-07,0.0005307480004769358,0.0001893283056435,calm
2011-09-08,0.0005453304461234071,0.000383215845704,calm
2011-09-12,0.0005191576575963595,0.0001653459537123,calm
2011-09-13,0.0004905036817129224,0.0002287610291912,calm
2011-09-14,0.00046607417837793896,0.0001650758775017,calm
2011-09-15,0.0004494520763066187,0.0001197666677754,calm
2011-09-19,0.00044005014232807764,0.0001135307614229,calm
2011-09-20,0.0004196556639102433,0.0002261384432634,calm
2011-09-21,0.00039455766436505507,0.0011173442663123,calm
2011-09-22,0.00042452797825299305,0.0002774400408178,calm
2011-09-26,0.00046383672402424233,0.0004870790268771,calm
2011-09-27,0.0004691465828966806,0.0002445731583342,calm
2011-09-28,0.00044841933137230197,0.000562028037221,calm
2011-09-29,0.0004470498246427182,0.0005049099895407,calm
2011-10-03,0.0004239453019661964,0.0007267240042017,calm
2011-10-04,0.0004485192183002494,0.0002843865443569,calm
2011-10-05,0.0004498254168779253,0.0001823214812192,calm
2011-10-06,0.0004430302550310714,0.0002047184326505,calm
2011-10-10,0.0004357365466650207,0.0001303310486738,calm
2011-10-11,0.000474531291724112,0.0001687296400536,calm
2011-10-12,0.0004461197709457629,0.0001695946298074,calm
2011-10-13,0.00042392924135672966,0.000221675559531,calm
2011-10-17,0.00039873098250685704,0.000231354227109,calm
2011-10-18,0.00039710025695211687,0.0001374227849837,calm
2011-10-19,0.0003957565223068091,0.0002100067651359,calm
2011-10-20,0.0003805071121432582,0.0001960088353782,calm
2011-10-24,0.00035882038844009474,0.0002155622847502,calm
2011-10-25,0.0003462017336886358,0.0003112079035346,calm
2011-10-26,0.0003485622250886338,0.0006616970760231,calm
2011-10-27,0.00033377784708565493,8.637026437922611e-05,calm
2011-10-31,0.0003841023828614222,0.0002367220951013,calm
2011-11-01,0.0003967810627912975,0.0009656929184634,calm
2011-11-02,0.0004209757012396487,0.0003255793232157,calm
2011-11-03,0.0004114244220800068,0.0002501236442729,calm
2011-11-04,0.0004063156394648312,0.0001540340988926,calm
2011-11-07,0.0003841822455201551,9.450561200691156e-05,calm
2011-11-08,0.00036343538993206066,0.0001240930198906,calm
2011-11-09,0.00035138150626284,0.0005922209667006,calm
2011-11-10,0.0004151600897315705,0.0002700224710458,calm
2011-11-11,0.0003955233946562772,0.0001858628654852,calm
2011-11-14,0.00039265569228153505,7.984105641640929e-05,calm
2011-11-15,0.00037453347176863303,0.0001038825819842,calm
2011-11-16,0.00035351955943782045,0.0002439370176897,calm
2011-11-17,0.0003476493971976448,0.000203281411876,calm
2011-11-18,0.00034215859595142646,9.207688960280652e-05,calm
2011-11-21,0.00032169715394634967,0.0003289374129427,calm
2011-11-22,0.00032451995936388684,0.0001238007615842,calm
2011-11-23,0.00030597807011309154,0.0002222091514823,calm
2011-11-25,0.0003174908826273576,7.356725169968264e-05,calm
2011-11-28,0.00029865558196172365,0.0007899780140908,calm
2011-11-29,0.0003296603393166901,7.870956172680729e-05,calm
2011-11-30,0.0003103633623063067,0.0007088451526677,calm
2011-12-01,0.00038930968329417277,6.870588399345685e-05,calm
2011-12-02,0.0003659526382724314,0.0001108570257137,calm
2011-12-05,0.0003440420077532987,0.0002659068549598,calm
2011-12-06,0.0003304411253185374,5.12262294417342e-05,calm
2011-12-07,0.0003106206819682907,0.000121369952746,calm
2011-12-08,0.00029281177122786594,0.0001638233556814,calm
2011-12-09,0.0003047618903707814,0.0001193666968594,calm
2011-12-12,0.00030341147203271046,0.0002102099434077,calm
2011-12-13,0.00029818101166798647,0.000184923889616,calm
2011-12-14,0.0002855724488022155,0.0001300252689424,calm
2011-12-15,0.00027531160630472174,0.0001482031157503,calm
2011-12-16,0.0002595738676782744,0.0001160943251004,calm
2011-12-19,0.0002454053610881217,9.05862687938204e-05,calm
2011-12-20,0.00023761375433042607,0.000316731032191,calm
2011-12-21,0.0002766800707938791,7.107408248239379e-05,calm
2011-12-22,0.0002603038474067537,2.8470780834441288e-05,calm
2011-12-23,0.0002493529503411971,2.2105238386547145e-05,calm
2011-12-27,0.00023914541870606904,2.1352012143961145e-05,calm
2011-12-28,0.00022483422276385278,3.888108414857559e-05,calm
2011-12-29,0.0002218150660369388,3.04486502391406e-05,calm
2011-12-30,0.00021484813689817825,1.7158468017474457e-05,calm
2012-01-03,0.00020341441760868747,0.0003049841630565,calm
2012-01-04,0.00020620806832794808,3.890710184958219e-05,calm
2012-01-05,0.00019398298400559276,6.515797739667469e-05,calm
2012-01-06,0.0001827681974240719,3.348536473204581e-05,calm
2012-01-09,0.000172201675771035,1.974168966755715e-05,calm
2012-01-10,0.00016222225960202023,0.0001274286095429,calm
2012-01-11,0.0001569608024027242,4.084776862307181e-05,calm
2012-01-12,0.00014756077236331602,4.106153449354368e-05,calm
2012-01-13,0.00013905171533214671,0.000104544238332,calm
2012-01-17,0.00013232276103390073,8.777894246988321e-05,calm
2012-01-18,0.00012528352937547308,3.872876902864405e-05,calm
2012-01-19,0.00012502060506589365,2.9729950467130063e-05,calm
2012-01-20,0.00011918105764657894,1.7813525153193508e-05,calm
2012-01-23,0.00011286066153991931,2.961763087372188e-05,calm
2012-01-24,0.0001064884155496375,4.899248892965565e-05,calm
2012-01-25,0.00010017713239348483,5.77174667725078e-05,calm
2012-01-26,9.833251860270874e-05,4.883637370790306e-05,calm
2012-01-27,9.401953238575315e-05,3.1998099127832774e-05,calm
2012-01-30,8.839078434738194e-05,0.0001217185709649,calm
2012-01-31,8.37889895025451e-05,7.901718404213539e-05,calm
2012-02-01,7.877034077895371e-05,8.556683889317936e-05,calm
2012-02-02,7.860544652788899e-05,2.2104800368233525e-05,calm
2012-02-03,7.403965263546032e-05,9.6645942938878e-05,calm
2012-02-06,8.122550229985927e-05,3.622238209246629e-05,calm
2012-02-07,7.637883727730189e-05,2.982289152609981e-05,calm
2012-02-08,7.217882694524096e-05,2.237268558021672e-05,calm
2012-02-09,6.837494924948917e-05,3.228904463423826e-05,calm
2012-02-10,6.436720786636419e-05,9.358989587712998e-05,calm
2012-02-13,6.380422553062968e-05,4.690565213574275e-05,calm
2012-02-14,6.327502213503924e-05,3.1717626309871487e-05,calm
2012-02-15,5.957327637878126e-05,5.395375282093064e-05,calm
2012-02-16,5.7307994633488736e-05,3.00807661627311e-05,calm
2012-02-17,6.114577269182194e-05,2.0916536317296205e-05,calm
2012-02-21,5.7896025049466966e-05,2.9926650902791096e-05,calm
2012-02-22,5.443386560322241e-05,2.4551182039089954e-05,calm
2012-02-23,5.179356680583721e-05,1.993731928808601e-05,calm
2012-02-24,4.9848153430926724e-05,1.692877875594198e-05,calm
2012-02-27,4.714587568604874e-05,6.88217800402775e-05,calm
2012-02-28,4.448613697206139e-05,2.5818658088677705e-05,calm
2012-02-29,4.232575811882939e-05,4.4358475972830144e-05,calm
2012-03-01,4.071443338595877e-05,5.52997021151936e-05,calm
2012-03-02,3.98742370477461e-05,2.479284423405272e-05,calm
2012-03-05,3.8041430898772986e-05,3.208291962157205e-05,calm
2012-03-06,3.6761004335045184e-05,0.0001292223877633,calm
2012-03-07,4.757943072385269e-05,2.504784109351829e-05,calm
2012-03-08,4.762421647114889e-05,6.346358216744232e-05,calm
2012-03-09,5.0647262352969906e-05,2.2641260007094755e-05,calm
2012-03-12,4.8502461295102435e-05,2.0281134585090364e-05,calm
2012-03-13,4.559263027864326e-05,4.548335772533618e-05,calm
2012-03-14,6.200722066118753e-05,2.178604596435164e-05,calm
2012-03-15,5.835567414060852e-05,2.4231506054329194e-05,calm
2012-03-16,5.685379436248138e-05,1.4727339980913664e-05,calm
2012-03-19,5.3978649916825974e-05,1.6638104157386555e-05,calm
2012-03-20,5.1658403816471167e-05,5.581357967756558e-05,calm
2012-03-21,4.906879219546631e-05,1.914050799625005e-05,calm
2012-03-22,4.628584826386679e-05,6.554381363627071e-05,calm
2012-03-23,4.664474224448409e-05,1.822836193212128e-05,calm
2012-03-26,4.4471071879889785e-05,1.4486205955651356e-05,calm
2012-03-27,5.345813536759157e-05,3.343567585038475e-05,calm
2012-03-28,5.0831712274671964e-05,6.522909326620424e-05,calm
2012-03-29,4.9264384475301376e-05,3.4114542105778865e-05,calm
2012-04-02,4.64839777206803e-05,5.401224429395893e-05,calm
2012-04-03,4.688200130315882e-05,0.0001043920155054,calm
2012-04-04,4.5076456936636064e-05,2.88664387758584e-05,calm
2012-04-09,4.832420271518023e-05,6.519545757148817e-05,calm
2012-04-10,5.307885831001379e-05,0.000100789963319,calm
2012-04-11,6.708624003097527e-05,2.322062655091499e-05,calm
2012-04-12,6.696047726891002e-05,5.24132766509063e-05,calm
2012-04-16,7.305326949335985e-05,7.035723218302853e-05,calm
2012-04-17,6.869592910812909e-05,4.563386024921558e-05,calm
2012-04-18,7.754570449585876e-05,8.270253573773732e-05,calm
2012-04-19,7.358048890350321e-05,4.030085771170916e-05,calm
2012-04-23,7.16553054737339e-05,3.16168218105666e-05,calm
2012-04-24,7.1634485475071e-05,0.0001329333352019,calm
2012-04-25,6.820020613481773e-05,2.2611473617518767e-05,calm
2012-04-26,7.520383255821321e-05,2.780944214487193e-05,calm
2012-04-30,7.358535870502648e-05,4.828298259863768e-05,calm
2012-05-01,6.999647266945262e-05,5.153086874016891e-05,calm
2012-05-02,6.81037321462115e-05,4.010644912318834e-05,calm
2012-05-03,6.455343882260324e-05,7.119435687576865e-05,calm
2012-05-07,6.419590026773473e-05,0.0001023715795135,calm
2012-05-08,6.0376094437558806e-05,0.000186740057948,calm
2012-05-09,5.772303739346353e-05,0.0001030743643289,calm
2012-05-10,5.638347566936711e-05,6.997402066982703e-05,calm
2012-05-14,5.325523973325262e-05,6.232345062955374e-05,calm
2012-05-15,5.748287318632344e-05,7.900807976602752e-05,calm
2012-05-16,5.602326691289151e-05,8.598359078272735e-05,calm
2012-05-17,5.354297068880926e-05,8.786943632652968e-05,calm
2012-05-21,6.372632844954212e-05,8.606340842957042e-05,calm
2012-05-22,7.732882733924041e-05,0.000116506120944,calm
2012-05-23,7.287101919201977e-05,8.10139927381339e-05,calm
2012-05-24,6.851557491893226e-05,3.613137488977965e-05,calm
2012-05-29,6.463600874419807e-05,0.0001260042564746,calm
2012-05-30,6.945439354730132e-05,8.768275048546974e-05,calm
2012-05-31,7.810550887156378e-05,0.0002236695020505,calm
2012-06-04,7.371046240396932e-05,5.389168714864125e-05,calm
2012-06-05,6.930099044383982e-05,8.9599882911639e-05,calm
2012-06-06,6.85573693017463e-05,0.0001433450163523,calm
2012-06-07,9.406678772839433e-05,4.9615283872675954e-05,calm
2012-06-11,8.844481670272622e-05,8.263207359359059e-05,calm
2012-06-12,9.293558776478735e-05,8.540430263374963e-05,calm
2012-06-13,9.519155760313758e-05,8.915835495878956e-05,calm
2012-06-14,9.194942027656544e-05,3.5724534121877355e-05,calm
2012-06-18,9.310377309104412e-05,5.8111292578117935e-05,calm
2012-06-19,8.774251530795146e-05,7.656060070234522e-05,calm
2012-06-20,8.803774370603152e-05,6.76862166962777e-05,calm
2012-06-21,8.29134387923323e-05,4.263915162794018e-05,calm
2012-06-25,0.00010884041311720977,4.860012022850214e-05,calm
2012-06-26,0.0001179878580798161,4.135767106026526e-05,calm
2012-06-27,0.0001124165261790955,0.0001272586548154,calm
2012-06-28,0.00011050578938998822,0.000244701141918,calm
2012-07-02,0.0001043653985746809,1.4775053544635136e-05,calm
2012-07-05,9.864631420107413e-05,0.0001033687487941,calm
2012-07-09,9.39546234531019e-05,7.665336108707708e-05,calm
2012-07-10,8.841191975186209e-05,5.666221507189737e-05,calm
2012-07-11,8.770974928409858e-05,0.0001008161472533,calm
2012-07-12,8.244849851007603e-05,5.0072674235071045e-05,calm
2012-07-16,7.891690162786898e-05,9.070389177571732e-05,calm
2012-07-17,7.451609503070282e-05,2.8421573425301804e-05,calm
2012-07-18,7.285522440251416e-05,3.598985667629793e-05,calm
2012-07-19,7.175135698962877e-05,5.518798239174988e-05,calm
2012-07-23,6.785727106363498e-05,7.654682237739664e-05,calm
2012-07-24,6.998378914163616e-05,5.978383074313445e-05,calm
2012-07-25,7.024713864759759e-05,0.0003058355428357,calm
2012-07-26,6.603532296779377e-05,8.342990921611934e-05,calm
2012-07-30,7.813766454225904e-05,3.496929008963927e-05,calm
2012-07-31,7.344940466972349e-05,6.843387634041e-05,calm
2012-08-01,7.199841742569035e-05,0.0001298245382131,calm
2012-08-02,6.772411990012105e-05,0.0002096643767229,calm
2012-08-06,6.654091632347461e-05,3.391164081453909e-05,calm
2012-08-07,6.277325740084356e-05,2.5739623613498164e-05,calm
2012-08-08,6.050756358901078e-05,1.835847287304024e-05,calm
2012-08-09,5.6965067634047445e-05,3.89736578095405e-05,calm
2012-08-13,5.359089732749321e-05,2.365541729874731e-05,calm
2012-08-14,5.039026910330906e-05,1.177752167494828e-05,calm
2012-08-15,4.736806258576937e-05,1.3425341025138576e-05,calm
2012-08-16,4.460338475301275e-05,7.001791764425687e-06,calm
2012-08-20,4.516983306989919e-05,3.3930663858682106e-05,calm
2012-08-21,4.2459940451847326e-05,3.7089232017258735e-05,calm
2012-08-22,4.046274742428244e-05,3.984932732470013e-05,calm
2012-08-23,3.804573108435691e-05,2.689926562398257e-05,calm
2012-08-27,3.981023134944554e-05,2.5538017095215568e-05,calm
2012-08-28,3.742431329616822e-05,1.2040171559416912e-05,calm
2012-08-29,3.523761357174186e-05,4.755492678973102e-05,calm
2012-08-30,3.315963990152549e-05,0.0001127480578983,calm
2012-09-04,3.430990355352112e-05,1.957833649500373e-05,calm
2012-09-05,3.2302247984907e-05,7.66222748124791e-05,calm
2012-09-06,3.0407586649666107e-05,1.133639571907586e-05,calm
2012-09-10,5.2807852131508176e-05,1.5029954874582336e-05,calm
2012-09-11,5.15871918213713e-05,2.601793789320067e-05,calm
2012-09-12,4.895681551993167e-05,6.025276581838828e-05,calm
2012-09-13,4.668467590574594e-05,4.818068046913037e-05,calm
2012-09-17,5.7603329091074816e-05,1.853772857602845e-05,calm
2012-09-18,5.4841380298193475e-05,2.38946300150818e-05,calm
2012-09-19,5.159106241702718e-05,4.416107314989428e-05,calm
2012-09-20,4.85134523537255e-05,3.041274257982312e-05,calm
2012-09-24,4.5602924537127975e-05,3.423097793865492e-05,calm
2012-09-25,4.300343534043105e-05,3.591889567568471e-05,calm
2012-09-26,4.729121193494505e-05,3.3672464761823935e-05,calm
2012-09-27,4.6360314776103454e-05,4.069027283187193e-05,calm
2012-10-01,4.885482310191066e-05,4.984070856673392e-05,calm
2012-10-02,4.634044201267904e-05,3.138067474574152e-05,calm
2012-10-03,4.362473179974582e-05,3.559074342526186e-05,calm
2012-10-04,4.200344199026093e-05,4.070417846334557e-05,calm
2012-10-08,4.2544115802205794e-05,3.174823811372e-05,calm
2012-10-09,4.069622855779826e-05,2.5290673266691225e-05,calm
2012-10-10,4.4178634415276995e-05,6.139073601278572e-05,calm
2012-10-11,4.3985865383981996e-05,2.5330098632767508e-05,calm
2012-10-15,4.13654089801161e-05,2.785233746867163e-05,calm
2012-10-16,4.301052679731805e-05,1.5745012037851736e-05,calm
2012-10-17,4.6528944485848545e-05,3.540957238847098e-05,calm
2012-10-18,4.4965533367754044e-05,6.018656731008063e-05,calm
2012-10-22,4.267397919099178e-05,0.0001765566189366,calm
2012-10-23,4.01147080512964e-05,5.429834793092829e-05,calm
2012-10-24,4.942336958338833e-05,0.0001083287131471,calm
2012-10-25,4.6939323129762916e-05,6.296278117322756e-05,calm
2012-10-31,4.462863916727533e-05,5.3407105091254416e-05,calm
2012-11-01,4.195092081723881e-05,3.741028092080471e-05,calm
2012-11-02,4.594344564666131e-05,4.516433823150892e-05,calm
2012-11-05,4.797312593475995e-05,2.421946598864764e-05,calm
2012-11-06,4.5346044334985155e-05,4.121185366659854e-05,calm
2012-11-07,4.627073521727976e-05,0.0002762342394764,calm
2012-11-08,7.502642324133256e-05,6.673557381500837e-05,calm
2012-11-09,7.930505202252664e-05,8.893758769889924e-05,calm
2012-11-12,7.45920596824034e-05,2.352204228345602e-05,calm
2012-11-13,7.015454025857966e-05,8.837113898340802e-05,calm
2012-11-14,6.667088494905922e-05,7.852655197722172e-05,calm
2012-11-15,7.375313253064791e-05,7.456799350022986e-05,calm
2012-11-16,6.950001077271902e-05,8.976071102457922e-05,calm
2012-11-19,6.678546565871934e-05,0.0001683007005373,calm
2012-11-20,8.686731335590721e-05,6.227230808902253e-05,calm
2012-11-21,8.166642749948579e-05,1.328067877673953e-05,calm
2012-11-23,7.697539692155121e-05,3.335191367277284e-05,calm
2012-11-26,8.334545549686628e-05,5.280680884305069e-05,calm
2012-11-27,7.861558107377539e-05,4.583094631916258e-05,calm
2012-11-28,7.54700693246759e-05,9.923239501647353e-05,calm
2012-11-29,7.48013146182271e-05,8.122214576298956e-05,calm
2012-11-30,7.161320839679085e-05,2.621522388862159e-05,calm
2012-12-03,6.731908863096435e-05,5.716781444643248e-05,calm
2012-12-04,6.474209649570654e-05,3.79428950117525e-05,calm
2012-12-05,6.0977688270118974e-05,4.688735870652034e-05,calm
2012-12-06,5.7506650052697056e-05,2.7822664154467448e-05,calm
2012-12-07,5.474433587471799e-05,3.756443941463415e-05,calm
2012-12-10,5.200837729076128e-05,1.6628014326916485e-05,calm
2012-12-11,4.8898519869250836e-05,3.905595044054508e-05,calm
2012-12-12,4.8727096890640554e-05,3.2103749187647705e-05,calm
2012-12-13,4.5817750032336984e-05,3.012319856349701e-05,calm
2012-12-14,4.533861228359304e-05,3.0831574839044194e-05,calm
2012-12-17,4.34498591907548e-05,3.437120072587716e-05,calm
2012-12-18,4.9033471422489156e-05,2.75084785744669e-05,calm
2012-12-19,5.344064088104484e-05,2.5230850792668583e-05,calm
2012-12-20,5.3570672491042417e-05,3.234237026769193e-05,calm
2012-12-21,5.233042097831694e-05,0.0001528189940996,calm
2012-12-24,6.490975321024332e-05,9.387796808350876e-06,calm
2012-12-26,6.158661466969801e-05,2.229001460692664e-05,calm
2012-12-27,5.896190475473494e-05,7.522437191522163e-05,calm
2012-12-28,5.553213631536298e-05,6.864994577711682e-05,calm
2012-12-31,5.928565937606305e-05,9.9800112962042e-05,calm
2013-01-02,7.277108971752902e-05,0.0003998754125332,calm
2013-01-03,0.00010683218543498251,2.877280132531701e-05,calm
2013-01-04,0.00010072922967305037,2.059038508901497e-05,calm
2013-01-07,9.583762493856757e-05,3.326206726152528e-05,calm
2013-01-08,9.053667325617644e-05,2.154543356157129e-05,calm
2013-01-09,8.560263407747893e-05,1.9297589354295653e-05,calm
2013-01-10,8.085321325026518e-05,2.0224199506513203e-05,calm
2013-01-11,7.976385127104602e-05,1.058118454845889e-05,calm
2013-01-14,7.497829726908555e-05,1.5782705881397227e-05,calm
2013-01-15,7.050736147671378e-05,2.837754542255928e-05,calm
2013-01-16,6.630468183188431e-05,1.355334985286304e-05,calm
2013-01-17,6.232751113832406e-05,2.429108862798138e-05,calm
2013-01-18,6.107595809504167e-05,1.2861965032070728e-05,calm
2013-01-22,5.770904181331025e-05,1.2411988371334658e-05,calm
2013-01-23,5.5982458275448264e-05,7.592427693681032e-06,calm
2013-01-24,5.2778645817369684e-05,1.8827176710806687e-05,calm
2013-01-25,4.96162304881705e-05,3.02764226577382e-05,calm
2013-01-28,4.852512226981751e-05,1.262825579769491e-05,calm
2013-01-29,4.56998239084298e-05,1.6187684869431636e-05,calm
2013-01-30,4.38815908472465e-05,2.09092179074234e-05,calm
2013-01-31,4.2172451769734193e-05,2.9371916164567862e-05,calm
2013-02-01,4.000775261143964e-05,4.667615910969572e-05,calm
2013-02-04,4.389228691262119e-05,5.3222324391733134e-05,calm
2013-02-05,4.8925770899185446e-05,4.338277753248456e-05,calm
2013-02-06,5.204682634255421e-05,3.696884506327915e-05,calm
2013-02-07,4.895581358935824e-05,3.553096924931811e-05,calm
2013-02-08,4.6123636529788824e-05,1.4858985533263876e-05,calm
2013-02-11,4.520366213283257e-05,8.239588701751283e-06,calm
2013-02-12,4.249378609767465e-05,7.453805186752834e-06,calm
2013-02-13,4.01066930288772e-05,1.842833059757055e-05,calm
2013-02-14,3.774412391464909e-05,2.3600096409362045e-05,calm
2013-02-15,3.5530229302040694e-05,1.883684365720955e-05,calm
2013-02-19,3.348232902362037e-05,1.4263749582525975e-05,calm
2013-02-20,3.481842083780046e-05,2.414955318655678e-05,calm
2013-02-21,4.2166876231415146e-05,5.206624911544685e-05,calm
2013-02-22,4.1867683673654694e-05,4.186252501170508e-05,calm
2013-02-25,4.5030395196749844e-05,8.787405534139898e-05,calm
2013-02-26,6.447062764352122e-05,7.180103692033423e-05,calm
2013-02-27,6.339505024977863e-05,3.30599284682281e-05,calm
2013-02-28,6.899579628396983e-05,3.1437288786903195e-05,calm
2013-03-01,6.509051901818265e-05,8.625860729561744e-05,calm
2013-03-04,6.183552489370511e-05,2.7543344456191208e-05,calm
2013-03-05,5.981776448708246e-05,5.865733896844221e-05,calm
2013-03-06,6.1001620932212935e-05,2.3545224786428843e-05,calm
2013-03-07,5.745253091454427e-05,1.5450122880313302e-05,calm
2013-03-08,5.420208618198112e-05,2.0637116211646523e-05,calm
2013-03-11,5.2036300714485845e-05,9.153525703416009e-06,calm
2013-03-12,4.9775271992450085e-05,1.7060011026442335e-05,calm
2013-03-13,4.709135042782297e-05,1.2882094535612389e-05,calm
2013-03-14,4.438552208992411e-05,1.3870996832820092e-05,calm
2013-03-15,4.3414039198350764e-05,1.526929430908865e-05,calm
2013-03-18,4.2799072695035736e-05,0.000119838337724,calm
2013-03-19,4.206871972910463e-05,7.129016940563635e-05,calm
2013-03-20,3.986913959324363e-05,5.758186616021913e-05,calm
2013-03-21,4.038436033497225e-05,5.290476289765424e-05,calm
2013-03-22,4.237758854391205e-05,3.332018065767891e-05,calm
2013-03-25,4.3675999237863085e-05,4.72878450823159e-05,calm
2013-03-26,4.2106888693860424e-05,2.880351498297227e-05,calm
2013-03-27,4.33924619734779e-05,6.680165414044689e-05,calm
2013-03-28,4.0788914255069224e-05,1.258246753277589e-05,calm
2013-04-01,3.89064989218407e-05,3.444092707341793e-05,calm
2013-04-02,3.751546929585396e-05,3.440428412456607e-05,calm
2013-04-03,3.6718229762891475e-05,4.033892637543374e-05,calm
2013-04-04,4.074632549354002e-05,0.0001931349366465,calm
2013-04-08,3.928584751258559e-05,2.3895552756355703e-05,calm
2013-04-09,3.965793896704551e-05,3.6150123460505e-05,calm
2013-04-10,3.7992977281368954e-05,1.84645679879864e-05,calm
2013-04-11,4.4606334281750995e-05,4.448918276009261e-05,calm
2013-04-15,4.257227812306262e-05,7.275846560740251e-05,calm
2013-04-16,7.30024923809147e-05,0.0001302344265993,calm
2013-04-17,8.15083263718825e-05,6.784704614114405e-05,calm
2013-04-18,8.961737039646001e-05,3.899180621419903e-05,calm
2013-04-22,8.660156329887318e-05,0.0001851891684182,calm
2013-04-23,8.25819362858774e-05,1.427300166638192e-05,calm
2013-04-24,8.393877275786309e-05,2.610507571500376e-05,calm
2013-04-25,7.892653574724681e-05,1.7877119257672902e-05,calm
2013-04-29,7.517291439657638e-05,2.2011346143895227e-05,calm
2013-04-30,7.333694526077283e-05,3.603276479960991e-05,calm
2013-05-01,6.927731567494027e-05,2.494463825834536e-05,calm
2013-05-02,6.977358174159513e-05,0.0001080552857433,calm
2013-05-06,7.071479640489668e-05,1.6900373727138884e-05,calm
2013-05-07,6.685825680467468e-05,1.046981371066436e-05,calm
2013-05-08,6.438046134442809e-05,2.6764550271978384e-05,calm
2013-05-09,6.17546897260914e-05,2.903387023421825e-05,calm
2013-05-13,5.852659706984588e-05,1.920314015380076e-05,calm
2013-05-14,5.505293850796562e-05,2.4073426285490263e-05,calm
2013-05-15,5.809151372107052e-05,3.1126669115749685e-05,calm
2013-05-16,5.633750825152569e-05,2.180143436279464e-05,calm
2013-05-20,5.428629900914193e-05,2.9020951579786607e-05,calm
2013-05-21,5.10293367954811e-05,0.0001168216157796,calm
2013-05-22,4.809142796126204e-05,0.0001229516073117,calm
2013-05-23,4.8531873249673595e-05,3.206491142063691e-05,calm
2013-05-28,4.612350092081409e-05,6.382454937748322e-05,calm
2013-05-29,4.549520418600914e-05,2.75371374106984e-05,calm
2013-05-30,4.531257917013963e-05,5.805129493504152e-05,calm
2013-06-03,4.340868924539746e-05,6.504352802033943e-05,calm
2013-06-04,4.261337952689832e-05,6.130013043479401e-05,calm
2013-06-05,4.14496282406113e-05,6.73316024556623e-05,calm
2013-06-06,5.0891039190508373e-05,4.783716672954495e-05,calm
2013-06-10,5.2710928243459936e-05,0.0001185618538796,calm
2013-06-11,4.9548272548852337e-05,7.663961806763483e-05,calm
2013-06-12,5.3026456528169364e-05,4.34500694535026e-05,calm
2013-06-13,5.398984444232458e-05,5.105118700065468e-05,calm
2013-06-17,6.442055345497222e-05,1.816416879585006e-05,calm
2013-06-18,6.410527279193066e-05,0.0001116591987143,calm
2013-06-19,6.397947028133948e-05,0.0001485521246127,calm
2013-06-20,7.175535360128963e-05,0.0001465848806463,calm
2013-06-24,0.00010522168186897438,9.077030782176368e-05,calm
2013-06-25,0.00010861097465373294,7.500695769578098e-05,calm
2013-06-26,0.00010758745805452882,4.778856197437349e-05,calm
2013-06-27,0.00010695621616904413,4.9997614505674e-05,calm
2013-07-01,0.00010259410204159963,3.483440749125189e-05,calm
2013-07-02,9.848656736305987e-05,3.332706049070701e-05,calm
2013-07-08,9.262926652823614e-05,2.329325994875133e-05,calm
2013-07-09,8.901309738969338e-05,4.5023152651635546e-05,calm
2013-07-10,8.675821146866486e-05,7.846823342796871e-05,calm
2013-07-11,8.156063665569279e-05,1.213939712636634e-05,calm
2013-07-15,8.764862527762784e-05,1.2745217936119823e-05,calm
2013-07-16,8.326222147818127e-05,2.273870207197657e-05,calm
2013-07-17,7.911187214760471e-05,1.4100411803922824e-05,calm
2013-07-18,7.475945952465487e-05,1.0021525079290436e-05,calm
2013-07-22,7.20644631955282e-05,9.414115774175669e-06,calm
2013-07-23,6.796846729934924e-05,1.7825523730800247e-05,calm
2013-07-24,6.416159164070035e-05,2.1588335771644783e-05,calm
2013-07-25,6.112104702927952e-05,2.809942874066389e-05,calm
2013-07-29,5.780805549645952e-05,1.8720605010989987e-05,calm
2013-07-30,5.4908639477022134e-05,4.68155537409335e-05,calm
2013-07-31,5.1614121108400805e-05,5.5994048253715896e-05,calm
2013-08-01,4.854765582940223e-05,9.618943555227105e-06,calm
2013-08-05,5.355874674127559e-05,1.565664522492551e-05,calm
2013-08-06,5.047372946775865e-05,2.825318477902079e-05,calm
2013-08-07,4.9393815179488466e-05,2.3951829281094727e-05,calm
2013-08-08,4.706226833060168e-05,1.99360314838056e-05,calm
2013-08-12,4.504143320640876e-05,1.993458763119144e-05,calm
2013-08-13,4.242276690259173e-05,1.883599974566273e-05,calm
2013-08-14,4.040036296541388e-05,6.233391068710357e-05,calm
2013-08-15,3.956311275128628e-05,2.8891546149637337e-05,calm
2013-08-19,4.9092125258180134e-05,1.5212916813074897e-05,calm
2013-08-20,4.861387657984908e-05,5.745000223594421e-05,calm
2013-08-21,4.713992913524692e-05,1.6766082942989694e-05,calm
2013-08-22,4.6602515481859094e-05,1.3268962512877132e-05,calm
2013-08-26,4.87465299481218e-05,7.525640805707829e-05,calm
2013-08-27,4.6655596114063154e-05,2.261651924970445e-05,calm
2013-08-28,5.9631995506113876e-05,2.413103326444652e-05,calm
2013-08-29,5.680801805458566e-05,5.153271462479877e-05,calm
2013-09-03,5.355026022152236e-05,2.234162660140374e-05,calm
2013-09-04,5.155856332728866e-05,1.6898111084971323e-05,calm
2013-09-05,5.253789627986312e-05,7.434182323475571e-05,calm
2013-09-09,4.948181929081112e-05,2.229045233475752e-05,calm
2013-09-10,5.196275427221423e-05,1.1983048725361513e-05,calm
2013-09-11,5.210396804478444e-05,1.252915781934448e-05,calm
2013-09-12,4.956689199562398e-05,1.1283075281249904e-05,calm
2013-09-16,4.701739886413015e-05,6.368149607941947e-06,calm
2013-09-17,4.61944877553963e-05,5.711972906627449e-05,calm
2013-09-18,4.461234701696962e-05,1.7987318089862578e-05,calm
2013-09-19,4.9881257072225404e-05,1.8516697182988106e-05,calm
2013-09-23,4.7057176012969194e-05,1.847976451504069e-05,calm
2013-09-24,4.5524547380175996e-05,3.24623538010949e-05,calm
2013-09-25,4.312630230273332e-05,2.795398775058528e-05,calm
2013-09-26,4.1041433347865596e-05,2.5725205899953305e-05,calm
2013-09-30,3.9462726884383816e-05,3.313825455835051e-05,calm
2013-10-01,3.880755397794035e-05,4.087825811056895e-05,calm
2013-10-02,4.0209530045923915e-05,7.50730846501711e-05,calm
2013-10-03,3.785057524380769e-05,1.8972115776006096e-05,calm
2013-10-07,4.0728520154710584e-05,4.9340451820817575e-05,calm
2013-10-08,4.28077511228905e-05,4.818721755251e-05,calm
2013-10-09,4.847375104884606e-05,9.850877046576063e-05,calm
2013-10-10,4.559686026991356e-05,2.332178400830896e-05,calm
2013-10-14,7.015620554973972e-05,5.4461087311235945e-05,calm
2013-10-15,6.69001172411831e-05,5.886075662534087e-05,calm
2013-10-16,6.606643159432537e-05,2.33430367157146e-05,calm
2013-10-17,7.364382653350513e-05,1.6452412894633686e-05,calm
2013-10-21,7.188737745887783e-05,2.9907462655190705e-05,calm
2013-10-22,6.757433187473422e-05,2.9454228312545457e-05,calm
2013-10-23,6.552065670226529e-05,1.299103802915796e-05,calm
2013-10-24,6.297196847008088e-05,9.513243224253696e-06,calm
2013-10-28,5.985374616804446e-05,9.52664751961964e-06,calm
2013-10-29,5.641422445777021e-05,1.640520228721243e-05,calm
2013-10-30,5.472737291398293e-05,3.528202092481608e-05,calm
2013-10-31,5.2931387076019076e-05,3.061737410680147e-05,calm
2013-11-01,5.0239530370185187e-05,3.289620876110868e-05,calm
2013-11-04,4.7566864604773876e-05,1.3421313021209632e-05,calm
2013-11-05,4.5453038654561085e-05,2.015868145506784e-05,calm
2013-11-06,4.3329511314257825e-05,1.902453704639641e-05,calm
2013-11-07,4.228592427198437e-05,3.858023697859154e-05,calm
2013-11-08,4.946256751395001e-05,3.4576145673068906e-05,calm
2013-11-11,5.726989288697803e-05,1.132367533256425e-05,calm
2013-11-12,5.3835418639415264e-05,2.411372822156397e-05,calm
2013-11-13,5.0853106876622314e-05,2.0346271791553305e-05,calm
2013-11-14,5.163460619399656e-05,2.033830996724199e-05,calm
2013-11-15,5.002272542247308e-05,6.290719167204106e-06,calm
2013-11-18,4.815229691690728e-05,2.259103607789826e-05,calm
2013-11-19,4.6000340988592106e-05,3.033770148641362e-05,calm
2013-11-20,4.352442775355854e-05,3.934409664273176e-05,calm
2013-11-21,4.150184930526185e-05,1.867593989167085e-05,calm
2013-11-22,4.2886587774230365e-05,6.013575982382761e-06,calm
2013-11-25,4.180739638604842e-05,7.814411027034557e-06,calm
2013-11-26,3.9358470632753314e-05,9.038872724685283e-06,calm
2013-11-27,3.700155627021953e-05,5.7965562825262354e-06,calm
2013-11-29,3.513642725114424e-05,8.007068260551874e-06,calm
2013-12-02,3.30545948192448e-05,1.342522449108462e-05,calm
2013-12-03,3.147694068303482e-05,2.3429564339732177e-05,calm
2013-12-04,3.0713240360420514e-05,5.936140594044209e-05,calm
2013-12-05,2.88711891415471e-05,2.9109590566727915e-05,calm
2013-12-06,2.8303229719088613e-05,6.818695392308636e-05,calm
2013-12-09,3.401753650683545e-05,1.1847332482892784e-05,calm
2013-12-10,3.2363277387387834e-05,1.0922272434705454e-05,calm
2013-12-11,3.119461295422639e-05,2.782344446188182e-05,calm
2013-12-12,3.6976905591288434e-05,2.9904560948995533e-05,calm
2013-12-13,3.54143447426927e-05,2.07722015527102e-05,calm
2013-12-16,3.329024084116492e-05,4.439311236062338e-05,calm
2013-12-17,3.360873548181327e-05,1.9321715141071185e-05,calm
2013-12-18,3.220107812485486e-05,0.0001008888549621,calm
2013-12-19,4.7463273895262715e-05,1.743028477614924e-05,calm
2013-12-20,4.469570931295194e-05,1.210992995418827e-05,calm
2013-12-23,4.202288698272869e-05,1.2532225610432078e-05,calm
2013-12-24,4.1205006811008215e-05,1.621000604694435e-06,calm
2013-12-26,3.902020692465854e-05,4.391827701393773e-06,calm
2013-12-27,3.8221943089512855e-05,5.107946832032988e-06,calm
2013-12-30,3.592880380999955e-05,3.0790409775692065e-06,calm
2013-12-31,3.377467330624032e-05,7.969681062367858e-06,calm
2014-01-02,3.3085859582935144e-05,3.255498217488599e-05,calm
2014-01-03,3.666476984773378e-05,1.6415690871481668e-05,calm
2014-01-06,3.44664976707614e-05,2.8232603597865537e-05,calm
2014-01-07,3.2903844860548675e-05,1.5213536311641647e-05,calm
2014-01-08,3.3178999433645584e-05,2.5493329426504343e-05,calm
2014-01-09,3.1191111698195554e-05,2.006325441956697e-05,calm
2014-01-10,2.93452796638806e-05,1.74566389027895e-05,calm
2014-01-13,2.802814657623594e-05,2.2327287699645443e-05,calm
2014-01-14,3.711102752831386e-05,2.4486920946960045e-05,calm
2014-01-15,4.193302084843546e-05,1.5194090114100053e-05,calm
2014-01-16,4.1150900891611606e-05,1.383576628292614e-05,calm
2014-01-17,3.878333437203684e-05,1.3147471880133677e-05,calm
2014-01-21,3.7534196282635426e-05,4.4313197711422674e-05,calm
2014-01-22,3.579941525990599e-05,9.843199115575172e-06,calm
2014-01-23,3.367690815390389e-05,5.075610160738533e-05,calm
2014-01-24,3.57172708867407e-05,8.223232190305382e-05,calm
2014-01-27,6.148191833377745e-05,6.582663305254619e-05,calm
2014-01-28,5.925212012379822e-05,2.826139733786185e-05,calm
2014-01-29,5.781196660954155e-05,0.0001086141458709,calm
2014-01-30,5.993247023128768e-05,6.086281479405956e-05,calm
2014-01-31,6.300791046776185e-05,0.0001220234512135,calm
2014-02-03,6.129882401351575e-05,9.347750947434678e-05,calm
2014-02-04,8.870853572478328e-05,6.723097597798058e-05,calm
2014-02-05,8.630944782089226e-05,8.59228728036382e-05,calm
2014-02-06,8.12254038048432e-05,3.108233233136862e-05,calm
2014-02-07,8.665002322404503e-05,4.273847213232206e-05,calm
2014-02-10,9.055729729526484e-05,9.764488430791248e-06,calm
2014-02-11,8.532587625774293e-05,1.7329855172087688e-05,calm
2014-02-12,8.731452442480456e-05,2.1005101743389755e-05,calm
2014-02-13,8.209032485101078e-05,2.4270841032429988e-05,calm
2014-02-14,7.875594476718177e-05,1.4683413929556131e-05,calm
2014-02-18,7.58480338283498e-05,1.2511295189463475e-05,calm
2014-02-19,7.13828067367332e-05,2.9636052533792185e-05,calm
2014-02-20,6.974826336599192e-05,2.6279029763340085e-05,calm
2014-02-21,6.764041596577755e-05,1.6938636396276435e-05,calm
2014-02-24,6.36601548047096e-05,3.39708807950838e-05,calm
2014-02-25,6.167638880530562e-05,3.2277348614820194e-05,calm
2014-02-26,5.79844091093393e-05,2.9930726015769184e-05,calm
2014-02-27,5.450552051050049e-05,2.751119505590636e-05,calm
2014-02-28,5.2878739120235445e-05,3.734304790226732e-05,calm
2014-03-03,5.008887371229194e-05,8.342618306575553e-05,calm
2014-03-04,5.0071510572390934e-05,9.3614935484596e-05,calm
2014-03-05,5.8756335004111336e-05,1.7253413593025153e-05,calm
2014-03-06,5.528018982271652e-05,1.632783587567663e-05,calm
2014-03-07,5.227737130182333e-05,3.0768694494235355e-05,calm
2014-03-10,4.915156878227456e-05,2.25765886549322e-05,calm
2014-03-11,4.621940970054519e-05,2.5070371853746097e-05,calm
2014-03-12,4.4919306789433594e-05,4.582604649869859e-05,calm
2014-03-13,4.2228426743238446e-05,5.3405591768386525e-05,calm
2014-03-14,4.73243304882889e-05,4.645109377820266e-05,calm
2014-03-17,4.4959300936905794e-05,5.589180602092489e-05,calm
2014-03-18,4.712497141806315e-05,2.3263023353014805e-05,calm
2014-03-19,4.733275752431562e-05,5.737088070832004e-05,calm
2014-03-20,4.62056732097318e-05,2.949287112236503e-05,calm
2014-03-21,4.546741682524954e-05,5.056763880684458e-05,calm
2014-03-24,4.6862760307497116e-05,4.8363864278947446e-05,calm
2014-03-25,4.508132683071111e-05,5.831252666388808e-05,calm
2014-03-26,4.3721392025424835e-05,4.157790890410236e-05,calm
2014-03-27,4.422432555907918e-05,6.379952705465706e-05,calm
2014-03-28,4.1838162357120066e-05,3.804033180967874e-05,calm
2014-03-31,4.0779086734883677e-05,2.269375051233956e-05,calm
2014-04-01,4.232851568149761e-05,1.3909287911723622e-05,calm
2014-04-02,4.2409382708830874e-05,1.4625970831712455e-05,calm
2014-04-03,4.0534577433717664e-05,6.011205235983724e-05,calm
2014-04-07,3.8207755777924e-05,3.9192443304214673e-05,calm
2014-04-08,4.3325230984170284e-05,2.993915332631872e-05,calm
2014-04-09,4.174141133234129e-05,6.909755602998558e-05,calm
2014-04-10,4.6097999060420245e-05,0.0001014775653329,calm
2014-04-14,7.03740196545677e-05,8.425775870122111e-05,calm
2014-04-15,6.98465976107643e-05,4.70572752713774e-05,calm
2014-04-16,6.848255923114544e-05,2.2433936352456448e-05,calm
2014-04-21,7.08922832419725e-05,1.0764188861432677e-05,calm
2014-04-22,6.73658766168803e-05,1.3286724420686067e-05,calm
2014-04-23,6.45574731503311e-05,3.470482849251508e-05,calm
2014-04-24,6.101384106579123e-05,3.438580766340725e-05,calm
2014-04-28,5.759909215297429e-05,2.5018948125162e-05,calm
2014-04-29,5.474310292672447e-05,2.4780821503217164e-05,calm
2014-04-30,5.275283572454111e-05,2.035526524518403e-05,calm
2014-05-01,5.011985945759709e-05,3.165960800692476e-05,calm
2014-05-05,4.711334491385967e-05,2.632450172204425e-05,calm
2014-05-06,4.4505993504339386e-05,8.045673224661617e-05,calm
2014-05-07,4.642104727413309e-05,2.6975789732296e-05,calm
2014-05-08,4.570463566460077e-05,3.1153749602300084e-05,calm
2014-05-12,4.303042907992922e-05,1.0046886386702469e-05,calm
2014-05-13,4.608115127415498e-05,1.5017947116438884e-05,calm
2014-05-14,4.3364386307454294e-05,4.776460280175509e-05,calm
2014-05-15,4.211578692884579e-05,2.186866437842763e-05,calm
2014-05-19,4.425540458462625e-05,2.740339562849116e-05,calm
2014-05-20,4.2404929870576124e-05,2.4424051146246227e-05,calm
2014-05-21,4.226092823810826e-05,9.102822141658089e-06,calm
2014-05-22,4.3947935073714325e-05,4.2404805931385175e-06,calm
2014-05-27,4.166511721505209e-05,8.592864800407318e-06,calm
2014-05-28,4.141816881574493e-05,1.3170070810721676e-05,calm
2014-05-29,3.896516300475634e-05,8.388390980888676e-06,calm
2014-06-02,3.822452277578434e-05,9.464119302739543e-06,calm
2014-06-03,3.6009184058330704e-05,8.651989023105447e-06,calm
2014-06-04,3.386476294417406e-05,1.5215754666660785e-05,calm
2014-06-05,3.207788912096665e-05,7.234254948140449e-06,calm
2014-06-09,3.268889571850769e-05,8.821032854256658e-06,calm
2014-06-10,3.0790366855105445e-05,1.692376753719989e-05,calm
2014-06-11,2.894357247346396e-05,1.749788437222487e-05,calm
2014-06-12,2.793466002578291e-05,1.886188346007451e-05,calm
2014-06-16,2.9287470757913834e-05,1.3773249344453452e-05,calm
2014-06-17,2.7570940390312657e-05,1.7581724974053463e-05,calm
2014-06-18,2.637890102358277e-05,8.484442864586072e-06,calm
2014-06-19,2.800486851259944e-05,5.449514293107676e-06,calm
2014-06-23,2.639988616186732e-05,1.863857961832542e-05,calm
2014-06-24,2.482152035849839e-05,1.432986159269898e-05,calm
2014-06-25,2.55228324155779e-05,2.4629849857391726e-05,calm
2014-06-26,2.521166041100797e-05,1.2557713804722656e-05,calm
2014-06-30,2.3729726402069053e-05,1.3610707222866602e-05,calm
2014-07-01,2.2321599941600087e-05,6.839116085277049e-06,calm
2014-07-02,2.3652376408750343e-05,1.0068894848068287e-05,calm
2014-07-07,2.2294991739987137e-05,3.124160500741984e-05,calm
2014-07-08,2.1687017436209504e-05,2.0993975664375785e-05,calm
2014-07-09,2.2882534832191178e-05,5.79303587850029e-05,calm
2014-07-10,2.2710705516484258e-05,1.2309458931595492e-05,calm
2014-07-14,2.229125292842378e-05,2.903549418137704e-05,calm
2014-07-15,2.2467453971508792e-05,1.998787822237521e-05,calm
2014-07-16,2.1330181690550003e-05,4.120691073105928e-05,calm
2014-07-17,2.0869324063035043e-05,1.5824295009948178e-05,calm
2014-07-21,2.7457254938541762e-05,1.4176089147610271e-05,calm
2014-07-22,2.602035990591276e-05,6.378217361452572e-06,calm
2014-07-23,2.5593703164567538e-05,7.606670122782801e-06,calm
2014-07-24,2.4353127766160504e-05,1.8742695439256283e-05,calm
2014-07-28,2.2892091986534618e-05,2.102882084133566e-05,calm
2014-07-29,2.152838562425493e-05,3.673981415625514e-05,calm
2014-07-30,2.1349470388131653e-05,7.498894714816631e-05,calm
2014-07-31,2.0069893975999544e-05,6.929399510765835e-05,calm
2014-08-04,4.273578836964179e-05,7.863206028977103e-05,calm
2014-08-05,4.3277576712550815e-05,4.5570976655233086e-05,calm
2014-08-06,4.6377139095393305e-05,5.089090869846185e-05,calm
2014-08-07,4.3600370186685284e-05,2.661382053678212e-05,calm
2014-08-11,4.275308339496738e-05,2.188207537404568e-05,calm
2014-08-12,4.069032472478754e-05,2.099890876524209e-05,calm
2014-08-13,3.8365529898256895e-05,7.072120466657227e-06,calm
2014-08-14,3.879423635329452e-05,5.6227623810201833e-05,calm
2014-08-18,3.7798024367683706e-05,6.480536481918808e-06,calm
2014-08-19,3.970788624652187e-05,9.097529504986305e-06,calm
2014-08-20,3.895112943058139e-05,8.385063712147303e-06,calm
2014-08-21,3.7041135051248023e-05,1.8212536754611167e-05,calm
2014-08-25,3.532728096686094e-05,5.645300098606631e-06,calm
2014-08-26,3.4742461616820554e-05,5.8310826444656175e-06,calm
2014-08-27,3.26831987768173e-05,1.6234288012210944e-05,calm
2014-08-28,3.0731779508996916e-05,6.446305148309068e-06,calm
2014-09-02,2.8905987599642577e-05,1.3796866691156124e-05,calm
2014-09-03,2.7186531650724388e-05,1.67219452967307e-05,calm
2014-09-04,2.5573389638087353e-05,2.0915204961527645e-05,calm
2014-09-08,2.416468383620055e-05,2.850033914434904e-05,calm
2014-09-09,2.3116984124780213e-05,2.705961954332965e-05,calm
2014-09-10,2.415037850468601e-05,1.85173998252606e-05,calm
2014-09-11,2.3547687058207284e-05,2.251821818721897e-05,calm
2014-09-15,2.2214026311440054e-05,1.941083603279793e-05,calm
2014-09-16,2.091526010738007e-05,5.142244194020097e-05,calm
2014-09-17,2.3044507444211652e-05,1.3719309955959049e-05,calm
2014-09-18,2.1770521058968965e-05,2.09178966687388e-05,calm
2014-09-22,2.2159813855767395e-05,2.4309875219891143e-05,calm
2014-09-23,2.443672985441032e-05,1.6788985486162414e-05,calm
2014-09-24,2.4947914026085163e-05,4.951358249980574e-05,calm
2014-09-25,2.7099028475710087e-05,3.5827378454109e-05,calm
2014-09-29,4.135019764547936e-05,3.650771411318751e-05,calm
2014-09-30,3.9068095865383915e-05,6.01365152988437e-05,calm
2014-10-01,3.714085451787316e-05,5.608382923733591e-05,calm
2014-10-02,4.6082876083276003e-05,6.535619598575353e-05,calm
2014-10-06,4.33193328145745e-05,7.375765281718454e-05,calm
2014-10-07,4.0802462158645514e-05,7.971506319761429e-05,calm
2014-10-08,5.287500516234219e-05,0.0001093480946014,calm
2014-10-09,6.773937584763894e-05,0.0001223166848744,calm
2014-10-13,8.775303770528967e-05,0.0001526990445934,calm
2014-10-14,9.89485517527135e-05,0.0005307264971161,calm
2014-10-15,9.315507856142192e-05,0.0002749281377898,calm
2014-10-16,9.033131355337247e-05,0.000156196230029,calm
2014-10-20,8.495565991159845e-05,5.620975112275648e-05,calm
2014-10-21,8.546066584968199e-05,5.541257042816844e-05,calm
2014-10-22,0.00010342301830624958,0.0001064367330651,calm
2014-10-23,0.00010027321291735498,3.491652911047621e-05,calm
2014-10-27,0.00010227177013604079,3.94462981019674e-05,calm
2014-10-28,9.624897157076118e-05,2.640519783716124e-05,calm
2014-10-29,9.827839792546735e-05,5.146028045535702e-05,calm
2014-10-30,9.251907690837383e-05,3.1466216554577235e-05,calm
2014-10-31,8.941796642723141e-05,5.483653212687467e-05,calm
2014-11-03,9.181025702820202e-05,2.1125208524310976e-05,calm
2014-11-04,8.631948449065068e-05,2.73830339535074e-05,calm
2014-11-05,8.186498363063735e-05,3.47817030207061e-05,calm
2014-11-06,7.933168076567368e-05,1.597485561648219e-05,calm
2014-11-07,7.55294579864308e-05,2.016683299168648e-05,calm
2014-11-10,7.105012655574832e-05,8.090917041470939e-06,calm
2014-11-11,6.737963433555935e-05,6.695128713459507e-06,calm
2014-11-12,6.339447945135904e-05,1.645304972780246e-05,calm
2014-11-13,5.9660534788356375e-05,2.5777811880382216e-05,calm
2014-11-14,5.615711257609871e-05,1.0501168117429346e-05,calm
2014-11-17,5.2791283057954236e-05,1.265346858573244e-05,calm
2014-11-18,4.964809513197392e-05,8.55520273583579e-06,calm
2014-11-19,4.865798273804022e-05,2.6752144224125204e-05,calm
2014-11-20,4.5893402084935906e-05,1.4235862026734032e-05,calm
2014-11-21,4.332411142407719e-05,4.36902068784148e-05,calm
2014-11-24,4.2433298792191894e-05,9.238204628444869e-06,calm
2014-11-25,4.0358490550805145e-05,1.0962680270208904e-05,calm
2014-11-26,3.796842830840473e-05,3.524644492703975e-06,calm
2014-11-28,3.608223470227904e-05,9.071010000709348e-06,calm
2014-12-01,3.418729858857419e-05,3.644206377736958e-05,calm
2014-12-02,3.505432927573327e-05,1.467920912453094e-05,calm
2014-12-03,3.5441842612868587e-05,7.223047718103304e-06,calm
2014-12-04,3.4207283640643816e-05,1.8450776548168065e-05,calm
2014-12-05,3.2228366417268316e-05,1.3303271100312171e-05,calm
2014-12-08,3.0455241469159462e-05,3.0153752985374903e-05,calm
2014-12-09,3.132544384503798e-05,0.0001034389972265,calm
2014-12-10,2.9473484576958567e-05,6.963512134630321e-05,calm
2014-12-11,4.337626536562727e-05,7.290374212756302e-05,calm
2014-12-12,4.230813349728255e-05,8.357577012523791e-05,calm
2014-12-15,5.5698242822637914e-05,0.0001632180876829,calm
2014-12-16,5.5207286450299104e-05,0.0001549156706396,calm
2014-12-17,5.5784866231039114e-05,0.0001654281486396,calm
2014-12-18,7.50545850029094e-05,0.0001069418422587,calm
2014-12-19,0.00010635465029581515,3.47121798508516e-05,calm
2014-12-22,0.00010006834618658273,1.2439030651961284e-05,calm
2014-12-23,9.532804286194128e-05,1.101391803077905e-05,calm
2014-12-24,8.971749606062684e-05,4.629956709643552e-06,calm
2014-12-26,8.433500255066135e-05,6.353623343252677e-06,calm
2014-12-29,7.989682191830511e-05,5.678652635523041e-06,calm
2014-12-30,7.521113566188083e-05,9.05043589606688e-06,calm
2014-12-31,7.243543237504516e-05,2.385971418313836e-05,calm
2015-01-02,7.405641303051188e-05,8.393689872199112e-05,calm
2015-01-05,6.963022241966357e-05,7.000254995995878e-05,calm
2015-01-06,8.538080008352313e-05,0.0001109926003666,calm
2015-01-07,8.56315415961468e-05,8.179144119369233e-05,calm
2015-01-08,8.969570086675552e-05,7.158324341611025e-05,calm
2015-01-09,0.00010287722472688808,6.252698796162382e-05,calm
2015-01-12,0.00010058873400470734,6.71807652791036e-05,calm
2015-01-13,9.826434738348067e-05,0.000218888303089,calm
2015-01-14,9.284449936270808e-05,0.0001470620047225,calm
2015-01-15,8.947398632163506e-05,0.0001033176826294,calm
2015-01-16,8.91870469289176e-05,6.435800111118137e-05,calm
2015-01-20,9.402113835711953e-05,8.369506291613243e-05,calm
2015-01-21,8.86521638215978e-05,0.0001001386955847,calm
2015-01-22,8.485430578427957e-05,6.104666075791229e-05,calm
2015-01-23,9.283719299245241e-05,2.490976373588993e-05,calm
2015-01-26,8.90805655102722e-05,3.0057934203207617e-05,calm
2015-01-27,8.406400018720436e-05,0.0001025980177656,calm
2015-01-28,8.959892882127774e-05,9.283647280670598e-05,calm
2015-01-29,9.421886328976229e-05,8.760700992406689e-05,calm
2015-01-30,9.364534575280677e-05,9.797752443947122e-05,calm
2015-02-02,9.763504315961345e-05,0.0001178237333231,calm
2015-02-03,0.00010086616309448776,8.8596027653597e-05,calm
2015-02-04,0.00010718263127257941,6.655153789020657e-05,calm
2015-02-05,0.00010162497836901548,3.3972660537892096e-05,calm
2015-02-06,0.00010158093036570985,4.128598070560855e-05,calm
2015-02-09,9.594617321819293e-05,3.361651919556129e-05,calm
2015-02-10,9.139676522255305e-05,3.876286406392712e-05,calm
2015-02-11,9.265073286619438e-05,2.78865150141242e-05,calm
2015-02-12,8.711187643489875e-05,2.6327285900889857e-05,calm
2015-02-13,8.738124365045879e-05,1.0438278218809913e-05,calm
2015-02-17,8.315089009505321e-05,1.5039672661446071e-05,calm
2015-02-18,7.831007930103931e-05,1.9164217712056792e-05,calm
2015-02-19,7.361201837149444e-05,2.0193230038117703e-05,calm
2015-02-20,6.92258972229303e-05,2.066686457517161e-05,calm
2015-02-23,6.721989537019276e-05,1.1293218266957847e-05,calm
2015-02-24,6.318791187753702e-05,1.0162144445371092e-05,calm
2015-02-25,5.987945050443846e-05,1.0110770873164508e-05,calm
2015-02-26,5.633004825877649e-05,1.9689896972825748e-05,calm
2015-02-27,5.3034073549879295e-05,1.2043023486016288e-05,calm
2015-03-02,5.055053700676373e-05,7.116018987448756e-06,calm
2015-03-03,4.989410877185031e-05,2.5070915753435683e-05,calm
2015-03-04,4.791520217357614e-05,4.459268149640231e-05,calm
2015-03-05,4.6111084152724177e-05,1.2745205479720943e-05,calm
2015-03-06,4.341616285902979e-05,5.4549013368688246e-05,calm
2015-03-09,5.28488427786936e-05,1.5063698040724552e-05,calm
2015-03-10,5.070430998038363e-05,7.056664450321935e-05,calm
2015-03-11,6.371114074861945e-05,3.489358340088534e-05,calm
2015-03-12,6.021824978962935e-05,4.255188558676436e-05,calm
2015-03-13,6.618196289321553e-05,4.969189725334651e-05,calm
2015-03-16,6.448128346778341e-05,2.7444917209027167e-05,calm
2015-03-17,7.118128527433928e-05,3.480892587259122e-05,calm
2015-03-18,6.744211834160624e-05,0.00011055279768,calm
2015-03-19,7.19635367735074e-05,3.058922211959946e-05,calm
2015-03-20,6.889986285667895e-05,4.436875030335914e-05,calm
2015-03-23,6.589303334580497e-05,1.395834852779248e-05,calm
2015-03-24,6.216771717533728e-05,2.033429525534712e-05,calm
2015-03-25,6.034275215385293e-05,4.7134516609593225e-05,calm
2015-03-26,6.979764196315728e-05,7.630798995416656e-05,calm
2015-03-27,6.595085025806066e-05,3.439986511001091e-05,calm
2015-03-30,6.230763671284006e-05,4.181476622511771e-05,calm
2015-03-31,6.739159820011217e-05,5.419297446997972e-05,calm
2015-04-01,6.797124103939186e-05,2.5949141038844264e-05,calm
2015-04-06,6.464594815380451e-05,1.959745779644124e-05,calm
2015-04-07,6.346913774739563e-05,5.159969699934312e-05,calm
2015-04-08,6.008231285893953e-05,3.572380251355154e-05,calm
2015-04-09,5.715934235939116e-05,8.039501302828337e-06,calm
2015-04-13,5.4898647153067803e-05,2.765794121412613e-05,calm
2015-04-14,5.2837718670053056e-05,2.0081054133730803e-05,calm
2015-04-15,4.988663226706594e-05,1.6663525728630253e-05,calm
2015-04-16,4.8096040535816553e-05,5.788914854298128e-05,calm
2015-04-20,4.521515706040962e-05,2.051603514893473e-05,calm
2015-04-21,4.7465790072041136e-05,2.10586152275771e-05,calm
2015-04-22,4.4703099842911074e-05,2.4385842428039166e-05,calm
2015-04-23,4.346273792399564e-05,1.0717125546176991e-05,calm
2015-04-27,4.123391226209144e-05,4.1520945459929736e-05,calm
2015-04-28,3.980142401790238e-05,4.38421116345614e-05,calm
2015-04-29,3.801770754633153e-05,4.952650378701195e-05,calm
2015-04-30,3.675664609483479e-05,4.525073403299557e-05,calm
2015-05-04,4.0636708306892206e-05,3.256789883624878e-05,calm
2015-05-05,3.8683588654618826e-05,8.591818382940415e-05,calm
2015-05-06,4.432238800775613e-05,3.141407626793183e-05,calm
2015-05-07,4.2684132075350866e-05,7.568705464551436e-05,calm
2015-05-11,4.107431492010351e-05,6.69658147591283e-05,calm
2015-05-12,3.998311598034848e-05,4.468006802821108e-05,calm
2015-05-13,3.81226242314988e-05,3.0107705704906043e-05,calm
2015-05-14,3.5837444578529206e-05,1.1470029429009245e-05,calm
2015-05-18,4.014388933445125e-05,9.760751055191765e-06,calm
2015-05-19,3.83125855853382e-05,1.754118763974536e-05,calm
2015-05-20,3.602030804798636e-05,7.831418272656655e-06,calm
2015-05-21,3.388885572226983e-05,1.0952655989474126e-05,calm
2015-05-26,3.2362976102372025e-05,1.6205064646370083e-05,calm
2015-05-27,3.743248014594881e-05,1.9273192356801182e-05,calm
2015-05-28,4.054173507987322e-05,2.867199437149248e-05,calm
2015-06-01,3.818570142923484e-05,3.07227423688792e-05,calm
2015-06-02,3.614291806877903e-05,1.89164373129325e-05,calm
2015-06-03,3.4033518312208384e-05,4.535150293478719e-05,calm
2015-06-04,3.24115838434392e-05,3.431814101928034e-05,calm
2015-06-08,3.478398214940672e-05,2.216471795533316e-05,calm
2015-06-09,3.4980055504913234e-05,3.8922308277426926e-05,calm
2015-06-10,3.288249466241764e-05,1.979400300688283e-05,calm
2015-06-11,3.9437496197333346e-05,2.659360208940352e-05,calm
2015-06-15,3.769271914674279e-05,2.778301017712598e-05,calm
2015-06-16,3.653781786222601e-05,4.115871305973063e-05,calm
2015-06-17,3.61191199192529e-05,3.1951916864025484e-05,calm
2015-06-18,3.4108621098688024e-05,1.1177589964287142e-05,calm
2015-06-22,3.8484070330847e-05,1.04942336501249e-05,calm
2015-06-23,3.774176861672016e-05,1.428193517801018e-05,calm
2015-06-24,3.550730735836667e-05,1.679771930681694e-05,calm
2015-06-25,3.656486001744126e-05,2.311201029177642e-05,calm
2015-06-29,3.49272930165609e-05,8.090298160519314e-05,calm
2015-06-30,5.978126863223263e-05,5.972962644847797e-05,calm
2015-07-01,5.645676024897425e-05,2.145616968626627e-05,calm
2015-07-06,5.6893590179244457e-05,8.967051896085895e-05,calm
2015-07-07,5.3967331358538346e-05,8.680027755391248e-05,calm
2015-07-08,5.308733041267755e-05,0.000172045206542,calm
2015-07-09,6.70784450616623e-05,0.0001261474397335,calm
2015-07-13,6.324973298074091e-05,5.898326706894606e-06,calm
2015-07-14,6.668413607203171e-05,1.3534406511731926e-05,calm
2015-07-15,6.380731903639016e-05,1.564003693775467e-05,calm
2015-07-16,5.9985504294709035e-05,5.875470183850092e-06,calm
2015-07-20,6.021898389930051e-05,1.061416362282411e-05,calm
2015-07-21,5.662191725885695e-05,1.8905256365101385e-05,calm
2015-07-22,5.416505983332987e-05,1.5986097328116113e-05,calm
2015-07-23,5.110873724437348e-05,1.988811303397917e-05,calm
2015-07-27,4.995475549606041e-05,2.887604567525071e-05,calm
2015-07-28,4.8999832180734204e-05,2.023068219141375e-05,calm
2015-07-29,5.5002265375293165e-05,2.099638299948244e-05,calm
2015-07-30,5.452204255031935e-05,1.4739562498244244e-05,calm
2015-08-03,5.125409616213018e-05,2.3256507331030107e-05,calm
2015-08-04,4.8863768864077016e-05,4.158276992357377e-05,calm
2015-08-05,4.616154400048226e-05,2.929247898906699e-05,calm
2015-08-06,4.404131203195612e-05,3.3186791116096485e-05,calm
2015-08-10,4.545437384301825e-05,6.761660146297476e-05,calm
2015-08-11,5.213292070293118e-05,0.0001146473412212,calm
2015-08-12,5.393444851178008e-05,4.1283068586028896e-05,calm
2015-08-13,5.0784399967426746e-05,1.654905366488865e-05,calm
2015-08-17,4.78303739584246e-05,1.3557625861417415e-05,calm
2015-08-18,4.682291566955064e-05,9.018282192045208e-05,calm
2015-08-19,4.4518429632336695e-05,0.0001152339791299,calm
2015-08-20,4.562696156989046e-05,0.0002313861763627,calm
2015-08-24,6.960818305633885e-05,0.0007348025234109,calm
2015-08-25,0.00017647006746154652,0.0008079402565357,calm
2015-08-26,0.00017428955565574778,0.0003596786887537,calm
2015-08-27,0.000248996846777006,9.132358953607384e-05,calm
2015-08-31,0.0002698788131899557,0.0005039922901797,calm
2015-09-01,0.000257634260179642,0.0002116034331781,calm
2015-09-02,0.0002972696213901915,9.859737401033296e-05,calm
2015-09-03,0.0003006470064916956,0.0002072764213693,calm
2015-09-08,0.00028263896116135514,0.0001241085372017,calm
2015-09-09,0.0003026440451421185,7.67793517954313e-05,calm
2015-09-10,0.00029535898289533463,6.484227262160301e-05,calm
2015-09-14,0.00027940462961000684,3.1016293334707526e-05,calm
2015-09-15,0.00026346951241361025,3.515371948414369e-05,calm
2015-09-16,0.00025691963516365907,0.0001636573230986,calm
2015-09-17,0.0002459723698629056,0.0001854841024235,calm
2015-09-21,0.0002315179105572008,0.0001710237907088,calm
2015-09-22,0.00021922084801808133,5.734748391249309e-05,calm
2015-09-23,0.00021630882677223272,0.0001090146184684,calm
2015-09-24,0.00020348388687702927,0.000107031304058,calm
2015-09-28,0.0001920621249686125,0.0001396604009636,calm
2015-09-29,0.00021930163833400374,0.0002236902304275,calm
2015-09-30,0.00020616406703632465,0.0001301955432231,calm
2015-10-01,0.00021429909499726,0.0002867937749064,calm
2015-10-05,0.0002018485598829573,4.6635916715215616e-05,calm
2015-10-06,0.00020840444147100765,8.970934433972721e-05,calm
2015-10-07,0.00019660694740686145,5.056069266027188e-05,calm
2015-10-08,0.00018880292256866695,2.8545146237442994e-05,calm
2015-10-12,0.00018231979755454897,3.782593237155144e-05,calm
2015-10-13,0.00017143399761128795,4.69489801271934e-05,calm
2015-10-14,0.00016354606984912484,2.882521131682417e-05,calm
2015-10-15,0.00015511891543147174,2.62763611867428e-05,calm
2015-10-19,0.0001597433685487616,2.542504280458696e-05,calm
2015-10-20,0.00015017327791029517,5.582778529318999e-05,calm
2015-10-21,0.00014126106989950066,5.869748797843458e-05,calm
2015-10-22,0.00013510882225283333,7.240403077354259e-05,calm
2015-10-26,0.0001438411967887935,1.4609866583404836e-05,calm
2015-10-27,0.00013557403105946396,3.436664180704787e-05,calm
2015-10-28,0.0001276640586076523,8.854540411661334e-05,calm
2015-10-29,0.00012767970777595374,2.3174636266700817e-05,calm
2015-10-30,0.00012003872430345965,2.8544039185409207e-05,calm
2015-11-02,0.00011395566964899794,1.767918118623745e-05,calm
2015-11-03,0.00011541830091227256,2.3385037435400788e-05,calm
2015-11-04,0.00010899612868424197,3.774662625980252e-05,calm
2015-11-05,0.00010301004807854046,3.409690389583703e-05,calm
2015-11-06,9.68893035832946e-05,3.64143064660928e-05,calm
2015-11-09,9.109239325299271e-05,5.798645347761676e-05,calm
2015-11-10,9.090065488711311e-05,3.024721906389688e-05,calm
2015-11-11,8.57651559385232e-05,2.238476663228424e-05,calm
2015-11-12,8.155039484397471e-05,7.627674966536796e-05,calm
2015-11-13,8.851527536044365e-05,4.4508000640044246e-05,calm
2015-11-16,9.085464903997768e-05,5.117436841654664e-05,calm
2015-11-17,9.907023244900248e-05,5.661560122017896e-05,calm
2015-11-18,9.315796951547366e-05,5.0406961164692486e-05,calm
2015-11-19,0.00010243615512169971,2.157341214131059e-05,calm
2015-11-20,9.633464037550448e-05,3.239403048710993e-05,calm
2015-11-23,9.1348472378077e-05,1.880805872806001e-05,calm
2015-11-24,8.594653303482892e-05,4.270956238367367e-05,calm
2015-11-25,8.08972138986192e-05,1.0244684804753443e-05,calm
2015-11-27,7.604461324623674e-05,6.171518430109994e-06,calm
2015-11-30,7.156071703921845e-05,1.957495992814094e-05,calm
2015-12-01,6.830549684174295e-05,3.872522470796115e-05,calm
2015-12-02,6.961128651135007e-05,2.703080286992145e-05,calm
2015-12-03,7.174752605711308e-05,7.105816453554806e-05,calm
2015-12-04,7.937421271018637e-05,7.14316777294948e-05,calm
2015-12-07,9.699630967582546e-05,6.567393151636108e-05,calm
2015-12-08,9.339229568619012e-05,0.0001643245333882,calm
2015-12-09,9.051618041950805e-05,0.0001100129823886,calm
2015-12-10,8.87450500195846e-05,6.100504190334813e-05,calm
2015-12-11,8.381903591828579e-05,0.0001346940374665,calm
2015-12-14,0.00010177225742648982,0.00015360914132,calm
2015-12-15,9.71898553494402e-05,0.0001125688262275,calm
2015-12-16,9.790194823296049e-05,9.666742574173168e-05,calm
2015-12-17,0.00010468809492308384,8.192657358252532e-05,calm
2015-12-18,0.00011255424084374475,9.51357847561858e-05,calm
2015-12-21,0.00014010066301806736,7.86601826649533e-05,calm
2015-12-22,0.00013574409855883412,4.096532059222434e-05,calm
2015-12-23,0.00013249550031708575,3.4114824881032985e-05,calm
2015-12-24,0.00013363390001790257,7.84666718444164e-06,calm
2015-12-28,0.0001257795616789616,2.968548038363876e-05,calm
2015-12-29,0.00011854678841376248,4.030573473272693e-05,calm
2015-12-30,0.00011819516961283249,1.907770174864376e-05,calm
2015-12-31,0.00011413914277297264,4.822906299582498e-05,calm
2016-01-04,0.00011335547695134473,0.0003475967057265,calm
2016-01-05,0.00011844569698368833,6.259653966025944e-05,calm
2016-01-06,0.00011151030636214893,0.000198654600498,calm
2016-01-07,0.00011448859238107786,0.000391136516861,calm
2016-01-08,0.00014300219962253425,0.000176278050225,calm
2016-01-11,0.00014173134017111106,0.0001621050475013,calm
2016-01-12,0.0001332862086113509,0.0001784905990147,calm
2016-01-13,0.0001291636114402086,0.0002053996293201,calm
2016-01-14,0.00015968849705124056,0.0001629029916617,calm
2016-01-15,0.00016601639788861857,0.0005090396458508,calm
2016-01-19,0.00018430851081519708,0.0001999510292112,calm
2016-01-20,0.000173356173650746,0.0004369341691967,calm
2016-01-21,0.0001729361528824111,0.0002972309481129,calm
2016-01-22,0.00016443242381830963,0.0001823074485602,calm
2016-01-25,0.00017931063434918013,7.110334489338955e-05,calm
2016-01-26,0.00018247276751239648,0.0001283479543495,calm
2016-01-27,0.00018254202118510906,0.0002011773382034,calm
2016-01-28,0.00017877431682683902,0.0002575898176599,calm
2016-01-29,0.00016966752609093508,7.439398758913607e-05,calm
2016-02-01,0.00019429260475793187,0.0001229259695034,calm
2016-02-02,0.0001826428872123183,0.0001200661904025,calm
2016-02-03,0.00019152931103995845,0.0002759621865031,calm
2016-02-04,0.00018218106004351664,0.0001841001755638,calm
2016-02-05,0.00017139752671985268,0.0001420476696324,calm
2016-02-08,0.00018331035034535156,0.0002934881269109,calm
2016-02-09,0.00018333184951160417,0.0002971805305516,calm
2016-02-10,0.00017233211285698166,0.0001650259148464,calm
2016-02-11,0.00016203688975150504,0.0003050485690708,calm
2016-02-12,0.0001626009156403757,9.697953334838142e-05,calm
2016-02-16,0.00017783218071591256,9.253123120172068e-05,calm
2016-02-17,0.00018397073713632023,7.345017607891506e-05,calm
2016-02-18,0.00018868425700628317,4.345827023892125e-05,calm
2016-02-19,0.00017837390157639303,7.005928639747945e-05,calm
2016-02-22,0.0001676846438262963,6.738230272399365e-05,calm
2016-02-23,0.00017002258616445227,4.971556115204992e-05,calm
2016-02-24,0.00016951390877310642,0.0001864575596965,calm
2016-02-25,0.00016059354637684424,6.79098782657836e-05,calm
2016-02-26,0.00015965421629042382,5.540742603638752e-05,calm
2016-02-29,0.000150393456098244,4.7940565230281686e-05,calm
2016-03-01,0.00014508931450812621,6.451451364451791e-05,calm
2016-03-02,0.00016877560636472403,4.259606019457212e-05,calm
2016-03-03,0.00015985457900527845,2.813022093495985e-05,calm
2016-03-04,0.00015118149617086165,4.067005682244326e-05,calm
2016-03-07,0.0001427436807377811,5.02982820512186e-05,calm
2016-03-08,0.00013421726655511357,7.152064183856905e-05,calm
2016-03-09,0.00013339501079231178,5.711394194005908e-05,calm
2016-03-10,0.00012684807348433295,0.0001108592660354,calm
2016-03-11,0.00011927579168622394,6.088452803210438e-05,calm
2016-03-14,0.00012749518945434938,1.9523287153762725e-05,calm
2016-03-15,0.0001199442588183922,3.280544571710374e-05,calm
2016-03-16,0.0001129072066818798,7.381907468114597e-05,calm
2016-03-17,0.00010813070714584702,2.3334689487523533e-05,calm
2016-03-18,0.00010404248680602121,2.6033392850482152e-05,calm
2016-03-21,9.788960270935933e-05,1.7468989082001204e-05,calm
2016-03-22,9.213685075439093e-05,2.669990715551444e-05,calm
2016-03-23,8.662598040550804e-05,2.1925105581518555e-05,calm
2016-03-24,8.405896521572503e-05,3.5851081366079726e-05,calm
2016-03-28,7.902720472939425e-05,3.098773887192196e-05,calm
2016-03-29,7.430650522784387e-05,3.053630842750358e-05,calm
2016-03-30,7.493488245433298e-05,1.3936812466787365e-05,calm
2016-03-31,7.158886678163191e-05,5.147102759432783e-05,calm
2016-04-04,6.764779920812143e-05,6.338468503713788e-05,calm
2016-04-05,6.422003633886457e-05,3.0698608894802305e-05,calm
2016-04-06,6.64126175531602e-05,5.9753725949703646e-05,calm
2016-04-07,6.950680974036768e-05,4.637886268112605e-05,calm
2016-04-11,7.403130670085168e-05,3.769505476020507e-05,calm
2016-04-12,6.992075751208905e-05,3.367539253759674e-05,calm
2016-04-13,7.088113650670418e-05,1.6329533830857807e-05,calm
2016-04-14,7.26888340865897e-05,6.107152945766287e-06,calm
2016-04-18,6.832764256584974e-05,1.9993444718168988e-05,calm
2016-04-19,6.716976759219135e-05,1.539927628077866e-05,calm
2016-04-20,6.373464920150826e-05,2.387373502035176e-05,calm
2016-04-21,5.996499866983937e-05,2.225833913960886e-05,calm
2016-04-25,5.811212043271767e-05,1.7190182830015948e-05,calm
2016-04-26,5.4803770080166346e-05,3.063169312104193e-05,calm
2016-04-27,5.1647841662453215e-05,3.651301695319627e-05,calm
2016-04-28,4.880263061172343e-05,5.225404484822984e-05,calm
2016-05-02,5.086186149430346e-05,5.191005827525416e-05,calm
2016-05-03,5.1570889536426265e-05,3.552153073316082e-05,calm
2016-05-04,5.306121405368429e-05,3.409785668149905e-05,calm
2016-05-05,5.175501233492699e-05,4.29750103538936e-05,calm
2016-05-09,4.8651995405471386e-05,2.063405173790372e-05,calm
2016-05-10,4.5773813805635805e-05,2.237954881538937e-05,calm
2016-05-11,5.2189329988557365e-05,4.735015674101967e-05,calm
2016-05-12,5.4358191056965635e-05,3.3621252411176184e-05,calm
2016-05-16,5.110176310887137e-05,3.562929499965157e-05,calm
2016-05-17,5.3817931769422507e-05,9.16463168028948e-05,calm
2016-05-18,5.5864978480602884e-05,6.468078727679216e-05,calm
2016-05-19,5.2518225173186826e-05,2.623228100710626e-05,calm
2016-05-23,5.008999605615914e-05,2.789230712825456e-05,calm
2016-05-24,4.719614748615445e-05,2.2423190213003367e-05,calm
2016-05-25,5.431647089791574e-05,1.1679147765112862e-05,calm
2016-05-26,5.3799502199249536e-05,8.904894900733696e-06,calm
2016-05-31,5.057646197136032e-05,2.956508778975588e-05,calm
2016-06-01,4.7759488514076394e-05,1.801140354708861e-05,calm
2016-06-02,4.514536156298552e-05,3.529406331157628e-05,calm
2016-06-06,4.299080032646504e-05,6.753289771714669e-06,calm
2016-06-07,4.1957046546408e-05,1.0233005694294088e-05,calm
2016-06-08,3.958566032289304e-05,1.98808902235397e-05,calm
2016-06-09,3.784596743910084e-05,3.8341849816767207e-05,calm
2016-06-13,3.5687239356106535e-05,3.885858617657656e-05,calm
2016-06-14,3.714199710296481e-05,2.430816530778107e-05,calm
2016-06-15,3.514606021760997e-05,5.508774344729761e-05,calm
2016-06-16,3.3154041850129124e-05,2.960091348099072e-05,calm
2016-06-20,3.169758343641979e-05,2.3581708539552984e-05,calm
2016-06-21,3.2268261277084796e-05,2.5795354756515714e-05,calm
2016-06-22,3.0814244896767856e-05,3.4166858198260447e-05,calm
2016-06-23,2.912528946887884e-05,0.0006284184050862,calm
2016-06-27,3.742202730305874e-05,8.358302692898736e-05,calm
2016-06-28,5.477292553831589e-05,6.329879997328406e-05,calm
2016-06-29,7.06581443744249e-05,3.438876799265057e-05,calm
2016-06-30,8.352332518047279e-05,1.5139825171255358e-05,calm
2016-07-05,8.9533442950988e-05,4.77397963307738e-05,calm
2016-07-06,8.728843524078316e-05,2.9502306145696484e-05,calm
2016-07-07,8.419666525479435e-05,1.534174700728773e-05,calm
2016-07-11,7.916794921723426e-05,3.135653845505276e-05,calm
2016-07-12,7.516159926944575e-05,1.3150336227977444e-05,calm
2016-07-13,7.379445634550779e-05,2.7210435858482568e-05,calm
2016-07-14,6.936795777538366e-05,1.1151789583542314e-05,calm
2016-07-18,6.706599033778935e-05,6.950281161817598e-06,calm
2016-07-19,6.347416704144484e-05,5.1183205331206256e-06,calm
2016-07-20,5.9727787977950555e-05,1.1359397135156038e-05,calm
2016-07-21,5.717963079257147e-05,6.998118488551874e-06,calm
2016-07-25,5.460813141827707e-05,2.029149116150981e-05,calm
2016-07-26,5.177542952755252e-05,2.297246028335027e-05,calm
2016-07-27,4.868168244982986e-05,2.396518086269989e-05,calm
2016-07-28,4.58284106037087e-05,1.605941703878963e-05,calm
2016-08-01,4.315860361760006e-05,2.487293884826826e-05,calm
2016-08-02,4.061035616157915e-05,1.1804944741306884e-05,calm
2016-08-03,4.065281912107452e-05,1.1243968837289251e-05,calm
2016-08-04,3.872468916169213e-05,9.667065320642549e-06,calm
2016-08-08,3.646905870062119e-05,5.1507033654786015e-06,calm
2016-08-09,3.4302225872571594e-05,1.0564564637076138e-05,calm
2016-08-10,3.226540301420497e-05,1.1655439447779651e-05,calm
2016-08-11,3.0697925057000016e-05,5.264460706917094e-06,calm
2016-08-15,3.014222529028536e-05,1.1543003686773754e-05,calm
2016-08-16,2.8831226332290267e-05,1.643444292619871e-05,calm
2016-08-17,2.8705705392325887e-05,6.159094914011146e-06,calm
2016-08-18,2.719525991406762e-05,1.4103673472250133e-05,calm
2016-08-22,2.5864979269277496e-05,6.627962136852071e-06,calm
2016-08-23,2.4313206009732523e-05,1.071380553792379e-05,calm
2016-08-24,2.3097167200603412e-05,1.5375372156370595e-05,calm
2016-08-25,2.3289095056377642e-05,3.758426645531877e-05,calm
2016-08-29,2.1920218258098782e-05,1.4056886819698014e-05,calm
2016-08-30,2.2052813471309067e-05,1.26924698803353e-05,calm
2016-08-31,2.08929980131344e-05,2.4379186421612232e-05,calm
2016-09-01,2.0126106994367556e-05,1.4669019832483964e-05,calm
2016-09-06,1.8918667402614854e-05,7.12813414680022e-06,calm
2016-09-07,1.8329993100458256e-05,8.7164287313989e-06,calm
2016-09-08,1.723069404342175e-05,4.4102584875997005e-05,calm
2016-09-12,1.6510293419122816e-05,9.403217173237495e-05,calm
2016-09-13,2.7695521027236185e-05,4.682864722911128e-05,calm
2016-09-14,3.8613756555728206e-05,3.725055788990922e-05,calm
2016-09-15,3.630538039908339e-05,4.274386051782572e-05,calm
2016-09-19,4.0059313289027164e-05,1.951401243251184e-05,calm
2016-09-20,3.765786364739067e-05,3.346809913478899e-05,calm
2016-09-21,3.5398523418915987e-05,2.320596239394876e-05,calm
2016-09-22,4.07777979116614e-05,1.1696005493721547e-05,calm
2016-09-26,4.06987215057394e-05,2.464059425376755e-05,calm
2016-09-27,4.222771445373516e-05,2.301518124293408e-05,calm
2016-09-28,4.1992133129237154e-05,4.629919727047816e-05,calm
2016-09-29,4.094350970450177e-05,3.082941526653865e-05,calm
2016-10-03,4.344292039015279e-05,4.3308781808249256e-05,calm
2016-10-04,4.1183959081493804e-05,1.2280211270317902e-05,calm
2016-10-05,4.028016958149323e-05,1.774025656547172e-05,calm
2016-10-06,3.903315007255253e-05,2.74157941623287e-05,calm
2016-10-10,3.672017309221322e-05,3.422516253398621e-05,calm
2016-10-11,3.6136160073862634e-05,1.8305628748461104e-05,calm
2016-10-12,4.3660659980095814e-05,3.793605936238357e-05,calm
2016-10-13,4.114416117993275e-05,2.6476063796525742e-05,calm
2016-10-17,3.9321369814265235e-05,1.6656376574742825e-05,calm
2016-10-18,3.768796785070937e-05,7.419008937437337e-06,calm
2016-10-19,3.776507379297214e-05,2.933646960425307e-05,calm
2016-10-20,3.592484826247766e-05,2.0314790640537784e-05,calm
2016-10-24,3.397881974602704e-05,1.0436957101181183e-05,calm
2016-10-25,3.302064710952615e-05,2.291962845320422e-05,calm
2016-10-26,3.171524607072619e-05,2.2815251791584925e-05,calm
2016-10-27,3.005467335313836e-05,5.8803994148997966e-05,calm
2016-10-31,2.8679251257439267e-05,1.4053857553146364e-05,calm
2016-11-01,2.695862925724261e-05,3.538076805489435e-05,calm
2016-11-02,2.8513829381744184e-05,4.398327123570008e-05,calm
2016-11-03,2.898958055953144e-05,1.825675463840205e-05,calm
2016-11-04,2.8512989124088822e-05,3.1676612866815504e-05,calm
2016-11-07,2.687510375478526e-05,5.81788346196305e-05,calm
2016-11-08,5.3822218093295757e-05,3.161488857989053e-05,calm
2016-11-09,5.1804533881288205e-05,0.0001216853112382,calm
2016-11-10,5.5369651680662895e-05,0.0001126297926288,calm
2016-11-11,5.242021689405237e-05,3.143515896113161e-05,calm
2016-11-14,4.959452096525326e-05,2.735145203620469e-05,calm
2016-11-15,4.665584137684321e-05,1.11279623108643e-05,calm
2016-11-16,4.748118524871867e-05,1.4536616204313543e-05,calm
2016-11-17,4.4844401709425855e-05,6.825718147760081e-06,calm
2016-11-18,4.373124961145411e-05,9.493052843207066e-06,calm
2016-11-21,4.140845139238224e-05,9.257212610933407e-06,calm
2016-11-22,4.2319757245154886e-05,8.50623113178578e-06,calm
2016-11-23,4.000903657913198e-05,7.503065640927057e-06,calm
2016-11-25,3.762624077043912e-05,1.993045388154618e-06,calm
2016-11-28,3.619388858979802e-05,9.72092895238111e-06,calm
2016-11-29,3.535100173626348e-05,9.150174039960871e-06,calm
2016-11-30,3.345772367146718e-05,2.8017222821861937e-05,calm
2016-12-01,3.179644920715112e-05,2.1306747519352884e-05,calm
2016-12-02,3.0702191134458614e-05,1.4623593397839818e-05,calm
2016-12-05,2.887510692601204e-05,8.43231556667906e-06,calm
2016-12-06,2.9295976440473863e-05,8.861215550129153e-06,calm
2016-12-07,2.813826478787666e-05,2.268667047760707e-05,calm
2016-12-08,3.6583677807608406e-05,1.6155961444061298e-05,calm
2016-12-09,3.474755876972151e-05,8.397497332696216e-06,calm
2016-12-12,3.483875506916645e-05,1.4526868952010185e-05,calm
2016-12-13,3.282757113972456e-05,1.5207222411221524e-05,calm
2016-12-14,3.351273241833841e-05,7.82849558983664e-05,calm
2016-12-15,3.562393477146409e-05,2.869014108279807e-05,calm
2016-12-16,3.4499406014231766e-05,2.1016833261276737e-05,calm
2016-12-19,3.611222150274484e-05,9.537053552497278e-06,calm
2016-12-20,3.422933824800674e-05,8.155500508814728e-06,calm
2016-12-21,3.306499124576558e-05,3.81966704921707e-06,calm
2016-12-22,3.154697289080016e-05,6.424925463570126e-06,calm
2016-12-23,2.983350286165845e-05,2.609473286644902e-06,calm
2016-12-27,2.8171937829385153e-05,5.589826606184361e-06,calm
2016-12-28,2.685004350945219e-05,1.2391144492659291e-05,calm
2016-12-29,2.9371294478902177e-05,1.1561926881236435e-05,calm
2016-12-30,2.761199484825016e-05,2.2035693328963653e-05,calm
2017-01-03,2.6759771967855527e-05,3.530082554881368e-05,calm
2017-01-04,2.86388699164582e-05,1.3258026097284536e-05,calm
2017-01-05,2.903154676958239e-05,1.178482830740815e-05,calm
2017-01-06,2.7327553730259803e-05,1.4969657392208488e-05,calm
2017-01-09,2.6453198730606968e-05,8.063359033437074e-06,calm
2017-01-10,2.552193214987921e-05,1.2563080178720623e-05,calm
2017-01-11,2.3990616220886454e-05,2.8820522383153456e-05,calm
2017-01-12,2.302904006324641e-05,2.3747477731196367e-05,calm
2017-01-13,2.202623641582468e-05,8.459343076259831e-06,calm
2017-01-17,2.1020102873769885e-05,9.541272883018732e-06,calm
2017-01-18,2.05064187154553e-05,1.115529785092641e-05,calm
2017-01-19,1.9568418666919712e-05,1.5401237970675128e-05,calm
2017-01-20,1.922077533569306e-05,2.0624291935011244e-05,calm
2017-01-23,1.8874476257395506e-05,1.831288575416317e-05,calm
2017-01-24,1.8149338591602837e-05,7.742267073350394e-06,calm
2017-01-25,1.9511270642110505e-05,8.639567067979128e-06,calm
2017-01-26,2.2797096707435675e-05,8.716921054753547e-06,calm
2017-01-27,2.1494918308240086e-05,6.599146181684205e-06,calm
2017-01-30,2.0353310632267348e-05,2.007743604567609e-05,calm
2017-01-31,2.145415354302797e-05,1.7117882252420035e-05,calm
2017-02-01,2.0167368077605303e-05,2.058079775677697e-05,calm
2017-02-02,1.8966709211798837e-05,1.6156560255120758e-05,calm
2017-02-03,1.7854748988380942e-05,8.04652559173343e-06,calm
2017-02-06,1.961464825285728e-05,6.24749500737074e-06,calm
2017-02-07,1.8629876764873957e-05,7.596372125171352e-06,calm
2017-02-08,1.7512198861958677e-05,1.2176839872403404e-05,calm
2017-02-09,1.6564361022503382e-05,6.330125180114206e-06,calm
2017-02-10,1.7669818504292013e-05,4.6908385960384204e-06,calm
2017-02-13,1.7540294316965162e-05,4.917305478029624e-06,calm
2017-02-14,1.8255546884945753e-05,1.079192327125345e-05,calm
2017-02-15,1.811416055267001e-05,9.0879428334082e-06,calm
2017-02-16,1.865395337842978e-05,2.2197313332101e-05,calm
2017-02-17,1.75782400827792e-05,8.14978238996161e-06,calm
2017-02-21,1.6672399125512157e-05,1.115227435658522e-05,calm
2017-02-22,1.7787320187290192e-05,6.905035815576451e-06,calm
2017-02-23,1.6767437283236273e-05,1.0676083468818336e-05,calm
2017-02-24,1.578888664390273e-05,1.484820825386242e-05,calm
2017-02-27,1.4938027366014214e-05,8.364149569720683e-06,calm
2017-02-28,1.4188071765094042e-05,8.160604373456629e-06,calm
2017-03-01,1.3775100286304629e-05,1.423165281252227e-05,calm
2017-03-02,2.454198830880267e-05,1.4972072555817631e-05,calm
2017-03-03,2.5463987608535357e-05,9.854526728551376e-06,calm
2017-03-06,2.395991053619187e-05,9.354071028511452e-06,calm
2017-03-07,2.3055978823424717e-05,9.59480276521889e-06,calm
2017-03-08,2.220950355706081e-05,1.131798827708678e-05,calm
2017-03-09,2.108412470540217e-05,1.2186180666889531e-05,calm
2017-03-10,1.9915453357770282e-05,1.385892531857754e-05,calm
2017-03-13,1.9454712441154456e-05,5.461830069868128e-06,calm
2017-03-14,1.830271370654469e-05,1.4428728694724083e-05,calm
2017-03-15,1.8086496570709003e-05,1.845940163264653e-05,calm
2017-03-16,2.1455668686369674e-05,1.0412375887641516e-05,calm
2017-03-17,2.0400918061039443e-05,6.386087516878014e-06,calm
2017-03-20,2.1408526995121955e-05,1.2038693008286105e-05,calm
2017-03-21,2.019628396102778e-05,4.198479801938434e-05,calm
2017-03-22,2.900418301473233e-05,2.873986723295791e-05,calm
2017-03-23,2.7595392383918806e-05,2.6084969089896136e-05,calm
2017-03-24,2.6008063861220856e-05,2.563312425962748e-05,calm
2017-03-27,2.4479262004162212e-05,2.173073494206829e-05,calm
2017-03-28,2.3073766055408968e-05,1.044726844515106e-05,calm
2017-03-29,2.4843506221478973e-05,8.98985543259254e-06,calm
2017-03-30,2.340528213820231e-05,1.17465019184805e-05,calm
2017-04-03,2.2607371116891926e-05,1.3100950098603844e-05,calm
2017-04-04,2.143273812062964e-05,3.860427130308475e-05,calm
2017-04-05,2.0171133261758498e-05,2.620642750159066e-05,calm
2017-04-06,1.949264050034645e-05,2.020967123305064e-05,calm
2017-04-10,1.8795909111566953e-05,3.173276335396676e-05,calm
2017-04-11,1.7689400236661406e-05,2.2844534550322504e-05,calm
2017-04-12,1.6713069516922855e-05,2.38872774601896e-05,calm
2017-04-17,1.6867392862481492e-05,1.841060979573559e-05,calm
2017-04-18,2.0523814989771307e-05,1.3064525717148812e-05,calm
2017-04-19,1.9828324849040375e-05,1.2627890397638288e-05,calm
2017-04-20,1.884182524338531e-05,1.4473397003087707e-05,calm
2017-04-24,2.1653911597347624e-05,7.227291713214016e-06,calm
2017-04-25,2.75329125318023e-05,2.2241304035310253e-05,calm
2017-04-26,2.7900569121124716e-05,1.07626100166163e-05,calm
2017-04-27,2.6250276088250905e-05,8.861551405906131e-06,calm
2017-05-01,2.4717457102324457e-05,5.837677226865868e-06,calm
2017-05-02,2.3614512709252107e-05,8.218916782662081e-06,calm
2017-05-03,2.2206172012732895e-05,1.367521899549252e-05,calm
2017-05-04,2.0962423593253383e-05,5.581949847931758e-06,calm
2017-05-08,1.9787291475859723e-05,6.504059435629894e-06,calm
2017-05-09,1.8601724546390655e-05,4.802453281190964e-06,calm
2017-05-10,1.7536227903263714e-05,1.158952216165951e-05,calm
2017-05-11,1.6677206854474792e-05,5.474865980580471e-06,calm
2017-05-15,1.5927452195664924e-05,7.586803050969945e-06,calm
2017-05-16,1.6792291757208922e-05,3.252463044860232e-05,calm
2017-05-17,1.5835091751368906e-05,4.333624274918461e-05,calm
2017-05-18,3.411683761547909e-05,1.3441363631925554e-05,calm
2017-05-22,3.303963980889175e-05,5.317225716601514e-06,calm
2017-05-23,3.259627279348778e-05,4.924107547085021e-06,calm
2017-05-24,3.0933624426426984e-05,8.541006874870385e-06,calm
2017-05-25,2.9403374592938106e-05,3.642491773618956e-06,calm
2017-05-30,2.9003263253813747e-05,1.4444833948179025e-05,calm
2017-05-31,2.730839955627859e-05,8.025300491823776e-06,calm
2017-06-01,2.5673599762567467e-05,7.170377215055924e-06,calm
2017-06-05,2.7897552741321864e-05,8.525341347402811e-06,calm
2017-06-06,2.625632803564489e-05,8.590761982609548e-06,calm
2017-06-07,2.5296104331597252e-05,1.2969702552996304e-05,calm
2017-06-08,2.3983362012838205e-05,3.597250411329846e-05,calm
2017-06-12,2.255890470087799e-05,8.019608367875839e-06,calm
2017-06-13,2.120790296078564e-05,2.0436335256390773e-05,calm
2017-06-14,2.1363103352420357e-05,1.664885299917536e-05,calm
2017-06-15,2.0177851810001773e-05,1.1202471928335315e-05,calm
2017-06-19,1.9189794470047043e-05,1.0224699131574804e-05,calm
2017-06-20,2.2162495191169918e-05,1.2921542766538894e-05,calm
2017-06-21,2.3580229578082854e-05,7.233627910287446e-06,calm
2017-06-22,2.2169074087011114e-05,8.25680019504135e-06,calm
2017-06-26,2.0851235284948602e-05,1.953407818005006e-05,calm
2017-06-27,1.9626124799427274e-05,1.6327837153197737e-05,calm
2017-06-28,2.2374298601334617e-05,4.7791161373866496e-05,calm
2017-06-29,2.579576547111228e-05,1.921835107404792e-05,calm
2017-07-05,2.89237264011264e-05,1.999703046341511e-05,calm
2017-07-06,2.750829267747081e-05,9.219661441690568e-06,calm
2017-07-10,3.092133494002668e-05,2.041884303077295e-05,calm
2017-07-11,2.913517233553625e-05,9.836286466070126e-06,calm
2017-07-12,2.7420177077133255e-05,4.753232310690548e-06,calm
2017-07-13,2.913794722557807e-05,4.738712524362805e-06,calm
2017-07-17,2.7558785445933472e-05,8.866225463259536e-06,calm
2017-07-18,2.5906153882365196e-05,3.930936263621172e-06,calm
2017-07-19,2.4368597120603185e-05,8.155892610920884e-06,calm
2017-07-20,2.4655686813658724e-05,4.650471052539611e-06,calm
2017-07-24,2.318824128550112e-05,3.939355455073604e-06,calm
2017-07-25,2.1800491285081906e-05,5.843983180511742e-06,calm
2017-07-26,2.0846153716000686e-05,2.626454240835038e-05,calm
2017-07-27,1.9595482393977426e-05,7.675756124414517e-06,calm
2017-07-31,1.847164420093719e-05,6.852959625954329e-06,calm
2017-08-01,1.7382646222593253e-05,1.3243215086709916e-05,calm
2017-08-02,1.6637079701631234e-05,7.124957786695563e-06,calm
2017-08-03,1.5652972141014805e-05,7.718977368245543e-06,calm
2017-08-07,1.4940012937334544e-05,1.0657166552350724e-05,calm
2017-08-08,1.4250630795746794e-05,1.826262794536436e-05,calm
2017-08-09,1.3759871629756554e-05,3.068419155357714e-05,calm
2017-08-10,1.293437736757621e-05,1.6235490524315244e-05,calm
2017-08-14,2.428375246107105e-05,7.597027387428061e-06,calm
2017-08-15,2.866503623654218e-05,9.602566942447369e-06,calm
2017-08-16,2.694602251953441e-05,3.21140013636011e-05,calm
2017-08-17,2.5511515600710903e-05,2.912622168032675e-05,calm
2017-08-21,3.879599383440486e-05,1.1059448213068393e-05,calm
2017-08-22,3.650496959367935e-05,1.1210745665674774e-05,calm
2017-08-23,4.080766298346383e-05,1.6657840209925543e-05,calm
2017-08-24,3.913329092684664e-05,1.240530735094806e-05,calm
2017-08-28,3.711197999180293e-05,9.14134822030488e-06,calm
2017-08-29,3.4885361702567124e-05,7.94708805665742e-06,calm
2017-08-30,3.287079252787067e-05,8.27995494714268e-06,calm
2017-08-31,3.2238853768279455e-05,6.812995408461733e-06,calm
2017-09-05,3.246310881161876e-05,7.194976454707857e-06,calm
2017-09-06,3.363260627727606e-05,1.2168437608919624e-05,calm
2017-09-07,3.231150666625473e-05,6.872057016941768e-06,calm
2017-09-11,3.0373702134307786e-05,4.604428305690069e-06,calm
2017-09-12,3.5304905246845284e-05,3.4559374748527843e-06,calm
2017-09-13,3.386599175673585e-05,4.198882458671138e-06,calm
2017-09-14,3.184784297071061e-05,3.5608100012003555e-06,calm
2017-09-18,2.9943110288888927e-05,4.386818036639344e-06,calm
2017-09-19,2.8417366214624668e-05,1.0201951351476597e-05,calm
2017-09-20,2.6772398720434162e-05,7.743973112850879e-06,calm
2017-09-21,2.5173829231654237e-05,3.481922266008804e-06,calm
2017-09-25,2.4095291283940756e-05,6.559197722896502e-06,calm
2017-09-26,2.290091562622802e-05,1.1001876570215672e-05,calm
2017-09-27,2.1548636316298214e-05,5.151294935902915e-06,calm
2017-09-28,2.1162138265128874e-05,4.896712048314635e-06,calm
2017-10-02,1.9978673667458756e-05,4.274704580519075e-06,calm
2017-10-03,1.9904531367005932e-05,5.115843528488577e-06,calm
2017-10-04,1.8984477499552827e-05,4.0123077997400185e-06,calm
2017-10-05,1.7929767051974838e-05,4.670294476407286e-06,calm
2017-10-09,1.8947980998998726e-05,7.180574169401431e-06,calm
2017-10-10,1.797494663325469e-05,3.4645731406485937e-06,calm
2017-10-11,1.731299060316149e-05,3.947287258453006e-06,calm
2017-10-12,1.642206216821073e-05,3.566298547099304e-06,calm
2017-10-16,1.5570160808096587e-05,2.342903383090148e-06,calm
2017-10-17,1.4742515244943811e-05,3.0866777809557538e-06,calm
2017-10-18,1.388777425144702e-05,5.472727319487298e-06,calm
2017-10-19,1.3111909743603682e-05,4.282498494816701e-06,calm
2017-10-23,1.2329688823215933e-05,6.354013627900999e-06,calm
2017-10-24,1.2501089732989928e-05,2.205369649753281e-05,calm
2017-10-25,1.1935944514730234e-05,1.2439427969827716e-05,calm
2017-10-26,1.2697323562164196e-05,1.2852335898770177e-05,calm
2017-10-30,1.2035612087024072e-05,1.0190473770679576e-05,calm
2017-10-31,1.214916260418179e-05,3.844075565737857e-06,calm
2017-11-01,1.1565611680997286e-05,9.89368395522742e-06,calm
2017-11-02,1.0976424682256217e-05,1.6102995433989458e-05,calm
2017-11-03,1.0326886416382551e-05,4.471086574744166e-06,calm
2017-11-06,1.0373862362845174e-05,3.08508695023499e-06,calm
2017-11-07,9.894924427508385e-06,8.325939854062812e-06,calm
2017-11-08,9.330260271921674e-06,5.652371085663188e-06,calm
2017-11-09,8.943733592529661e-06,2.767443583524494e-05,calm
2017-11-10,9.1995937341096e-06,6.876456679156106e-06,calm
2017-11-13,8.653383647319857e-06,4.789063194644555e-06,calm
2017-11-14,8.18601196002824e-06,1.9274928979575017e-05,calm
2017-11-15,8.019249414325404e-06,2.2325419200682783e-05,calm
2017-11-16,9.048817127464471e-06,8.051411632137276e-06,calm
2017-11-17,1.2805317822508766e-05,5.4455940880412325e-06,calm
2017-11-20,1.2556687400261376e-05,4.597282928434352e-06,calm
2017-11-21,1.1977688765568116e-05,4.813483210377632e-06,calm
2017-11-22,1.3810808218649402e-05,2.818742482927139e-06,calm
2017-11-24,1.3029149592124019e-05,1.218059268025056e-06,calm
2017-11-27,1.2566754119695307e-05,4.6620195125725e-06,calm
2017-11-28,1.182770899099566e-05,1.1049063256237762e-05,calm
2017-11-29,1.723100989435063e-05,1.6148250139225744e-05,calm
2017-11-30,1.621939230648998e-05,2.732316514645123e-05,calm
2017-12-01,1.9805256342685937e-05,8.878526153603566e-05,calm
2017-12-04,1.8875931043436854e-05,2.2659116198128083e-05,calm
2017-12-05,1.7831316711376054e-05,1.636164890858776e-05,calm
2017-12-06,1.7540380506772143e-05,1.3038106015238966e-05,calm
2017-12-07,1.6490121679671648e-05,8.912262992352853e-06,calm
2017-12-08,1.609535423836577e-05,7.157952923588582e-06,calm
2017-12-11,1.6904135668423713e-05,6.28610596713131e-06,calm
2017-12-12,1.6432949352085207e-05,6.536597935707063e-06,calm
2017-12-13,1.5633528026462243e-05,1.2149563391690132e-05,calm
2017-12-14,1.4696275098398849e-05,1.1651827415373304e-05,calm
2017-12-15,1.4820434055366748e-05,1.2545611847702714e-05,calm
2017-12-18,1.4543495338168162e-05,8.446383803682566e-06,calm
2017-12-19,1.606834992264238e-05,8.499256965557588e-06,calm
2017-12-20,1.599258567724826e-05,1.3496620660201293e-05,calm
2017-12-21,1.5049517870118605e-05,8.027997619826864e-06,calm
2017-12-22,1.4400552529547725e-05,4.40157794917856e-06,calm
2017-12-26,1.3540623930347321e-05,3.030899041887512e-06,calm
2017-12-27,1.281414934227501e-05,2.709995458511272e-06,calm
2017-12-28,1.2059498111376889e-05,1.600500283502711e-06,calm
2017-12-29,1.1589383692183594e-05,6.703570866219266e-06,calm
2018-01-02,1.1750258383111203e-05,6.614951624958542e-06,calm
2018-01-03,1.409702537841617e-05,5.71847519323922e-06,calm
2018-01-04,1.563656430851124e-05,7.308547842727639e-06,calm
2018-01-05,1.5759780967239695e-05,7.888586235726555e-06,calm
2018-01-08,1.7461135007179746e-05,6.09844119244572e-06,calm
2018-01-09,1.6613746671991077e-05,1.0587500304570517e-05,calm
2018-01-10,1.5923610869690593e-05,1.1667978354241348e-05,calm
2018-01-11,1.5108841439025991e-05,6.977268385323447e-06,calm
2018-01-12,1.7373124876903443e-05,1.0305350153288946e-05,calm
2018-01-16,1.886403310273657e-05,3.171103484184363e-05,calm
2018-01-17,1.8435679033606442e-05,1.7473471234424658e-05,calm
2018-01-18,2.2729183394440095e-05,2.141279362261225e-05,calm
2018-01-19,2.1535224673067578e-05,1.2927845371988949e-05,calm
2018-01-22,2.1479442402393994e-05,1.2361764689323807e-05,calm
2018-01-23,2.412539876192184e-05,1.0516214125313828e-05,calm
2018-01-24,2.2947599535171643e-05,3.761788161072697e-05,calm
2018-01-25,2.1579796053805158e-05,3.039692870677867e-05,calm
2018-01-26,2.0295777139153714e-05,9.102114425420824e-06,calm
2018-01-29,2.7028657983683936e-05,2.2349371869295257e-05,calm
2018-01-30,2.8061857389197916e-05,3.4929776497839115e-05,calm
2018-01-31,3.275595808841711e-05,3.271678149527722e-05,calm
2018-02-01,3.080540308136313e-05,3.341903194596238e-05,calm
2018-02-02,2.903448481887088e-05,7.015573151725725e-05,calm
2018-02-05,5.6359833613606936e-05,0.0004551799233295,calm
2018-02-06,0.0001624898336077732,0.0006652118347677,calm
2018-02-07,0.0001755804033798776,0.0001972164402289,calm
2018-02-08,0.00016682094954723008,0.000364028297806,calm
2018-02-09,0.00024450578898096065,0.0006393205842826,calm
2018-02-12,0.00024317360107133004,0.0001658825181395,calm
2018-02-13,0.00024133378929635027,7.113636897879899e-05,calm
2018-02-14,0.00022722406675614154,9.89923055024988e-05,calm
2018-02-15,0.00022437381499114167,7.355126662727743e-05,calm
2018-02-16,0.00022055742020899566,7.211206530778424e-05,calm
2018-02-20,0.0002073291229838308,5.786675576998364e-05,calm
2018-02-21,0.00019725633218132507,7.737946210594005e-05,calm
2018-02-22,0.00018691294880032386,9.652090932117766e-05,calm
2018-02-23,0.00017579883063454963,4.30592984360934e-05,calm
2018-02-26,0.00018025517925531276,3.1198675427699144e-05,calm
2018-02-27,0.0001774375750399888,8.018621425927186e-05,calm
2018-02-28,0.00017626425822008594,7.684882115591153e-05,calm
2018-03-01,0.0001719084750628556,0.0002355839938478,calm
2018-03-02,0.00017446684178880188,0.0001190283660968,calm
2018-03-05,0.00016558504807345092,5.8839391575838e-05,calm
2018-03-06,0.00016357346438331162,4.5990117960412656e-05,calm
2018-03-07,0.00015414365573180244,4.697114005697994e-05,calm
2018-03-08,0.00014490309796516527,4.3424621822541743e-05,calm
2018-03-09,0.00013760715143871743,1.431971019703371e-05,calm
2018-03-12,0.00014721002105977642,2.8399877176607223e-05,calm
2018-03-13,0.00013847205315841856,4.9113389469572345e-05,calm
2018-03-14,0.00013268600202473533,6.596320011655736e-05,calm
2018-03-15,0.00012631298068657617,2.947954790915389e-05,calm
2018-03-16,0.00011880552318422337,1.8657054776395223e-05,calm
2018-03-19,0.00011218642591910543,6.32718404727625e-05,calm
2018-03-20,0.00011658994828981452,3.359572098801225e-05,calm
2018-03-21,0.00010976779927073497,6.197007099274223e-05,calm
2018-03-22,0.00010340316638073757,0.0001147312858884,calm
2018-03-23,0.00013564958208784036,0.0001544169488096,calm
2018-03-26,0.00015536197055240452,0.000176556349365,calm
2018-03-27,0.00018975259245244182,0.0002688692630993,calm
2018-03-28,0.00019603144176540566,9.621811814917288e-05,calm
2018-04-02,0.00018479495605145676,0.0001788462002333,calm
2018-04-03,0.0002022765567390507,0.0001308391634871,calm
2018-04-04,0.00019987159814863008,8.622249476007186e-05,calm
2018-04-05,0.00019467479753173142,0.000134196094826,calm
2018-04-09,0.00018670205444160936,0.0001106799023618,calm
2018-04-10,0.00017695011675722836,7.535300253347774e-05,calm
2018-04-11,0.0001812646645021315,4.996598321838943e-05,calm
2018-04-12,0.0001720463450331776,6.225191328259691e-05,calm
2018-04-16,0.00016575152458104717,1.6500104238470782e-05,calm
2018-04-17,0.00015982915116261086,2.258786574667965e-05,calm
2018-04-18,0.00015703405201811634,3.606030958477396e-05,calm
2018-04-19,0.00014764486411177882,5.216582244584812e-05,calm
2018-04-23,0.00014064298165793163,0.0001407534082741,calm
2018-04-24,0.00013220575205148287,0.0001005632290713,calm
2018-04-25,0.00013530399292748242,3.784146714232963e-05,calm
2018-04-26,0.000127551391928889,3.349606704611639e-05,calm
2018-04-30,0.0001260363871338275,4.747248022629809e-05,calm
2018-05-01,0.00012205034426474257,4.787963713161233e-05,calm
2018-05-02,0.00011491642463382292,0.0001010027703401,calm
2018-05-03,0.00011074721410770193,4.463663451205776e-05,calm
2018-05-07,0.00010439440554012313,4.524455803516075e-05,calm
2018-05-08,9.881522632358735e-05,2.9659279793236104e-05,calm
2018-05-09,9.28863127441721e-05,2.010849529280787e-05,calm
2018-05-10,9.286504996209783e-05,2.0617447204891485e-05,calm
2018-05-14,9.249054313291103e-05,3.939174727281433e-05,calm
2018-05-15,8.695472548568677e-05,1.61998087489785e-05,calm
2018-05-16,8.460298609343522e-05,1.980609056514736e-05,calm
2018-05-17,8.058330029985472e-05,2.127363185940765e-05,calm
2018-05-21,7.579115677152684e-05,1.421697742964394e-05,calm
2018-05-22,7.461007834592104e-05,2.8522418571391115e-05,calm
2018-05-23,7.059852049926647e-05,3.2755518112654295e-05,calm
2018-05-24,6.681550351427387e-05,1.6197009873600785e-05,calm
2018-05-29,6.305888888817336e-05,2.1225392793408687e-05,calm
2018-05-30,6.730402464084114e-05,4.003025152578256e-05,calm
2018-05-31,7.38098121555249e-05,2.009443308400909e-05,calm
2018-06-04,7.164669724545146e-05,1.6125956049530178e-05,calm
2018-06-05,6.869604521427772e-05,1.5098667468390588e-05,calm
2018-06-06,6.460602191549458e-05,2.9526820758843683e-05,calm
2018-06-07,6.488879310388616e-05,1.3072953972051688e-05,calm
2018-06-11,6.0996167283922e-05,8.469779576886225e-06,calm
2018-06-12,5.744239164269877e-05,1.6929324875534576e-05,calm
2018-06-13,5.409593937996325e-05,1.1211965779949244e-05,calm
2018-06-14,5.14630607667794e-05,2.5513147656398672e-05,calm
2018-06-18,4.8754667976174496e-05,2.156809256993061e-05,calm
2018-06-19,4.608374218181234e-05,8.010943352619005e-06,calm
2018-06-20,4.42035265475718e-05,3.0362929554109723e-05,calm
2018-06-21,4.172564234886161e-05,1.526536110131513e-05,calm
2018-06-25,4.159486964662317e-05,2.898905200072649e-05,calm
2018-06-26,5.03710019717661e-05,7.422572422614897e-05,calm
2018-06-27,4.76422116044734e-05,5.787980432085696e-05,calm
2018-06-28,4.89357713785845e-05,2.4756918927332547e-05,calm
2018-07-02,4.794985741284393e-05,1.4196731639339e-05,calm
2018-07-05,4.5346533893066024e-05,2.2771367019504736e-05,calm
2018-07-09,4.6586546991688696e-05,1.1413431824406982e-05,calm
2018-07-10,4.8612617261489685e-05,1.942270107970797e-05,calm
2018-07-11,4.6469989946594315e-05,1.653476145784446e-05,calm
2018-07-12,4.691552666202803e-05,9.407491987610213e-06,calm
2018-07-16,4.898778449497195e-05,1.2264668832116362e-05,calm
2018-07-17,4.609653237596993e-05,5.991402370987766e-06,calm
2018-07-18,4.4308634387824814e-05,1.5393012576390907e-05,calm
2018-07-19,4.1915066534506346e-05,9.524884436916564e-06,calm
2018-07-23,4.025681249298689e-05,2.1146940703454864e-05,calm
2018-07-24,3.8048446903179935e-05,2.178914876628423e-05,calm
2018-07-25,3.727720600262707e-05,1.193431253459892e-05,calm
2018-07-26,3.936171293706673e-05,3.067783781486831e-05,calm
2018-07-30,3.7334726205426196e-05,1.923819402508662e-05,calm
2018-07-31,3.6740340773166715e-05,1.1862521679934258e-05,calm
2018-08-01,3.598668140930559e-05,1.4204832295020936e-05,calm
2018-08-02,3.399522306928212e-05,9.043144868161178e-06,calm
2018-08-06,3.372647669392303e-05,8.975279272696583e-06,calm
2018-08-07,3.2506825786027304e-05,7.626604472685813e-06,calm
2018-08-08,3.120858035438693e-05,7.5290472724648515e-06,calm
2018-08-09,2.9346663080703494e-05,2.287484759334325e-05,calm
2018-08-13,2.7698000126611888e-05,1.7785372736627628e-05,calm
2018-08-14,2.6880087120734482e-05,4.493497828651328e-05,calm
2018-08-15,2.769456496615462e-05,1.637066864741043e-05,calm
2018-08-16,2.940377184422023e-05,1.750479894701991e-05,calm
2018-08-20,3.153625374782698e-05,8.955606977887712e-06,calm
2018-08-21,2.991825640593925e-05,9.847143313368516e-06,calm
2018-08-22,2.845241560653324e-05,1.2849475604154614e-05,calm
2018-08-23,2.6766427744824604e-05,8.778607505618296e-06,calm
2018-08-27,2.5266381691466226e-05,9.343115575934486e-06,calm
2018-08-28,2.746126371998087e-05,6.731406980853608e-06,calm
2018-08-29,2.582758865604325e-05,2.0100691969823984e-05,calm
2018-08-30,2.6005803368065827e-05,1.4892996244859516e-05,calm
2018-09-04,2.5432816115972765e-05,3.5053643854095e-05,calm
2018-09-05,2.4085132555757502e-05,3.489150337542833e-05,calm
2018-09-06,2.307581990958764e-05,3.814183321768991e-05,calm
2018-09-10,2.223653610184142e-05,1.472110611614496e-05,calm
2018-09-11,2.1083377453883705e-05,2.4884567411449644e-05,calm
2018-09-12,2.046860196411095e-05,1.2726204387781622e-05,calm
2018-09-13,1.9244004585812653e-05,1.2757677608114882e-05,calm
2018-09-17,2.0175874746023733e-05,1.4245041404083616e-05,calm
2018-09-18,2.0656051842701322e-05,1.063457610737335e-05,calm
2018-09-19,2.1173748036169613e-05,8.311673890179496e-06,calm
2018-09-20,1.9971382520327224e-05,6.777642726152144e-06,calm
2018-09-24,2.268168727595534e-05,8.021425312253984e-06,calm
2018-09-25,2.198514780057292e-05,2.3740820653048544e-05,calm
2018-09-26,2.0717728257491053e-05,9.74386359942428e-06,calm
2018-09-27,2.00134881163305e-05,1.1656450480853398e-05,calm
2018-10-01,1.9279843544139954e-05,1.5789160675991803e-05,calm
2018-10-02,1.884473504349507e-05,1.610845094820653e-05,calm
2018-10-03,1.773444053773321e-05,4.413037786646963e-05,calm
2018-10-04,1.6688434071968318e-05,4.2350197050377066e-05,calm
2018-10-08,1.9381099109919835e-05,4.212508379178483e-05,calm
2018-10-09,1.8218233163324644e-05,0.0001483015168757,calm
2018-10-10,1.725309786449442e-05,0.0003819383668723,calm
2018-10-11,7.83330148990536e-05,0.0001981396788324,calm
2018-10-15,0.00010339743533055307,4.6229122638354096e-05,calm
2018-10-16,9.909733626445754e-05,0.0001059740238844,calm
2018-10-17,0.00012122358438971093,0.0001256818832433,calm
2018-10-18,0.00011395207819400213,8.80717567564226e-05,calm
2018-10-22,0.00011981087047032002,0.0001286478708651,calm
2018-10-23,0.00011383654694210341,0.0001776456907556,calm
2018-10-24,0.00010856928971847157,0.0001010515723094,calm
2018-10-25,0.00015885166285881894,0.0003221444567771,calm
2018-10-29,0.0001682914450626736,0.0003020764729368,calm
2018-10-30,0.00016004589299860712,0.0002369290928385,calm
2018-10-31,0.0001634257584465122,8.267753088956122e-05,calm
2018-11-01,0.00016039266913903905,6.926351424220781e-05,calm
2018-11-02,0.00015749243968002374,0.0001625799095452,calm
2018-11-05,0.00015016033226635892,3.526037727885601e-05,calm
2018-11-06,0.0001429668834554238,3.699906255462284e-05,calm
2018-11-07,0.00013677628263808754,4.081668561237299e-05,calm
2018-11-08,0.00015549272825981917,4.4635716622966265e-05,calm
2018-11-09,0.00014636115921603897,5.518134697250357e-05,calm
2018-11-12,0.00014336102532182412,9.255630065272847e-05,calm
2018-11-13,0.00015610581644424852,0.0001678628106496,calm
2018-11-14,0.00014694992541536167,0.0001279313287046,calm
2018-11-15,0.00014095662980615693,0.0001864117526916,calm
2018-11-16,0.00013896706226090283,8.18173872137005e-05,calm
2018-11-19,0.00013103378001339376,0.0001150169734721,calm
2018-11-20,0.00014063268813862583,0.00018558809343,calm
2018-11-21,0.00015313027015554935,3.7224155417686575e-05,calm
2018-11-23,0.00014463675855441515,2.5933451961723595e-05,calm
2018-11-26,0.00013865283941768726,5.437867057759013e-05,calm
2018-11-27,0.00014572328072874944,6.372690297495023e-05,calm
2018-11-28,0.00013765678258883816,8.900977788165231e-05,calm
2018-11-29,0.00016048997532851477,4.564721364675897e-05,calm
2018-11-30,0.000151147675013064,2.767887935184395e-05,calm
2018-12-03,0.000144294443821812,6.643940999694947e-05,calm
2018-12-04,0.00014601923943423253,0.0001392376408075,calm
2018-12-06,0.00020235664052285977,0.0002403845847243,calm
2018-12-07,0.00019035355242025845,0.0002527775982023,calm
2018-12-10,0.0002120960024324584,0.0003018428112379,calm
2018-12-11,0.00019958575657200698,0.0001643873544086,calm
2018-12-12,0.00018761370775258307,9.282158360717827e-05,calm
2018-12-13,0.00017787054424206383,0.0001091534493643,calm
2018-12-14,0.0001672052100138408,0.0001096802923251,calm
2018-12-17,0.00017801397781109628,0.0001512170086518,calm
2018-12-18,0.00019088733945330863,0.0001686396469448,calm
2018-12-19,0.00017950631521434132,0.0006539019029923,calm
2018-12-20,0.00018239659510534405,0.0004018814208597,calm
2018-12-21,0.00018761379977232578,0.0003524798741646,calm
2018-12-24,0.00021857157128187934,0.0002260503233298,calm
2018-12-26,0.0002484819035906073,0.0004178136887276,calm
2018-12-27,0.00037934269900974653,0.0004643961519002,calm
2018-12-28,0.00036009169535840204,0.0002105675308974,calm
2018-12-31,0.0003385861667242876,0.0001258257144179,calm
2019-01-02,0.0003228340186994562,0.0001668253479766,calm
2019-01-03,0.00030352884489987555,0.0002587113321085,calm
2019-01-04,0.00032031652459048825,0.0001645285173802,calm
2019-01-07,0.00036622770083675105,8.030980974785394e-05,calm
2019-01-08,0.0003479548970665852,0.0001052644650267,calm
2019-01-09,0.00033232460109258976,7.801788473840017e-05,calm
2019-01-10,0.0003136895176174816,6.492440384048161e-05,calm
2019-01-11,0.0002956121404485775,3.468394301253793e-05,calm
2019-01-14,0.00027788436236107365,4.09595854650613e-05,calm
2019-01-15,0.0002634582779278853,5.340043197228902e-05,calm
2019-01-16,0.00025544240642949497,2.770195188227369e-05,calm
2019-01-17,0.00024046635075341795,5.893762478047133e-05,calm
2019-01-18,0.00022946584295380633,4.0144172880598936e-05,calm
2019-01-22,0.00022618750198360885,8.780514065108032e-05,calm
2019-01-23,0.00022371808100308155,6.593254023523633e-05,calm
2019-01-24,0.00021055714540766364,3.2706566708394006e-05,calm
2019-01-25,0.0001979406527900818,2.250399193358918e-05,calm
2019-01-28,0.00019032389770228387,6.213898471280582e-05,calm
2019-01-29,0.0001823967989761668,3.662907017836939e-05,calm
2019-01-30,0.00017155878507893975,7.509750023112143e-05,calm
2019-01-31,0.00017606741408478083,4.1500860666368855e-05,calm
2019-02-01,0.00017009092856172382,4.199372771820832e-05,calm
2019-02-04,0.00015989938387420138,2.507437133470585e-05,calm
2019-02-05,0.00015325451476965902,1.7727278297650365e-05,calm
2019-02-06,0.00014510913618677004,2.102748338479428e-05,calm
2019-02-07,0.00013650699365218456,6.599110406731149e-05,calm
2019-02-08,0.0001338214651082921,3.2914284912599464e-05,calm
2019-02-11,0.0001258815974169395,2.553217394982135e-05,calm
2019-02-12,0.000118347144056495,2.0570622976763845e-05,calm
2019-02-13,0.00012104206432624909,1.9755869959153703e-05,calm
2019-02-14,0.00011441004681699211,4.428795066043402e-05,calm
2019-02-15,0.00010784132736566665,2.071402405687916e-05,calm
2019-02-19,0.00010841898899565217,1.1950575613738447e-05,calm
2019-02-20,0.00010209323361612796,2.514542621268149e-05,calm
2019-02-21,9.621087575115127e-05,2.272265582400513e-05,calm
2019-02-22,9.119958308608565e-05,1.4473439647915826e-05,calm
2019-02-25,8.801978162920752e-05,1.5239956908093902e-05,calm
2019-02-26,8.284962076180217e-05,2.644040039318712e-05,calm
2019-02-27,7.790937735301582e-05,2.3039010436822018e-05,calm
2019-02-28,7.324589270044798e-05,1.5511555138740784e-05,calm
2019-03-01,6.90596694596115e-05,2.4135830431795576e-05,calm
2019-03-04,6.724066613790611e-05,5.940186593650029e-05,calm
2019-03-05,6.400299502008717e-05,2.4235784820175425e-05,calm
2019-03-06,6.0273954662586136e-05,2.616778056911092e-05,calm
2019-03-07,5.8872102773869345e-05,4.802754343421124e-05,calm
2019-03-08,5.9573969614781505e-05,5.227404082347487e-05,calm
2019-03-11,5.6240010823591694e-05,1.896441892981445e-05,calm
2019-03-12,6.530220874023016e-05,2.126787074109617e-05,calm
2019-03-13,6.223408096133539e-05,1.7641207956350988e-05,calm
2019-03-14,6.11115856013786e-05,1.3265116182026764e-05,calm
2019-03-15,5.746946446701403e-05,1.7821691152403773e-05,calm
2019-03-18,5.403836369797617e-05,1.7932445034055174e-05,calm
2019-03-19,5.158202033034072e-05,4.908176167438477e-05,calm
2019-03-20,4.849078732794153e-05,6.297439459653093e-05,calm
2019-03-21,4.61265638992637e-05,2.6906450338502708e-05,calm
2019-03-22,5.092762145792825e-05,8.70143017837112e-05,calm
2019-03-25,7.053270028431755e-05,7.523799956294942e-05,calm
2019-03-26,6.633469257006002e-05,4.537807081026542e-05,calm
2019-03-27,6.566372787181403e-05,5.563405669048456e-05,calm
2019-03-28,6.337312610870827e-05,2.7382233160932063e-05,calm
2019-03-29,6.0429530121069506e-05,2.362094297605962e-05,calm
2019-04-01,5.917436958664476e-05,1.3105025409360363e-05,calm
2019-04-02,6.396329182873137e-05,1.686467840406591e-05,calm
2019-04-03,6.0139884621531675e-05,1.975498008778704e-05,calm
2019-04-04,5.667983756870593e-05,9.35930464116955e-06,calm
2019-04-08,5.370035261465881e-05,2.2462168515747017e-05,calm
2019-04-09,5.051317867129898e-05,1.0028182177471996e-05,calm
2019-04-10,4.90663591162515e-05,1.2515713436184244e-05,calm
2019-04-11,4.681809420784002e-05,1.1817480991767444e-05,calm
2019-04-15,4.401363213273318e-05,1.0526727704282431e-05,calm
2019-04-16,4.139855837978337e-05,1.730532931481047e-05,calm
2019-04-17,3.894038905201055e-05,1.3117969424760523e-05,calm
2019-04-22,3.69640848093998e-05,1.3576240500851447e-05,calm
2019-04-23,3.479078494744559e-05,1.0800234974915144e-05,calm
2019-04-24,3.751109792522052e-05,2.902328722285359e-05,calm
2019-04-25,3.555661161502358e-05,1.547226773012098e-05,calm
2019-04-29,3.3445998717732886e-05,1.7567096484939778e-05,calm
2019-04-30,3.158647700411843e-05,3.397951059730998e-05,calm
2019-05-01,2.9706911451495485e-05,4.40206705474332e-05,calm
2019-05-02,3.133998941530833e-05,1.2596988664457823e-05,calm
2019-05-06,2.973986043820719e-05,0.0001032199177762,calm
2019-05-07,2.89757569848619e-05,4.7243118843934905e-05,calm
2019-05-08,4.425384537109688e-05,0.0001004886189159,calm
2019-05-09,4.1714569211078256e-05,0.0001064546189021,calm
2019-05-13,3.976267309080486e-05,5.259654062131538e-05,calm
2019-05-14,7.62433106041099e-05,5.082868843501586e-05,calm
2019-05-15,7.653198852221751e-05,2.945001272015039e-05,calm
2019-05-16,7.398666461498482e-05,5.314382901115532e-05,calm
2019-05-20,7.464646096449138e-05,1.7285222806834182e-05,calm
2019-05-21,7.280826397151007e-05,1.9454712809871885e-05,calm
2019-05-22,7.327309032176107e-05,6.036974802537541e-05,calm
2019-05-23,6.944448144378033e-05,2.786128815786744e-05,calm
2019-05-28,7.434610865184037e-05,7.085343977751259e-05,calm
2019-05-29,7.512402241840838e-05,3.571958869288087e-05,calm
2019-05-30,7.33368420774192e-05,4.60766889648562e-05,calm
2019-06-03,6.938297797557561e-05,4.2782735705413526e-05,calm
2019-06-04,6.560896598973286e-05,4.040021247038711e-05,calm
2019-06-05,8.934142590006998e-05,3.631495686227189e-05,calm
2019-06-06,8.844422046001054e-05,3.423559994746755e-05,calm
2019-06-10,8.565825263970325e-05,3.490024249742831e-05,calm
2019-06-11,8.177648349830704e-05,1.814033607684509e-05,calm
2019-06-12,7.687341688224917e-05,2.683158334355361e-05,calm
2019-06-13,7.244830782261525e-05,1.912292301386122e-05,calm
2019-06-17,6.91187708648482e-05,3.681001397393642e-05,calm
2019-06-18,6.49803158098242e-05,3.21078105099889e-05,calm
2019-06-19,6.759180244778866e-05,2.714099091381327e-05,calm
2019-06-20,6.384130133565192e-05,1.7202974350033096e-05,calm
2019-06-24,6.54360448385037e-05,2.873537073500063e-05,calm
2019-06-25,6.159994761129308e-05,2.102663760894733e-05,calm
2019-06-26,6.373281943047407e-05,1.3104702028366556e-05,calm
2019-06-27,5.996860011771291e-05,9.943580798373684e-06,calm
2019-07-01,5.712225303818693e-05,2.3478002859429457e-05,calm
2019-07-02,5.859555520029044e-05,4.697047250172807e-06,calm
2019-07-08,5.548570907510266e-05,7.449747467573047e-06,calm
2019-07-09,5.3978154499707465e-05,2.07908372817478e-05,calm
2019-07-10,5.0832579407502165e-05,1.0046560624089676e-05,calm
2019-07-11,4.914588291476197e-05,5.162526014713094e-06,calm
2019-07-15,4.652608511965542e-05,1.1211932110585954e-05,calm
2019-07-16,4.374115648688211e-05,1.48283459510587e-05,calm
2019-07-17,4.1742849727469886e-05,1.562226177776598e-05,calm
2019-07-18,4.203580204637089e-05,2.512128168713926e-05,calm
2019-07-22,4.0314851265279086e-05,1.4335776887564914e-05,calm
2019-07-23,3.8257118851061225e-05,8.753692128270211e-06,calm
2019-07-24,3.900730976375119e-05,2.3172848952208548e-05,calm
2019-07-25,3.798581218536955e-05,6.093366842320574e-06,calm
2019-07-29,3.708246165764015e-05,1.6922286142658608e-05,calm
2019-07-30,3.505688147780274e-05,7.345354521941546e-05,calm
2019-07-31,3.331588763411093e-05,0.0001996619929246,calm
2019-08-01,3.857789108836976e-05,7.497106558483183e-05,calm
2019-08-05,4.085282594643651e-05,0.0001019194984869,calm
2019-08-06,9.434322516930056e-05,0.0001796903412615,calm
2019-08-07,0.00010031779101496411,3.606328170118972e-05,calm
2019-08-08,9.431964923819251e-05,7.883650088058323e-05,calm
2019-08-12,0.00011131216340079735,0.000209593892745,calm
2019-08-13,0.00011363429757267936,0.0001298435058053,calm
2019-08-14,0.0001211050722035171,9.471466183743376e-05,calm
2019-08-15,0.0001678874095203258,4.698525799930084e-05,calm
2019-08-19,0.00015823180002176723,3.3853321842745626e-05,calm
2019-08-20,0.0001573429524640224,1.3320721431842305e-05,calm
2019-08-21,0.00015145243160989458,5.1665225158630334e-05,calm
2019-08-22,0.0001463043613903614,0.0002320061666315,calm
2019-08-26,0.0001375317872648771,5.549093571483972e-05,calm
2019-08-27,0.00013653688761019567,3.898577156381297e-05,calm
2019-08-28,0.00012927200308865983,4.2825722812424014e-05,calm
2019-08-29,0.00012446990368363277,3.160548515500316e-05,calm
2019-09-03,0.00012666698851444009,1.265979841420094e-05,calm
2019-09-04,0.00012113043356292408,2.1469383850037155e-05,calm
2019-09-05,0.00012150568290041929,1.5298727793750398e-05,calm
2019-09-09,0.00012400501903768145,3.925456486967616e-05,calm
2019-09-10,0.0001165799121134651,1.512477472425608e-05,calm
2019-09-11,0.0001095884250771235,3.3003247142837e-05,calm
2019-09-12,0.00010602564312713193,1.4888719088927452e-05,calm
2019-09-16,0.00010038149713030399,9.761804908782494e-06,calm
2019-09-17,9.493280416106322e-05,3.53777220692871e-05,calm
2019-09-18,8.962053031944877e-05,1.8225292847557523e-05,calm
2019-09-19,8.426475204535663e-05,5.867431026768935e-05,calm
2019-09-23,7.920913217936234e-05,9.25119932530509e-05,calm
2019-09-24,7.445989016512033e-05,2.48411785245902e-05,calm
2019-09-25,7.371583865363513e-05,3.918849310244307e-05,calm
2019-09-26,7.13796029567027e-05,7.109855488239981e-05,calm
2019-09-30,6.735774780485222e-05,6.851338580875686e-05,calm
2019-10-01,6.460085375370651e-05,7.322633779958432e-05,calm
2019-10-02,6.931596637428094e-05,0.0001380329002744,calm
2019-10-03,8.421564795709871e-05,2.448524410424813e-05,calm
2019-10-07,8.315727133078414e-05,7.098206703319046e-05,calm
2019-10-08,7.928964984076607e-05,3.792137388964542e-05,calm
2019-10-09,8.922105051817689e-05,5.043025019785123e-05,calm
2019-10-10,8.922772015300332e-05,4.9124116132029766e-05,calm
2019-10-14,8.660029427670973e-05,1.6589261558868172e-05,calm
2019-10-15,8.147878807528807e-05,1.1188297457003333e-05,calm
2019-10-16,8.241331277682192e-05,1.7743857845377015e-05,calm
2019-10-17,7.762352334062644e-05,2.42083599446448e-05,calm
2019-10-21,7.348640088376522e-05,1.500334463712479e-05,calm
2019-10-22,7.181606720216749e-05,1.050792542613491e-05,calm
2019-10-23,6.814948494676323e-05,1.562835528695733e-05,calm
2019-10-24,6.456698306643424e-05,1.3469011452015322e-05,calm
2019-10-28,6.085289113976261e-05,1.1672254546816704e-05,calm
2019-10-29,5.909726597292431e-05,1.2491225192943363e-05,calm
2019-10-30,5.5556714284811204e-05,1.7716750142129736e-05,calm
2019-10-31,5.278606906667989e-05,3.3698428573605046e-05,calm
2019-11-01,5.004564381814334e-05,1.120081948751908e-05,calm
2019-11-04,5.2144829915207216e-05,9.065528063991875e-06,calm
2019-11-05,4.9980780705636226e-05,9.433773393333282e-06,calm
2019-11-06,4.705542879717369e-05,1.3665168588464985e-05,calm
2019-11-07,4.423522179784858e-05,2.082069122562048e-05,calm
2019-11-08,4.2320549018502144e-05,1.1127480326848302e-05,calm
2019-11-11,4.014532396140848e-05,4.36836926766004e-06,calm
2019-11-12,3.795585050575723e-05,1.1138476767106625e-05,calm
2019-11-13,3.5944551890937634e-05,1.554605482443375e-05,calm
2019-11-14,3.379416148390156e-05,1.0173373597189418e-05,calm
2019-11-15,3.189348469896352e-05,6.257428902307333e-06,calm
2019-11-19,3.3099199476984785e-05,1.157928539843674e-05,calm
2019-11-20,3.11182405061152e-05,2.81103598915551e-05,calm
2019-11-21,3.008400848543034e-05,1.881411727324705e-05,calm
2019-11-22,2.8434533130028974e-05,9.504200555933884e-06,calm
2019-11-25,2.7024540438987254e-05,8.403049745545805e-06,calm
2019-11-26,2.8979274377155726e-05,5.838695723704584e-06,calm
2019-11-27,2.754781584418749e-05,3.019774206215128e-06,calm
2019-11-29,2.7081834627830943e-05,4.064683817858975e-06,calm
2019-12-02,2.628525266097564e-05,3.7741710520913023e-05,calm
2019-12-03,2.9074845666650056e-05,4.469570999547762e-05,calm
2019-12-04,3.004722792380982e-05,1.3528832653276542e-05,calm
2019-12-05,3.051470456297957e-05,1.6677415594692022e-05,calm
2019-12-06,2.8877437162484315e-05,9.877697503318428e-06,calm
2019-12-09,3.210529881200643e-05,5.983517794197846e-06,calm
2019-12-10,3.0773982005084025e-05,2.0326764500337258e-05,calm
2019-12-11,2.9002232608393855e-05,8.389742371123895e-06,calm
2019-12-12,2.774421958241042e-05,8.232112992746497e-05,calm
2019-12-13,3.0498697771349244e-05,4.513146124028768e-05,calm
2019-12-17,2.86903004912288e-05,5.536840746629056e-06,calm
2019-12-18,2.6971762520397457e-05,7.436259624046638e-06,calm
2019-12-19,2.535369150252041e-05,7.715559911999179e-06,calm
2019-12-20,2.4836458497220514e-05,4.71074751314502e-06,calm
2019-12-23,2.3363115267412517e-05,2.007677535947584e-06,calm
2019-12-24,2.210115303215444e-05,1.9708074661030005e-06,calm
2019-12-26,2.077514211155267e-05,4.043394394638682e-06,calm
2019-12-27,2.1219853771855515e-05,8.048738726933601e-06,calm
2019-12-30,1.9950347063573678e-05,2.1934431884034832e-05,calm
2019-12-31,2.058716899676573e-05,1.0054046099627608e-05,calm
2020-01-02,1.9705169734321845e-05,1.535818321197111e-05,calm
2020-01-03,2.3721710119236128e-05,3.3386040996003455e-05,calm
2020-01-06,2.5764963717579445e-05,1.058169510038822e-05,calm
2020-01-07,2.5089023293251124e-05,1.1886631103644898e-05,calm
2020-01-08,2.4059384663810212e-05,2.449472595551089e-05,calm
2020-01-09,2.4311020205428806e-05,1.3731123346031617e-05,calm
2020-01-10,2.5592401377412686e-05,1.6046829718827466e-05,calm
2020-01-13,2.455516221728297e-05,5.598573977966467e-06,calm
2020-01-14,2.5900332119669673e-05,1.5127789592750574e-05,calm
2020-01-15,2.4485993571007756e-05,1.642960405588678e-05,calm
2020-01-16,2.332256017531474e-05,6.989138860954526e-06,calm
2020-01-17,2.604066454638377e-05,9.291305794310842e-06,calm
2020-01-21,2.505769152711304e-05,1.164060212347313e-05,calm
2020-01-22,2.3784754137774616e-05,1.239969823598987e-05,calm
2020-01-23,2.235854379568028e-05,2.466492060737853e-05,calm
2020-01-24,2.109585980823088e-05,5.4148092680642136e-05,calm
2020-01-27,2.461786591715423e-05,4.1737160258468405e-05,calm
2020-01-28,3.880811590223924e-05,2.048911048328732e-05,calm
2020-01-29,4.300003328180681e-05,2.553788729134618e-05,calm
2020-01-30,4.046100422804589e-05,5.302696331151869e-05,calm
2020-01-31,3.86632386062285e-05,8.601276283564497e-05,calm
2020-02-03,5.649130115646215e-05,4.467513656114683e-05,calm
2020-02-04,5.6388385658963474e-05,2.093786397039005e-05,calm
2020-02-05,6.673337056587318e-05,2.6018154605913545e-05,calm
2020-02-06,7.063932678392042e-05,1.9401847633628207e-05,calm
2020-02-07,6.707802335152081e-05,2.7983350362091603e-05,calm
2020-02-10,6.476678434071391e-05,1.7929805366934333e-05,calm
2020-02-11,6.419984699482173e-05,2.318419979871149e-05,calm
2020-02-12,6.052775205533355e-05,1.428973783804798e-05,calm
2020-02-13,5.937069338424639e-05,2.513147753343672e-05,calm
2020-02-14,5.58768297894557e-05,1.3083251827235844e-05,calm
2020-02-18,5.267797978691137e-05,2.3007081384388515e-05,calm
2020-02-19,4.9916785900827856e-05,6.098339421629991e-06,calm
2020-02-20,4.828686191408677e-05,8.94488999226194e-05,covid_2020
2020-02-21,4.640648758263439e-05,5.549565573167341e-05,covid_2020
2020-02-24,5.005151162085092e-05,0.0001187294660305,covid_2020
2020-02-25,0.00011530245802278383,0.0002460975593633,covid_2020
2020-02-26,0.00016519465610225861,0.0002759633387767,covid_2020
2020-02-27,0.00015609772858402894,0.0007192585684411,covid_2020
2020-02-28,0.00027342410699633305,0.0014046653125629,covid_2020
2020-03-02,0.0002580823039035603,0.0006274042690806,covid_2020
2020-03-03,0.0003504375508772573,0.0018438945507696,covid_2020
2020-03-04,0.00038004671142505503,0.0002672030443305,covid_2020
2020-03-05,0.00045896001182661083,0.0003660614597655,covid_2020
2020-03-06,0.000499996192829991,0.0005555304534498,covid_2020
2020-03-09,0.00048666830626796655,0.0023004465149658,covid_2020
2020-03-10,0.0008541717920979399,0.0010931449720194,covid_2020
2020-03-11,0.0009556371900694871,0.0005231715342311,covid_2020
2020-03-12,0.00104815942183303,0.0041530389114315,covid_2020
2020-03-13,0.0015921155994585955,0.0026286393307086,covid_2020
2020-03-16,0.0019003051380769135,0.0041210577284822,covid_2020
2020-03-17,0.0025920682038970025,0.0022720311368001,covid_2020
2020-03-18,0.002602454546337428,0.0024878011455451,covid_2020
2020-03-19,0.002608296217011924,0.0020876651794065,covid_2020
2020-03-20,0.0024520688010504564,0.0015386572469939,covid_2020
2020-03-23,0.0024544253614786973,0.0028603795571004,covid_2020
2020-03-24,0.002347410787788743,0.0009238718839428,covid_2020
2020-03-25,0.0026579020635082882,0.0013243062082831,covid_2020
2020-03-26,0.0025116757491224985,0.0010927357746016,covid_2020
2020-03-27,0.0025542000928985287,0.000569896235157,covid_2020
2020-03-30,0.0024558092293627434,0.000402790363323,covid_2020
2020-03-31,0.0023697453512207334,0.000322112363326,covid_2020
2020-04-01,0.0022410923045742097,0.0007577293880755,covid_2020
2020-04-02,0.0022338576196218774,0.0003636440526063,covid_2020
2020-04-06,0.0021310526403347588,0.0006460316642928,covid_2020
2020-04-07,0.002256742037024653,0.0002220915863307,covid_2020
2020-04-08,0.002121399811689451,0.0003547630217978,covid_2020
2020-04-13,0.0020595243284955976,0.0001609695003167,covid_2020
2020-04-14,0.0019410005004809937,0.0002034095116318,covid_2020
2020-04-15,0.0018752315369594094,0.0001853909716879,covid_2020
2020-04-16,0.0017903935723073369,0.0001371431897698,covid_2020
2020-04-20,0.0016843596804093505,0.0002807114859611,covid_2020
2020-04-21,0.0016022551900174739,8.385459838723181e-05,covid_2020
2020-04-22,0.0015631631365062592,0.000193835085873,covid_2020
2020-04-23,0.0014982863095615489,8.825351969463739e-05,covid_2020
2020-04-27,0.0014083894397119462,0.0001483098777894,covid_2020
2020-04-28,0.0013361820596619637,6.874891170214791e-05,covid_2020
2020-04-29,0.0012572857236893293,0.0001640663526379,covid_2020
2020-04-30,0.0012219161855558224,0.0001383846130357,covid_2020
2020-05-04,0.0011538513696716288,8.737595325859279e-05,calm
2020-05-05,0.0010850755002924147,0.0001076282426851,calm
2020-05-06,0.0010250459510374162,6.928241516691661e-05,calm
2020-05-07,0.0009663190644477451,3.493052321055395e-05,calm
2020-05-11,0.0009169721365328232,9.254978884272516e-05,calm
2020-05-12,0.0008619563333081454,0.0003055976336489,calm
2020-05-13,0.0008345589523078065,0.0002527474932341,calm
2020-05-14,0.000803590192199776,0.0001538720151598,calm
2020-05-18,0.0007638660549134093,0.0001374663711738,calm
2020-05-19,0.0007720521209636378,5.184289561160323e-05,calm
2020-05-20,0.0007321244576102244,9.945151668623746e-05,calm
2020-05-21,0.0007052229081746612,4.7964911100726e-05,calm
2020-05-26,0.0006657892696515193,0.0001311293840419,calm
2020-05-27,0.0006348387152810862,0.0001039860134638,calm
2020-05-28,0.000609836497886544,0.0002140245318283,calm
2020-06-01,0.0005734509157943437,4.463974143317444e-05,calm
2020-06-02,0.0005400200507591591,3.364267192512235e-05,calm
2020-06-03,0.000511698692633817,6.588658726446698e-05,calm
2020-06-04,0.0004914836288630257,7.772121236108856e-05,calm
2020-06-08,0.00046240967850651556,7.12606002799758e-05,calm
2020-06-09,0.00044332672567434783,0.0001652964900332,calm
2020-06-10,0.0004200883072082742,0.0002947131631139,calm
2020-06-11,0.00039676167146118893,0.0005370909293607,calm
2020-06-15,0.0005844965656552413,0.0002984500404081,calm
2020-06-16,0.0005546076230120614,7.836506060326633e-05,calm
2020-06-17,0.00054313915819544,7.435351620084829e-05,calm
2020-06-18,0.0005115903919673711,0.0001845770727339,calm
2020-06-22,0.0004809038594178165,4.4991544069681983e-05,calm
2020-06-23,0.00045450314977910615,0.0002325984131621,calm
2020-06-24,0.000428498759169559,0.0001585836317816,calm
2020-06-25,0.0004428502210319828,0.0001417447775985,calm
2020-06-29,0.000423101802551105,8.134269074861536e-05,calm
2020-06-30,0.0004104888323232428,7.674504157836615e-05,calm
2020-07-01,0.0003955799215851562,8.369163388353996e-05,calm
2020-07-06,0.0003747686786973831,4.932219573738567e-05,calm
2020-07-07,0.0003663634532592708,7.271051668497684e-05,calm
2020-07-08,0.0003508305654745034,0.0001494709682402,calm
2020-07-09,0.0003332641831536284,8.041823046969235e-05,calm
2020-07-13,0.00031522402159663563,0.0001980537305065,calm
2020-07-14,0.00030084850398453926,0.0001199937970587,calm
2020-07-15,0.0002927447179883609,5.575018662711132e-05,calm
2020-07-16,0.0002801982121627965,2.6277162066045865e-05,calm
2020-07-20,0.00026403927891322047,4.4821792799947744e-05,calm
2020-07-21,0.00025208420230238114,4.1505151037387936e-05,calm
2020-07-22,0.00023723015800986458,8.210175761997506e-05,calm
2020-07-23,0.0002249293117248185,7.721705295737938e-05,calm
2020-07-27,0.00022007852139372273,3.3596936451612125e-05,calm
2020-07-28,0.00021004147194439153,3.421152762239013e-05,calm
2020-07-29,0.00019986793666380815,6.627927925200805e-05,calm
2020-07-30,0.00019684100587309732,9.382567842813984e-05,calm
2020-08-03,0.00018579708486349044,2.6884913484115697e-05,calm
2020-08-04,0.00017752917905854447,1.7879698955358604e-05,calm
2020-08-05,0.0001677691701405554,2.5601158178138605e-05,calm
2020-08-06,0.00016000328342710284,5.11789850149717e-05,calm
2020-08-10,0.0001530662559076519,9.28155914461042e-05,calm
2020-08-11,0.00014441669819311798,3.104410760916782e-05,calm
2020-08-12,0.00013987407596753498,2.653068523521795e-05,calm
2020-08-13,0.00014298442026736114,3.3362828740994555e-05,calm
2020-08-17,0.00013460179331395498,3.304154236360309e-05,calm
2020-08-18,0.0001271292168568087,3.01152784299246e-05,calm
2020-08-19,0.00011978089224973915,1.8073576814746308e-05,calm
2020-08-20,0.0001136385824065818,1.947432694048474e-05,calm
2020-08-24,0.00010740011906728599,1.892561379013808e-05,calm
2020-08-25,0.00010705510349953822,2.6796579095160505e-05,calm
2020-08-26,0.00010136394263717918,6.753630536552151e-05,calm
2020-08-27,0.0001012529636436258,1.9898177493274488e-05,calm
2020-08-31,9.546401993651885e-05,3.0289108801083148e-05,calm
2020-09-01,9.052640701706547e-05,4.5848321394645935e-05,calm
2020-09-02,9.036771355604957e-05,0.0004466029072313,calm
2020-09-03,9.731890417225118e-05,0.000528240843047,calm
2020-09-08,0.000165065578382905,0.0001127965403919,calm
2020-09-09,0.00020120948681418607,0.0002773562290203,calm
2020-09-10,0.0002120805847993816,0.0001683476469891,calm
2020-09-14,0.00021776470892590218,3.774104373707017e-05,calm
2020-09-15,0.00021497230187491907,6.615314657930894e-05,calm
2020-09-16,0.00020359784227926017,0.0001323579293337,calm
2020-09-17,0.0001923307332738936,0.0001084947778282,calm
2020-09-21,0.0001854734421760772,7.781766951524045e-05,calm
2020-09-22,0.0001818606449901997,0.0001227565539986,calm
2020-09-23,0.00017710950729124395,0.000215304301445,calm
2020-09-24,0.00019951677469687445,0.000116855330636,calm
2020-09-28,0.00018797091665309344,5.258906684972024e-05,calm
2020-09-29,0.00019297409171463312,0.0001278650723093,calm
2020-09-30,0.00018318493803930351,7.328048082412484e-05,calm
2020-10-01,0.0001756170474040887,0.0001521186295056,calm
2020-10-05,0.0001675372248995328,0.0001955387974632,calm
2020-10-06,0.00017602350135603514,5.389300812629073e-05,calm
2020-10-07,0.00017776236752774867,3.276271837389301e-05,calm
2020-10-08,0.00018496468811660298,2.951109904686509e-05,calm
2020-10-12,0.00017853802262896712,5.9492758892514347e-05,calm
2020-10-13,0.00018310821903550265,6.66838247228369e-05,calm
2020-10-14,0.0001746938893882248,4.951877239479944e-05,calm
2020-10-15,0.00016659610531797366,4.080771314167797e-05,calm
2020-10-19,0.0001566920933428773,0.0001051543808722,calm
2020-10-20,0.00016137305264802735,9.11667588006882e-05,calm
2020-10-21,0.00015264957296120112,7.433695800916833e-05,calm
2020-10-22,0.00014370599701690528,3.423347638373936e-05,calm
2020-10-26,0.0001368790901503883,0.000113579209334,calm
2020-10-27,0.00014954196022126865,5.834479742963298e-05,calm
2020-10-28,0.00014128498301453865,0.000199862617533,calm
2020-10-29,0.00020537297029818208,0.0001575475974957,calm
2020-10-30,0.00019918598015594767,0.000276284215114,calm
2020-11-02,0.00019382414356258813,0.0001164584430833,calm
2020-11-03,0.00018964881373577388,0.0001214116055037,calm
2020-11-04,0.00019664881129061558,0.0001932086072511,calm
2020-11-05,0.0002141628105457376,9.501223434864e-05,calm
2020-11-06,0.0002236972598707268,9.121390432811506e-05,calm
2020-11-09,0.00021027855434199746,0.0004320155270632,calm
2020-11-10,0.00020701791148474438,0.0001549841328875,calm
2020-11-11,0.0001947260769387145,3.786906653055408e-05,calm
2020-11-12,0.00018632908648611598,7.361330166928761e-05,calm
2020-11-13,0.00018085106208725655,3.6868267692669375e-05,calm
2020-11-16,0.00018134298498742328,5.333698852319379e-05,calm
2020-11-17,0.00017969587202100646,3.3117367086166546e-05,calm
2020-11-18,0.00017065907047231855,4.767741618286679e-05,calm
2020-11-19,0.00016921548988649862,5.642310539963253e-05,calm
2020-11-20,0.00016012163284218983,3.234469279722991e-05,calm
2020-11-23,0.00015334727972334967,6.286200687800076e-05,calm
2020-11-24,0.00014628958942144847,2.457678750802176e-05,calm
2020-11-25,0.00015284394699656976,2.8004950183136943e-05,calm
2020-11-27,0.00014381615154922635,7.581074244517271e-06,calm
2020-11-30,0.00013565126471063124,5.343974496026069e-05,calm
2020-12-01,0.0001286933871314656,4.127460278256987e-05,calm
2020-12-02,0.00012807164934030933,2.493315076782388e-05,calm
2020-12-03,0.00012065234208037134,4.2798466233126216e-05,calm
2020-12-04,0.00011341766312537484,1.8511557198377515e-05,calm
2020-12-07,0.00011103033220384043,1.9960211592068304e-05,calm
2020-12-08,0.0001046223940536569,1.3653434745004585e-05,calm
2020-12-09,9.885729654236192e-05,6.158723625032016e-05,calm
2020-12-10,9.779594475715163e-05,6.562439560071342e-05,calm
2020-12-11,9.193460967413021e-05,3.770830016888652e-05,calm
2020-12-14,8.65011276842735e-05,5.6914554800908086e-05,calm
2020-12-15,8.251916528763553e-05,2.850646918856208e-05,calm
2020-12-16,8.838805701582367e-05,2.120788738551952e-05,calm
2020-12-17,8.323231411118963e-05,2.116312941424712e-05,calm
2020-12-18,8.01041397447864e-05,4.316586998019164e-05,calm
2020-12-21,7.938606900831052e-05,7.790965549313342e-05,calm
2020-12-22,7.53927134736868e-05,3.933241809328295e-05,calm
2020-12-23,7.103987489792675e-05,1.743131764438956e-05,calm
2020-12-24,6.682589228867913e-05,9.839720837014678e-06,calm
2020-12-28,6.372092899163669e-05,7.82628644780017e-06,calm
2020-12-29,6.428806285831605e-05,3.674875007292851e-05,calm
2020-12-30,6.0649576041741876e-05,1.1019308568722036e-05,calm
2020-12-31,5.713257276931198e-05,1.3464711619847874e-05,calm
2021-01-04,5.5245669957060136e-05,0.0001273337648734,calm
2021-01-05,6.320466947853427e-05,6.671771375198702e-05,calm
2021-01-06,6.22390279824249e-05,0.0001242172929139,calm
2021-01-07,6.063649211880578e-05,4.871737383758866e-05,calm
2021-01-08,7.004887896030674e-05,6.204511019819588e-05,calm
2021-01-12,6.778274280903696e-05,3.8356666615701024e-05,calm
2021-01-13,6.371845448642364e-05,2.450362713147212e-05,calm
2021-01-14,6.0329306384781245e-05,2.194863762386764e-05,calm
2021-01-15,5.744796508806416e-05,6.94226766049533e-05,calm
2021-01-19,5.721548600621388e-05,3.131134609776751e-05,calm
2021-01-20,5.745291558254177e-05,2.19571072044416e-05,calm
2021-01-21,6.533928263718687e-05,1.5656938951223573e-05,calm
2021-01-22,6.146874724108864e-05,2.277641912651425e-05,calm
2021-01-25,5.85349396006126e-05,0.0001212226931331,calm
2021-01-26,5.5952398922794404e-05,2.679437922883485e-05,calm
2021-01-27,5.27416737515689e-05,0.0002566317241467,calm
2021-01-28,8.631336331591847e-05,0.0001463661787123,calm
2021-01-29,8.553450128111994e-05,0.0002565847765521,calm
2021-02-01,0.00010493987836317697,0.0001012262665154,calm
2021-02-02,0.00011499530212814632,7.661875489384855e-05,calm
2021-02-03,0.00011992487495046711,3.357182634761036e-05,calm
2021-02-04,0.00011276645073937728,2.0252677563845744e-05,calm
2021-02-05,0.00011366404069470709,2.2534807840900018e-05,calm
2021-02-08,0.00010777001188238342,2.231851562198731e-05,calm
2021-02-09,0.00010441074465330181,9.386921404520109e-06,calm
2021-02-10,9.817271675145664e-05,7.793511118171113e-05,calm
2021-02-11,9.229374630073648e-05,4.2971804578401895e-05,calm
2021-02-12,8.691237539922013e-05,1.4517692680906511e-05,calm
2021-02-16,8.31545215020942e-05,4.223490701608808e-05,calm
2021-02-17,7.821028673038676e-05,4.005374372390875e-05,calm
2021-02-18,7.352082859597782e-05,4.36045928684429e-05,calm
2021-02-19,7.020103662650725e-05,2.815635554290462e-05,calm
2021-02-22,6.617642584983857e-05,3.537893749466648e-05,calm
2021-02-23,6.57830875764753e-05,0.0001450558358643,calm
2021-02-24,6.192447801511188e-05,5.0005018163275e-05,calm
2021-02-25,6.541506392333122e-05,0.0001364867376194,calm
2021-02-26,9.718491522979199e-05,0.0002771715538038,calm
2021-03-01,9.295503694436465e-05,8.495049204576004e-05,calm
2021-03-02,0.00012179695170475463,7.249876334360952e-05,calm
2021-03-03,0.0001181712621509043,0.0001213788792926,calm
2021-03-04,0.00012174905945359823,0.0003855135354915,calm
2021-03-05,0.00012374728143780135,0.0002434694285022,calm
2021-03-08,0.0001362611323534547,0.000161324435454,calm
2021-03-09,0.00012958018929663874,5.5586375225240906e-05,calm
2021-03-10,0.00013386385042618682,8.607038656934875e-05,calm
2021-03-11,0.00012814235947387513,3.928187647642177e-05,calm
2021-03-12,0.00012656000293632136,2.8735499481851003e-05,calm
2021-03-15,0.00011907508553769845,2.6072173439860388e-05,calm
2021-03-16,0.00011405177736239163,2.127820688789947e-05,calm
2021-03-17,0.00010730424700005917,6.558327021615637e-05,calm
2021-03-18,0.00010156125814586035,5.473245559052156e-05,calm
2021-03-19,0.00010835644331784437,6.89737091433628e-05,calm
2021-03-22,0.00010342909585712328,1.5048698914522186e-05,calm
2021-03-23,0.00010101860759007985,3.914827415340234e-05,calm
2021-03-24,9.870392636664204e-05,6.672759023927827e-05,calm
2021-03-25,9.434010872533935e-05,0.0001013250281365,calm
2021-03-26,9.056790140973212e-05,8.356303612791502e-05,calm
2021-03-29,0.00010046789716635398,3.394869749018731e-05,calm
2021-03-30,9.445513904653717e-05,1.5010896224353178e-05,calm
2021-03-31,8.92112449883091e-05,1.5474190687546738e-05,calm
2021-04-05,8.484036410099548e-05,1.31856516217403e-05,calm
2021-04-06,9.193554128724158e-05,1.3969931704806398e-05,calm
2021-04-07,8.644034863603685e-05,8.0506303485583e-06,calm
2021-04-08,8.133419491765476e-05,9.896455462448367e-06,calm
2021-04-12,7.779966818680938e-05,7.229899053097587e-06,calm
2021-04-13,7.313966066418436e-05,3.272274702008801e-05,calm
2021-04-14,6.927672855883336e-05,2.278113269288076e-05,calm
2021-04-15,6.582231160479022e-05,1.3104330745515952e-05,calm
2021-04-19,6.872333664183345e-05,3.552342675883333e-05,calm
2021-04-20,6.605536634503684e-05,1.778850598586463e-05,calm
2021-04-21,6.533205172736721e-05,8.074495764386004e-05,calm
2021-04-22,6.673361668705038e-05,1.803288386582267e-05,calm
2021-04-26,6.778053085281995e-05,1.5143302912074993e-05,calm
2021-04-27,6.397464381658534e-05,1.894435645249391e-05,calm
2021-04-28,6.013895228903904e-05,3.0026113656434087e-05,calm
2021-04-29,5.653557249145593e-05,2.927537705067475e-05,calm
2021-05-03,5.556474869615546e-05,5.972814604774194e-05,calm
2021-05-04,5.250936508916085e-05,2.350048282313268e-05,calm
2021-05-05,5.165661551482206e-05,5.821577077843215e-05,calm
2021-05-06,4.8563087283591984e-05,2.4929876179163583e-05,calm
2021-05-10,4.944514474560598e-05,0.0001355145540832,calm
2021-05-11,5.242065764286678e-05,7.275191543804649e-05,calm
2021-05-12,5.4097494198212335e-05,0.000117362887941,calm
2021-05-13,7.85200205637915e-05,3.836346257473453e-05,calm
2021-05-17,8.23639832489447e-05,3.745603462585221e-05,calm
2021-05-18,7.781161103673434e-05,0.0001357784103004,calm
2021-05-19,7.763538708803603e-05,3.095313898108256e-05,calm
2021-05-20,7.339077236418299e-05,4.2740135400671605e-05,calm
2021-05-24,7.585736851018916e-05,2.1061782466102745e-05,calm
2021-05-25,7.74783398112788e-05,1.1854273288280844e-05,calm
2021-05-26,7.312566065897847e-05,1.0479052213237546e-05,calm
2021-05-27,6.89739586167616e-05,7.587755545834326e-06,calm
2021-06-01,6.485204833955117e-05,1.14500425911897e-05,calm
2021-06-02,6.100752100719583e-05,3.351225358868178e-05,calm
2021-06-03,5.749522101572698e-05,9.216553542173696e-06,calm
2021-06-07,5.487503883580033e-05,1.627455596826424e-05,calm
2021-06-08,5.1639067840974454e-05,5.232172368265843e-06,calm
2021-06-09,4.854344956097714e-05,2.620038893883176e-05,calm
2021-06-10,4.576459030831981e-05,7.178118703655237e-06,calm
2021-06-14,4.430916298476875e-05,1.051745512674122e-05,calm
2021-06-15,4.1950717100121515e-05,6.896946573777087e-05,calm
2021-06-16,3.963589550810974e-05,4.69630722351972e-05,calm
2021-06-17,3.9138674808114454e-05,7.463480353050188e-05,calm
2021-06-21,3.6796955196833507e-05,9.122564671395817e-06,calm
2021-06-22,4.671215458428345e-05,1.2620145856199508e-05,calm
2021-06-23,4.5615210529699735e-05,9.807920809531591e-06,calm
2021-06-24,4.296556959724564e-05,2.7895689994746843e-06,calm
2021-06-28,4.247505329800408e-05,6.323526792163192e-06,calm
2021-06-29,4.0169897872306806e-05,5.897339698229372e-06,calm
2021-06-30,3.7777066149627545e-05,7.793323739258101e-06,calm
2021-07-01,3.5552911663759276e-05,5.008962042957298e-06,calm
2021-07-06,3.524883877288781e-05,2.824526965725836e-05,calm
2021-07-07,3.333333711204801e-05,7.543406172627109e-05,calm
2021-07-08,3.2080070161985784e-05,1.768033135022103e-05,calm
2021-07-12,3.4171356598785055e-05,1.9218362912371888e-05,calm
2021-07-13,3.288813568913811e-05,2.5630436498269584e-05,calm
2021-07-14,3.1614494350799275e-05,3.599091085712917e-05,calm
2021-07-15,2.9851027922782524e-05,2.621008734990812e-05,calm
2021-07-19,2.876231465983212e-05,4.222713248957708e-05,calm
2021-07-20,4.03179628439967e-05,1.6909519016854468e-05,calm
2021-07-21,5.004624752094825e-05,1.3855226070480944e-05,calm
2021-07-22,5.094486707087022e-05,1.180443330961232e-05,calm
2021-07-26,4.815074762590643e-05,4.803011944600596e-05,calm
2021-07-27,4.562239435936112e-05,2.876437227429487e-05,calm
2021-07-28,4.413704094462272e-05,1.8603205633705564e-05,calm
2021-07-29,4.1498911887083674e-05,2.037206668632396e-05,calm
2021-08-02,4.003677296960071e-05,3.441473999584544e-05,calm
2021-08-03,3.78992291619455e-05,1.244755385138402e-05,calm
2021-08-04,3.9564353696835745e-05,5.946261783787432e-06,calm
2021-08-05,3.864941414430538e-05,1.3327408153973269e-05,calm
2021-08-09,3.87216050973615e-05,1.0870064418366274e-05,calm
2021-08-10,3.643805241359479e-05,7.186790105153241e-06,calm
2021-08-11,3.434449866075049e-05,5.583176283897592e-06,calm
2021-08-12,3.265338758392159e-05,5.783550911054716e-06,calm
2021-08-16,3.1231476332518045e-05,4.496535365965476e-05,calm
2021-08-17,2.968947014321123e-05,4.175928525180641e-05,calm
2021-08-18,3.050337031801585e-05,6.119747550277308e-05,calm
2021-08-19,3.5940208793840376e-05,1.8715490756372084e-05,calm
2021-08-23,3.39274122015595e-05,3.4238325620368543e-06,calm
2021-08-24,3.649397885794474e-05,4.907262240534328e-06,calm
2021-08-25,3.445529543919961e-05,1.7819744547097922e-05,calm
2021-08-26,3.265161136075479e-05,1.462399819553436e-05,calm
2021-08-30,3.2795772318265364e-05,1.249158346120711e-05,calm
2021-08-31,3.198326713495427e-05,7.445936817510287e-06,calm
2021-09-01,3.0196170665416502e-05,1.041578564362436e-05,calm
2021-09-02,2.8401338993923628e-05,9.429934699667262e-06,calm
2021-09-07,2.7263449870440023e-05,2.7754048469058288e-05,calm
2021-09-08,2.6397453765839036e-05,2.5512264983936844e-05,calm
2021-09-09,2.4902762043577383e-05,2.984539695826889e-05,calm
2021-09-13,2.451253520200965e-05,2.936837230010387e-05,calm
2021-09-14,2.3433759700451128e-05,3.440444206909714e-05,calm
2021-09-15,2.3784549418880618e-05,3.576426779713838e-05,calm
2021-09-16,2.6508772018357416e-05,3.98332233839064e-05,calm
2021-09-20,2.50692617297094e-05,9.497098104243789e-05,calm
2021-09-21,4.052928445045885e-05,6.653195055357099e-05,calm
2021-09-22,3.815111662379455e-05,3.401142864376917e-05,calm
2021-09-23,4.151623418757186e-05,2.92981957461834e-05,calm
2021-09-27,4.777620662485874e-05,7.687528105732677e-05,calm
2021-09-28,4.5402133141895685e-05,5.238021047540545e-05,calm
2021-09-29,6.754407481228616e-05,0.0001037008829827,calm
2021-09-30,6.366112205309612e-05,8.300900361269278e-05,calm
2021-10-04,6.891538827867268e-05,4.057487699541446e-05,calm
2021-10-05,7.488915532003825e-05,0.0001116803593763,calm
2021-10-06,7.682467424010089e-05,5.594094025261698e-05,calm
2021-10-07,7.324727091944451e-05,2.907100761954048e-05,calm
2021-10-11,7.329884024658454e-05,5.239317929079183e-05,calm
2021-10-12,7.20686406615625e-05,5.051804733168037e-05,calm
2021-10-13,6.810897022868687e-05,2.947472552035289e-05,calm
2021-10-14,6.479621718190012e-05,2.004762057197119e-05,calm
2021-10-18,7.760327472221557e-05,1.2801420313121508e-05,calm
2021-10-19,7.347140651954383e-05,1.2238511383906043e-05,calm
2021-10-20,7.260691669700056e-05,9.856512100608924e-06,calm
2021-10-21,6.917249949322881e-05,3.0300152656377063e-05,calm
2021-10-25,6.542926157705311e-05,2.7593013685281537e-05,calm
2021-10-26,6.321987573602026e-05,2.654297796745142e-05,calm
2021-10-27,5.947524154134728e-05,2.278323813316448e-05,calm
2021-10-28,5.708955984943586e-05,1.4625002329309056e-05,calm
2021-11-01,5.919679337027883e-05,2.458513744922353e-05,calm
2021-11-02,5.582222911940865e-05,1.2510730400070851e-05,calm
2021-11-03,5.344974147830991e-05,2.185986073340245e-05,calm
2021-11-04,5.2465611616313625e-05,1.895854447931373e-05,calm
2021-11-05,5.064389348993543e-05,3.077542709606228e-05,calm
2021-11-08,4.832505292479808e-05,2.046133425190469e-05,calm
2021-11-09,4.546924281714827e-05,3.5250181659345806e-05,calm
2021-11-10,4.339879041031504e-05,3.176647257945738e-05,calm
2021-11-11,4.470952749096189e-05,9.926129057536772e-06,calm
2021-11-12,4.203323401945525e-05,1.6059783504241175e-05,calm
2021-11-15,4.290291913763163e-05,1.9541266031902844e-05,calm
2021-11-16,4.0335776762820995e-05,1.3969252326911067e-05,calm
2021-11-17,3.885178650850457e-05,1.580140785991509e-05,calm
2021-11-18,3.6875607789639874e-05,2.252383089733889e-05,calm
2021-11-19,3.5352864682940676e-05,2.220702723992191e-05,calm
2021-11-22,3.342390751496296e-05,4.320479314552695e-05,calm
2021-11-23,3.189532770666391e-05,6.500523587141369e-05,calm
2021-11-24,3.0086963964383854e-05,3.1077735396366924e-05,calm
2021-11-26,2.8708294989863178e-05,0.0001077826983346,calm
2021-11-29,5.751123552971281e-05,3.687379906458531e-05,calm
2021-11-30,6.297922743927777e-05,0.0001164925085963,calm
2021-12-01,8.236642652551309e-05,0.0001631100920523,calm
2021-12-02,8.490970235716903e-05,0.0001761627034999,calm
2021-12-03,9.367786896008178e-05,0.0002175857690352,calm
2021-12-06,9.263981346454088e-05,8.734356911643506e-05,calm
2021-12-07,9.539866742982728e-05,4.882219931894198e-05,calm
2021-12-08,0.0001148253300638026,2.910529442435925e-05,calm
2021-12-09,0.00010835540287138906,2.5094287329516195e-05,calm
2021-12-10,0.00010460765654020139,4.448454591221564e-05,calm
2021-12-13,0.00010359841029436988,3.530757623014814e-05,calm
2021-12-14,0.00010213278364725541,4.806361223400596e-05,calm
2021-12-15,9.886458060917254e-05,0.0001095772878333,calm
2021-12-16,0.00010735557672833777,8.993419385790401e-05,calm
2021-12-17,0.00010562169834375167,0.0001573270026768,calm
2021-12-20,0.00011139477741806625,0.0001159166597093,calm
2021-12-21,0.00011156809824362234,6.129127098743919e-05,calm
2021-12-22,0.00012346625299189742,2.206827429717416e-05,calm
2021-12-23,0.00012199730364937552,2.347591962240604e-05,calm
2021-12-27,0.00011698594967156555,1.7890394679107298e-05,calm
2021-12-28,0.00012181591179367993,3.0328017214922435e-05,calm
2021-12-29,0.00011454705834626948,1.8252761495829176e-05,calm
2021-12-30,0.0001077722917693389,1.4736215753472094e-05,calm
2021-12-31,0.00010176578240496909,2.799027080906818e-05,calm
2022-01-03,9.604187860146263e-05,5.461787824359261e-05,calm
2022-01-04,9.2279200489319e-05,3.141185057999625e-05,calm
2022-01-05,8.674918175940166e-05,4.61835543624375e-05,calm
2022-01-06,0.00010409999332907394,7.82858201733552e-05,calm
2022-01-07,9.790699336340162e-05,4.369214039985998e-05,calm
2022-01-10,9.29741100218234e-05,0.000122715494944,calm
2022-01-11,8.748868597607186e-05,6.490428713781232e-05,calm
2022-01-12,8.717203610342941e-05,3.742384440258127e-05,calm
2022-01-13,8.23790797046319e-05,6.733658614627738e-05,calm
2022-01-14,8.898626265349454e-05,0.0001110885086845,calm
2022-01-18,8.365712067203386e-05,0.000124887132371,calm
2022-01-19,9.779427008829982e-05,8.606554424776691e-05,calm
2022-01-20,9.846352802894656e-05,9.775623629999742e-05,calm
2022-01-21,9.99880304182834e-05,0.0002308353863043,calm
2022-01-24,0.0001175726837564878,0.0006564505516145,calm
2022-01-25,0.00011159583106843887,0.0004014730321667,calm
2022-01-26,0.00011395405132068864,0.0005064344586374,calm
2022-01-27,0.00010749540111466533,0.000299184362496,calm
2022-01-28,0.0001025159431961836,0.0002625988643216,calm
2022-02-01,0.00013247419899786532,0.0001057807404602,calm
2022-02-02,0.00012724671416893305,7.900375042754942e-05,calm
2022-02-03,0.00012521920175307012,0.0001092049004392,calm
2022-02-04,0.0001516513995540869,0.0001336401313811,calm
2022-02-07,0.00014387274977348328,9.890117697452616e-05,calm
2022-02-08,0.00013586034123738076,6.203778077973017e-05,calm
2022-02-09,0.00013173741119550954,4.819711826619469e-05,calm
2022-02-10,0.00013650047787263454,0.0001565664685695,calm
2022-02-11,0.00014803005761557535,0.0002094318507023,calm
2022-02-14,0.0001629464301493825,0.0001392275227592,calm
2022-02-15,0.00015381305249152825,9.315476021027872e-05,calm
2022-02-16,0.00015994083411045143,7.101313599650871e-05,calm
2022-02-17,0.00015041967457743533,6.574837290499602e-05,calm
2022-02-18,0.00016936962452781574,0.0001324816324507,calm
2022-02-22,0.00016173941135831597,0.0002151742267837,calm
2022-02-23,0.00015902003631652613,0.0001306989690878,calm
2022-02-24,0.00016869886533404224,0.0004893690620139,calm
2022-02-25,0.00017196377798201924,0.0001458657691331,calm
