date,forecast,actual,regime
2004-01-02,6.455007227196777e-05,4.746692947241121e-05,calm
2004-01-05,6.021625773420455e-05,3.5042980315462e-05,calm
2004-01-06,6.813708560937597e-05,1.996860427759956e-05,calm
2004-01-07,6.337680901263489e-05,2.894911799578962e-05,calm
2004-01-08,5.996016969449777e-05,3.1764671407365824e-05,calm
2004-01-09,5.723717976958633e-05,6.887760581914288e-05,calm
2004-01-14,6.259282871670591e-05,2.1453890090610127e-05,calm
2004-01-15,6.500538966141131e-05,5.030325056194925e-05,calm
2004-01-16,6.0842331933078054e-05,3.557575245891007e-05,calm
2004-01-20,5.79183944995498e-05,2.318480978541345e-05,calm
2004-01-21,5.391915391649785e-05,3.622873754930808e-05,calm
2004-01-22,5.6254650161101396e-05,3.344119684036042e-05,calm
2004-01-23,5.330551795054618e-05,3.714446672730906e-05,calm
2004-01-26,5.104669022249921e-05,2.9493382477689325e-05,calm
2004-01-27,6.3682775986595e-05,2.8899870826598297e-05,calm
2004-01-28,7.13870245194864e-05,9.465898688401444e-05,calm
2004-01-29,8.076101868000316e-05,8.060087997667982e-05,calm
2004-01-30,7.44781216563701e-05,5.2655363186854285e-05,calm
2004-02-02,6.887059443305425e-05,8.276496145781176e-05,calm
2004-02-03,6.54305352530398e-05,3.468135072140051e-05,calm
2004-02-04,6.114653086779612e-05,5.854818895978196e-05,calm
2004-02-05,6.44536639184832e-05,4.500600047418261e-05,calm
2004-02-06,6.050195053935276e-05,4.4750861202062913e-05,calm
2004-02-09,6.829912225180538e-05,1.758705003074006e-05,calm
2004-02-10,6.32722094152097e-05,2.396465451835885e-05,calm
2004-02-11,5.953707176562544e-05,4.493386620434971e-05,calm
2004-02-12,6.594337201261174e-05,2.165582981415501e-05,calm
2004-02-13,6.279420198039977e-05,4.805695896248099e-05,calm
2004-02-17,6.0751327315523286e-05,4.373560722222403e-05,calm
2004-02-18,6.390750951872154e-05,1.7099794146549574e-05,calm
2004-02-19,6.163293385930953e-05,5.643173723016871e-05,calm
2004-02-20,5.8938951243906836e-05,4.8976177165165696e-05,calm
2004-02-23,5.595187067959334e-05,3.072271007076642e-05,calm
2004-02-24,5.2869177685634386e-05,4.1801528184928e-05,calm
2004-02-25,4.961404998822167e-05,1.814413350414673e-05,calm
2004-02-26,4.764336285686464e-05,1.812134613660537e-05,calm
2004-02-27,4.426190972072638e-05,3.457720143099171e-05,calm
2004-03-01,4.1089002785924214e-05,3.30084047095964e-05,calm
2004-03-02,4.806954584261211e-05,3.633605420624729e-05,calm
2004-03-03,4.886070685098e-05,2.449546262963568e-05,calm
2004-03-04,4.550078372057378e-05,1.2639581072143253e-05,calm
2004-03-05,4.266578284318937e-05,0.0001092408875262,calm
2004-03-08,4.042666799043588e-05,2.5753194154617617e-05,calm
2004-03-09,5.535616664205325e-05,5.865012042754661e-05,calm
2004-03-10,5.321887232218504e-05,5.0182507177007154e-05,calm
2004-03-11,8.03301500959724e-05,0.0001092176859828,calm
2004-03-12,9.188078808343826e-05,6.976664386808508e-05,calm
2004-03-15,0.0001006058111459924,8.201414029738411e-05,calm
2004-03-16,0.00010803047954866039,8.455166175668443e-05,calm
2004-03-17,0.00010095133123247655,4.4586957281568565e-05,calm
2004-03-18,0.00010390363425690754,7.043889686593408e-05,calm
2004-03-19,9.496413344090995e-05,3.9519041663780586e-05,calm
2004-03-22,0.00012004554556643416,0.0001255501692582,calm
2004-03-23,0.00012627511332480984,6.745227909794062e-05,calm
2004-03-24,0.00011520451142065535,8.841276147938639e-05,calm
2004-03-25,0.00010516854437255072,6.424823288974736e-05,calm
2004-03-26,0.00011239595215172171,3.2835975217664794e-05,calm
2004-03-29,0.00010273055400823199,3.178590567856294e-05,calm
2004-03-30,0.00011213749089345144,3.857241432637164e-05,calm
2004-03-31,0.00010342644180074967,3.750687919434624e-05,calm
2004-04-01,9.489996929651271e-05,8.258610605993663e-05,calm
2004-04-05,9.028275007516699e-05,2.769297575464312e-05,calm
2004-04-06,8.560559871538169e-05,3.418841263492474e-05,calm
2004-04-07,8.013022970486432e-05,9.234176137282728e-05,calm
2004-04-12,7.467925842051714e-05,4.071674296421818e-05,calm
2004-04-13,7.027601042903729e-05,6.425772176980446e-05,calm
2004-04-14,8.541576731060558e-05,5.9177641799387486e-05,calm
2004-04-15,7.88892996420383e-05,3.233748624242546e-05,calm
2004-04-19,7.449321721660266e-05,4.292417009478386e-05,calm
2004-04-20,6.891102601103353e-05,5.630832095346389e-05,calm
2004-04-21,9.24464323104372e-05,6.294623535973745e-05,calm
2004-04-22,8.896605222342943e-05,3.0357593841097723e-05,calm
2004-04-26,9.96441629646986e-05,4.660480074811698e-05,calm
2004-04-27,9.176705328277209e-05,5.451483881392403e-05,calm
2004-04-28,8.451936437963037e-05,8.081043888820069e-05,calm
2004-04-29,9.480866123622614e-05,9.538382372455228e-05,calm
2004-05-03,9.499755362841507e-05,9.427150373557812e-05,calm
2004-05-04,9.759798060147595e-05,3.836488845782484e-05,calm
2004-05-05,8.982853373354069e-05,7.60281335211063e-05,calm
2004-05-06,8.62983677481349e-05,9.961025442733376e-05,calm
2004-05-10,8.710619853120149e-05,4.024072319311001e-05,calm
2004-05-11,9.088580570210061e-05,0.0001274551552618,calm
2004-05-12,8.997946991334314e-05,8.209932131170614e-05,calm
2004-05-13,8.638355454002186e-05,9.621926843907416e-05,calm
2004-05-17,8.155914960754667e-05,3.9395953194299815e-05,calm
2004-05-18,8.270402166935546e-05,9.86686537030104e-05,calm
2004-05-19,7.852267404413185e-05,4.035178359879427e-05,calm
2004-05-20,7.392819082410576e-05,4.179290790636993e-05,calm
2004-05-24,6.928167746937516e-05,5.1230153682229495e-05,calm
2004-05-25,6.570510674392558e-05,2.7863456427608657e-05,calm
2004-05-26,7.949787152668941e-05,5.251121758073374e-05,calm
2004-05-27,7.441380331200716e-05,1.2069237764693068e-05,calm
2004-06-01,7.150000538991386e-05,3.385568310187234e-05,calm
2004-06-02,6.652449675979712e-05,3.8072541896442985e-05,calm
2004-06-03,6.281935646846791e-05,6.317875897821396e-05,calm
2004-06-07,6.716585383439713e-05,2.672914921510409e-05,calm
2004-06-08,8.300498285490341e-05,2.046498510355124e-05,calm
2004-06-09,7.66895698734688e-05,1.821254634582509e-05,calm
2004-06-14,7.979480001366728e-05,6.083380699398143e-05,calm
2004-06-15,8.358485309885251e-05,1.517046656254418e-05,calm
2004-06-16,8.13630402724913e-05,2.073575942602274e-05,calm
2004-06-17,7.517806859727364e-05,2.381136068270356e-05,calm
2004-06-21,6.990321250746006e-05,2.6962590883066065e-05,calm
2004-06-22,6.64091914370825e-05,2.09011844040862e-05,calm
2004-06-23,6.374378512083731e-05,1.9973600548683364e-05,calm
2004-06-24,6.564521719971989e-05,1.902370532555758e-05,calm
2004-06-28,6.209530287715618e-05,1.5675630722967488e-05,calm
2004-06-29,5.905745343934683e-05,2.9324422786989645e-05,calm
2004-06-30,5.6313899518547675e-05,4.558847742042023e-05,calm
2004-07-01,5.481277777658459e-05,2.965733230799156e-05,calm
2004-07-06,7.076740921797311e-05,1.8665553469806154e-05,calm
2004-07-07,7.332087332883634e-05,4.254086159008393e-05,calm
2004-07-08,6.851294570519083e-05,4.270728226870934e-05,calm
2004-07-12,6.843560306113084e-05,8.971083163326272e-06,calm
2004-07-13,6.345424857793503e-05,6.267228165025885e-05,calm
2004-07-14,5.895807475352608e-05,2.9659089386180835e-05,calm
2004-07-15,5.58744131742247e-05,3.768872433914414e-05,calm
2004-07-19,5.631923480195231e-05,3.930473556811868e-05,calm
2004-07-20,5.431583795909387e-05,5.874017661897356e-05,calm
2004-07-21,6.527550263433137e-05,8.039336687104356e-05,calm
2004-07-22,9.431996330910209e-05,5.332088284227309e-05,calm
2004-07-26,8.717903778475308e-05,4.178087958711557e-05,calm
2004-07-27,8.0712702396656e-05,7.185965149762403e-05,calm
2004-07-28,8.221827340773954e-05,4.283496445307457e-05,calm
2004-07-29,7.660598093147476e-05,2.8759359970082107e-05,calm
2004-08-02,7.235738249567496e-05,2.559403484988062e-05,calm
2004-08-03,6.736856555524379e-05,4.649421378265179e-05,calm
2004-08-04,6.849005427005114e-05,5.089524964613041e-05,calm
2004-08-05,6.358015013372981e-05,9.310910478276804e-05,calm
2004-08-09,8.482528863745362e-05,4.235918848575945e-05,calm
2004-08-10,7.842578642474673e-05,0.000106615456384,calm
2004-08-11,8.705160470393629e-05,5.057373518265611e-05,calm
2004-08-12,8.079008277757163e-05,4.433847293301378e-05,calm
2004-08-16,8.608715493141433e-05,3.1006703684964066e-05,calm
2004-08-17,8.87088277682718e-05,4.686626960269624e-05,calm
2004-08-18,8.445993561150456e-05,3.815873751643198e-05,calm
2004-08-19,8.702265210174434e-05,2.6390427188093405e-05,calm
2004-08-23,8.126643977612191e-05,3.4231125747722495e-05,calm
2004-08-24,7.590053641729577e-05,2.759731053481776e-05,calm
2004-08-25,7.047557675225828e-05,1.5073402594493956e-05,calm
2004-08-26,6.925668391943964e-05,9.574371923892922e-06,calm
2004-08-30,6.434713834573646e-05,2.8047606015009595e-05,calm
2004-08-31,6.65130494107978e-05,3.0425982182419896e-05,calm
2004-09-01,6.407514149880303e-05,1.9551714467397137e-05,calm
2004-09-02,5.985139429094331e-05,2.60606055105332e-05,calm
2004-09-07,6.673068448787783e-05,2.274243297806097e-05,calm
2004-09-08,6.555616081959655e-05,3.1993060329525735e-05,calm
2004-09-09,6.16546788447626e-05,2.897432488815208e-05,calm
2004-09-13,5.7522215927662987e-05,1.434966281000752e-05,calm
2004-09-14,5.440291162167863e-05,2.2377523033820985e-05,calm
2004-09-15,5.1006047966465726e-05,1.2610326252627773e-05,calm
2004-09-16,5.349590677764737e-05,2.3171616920976163e-05,calm
2004-09-20,5.0575392998623e-05,1.5660752281588137e-05,calm
2004-09-21,5.0972026157398756e-05,5.7548189795053e-05,calm
2004-09-22,4.910103596565267e-05,2.677975782617993e-05,calm
2004-09-23,6.133277856593448e-05,1.723573894888711e-05,calm
2004-09-27,5.992828301239957e-05,2.4010680108981e-05,calm
2004-09-28,5.9749306133068026e-05,2.4855104597581503e-05,calm
2004-09-29,5.747440407134439e-05,2.8325689436875165e-05,calm
2004-09-30,5.560536303747137e-05,3.3225022488154e-05,calm
2004-10-04,5.188478824372018e-05,2.027711933198608e-05,calm
2004-10-05,4.8581394894382305e-05,1.6897573713299464e-05,calm
2004-10-06,4.535713466422796e-05,1.61697043963027e-05,calm
2004-10-07,4.645834211345062e-05,2.955327722998703e-05,calm
2004-10-12,5.486065272708782e-05,4.373260934313432e-05,calm
2004-10-13,5.264173268537025e-05,2.6824084809833783e-05,calm
2004-10-14,5.660603787371241e-05,5.3230498235616505e-05,calm
2004-10-18,5.8954088213172815e-05,3.3589967210355955e-05,calm
2004-10-19,5.5960706050296814e-05,5.379510947431661e-05,calm
2004-10-20,5.8879477601530315e-05,5.0166302303134735e-05,calm
2004-10-21,5.5118062830071823e-05,3.627708272348647e-05,calm
2004-10-25,5.4980902833905386e-05,3.938181052507464e-05,calm
2004-10-26,5.133263585331174e-05,4.707750723028362e-05,calm
2004-10-27,6.853361433236131e-05,3.445948108293571e-05,calm
2004-10-28,7.59314085573129e-05,2.9219276576608413e-05,calm
2004-11-01,7.080615270091219e-05,1.543053972137845e-05,calm
2004-11-02,6.60987446776945e-05,4.7029373562063945e-05,calm
2004-11-03,6.132685912009676e-05,0.0002290475182417,calm
2004-11-04,7.041302343554065e-05,3.412224664175711e-05,calm
2004-11-05,8.101414655580418e-05,4.152233972752128e-05,calm
2004-11-08,7.787650408954072e-05,2.0279031954573085e-05,calm
2004-11-09,7.224706602343042e-05,2.337577289797733e-05,calm
2004-11-10,6.739430928822037e-05,2.72746346160913e-05,calm
2004-11-11,6.25678780148948e-05,2.183518996113652e-05,calm
2004-11-12,6.279447879448894e-05,1.4740762033689898e-05,calm
2004-11-15,6.333237744435542e-05,2.7330807067689407e-05,calm
2004-11-16,5.892366796019703e-05,2.4022032195980648e-05,calm
2004-11-17,5.991758985212263e-05,4.764547939475519e-05,calm
2004-11-18,5.8488603210722955e-05,1.807258079870548e-05,calm
2004-11-19,5.4534675185861725e-05,3.339072756184021e-05,calm
2004-11-22,6.269089123773715e-05,2.115910638294614e-05,calm
2004-11-23,6.000444646919443e-05,2.8939995465948583e-05,calm
2004-11-24,5.596288343911714e-05,1.817375054347309e-05,calm
2004-11-26,5.251113749763169e-05,6.9294709887614594e-06,calm
2004-11-29,4.9097192897930025e-05,4.976157720190865e-05,calm
2004-11-30,4.8021158300434304e-05,2.999450821740443e-05,calm
2004-12-01,4.48567989344453e-05,3.0809521325215374e-05,calm
2004-12-02,5.283181602701286e-05,2.6607529168391093e-05,calm
2004-12-03,4.927403013837035e-05,4.964696746638946e-05,calm
2004-12-06,4.609003044405374e-05,2.327480025736807e-05,calm
2004-12-07,4.309943094399355e-05,3.7054910737959184e-05,calm
2004-12-08,4.891420494597249e-05,2.5115345603359603e-05,calm
2004-12-09,4.8345629458502796e-05,4.259258668109634e-05,calm
2004-12-10,4.6020959413263885e-05,2.391305135215696e-05,calm
2004-12-13,4.300961296945174e-05,3.15896106008939e-05,calm
2004-12-14,4.646918028109043e-05,1.5006731717879218e-05,calm
2004-12-15,4.421875890142139e-05,2.323479493696384e-05,calm
2004-12-16,4.129344500143648e-05,3.356420948135235e-05,calm
2004-12-17,3.8665886459001374e-05,4.728763038046928e-05,calm
2004-12-20,4.903374808276313e-05,4.61617722939268e-05,calm
2004-12-21,4.571458984999567e-05,2.2023389781050527e-05,calm
2004-12-22,4.747191567861944e-05,1.7205482668070214e-05,calm
2004-12-23,4.4642052567561805e-05,1.1091437024996344e-05,calm
2004-12-27,4.168838179825517e-05,2.833356309595392e-05,calm
2004-12-28,3.9494666647585664e-05,1.9559380068330456e-05,calm
2004-12-29,3.9268891293043084e-05,7.845495953125145e-06,calm
2004-12-30,3.679049562178445e-05,5.985971865798163e-06,calm
2004-12-31,3.48673969883958e-05,8.034036374705617e-06,calm
2005-01-03,3.317859707766094e-05,4.5901741636569045e-05,calm
2005-01-04,3.347144266532982e-05,4.811579241064164e-05,calm
2005-01-05,4.6335788867404406e-05,4.540723082624014e-05,calm
2005-01-06,4.785622997327093e-05,3.700410634180749e-05,calm
2005-01-07,4.6605795645536725e-05,3.716516076401826e-05,calm
2005-01-10,4.36929536582442e-05,2.966732963089849e-05,calm
2005-01-11,4.250639709973234e-05,2.9697495360681423e-05,calm
2005-01-12,4.432958114429532e-05,5.238506417245631e-05,calm
2005-01-13,4.2144329122673723e-05,2.5234357658269245e-05,calm
2005-01-14,4.5535353414136264e-05,2.4280475471344816e-05,calm
2005-01-18,4.464356545062702e-05,2.4500495574137305e-05,calm
2005-01-19,5.059839496496549e-05,1.9493173782438938e-05,calm
2005-01-20,5.74639370563057e-05,5.444340367375013e-05,calm
2005-01-21,5.690962062449323e-05,3.761664613891408e-05,calm
2005-01-24,5.64285610549919e-05,4.570744942282567e-05,calm
2005-01-25,5.282916254304588e-05,3.6899261144152046e-05,calm
2005-01-26,4.971903180169766e-05,3.8513412579391965e-05,calm
2005-01-27,4.696299561712395e-05,2.1584324942661908e-05,calm
2005-01-28,4.3977516391658745e-05,2.993117401109172e-05,calm
2005-01-31,4.105811460013487e-05,4.431068050828149e-05,calm
2005-02-01,4.144195832307803e-05,1.4798225701036466e-05,calm
2005-02-02,4.189951857328225e-05,1.9513862026098592e-05,calm
2005-02-03,3.9765096009105474e-05,2.469461371866069e-05,calm
2005-02-04,3.790185562005109e-05,1.8313395349065035e-05,calm
2005-02-07,4.480559534398129e-05,1.1611466095387856e-05,calm
2005-02-08,4.203695074938068e-05,1.3232728308288593e-05,calm
2005-02-09,3.9301842304886255e-05,2.573482651804878e-05,calm
2005-02-10,4.21310035376365e-05,2.4809935186810416e-05,calm
2005-02-11,4.0260502275489745e-05,3.52411713032392e-05,calm
2005-02-14,4.350745840776955e-05,8.127278889610916e-06,calm
2005-02-15,4.068904500470088e-05,1.4845581397811394e-05,calm
2005-02-16,3.896925641905321e-05,2.019044949548738e-05,calm
2005-02-17,3.640265668479385e-05,2.5371439544972893e-05,calm
2005-02-18,4.0356591458297924e-05,1.6333220822757518e-05,calm
2005-02-22,3.775914891578362e-05,3.854942116817373e-05,calm
2005-02-23,5.580705626798592e-05,3.4154610296020106e-05,calm
2005-02-24,5.586231399429859e-05,3.543161090446478e-05,calm
2005-02-25,5.52712349623983e-05,2.27423891499525e-05,calm
2005-02-28,5.911155221088539e-05,2.9104739696092604e-05,calm
2005-03-01,5.8980567245565604e-05,2.795330027000681e-05,calm
2005-03-02,5.65822953178649e-05,5.0283135564015925e-05,calm
2005-03-03,5.267263823874108e-05,3.476102448657902e-05,calm
2005-03-04,4.906905216384704e-05,3.558380653537219e-05,calm
2005-03-07,5.79239485841596e-05,1.6634682415824848e-05,calm
2005-03-08,5.3859294128916644e-05,2.1564919077918577e-05,calm
2005-03-09,5.1580423602647504e-05,3.612923278728716e-05,calm
2005-03-10,5.915913098083887e-05,3.912634524845677e-05,calm
2005-03-11,5.5311258561722434e-05,4.1900997244965184e-05,calm
2005-03-14,5.5986558777109593e-05,2.455732000593863e-05,calm
2005-03-15,5.5007086015374494e-05,2.7189369947552305e-05,calm
2005-03-16,5.735054792400792e-05,3.5446681546016244e-05,calm
2005-03-17,5.979894542741417e-05,2.198304963572684e-05,calm
2005-03-18,5.586312032738491e-05,2.9838831792945063e-05,calm
2005-03-21,5.625295799614506e-05,3.986068960539432e-05,calm
2005-03-22,5.36868692229002e-05,5.4828154501861945e-05,calm
2005-03-23,5.9030681583072854e-05,3.629022295562797e-05,calm
2005-03-24,5.495478772914013e-05,3.007413768403363e-05,calm
2005-03-28,5.129010198844256e-05,3.997856429236904e-05,calm
2005-03-29,4.798389785631604e-05,3.314672438760096e-05,calm
2005-03-30,4.871695122544044e-05,2.339500531760073e-05,calm
2005-03-31,6.120226300913184e-05,7.812622258153005e-05,calm
2005-04-04,5.730149411660432e-05,2.999979125429709e-05,calm
2005-04-05,5.3556552311753834e-05,3.059247858653413e-05,calm
2005-04-06,5.159212497795334e-05,1.9685348575702457e-05,calm
2005-04-07,4.8989222783260686e-05,2.0843878319823105e-05,calm
2005-04-11,4.787517544093482e-05,4.612551477471924e-05,calm
2005-04-12,4.476826618510706e-05,3.5082507729446465e-05,calm
2005-04-13,4.379307477433663e-05,5.496686708050335e-05,calm
2005-04-14,5.307110743208601e-05,7.690490710534502e-05,calm
2005-04-18,6.409843616749533e-05,4.662886915754695e-05,calm
2005-04-19,6.0214007368300926e-05,6.187588958799296e-05,calm
2005-04-20,6.07890780232726e-05,9.899925296468038e-05,calm
2005-04-21,7.324925988164122e-05,8.387154474053629e-05,calm
2005-04-25,9.806955220236279e-05,4.090027441636769e-05,calm
2005-04-26,9.356045098669373e-05,6.019719051789494e-05,calm
2005-04-27,9.472984600896546e-05,5.632380158684504e-05,calm
2005-04-28,8.843209779814871e-05,8.969823386297989e-05,calm
2005-05-02,9.547488824412165e-05,8.435956105689265e-05,calm
2005-05-03,9.042983535203322e-05,4.082708713099356e-05,calm
2005-05-04,8.374721639441844e-05,6.433774512715805e-05,calm
2005-05-05,8.199459708181967e-05,3.8724063986449417e-05,calm
2005-05-09,7.600963824589001e-05,5.877995875066447e-05,calm
2005-05-10,7.335927113250147e-05,4.273662622014396e-05,calm
2005-05-11,7.730721450690586e-05,4.763067827268298e-05,calm
2005-05-12,7.38939823491146e-05,8.026906814221484e-05,calm
2005-05-16,7.892810501909008e-05,3.313599100492888e-05,calm
2005-05-17,7.973299643822947e-05,4.315829224971817e-05,calm
2005-05-18,7.71964760886514e-05,2.511539532305968e-05,calm
2005-05-19,7.954134081636419e-05,2.051845986491614e-05,calm
2005-05-23,7.49848133808049e-05,2.849458714009533e-05,calm
2005-05-24,7.179026158603132e-05,1.923418569807457e-05,calm
2005-05-25,6.728897350111899e-05,1.896315609791601e-05,calm
2005-05-26,6.269734879408742e-05,6.953594843349292e-06,calm
2005-05-31,6.0401950982494446e-05,4.6049230549069547e-05,calm
2005-06-01,5.993483725074294e-05,2.1572037012082583e-05,calm
2005-06-02,6.12076038724694e-05,2.600903120366915e-05,calm
2005-06-06,5.7281998804491205e-05,3.879277790136503e-05,calm
2005-06-07,5.353110475237447e-05,1.908267867937516e-05,calm
2005-06-08,4.995393644686997e-05,3.383439282639542e-05,calm
2005-06-09,4.7016497157046046e-05,1.849932983329848e-05,calm
2005-06-13,4.551625247209802e-05,2.0947875074852103e-05,calm
2005-06-14,4.316628483875664e-05,3.092141533222931e-05,calm
2005-06-15,4.064714935255975e-05,1.7812457179554253e-05,calm
2005-06-16,3.817545486851141e-05,3.0575434205190355e-05,calm
2005-06-20,3.608184264399945e-05,1.8882020747211664e-05,calm
2005-06-21,3.3703974592126124e-05,3.133421211333544e-05,calm
2005-06-22,3.147650062936893e-05,3.825981399979101e-05,calm
2005-06-23,2.939862943117833e-05,2.4366261268762982e-05,calm
2005-06-27,4.656637372304411e-05,1.791375935592916e-05,calm
2005-06-28,4.3647711743043934e-05,1.6968793232364282e-05,calm
2005-06-29,4.617779168344104e-05,3.111782425387137e-05,calm
2005-06-30,4.392213354995789e-05,3.2985587000091137e-05,calm
2005-07-05,4.383697733777016e-05,2.2667685602973467e-05,calm
2005-07-06,4.587954066922808e-05,8.381835669036773e-05,calm
2005-07-07,4.917708807530265e-05,2.0852249796776843e-05,calm
2005-07-11,4.698742242788525e-05,2.2023717503727743e-05,calm
2005-07-12,4.5780413930474144e-05,1.4936253059586477e-05,calm
2005-07-13,4.32355021861072e-05,4.8912138019135416e-05,calm
2005-07-14,4.055763453877819e-05,1.2216940879486834e-05,calm
2005-07-18,3.904396881811634e-05,3.368803054471808e-05,calm
2005-07-19,3.815794102391013e-05,3.06600303744555e-05,calm
2005-07-20,3.794393077522399e-05,5.317992325315859e-05,calm
2005-07-21,3.63365303728832e-05,2.015624366034149e-05,calm
2005-07-25,3.7298993597220506e-05,2.249484137344417e-05,calm
2005-07-26,3.579552530431064e-05,1.9861688987419822e-05,calm
2005-07-27,3.362441662469163e-05,2.0693676357483468e-05,calm
2005-07-28,3.2462157767744454e-05,1.5163854141479549e-05,calm
2005-08-01,3.3451074109354004e-05,1.2862996648590173e-05,calm
2005-08-02,3.14621896874332e-05,1.2566415835997024e-05,calm
2005-08-03,3.219625558287304e-05,1.613325908824546e-05,calm
2005-08-04,3.061632357605177e-05,1.958530009370837e-05,calm
2005-08-08,3.4853502074683484e-05,3.086216032325034e-05,calm
2005-08-09,3.3058598807500656e-05,4.6928743703113045e-05,calm
2005-08-10,3.3704612580967696e-05,3.3728975472054104e-05,calm
2005-08-11,3.162738636644199e-05,2.8574747264927967e-05,calm
2005-08-15,3.0742662313323764e-05,2.96828932659976e-05,calm
2005-08-16,3.1671064697556336e-05,3.0370486727722663e-05,calm
2005-08-17,4.5230903649003104e-05,2.700724558616188e-05,calm
2005-08-18,4.217908607979174e-05,1.8581822715203723e-05,calm
2005-08-22,3.940315622992323e-05,2.179799532853289e-05,calm
2005-08-23,3.686227181055895e-05,3.658470099731825e-05,calm
2005-08-24,3.491994743681331e-05,1.5997436972118984e-05,calm
2005-08-25,3.988267587053642e-05,3.063198071331879e-05,calm
2005-08-29,3.820357132651644e-05,5.07387240882254e-05,calm
2005-08-30,4.021824254013048e-05,5.462548502244964e-05,calm
2005-08-31,4.017678354757232e-05,5.610150949666649e-05,calm
2005-09-01,4.994984588536438e-05,2.281686464852555e-05,calm
2005-09-06,4.660122053876347e-05,1.6159575246402022e-05,calm
2005-09-07,5.3911755838870976e-05,1.972800316256676e-05,calm
2005-09-08,5.0271293557484955e-05,1.8209318336989488e-05,calm
2005-09-12,4.7947968645268955e-05,2.356127647573038e-05,calm
2005-09-13,4.519257921579918e-05,2.453604912012196e-05,calm
2005-09-14,4.505070689838856e-05,3.164011968956482e-05,calm
2005-09-15,4.337501624949893e-05,2.7880285094037205e-05,calm
2005-09-19,4.061391627696456e-05,3.740111023942561e-05,calm
2005-09-20,3.909812048042338e-05,3.457724285097569e-05,calm
2005-09-21,4.286643781540912e-05,5.148428271294945e-05,calm
2005-09-22,4.7628779687929195e-05,2.466406603103198e-05,calm
2005-09-26,4.5303372790308974e-05,3.200960538273306e-05,calm
2005-09-27,4.238712124450502e-05,2.598506303239372e-05,calm
2005-09-28,3.967641406995129e-05,4.144167384861928e-05,calm
2005-09-29,3.7197946263419804e-05,1.9014888745876485e-05,calm
2005-10-03,3.9776728536046364e-05,3.759356113683181e-05,calm
2005-10-04,3.846056292169684e-05,5.848447156697858e-05,calm
2005-10-05,4.6861022351629056e-05,0.0001003484682485,calm
2005-10-06,5.8400213744692196e-05,4.514731813742246e-05,calm
2005-10-10,5.54579636470811e-05,5.726968858401061e-05,calm
2005-10-11,5.772648301791168e-05,7.76256646249013e-05,calm
2005-10-12,5.389630569285809e-05,9.162665707017618e-05,calm
2005-10-13,5.544059463408433e-05,6.765931071258134e-05,calm
2005-10-17,5.166457181516735e-05,3.0089507799808705e-05,calm
2005-10-18,4.914968488214677e-05,7.918817896031006e-05,calm
2005-10-19,5.5644303934864945e-05,9.591824121340194e-05,calm
2005-10-20,7.316017245992045e-05,8.151648544295895e-05,calm
2005-10-24,9.472038010903684e-05,4.71695635441993e-05,calm
2005-10-25,0.00010660493365508972,6.579726674142392e-05,calm
2005-10-26,9.830510304873551e-05,3.3405306250097035e-05,calm
2005-10-27,9.13403651760473e-05,7.62132467527258e-05,calm
2005-10-31,9.412121354070259e-05,3.806864662807372e-05,calm
2005-11-01,8.731472071721804e-05,2.071472277347303e-05,calm
2005-11-02,8.12980076568959e-05,2.78925007247656e-05,calm
2005-11-03,8.351932550892362e-05,3.846580900875449e-05,calm
2005-11-04,7.856210086529299e-05,3.145858659111887e-05,calm
2005-11-07,7.300046946549068e-05,2.405023865787716e-05,calm
2005-11-08,6.778681516771167e-05,2.551137965097868e-05,calm
2005-11-09,6.299438525104529e-05,2.5009885733389208e-05,calm
2005-11-10,5.868514951757534e-05,4.20688067707311e-05,calm
2005-11-11,5.90525885413627e-05,5.921464730879728e-06,calm
2005-11-14,5.5746675256421685e-05,1.5318954687525145e-05,calm
2005-11-15,5.1994698687704735e-05,2.532872748613692e-05,calm
2005-11-16,4.971665419025986e-05,2.319535882927661e-05,calm
2005-11-17,4.661459396420747e-05,2.2121223384277625e-05,calm
2005-11-18,5.005376999229573e-05,2.884746034356546e-05,calm
2005-11-21,4.77436766204685e-05,1.5727193075837816e-05,calm
2005-11-22,4.634823382996458e-05,2.136779765765257e-05,calm
2005-11-23,4.453722344822052e-05,1.3935917524098171e-05,calm
2005-11-25,4.399523040004692e-05,5.292996952738535e-06,calm
2005-11-28,4.110659418173272e-05,1.6452394237746657e-05,calm
2005-11-29,4.300619826024662e-05,3.336847674191574e-05,calm
2005-11-30,4.035555404000752e-05,3.0834080480860925e-05,calm
2005-12-01,4.044501887792859e-05,4.791793888147823e-05,calm
2005-12-02,4.577270238276602e-05,1.310105167709827e-05,calm
2005-12-05,4.2813341555376685e-05,1.920120215506316e-05,calm
2005-12-06,4.0513363177101304e-05,3.2799740667172914e-05,calm
2005-12-07,3.809276818020266e-05,2.8351917133695523e-05,calm
2005-12-08,3.881472740467975e-05,4.0919003996538864e-05,calm
2005-12-09,3.639401364791409e-05,2.210568464310617e-05,calm
2005-12-12,3.451842053684415e-05,2.0975064420046447e-05,calm
2005-12-13,3.236474368402872e-05,2.5940166378021988e-05,calm
2005-12-14,3.387518483050546e-05,1.9782026586472794e-05,calm
2005-12-15,3.2811717817094835e-05,2.1261330076920137e-05,calm
2005-12-16,3.1640375783676714e-05,2.079832551752129e-05,calm
2005-12-19,3.631307565630449e-05,2.0906488258439613e-05,calm
2005-12-20,3.647413066895656e-05,1.700886300234145e-05,calm
2005-12-21,3.416486111797631e-05,3.322462060617423e-05,calm
2005-12-22,3.2134691791553385e-05,1.4802547841585071e-05,calm
2005-12-23,3.21670707580404e-05,6.242016936010334e-06,calm
2005-12-27,3.0142341210029632e-05,3.080193763460183e-05,calm
2005-12-28,3.77205061737859e-05,1.3347128501126844e-05,calm
2005-12-29,3.557961281764266e-05,1.5030119589318696e-05,calm
2005-12-30,3.5170696750247535e-05,2.7625515164712065e-05,calm
2006-01-03,3.563685789811462e-05,6.550958226986926e-05,calm
2006-01-04,5.812762615376573e-05,2.99964857988114e-05,calm
2006-01-05,5.546939783209456e-05,2.00727538030809e-05,calm
2006-01-06,5.1491271520763296e-05,5.783084066735448e-05,calm
2006-01-09,5.30912403286856e-05,1.2946303918073402e-05,calm
2006-01-10,4.9762236020717085e-05,2.454498754089105e-05,calm
2006-01-11,4.638665176584509e-05,1.9371220562194148e-05,calm
2006-01-12,4.392524498983973e-05,1.3941632730994012e-05,calm
2006-01-13,4.2541545633278615e-05,1.803288757845814e-05,calm
2006-01-17,3.990688725141591e-05,2.525145744680113e-05,calm
2006-01-18,3.811806694434008e-05,3.1789174910290275e-05,calm
2006-01-19,3.72187755513097e-05,2.2086407803363955e-05,calm
2006-01-20,3.586497696632663e-05,4.164286758383666e-05,calm
2006-01-23,6.209273896308907e-05,2.390481474959569e-05,calm
2006-01-24,5.8492245758681114e-05,2.696126189647672e-05,calm
2006-01-25,5.4441147508139475e-05,6.032708418760052e-05,calm
2006-01-26,5.07653572719598e-05,5.4023824152919454e-05,calm
2006-01-27,4.953043134702321e-05,2.657714534350269e-05,calm
2006-01-30,5.249972120860327e-05,1.0909909929678137e-05,calm
2006-01-31,4.908820318861769e-05,2.715620021860394e-05,calm
2006-02-01,5.047205971142003e-05,3.478004094315291e-05,calm
2006-02-02,5.059139973671588e-05,4.0408698199216375e-05,calm
2006-02-03,5.8529460590696356e-05,5.241333903434699e-05,calm
2006-02-06,5.66767345197043e-05,2.243148605695374e-05,calm
2006-02-07,5.323989050827453e-05,4.118616951794815e-05,calm
2006-02-08,5.6250624116235694e-05,1.9398040215845905e-05,calm
2006-02-09,5.8439438053437566e-05,2.2015184183145293e-05,calm
2006-02-10,5.473807501905776e-05,4.1278649442193335e-05,calm
2006-02-13,5.125772689716734e-05,2.178121159393728e-05,calm
2006-02-14,4.824287941092881e-05,2.7002608132455776e-05,calm
2006-02-15,5.325641139806373e-05,4.136803863061303e-05,calm
2006-02-16,5.052144499860053e-05,1.288318362253558e-05,calm
2006-02-17,5.115421948205573e-05,1.078149890078717e-05,calm
2006-02-21,4.8524245652967265e-05,2.613943204010344e-05,calm
2006-02-22,4.6010225456542116e-05,1.8268895804869863e-05,calm
2006-02-23,4.5614002692438104e-05,2.755517345759565e-05,calm
2006-02-24,4.2974917643272904e-05,1.349439143439122e-05,calm
2006-02-27,4.066969613658037e-05,1.580164274883552e-05,calm
2006-02-28,3.815866047701966e-05,3.50421813868333e-05,calm
2006-03-01,4.3437016729409014e-05,1.695468786804152e-05,calm
2006-03-02,4.633781120471085e-05,3.0247823247216044e-05,calm
2006-03-03,4.339624818408163e-05,3.851043258183827e-05,calm
2006-03-06,4.258317193175174e-05,2.638660774327473e-05,calm
2006-03-07,4.178141294498922e-05,3.0281178682311728e-05,calm
2006-03-08,3.945456792942471e-05,3.260250452562999e-05,calm
2006-03-09,3.729082713941471e-05,1.879239112449381e-05,calm
2006-03-10,3.887412274006616e-05,3.3172003336672044e-05,calm
2006-03-13,4.300894601386302e-05,1.8379906091064248e-05,calm
2006-03-14,4.049582413573424e-05,1.7343582482868603e-05,calm
2006-03-15,4.588184408301196e-05,1.4774229330184016e-05,calm
2006-03-16,4.42418662903741e-05,2.078524109804008e-05,calm
2006-03-17,4.167060853492326e-05,1.1901484888850126e-05,calm
2006-03-20,4.001606996396233e-05,1.6749856394326092e-05,calm
2006-03-21,3.785083354860166e-05,2.4461627228568748e-05,calm
2006-03-22,3.896258683833039e-05,1.8461006909594467e-05,calm
2006-03-23,3.913106528609299e-05,1.883971043070543e-05,calm
2006-03-24,3.7181854941388756e-05,1.7053066159512233e-05,calm
2006-03-27,3.494772638168915e-05,3.095024450966714e-05,calm
2006-03-28,3.3110764969423296e-05,2.4142056492579336e-05,calm
2006-03-29,3.444799338176706e-05,3.858341530803866e-05,calm
2006-03-30,3.514004604442158e-05,2.455841313999867e-05,calm
2006-04-03,3.337096374276539e-05,2.7103277161483296e-05,calm
2006-04-04,3.147962252108078e-05,2.5010793987869663e-05,calm
2006-04-05,3.2519517819307356e-05,2.431446065117456e-05,calm
2006-04-06,3.134805830554995e-05,4.921028090193077e-05,calm
2006-04-10,2.9655495102468622e-05,4.039460873516393e-05,calm
2006-04-11,2.803383998669262e-05,2.017601665360685e-05,calm
2006-04-12,3.2673587302254596e-05,2.3542130582969885e-05,calm
2006-04-17,3.091090202859093e-05,5.889939146255047e-05,calm
2006-04-18,2.9126224436382692e-05,3.358045596543012e-05,calm
2006-04-19,4.615423277841659e-05,3.70580299545061e-05,calm
2006-04-20,4.3335653061377326e-05,2.884519803163854e-05,calm
2006-04-24,4.0665802882009694e-05,3.06228595817359e-05,calm
2006-04-25,3.852143171863768e-05,4.206147676224752e-05,calm
2006-04-26,3.7721096181424614e-05,0.0001157893059911,calm
2006-04-27,3.545452343052029e-05,2.395760681170949e-05,calm
2006-05-01,3.487159218965826e-05,2.6729858019605345e-05,calm
2006-05-02,3.8349510127157606e-05,2.253747380875809e-05,calm
2006-05-03,3.989415658277092e-05,1.9101556159692538e-05,calm
2006-05-04,3.871581735483679e-05,3.581759893345211e-05,calm
2006-05-08,3.71585371231806e-05,5.2811202004674094e-06,calm
2006-05-09,3.512136060346429e-05,2.545807792597465e-05,calm
2006-05-10,3.325090875824056e-05,3.4688910732961645e-05,calm
2006-05-11,3.138036064100015e-05,7.03465158033034e-05,calm
2006-05-15,4.142912164235628e-05,2.967451301973849e-05,calm
2006-05-16,3.909178562109205e-05,8.62964180647739e-05,calm
2006-05-17,3.697355384454418e-05,5.775689710853748e-05,calm
2006-05-18,6.376924848753082e-05,8.85207010353377e-05,calm
2006-05-22,6.148617963382694e-05,7.474737073904105e-05,calm
2006-05-23,6.206731973629492e-05,0.0001568220245815,calm
2006-05-24,6.256028223075106e-05,4.735913249411477e-05,calm
2006-05-25,6.276549676482293e-05,1.4269276366805604e-05,calm
2006-05-30,6.945957287285705e-05,6.797333263303817e-05,calm
2006-05-31,9.051551564999256e-05,4.05155030058163e-05,calm
2006-06-01,9.296033097691636e-05,5.4485833040060406e-05,calm
2006-06-05,9.259733455206268e-05,9.813495007227456e-05,calm
2006-06-06,0.0001034155016170021,6.42049480740768e-05,calm
2006-06-07,9.596163867304422e-05,0.0001609976568298,calm
2006-06-08,9.345062881252743e-05,5.848441991708481e-05,calm
2006-06-12,8.656063183963961e-05,0.0001551810673886,calm
2006-06-13,8.98377054989154e-05,8.929928043441164e-05,calm
2006-06-14,9.421597371251182e-05,6.837686572454833e-05,calm
2006-06-15,9.149039147266993e-05,4.456046311560157e-05,calm
2006-06-19,0.00011820063701567567,4.161435722005943e-05,calm
2006-06-20,0.0001142248966972631,3.980550592975142e-05,calm
2006-06-21,0.00010613633245222551,3.907099249013956e-05,calm
2006-06-22,0.0001019786133973819,5.182735232282784e-05,calm
2006-06-26,9.60395818757999e-05,3.15743620689587e-05,calm
2006-06-27,9.024325091092846e-05,2.969139376904296e-05,calm
2006-06-28,8.978911096805666e-05,9.942451819995536e-05,calm
2006-06-29,8.64350870303958e-05,2.5934256244406105e-05,calm
2006-07-05,0.00010974299219437808,2.973056588367171e-05,calm
2006-07-06,0.00010424799489416515,3.229603863295765e-05,calm
2006-07-10,9.698703230787782e-05,3.95611976834746e-05,calm
2006-07-11,9.006250281371668e-05,2.916054476288056e-05,calm
2006-07-12,8.481337422361416e-05,5.791651198532688e-05,calm
2006-07-13,8.794563949360645e-05,7.669155188587427e-05,calm
2006-07-17,0.00010268696591891095,7.751915591055189e-05,calm
2006-07-18,9.531705244150355e-05,8.937524434491545e-05,calm
2006-07-19,9.011516561172164e-05,3.443352985324364e-05,calm
2006-07-20,9.730203628405712e-05,7.415385800959147e-05,calm
2006-07-24,9.406971887277428e-05,5.6479841502276246e-05,calm
2006-07-25,0.00011109032942755568,4.4996953590506045e-05,calm
2006-07-26,0.00010356131434164983,5.98007417014539e-05,calm
2006-07-27,9.600848436499892e-05,5.050025682248678e-05,calm
2006-07-31,8.915861052703078e-05,3.4875652513479095e-05,calm
2006-08-01,8.290429095613386e-05,4.157416794592438e-05,calm
2006-08-02,7.909982550188527e-05,5.576825352845317e-05,calm
2006-08-03,7.661724715368919e-05,4.629293118546689e-05,calm
2006-08-07,7.164777743961473e-05,7.044880302316272e-05,calm
2006-08-08,6.719114299061673e-05,7.272535548833909e-05,calm
2006-08-09,6.385566707357637e-05,4.60069380914304e-05,calm
2006-08-10,6.0497714074573736e-05,2.346482587576496e-05,calm
2006-08-14,5.692458159074898e-05,6.035608618960762e-05,calm
2006-08-15,5.30459559206271e-05,2.03979011558099e-05,calm
2006-08-16,5.991807838362111e-05,1.7628337647109112e-05,calm
2006-08-17,6.067864989621669e-05,1.5944874786718075e-05,calm
2006-08-21,5.693223968433552e-05,1.79286418692486e-05,calm
2006-08-22,5.476378562761229e-05,1.713952015572996e-05,calm
2006-08-23,5.111836280460153e-05,2.274404560423668e-05,calm
2006-08-24,4.8485971792605826e-05,1.481886371278123e-05,calm
2006-08-28,4.54026295742328e-05,1.8437567600561787e-05,calm
2006-08-29,4.399521377537576e-05,1.591014999393216e-05,calm
2006-08-30,4.118751086135123e-05,8.65709378512243e-06,calm
2006-08-31,3.853400069867599e-05,2.6818486129431844e-05,calm
2006-09-05,3.608791768315018e-05,2.255588632588384e-05,calm
2006-09-06,3.399451050103737e-05,3.645449597785752e-05,calm
2006-09-07,3.895663906746405e-05,1.77815129335666e-05,calm
2006-09-11,3.848018485020512e-05,2.016111071276435e-05,calm
2006-09-12,3.611819948481463e-05,1.2830292710308151e-05,calm
2006-09-13,4.1129572237702006e-05,1.3596267154475135e-05,calm
2006-09-14,3.9621130977596396e-05,2.812030605765717e-05,calm
2006-09-18,3.716192638553059e-05,1.9445172853326387e-05,calm
2006-09-19,3.496528002759455e-05,3.690597187038145e-05,calm
2006-09-20,3.351011607840066e-05,3.333717340972816e-05,calm
2006-09-21,3.350602481041911e-05,1.849905728730936e-05,calm
2006-09-25,3.370696279103261e-05,2.887975121088769e-05,calm
2006-09-26,3.6034852723231064e-05,3.2985468982108414e-05,calm
2006-09-27,3.8876801405113595e-05,1.6545772860181013e-05,calm
2006-09-28,3.650480487575841e-05,1.0293680786142047e-05,calm
2006-10-02,3.43148861285048e-05,2.459948531719992e-05,calm
2006-10-03,3.363108797257007e-05,2.021121121287753e-05,calm
2006-10-04,3.186135101298733e-05,1.3167416455492236e-05,calm
2006-10-05,4.028355019133957e-05,3.344378818346737e-05,calm
2006-10-09,3.792303935207833e-05,1.3741346810826676e-05,calm
2006-10-10,3.557693324031413e-05,2.6617363814731348e-05,calm
2006-10-11,3.348705827146421e-05,1.7547872528740184e-05,calm
2006-10-12,3.169494546244775e-05,9.480284530419702e-06,calm
2006-10-16,3.5310898734222106e-05,2.1669666464013374e-05,calm
2006-10-17,3.3264731259309425e-05,4.960183098900495e-05,calm
2006-10-18,3.231028826593525e-05,1.3102452103515802e-05,calm
2006-10-19,3.046514974476055e-05,7.90081222346207e-06,calm
2006-10-23,2.8807894233162162e-05,2.762893771212448e-05,calm
2006-10-24,2.858102165939499e-05,2.645585013212175e-05,calm
2006-10-25,2.746926924894459e-05,2.3009711979618304e-05,calm
2006-10-26,2.662617651087012e-05,3.3174159319324787e-05,calm
2006-10-30,2.569628601759454e-05,1.400395233979828e-05,calm
2006-10-31,2.43630509029259e-05,2.593756798935709e-05,calm
2006-11-01,2.3024030412343933e-05,2.2409210064207608e-05,calm
2006-11-02,2.6231189505451953e-05,1.907591747092852e-05,calm
2006-11-03,2.4819597309500832e-05,3.84824497741386e-05,calm
2006-11-06,2.3819717857190707e-05,2.575225841074673e-05,calm
2006-11-07,3.2333337385114736e-05,1.9582880941686183e-05,calm
2006-11-08,3.129966025178808e-05,4.010187070325331e-05,calm
2006-11-09,2.9656409484841057e-05,2.481675346570893e-05,calm
2006-11-10,3.059155125926259e-05,1.5874688052641962e-05,calm
2006-11-13,2.8767028816289013e-05,1.5851757550240773e-05,calm
2006-11-14,2.7416264117182402e-05,3.682463489218845e-05,calm
2006-11-15,2.9890236081909372e-05,1.429141470808222e-05,calm
2006-11-16,2.8578414527235606e-05,2.051446661559993e-05,calm
2006-11-17,2.7258147681896753e-05,2.3658367242021745e-05,calm
2006-11-20,2.5682299314136592e-05,1.698261692727839e-05,calm
2006-11-21,2.421493478813477e-05,7.919128775626147e-06,calm
2006-11-22,2.2869803699115086e-05,1.2395649020698937e-05,calm
2006-11-24,2.1779027514267624e-05,2.918951148667347e-05,calm
2006-11-27,2.2331518670504868e-05,3.784938065208794e-05,calm
2006-11-28,3.823890620976665e-05,4.007236225495033e-05,calm
2006-11-29,3.70108839957412e-05,4.1322339703193765e-05,calm
2006-11-30,4.265580827596397e-05,5.123420871721887e-05,calm
2006-12-01,3.982148041147189e-05,5.7338192957518384e-05,calm
2006-12-04,3.781552738722808e-05,2.327657097184121e-05,calm
2006-12-05,3.9503969466898894e-05,2.1846295878807715e-05,calm
2006-12-06,3.815262265145679e-05,9.790503918683016e-06,calm
2006-12-07,3.588752877816035e-05,2.341876127661348e-05,calm
2006-12-08,3.552946984524545e-05,2.109560165167e-05,calm
2006-12-11,3.3511428625148034e-05,8.6464042193481e-06,calm
2006-12-12,3.197561764421698e-05,2.478747087996112e-05,calm
2006-12-13,3.0215727463647434e-05,2.62868027670106e-05,calm
2006-12-14,2.8500872552493273e-05,2.005888547004301e-05,calm
2006-12-15,3.2350263476252406e-05,1.9756140469778264e-05,calm
2006-12-18,3.320594479567659e-05,1.2583725798421445e-05,calm
2006-12-19,3.202434993453064e-05,3.028768990137271e-05,calm
2006-12-20,3.029996058076801e-05,7.206939785982116e-06,calm
2006-12-21,2.8628575852882276e-05,1.9571446912611223e-05,calm
2006-12-22,2.8336608926648516e-05,2.118569427641668e-05,calm
2006-12-26,3.016325152776777e-05,6.508273715781892e-06,calm
2006-12-27,3.074475693361126e-05,2.118140642885569e-05,calm
2006-12-28,3.186645539457012e-05,1.0933785934001245e-05,calm
2006-12-29,3.0492214720661755e-05,2.253133446825217e-05,calm
2007-01-03,3.0372360643976525e-05,4.506079774052098e-05,calm
2007-01-04,2.8980132269880104e-05,4.229880145404546e-05,calm
2007-01-05,2.753784559344756e-05,3.960850137609532e-05,calm
2007-01-08,3.158678651521714e-05,3.369348123099182e-05,calm
2007-01-09,3.1089832573494644e-05,3.114137600355407e-05,calm
2007-01-10,2.9384636650326918e-05,2.8498001912115327e-05,calm
2007-01-11,2.834359219953254e-05,1.5174741643015502e-05,calm
2007-01-12,2.793630487730618e-05,1.298669968860314e-05,calm
2007-01-16,3.032001699635723e-05,1.4157693272464276e-05,calm
2007-01-17,2.899582586277677e-05,2.2365817187239105e-05,calm
2007-01-18,2.732130189666438e-05,2.494821111320507e-05,calm
2007-01-19,2.6909320314094502e-05,1.1403669752408372e-05,calm
2007-01-22,2.556777425974743e-05,1.830673551002677e-05,calm
2007-01-23,2.512183666883388e-05,1.907113262541366e-05,calm
2007-01-24,2.4218715162306227e-05,1.7021418873956373e-05,calm
2007-01-25,2.742511469074339e-05,2.159931327926243e-05,calm
2007-01-26,3.769545253066946e-05,3.294252626735421e-05,calm
2007-01-29,3.5438891686080633e-05,2.062511217250769e-05,calm
2007-01-30,3.3320332848534894e-05,2.216011759801403e-05,calm
2007-01-31,3.30621490242526e-05,4.128144982272786e-05,calm
2007-02-01,3.409316468343419e-05,2.226116152493081e-05,calm
2007-02-02,3.435697976661555e-05,1.2829747924856592e-05,calm
2007-02-05,3.232888456093252e-05,9.343912885651973e-06,calm
2007-02-06,3.0407112830529464e-05,1.0713033410875672e-05,calm
2007-02-07,2.8636730515223662e-05,1.0814209798654906e-05,calm
2007-02-08,2.723056739583562e-05,2.755677375575885e-05,calm
2007-02-09,2.5938363456345442e-05,2.742613083686676e-05,calm
2007-02-12,2.9363450274022684e-05,1.1972466046714771e-05,calm
2007-02-13,2.8798267351366995e-05,2.104434029758367e-05,calm
2007-02-14,3.201155735957307e-05,2.4845864324328635e-05,calm
2007-02-15,3.293950708065504e-05,9.34903373839985e-06,calm
2007-02-16,3.1012295539561716e-05,9.545006692153727e-06,calm
2007-02-20,2.9256088708355456e-05,1.6204650734436462e-05,calm
2007-02-21,2.777685433790037e-05,2.967895815031996e-05,calm
2007-02-22,2.6257825907713235e-05,2.774143405998003e-05,calm
2007-02-23,2.490299052365006e-05,1.7617328625646743e-05,calm
2007-02-26,2.5006215904088896e-05,2.443822987611277e-05,calm
2007-02-27,2.3760655378867278e-05,0.0002803240191029,calm
2007-02-28,0.0001432131498513398,0.0001217706927491,calm
2007-03-01,0.00013901839104046092,0.0003799144036669,calm
2007-03-02,0.00012878746185092838,7.439101482414818e-05,calm
2007-03-05,0.00013266317685472836,0.0001694612082679,calm
2007-03-06,0.00012976654209934145,0.0001134689041992,calm
2007-03-07,0.00014030529514460084,3.414279751907002e-05,calm
2007-03-08,0.0001296260101284084,7.461909348660612e-05,calm
2007-03-09,0.00012457553967799053,5.788944170905831e-05,calm
2007-03-12,0.00011538850347879388,2.490229987814612e-05,calm
2007-03-13,0.00010718355421867045,8.970738994064515e-05,calm
2007-03-14,0.00012792401191517627,0.0001615954400272,calm
2007-03-15,0.000122035805182682,4.288518133379065e-05,calm
2007-03-16,0.00011326459065866142,2.917255993453537e-05,calm
2007-03-19,0.00010879794609988586,5.433113053397026e-05,calm
2007-03-20,0.00011054199490230565,1.9093651815710383e-05,calm
2007-03-21,0.00010456984538413316,6.634452415214046e-05,calm
2007-03-22,0.00011494571219993694,1.7480806335324023e-05,calm
2007-03-23,0.0001068965792860138,2.1752451118461235e-05,calm
2007-03-26,9.954030260733807e-05,4.251569491510792e-05,calm
2007-03-27,9.294060490012003e-05,6.188325160527927e-05,calm
2007-03-28,8.721240853493114e-05,7.920989026962224e-05,calm
2007-03-29,8.550664812213309e-05,4.713978316039182e-05,calm
2007-04-02,7.987259213490617e-05,4.239278465647242e-05,calm
2007-04-03,7.468353887567228e-05,1.32252096061014e-05,calm
2007-04-04,7.724054817442056e-05,6.868733232916942e-06,calm
2007-04-09,7.226199294251497e-05,1.000577963565332e-05,calm
2007-04-10,6.769362122156206e-05,2.1936268931132363e-05,calm
2007-04-11,6.344013701543727e-05,2.08138543624239e-05,calm
2007-04-12,6.090026250646052e-05,1.881436785771979e-05,calm
2007-04-16,5.826898908834771e-05,1.4892323158757945e-05,calm
2007-04-17,6.0528597850670276e-05,1.6426867092686428e-05,calm
2007-04-18,5.714645377417216e-05,4.2003477125710656e-05,calm
2007-04-19,5.3711094976507176e-05,7.92713588037026e-05,calm
2007-04-23,5.051960966637752e-05,2.279789723173168e-05,calm
2007-04-24,4.8830148371602e-05,3.16479437805554e-05,calm
2007-04-25,4.596873715222139e-05,1.5875027756402973e-05,calm
2007-04-26,4.8948923287799154e-05,2.114516317955485e-05,calm
2007-04-30,4.6153262931020154e-05,3.8038050530442736e-05,calm
2007-05-01,4.915987952695396e-05,1.5116602454379909e-05,calm
2007-05-02,4.6671082630444046e-05,2.01309585214887e-05,calm
2007-05-03,4.6168284070865466e-05,1.658361868375604e-05,calm
2007-05-07,4.5376402261788936e-05,2.5057710327751667e-05,calm
2007-05-08,4.286098620619231e-05,1.98600375157866e-05,calm
2007-05-09,4.076468809953338e-05,4.513021304641341e-05,calm
2007-05-10,3.8981255695893575e-05,2.7186510200428123e-05,calm
2007-05-14,4.5796951623510454e-05,5.345072788645108e-05,calm
2007-05-15,4.376153472112628e-05,3.734598575359074e-05,calm
2007-05-16,4.139773261511674e-05,2.0005130106902142e-05,calm
2007-05-17,4.2198112969038e-05,2.0959405736388176e-05,calm
2007-05-21,4.037812090520868e-05,1.914186404970872e-05,calm
2007-05-22,3.83453012384198e-05,3.061452407221036e-05,calm
2007-05-23,3.651061430668029e-05,5.3517352657326345e-05,calm
2007-05-24,3.4714561091953336e-05,3.08706894850276e-05,calm
2007-05-29,3.974361804584064e-05,4.846749115723277e-05,calm
2007-05-30,3.845414567237432e-05,1.7186289990123763e-05,calm
2007-05-31,4.084429215515633e-05,3.79232019065358e-05,calm
2007-06-04,3.886396918165399e-05,3.114706847587333e-05,calm
2007-06-05,3.689347683765328e-05,3.674411118648482e-05,calm
2007-06-06,3.647821095129143e-05,7.437020870833379e-05,calm
2007-06-07,4.387193509709455e-05,5.254647567651792e-05,calm
2007-06-11,6.684517146839527e-05,6.630966155709031e-05,calm
2007-06-12,6.249134923075317e-05,6.488991320270412e-05,calm
2007-06-13,6.794306332035152e-05,2.3878967590886643e-05,calm
2007-06-14,7.914718930124027e-05,4.717931507962112e-05,calm
2007-06-18,7.620018741785785e-05,1.830927292477324e-05,calm
2007-06-19,7.106501603527293e-05,5.179075301605775e-05,calm
2007-06-20,6.659080475190736e-05,7.764258247053108e-05,calm
2007-06-21,7.744093473741752e-05,8.07640554469892e-05,calm
2007-06-25,7.402686646096728e-05,8.019526718780374e-05,calm
2007-06-26,7.094720290492857e-05,7.081475749594538e-05,calm
2007-06-27,7.459093256686747e-05,6.146817526204457e-05,calm
2007-06-28,8.347550928807585e-05,7.759919824617189e-05,calm
2007-07-02,7.758069095116124e-05,1.002187437132428e-05,calm
2007-07-05,7.768227172774831e-05,1.816453501270346e-05,calm
2007-07-09,7.249630973219107e-05,7.456955525102637e-05,calm
2007-07-10,6.765706561538421e-05,4.903818519711789e-05,calm
2007-07-11,7.899577393312523e-05,4.911009303794304e-05,calm
2007-07-12,7.681727376917059e-05,1.8830126654505064e-05,calm
2007-07-16,8.866930104348577e-05,2.2564391445408063e-05,calm
2007-07-17,8.235525337986969e-05,6.72490270993307e-05,calm
2007-07-18,7.669172791158019e-05,3.541691050983973e-05,calm
2007-07-19,7.184674244387311e-05,8.039872067280962e-05,calm
2007-07-23,6.795711501550173e-05,0.0001162603927455,calm
2007-07-24,6.404309730004532e-05,0.000170826887148,calm
2007-07-25,8.302729471491335e-05,0.0003273198301778,calm
2007-07-26,7.748489841226173e-05,0.0001876647791166,calm
2007-07-30,0.00011553892655973541,0.0001350277612505,calm
2007-07-31,0.0001239895265423875,0.0002795008345358,calm
2007-08-01,0.00012468313620649736,0.0001112037418128,calm
2007-08-02,0.00011654127458954287,0.000159639829251,calm
2007-08-06,0.00011197664181033287,0.0002497237032897,calm
2007-08-07,0.00012312202056121517,0.0001386025959612,calm
2007-08-08,0.00012145682147758445,0.0004813051278125,calm
2007-08-09,0.00012562416836837972,0.0004132797014208,calm
2007-08-13,0.00018683940529694204,0.0001542464409498,calm
2007-08-14,0.0001719356724878916,0.0001984234175129,calm
2007-08-15,0.00017698328966443864,0.0005433023784139,calm
2007-08-16,0.00017799463996238243,0.0005072473750895,calm
2007-08-20,0.00016721906554647333,9.772839890120095e-05,calm
2007-08-21,0.0001537281528268311,0.0001345203911682,calm
2007-08-22,0.00014170253724880285,8.910045366440984e-05,calm
2007-08-23,0.0001403520719957303,3.5017865463786514e-05,calm
2007-08-27,0.00012951091046983784,6.202653813350613e-05,calm
2007-08-28,0.00012656495904887576,0.0001122639373414,calm
2007-08-29,0.000154908435833137,0.0001312747599929,calm
2007-08-30,0.00016995968810706118,0.0001759104058176,calm
2007-09-04,0.00015695496587423126,0.0001019606291986,calm
2007-09-05,0.0001514949920362796,5.636793116205445e-05,calm
2007-09-06,0.0001456824826617219,0.0001933643805261,calm
2007-09-10,0.00013455278612506136,8.059395034870322e-05,calm
2007-09-11,0.00012453709642583347,5.813860968457583e-05,calm
2007-09-12,0.00012436405066469598,6.465740856455102e-05,calm
2007-09-13,0.00011520720887522293,6.817212806164966e-05,calm
2007-09-17,0.0001097477031873328,0.000216888860712,calm
2007-09-18,0.00010396686122725642,8.8684110720082e-05,calm
2007-09-19,0.0001568955413805921,4.132613602776739e-05,calm
2007-09-20,0.00014685452658399036,4.218376809569183e-05,calm
2007-09-24,0.00013961480596637508,4.9541548970541353e-05,calm
2007-09-25,0.0001293138043053728,3.7658897036419006e-05,calm
2007-09-26,0.0001199642666819189,2.832135375099397e-05,calm
2007-09-27,0.00011274459045523415,2.503292613843916e-05,calm
2007-10-01,0.00010659667607530527,1.858673552084283e-05,calm
2007-10-02,0.00010731511873928565,3.477746900281202e-05,calm
2007-10-03,9.964930452374576e-05,1.464804799665193e-05,calm
2007-10-04,9.28140644229887e-05,5.097566845681872e-05,calm
2007-10-08,8.619176300028721e-05,3.25817825729652e-05,calm
2007-10-09,8.247808724693578e-05,2.7141613341950145e-05,calm
2007-10-10,8.263245039152565e-05,8.54127246900643e-05,calm
2007-10-11,7.707932994979711e-05,3.2176943246088344e-05,calm
2007-10-15,7.3712286542116e-05,4.548034579081117e-05,calm
2007-10-16,7.454759784135554e-05,8.419462235269613e-05,calm
2007-10-17,7.462750457157292e-05,4.611410666400613e-05,calm
2007-10-18,6.998728389901596e-05,0.0001222150827914,calm
2007-10-22,6.641795618702473e-05,7.167288213119987e-05,calm
2007-10-23,6.414177105820832e-05,0.000196930286843,calm
2007-10-24,6.432804123706285e-05,0.0001423881587167,calm
2007-10-25,6.040934349287548e-05,6.542599420795634e-05,calm
2007-10-29,5.6723619943353176e-05,3.715323746662883e-05,calm
2007-10-30,5.36955451853808e-05,2.902270751306723e-05,calm
2007-10-31,5.449244702525048e-05,0.0001246701984499,calm
2007-11-01,5.8613899920204114e-05,0.0002100103393905,calm
2007-11-02,9.779402581626284e-05,0.0002035751446778,calm
2007-11-05,9.073228587115846e-05,0.0001645746348433,calm
2007-11-06,8.897801078770019e-05,7.779440094078531e-05,calm
2007-11-07,9.505629631703504e-05,0.0001974550352914,calm
2007-11-08,0.00014741052817686206,0.0003510532077174,calm
2007-11-09,0.00013776003148959263,0.0002435400545023,calm
2007-11-12,0.0001421518563281552,0.000175421437543,calm
2007-11-13,0.00013893166941262282,0.000126001312416,calm
2007-11-14,0.0001962117702548977,0.0001273051341983,calm
2007-11-15,0.00018025034971646018,0.0001426643792738,calm
2007-11-16,0.00018249783325035717,0.0001701152561844,calm
2007-11-19,0.00016744664004664296,0.0001465415272457,calm
2007-11-20,0.00016964599014577714,0.0002956852681278,calm
2007-11-21,0.0001583232561287647,0.0002219214073243,calm
2007-11-23,0.00017936907408968458,9.192092041438048e-05,calm
2007-11-26,0.00018628857176610617,0.0001277612553939,calm
2007-11-27,0.00021070856541104157,0.0002037544990638,calm
2007-11-28,0.0002024104449840398,0.0001229082633789,calm
2007-11-29,0.00026160239489117704,0.000112516237812,calm
2007-11-30,0.00023868978072978474,0.0001695579189329,calm
2007-12-03,0.00022543350940387846,7.584278580989405e-05,calm
2007-12-04,0.00021007747829427466,7.505261098068671e-05,calm
2007-12-05,0.00019919383941713334,0.0001221284902199,calm
2007-12-06,0.0002028955879211009,4.18838726814622e-05,calm
2007-12-07,0.00020069755679385395,3.0860227090210635e-05,calm
2007-12-10,0.0001840012168656606,3.0892944478623696e-05,calm
2007-12-11,0.00017295215124592988,0.0002294711277764,calm
2007-12-12,0.00021992485649452895,0.0004568278893311,calm
2007-12-13,0.00020833033962642692,0.0001117620423162,calm
2007-12-14,0.0001914485210655085,0.000101280562519,calm
2007-12-17,0.0001888791536098175,0.0001031616654184,calm
2007-12-18,0.0001899737826881214,0.0001472817740886,calm
2007-12-19,0.00017639003090800072,9.797630486954924e-05,calm
2007-12-20,0.00016197477730134385,7.102992843675121e-05,calm
2007-12-21,0.0001515005090353213,8.918603403997033e-05,calm
2007-12-24,0.00014499966692597773,1.9728796270195378e-05,calm
2007-12-26,0.00013710502791400408,2.1327826708261897e-05,calm
2007-12-27,0.0001263058180034079,3.865129115133182e-05,calm
2007-12-28,0.00012945292536562628,6.013352358611052e-05,calm
2007-12-31,0.00011974465457623683,3.736944764346399e-05,calm
2008-01-02,0.00011497297500615655,0.00011089713625,calm
2008-01-03,0.0001124433804722445,6.541168832158663e-05,calm
2008-01-04,0.00010359770595755047,0.0001687688641431,calm
2008-01-07,0.00014478204346443248,0.0001906486565215,calm
2008-01-08,0.00013345623437974692,0.0002267518737647,calm
2008-01-09,0.00014392632471224863,0.0002478331118877,calm
2008-01-10,0.00014030526896125216,0.0003538678567542,calm
2008-01-11,0.00013217189191668083,0.0002235550867801,calm
2008-01-14,0.00012726431591027852,9.215386742423842e-05,calm
2008-01-15,0.00012185470566390286,0.0001488822660968,calm
2008-01-16,0.00015103107340807992,0.0002548310084881,calm
2008-01-17,0.00014517538149118474,0.0002933747458008,calm
2008-01-18,0.0001872105040098534,0.000368726144566,calm
2008-01-22,0.00018054714020264965,0.0015404585421895,calm
2008-01-23,0.00017429964465312184,0.0012372071572716,calm
2008-01-24,0.00020195204460476902,0.000295631819007,calm
2008-01-25,0.00019026914036145056,0.000281020936017,calm
2008-01-28,0.0001916035232856742,0.0002021381224532,calm
2008-01-29,0.00019559544378835018,0.0001004546298116,calm
2008-01-30,0.00018120420456584516,0.0002285478149366,calm
2008-01-31,0.00017107302345013037,0.0004922012019041,calm
2008-02-01,0.00018109145760961592,0.0001387000881119,calm
2008-02-04,0.00018489192326057063,6.756875544995217e-05,calm
2008-02-05,0.0001827908698839803,0.0003315916861885,calm
2008-02-06,0.00022551003822808232,0.0001396893718457,calm
2008-02-07,0.00021216735611889824,0.0002642922313555,calm
2008-02-08,0.00019766636714715636,0.0001578754998434,calm
2008-02-11,0.00018503647526817252,9.102633174229252e-05,calm
2008-02-12,0.00017179197779803047,0.0001591586569982,calm
2008-02-13,0.00016398189532613658,0.0001298904243363,calm
2008-02-14,0.0001581812990906513,0.0001180230081966,calm
2008-02-15,0.00015196835643177441,7.412769820621245e-05,calm
2008-02-19,0.0001399295017164577,0.0001367048791368,calm
2008-02-20,0.00012934295090646024,0.0002035015215746,calm
2008-02-21,0.0001196760855801456,0.000114426401142,calm
2008-02-22,0.00011614090193930317,0.0001536689382008,calm
2008-02-25,0.00010966218446204074,0.0001800907236403,calm
2008-02-26,0.00011268226781148339,9.947513803185888e-05,calm
2008-02-27,0.00010785843123851584,0.0001171559425113,calm
2008-02-28,9.966363366927323e-05,0.0001044246691931,calm
2008-02-29,0.00010011100159723702,0.0001585925996658,calm
2008-03-03,0.00013266757449090615,0.0001207730587236,calm
2008-03-04,0.00012297526704417645,0.0002048538003299,calm
2008-03-05,0.00011486780746367573,0.0001618845338688,calm
2008-03-06,0.00010883696038504105,0.0001524832247095,calm
2008-03-07,0.0001345731351020588,0.000325887287972,calm
2008-03-10,0.0001327110140155138,0.0001493640906891,calm
2008-03-11,0.00013629075685471953,0.0005383950003458,calm
2008-03-12,0.00021831901065060366,0.0001161145293536,calm
2008-03-13,0.00020740691359445935,0.0004076938204742,calm
2008-03-14,0.000190608914046421,0.0005684132100105,calm
2008-03-17,0.0001944535387989489,0.0004859960159006,calm
2008-03-18,0.00018700357137345296,0.000568591110936,calm
2008-03-19,0.00029783887046564203,0.0002587916874391,calm
2008-03-20,0.0003235531352724501,0.0001392717555806,calm
2008-03-24,0.0003087322527921573,0.0001126339769148,calm
2008-03-25,0.00031182541957951984,9.382816540429909e-05,calm
2008-03-26,0.00028483091756957335,0.0001106858901699,calm
2008-03-27,0.00027300284120649866,0.0001261013692703,calm
2008-03-28,0.0002508496214206079,8.816878296811261e-05,calm
2008-03-31,0.00023747642033322713,0.0001806108987809,calm
2008-04-01,0.0002184959293006338,7.77464379590084e-05,calm
2008-04-02,0.00029033206374189005,7.843588749501146e-05,calm
2008-04-03,0.0002657723595525744,7.346831122062449e-05,calm
2008-04-07,0.00024390054102534987,7.742652436952717e-05,calm
2008-04-08,0.00022370365349571762,5.058504802040169e-05,calm
2008-04-09,0.00020545220677645383,7.514509513991849e-05,calm
2008-04-10,0.00019306304564382896,0.0001402448487083,calm
2008-04-14,0.00017737259601432516,7.110641541918169e-05,calm
2008-04-15,0.00016397129123323328,0.0001002009778703,calm
2008-04-16,0.00015087730683381167,5.96107690343756e-05,calm
2008-04-17,0.0001925319565185374,0.0002640269567968,calm
2008-04-21,0.00017710181744527717,6.364165639209611e-05,calm
2008-04-22,0.00016288371341732156,6.366126208495815e-05,calm
2008-04-23,0.00015158322922103996,0.000118603020548,calm
2008-04-24,0.0001397448019036112,9.339080906554552e-05,calm
2008-04-28,0.00012978759319305983,3.299273781226963e-05,calm
2008-04-29,0.00011937157721808863,0.0001386805707432,calm
2008-04-30,0.00011126839384500855,6.733874462049714e-05,calm
2008-05-01,0.00010551832928844622,0.0001502776528744,calm
2008-05-05,0.00012940523706681033,7.201145636903768e-05,calm
2008-05-06,0.00012136556927691031,5.038039584607613e-05,calm
2008-05-07,0.00011717037397168526,7.382778538611801e-05,calm
2008-05-08,0.00013395415285839308,9.596045996769435e-05,calm
2008-05-12,0.00012422367649878033,2.742529710385096e-05,calm
2008-05-13,0.00012352857332208225,4.139134962339751e-05,calm
2008-05-14,0.00011402810452046883,4.8432873078760696e-05,calm
2008-05-15,0.00010552608183976578,3.874281770428567e-05,calm
2008-05-19,0.00010869440660257988,6.557470260139372e-05,calm
2008-05-20,0.0001008678991012851,9.72393904507368e-05,calm
2008-05-21,9.887115270504622e-05,4.450876526808516e-05,calm
2008-05-22,0.00011474398166611754,6.268106282164471e-05,calm
2008-05-27,0.00010607705481655132,5.5619907204021457e-05,calm
2008-05-28,0.00010188112075973801,4.55012731383955e-05,calm
2008-05-29,9.566429115830122e-05,3.882712073292723e-05,calm
2008-06-02,9.024596751026991e-05,7.661762837330231e-05,calm
2008-06-03,9.251162042764842e-05,0.0001054345942353,calm
2008-06-04,8.868250997622389e-05,7.18426902321329e-05,calm
2008-06-05,8.228907581666084e-05,0.0001734827840193,calm
2008-06-09,0.00010520520059435076,0.0001347287563795,calm
2008-06-10,9.775050922613868e-05,0.000106296465573,calm
2008-06-11,9.278834458629044e-05,0.0001204689605372,calm
2008-06-12,0.00010341440878002923,0.0001237579434158,calm
2008-06-16,9.670527055231974e-05,8.037809041307721e-05,calm
2008-06-17,8.969769470280222e-05,0.0001141563056272,calm
2008-06-18,8.532708337232625e-05,7.452010613187197e-05,calm
2008-06-19,8.701562160370811e-05,0.0001373943716104,calm
2008-06-23,8.089960654299855e-05,9.179932226530464e-05,calm
2008-06-24,7.536783794774975e-05,0.0001154336561536,calm
2008-06-25,7.056960956057423e-05,0.000133187910166,calm
2008-06-26,6.721511962828281e-05,0.000115807417823,calm
2008-06-30,0.00012021086333474384,0.0002322747774764,calm
2008-07-01,0.00011209410800738937,0.000141374866138,calm
2008-07-02,0.00010455299475460227,0.0001735390647574,calm
2008-07-07,0.00011958114787431848,0.0001576243434706,calm
2008-07-08,0.00011896218043196516,0.0001317425600974,calm
2008-07-09,0.00013204803166641147,0.0002851636883735,calm
2008-07-10,0.00015100811904266765,0.0005328702315315,calm
2008-07-14,0.00014038110973590095,0.0003223584094555,calm
2008-07-15,0.00013623628156691115,0.0002042541741384,calm
2008-07-16,0.0001414455084820079,0.0001786517823724,calm
2008-07-17,0.00017323246538003534,8.267270594014077e-05,calm
2008-07-21,0.00016645167157931144,0.0001158038237891,calm
2008-07-22,0.00015343613126197092,0.0001351957751882,calm
2008-07-23,0.00015047017523968297,9.510952551555592e-05,calm
2008-07-24,0.00014084032870323934,0.0001195328125213,calm
2008-07-28,0.00016360409600628298,9.511102881839604e-05,calm
2008-07-29,0.00016779940097820065,0.0001587964366992,calm
2008-07-30,0.0001869155816121189,0.0001248478585696,calm
2008-07-31,0.00019454470171989137,0.0001142599087338,calm
2008-08-04,0.00019298253623478774,7.579598616195178e-05,calm
2008-08-05,0.00018456778214505183,6.162242720630657e-05,calm
2008-08-06,0.00022177757318589793,0.0001299717501062,calm
2008-08-07,0.00020497215087220662,8.068130079962601e-05,calm
2008-08-11,0.00020620378460964594,8.195548826742887e-05,calm
2008-08-12,0.00019708199260024366,0.0001114405322149,calm
2008-08-13,0.00019009921018365528,8.849723318479628e-05,calm
2008-08-14,0.0001780932002561744,7.673493976667798e-05,calm
2008-08-18,0.00016794148931145806,9.207334187939424e-05,calm
2008-08-19,0.0001696176937009746,0.0001073663229129,calm
2008-08-20,0.00016585622890357142,9.772980066163752e-05,calm
2008-08-21,0.00015433037284018325,8.560087103069072e-05,calm
2008-08-25,0.00014256296114884099,6.77467983064974e-05,calm
2008-08-26,0.00016382221052050317,5.948442657799379e-05,calm
2008-08-27,0.00015163555696532337,7.726561717649786e-05,calm
2008-08-28,0.0001464640306702997,5.619627712196335e-05,calm
2008-09-02,0.00014541496616916156,0.0001208977865695,gfc_2008
2008-09-03,0.00013749476082041204,0.0001449371194291,gfc_2008
2008-09-04,0.00012715002539318238,0.000168729503677,gfc_2008
2008-09-08,0.00018785097747325467,0.000216011967701,gfc_2008
2008-09-09,0.0002030069476131377,0.0001835110249294,gfc_2008
2008-09-10,0.000256273549079351,0.0003794295748899,gfc_2008
2008-09-11,0.00023637629872360946,0.00020784055751,gfc_2008
2008-09-15,0.00023205825263239744,0.0012480213875124,gfc_2008
2008-09-16,0.0003987901926954123,0.0009942958125928,gfc_2008
2008-09-17,0.0003850349090753011,0.0016335436240053,gfc_2008
2008-09-18,0.0005245123595786336,0.0012486070066553,gfc_2008
2008-09-22,0.0005456515081118024,0.0003966866942016,gfc_2008
2008-09-23,0.0005403916428992796,0.0002433164494566,gfc_2008
2008-09-24,0.0005360609448531188,0.0002796623823909,gfc_2008
2008-09-25,0.0004889771920173062,0.0004227092734609,gfc_2008
2008-09-29,0.00046434883745580084,0.0006513352029965,gfc_2008
2008-09-30,0.00097960567063218,0.0005162220626082,gfc_2008
2008-10-01,0.001025840611717075,0.000440958108402,gfc_2008
2008-10-02,0.0009291593223011153,0.0010858227584173,gfc_2008
2008-10-06,0.0009596772588754053,0.0009077614039338,gfc_2008
2008-10-07,0.0011046732682289447,0.0024964538323861,gfc_2008
2008-10-08,0.0011823180463106347,0.0017570304571719,gfc_2008
2008-10-09,0.0011275297643518185,0.0077477397402088,gfc_2008
2008-10-13,0.001476028381870242,0.0027430316572223,gfc_2008
2008-10-14,0.0030060195676006158,0.0017195861262214,gfc_2008
2008-10-15,0.002721090729963349,0.0032684380137836,gfc_2008
2008-10-16,0.003452058483142596,0.0018445033816526,gfc_2008
2008-10-20,0.00325187495152895,0.0007915843269183,gfc_2008
2008-10-21,0.0032332715517094913,0.0014365861821341,gfc_2008
2008-10-22,0.0029932896681744555,0.0031468753816831,gfc_2008
2008-10-23,0.002982784942461064,0.003535009822953,gfc_2008
2008-10-27,0.002696172371831656,0.0019060505338531,gfc_2008
2008-10-28,0.002548415482068507,0.0025355608759559,gfc_2008
2008-10-29,0.003398783562518223,0.0025140581239344,gfc_2008
2008-10-30,0.0030640620152273183,0.0013606155222735,gfc_2008
2008-10-31,0.002862052089343324,0.0009398780984658,gfc_2008
2008-11-03,0.0025806109987994855,0.0002490648273395,gfc_2008
2008-11-04,0.0023257409204727442,0.0005622690797888,gfc_2008
2008-11-05,0.0021939740652626694,0.0007408234731923,gfc_2008
2008-11-06,0.0021452505917420213,0.0006716714472767,gfc_2008
2008-11-07,0.002229286265346822,0.0007455725641402,gfc_2008
2008-11-10,0.0021015961030388147,0.0007969240457482,gfc_2008
2008-11-11,0.0019094767561463545,0.0011311073203786,gfc_2008
2008-11-12,0.0018101984197182307,0.0006845590494661,gfc_2008
2008-11-13,0.0018161003884805914,0.0029325603219555,gfc_2008
2008-11-14,0.001963119752471149,0.001793443414661,gfc_2008
2008-11-17,0.0020080772818053885,0.0015295679355714,gfc_2008
2008-11-18,0.0018261189427753405,0.0013028916956213,gfc_2008
2008-11-19,0.0016749940462732543,0.0011720659850308,gfc_2008
2008-11-20,0.0019097275292090615,0.0025221087564937,gfc_2008
2008-11-21,0.0022612815614710398,0.0030355209014932,gfc_2008
2008-11-24,0.0022835261350381865,0.0013822926071646,gfc_2008
2008-11-25,0.0024583790020795172,0.001232863612222,gfc_2008
2008-11-26,0.002220775463066352,0.0007203460429063,gfc_2008
2008-11-28,0.002129046295720177,0.0001363622249286,gfc_2008
2008-12-01,0.0019328070119215806,0.0013580976460097,gfc_2008
2008-12-02,0.0025216848020441366,0.0010915612935699,gfc_2008
2008-12-03,0.0024000508696555927,0.0011032317967674,gfc_2008
2008-12-04,0.0022141247720580018,0.0008938486866037,gfc_2008
2008-12-05,0.002047686178587933,0.001129707851742,gfc_2008
2008-12-08,0.0019277019354607926,0.0007646202571022,gfc_2008
2008-12-09,0.001841984547275158,0.0007639126944479,gfc_2008
2008-12-10,0.0016864926275346683,0.000567874732105,gfc_2008
2008-12-11,0.0015233659568261613,0.0005726816453584,gfc_2008
2008-12-12,0.001427093675098112,0.0010599588317204,gfc_2008
2008-12-15,0.001296172227544327,0.0003530642889904,gfc_2008
2008-12-16,0.00118399853236415,0.0006238713170253,gfc_2008
2008-12-17,0.001257572121157363,0.0005895980912585,gfc_2008
2008-12-18,0.0011402486865510352,0.0004171689001951,gfc_2008
2008-12-19,0.001058529738778567,0.0004089836049581,gfc_2008
2008-12-22,0.0009651985186392992,0.0002805994148285,gfc_2008
2008-12-23,0.0008816956853240463,0.0002468020531993,gfc_2008
2008-12-24,0.0008001769907248466,3.4008738014772853e-05,gfc_2008
2008-12-26,0.0007178230428855113,4.6095744861960446e-05,gfc_2008
2008-12-29,0.0006428832795201707,0.0001217542046205,gfc_2008
2008-12-30,0.0005727876614022566,0.0001441860731745,gfc_2008
2008-12-31,0.000563881505304348,0.0001447787226511,gfc_2008
2009-01-02,0.0005209202489333876,0.000149140028498,gfc_2008
2009-01-05,0.0005516030471832404,0.0002174113802252,gfc_2008
2009-01-06,0.0004921562588140227,0.0002600968163487,gfc_2008
2009-01-07,0.0004421342841586714,0.0002242370720936,gfc_2008
2009-01-08,0.000490133289187361,0.0002371556755745,gfc_2008
2009-01-09,0.0004391894658148937,0.0003026311119399,gfc_2008
2009-01-12,0.0004401688115327749,0.0002051480180101,gfc_2008
2009-01-13,0.0004531781120906021,0.0003402144929216,gfc_2008
2009-01-14,0.00040575414793318564,0.0004987188312523,gfc_2008
2009-01-15,0.0004648817245586728,0.0006066606821285,gfc_2008
2009-01-16,0.00041690472747084567,0.0006753003837148,gfc_2008
2009-01-20,0.00037896037633748555,0.0006905494104681,gfc_2008
2009-01-21,0.0006223977201502604,0.0007177948776804,gfc_2008
2009-01-22,0.0007214013677209597,0.0010857908540684,gfc_2008
2009-01-23,0.0006728026146331131,0.0010922615855154,gfc_2008
2009-01-26,0.0006075783119588242,0.0004941800273701,gfc_2008
2009-01-27,0.0005512923660116351,0.0003656651499328,gfc_2008
2009-01-28,0.0005054274833895617,0.0005864062549884,gfc_2008
2009-01-29,0.000554724149896604,0.0002438117248325,gfc_2008
2009-01-30,0.0006013390927955457,0.00032275946709,gfc_2008
2009-02-02,0.0005815850655940687,0.0004042589863763,gfc_2008
2009-02-03,0.0005252223388300417,0.0002718084008969,gfc_2008
2009-02-04,0.0004903216878450457,0.0002679717742707,gfc_2008
2009-02-05,0.00044439670687855217,0.0004407242898541,gfc_2008
2009-02-06,0.0004195867321009996,0.0002534512295283,gfc_2008
2009-02-09,0.00044899292555315544,0.0002358063745176,gfc_2008
2009-02-10,0.0004048431746329143,0.0006703590579252,gfc_2008
2009-02-11,0.0005685469438146141,0.0003317216326709,gfc_2008
2009-02-12,0.0005158189247054624,0.0007275339396561,gfc_2008
2009-02-13,0.00046559235030595956,0.0003180887347344,gfc_2008
2009-02-17,0.00043147640129512465,0.0008497744289254,gfc_2008
2009-02-18,0.0005646530299770105,0.000473195296813,gfc_2008
2009-02-19,0.0005104889137613544,0.0003966607909407,gfc_2008
2009-02-20,0.00047214799079706247,0.0006781633379464,gfc_2008
2009-02-23,0.0004356012205574103,0.00037795840299,gfc_2008
2009-02-24,0.0005148807473040758,0.0005604966611073,gfc_2008
2009-02-25,0.0005872620862132619,0.000601876558121,gfc_2008
2009-02-26,0.0005363651558554528,0.0005539449130314,gfc_2008
2009-02-27,0.0005095043753362738,0.0008733848614691,gfc_2008
2009-03-02,0.000507315230317896,0.0005627640432973,gfc_2008
2009-03-03,0.0006514768195482802,0.0006736851598661,gfc_2008
2009-03-04,0.0005936831467350648,0.0004972662118514,gfc_2008
2009-03-05,0.0005840648885241627,0.0007362876334988,gfc_2008
2009-03-06,0.0006859736710384234,0.0008559497339762,gfc_2008
2009-03-09,0.0006194430000994734,0.0005679893996431,gfc_2008
2009-03-10,0.0005726561106761195,0.0007452817580431,gfc_2008
2009-03-11,0.0008155133996779652,0.0004961879430199,gfc_2008
2009-03-12,0.0007392896374234206,0.0003063795793315,gfc_2008
2009-03-13,0.0007994560555975408,0.0003598606433598,gfc_2008
2009-03-16,0.0007265962485257553,0.000346216953716,gfc_2008
2009-03-17,0.0006571994476904023,0.0003658502411083,gfc_2008
2009-03-18,0.000673206501672039,0.0008131967724848,gfc_2008
2009-03-19,0.0006507205606257548,0.0004257817487773,gfc_2008
2009-03-20,0.000602513106611445,0.000296997574115,gfc_2008
2009-03-23,0.0006195300413601142,0.0006230333354423,gfc_2008
2009-03-24,0.0009881323858517619,0.0003132322661054,gfc_2008
2009-03-25,0.000928539464253981,0.0005687068405897,gfc_2008
2009-03-26,0.0008475978362174002,0.0005283050757383,gfc_2008
2009-03-27,0.0008009231039270127,0.0003152795715245,gfc_2008
2009-03-30,0.0007543857540397274,0.0003091817321521,gfc_2008
2009-03-31,0.0007942362755959829,0.000488213412347,gfc_2008
2009-04-01,0.000724785072986226,0.0005842275953305,calm
2009-04-02,0.0006868154149277895,0.0002361907762231,calm
2009-04-06,0.0006932638361554684,0.0005411620631984,calm
2009-04-07,0.0006326228883810028,0.0002296796540618,calm
2009-04-08,0.0006229696068254237,0.0004912423552958,calm
2009-04-13,0.0005727714666596708,0.000263752683541,calm
2009-04-14,0.000517643780532182,0.0001669111767647,calm
2009-04-15,0.0004959639994444685,0.0001881813813775,calm
2009-04-16,0.00045758827469462836,0.0001401178890184,calm
2009-04-20,0.0004316079956870393,0.0002047263323735,calm
2009-04-21,0.0005581914309053941,0.0003045004045488,calm
2009-04-22,0.0005371839326083203,0.0002557694895023,calm
2009-04-23,0.0004897096103039472,0.0002104872113776,calm
2009-04-27,0.000450972569137014,0.0001994549976249,calm
2009-04-28,0.0004165306848841461,0.0002493910821672,calm
2009-04-29,0.0003776749743070667,0.0002646752373586,calm
2009-04-30,0.0003803219275028561,0.0001513485472837,calm
2009-05-04,0.0003438282549201585,0.0001207437861515,calm
2009-05-05,0.0004103146923860963,0.0003163557178803,calm
2009-05-06,0.0003726757315034297,0.0003618515023594,calm
2009-05-07,0.00036275554329336026,0.0003215361957073,calm
2009-05-11,0.0003467144978940849,0.0001884915030222,calm
2009-05-12,0.0003469857302959038,0.000357586886238,calm
2009-05-13,0.0003150933027599575,0.0001644963173798,calm
2009-05-14,0.00034519041125608853,0.0001322873018351,calm
2009-05-18,0.00031867968091076586,0.0001403786686307,calm
2009-05-19,0.0003571793842174283,0.0002798612554859,calm
2009-05-20,0.0003238577281227016,0.0002278677732319,calm
2009-05-21,0.00029788113159094935,0.0001253937101002,calm
2009-05-26,0.0002894921694602897,0.0001875232184257,calm
2009-05-27,0.00031805707921890613,0.0003065997550998,calm
2009-05-28,0.0003181925262214116,0.0002099568280739,calm
2009-06-01,0.00030470392579930617,0.0001352605191585,calm
2009-06-02,0.00032568195124109216,0.0001469834761426,calm
2009-06-03,0.00029534072921789896,8.01792630269607e-05,calm
2009-06-04,0.00028299990127485854,0.0002266565785039,calm
2009-06-08,0.00026392680943406713,9.526008681676342e-05,calm
2009-06-09,0.00024118019826996058,0.0001788265909649,calm
2009-06-10,0.00022079896018035528,0.0001427182958237,calm
2009-06-11,0.00020101360575290942,9.673849360857287e-05,calm
2009-06-15,0.00018383382434405607,0.0001081586418713,calm
2009-06-16,0.0002172172410612624,0.0001553503040355,calm
2009-06-17,0.00021470131765056894,9.226448858699006e-05,calm
2009-06-18,0.0001951644101280367,9.198485963891224e-05,calm
2009-06-22,0.00018166842067144566,0.000159686736511,calm
2009-06-23,0.0002495896488422223,0.0001388395013843,calm
2009-06-24,0.00022686617278855562,0.0001311179884326,calm
2009-06-25,0.0002123111696837762,9.899354257831976e-05,calm
2009-06-29,0.00023266175779217368,9.73607888238758e-05,calm
2009-06-30,0.00021867973158712855,8.455214274194966e-05,calm
2009-07-01,0.00020519073080193636,0.0002768816203149,calm
2009-07-06,0.00018799239848818277,9.859534150625553e-05,calm
2009-07-07,0.00017115217118712181,0.000172253468878,calm
2009-07-08,0.00019085520890400095,0.0001380191574929,calm
2009-07-09,0.0001738851760059185,0.0001313224983931,calm
2009-07-13,0.00015864849988474477,6.301907511119584e-05,calm
2009-07-14,0.00019425137617996703,0.0001054407346034,calm
2009-07-15,0.00017943098108404512,6.722301560236572e-05,calm
2009-07-16,0.00023447914650368972,6.230347088411907e-05,calm
2009-07-20,0.0002136954215236751,0.0001045337570372,calm
2009-07-21,0.00020371573305082976,8.932190532892468e-05,calm
2009-07-22,0.0001871857770117082,0.0001205333363928,calm
2009-07-23,0.0001706739768897335,8.088390854181997e-05,calm
2009-07-27,0.000195954060637165,0.0001241470205713,calm
2009-07-28,0.00017920066575137335,0.0001309561310619,calm
2009-07-29,0.00016565565004459854,0.0002197716120891,calm
2009-07-30,0.00015186934987559023,8.937142536747645e-05,calm
2009-08-03,0.00014749380496123927,7.064742377830264e-05,calm
2009-08-04,0.0001570994863286288,9.746229764549066e-05,calm
2009-08-05,0.00014389435672188352,8.711237641042903e-05,calm
2009-08-06,0.000132407087210438,0.0001501275811035,calm
2009-08-10,0.00012376700043521615,7.236329139451642e-05,calm
2009-08-11,0.00011374906579746216,9.918846989004515e-05,calm
2009-08-12,0.00011886043782512783,0.0001027748837326,calm
2009-08-13,0.00011818216898781337,7.615641069007182e-05,calm
2009-08-17,0.00011284538130834405,5.031804544170348e-05,calm
2009-08-18,0.00015900610605338428,0.000103997760002,calm
2009-08-19,0.0001502354723163574,3.061599830155256e-05,calm
2009-08-20,0.00014345935410946145,9.464427561901036e-05,calm
2009-08-24,0.00013970938699221343,0.0001004696497485,calm
2009-08-25,0.00012787625431737694,8.510076015581672e-05,calm
2009-08-26,0.00011736343413269337,6.73114977400487e-05,calm
2009-08-27,0.00010761917249816042,9.21429148870638e-05,calm
2009-08-31,9.907670202135363e-05,0.0001377196295504,calm
2009-09-01,9.854875151265823e-05,9.74880958318586e-05,calm
2009-09-02,0.00013491187476244551,6.27451547384748e-05,calm
2009-09-03,0.00012504321579203547,5.586774880490471e-05,calm
2009-09-08,0.00012008125944927374,4.95268246476248e-05,calm
2009-09-09,0.0001160098604271821,4.783327021488652e-05,calm
2009-09-10,0.00011106262031022318,6.308903312484026e-05,calm
2009-09-14,0.00011028058844772945,6.459774078119855e-05,calm
2009-09-15,0.00010304165793170954,5.822266204572064e-05,calm
2009-09-16,9.599001788735244e-05,7.553754167097402e-05,calm
2009-09-17,0.00010682792943593596,4.896517301396784e-05,calm
2009-09-21,9.84768953963208e-05,4.817151832306957e-05,calm
2009-09-22,9.133395654090333e-05,9.378144632656154e-05,calm
2009-09-23,8.668816881894676e-05,0.0001131480531676,calm
2009-09-24,8.645451739304998e-05,9.956983020164226e-05,calm
2009-09-28,9.095737421165825e-05,9.17686777796398e-05,calm
2009-09-29,0.00010973637652356314,0.00015227257071,calm
2009-09-30,0.00010180195362717394,0.0001155347401878,calm
2009-10-01,9.518607417934116e-05,0.0001684368553984,calm
2009-10-05,0.0001430775075598195,0.0001249687063013,calm
2009-10-06,0.0001489777850333356,6.514092378202485e-05,calm
2009-10-07,0.00015284470866390074,6.050215337394551e-05,calm
2009-10-08,0.0001402593106758927,2.515330340538024e-05,calm
2009-10-12,0.00013296858895377214,6.0049242952248936e-05,calm
2009-10-13,0.00012295128514234108,8.927663173250363e-05,calm
2009-10-14,0.00011332124745789214,3.421622173907598e-05,calm
2009-10-15,0.00012788713105888025,0.0001152383612528,calm
2009-10-19,0.00011821682772188487,6.833972383732307e-05,calm
2009-10-20,0.0001138126936167015,0.0001035304411275,calm
2009-10-21,0.00010729866520121359,7.214725316841765e-05,calm
2009-10-22,0.00010614790811009976,0.0001362068968081,calm
2009-10-26,0.00010571161074709792,0.0001826774828523,calm
2009-10-27,0.00010798577102270788,0.0001751504764953,calm
2009-10-28,0.00010138245609543753,0.00013350484281,calm
2009-10-29,0.0001253365257832416,9.38399691114565e-05,calm
2009-10-30,0.00015218927727026038,0.0002562313013973,calm
2009-11-02,0.00021593946549079782,0.0003075216130334,calm
2009-11-03,0.00020075868178914038,0.0001854301635108,calm
2009-11-04,0.00018363900080976302,0.0001780847638665,calm
2009-11-05,0.00016802020862837606,0.0001032630241453,calm
2009-11-06,0.00018101038135311692,0.000106992172143,calm
2009-11-09,0.00016569361000129783,5.176448719093359e-05,calm
2009-11-10,0.00019366745358446417,4.443475476821595e-05,calm
2009-11-11,0.00017667628213503743,7.264664043943862e-05,calm
2009-11-12,0.00016329790637553796,8.133904703969237e-05,calm
2009-11-13,0.00015887694842957244,5.8188834050183227e-05,calm
2009-11-16,0.00014748431129612305,0.0001053441258625,calm
2009-11-17,0.00015183982357263166,5.432936236183187e-05,calm
2009-11-18,0.00013900917977329003,4.760144798943937e-05,calm
2009-11-19,0.00012742810172647773,0.0001005945811833,calm
2009-11-20,0.00013238191080161004,4.296430249120992e-05,calm
2009-11-23,0.0001226556994880293,0.0001114144875062,calm
2009-11-24,0.0001253794388267307,4.319176335879371e-05,calm
2009-11-25,0.00011512109521034246,1.836067092816696e-05,calm
2009-11-27,0.00010654334786046922,0.0003704642336434,calm
2009-11-30,0.00012193896638727577,5.839664322800542e-05,calm
2009-12-01,0.00011268971113680655,9.833885889615512e-05,calm
2009-12-02,0.0001156774213379812,4.574154724287509e-05,calm
2009-12-03,0.0001062999940492305,7.13165075604894e-05,calm
2009-12-04,0.00010349684583978438,0.0002256214998905,calm
2009-12-07,9.762622362824739e-05,4.491975392413894e-05,calm
2009-12-08,9.01752868882443e-05,0.0001129650036139,calm
2009-12-09,9.448670919307912e-05,5.9572724371194346e-05,calm
2009-12-10,8.801204398552945e-05,5.075687021303264e-05,calm
2009-12-11,8.35335561483447e-05,3.531615704439688e-05,calm
2009-12-14,7.838275734682192e-05,2.9076898584817504e-05,calm
2009-12-15,7.600510077865989e-05,4.149493421850799e-05,calm
2009-12-16,7.243784140312496e-05,4.884325325772532e-05,calm
2009-12-17,6.713160085362322e-05,5.546077553157581e-05,calm
2009-12-18,7.565274344796473e-05,3.4219564029801446e-05,calm
2009-12-21,6.997157655856134e-05,6.48278377889687e-05,calm
2009-12-22,7.302307913494615e-05,2.227664693798016e-05,calm
2009-12-23,6.848956430143605e-05,1.5857745015266226e-05,calm
2009-12-24,6.370165068777907e-05,1.2616215072563064e-05,calm
2009-12-28,6.0775039729134106e-05,1.230179170752584e-05,calm
2009-12-29,5.674330720314644e-05,1.185525399184569e-05,calm
2009-12-30,5.309124143623761e-05,2.549741405209729e-05,calm
2009-12-31,4.9537469952382555e-05,1.948338372339549e-05,calm
2010-01-04,5.507770343174869e-05,7.068736777339511e-05,calm
2010-01-05,7.471207702756885e-05,2.988740492563263e-05,calm
2010-01-06,6.958083504835831e-05,1.98787078920003e-05,calm
2010-01-07,6.451274089767902e-05,2.860249093397633e-05,calm
2010-01-08,6.117448025013994e-05,2.624910224911006e-05,calm
2010-01-11,5.7631216384472593e-05,3.219193365888912e-05,calm
2010-01-12,5.3764425937642337e-05,5.004569241192964e-05,calm
2010-01-13,5.836217516406148e-05,3.803424930931966e-05,calm
2010-01-14,5.988159746691961e-05,2.125270100306969e-05,calm
2010-01-15,5.618225492024397e-05,3.204363553486456e-05,calm
2010-01-19,6.405112609994184e-05,2.114940102243762e-05,calm
2010-01-20,7.192501114985746e-05,8.36925972747077e-05,calm
2010-01-21,7.624940575187194e-05,0.0001566715886534,calm
2010-01-22,0.00010434768320473454,0.0001283008300437,calm
2010-01-25,0.00014207576740897187,0.0001335139390911,calm
2010-01-26,0.0001316129987071375,9.061582557160348e-05,calm
2010-01-27,0.0001220900263735747,0.0001024423986642,calm
2010-01-28,0.00011345680093860231,0.0001786179918677,calm
2010-01-29,0.00011632540330442169,0.0001424163032802,calm
2010-02-01,0.00011766909074993483,0.0001125996133066,calm
2010-02-02,0.00012770605157211393,5.040282731387674e-05,calm
2010-02-03,0.00012877960976702757,5.905175506604261e-05,calm
2010-02-04,0.00012032586801351087,0.0002072346817412,calm
2010-02-05,0.0001988743133260709,0.0002513179860859,calm
2010-02-08,0.00018097053394095904,0.0001018094090198,calm
2010-02-09,0.00016981512505692638,0.0002620930832431,calm
2010-02-10,0.00016774317453103707,8.637748021217847e-05,calm
2010-02-11,0.00015338488016003075,0.0001113683592149,calm
2010-02-12,0.00014889514240128284,0.0001830830701244,calm
2010-02-16,0.0001361260301966322,6.119549606714789e-05,calm
2010-02-17,0.0001448039610507727,5.570793771724187e-05,calm
2010-02-18,0.000133994945207913,3.402546829758041e-05,calm
2010-02-19,0.00012524202416550677,4.74652374082121e-05,calm
2010-02-22,0.00011494988350675086,3.750129115142184e-05,calm
2010-02-23,0.00010539905880814924,8.573633466180725e-05,calm
2010-02-24,0.00011053251053083408,7.986280005734714e-05,calm
2010-02-25,0.00010814616416587294,0.0001695492132265,calm
2010-02-26,9.950876366456306e-05,4.16890297551311e-05,calm
2010-03-01,9.14442660679288e-05,4.084589273897984e-05,calm
2010-03-02,9.282589994061338e-05,4.2875723877956856e-05,calm
2010-03-03,8.589737085098562e-05,2.7949133572135374e-05,calm
2010-03-04,7.913960743245303e-05,3.334333193357057e-05,calm
2010-03-05,7.360816315742936e-05,3.1488752703933044e-05,calm
2010-03-08,8.480282752095778e-05,1.913031685708334e-05,calm
2010-03-09,7.815978703452064e-05,2.810313703268561e-05,calm
2010-03-10,7.22830936141988e-05,4.308591480119331e-05,calm
2010-03-11,6.826499488017414e-05,2.8618373409762315e-05,calm
2010-03-12,6.443177944080181e-05,2.517416291426621e-05,calm
2010-03-15,5.970461580202079e-05,3.291166683558905e-05,calm
2010-03-16,5.540877199610122e-05,2.996776904042681e-05,calm
2010-03-17,5.661149736475681e-05,3.3234780667740075e-05,calm
2010-03-18,5.5329461768751544e-05,2.1402974839504543e-05,calm
2010-03-19,5.154324224928206e-05,3.6605281654255575e-05,calm
2010-03-22,5.626797617730284e-05,3.826204059907456e-05,calm
2010-03-23,5.450956304797958e-05,2.800487636891121e-05,calm
2010-03-24,5.463445248298589e-05,3.511155048611599e-05,calm
2010-03-25,5.3335464422109016e-05,7.243773735665944e-05,calm
2010-03-26,5.006234992400399e-05,4.548500141397002e-05,calm
2010-03-29,4.6822991894689756e-05,3.161422727099561e-05,calm
2010-03-30,4.694986632705854e-05,4.354426391947145e-05,calm
2010-03-31,4.3924731611078673e-05,6.699472463573251e-05,calm
2010-04-05,4.2485585779735025e-05,1.9197021938540542e-05,calm
2010-04-06,4.5230758469471974e-05,3.939276356660053e-05,calm
2010-04-07,4.270527374608807e-05,3.589980737961399e-05,calm
2010-04-08,4.3462765263138846e-05,2.66666832338621e-05,calm
2010-04-12,4.160537219042837e-05,2.235893794294285e-05,calm
2010-04-13,3.921077957110709e-05,2.3365974635196057e-05,calm
2010-04-14,3.692387608584205e-05,1.7304472624483226e-05,calm
2010-04-15,4.552374918214671e-05,0.0001480673819996,calm
2010-04-19,4.264290751447311e-05,3.401201741513299e-05,calm
2010-04-20,4.1022585394752876e-05,3.469550958505275e-05,calm
2010-04-21,4.497837790597094e-05,0.0001023593852032,calm
2010-04-22,4.2586153203466605e-05,5.408670184732478e-05,calm
2010-04-26,4.054701731956443e-05,0.0001391807960635,calm
2010-04-27,3.972533705525821e-05,0.0001009229601227,calm
2010-04-28,9.031974761312184e-05,6.351728507024934e-05,calm
2010-04-29,8.75463704222619e-05,9.441092701815295e-05,calm
2010-05-03,9.321088987212858e-05,0.0002178918197388,calm
2010-05-04,9.951802493321514e-05,0.0001784551398083,calm
2010-05-05,0.00014456169054273603,0.0016450509991498,calm
2010-05-06,0.00013509517645225532,0.0008216748581765,calm
2010-05-10,0.00023242342366062223,0.0001544952876977,calm
2010-05-11,0.00038842177512771696,8.257123295340683e-05,calm
2010-05-12,0.00034866415264787686,8.314734358641863e-05,calm
2010-05-13,0.0003303755048204803,0.0002398723190368,calm
2010-05-17,0.0003126444039731288,0.0002390324823173,calm
2010-05-18,0.0002809962334990471,0.0003293830329564,calm
2010-05-19,0.0002717860949474716,0.0006131682182779,calm
2010-05-20,0.0002482905179867693,0.0004829901789545,calm
2010-05-24,0.00036799524727469776,0.0005695041555029,calm
2010-05-25,0.0003473339536281784,0.0002625412852905,calm
2010-05-26,0.0003121420345924607,0.0002708111733455,calm
2010-05-27,0.00028473766242571077,0.0002352691891069,calm
2010-06-01,0.0003574111776593537,0.0001027041322987,calm
2010-06-02,0.0003499084637614407,0.0001301089568407,calm
2010-06-03,0.0003758042380892093,0.0003345357703125,calm
2010-06-07,0.00033848964543860613,0.0002731967242374,calm
2010-06-08,0.0003202473733686194,0.0001696044057772,calm
2010-06-09,0.0002981367741743528,0.0003809845670213,calm
2010-06-10,0.0002715195850788906,0.0001085882021436,calm
2010-06-14,0.00032129039218828294,7.053243338052172e-05,calm
2010-06-15,0.00028945839979149676,7.683840501296567e-05,calm
2010-06-16,0.0003069331431801462,7.72015846224818e-05,calm
2010-06-17,0.00027634364867316127,3.644460954820722e-05,calm
2010-06-21,0.00024908084462431953,0.0001114810330381,calm
2010-06-22,0.0002255351448425795,0.0001450143942397,calm
2010-06-23,0.00023103454749067893,0.0001470606301471,calm
2010-06-24,0.0002095322290500253,0.0001363516993369,calm
2010-06-28,0.00021689134561111759,0.0003406883910643,calm
2010-06-29,0.000196906967999743,0.0001142722070901,calm
2010-06-30,0.00027333473197370324,0.0002646503594157,calm
2010-07-01,0.00025567158270724716,0.0001898931857776,calm
2010-07-06,0.00023281726295568846,0.0001064831715259,calm
2010-07-07,0.00021373131072542569,0.0001160487167214,calm
2010-07-08,0.00028144099852279536,5.634144179791233e-05,calm
2010-07-12,0.00026215452206738624,0.0001263123346375,calm
2010-07-13,0.0002365166637961571,7.595674883535913e-05,calm
2010-07-14,0.00023352070222958977,0.0001041970405058,calm
2010-07-15,0.00021089715383398278,0.0001265807341625,calm
2010-07-19,0.00019058939311562942,0.0001362096739849,calm
2010-07-20,0.00017519938153354246,0.000120983702921,calm
2010-07-21,0.00016921569972684505,0.0002133663688357,calm
2010-07-22,0.0001703399129538729,0.000104734610103,calm
2010-07-26,0.00019848650595797132,6.796090598956642e-05,calm
2010-07-27,0.00018881925833611274,5.564435760020433e-05,calm
2010-07-28,0.0001708742332476229,0.0001209961094256,calm
2010-07-29,0.00015919296299052253,0.0001575562563883,calm
2010-08-02,0.00014688874295710948,4.6619221502654674e-05,calm
2010-08-03,0.0001785005517061298,4.554763715711265e-05,calm
2010-08-04,0.00016419416006776524,5.84493283723643e-05,calm
2010-08-05,0.00015249396333083022,8.029754472901265e-05,calm
2010-08-09,0.00013852901768016842,8.450421065232986e-05,calm
2010-08-10,0.00012805419218231792,0.0003334287607734,calm
2010-08-11,0.0001195671417046266,7.691677858028775e-05,calm
2010-08-12,0.00018322303182818122,4.656433601024232e-05,calm
2010-08-16,0.00017001064167585945,7.708901771610647e-05,calm
2010-08-17,0.00015428859757029407,6.129882090094024e-05,calm
2010-08-18,0.0001530604089459774,0.0001526646997419,calm
2010-08-19,0.00013921746865044155,7.209500977174749e-05,calm
2010-08-23,0.00015638251472644557,0.0001534080077357,calm
2010-08-24,0.00014365426051908187,0.0001008089155348,calm
2010-08-25,0.00015232769054036437,0.0001039563266057,calm
2010-08-26,0.00013952568374346822,0.0001315478387889,calm
2010-08-30,0.0001315595590945499,0.000179817494708,calm
2010-08-31,0.00014049657671845117,0.000333374295846,calm
2010-09-01,0.00012779832780819277,2.873177357752417e-05,calm
2010-09-02,0.0001945041725537807,0.0001024847850497,calm
2010-09-07,0.00018351671981949665,5.610609193887398e-05,calm
2010-09-08,0.00017907877780783642,9.837784178919752e-05,calm
2010-09-09,0.00016648062745228565,2.1075960190924266e-05,calm
2010-09-13,0.00015281611444960006,4.530657847074665e-05,calm
2010-09-14,0.00014937068599824412,4.656387674000498e-05,calm
2010-09-15,0.00013593224112841561,2.786791210008495e-05,calm
2010-09-16,0.00012483550986572574,4.055569618258074e-05,calm
2010-09-20,0.00011382599161276479,5.890196376960317e-05,calm
2010-09-21,0.00012399378991606518,5.266978706769611e-05,calm
2010-09-22,0.00011358647616452076,6.971976298132874e-05,calm
2010-09-23,0.00010630068755838602,7.759608483250108e-05,calm
2010-09-27,0.00010386238636293096,6.424317958229683e-05,calm
2010-09-28,9.743616969582919e-05,6.621375019421057e-05,calm
2010-09-29,9.005401764294163e-05,0.0001293664143013,calm
2010-09-30,8.293695099168043e-05,9.293591919354096e-05,calm
2010-10-04,7.715772411700099e-05,8.935419993238045e-05,calm
2010-10-05,7.677224703353649e-05,3.364206397674888e-05,calm
2010-10-06,0.00010594874927474729,4.811795521191461e-05,calm
2010-10-07,9.691637198249113e-05,3.4357813074642455e-05,calm
2010-10-11,8.90203848840562e-05,6.276105779161353e-05,calm
2010-10-12,8.171198433855465e-05,4.516517291893915e-05,calm
2010-10-13,7.576812753026183e-05,5.443168592814773e-05,calm
2010-10-14,7.472571415302568e-05,6.259272485638092e-05,calm
2010-10-18,7.054138997492375e-05,0.0001569858857912,calm
2010-10-19,6.693694154143901e-05,7.386821583373895e-05,calm
2010-10-20,7.887217188641637e-05,7.915355732699723e-05,calm
2010-10-21,8.054072384231716e-05,2.072557849784033e-05,calm
2010-10-25,7.438004789410009e-05,5.239725198639486e-05,calm
2010-10-26,6.914215225365825e-05,5.648894607044677e-05,calm
2010-10-27,6.383887788335861e-05,5.387194599585441e-05,calm
2010-10-28,6.004999001803559e-05,3.171246273248196e-05,calm
2010-11-01,5.565451941106631e-05,5.842413496681075e-05,calm
2010-11-02,5.1689160326144436e-05,3.744976257631298e-05,calm
2010-11-03,5.334927300190488e-05,8.48525142339043e-05,calm
2010-11-04,5.0823065839916036e-05,0.0001256842833155,calm
2010-11-05,7.94232784712066e-05,3.397794235146061e-05,calm
2010-11-08,7.41009176826038e-05,2.5240456164031623e-05,calm
2010-11-09,6.880817496338114e-05,4.558578933240107e-05,calm
2010-11-10,6.889388340235344e-05,4.454518375378935e-05,calm
2010-11-11,6.483697732997961e-05,6.78796179677886e-05,calm
2010-11-12,6.162026051505493e-05,6.99486700956283e-05,calm
2010-11-15,7.096128372744832e-05,4.136299394388509e-05,calm
2010-11-16,6.581950444970538e-05,0.0001236250491407,calm
2010-11-17,8.450136284396094e-05,3.943440167935548e-05,calm
2010-11-18,7.765804820315687e-05,7.898437635045831e-05,calm
2010-11-19,8.993361307312224e-05,2.7699991260113743e-05,calm
2010-11-22,8.302742342164092e-05,7.805730475828755e-05,calm
2010-11-23,7.649357158254196e-05,0.0001037487334812,calm
2010-11-24,9.090137353125736e-05,6.885628415777307e-05,calm
2010-11-26,0.0001019821078319044,3.5839018429340174e-05,calm
2010-11-29,0.00010676099489759088,0.000147615171755,calm
2010-11-30,9.822810486570121e-05,8.381509251465771e-05,calm
2010-12-01,9.329809139852738e-05,0.0001370109243955,calm
2010-12-02,0.000124500220103474,2.3478865106685417e-05,calm
2010-12-03,0.00012740994505183053,2.630178819850844e-05,calm
2010-12-06,0.0001165633235981844,1.5431645713917338e-05,calm
2010-12-07,0.00010661090057718932,8.070089914649838e-05,calm
2010-12-08,9.751813411967709e-05,2.935592194189477e-05,calm
2010-12-09,9.032271203348865e-05,3.1126837107681655e-05,calm
2010-12-10,8.400267200141336e-05,1.1573674809889885e-05,calm
2010-12-13,7.986067239927444e-05,2.251144233110128e-05,calm
2010-12-14,7.35197308064098e-05,1.9135108394929147e-05,calm
2010-12-15,6.782941784306657e-05,2.4317835617715536e-05,calm
2010-12-16,6.498133551605059e-05,3.313147269761218e-05,calm
2010-12-17,6.274699458584941e-05,1.2540457935085072e-05,calm
2010-12-20,6.005572680810456e-05,1.3444350721688417e-05,calm
2010-12-21,5.605304886018371e-05,4.54917361685298e-06,calm
2010-12-22,5.5273825457137435e-05,5.519192692834588e-06,calm
2010-12-23,5.20394666006999e-05,7.499532130661632e-06,calm
2010-12-27,4.879267176629778e-05,1.0976522845843512e-05,calm
2010-12-28,4.5540751556075905e-05,5.3661630068368535e-06,calm
2010-12-29,4.2698630744581514e-05,6.686521300306311e-06,calm
2010-12-30,4.004922027885015e-05,9.20350438401316e-06,calm
2010-12-31,3.8041663648624266e-05,9.540706450760627e-06,calm
2011-01-03,3.584355042956842e-05,8.520594578118925e-05,calm
2011-01-04,4.3043203453968876e-05,1.9746213903518687e-05,calm
2011-01-05,4.0469311371446654e-05,1.926094106259105e-05,calm
2011-01-06,4.0149052331437995e-05,2.554804289454808e-05,calm
2011-01-07,3.8312640860010026e-05,4.789758807208127e-05,calm
2011-01-10,3.665836710019515e-05,5.245078985023271e-05,calm
2011-01-11,3.489044316546068e-05,3.0467609162303684e-05,calm
2011-01-12,3.392038291856685e-05,3.061209556625264e-05,calm
2011-01-13,3.9023039670906055e-05,1.806498927435455e-05,calm
2011-01-14,3.715581733158449e-05,1.6708129923932852e-05,calm
2011-01-18,3.9347686347707104e-05,1.5240125102217514e-05,calm
2011-01-19,3.7167306423918125e-05,2.381856481755449e-05,calm
2011-01-20,4.508088281356567e-05,5.550722566759392e-05,calm
2011-01-21,4.247341380292028e-05,3.756513596401425e-05,calm
2011-01-24,4.0143209514006044e-05,1.531635445315959e-05,calm
2011-01-25,4.0287956806974134e-05,3.79237962656442e-05,calm
2011-01-26,3.787154426421332e-05,3.28900093254664e-05,calm
2011-01-27,3.677889822257051e-05,2.017380181032832e-05,calm
2011-01-28,3.508225775488102e-05,6.31841483895345e-05,calm
2011-01-31,6.380363851583619e-05,3.700817765223655e-05,calm
2011-02-01,6.35893165073395e-05,4.716407584131788e-05,calm
2011-02-02,8.109478664958662e-05,2.0577533644786858e-05,calm
2011-02-03,7.490533605348986e-05,3.643164006841747e-05,calm
2011-02-04,6.917922391316345e-05,3.122646676569274e-05,calm
2011-02-07,6.431610897966013e-05,1.820278106748465e-05,calm
2011-02-08,6.254185131974088e-05,1.4937420995194448e-05,calm
2011-02-09,5.940497295597431e-05,2.404574614087772e-05,calm
2011-02-10,5.5754626653425143e-05,5.0863824770305625e-05,calm
2011-02-11,5.180361821605435e-05,2.48407599399146e-05,calm
2011-02-14,5.102966070355668e-05,1.2014160787732131e-05,calm
2011-02-15,4.7904828881770066e-05,2.4211233926983503e-05,calm
2011-02-16,4.5966585804122536e-05,3.658516790264395e-05,calm
2011-02-17,4.6144563456194135e-05,1.582868302703548e-05,calm
2011-02-18,4.3748502899813164e-05,1.435790772207311e-05,calm
2011-02-22,4.124935056300531e-05,0.0001458035303788,calm
2011-02-23,7.839488945220932e-05,8.842513533705177e-05,calm
2011-02-24,7.609634605965954e-05,8.387350084143883e-05,calm
2011-02-25,7.017184315405836e-05,4.4698805675268e-05,calm
2011-02-28,7.42768996612277e-05,3.0580310011967745e-05,calm
2011-03-01,7.144796010534148e-05,6.969199980526215e-05,calm
2011-03-02,9.320741631350296e-05,5.0355268985652974e-05,calm
2011-03-03,8.562842538729622e-05,9.074475694369822e-05,calm
2011-03-04,0.00010407355346026112,5.779030829686026e-05,calm
2011-03-07,0.00010092573294998131,7.297858750078786e-05,calm
2011-03-08,9.865076154093186e-05,4.654102515045888e-05,calm
2011-03-09,9.654497037185907e-05,6.219610267023637e-05,calm
2011-03-10,8.872050635208588e-05,0.000203013520129,calm
2011-03-11,0.00011489046293589957,5.088364559329599e-05,calm
2011-03-14,0.0001086425472907919,8.247146718284295e-05,calm
2011-03-15,0.00010308439800729763,0.0005259266245354,calm
2011-03-16,0.00010733777554011454,0.0002003886876956,calm
2011-03-17,0.0001316402013107585,0.0001814851288761,calm
2011-03-18,0.0001347308181378516,0.00013406925766,calm
2011-03-21,0.00012265596841702883,0.0001375443006583,calm
2011-03-22,0.00013233443368601685,2.545006714539485e-05,calm
2011-03-23,0.00012182695175714629,3.442962325424006e-05,calm
2011-03-24,0.00011159025618665534,2.76834792876599e-05,calm
2011-03-25,0.00010944567485072934,2.0370093417957912e-05,calm
2011-03-28,0.0001006100145847761,2.061616413546137e-05,calm
2011-03-29,9.28280983300795e-05,2.7972965369255708e-05,calm
2011-03-30,8.866812763422698e-05,1.705094979249867e-05,calm
2011-03-31,8.514140455332732e-05,2.9666353172874155e-05,calm
2011-04-04,7.848991183533661e-05,1.883702726295959e-05,calm
2011-04-05,7.222891437781896e-05,2.0060311812078146e-05,calm
2011-04-06,6.662159896799152e-05,6.935730631865061e-05,calm
2011-04-07,6.221440148508374e-05,2.7510879531417497e-05,calm
2011-04-11,5.840750794460355e-05,6.419952436715044e-05,calm
2011-04-12,5.5265089546508806e-05,5.760901620961569e-05,calm
2011-04-13,5.719920958571042e-05,4.6200103358443615e-05,calm
2011-04-14,5.3103312467245725e-05,2.5540169406701747e-05,calm
2011-04-18,4.9404707362493575e-05,2.625235904368236e-05,calm
2011-04-19,5.882778868688255e-05,6.782599051124722e-05,calm
2011-04-20,5.716505672900758e-05,1.79142348664616e-05,calm
2011-04-25,6.890112809804087e-05,2.2592476955390103e-05,calm
2011-04-26,6.38175933000396e-05,2.452108981047688e-05,calm
2011-04-27,6.51201443391506e-05,1.5099657328660752e-05,calm
2011-04-28,6.359363345809895e-05,8.58382102700776e-06,calm
2011-05-02,5.956677631793699e-05,3.447613294018942e-05,calm
2011-05-03,5.560852333754927e-05,6.270218683635757e-05,calm
2011-05-04,5.320256006567632e-05,9.972172466244132e-05,calm
2011-05-05,5.416988333643373e-05,0.0001438927830552,calm
2011-05-09,5.8747116921567485e-05,1.719341455431668e-05,calm
2011-05-10,5.559140324371954e-05,5.130003074394668e-05,calm
2011-05-11,5.7649851242187514e-05,5.297219137231519e-05,calm
2011-05-12,6.467742451056204e-05,4.492979687618087e-05,calm
2011-05-16,6.152754326534812e-05,6.79595241649972e-05,calm
2011-05-17,6.123586359567779e-05,2.9241697364447137e-05,calm
2011-05-18,5.676745572837464e-05,3.7055280328601325e-05,calm
2011-05-19,5.930959470252477e-05,3.942391884027123e-05,calm
2011-05-23,5.53572436240395e-05,3.4144485749644044e-05,calm
2011-05-24,6.49082596366948e-05,4.0614319514591056e-05,calm
2011-05-25,6.017240517559279e-05,4.204424656077055e-05,calm
2011-05-26,5.656096216122542e-05,3.4745695253206325e-05,calm
2011-05-31,5.414210017177184e-05,6.122838668793894e-05,calm
2011-06-01,5.940098242794412e-05,7.037996923738962e-05,calm
2011-06-02,0.0001044238462085313,0.0001582941349059,calm
2011-06-06,9.551881111249338e-05,5.674614868623032e-05,calm
2011-06-07,9.868027170984107e-05,5.514007241476984e-05,calm
2011-06-08,9.033263172074126e-05,2.5419872929761795e-05,calm
2011-06-09,8.474724014784682e-05,9.172735090604128e-05,calm
2011-06-13,8.255273709895367e-05,0.0001090587122311,calm
2011-06-14,7.587954667071039e-05,0.0001364343426889,calm
2011-06-15,8.34478915269559e-05,7.710994068011213e-05,calm
2011-06-16,0.00010756522739615799,0.000117306288219,calm
2011-06-20,9.850714999587638e-05,3.548542263122379e-05,calm
2011-06-21,9.215460966800635e-05,3.626060591745582e-05,calm
2011-06-22,0.00010038055451829888,0.0003592363371063,calm
2011-06-23,9.564797024167601e-05,5.082565679739707e-05,calm
2011-06-27,8.859657374616354e-05,3.2124040819697895e-05,calm
2011-06-28,8.780599372474379e-05,4.781503072112748e-05,calm
2011-06-29,9.492740885665896e-05,4.061285319996151e-05,calm
2011-06-30,9.293526469296205e-05,4.967994554796526e-05,calm
2011-07-05,9.269392295088163e-05,2.689939327279769e-05,calm
2011-07-06,8.511402478121359e-05,7.169933840344104e-05,calm
2011-07-07,7.823367380297161e-05,0.0001108848950702,calm
2011-07-11,8.089273237419055e-05,7.409577441656873e-05,calm
2011-07-12,0.00010621109961236388,7.722567921397407e-05,calm
2011-07-13,9.913299178411471e-05,9.361751816153733e-05,calm
2011-07-14,9.152338887990987e-05,9.632823679279616e-05,calm
2011-07-18,8.885246791109474e-05,8.872147854031476e-05,calm
2011-07-19,8.835277755028732e-05,2.549843465083299e-05,calm
2011-07-20,0.00010344163875814371,9.197064540749034e-05,calm
2011-07-21,9.47096822936884e-05,2.289609244205236e-05,calm
2011-07-25,0.00010297601390430175,2.469546219554257e-05,calm
2011-07-26,9.74997967158933e-05,0.000118913702522,calm
2011-07-27,9.088774754464064e-05,4.492033778355952e-05,calm
2011-07-28,0.00012388888335337624,0.0002106797545272,calm
2011-08-01,0.0001139236250487073,0.0001362794758716,calm
2011-08-02,0.00010600682506250092,0.0002130799940707,calm
2011-08-03,0.00016000574903326874,0.0004396521982625,calm
2011-08-04,0.00014747216741807127,0.0010861431105571,calm
2011-08-08,0.0003556621204635554,0.0015607229988121,calm
2011-08-09,0.0007841927030007699,0.0015734198257311,calm
2011-08-10,0.0009054566572623592,0.0007446347309996,calm
2011-08-11,0.0010182897664679305,0.0003886922186,calm
2011-08-15,0.0010987308632664286,0.0003033574034531,calm
2011-08-16,0.0010182566584266645,0.0001382748966214,calm
2011-08-17,0.0009127517368894269,0.0010052588777701,calm
2011-08-18,0.0008116448873064603,0.0004163771591692,calm
2011-08-22,0.0009223721864626427,0.0002394839477837,calm
2011-08-23,0.0008203694053221227,0.0001872876470081,calm
2011-08-24,0.000833047754820487,0.0003732760674809,calm
2011-08-25,0.0007599435277897978,0.0003662589384973,calm
2011-08-29,0.0007016871083431789,0.0002176450023445,calm
2011-08-30,0.0007031603213238579,0.0001933994712384,calm
2011-08-31,0.0006267985774016543,0.000215655913859,calm
2011-09-01,0.0005600631963377181,0.0004645473706703,calm
2011-09-06,0.0005111244936291285,0.0002036261280501,calm
2011-09-07,0.00046151495258818287,0.0001893283056435,calm
2011-09-08,0.00048712404154236777,0.000383215845704,calm
2011-09-12,0.00044610816039059975,0.0001653459537123,calm
2011-09-13,0.0004013050701154187,0.0002287610291912,calm
2011-09-14,0.0003653622063178243,0.0001650758775017,calm
2011-09-15,0.0003437237613813686,0.0001197666677754,calm
2011-09-19,0.0003348145114384509,0.0001135307614229,calm
2011-09-20,0.0003096363063311875,0.0002261384432634,calm
2011-09-21,0.0002762999167890615,0.0011173442663123,calm
2011-09-22,0.00034097111591691596,0.0002774400408178,calm
2011-09-26,0.00041597080525188995,0.0004870790268771,calm
2011-09-27,0.0004246692715354837,0.0002445731583342,calm
2011-09-28,0.00039051931735471654,0.000562028037221,calm
2011-09-29,0.00039309100283748354,0.0005049099895407,calm
2011-10-03,0.00035656556434660605,0.0007267240042017,calm
2011-10-04,0.00040449884645972717,0.0002843865443569,calm
2011-10-05,0.0004064324335903626,0.0001823214812192,calm
2011-10-06,0.0003950444510441309,0.0002047184326505,calm
2011-10-10,0.00038344221348494436,0.0001303310486738,calm
2011-10-11,0.0004480064418086233,0.0001687296400536,calm
2011-10-12,0.0003999112501327397,0.0001695946298074,calm
2011-10-13,0.0003640590329894883,0.000221675559531,calm
2011-10-17,0.00032587915573451686,0.000231354227109,calm
2011-10-18,0.0003302108075793851,0.0001374227849837,calm
2011-10-19,0.0003310442200389629,0.0002100067651359,calm
2011-10-20,0.00031116082746237634,0.0001960088353782,calm
2011-10-24,0.00027980997642869875,0.0002155622847502,calm
2011-10-25,0.00026420619938273315,0.0003112079035346,calm
2011-10-26,0.00027691627389416943,0.0006616970760231,calm
2011-10-27,0.0002572115040447012,8.637026437922611e-05,calm
2011-10-31,0.0003447419541569906,0.0002367220951013,calm
2011-11-01,0.00036974397371702255,0.0009656929184634,calm
2011-11-02,0.0004127550455453934,0.0003255793232157,calm
2011-11-03,0.00039343981719679167,0.0002501236442729,calm
2011-11-04,0.00038255695428205023,0.0001540340988926,calm
2011-11-07,0.00034617038232842145,9.450561200691156e-05,calm
2011-11-08,0.00031289766448801314,0.0001240930198906,calm
2011-11-09,0.0002951072352309715,0.0005922209667006,calm
2011-11-10,0.0004083499325294019,0.0002700224710458,calm
2011-11-11,0.0003729042839182324,0.0001858628654852,calm
2011-11-14,0.00036645784667580525,7.984105641640929e-05,calm
2011-11-15,0.00033757611801350063,0.0001038825819842,calm
2011-11-16,0.0003040923771916357,0.0002439370176897,calm
2011-11-17,0.00029905211599069655,0.000203281411876,calm
2011-11-18,0.00029460649048350515,9.207688960280652e-05,calm
2011-11-21,0.00026406609956765303,0.0003289374129427,calm
2011-11-22,0.00027495842215766116,0.0001238007615842,calm
2011-11-23,0.00024825313409105275,0.0002222091514823,calm
2011-11-25,0.0002739822835019036,7.356725169968264e-05,calm
2011-11-28,0.0002460728347202062,0.0007899780140908,calm
2011-11-29,0.0002993429899992058,7.870956172680729e-05,calm
2011-11-30,0.0002687695505192206,0.0007088451526677,calm
2011-12-01,0.00039873811154375876,6.870588399345685e-05,calm
2011-12-02,0.000356629506672356,0.0001108570257137,calm
2011-12-05,0.0003194214264945888,0.0002659068549598,calm
2011-12-06,0.0002968620248295737,5.12262294417342e-05,calm
2011-12-07,0.00026611355762259985,0.000121369952746,calm
2011-12-08,0.00023978081072595963,0.0001638233556814,calm
2011-12-09,0.000265787850788391,0.0001193666968594,calm
2011-12-12,0.0002648989888603799,0.0002102099434077,calm
2011-12-13,0.000260255857713337,0.000184923889616,calm
2011-12-14,0.00024303323000409924,0.0001300252689424,calm
2011-12-15,0.00023041387945408064,0.0001482031157503,calm
2011-12-16,0.00020795615274646484,0.0001160943251004,calm
2011-12-19,0.00018965313136147229,9.05862687938204e-05,calm
2011-12-20,0.00018296302279545654,0.000316731032191,calm
2011-12-21,0.0002500730451120158,7.107408248239379e-05,calm
2011-12-22,0.0002248403455918064,2.8470780834441288e-05,calm
2011-12-23,0.00020904902541351008,2.2105238386547145e-05,calm
2011-12-27,0.00019510578086309968,2.1352012143961145e-05,calm
2011-12-28,0.0001756342615088902,3.888108414857559e-05,calm
2011-12-29,0.0001765918066111835,3.04486502391406e-05,calm
2011-12-30,0.00016867507912850151,1.7158468017474457e-05,calm
2012-01-03,0.0001548891667025994,0.0003049841630565,calm
2012-01-04,0.00016310861149520576,3.890710184958219e-05,calm
2012-01-05,0.00014724832702659845,6.515797739667469e-05,calm
2012-01-06,0.00013344684306735904,3.348536473204581e-05,calm
2012-01-09,0.00012153317394639726,1.974168966755715e-05,calm
2012-01-10,0.00011037602586030622,0.0001274286095429,calm
2012-01-11,0.00010674804400830506,4.084776862307181e-05,calm
2012-01-12,9.679650011475419e-05,4.106153449354368e-05,calm
2012-01-13,8.828907221600402e-05,0.000104544238332,calm
2012-01-17,8.353511156198802e-05,8.777894246988321e-05,calm
2012-01-18,7.728538913650736e-05,3.872876902864405e-05,calm
2012-01-19,8.187403166513259e-05,2.9729950467130063e-05,calm
2012-01-20,7.70170136094093e-05,1.7813525153193508e-05,calm
2012-01-23,7.143467895262106e-05,2.961763087372188e-05,calm
2012-01-24,6.632207058726793e-05,4.899248892965565e-05,calm
2012-01-25,6.10916094485213e-05,5.77174667725078e-05,calm
2012-01-26,6.25344156523181e-05,4.883637370790306e-05,calm
2012-01-27,6.0696908648445666e-05,3.1998099127832774e-05,calm
2012-01-30,5.595741319452772e-05,0.0001217185709649,calm
2012-01-31,5.3191206889465106e-05,7.901718404213539e-05,calm
2012-02-01,4.9268135559703894e-05,8.556683889317936e-05,calm
2012-02-02,5.2734189862922707e-05,2.2104800368233525e-05,calm
2012-02-03,4.894722204814874e-05,9.6645942938878e-05,calm
2012-02-06,6.390194995792208e-05,3.622238209246629e-05,calm
2012-02-07,5.891351971257455e-05,2.982289152609981e-05,calm
2012-02-08,5.4775863682768055e-05,2.237268558021672e-05,calm
2012-02-09,5.1296692003390874e-05,3.228904463423826e-05,calm
2012-02-10,4.763585687971932e-05,9.358989587712998e-05,calm
2012-02-13,5.0644551259346613e-05,4.690565213574275e-05,calm
2012-02-14,5.188608356545816e-05,3.1717626309871487e-05,calm
2012-02-15,4.840806801460496e-05,5.395375282093064e-05,calm
2012-02-16,4.7693016435068034e-05,3.00807661627311e-05,calm
2012-02-17,5.563693010596844e-05,2.0916536317296205e-05,calm
2012-02-21,5.19084636569698e-05,2.9926650902791096e-05,calm
2012-02-22,4.8124822386393585e-05,2.4551182039089954e-05,calm
2012-02-23,4.6154663978299546e-05,1.993731928808601e-05,calm
2012-02-24,4.457040331428323e-05,1.692877875594198e-05,calm
2012-02-27,4.189521254131339e-05,6.88217800402775e-05,calm
2012-02-28,3.9359707138016275e-05,2.5818658088677705e-05,calm
2012-02-29,3.755463903629678e-05,4.4358475972830144e-05,calm
2012-03-01,3.734373593235703e-05,5.52997021151936e-05,calm
2012-03-02,3.7401145972647486e-05,2.479284423405272e-05,calm
2012-03-05,3.6486352898572624e-05,3.208291962157205e-05,calm
2012-03-06,3.652340215830131e-05,0.0001292223877633,calm
2012-03-07,5.8018860467716094e-05,2.504784109351829e-05,calm
2012-03-08,5.7790697363738296e-05,6.346358216744232e-05,calm
2012-03-09,6.234378260969029e-05,2.2641260007094755e-05,calm
2012-03-12,5.850927665804505e-05,2.0281134585090364e-05,calm
2012-03-13,5.3976502908414944e-05,4.548335772533618e-05,calm
2012-03-14,8.06052415591296e-05,2.178604596435164e-05,calm
2012-03-15,7.374803802291132e-05,2.4231506054329194e-05,calm
2012-03-16,7.028396945306401e-05,1.4727339980913664e-05,calm
2012-03-19,6.562733654656773e-05,1.6638104157386555e-05,calm
2012-03-20,6.147022592920059e-05,5.581357967756558e-05,calm
2012-03-21,5.7779153028860644e-05,1.914050799625005e-05,calm
2012-03-22,5.379629623321417e-05,6.554381363627071e-05,calm
2012-03-23,5.579556262804437e-05,1.822836193212128e-05,calm
2012-03-26,5.234027935544614e-05,1.4486205955651356e-05,calm
2012-03-27,6.672657114032248e-05,3.343567585038475e-05,calm
2012-03-28,6.257768166874342e-05,6.522909326620424e-05,calm
2012-03-29,6.0594277718498734e-05,3.4114542105778865e-05,calm
2012-04-02,5.6327677345523174e-05,5.401224429395893e-05,calm
2012-04-03,5.67028032900433e-05,0.0001043920155054,calm
2012-04-04,5.4502782102363166e-05,2.88664387758584e-05,calm
2012-04-09,6.138377437955693e-05,6.519545757148817e-05,calm
2012-04-10,7.04474590479894e-05,0.000100789963319,calm
2012-04-11,9.510831970350591e-05,2.322062655091499e-05,calm
2012-04-12,9.221096949460226e-05,5.24132766509063e-05,calm
2012-04-16,9.966507731779838e-05,7.035723218302853e-05,calm
2012-04-17,9.05419822328479e-05,4.563386024921558e-05,calm
2012-04-18,0.0001028004464130415,8.270253573773732e-05,calm
2012-04-19,9.471010727374721e-05,4.030085771170916e-05,calm
2012-04-23,9.088458381169919e-05,3.16168218105666e-05,calm
2012-04-24,9.068365239287786e-05,0.0001329333352019,calm
2012-04-25,8.362073406506922e-05,2.2611473617518767e-05,calm
2012-04-26,9.355946941671824e-05,2.780944214487193e-05,calm
2012-04-30,8.92548833066537e-05,4.828298259863768e-05,calm
2012-05-01,8.302120219589744e-05,5.153086874016891e-05,calm
2012-05-02,7.901167713760213e-05,4.010644912318834e-05,calm
2012-05-03,7.339359667682059e-05,7.119435687576865e-05,calm
2012-05-07,7.383852100225672e-05,0.0001023715795135,calm
2012-05-08,6.76026951547327e-05,0.000186740057948,calm
2012-05-09,6.40901091485124e-05,0.0001030743643289,calm
2012-05-10,6.308189359600436e-05,6.997402066982703e-05,calm
2012-05-14,5.829973319191909e-05,6.232345062955374e-05,calm
2012-05-15,6.729280192598622e-05,7.900807976602752e-05,calm
2012-05-16,6.56611288584839e-05,8.598359078272735e-05,calm
2012-05-17,6.217946690748232e-05,8.786943632652968e-05,calm
2012-05-21,8.101093292826635e-05,8.606340842957042e-05,calm
2012-05-22,0.00010162737549915759,0.000116506120944,calm
2012-05-23,9.234589658915354e-05,8.10139927381339e-05,calm
2012-05-24,8.399164823150275e-05,3.613137488977965e-05,calm
2012-05-29,7.682971495719222e-05,0.0001260042564746,calm
2012-05-30,8.365076029733368e-05,8.768275048546974e-05,calm
2012-05-31,9.910591026614757e-05,0.0002236695020505,calm
2012-06-04,9.069601227466535e-05,5.389168714864125e-05,calm
2012-06-05,8.263736968530396e-05,8.9599882911639e-05,calm
2012-06-06,8.04238075455101e-05,0.0001433450163523,calm
2012-06-07,0.0001208157027671119,4.9615283872675954e-05,calm
2012-06-11,0.0001092059765204728,8.263207359359059e-05,calm
2012-06-12,0.00011657140549632237,8.540430263374963e-05,calm
2012-06-13,0.00011749918782122727,8.915835495878956e-05,calm
2012-06-14,0.00011105977304339015,3.5724534121877355e-05,calm
2012-06-18,0.00011075129782447898,5.8111292578117935e-05,calm
2012-06-19,0.00010055525580011735,7.656060070234522e-05,calm
2012-06-20,9.965990820037285e-05,6.76862166962777e-05,calm
2012-06-21,9.096796462893525e-05,4.263915162794018e-05,calm
2012-06-25,0.00013643952904790672,4.860012022850214e-05,calm
2012-06-26,0.00015086989899475476,4.135767106026526e-05,calm
2012-06-27,0.00013793365581620583,0.0001272586548154,calm
2012-06-28,0.0001316868419251064,0.000244701141918,calm
2012-07-02,0.00012003030713757541,1.4775053544635136e-05,calm
2012-07-05,0.00010925249119602784,0.0001033687487941,calm
2012-07-09,0.00010153504952374075,7.665336108707708e-05,calm
2012-07-10,9.250509870072103e-05,5.666221507189737e-05,calm
2012-07-11,9.266058600790505e-05,0.0001008161472533,calm
2012-07-12,8.434076806640287e-05,5.0072674235071045e-05,calm
2012-07-16,7.975450331301217e-05,9.070389177571732e-05,calm
2012-07-17,7.365119314103138e-05,2.8421573425301804e-05,calm
2012-07-18,7.152088937587584e-05,3.598985667629793e-05,calm
2012-07-19,7.033873205811689e-05,5.518798239174988e-05,calm
2012-07-23,6.496068597885425e-05,7.654682237739664e-05,calm
2012-07-24,7.103045435083322e-05,5.978383074313445e-05,calm
2012-07-25,7.33517175353554e-05,0.0003058355428357,calm
2012-07-26,6.719155029386983e-05,8.342990921611934e-05,calm
2012-07-30,8.696934858036391e-05,3.496929008963927e-05,calm
2012-07-31,7.930632977566838e-05,6.843387634041e-05,calm
2012-08-01,7.805701532584178e-05,0.0001298245382131,calm
2012-08-02,7.155883445933644e-05,0.0002096643767229,calm
2012-08-06,7.103800646358796e-05,3.391164081453909e-05,calm
2012-08-07,6.537010870078197e-05,2.5739623613498164e-05,calm
2012-08-08,6.217514474487027e-05,1.835847287304024e-05,calm
2012-08-09,5.7331833436687744e-05,3.89736578095405e-05,calm
2012-08-13,5.298178381308032e-05,2.365541729874731e-05,calm
2012-08-14,4.918454074232681e-05,1.177752167494828e-05,calm
2012-08-15,4.572053239306439e-05,1.3425341025138576e-05,calm
2012-08-16,4.267011567692878e-05,7.001791764425687e-06,calm
2012-08-20,4.4718805555465555e-05,3.3930663858682106e-05,calm
2012-08-21,4.1753250243114226e-05,3.7089232017258735e-05,calm
2012-08-22,4.0331322721262505e-05,3.984932732470013e-05,calm
2012-08-23,3.782696753274048e-05,2.689926562398257e-05,calm
2012-08-27,4.3240372767420656e-05,2.5538017095215568e-05,calm
2012-08-28,4.042733584650839e-05,1.2040171559416912e-05,calm
2012-08-29,3.812439944582936e-05,4.755492678973102e-05,calm
2012-08-30,3.5872234942536866e-05,0.0001127480578983,calm
2012-09-04,3.985643258047694e-05,1.957833649500373e-05,calm
2012-09-05,3.758593741365961e-05,7.66222748124791e-05,calm
2012-09-06,3.5542345308855836e-05,1.133639571907586e-05,calm
2012-09-10,7.258934479184615e-05,1.5029954874582336e-05,calm
2012-09-11,7.02767182542421e-05,2.601793789320067e-05,calm
2012-09-12,6.496780682576291e-05,6.025276581838828e-05,calm
2012-09-13,6.056137632721593e-05,4.818068046913037e-05,calm
2012-09-17,7.728272473911591e-05,1.853772857602845e-05,calm
2012-09-18,7.214946508553286e-05,2.38946300150818e-05,calm
2012-09-19,6.628368368388955e-05,4.416107314989428e-05,calm
2012-09-20,6.093171431412684e-05,3.041274257982312e-05,calm
2012-09-24,5.6207269089757915e-05,3.423097793865492e-05,calm
2012-09-25,5.239137403841146e-05,3.591889567568471e-05,calm
2012-09-26,6.100446954770855e-05,3.3672464761823935e-05,calm
2012-09-27,5.994683288183938e-05,4.069027283187193e-05,calm
2012-10-01,6.32076093496511e-05,4.984070856673392e-05,calm
2012-10-02,5.8677611069817225e-05,3.138067474574152e-05,calm
2012-10-03,5.42275096271148e-05,3.559074342526186e-05,calm
2012-10-04,5.153146665673862e-05,4.070417846334557e-05,calm
2012-10-08,5.2255778502813044e-05,3.174823811372e-05,calm
2012-10-09,5.000283263008328e-05,2.5290673266691225e-05,calm
2012-10-10,5.7236129202047924e-05,6.139073601278572e-05,calm
2012-10-11,5.7577985376522044e-05,2.5330098632767508e-05,calm
2012-10-15,5.3215560508744356e-05,2.785233746867163e-05,calm
2012-10-16,5.542089559174387e-05,1.5745012037851736e-05,calm
2012-10-17,6.045477602251434e-05,3.540957238847098e-05,calm
2012-10-18,5.738854153837552e-05,6.018656731008063e-05,calm
2012-10-22,5.398652951569099e-05,0.0001765566189366,calm
2012-10-23,5.003864387342442e-05,5.429834793092829e-05,calm
2012-10-24,6.717645528885617e-05,0.0001083287131471,calm
2012-10-25,6.280526619919929e-05,6.296278117322756e-05,calm
2012-10-31,5.845402624120234e-05,5.3407105091254416e-05,calm
2012-11-01,5.4026598994660344e-05,3.741028092080471e-05,calm
2012-11-02,5.984941835482891e-05,4.516433823150892e-05,calm
2012-11-05,6.395737488918541e-05,2.421946598864764e-05,calm
2012-11-06,5.9137650273874285e-05,4.121185366659854e-05,calm
2012-11-07,5.991051390064963e-05,0.0002762342394764,calm
2012-11-08,0.00010948401411060118,6.673557381500837e-05,calm
2012-11-09,0.00011490823484561284,8.893758769889924e-05,calm
2012-11-12,0.00010401097634919671,2.352204228345602e-05,calm
2012-11-13,9.440513580311135e-05,8.837113898340802e-05,calm
2012-11-14,8.742793963724377e-05,7.852655197722172e-05,calm
2012-11-15,9.916167630661392e-05,7.456799350022986e-05,calm
2012-11-16,9.057544439242713e-05,8.976071102457922e-05,calm
2012-11-19,8.451937007217152e-05,0.0001683007005373,calm
2012-11-20,0.00011504132429348733,6.227230808902253e-05,calm
2012-11-21,0.00010420674299405208,1.328067877673953e-05,calm
2012-11-23,9.482945391147309e-05,3.335191367277284e-05,calm
2012-11-26,0.00010315147273668194,5.280680884305069e-05,calm
2012-11-27,9.436301532516028e-05,4.583094631916258e-05,calm
2012-11-28,8.897471287497396e-05,9.923239501647353e-05,calm
2012-11-29,8.67547041781286e-05,8.122214576298956e-05,calm
2012-11-30,8.089714500303543e-05,2.621522388862159e-05,calm
2012-12-03,7.397791849749758e-05,5.716781444643248e-05,calm
2012-12-04,7.068544141127716e-05,3.79428950117525e-05,calm
2012-12-05,6.524049372555983e-05,4.688735870652034e-05,calm
2012-12-06,6.021834077650804e-05,2.7822664154467448e-05,calm
2012-12-07,5.6422234430710205e-05,3.756443941463415e-05,calm
2012-12-10,5.284462360034037e-05,1.6628014326916485e-05,calm
2012-12-11,4.9008233382287206e-05,3.905595044054508e-05,calm
2012-12-12,4.9562914589955864e-05,3.2103749187647705e-05,calm
2012-12-13,4.6088103807086194e-05,3.012319856349701e-05,calm
2012-12-14,4.736651853058567e-05,3.0831574839044194e-05,calm
2012-12-17,4.588213170194574e-05,3.437120072587716e-05,calm
2012-12-18,5.532791201471641e-05,2.75084785744669e-05,calm
2012-12-19,6.232094974200077e-05,2.5230850792668583e-05,calm
2012-12-20,6.365670704403012e-05,3.234237026769193e-05,calm
2012-12-21,6.135736551814009e-05,0.0001528189940996,calm
2012-12-24,8.402284724893555e-05,9.387796808350876e-06,calm
2012-12-26,7.791054438452298e-05,2.229001460692664e-05,calm
2012-12-27,7.342912532588001e-05,7.522437191522163e-05,calm
2012-12-28,6.761992684382171e-05,6.864994577711682e-05,calm
2012-12-31,7.477428774136368e-05,9.9800112962042e-05,calm
2013-01-02,9.510170654145121e-05,0.0003998754125332,calm
2013-01-03,0.00014830827117559412,2.877280132531701e-05,calm
2013-01-04,0.0001341820882422364,2.059038508901497e-05,calm
2013-01-07,0.0001225449602200595,3.326206726152528e-05,calm
2013-01-08,0.00011179434385215658,2.154543356157129e-05,calm
2013-01-09,0.00010239828320582518,1.9297589354295653e-05,calm
2013-01-10,9.340002449639381e-05,2.0224199506513203e-05,calm
2013-01-11,9.04864896561611e-05,1.058118454845889e-05,calm
2013-01-14,8.245657871468816e-05,1.5782705881397227e-05,calm
2013-01-15,7.543764787120336e-05,2.837754542255928e-05,calm
2013-01-16,6.907695651008887e-05,1.355334985286304e-05,calm
2013-01-17,6.345703100581818e-05,2.429108862798138e-05,calm
2013-01-18,6.195209769188262e-05,1.2861965032070728e-05,calm
2013-01-22,5.738734288247306e-05,1.2411988371334658e-05,calm
2013-01-23,5.5411061530885356e-05,7.592427693681032e-06,calm
2013-01-24,5.139060347016626e-05,1.8827176710806687e-05,calm
2013-01-25,4.76919086088776e-05,3.02764226577382e-05,calm
2013-01-28,4.702569958875912e-05,1.262825579769491e-05,calm
2013-01-29,4.409407561068769e-05,1.6187684869431636e-05,calm
2013-01-30,4.238204274270946e-05,2.09092179074234e-05,calm
2013-01-31,4.1651609975349966e-05,2.9371916164567862e-05,calm
2013-02-01,3.991411812967393e-05,4.667615910969572e-05,calm
2013-02-04,4.7078800238002286e-05,5.3222324391733134e-05,calm
2013-02-05,5.781675348931996e-05,4.338277753248456e-05,calm
2013-02-06,6.253342496120736e-05,3.696884506327915e-05,calm
2013-02-07,5.757586682026993e-05,3.553096924931811e-05,calm
2013-02-08,5.351196856806326e-05,1.4858985533263876e-05,calm
2013-02-11,5.213385513419864e-05,8.239588701751283e-06,calm
2013-02-12,4.840478324593525e-05,7.453805186752834e-06,calm
2013-02-13,4.517818439519526e-05,1.842833059757055e-05,calm
2013-02-14,4.219033425999077e-05,2.3600096409362045e-05,calm
2013-02-15,3.953655687650162e-05,1.883684365720955e-05,calm
2013-02-19,3.743974691819149e-05,1.4263749582525975e-05,calm
2013-02-20,4.018950741019848e-05,2.414955318655678e-05,calm
2013-02-21,5.4819511690190434e-05,5.206624911544685e-05,calm
2013-02-22,5.505331751188516e-05,4.186252501170508e-05,calm
2013-02-25,5.9478913439352256e-05,8.787405534139898e-05,calm
2013-02-26,9.390625337802187e-05,7.180103692033423e-05,calm
2013-02-27,8.931154628370978e-05,3.30599284682281e-05,calm
2013-02-28,9.584670365823582e-05,3.1437288786903195e-05,calm
2013-03-01,8.759318183166405e-05,8.625860729561744e-05,calm
2013-03-04,8.05131343447973e-05,2.7543344456191208e-05,calm
2013-03-05,7.580847580831723e-05,5.865733896844221e-05,calm
2013-03-06,7.64254937011936e-05,2.3545224786428843e-05,calm
2013-03-07,6.994718661017096e-05,1.5450122880313302e-05,calm
2013-03-08,6.431586081607342e-05,2.0637116211646523e-05,calm
2013-03-11,6.0564150664424775e-05,9.153525703416009e-06,calm
2013-03-12,5.690756412734499e-05,1.7060011026442335e-05,calm
2013-03-13,5.3338870821675474e-05,1.2882094535612389e-05,calm
2013-03-14,4.949893937887732e-05,1.3870996832820092e-05,calm
2013-03-15,4.832083890853505e-05,1.526929430908865e-05,calm
2013-03-18,4.8895049881088435e-05,0.000119838337724,calm
2013-03-19,4.911705570309628e-05,7.129016940563635e-05,calm
2013-03-20,4.646406797660344e-05,5.758186616021913e-05,calm
2013-03-21,4.751039978203381e-05,5.290476289765424e-05,calm
2013-03-22,5.24912587982195e-05,3.332018065767891e-05,calm
2013-03-25,5.430715723191075e-05,4.72878450823159e-05,calm
2013-03-26,5.245640031285992e-05,2.880351498297227e-05,calm
2013-03-27,5.4223836678586276e-05,6.680165414044689e-05,calm
2013-03-28,5.021679886154323e-05,1.258246753277589e-05,calm
2013-04-01,4.7300160949338544e-05,3.444092707341793e-05,calm
2013-04-02,4.604531613027427e-05,3.440428412456607e-05,calm
2013-04-03,4.489821593184504e-05,4.033892637543374e-05,calm
2013-04-04,5.3363638526455984e-05,0.0001931349366465,calm
2013-04-08,5.069304296068603e-05,2.3895552756355703e-05,calm
2013-04-09,5.0967422905855905e-05,3.6150123460505e-05,calm
2013-04-10,4.817176674263149e-05,1.84645679879864e-05,calm
2013-04-11,5.845515815243278e-05,4.448918276009261e-05,calm
2013-04-15,5.469297419729211e-05,7.275846560740251e-05,calm
2013-04-16,0.0001082962044454737,0.0001302344265993,calm
2013-04-17,0.00011833946098003547,6.784704614114405e-05,calm
2013-04-18,0.0001303320822810142,3.899180621419903e-05,calm
2013-04-22,0.00012199212123829724,0.0001851891684182,calm
2013-04-23,0.0001116256629840022,1.427300166638192e-05,calm
2013-04-24,0.00011056492153222833,2.610507571500376e-05,calm
2013-04-25,0.00010001783259228417,1.7877119257672902e-05,calm
2013-04-29,9.198876390961032e-05,2.2011346143895227e-05,calm
2013-04-30,8.746085979976442e-05,3.603276479960991e-05,calm
2013-05-01,7.998577716224603e-05,2.494463825834536e-05,calm
2013-05-02,8.165645189401757e-05,0.0001080552857433,calm
2013-05-06,8.215833867092629e-05,1.6900373727138884e-05,calm
2013-05-07,7.535613431502225e-05,1.046981371066436e-05,calm
2013-05-08,7.099531947881135e-05,2.6764550271978384e-05,calm
2013-05-09,6.668568245014791e-05,2.903387023421825e-05,calm
2013-05-13,6.233323823425501e-05,1.920314015380076e-05,calm
2013-05-14,5.73774831978235e-05,2.4073426285490263e-05,calm
2013-05-15,6.25817594286027e-05,3.1126669115749685e-05,calm
2013-05-16,5.996541131932576e-05,2.180143436279464e-05,calm
2013-05-20,5.800071564828356e-05,2.9020951579786607e-05,calm
2013-05-21,5.356353799146728e-05,0.0001168216157796,calm
2013-05-22,4.968064856631246e-05,0.0001229516073117,calm
2013-05-23,5.2515675832524466e-05,3.206491142063691e-05,calm
2013-05-28,4.9825869281185545e-05,6.382454937748322e-05,calm
2013-05-29,4.930028250869016e-05,2.75371374106984e-05,calm
2013-05-30,5.076640018634425e-05,5.805129493504152e-05,calm
2013-06-03,4.814126639286763e-05,6.504352802033943e-05,calm
2013-06-04,4.7299608498632615e-05,6.130013043479401e-05,calm
2013-06-05,4.6887959965763734e-05,6.73316024556623e-05,calm
2013-06-06,6.509185345692296e-05,4.783716672954495e-05,calm
2013-06-10,6.710356537643253e-05,0.0001185618538796,calm
2013-06-11,6.160165120348282e-05,7.663961806763483e-05,calm
2013-06-12,6.853216275232021e-05,4.34500694535026e-05,calm
2013-06-13,7.059499596602728e-05,5.105118700065468e-05,calm
2013-06-17,8.61625182936883e-05,1.816416879585006e-05,calm
2013-06-18,8.36310490404635e-05,0.0001116591987143,calm
2013-06-19,8.16598541570647e-05,0.0001485521246127,calm
2013-06-20,9.534255986434803e-05,0.0001465848806463,calm
2013-06-24,0.0001532175748523112,9.077030782176368e-05,calm
2013-06-25,0.00015530221843253555,7.500695769578098e-05,calm
2013-06-26,0.00014774719196979357,4.778856197437349e-05,calm
2013-06-27,0.0001416393748866489,4.9997614505674e-05,calm
2013-07-01,0.00013025544577095253,3.483440749125189e-05,calm
2013-07-02,0.00012022699142191652,3.332706049070701e-05,calm
2013-07-08,0.00010868931834197961,2.329325994875133e-05,calm
2013-07-09,0.00010104436207080958,4.5023152651635546e-05,calm
2013-07-10,9.60670028323259e-05,7.846823342796871e-05,calm
2013-07-11,8.716128496121984e-05,1.213939712636634e-05,calm
2013-07-15,9.644196131511591e-05,1.2745217936119823e-05,calm
2013-07-16,8.860274595178082e-05,2.273870207197657e-05,calm
2013-07-17,8.238722828725296e-05,1.4100411803922824e-05,calm
2013-07-18,7.549394245919916e-05,1.0021525079290436e-05,calm
2013-07-22,7.145031898144558e-05,9.414115774175669e-06,calm
2013-07-23,6.558723280094667e-05,1.7825523730800247e-05,calm
2013-07-24,6.0881903115458226e-05,2.1588335771644783e-05,calm
2013-07-25,5.778477173350547e-05,2.809942874066389e-05,calm
2013-07-29,5.3645801549734097e-05,1.8720605010989987e-05,calm
2013-07-30,5.090913587929094e-05,4.68155537409335e-05,calm
2013-07-31,4.719623074615123e-05,5.5994048253715896e-05,calm
2013-08-01,4.388187591641503e-05,9.618943555227105e-06,calm
2013-08-05,5.339894290357395e-05,1.565664522492551e-05,calm
2013-08-06,4.9799111460528573e-05,2.825318477902079e-05,calm
2013-08-07,5.014685066832686e-05,2.3951829281094727e-05,calm
2013-08-08,4.795678135888196e-05,1.99360314838056e-05,calm
2013-08-12,4.5606646961949654e-05,1.993458763119144e-05,calm
2013-08-13,4.279050273053081e-05,1.883599974566273e-05,calm
2013-08-14,4.0622485378027245e-05,6.233391068710357e-05,calm
2013-08-15,4.1358127643729644e-05,2.8891546149637337e-05,calm
2013-08-19,6.0486263776248636e-05,1.5212916813074897e-05,calm
2013-08-20,6.0495554547806095e-05,5.745000223594421e-05,calm
2013-08-21,5.7665781288558606e-05,1.6766082942989694e-05,calm
2013-08-22,5.768077115658893e-05,1.3268962512877132e-05,calm
2013-08-26,6.070962487935924e-05,7.525640805707829e-05,calm
2013-08-27,5.7663892093386684e-05,2.261651924970445e-05,calm
2013-08-28,8.155580670142502e-05,2.413103326444652e-05,calm
2013-08-29,7.519780794256262e-05,5.153271462479877e-05,calm
2013-09-03,6.87764599992909e-05,2.234162660140374e-05,calm
2013-09-04,6.465322332657261e-05,1.6898111084971323e-05,calm
2013-09-05,6.547093215004393e-05,7.434182323475571e-05,calm
2013-09-09,6.015012870045593e-05,2.229045233475752e-05,calm
2013-09-10,6.367828907342348e-05,1.1983048725361513e-05,calm
2013-09-11,6.329766004589072e-05,1.252915781934448e-05,calm
2013-09-12,5.887371283738356e-05,1.1283075281249904e-05,calm
2013-09-16,5.526919855041513e-05,6.368149607941947e-06,calm
2013-09-17,5.3892481118688494e-05,5.711972906627449e-05,calm
2013-09-18,5.143764304860433e-05,1.7987318089862578e-05,calm
2013-09-19,5.995614420122594e-05,1.8516697182988106e-05,calm
2013-09-23,5.56962134593203e-05,1.847976451504069e-05,calm
2013-09-24,5.412888142851395e-05,3.24623538010949e-05,calm
2013-09-25,5.0892341921984487e-05,2.795398775058528e-05,calm
2013-09-26,4.8368167885282026e-05,2.5725205899953305e-05,calm
2013-09-30,4.609664992873185e-05,3.313825455835051e-05,calm
2013-10-01,4.6415153631570636e-05,4.087825811056895e-05,calm
2013-10-02,4.877249661717207e-05,7.50730846501711e-05,calm
2013-10-03,4.553162983454328e-05,1.8972115776006096e-05,calm
2013-10-07,5.2113708225913815e-05,4.9340451820817575e-05,calm
2013-10-08,5.678919163850977e-05,4.818721755251e-05,calm
2013-10-09,6.748495646947721e-05,9.850877046576063e-05,calm
2013-10-10,6.18426516677537e-05,2.332178400830896e-05,calm
2013-10-14,0.00010116834914422608,5.4461087311235945e-05,calm
2013-10-15,9.273381046195718e-05,5.886075662534087e-05,calm
2013-10-16,9.026044814475731e-05,2.33430367157146e-05,calm
2013-10-17,0.00010015957995186084,1.6452412894633686e-05,calm
2013-10-21,9.451248798607835e-05,2.9907462655190705e-05,calm
2013-10-22,8.57138265397224e-05,2.9454228312545457e-05,calm
2013-10-23,8.07648109414615e-05,1.299103802915796e-05,calm
2013-10-24,7.644199080819812e-05,9.513243224253696e-06,calm
2013-10-28,7.058088082172154e-05,9.52664751961964e-06,calm
2013-10-29,6.472551237392755e-05,1.640520228721243e-05,calm
2013-10-30,6.177093556918915e-05,3.528202092481608e-05,calm
2013-10-31,5.986627527588464e-05,3.061737410680147e-05,calm
2013-11-01,5.6266248233101466e-05,3.289620876110868e-05,calm
2013-11-04,5.230448595382409e-05,1.3421313021209632e-05,calm
2013-11-05,4.935353559069587e-05,2.015868145506784e-05,calm
2013-11-06,4.71998071772797e-05,1.902453704639641e-05,calm
2013-11-07,4.6056796170034056e-05,3.858023697859154e-05,calm
2013-11-08,6.069537169338274e-05,3.4576145673068906e-05,calm
2013-11-11,7.271870775373068e-05,1.132367533256425e-05,calm
2013-11-12,6.648594253362474e-05,2.411372822156397e-05,calm
2013-11-13,6.163329958211981e-05,2.0346271791553305e-05,calm
2013-11-14,6.23612875988219e-05,2.033830996724199e-05,calm
2013-11-15,5.935641774924154e-05,6.290719167204106e-06,calm
2013-11-18,5.61662340954554e-05,2.259103607789826e-05,calm
2013-11-19,5.3499479524324366e-05,3.033770148641362e-05,calm
2013-11-20,5.0238059225229094e-05,3.934409664273176e-05,calm
2013-11-21,4.796288537044838e-05,1.867593989167085e-05,calm
2013-11-22,5.034220932460496e-05,6.013575982382761e-06,calm
2013-11-25,4.87359896082903e-05,7.814411027034557e-06,calm
2013-11-26,4.551896989801904e-05,9.038872724685283e-06,calm
2013-11-27,4.244231415843487e-05,5.7965562825262354e-06,calm
2013-11-29,4.008027354020296e-05,8.007068260551874e-06,calm
2013-12-02,3.7752940564807944e-05,1.342522449108462e-05,calm
2013-12-03,3.6537623833363045e-05,2.3429564339732177e-05,calm
2013-12-04,3.68654788013625e-05,5.936140594044209e-05,calm
2013-12-05,3.4791210829609914e-05,2.9109590566727915e-05,calm
2013-12-06,3.53845148942423e-05,6.818695392308636e-05,calm
2013-12-09,4.4964703004867724e-05,1.1847332482892784e-05,calm
2013-12-10,4.2339333928091635e-05,1.0922272434705454e-05,calm
2013-12-11,4.1316705248816014e-05,2.782344446188182e-05,calm
2013-12-12,5.288908214211535e-05,2.9904560948995533e-05,calm
2013-12-13,5.0392429976155885e-05,2.07722015527102e-05,calm
2013-12-16,4.67572917278292e-05,4.439311236062338e-05,calm
2013-12-17,4.6825269929122545e-05,1.9321715141071185e-05,calm
2013-12-18,4.494905275627426e-05,0.0001008888549621,calm
2013-12-19,6.93383954521634e-05,1.743028477614924e-05,calm
2013-12-20,6.371989496662242e-05,1.210992995418827e-05,calm
2013-12-23,5.8501791484818455e-05,1.2532225610432078e-05,calm
2013-12-24,5.624398962632098e-05,1.621000604694435e-06,calm
2013-12-26,5.2195947838068216e-05,4.391827701393773e-06,calm
2013-12-27,5.042691145572252e-05,5.107946832032988e-06,calm
2013-12-30,4.680960381867596e-05,3.0790409775692065e-06,calm
2013-12-31,4.3622772327595984e-05,7.969681062367858e-06,calm
2014-01-02,4.25299421403264e-05,3.255498217488599e-05,calm
2014-01-03,5.020850666970976e-05,1.6415690871481668e-05,calm
2014-01-06,4.662681751627733e-05,2.8232603597865537e-05,calm
2014-01-07,4.458905185367866e-05,1.5213536311641647e-05,calm
2014-01-08,4.478050747325221e-05,2.5493329426504343e-05,calm
2014-01-09,4.17834540179236e-05,2.006325441956697e-05,calm
2014-01-10,3.911938602089959e-05,1.74566389027895e-05,calm
2014-01-13,3.724268483627903e-05,2.2327287699645443e-05,calm
2014-01-14,5.465550761563297e-05,2.4486920946960045e-05,calm
2014-01-15,6.126950098721902e-05,1.5194090114100053e-05,calm
2014-01-16,5.872899177926593e-05,1.383576628292614e-05,calm
2014-01-17,5.444601090432045e-05,1.3147471880133677e-05,calm
2014-01-21,5.260314760014402e-05,4.4313197711422674e-05,calm
2014-01-22,4.929766462003422e-05,9.843199115575172e-06,calm
2014-01-23,4.5787486744316674e-05,5.075610160738533e-05,calm
2014-01-24,5.0337950401594856e-05,8.223232190305382e-05,calm
2014-01-27,9.578602213248066e-05,6.582663305254619e-05,calm
2014-01-28,8.976354193699333e-05,2.826139733786185e-05,calm
2014-01-29,8.449882941376133e-05,0.0001086141458709,calm
2014-01-30,8.724258209956473e-05,6.086281479405956e-05,calm
2014-01-31,8.947890703358287e-05,0.0001220234512135,calm
2014-02-03,8.537288266122393e-05,9.347750947434678e-05,calm
2014-02-04,0.00013234643403322636,6.723097597798058e-05,calm
2014-02-05,0.00012329674690758754,8.59228728036382e-05,calm
2014-02-06,0.00011140287586490042,3.108233233136862e-05,calm
2014-02-07,0.00011667530496613266,4.273847213232206e-05,calm
2014-02-10,0.00011939024891961138,9.764488430791248e-06,calm
2014-02-11,0.00010787674815586352,1.7329855172087688e-05,calm
2014-02-12,0.00010838761513622596,2.1005101743389755e-05,calm
2014-02-13,9.801604176856459e-05,2.4270841032429988e-05,calm
2014-02-14,9.102779511194199e-05,1.4683413929556131e-05,calm
2014-02-18,8.519439763372861e-05,1.2511295189463475e-05,calm
2014-02-19,7.758684806963447e-05,2.9636052533792185e-05,calm
2014-02-20,7.594534041816895e-05,2.6279029763340085e-05,calm
2014-02-21,7.225603504534752e-05,1.6938636396276435e-05,calm
2014-02-24,6.636795849313468e-05,3.39708807950838e-05,calm
2014-02-25,6.341279385333025e-05,3.2277348614820194e-05,calm
2014-02-26,5.8341199940816815e-05,2.9930726015769184e-05,calm
2014-02-27,5.3786874116702154e-05,2.751119505590636e-05,calm
2014-02-28,5.198482506717134e-05,3.734304790226732e-05,calm
2014-03-03,4.854097738649932e-05,8.342618306575553e-05,calm
2014-03-04,5.0919832556185815e-05,9.3614935484596e-05,calm
2014-03-05,6.545501771407394e-05,1.7253413593025153e-05,calm
2014-03-06,6.009253352244982e-05,1.632783587567663e-05,calm
2014-03-07,5.5650748053943575e-05,3.0768694494235355e-05,calm
2014-03-10,5.140819316503912e-05,2.25765886549322e-05,calm
2014-03-11,4.7762473172607136e-05,2.5070371853746097e-05,calm
2014-03-12,4.745358181101236e-05,4.582604649869859e-05,calm
2014-03-13,4.415346010799675e-05,5.3405591768386525e-05,calm
2014-03-14,5.527602107067595e-05,4.645109377820266e-05,calm
2014-03-17,5.218419651195015e-05,5.589180602092489e-05,calm
2014-03-18,5.5607330946265446e-05,2.3263023353014805e-05,calm
2014-03-19,5.5748742809321874e-05,5.737088070832004e-05,calm
2014-03-20,5.4944215958402577e-05,2.949287112236503e-05,calm
2014-03-21,5.361641648312299e-05,5.056763880684458e-05,calm
2014-03-24,5.7400642557393455e-05,4.8363864278947446e-05,calm
2014-03-25,5.512591840077593e-05,5.831252666388808e-05,calm
2014-03-26,5.273913249612199e-05,4.157790890410236e-05,calm
2014-03-27,5.482793035555798e-05,6.379952705465706e-05,calm
2014-03-28,5.136300280474321e-05,3.804033180967874e-05,calm
2014-03-31,4.9574702667504447e-05,2.269375051233956e-05,calm
2014-04-01,5.192151252414105e-05,1.3909287911723622e-05,calm
2014-04-02,5.184016684971017e-05,1.4625970831712455e-05,calm
2014-04-03,4.883494444350881e-05,6.011205235983724e-05,calm
2014-04-07,4.5716211173155325e-05,3.9192443304214673e-05,calm
2014-04-08,5.6204261117784336e-05,2.993915332631872e-05,calm
2014-04-09,5.319825239521414e-05,6.909755602998558e-05,calm
2014-04-10,5.9643422495487995e-05,0.0001014775653329,calm
2014-04-14,0.0001026974024289605,8.425775870122111e-05,calm
2014-04-15,9.832105093526606e-05,4.70572752713774e-05,calm
2014-04-16,9.310862394449712e-05,2.2433936352456448e-05,calm
2014-04-21,9.437766047435515e-05,1.0764188861432677e-05,calm
2014-04-22,8.646207097163601e-05,1.3286724420686067e-05,calm
2014-04-23,8.023854851397723e-05,3.470482849251508e-05,calm
2014-04-24,7.395311064857345e-05,3.438580766340725e-05,calm
2014-04-28,6.781931691235848e-05,2.5018948125162e-05,calm
2014-04-29,6.28746869659165e-05,2.4780821503217164e-05,calm
2014-04-30,5.950742667818493e-05,2.035526524518403e-05,calm
2014-05-01,5.54265646502873e-05,3.165960800692476e-05,calm
2014-05-05,5.1224242359157655e-05,2.632450172204425e-05,calm
2014-05-06,4.767781411315976e-05,8.045673224661617e-05,calm
2014-05-07,5.2994679476980555e-05,2.6975789732296e-05,calm
2014-05-08,5.194150342609244e-05,3.1153749602300084e-05,calm
2014-05-12,4.837700843438794e-05,1.0046886386702469e-05,calm
2014-05-13,5.342955047700082e-05,1.5017947116438884e-05,calm
2014-05-14,4.945509804888743e-05,4.776460280175509e-05,calm
2014-05-15,4.871991519578964e-05,2.186866437842763e-05,calm
2014-05-19,5.403595039390582e-05,2.740339562849116e-05,calm
2014-05-20,5.097351916833698e-05,2.4424051146246227e-05,calm
2014-05-21,5.1961617357410696e-05,9.102822141658089e-06,calm
2014-05-22,5.4375669349654696e-05,4.2404805931385175e-06,calm
2014-05-27,5.0642581581846444e-05,8.592864800407318e-06,calm
2014-05-28,5.013387516555102e-05,1.3170070810721676e-05,calm
2014-05-29,4.668027679798793e-05,8.388390980888676e-06,calm
2014-06-02,4.5627999546459486e-05,9.464119302739543e-06,calm
2014-06-03,4.2569999325495034e-05,8.651989023105447e-06,calm
2014-06-04,3.993086160093868e-05,1.5215754666660785e-05,calm
2014-06-05,3.7705164122903065e-05,7.234254948140449e-06,calm
2014-06-09,3.9115228298280915e-05,8.821032854256658e-06,calm
2014-06-10,3.677537059332305e-05,1.692376753719989e-05,calm
2014-06-11,3.469182100508997e-05,1.749788437222487e-05,calm
2014-06-12,3.446128063807378e-05,1.886188346007451e-05,calm
2014-06-16,3.853388515535005e-05,1.3773249344453452e-05,calm
2014-06-17,3.623604556690266e-05,1.7581724974053463e-05,calm
2014-06-18,3.470403078798919e-05,8.484442864586072e-06,calm
2014-06-19,3.751104239895868e-05,5.449514293107676e-06,calm
2014-06-23,3.5346819391697495e-05,1.863857961832542e-05,calm
2014-06-24,3.3460923584857554e-05,1.432986159269898e-05,calm
2014-06-25,3.610511110827475e-05,2.4629849857391726e-05,calm
2014-06-26,3.567197102254239e-05,1.2557713804722656e-05,calm
2014-06-30,3.382568474913376e-05,1.3610707222866602e-05,calm
2014-07-01,3.21373827533541e-05,6.839116085277049e-06,calm
2014-07-02,3.438006144927206e-05,1.0068894848068287e-05,calm
2014-07-07,3.2537114200697175e-05,3.124160500741984e-05,calm
2014-07-08,3.2518774349021064e-05,2.0993975664375785e-05,calm
2014-07-09,3.581013797433991e-05,5.79303587850029e-05,calm
2014-07-10,3.5362505031705974e-05,1.2309458931595492e-05,calm
2014-07-14,3.54145385499957e-05,2.903549418137704e-05,calm
2014-07-15,3.547891715150289e-05,1.998787822237521e-05,calm
2014-07-16,3.4051844593920236e-05,4.120691073105928e-05,calm
2014-07-17,3.3227577044229015e-05,1.5824295009948178e-05,calm
2014-07-21,4.5997026521035036e-05,1.4176089147610271e-05,calm
2014-07-22,4.3345943404721265e-05,6.378217361452572e-06,calm
2014-07-23,4.192721176717529e-05,7.606670122782801e-06,calm
2014-07-24,3.9477663508310837e-05,1.8742695439256283e-05,calm
2014-07-28,3.70375156140409e-05,2.102882084133566e-05,calm
2014-07-29,3.4854475956139933e-05,3.673981415625514e-05,calm
2014-07-30,3.525858426124885e-05,7.498894714816631e-05,calm
2014-07-31,3.328220068876361e-05,6.929399510765835e-05,calm
2014-08-04,7.381749968741424e-05,7.863206028977103e-05,calm
2014-08-05,7.188851180507032e-05,4.5570976655233086e-05,calm
2014-08-06,7.624400591524674e-05,5.089090869846185e-05,calm
2014-08-07,6.9528131764154e-05,2.661382053678212e-05,calm
2014-08-11,6.713392333908275e-05,2.188207537404568e-05,calm
2014-08-12,6.210208191206403e-05,2.099890876524209e-05,calm
2014-08-13,5.744560636208358e-05,7.072120466657227e-06,calm
2014-08-14,5.687651970593067e-05,5.6227623810201833e-05,calm
2014-08-18,5.4249433665602e-05,6.480536481918808e-06,calm
2014-08-19,5.627689315278674e-05,9.097529504986305e-06,calm
2014-08-20,5.4148713716990657e-05,8.385063712147303e-06,calm
2014-08-21,5.053521346652814e-05,1.8212536754611167e-05,calm
2014-08-25,4.7446207978353336e-05,5.645300098606631e-06,calm
2014-08-26,4.618926520273988e-05,5.8310826444656175e-06,calm
2014-08-27,4.302143688651369e-05,1.6234288012210944e-05,calm
2014-08-28,4.0292499746220236e-05,6.446305148309068e-06,calm
2014-09-02,3.789865939462701e-05,1.3796866691156124e-05,calm
2014-09-03,3.576018271472708e-05,1.67219452967307e-05,calm
2014-09-04,3.386805544551286e-05,2.0915204961527645e-05,calm
2014-09-08,3.2456692236826186e-05,2.850033914434904e-05,calm
2014-09-09,3.1781504892267595e-05,2.705961954332965e-05,calm
2014-09-10,3.495690757558423e-05,1.85173998252606e-05,calm
2014-09-11,3.409988647593412e-05,2.251821818721897e-05,calm
2014-09-15,3.230961525715602e-05,1.941083603279793e-05,calm
2014-09-16,3.0831486456841846e-05,5.142244194020097e-05,calm
2014-09-17,3.432754201685944e-05,1.3719309955959049e-05,calm
2014-09-18,3.253046447825912e-05,2.09178966687388e-05,calm
2014-09-22,3.319217617919955e-05,2.4309875219891143e-05,calm
2014-09-23,3.833942039784441e-05,1.6788985486162414e-05,calm
2014-09-24,3.9927922976198656e-05,4.951358249980574e-05,calm
2014-09-25,4.276896323831774e-05,3.5827378454109e-05,calm
2014-09-29,6.832841190144093e-05,3.650771411318751e-05,calm
2014-09-30,6.301485848579873e-05,6.01365152988437e-05,calm
2014-10-01,5.879608594132871e-05,5.608382923733591e-05,calm
2014-10-02,7.422813633458573e-05,6.535619598575353e-05,calm
2014-10-06,6.771090094332799e-05,7.375765281718454e-05,calm
2014-10-07,6.225039618048053e-05,7.971506319761429e-05,calm
2014-10-08,8.303662243150545e-05,0.0001093480946014,calm
2014-10-09,0.00010432014845203919,0.0001223166848744,calm
2014-10-13,0.00013734705340893001,0.0001526990445934,calm
2014-10-14,0.00015315282301932745,0.0005307264971161,calm
2014-10-15,0.00013718431991234604,0.0002749281377898,calm
2014-10-16,0.00012850407469508756,0.000156196230029,calm
2014-10-20,0.00011568681636367984,5.620975112275648e-05,calm
2014-10-21,0.00011281187397389425,5.541257042816844e-05,calm
2014-10-22,0.00013895057877809505,0.0001064367330651,calm
2014-10-23,0.0001306413069604412,3.491652911047621e-05,calm
2014-10-27,0.00012988101228642742,3.94462981019674e-05,calm
2014-10-28,0.0001171201117482925,2.640519783716124e-05,calm
2014-10-29,0.00011760444784862627,5.146028045535702e-05,calm
2014-10-30,0.00010637520191880374,3.1466216554577235e-05,calm
2014-10-31,9.958585028365214e-05,5.483653212687467e-05,calm
2014-11-03,0.00010204009063286152,2.1125208524310976e-05,calm
2014-11-04,9.224620352258504e-05,2.73830339535074e-05,calm
2014-11-05,8.52022450859146e-05,3.47817030207061e-05,calm
2014-11-06,8.078043374370142e-05,1.597485561648219e-05,calm
2014-11-07,7.470580632357137e-05,2.016683299168648e-05,calm
2014-11-10,6.81164410493509e-05,8.090917041470939e-06,calm
2014-11-11,6.297561348953206e-05,6.695128713459507e-06,calm
2014-11-12,5.773894925424582e-05,1.645304972780246e-05,calm
2014-11-13,5.3341611717926066e-05,2.5777811880382216e-05,calm
2014-11-14,4.9230169225078986e-05,1.0501168117429346e-05,calm
2014-11-17,4.555928627573696e-05,1.265346858573244e-05,calm
2014-11-18,4.2305483169777526e-05,8.55520273583579e-06,calm
2014-11-19,4.230401235111627e-05,2.6752144224125204e-05,calm
2014-11-20,3.9908549327080194e-05,1.4235862026734032e-05,calm
2014-11-21,3.748221404852835e-05,4.36902068784148e-05,calm
2014-11-24,3.7617463074491156e-05,9.238204628444869e-06,calm
2014-11-25,3.584991084005129e-05,1.0962680270208904e-05,calm
2014-11-26,3.390517758371267e-05,3.524644492703975e-06,calm
2014-11-28,3.245789118923374e-05,9.071010000709348e-06,calm
2014-12-01,3.1482915354950225e-05,3.644206377736958e-05,calm
2014-12-02,3.5818496160628616e-05,1.467920912453094e-05,calm
2014-12-03,3.741145274310097e-05,7.223047718103304e-06,calm
2014-12-04,3.629519661438907e-05,1.8450776548168065e-05,calm
2014-12-05,3.44182193746823e-05,1.3303271100312171e-05,calm
2014-12-08,3.2611594525347217e-05,3.0153752985374903e-05,calm
2014-12-09,3.637200084641892e-05,0.0001034389972265,calm
2014-12-10,3.434787753732447e-05,6.963512134630321e-05,calm
2014-12-11,6.149459638190892e-05,7.290374212756302e-05,calm
2014-12-12,5.8476530084603864e-05,8.357577012523791e-05,calm
2014-12-15,8.31964764998353e-05,0.0001632180876829,calm
2014-12-16,8.104375550927935e-05,0.0001549156706396,calm
2014-12-17,8.109303645436865e-05,0.0001654281486396,calm
2014-12-18,0.00011126340050695907,0.0001069418422587,calm
2014-12-19,0.00016110417717638743,3.47121798508516e-05,calm
2014-12-22,0.00014369017015583186,1.2439030651961284e-05,calm
2014-12-23,0.00012999821530452249,1.101391803077905e-05,calm
2014-12-24,0.00011638356433267379,4.629956709643552e-06,calm
2014-12-26,0.00010444569735676468,6.353623343252677e-06,calm
2014-12-29,9.475652823425945e-05,5.678652635523041e-06,calm
2014-12-30,8.557082674234244e-05,9.05043589606688e-06,calm
2014-12-31,8.108276415385104e-05,2.385971418313836e-05,calm
2015-01-02,8.502242829699008e-05,8.393689872199112e-05,calm
2015-01-05,7.707490993254617e-05,7.000254995995878e-05,calm
2015-01-06,0.00010673647622043372,0.0001109926003666,calm
2015-01-07,0.00010641883891694048,8.179144119369233e-05,calm
2015-01-08,0.00011056475186580015,7.158324341611025e-05,calm
2015-01-09,0.00013006691409386516,6.252698796162382e-05,calm
2015-01-12,0.00012414169721887113,6.71807652791036e-05,calm
2015-01-13,0.00011862556740311737,0.000218888303089,calm
2015-01-14,0.00010760151399760978,0.0001470620047225,calm
2015-01-15,0.00010128881553239996,0.0001033176826294,calm
2015-01-16,0.00010110099233085883,6.435800111118137e-05,calm
2015-01-20,0.0001075354845971587,8.369506291613243e-05,calm
2015-01-21,9.701279474922484e-05,0.0001001386955847,calm
2015-01-22,8.965325674150733e-05,6.104666075791229e-05,calm
2015-01-23,0.00010230727135271415,2.490976373588993e-05,calm
2015-01-26,9.592685002610071e-05,3.0057934203207617e-05,calm
2015-01-27,8.690684681289472e-05,0.0001025980177656,calm
2015-01-28,9.84986950891276e-05,9.283647280670598e-05,calm
2015-01-29,0.00010760853373554178,8.760700992406689e-05,calm
2015-01-30,0.0001047310908900748,9.797752443947122e-05,calm
2015-02-02,0.00011238035159244719,0.0001178237333231,calm
2015-02-03,0.00011559625702175643,8.8596027653597e-05,calm
2015-02-04,0.0001239254036395114,6.655153789020657e-05,calm
2015-02-05,0.00011306687076762232,3.3972660537892096e-05,calm
2015-02-06,0.00011111880226443776,4.128598070560855e-05,calm
2015-02-09,0.00010101606811576121,3.361651919556129e-05,calm
2015-02-10,9.363312081473879e-05,3.876286406392712e-05,calm
2015-02-11,9.518537726652106e-05,2.78865150141242e-05,calm
2015-02-12,8.591070499635141e-05,2.6327285900889857e-05,calm
2015-02-13,8.634063238369306e-05,1.0438278218809913e-05,calm
2015-02-17,7.948785872312008e-05,1.5039672661446071e-05,calm
2015-02-18,7.22266898026199e-05,1.9164217712056792e-05,calm
2015-02-19,6.573952606297916e-05,2.0193230038117703e-05,calm
2015-02-20,6.016870427878467e-05,2.066686457517161e-05,calm
2015-02-23,5.825746494048085e-05,1.1293218266957847e-05,calm
2015-02-24,5.347103284076493e-05,1.0162144445371092e-05,calm
2015-02-25,4.9777822231869e-05,1.0110770873164508e-05,calm
2015-02-26,4.615786435999327e-05,1.9689896972825748e-05,calm
2015-02-27,4.308060219431704e-05,1.2043023486016288e-05,calm
2015-03-02,4.172108122851318e-05,7.116018987448756e-06,calm
2015-03-03,4.244849452357994e-05,2.5070915753435683e-05,calm
2015-03-04,4.181874771401669e-05,4.459268149640231e-05,calm
2015-03-05,4.137543118245987e-05,1.2745205479720943e-05,calm
2015-03-06,3.8621257190872686e-05,5.4549013368688246e-05,calm
2015-03-09,5.906523237645108e-05,1.5063698040724552e-05,calm
2015-03-10,5.55397621580503e-05,7.056664450321935e-05,calm
2015-03-11,8.105927535804798e-05,3.489358340088534e-05,calm
2015-03-12,7.424842113156503e-05,4.255188558676436e-05,calm
2015-03-13,8.302783590283446e-05,4.969189725334651e-05,calm
2015-03-16,7.98102440995545e-05,2.7444917209027167e-05,calm
2015-03-17,8.957343760993712e-05,3.480892587259122e-05,calm
2015-03-18,8.214968628758694e-05,0.00011055279768,calm
2015-03-19,8.82112894594039e-05,3.058922211959946e-05,calm
2015-03-20,8.241443052814555e-05,4.436875030335914e-05,calm
2015-03-23,7.61676833478924e-05,1.395834852779248e-05,calm
2015-03-24,6.979591984364521e-05,2.033429525534712e-05,calm
2015-03-25,6.75420396985118e-05,4.7134516609593225e-05,calm
2015-03-26,8.610623077355708e-05,7.630798995416656e-05,calm
2015-03-27,7.874057260127879e-05,3.439986511001091e-05,calm
2015-03-30,7.176119801079856e-05,4.181476622511771e-05,calm
2015-03-31,7.95058073195128e-05,5.419297446997972e-05,calm
2015-04-01,8.114253132532373e-05,2.5949141038844264e-05,calm
2015-04-06,7.524657555386043e-05,1.959745779644124e-05,calm
2015-04-07,7.241735082454886e-05,5.159969699934312e-05,calm
2015-04-08,6.69284089667634e-05,3.572380251355154e-05,calm
2015-04-09,6.193739042567012e-05,8.039501302828337e-06,calm
2015-04-13,5.829582456615658e-05,2.765794121412613e-05,calm
2015-04-14,5.615268791099669e-05,2.0081054133730803e-05,calm
2015-04-15,5.181424885437946e-05,1.6663525728630253e-05,calm
2015-04-16,4.9454817739686774e-05,5.788914854298128e-05,calm
2015-04-20,4.5779048529896684e-05,2.051603514893473e-05,calm
2015-04-21,5.0278868796879825e-05,2.10586152275771e-05,calm
2015-04-22,4.6747465387245313e-05,2.4385842428039166e-05,calm
2015-04-23,4.537309219914055e-05,1.0717125546176991e-05,calm
2015-04-27,4.254903457905596e-05,4.1520945459929736e-05,calm
2015-04-28,4.196129935044493e-05,4.38421116345614e-05,calm
2015-04-29,3.987569343620091e-05,4.952650378701195e-05,calm
2015-04-30,3.956815697231726e-05,4.525073403299557e-05,calm
2015-05-04,4.886695126097295e-05,3.256789883624878e-05,calm
2015-05-05,4.577368930250375e-05,8.591818382940415e-05,calm
2015-05-06,5.771302593114912e-05,3.141407626793183e-05,calm
2015-05-07,5.5192928135957985e-05,7.568705464551436e-05,calm
2015-05-11,5.2028522248728316e-05,6.69658147591283e-05,calm
2015-05-12,5.089736494595466e-05,4.468006802821108e-05,calm
2015-05-13,4.825289234234107e-05,3.0107705704906043e-05,calm
2015-05-14,4.4665455341835573e-05,1.1470029429009245e-05,calm
2015-05-18,5.180664868259201e-05,9.760751055191765e-06,calm
2015-05-19,4.849298071805685e-05,1.754118763974536e-05,calm
2015-05-20,4.494181310032085e-05,7.831418272656655e-06,calm
2015-05-21,4.190228899488804e-05,1.0952655989474126e-05,calm
2015-05-26,3.969175839677928e-05,1.6205064646370083e-05,calm
2015-05-27,5.0591023229047514e-05,1.9273192356801182e-05,calm
2015-05-28,5.514955842940565e-05,2.867199437149248e-05,calm
2015-06-01,5.098367570601292e-05,3.07227423688792e-05,calm
2015-06-02,4.730752009544392e-05,1.89164373129325e-05,calm
2015-06-03,4.4063580094500174e-05,4.535150293478719e-05,calm
2015-06-04,4.1468078509883026e-05,3.431814101928034e-05,calm
2015-06-08,4.715682308463626e-05,2.216471795533316e-05,calm
2015-06-09,4.833804359963363e-05,3.8922308277426926e-05,calm
2015-06-10,4.47729666291217e-05,1.979400300688283e-05,calm
2015-06-11,5.533216265996944e-05,2.659360208940352e-05,calm
2015-06-15,5.164962830499925e-05,2.778301017712598e-05,calm
2015-06-16,5.0042848689973794e-05,4.115871305973063e-05,calm
2015-06-17,4.879480682605069e-05,3.1951916864025484e-05,calm
2015-06-18,4.5270930059237896e-05,1.1177589964287142e-05,calm
2015-06-22,5.2196959584216286e-05,1.04942336501249e-05,calm
2015-06-23,5.0344104658487454e-05,1.428193517801018e-05,calm
2015-06-24,4.650269569821047e-05,1.679771930681694e-05,calm
2015-06-25,4.947623586506603e-05,2.311201029177642e-05,calm
2015-06-29,4.704874154498186e-05,8.090298160519314e-05,calm
2015-06-30,9.286961704171817e-05,5.972962644847797e-05,calm
2015-07-01,8.402069182354582e-05,2.145616968626627e-05,calm
2015-07-06,8.193306935722205e-05,8.967051896085895e-05,calm
2015-07-07,7.539065605219312e-05,8.680027755391248e-05,calm
2015-07-08,7.199598548441947e-05,0.000172045206542,calm
2015-07-09,9.715420880511218e-05,0.0001261474397335,calm
2015-07-13,8.774959789008223e-05,5.898326706894606e-06,calm
2015-07-14,9.084551871452128e-05,1.3534406511731926e-05,calm
2015-07-15,8.360876719129151e-05,1.564003693775467e-05,calm
2015-07-16,7.580923517265387e-05,5.875470183850092e-06,calm
2015-07-20,7.475125803799562e-05,1.061416362282411e-05,calm
2015-07-21,6.797655990964346e-05,1.8905256365101385e-05,calm
2015-07-22,6.408258581510884e-05,1.5986097328116113e-05,calm
2015-07-23,5.9148703842501395e-05,1.988811303397917e-05,calm
2015-07-27,5.8173943228429024e-05,2.887604567525071e-05,calm
2015-07-28,5.755544028499716e-05,2.023068219141375e-05,calm
2015-07-29,6.715088309066599e-05,2.099638299948244e-05,calm
2015-07-30,6.550838370279917e-05,1.4739562498244244e-05,calm
2015-08-03,5.986801245714831e-05,2.3256507331030107e-05,calm
2015-08-04,5.645918854209091e-05,4.158276992357377e-05,calm
2015-08-05,5.252935949835653e-05,2.929247898906699e-05,calm
2015-08-06,4.926755639306761e-05,3.3186791116096485e-05,calm
2015-08-10,5.346684358584765e-05,6.761660146297476e-05,calm
2015-08-11,6.43135537909869e-05,0.0001146473412212,calm
2015-08-12,6.827670253581696e-05,4.1283068586028896e-05,calm
2015-08-13,6.233836980725707e-05,1.654905366488865e-05,calm
2015-08-17,5.738818846526479e-05,1.3557625861417415e-05,calm
2015-08-18,5.541015629898759e-05,9.018282192045208e-05,calm
2015-08-19,5.2180540161680364e-05,0.0001152339791299,calm
2015-08-20,5.549983064673574e-05,0.0002313861763627,calm
2015-08-24,9.938310334204612e-05,0.0007348025234109,calm
2015-08-25,0.00029544662329395084,0.0008079402565357,calm
2015-08-26,0.0002765801607771024,0.0003596786887537,calm
2015-08-27,0.0003972661736698275,9.132358953607384e-05,calm
2015-08-31,0.00041216082400901435,0.0005039922901797,calm
2015-09-01,0.0003695318045734088,0.0002116034331781,calm
2015-09-02,0.0004294603225459873,9.859737401033296e-05,calm
2015-09-03,0.0004136689521903803,0.0002072764213693,calm
2015-09-08,0.00036290579594295386,0.0001241085372017,calm
2015-09-09,0.00038399493749212736,7.67793517954313e-05,calm
2015-09-10,0.000358604938333098,6.484227262160301e-05,calm
2015-09-14,0.00031781477273679684,3.1016293334707526e-05,calm
2015-09-15,0.0002815743163408943,3.515371948414369e-05,calm
2015-09-16,0.00026362068390424194,0.0001636573230986,calm
2015-09-17,0.00023961251793121904,0.0001854841024235,calm
2015-09-21,0.00021221233961341186,0.0001710237907088,calm
2015-09-22,0.0001898136202867874,5.734748391249309e-05,calm
2015-09-23,0.00018811251711769384,0.0001090146184684,calm
2015-09-24,0.00016685635259456493,0.000107031304058,calm
2015-09-28,0.00014964176511963735,0.0001396604009636,calm
2015-09-29,0.00020684442407391693,0.0002236902304275,calm
2015-09-30,0.00018294263609134392,0.0001301955432231,calm
2015-10-01,0.0001974370911625478,0.0002867937749064,calm
2015-10-05,0.00017523200474374868,4.6635916715215616e-05,calm
2015-10-06,0.00018743185081046372,8.970934433972721e-05,calm
2015-10-07,0.00016769652932514912,5.056069266027188e-05,calm
2015-10-08,0.00015517946778101507,2.8545146237442994e-05,calm
2015-10-12,0.0001457029004652099,3.782593237155144e-05,calm
2015-10-13,0.00012955622095872892,4.69489801271934e-05,calm
2015-10-14,0.00012051151755567387,2.882521131682417e-05,calm
2015-10-15,0.00011058803474899577,2.62763611867428e-05,calm
2015-10-19,0.00012275876137926312,2.542504280458696e-05,calm
2015-10-20,0.00010952142591363316,5.582778529318999e-05,calm
2015-10-21,9.828668661565753e-05,5.869748797843458e-05,calm
2015-10-22,9.309274492928675e-05,7.240403077354259e-05,calm
2015-10-26,0.00011265119647215802,1.4609866583404836e-05,calm
2015-10-27,0.0001017017829254838,3.436664180704787e-05,calm
2015-10-28,9.182270608587526e-05,8.854540411661334e-05,calm
2015-10-29,9.534162449597801e-05,2.3174636266700817e-05,calm
2015-10-30,8.575610578604423e-05,2.8544039185409207e-05,calm
2015-11-02,7.979981297128907e-05,1.767918118623745e-05,calm
2015-11-03,8.595496759519502e-05,2.3385037435400788e-05,calm
2015-11-04,7.80688396748512e-05,3.774662625980252e-05,calm
2015-11-05,7.193071186485296e-05,3.409690389583703e-05,calm
2015-11-06,6.543665330571602e-05,3.64143064660928e-05,calm
2015-11-09,5.962614917437781e-05,5.798645347761676e-05,calm
2015-11-10,6.5211671554299e-05,3.024721906389688e-05,calm
2015-11-11,5.9697532982321656e-05,2.238476663228424e-05,calm
2015-11-12,5.669083731747413e-05,7.627674966536796e-05,calm
2015-11-13,7.515125713302425e-05,4.4508000640044246e-05,calm
2015-11-16,8.318818508796572e-05,5.117436841654664e-05,calm
2015-11-17,9.836852879474854e-05,5.661560122017896e-05,calm
2015-11-18,8.842598278676266e-05,5.0406961164692486e-05,calm
2015-11-19,0.00010502810663385098,2.157341214131059e-05,calm
2015-11-20,9.42656805834383e-05,3.239403048710993e-05,calm
2015-11-23,8.578166500918391e-05,1.880805872806001e-05,calm
2015-11-24,7.761574186561501e-05,4.270956238367367e-05,calm
2015-11-25,7.02773671049151e-05,1.0244684804753443e-05,calm
2015-11-27,6.384092276505527e-05,6.171518430109994e-06,calm
2015-11-30,5.821851660639904e-05,1.957495992814094e-05,calm
2015-12-01,5.563920853871697e-05,3.872522470796115e-05,calm
2015-12-02,5.9865357033202126e-05,2.703080286992145e-05,calm
2015-12-03,6.735328935479933e-05,7.105816453554806e-05,calm
2015-12-04,8.449083934381813e-05,7.14316777294948e-05,calm
2015-12-07,0.00011501232831372464,6.567393151636108e-05,calm
2015-12-08,0.00010745240755398837,0.0001643245333882,calm
2015-12-09,0.00010189277504717891,0.0001100129823886,calm
2015-12-10,9.887013751512982e-05,6.100504190334813e-05,calm
2015-12-11,8.918160572779854e-05,0.0001346940374665,calm
2015-12-14,0.00012428998100592323,0.00015360914132,calm
2015-12-15,0.00011308829341797682,0.0001125688262275,calm
2015-12-16,0.00011192949049520742,9.666742574173168e-05,calm
2015-12-17,0.00012163278592669798,8.192657358252532e-05,calm
2015-12-18,0.00013606881991069661,9.51357847561858e-05,calm
2015-12-21,0.00018676780702083436,7.86601826649533e-05,calm
2015-12-22,0.0001716781752057837,4.096532059222434e-05,calm
2015-12-23,0.00016006161717734314,3.4114824881032985e-05,calm
2015-12-24,0.00015730411031817434,7.84666718444164e-06,calm
2015-12-28,0.00014006285906567796,2.968548038363876e-05,calm
2015-12-29,0.00012541941131760743,4.030573473272693e-05,calm
2015-12-30,0.00012304786962043536,1.907770174864376e-05,calm
2015-12-31,0.00011609744917530596,4.822906299582498e-05,calm
2016-01-04,0.00011588445003450336,0.0003475967057265,calm
2016-01-05,0.00012676194857818922,6.259653966025944e-05,calm
2016-01-06,0.00011315585011137205,0.000198654600498,calm
2016-01-07,0.00012016125632887462,0.000391136516861,calm
2016-01-08,0.00017452688226641202,0.000176278050225,calm
2016-01-11,0.00016913659108678384,0.0001621050475013,calm
2016-01-12,0.00014991434306496908,0.0001784905990147,calm
2016-01-13,0.00013943719095762893,0.0002053996293201,calm
2016-01-14,0.00019672122175845303,0.0001629029916617,calm
2016-01-15,0.00020140698046082175,0.0005090396458508,calm
2016-01-19,0.0002322450009044784,0.0001999510292112,calm
2016-01-20,0.00020484461308278612,0.0004369341691967,calm
2016-01-21,0.0002006605233537924,0.0002972309481129,calm
2016-01-22,0.00018022718734656942,0.0001823074485602,calm
2016-01-25,0.00020277933957456212,7.110334489338955e-05,calm
2016-01-26,0.00020634995780485963,0.0001283479543495,calm
2016-01-27,0.00020110182300375507,0.0002011773382034,calm
2016-01-28,0.00019208999088396475,0.0002575898176599,calm
2016-01-29,0.00017235718245558297,7.439398758913607e-05,calm
2016-02-01,0.00021391918549852913,0.0001229259695034,calm
2016-02-02,0.00018901479490126066,0.0001200661904025,calm
2016-02-03,0.00020551972228594883,0.0002759621865031,calm
2016-02-04,0.00018495100291462951,0.0001841001755638,calm
2016-02-05,0.0001638552630725185,0.0001420476696324,calm
2016-02-08,0.0001879625726436579,0.0002934881269109,calm
2016-02-09,0.00018793901818351115,0.0002971805305516,calm
2016-02-10,0.00016636572583309656,0.0001650259148464,calm
2016-02-11,0.00014773559285429606,0.0003050485690708,calm
2016-02-12,0.00015146647361369002,9.697953334838142e-05,calm
2016-02-16,0.00017808651693941436,9.253123120172068e-05,calm
2016-02-17,0.00018672541708049617,7.345017607891506e-05,calm
2016-02-18,0.00019237824825303965,4.345827023892125e-05,calm
2016-02-19,0.00017253474712402328,7.005928639747945e-05,calm
2016-02-22,0.00015304174818655422,6.738230272399365e-05,calm
2016-02-23,0.000157060183883141,4.971556115204992e-05,calm
2016-02-24,0.000158508346838427,0.0001864575596965,calm
2016-02-25,0.0001425382634297288,6.79098782657836e-05,calm
2016-02-26,0.00014139112400565626,5.540742603638752e-05,calm
2016-02-29,0.00012663398912211442,4.7940565230281686e-05,calm
2016-03-01,0.00012055784018913607,6.451451364451791e-05,calm
2016-03-02,0.00016423995359102558,4.259606019457212e-05,calm
2016-03-03,0.00014749682758201222,2.813022093495985e-05,calm
2016-03-04,0.00013243860751423265,4.067005682244326e-05,calm
2016-03-07,0.00011884851750625203,5.02982820512186e-05,calm
2016-03-08,0.00010615745752572066,7.152064183856905e-05,calm
2016-03-09,0.00010946573330410263,5.711394194005908e-05,calm
2016-03-10,0.00010011579335011087,0.0001108592660354,calm
2016-03-11,8.980089792290172e-05,6.088452803210438e-05,calm
2016-03-14,0.00010715430515067874,1.9523287153762725e-05,calm
2016-03-15,9.632045720145583e-05,3.280544571710374e-05,calm
2016-03-16,8.700502796369803e-05,7.381907468114597e-05,calm
2016-03-17,8.141103211172277e-05,2.3334689487523533e-05,calm
2016-03-18,7.719676347546756e-05,2.6033392850482152e-05,calm
2016-03-21,7.012277612136275e-05,1.7468989082001204e-05,calm
2016-03-22,6.37021952173799e-05,2.669990715551444e-05,calm
2016-03-23,5.81141863809093e-05,2.1925105581518555e-05,calm
2016-03-24,5.873950113662113e-05,3.5851081366079726e-05,calm
2016-03-28,5.377405968397121e-05,3.098773887192196e-05,calm
2016-03-29,4.9336159489071665e-05,3.053630842750358e-05,calm
2016-03-30,5.389488336315862e-05,1.3936812466787365e-05,calm
2016-03-31,5.112393687046362e-05,5.147102759432783e-05,calm
2016-04-04,4.7999955374733344e-05,6.338468503713788e-05,calm
2016-04-05,4.587617964899488e-05,3.0698608894802305e-05,calm
2016-04-06,5.4768688582436866e-05,5.9753725949703646e-05,calm
2016-04-07,6.20838043660652e-05,4.637886268112605e-05,calm
2016-04-11,7.391441872800593e-05,3.769505476020507e-05,calm
2016-04-12,6.780714574792573e-05,3.367539253759674e-05,calm
2016-04-13,7.008378989547711e-05,1.6329533830857807e-05,calm
2016-04-14,7.363106938970511e-05,6.107152945766287e-06,calm
2016-04-18,6.6700056033203e-05,1.9993444718168988e-05,calm
2016-04-19,6.529164234208382e-05,1.539927628077866e-05,calm
2016-04-20,6.0189721318085796e-05,2.387373502035176e-05,calm
2016-04-21,5.499794480240533e-05,2.225833913960886e-05,calm
2016-04-25,5.4275199183619635e-05,1.7190182830015948e-05,calm
2016-04-26,5.036398147957934e-05,3.063169312104193e-05,calm
2016-04-27,4.651173410989215e-05,3.651301695319627e-05,calm
2016-04-28,4.33066778868344e-05,5.225404484822984e-05,calm
2016-05-02,5.0456146337646434e-05,5.191005827525416e-05,calm
2016-05-03,5.2548115772465276e-05,3.552153073316082e-05,calm
2016-05-04,5.770016103682733e-05,3.409785668149905e-05,calm
2016-05-05,5.6870164422644665e-05,4.29750103538936e-05,calm
2016-05-09,5.2126850170305814e-05,2.063405173790372e-05,calm
2016-05-10,4.79557139065459e-05,2.237954881538937e-05,calm
2016-05-11,5.9790367442557814e-05,4.735015674101967e-05,calm
2016-05-12,6.538327596284892e-05,3.3621252411176184e-05,calm
2016-05-16,5.9493111565824085e-05,3.562929499965157e-05,calm
2016-05-17,6.391015463317034e-05,9.16463168028948e-05,calm
2016-05-18,6.892055043660446e-05,6.468078727679216e-05,calm
2016-05-19,6.257533575278475e-05,2.623228100710626e-05,calm
2016-05-23,5.877531987815392e-05,2.789230712825456e-05,calm
2016-05-24,5.412177933957114e-05,2.2423190213003367e-05,calm
2016-05-25,6.651717584777407e-05,1.1679147765112862e-05,calm
2016-05-26,6.4786567022608e-05,8.904894900733696e-06,calm
2016-05-31,5.898982177462683e-05,2.956508778975588e-05,calm
2016-06-01,5.4571263067001576e-05,1.801140354708861e-05,calm
2016-06-02,5.0348079404676336e-05,3.529406331157628e-05,calm
2016-06-06,4.710580794820877e-05,6.753289771714669e-06,calm
2016-06-07,4.5861073264010297e-05,1.0233005694294088e-05,calm
2016-06-08,4.2600572361575655e-05,1.98808902235397e-05,calm
2016-06-09,4.045790516806243e-05,3.8341849816767207e-05,calm
2016-06-13,3.814191031526341e-05,3.885858617657656e-05,calm
2016-06-14,4.323625736166594e-05,2.430816530778107e-05,calm
2016-06-15,4.085278540466056e-05,5.508774344729761e-05,calm
2016-06-16,3.849337496931779e-05,2.960091348099072e-05,calm
2016-06-20,3.6715301529172484e-05,2.3581708539552984e-05,calm
2016-06-21,3.8349193875375675e-05,2.5795354756515714e-05,calm
2016-06-22,3.650357097273971e-05,3.4166858198260447e-05,calm
2016-06-23,3.4794064237564296e-05,0.0006284184050862,calm
2016-06-27,4.98672156760753e-05,8.358302692898736e-05,calm
2016-06-28,8.412458615419534e-05,6.329879997328406e-05,calm
2016-06-29,0.0001094358243167406,3.438876799265057e-05,calm
2016-06-30,0.00012776284379745342,1.5139825171255358e-05,calm
2016-07-05,0.00013262911501551083,4.77397963307738e-05,calm
2016-07-06,0.00012443683000559847,2.9502306145696484e-05,calm
2016-07-07,0.0001140192259824385,1.534174700728773e-05,calm
2016-07-11,0.00010182005840082055,3.135653845505276e-05,calm
2016-07-12,9.211415676264076e-05,1.3150336227977444e-05,calm
2016-07-13,8.769316291157869e-05,2.7210435858482568e-05,calm
2016-07-14,7.889493642102625e-05,1.1151789583542314e-05,calm
2016-07-18,7.402050628239907e-05,6.950281161817598e-06,calm
2016-07-19,6.747257616586828e-05,5.1183205331206256e-06,calm
2016-07-20,6.151416131367376e-05,1.1359397135156038e-05,calm
2016-07-21,5.752596869377752e-05,6.998118488551874e-06,calm
2016-07-25,5.46489790047501e-05,2.029149116150981e-05,calm
2016-07-26,5.124814893276669e-05,2.297246028335027e-05,calm
2016-07-27,4.711407392283507e-05,2.396518086269989e-05,calm
2016-07-28,4.3787435623064516e-05,1.605941703878963e-05,calm
2016-08-01,4.065089639755634e-05,2.487293884826826e-05,calm
2016-08-02,3.80735978476826e-05,1.1804944741306884e-05,calm
2016-08-03,4.106746013482633e-05,1.1243968837289251e-05,calm
2016-08-04,3.889456133474686e-05,9.667065320642549e-06,calm
2016-08-08,3.638107847075198e-05,5.1507033654786015e-06,calm
2016-08-09,3.4291703301640674e-05,1.0564564637076138e-05,calm
2016-08-10,3.232828708878937e-05,1.1655439447779651e-05,calm
2016-08-11,3.162902849930957e-05,5.264460706917094e-06,calm
2016-08-15,3.193433864602289e-05,1.1543003686773754e-05,calm
2016-08-16,3.0902906887727807e-05,1.643444292619871e-05,calm
2016-08-17,3.304802295777695e-05,6.159094914011146e-06,calm
2016-08-18,3.1445525802150295e-05,1.4103673472250133e-05,calm
2016-08-22,3.0172086971498862e-05,6.627962136852071e-06,calm
2016-08-23,2.8750748549626453e-05,1.071380553792379e-05,calm
2016-08-24,2.7726907927233818e-05,1.5375372156370595e-05,calm
2016-08-25,3.0221627700549908e-05,3.758426645531877e-05,calm
2016-08-29,2.8906610807585436e-05,1.4056886819698014e-05,calm
2016-08-30,2.9817061768359016e-05,1.26924698803353e-05,calm
2016-08-31,2.8915020940746313e-05,2.4379186421612232e-05,calm
2016-09-01,2.8879157905469915e-05,1.4669019832483964e-05,calm
2016-09-06,2.7575424253355407e-05,7.12813414680022e-06,calm
2016-09-07,2.7135274561250654e-05,8.7164287313989e-06,calm
2016-09-08,2.605852031689948e-05,4.4102584875997005e-05,calm
2016-09-12,2.5967996996005533e-05,9.403217173237495e-05,calm
2016-09-13,4.671900130227202e-05,4.682864722911128e-05,calm
2016-09-14,6.882221777425863e-05,3.725055788990922e-05,calm
2016-09-15,6.226238428600919e-05,4.274386051782572e-05,calm
2016-09-19,6.668958557895113e-05,1.951401243251184e-05,calm
2016-09-20,6.03773506853952e-05,3.346809913478899e-05,calm
2016-09-21,5.494469016339952e-05,2.320596239394876e-05,calm
2016-09-22,6.3133813174531e-05,1.1696005493721547e-05,calm
2016-09-26,6.107977187909126e-05,2.464059425376755e-05,calm
2016-09-27,6.403521397250365e-05,2.301518124293408e-05,calm
2016-09-28,6.17474161763029e-05,4.629919727047816e-05,calm
2016-09-29,5.834744616870421e-05,3.082941526653865e-05,calm
2016-10-03,6.362931059373034e-05,4.3308781808249256e-05,calm
2016-10-04,5.8726045615317865e-05,1.2280211270317902e-05,calm
2016-10-05,5.7087589358192136e-05,1.774025656547172e-05,calm
2016-10-06,5.3816245037319456e-05,2.74157941623287e-05,calm
2016-10-10,4.926099834620611e-05,3.422516253398621e-05,calm
2016-10-11,4.777707754741877e-05,1.8305628748461104e-05,calm
2016-10-12,6.37647063456583e-05,3.793605936238357e-05,calm
2016-10-13,5.796008791464389e-05,2.6476063796525742e-05,calm
2016-10-17,5.4475252380959064e-05,1.6656376574742825e-05,calm
2016-10-18,5.162232099190164e-05,7.419008937437337e-06,calm
2016-10-19,5.1071508046703576e-05,2.933646960425307e-05,calm
2016-10-20,4.740503638883879e-05,2.0314790640537784e-05,calm
2016-10-24,4.433086763712708e-05,1.0436957101181183e-05,calm
2016-10-25,4.2596868845256066e-05,2.291962845320422e-05,calm
2016-10-26,4.119776314343831e-05,2.2815251791584925e-05,calm
2016-10-27,3.9006728062318135e-05,5.8803994148997966e-05,calm
2016-10-31,3.752274365367784e-05,1.4053857553146364e-05,calm
2016-11-01,3.5111084873492006e-05,3.538076805489435e-05,calm
2016-11-02,3.984211882206828e-05,4.398327123570008e-05,calm
2016-11-03,4.19290127752745e-05,1.825675463840205e-05,calm
2016-11-04,4.1828887295378894e-05,3.1676612866815504e-05,calm
2016-11-07,3.910974318730363e-05,5.81788346196305e-05,calm
2016-11-08,8.791964604928266e-05,3.161488857989053e-05,calm
2016-11-09,8.057753485491569e-05,0.0001216853112382,calm
2016-11-10,8.382400741243215e-05,0.0001126297926288,calm
2016-11-11,7.571853499717789e-05,3.143515896113161e-05,calm
2016-11-14,6.917959305726112e-05,2.735145203620469e-05,calm
2016-11-15,6.263230035418363e-05,1.11279623108643e-05,calm
2016-11-16,6.283765834147439e-05,1.4536616204313543e-05,calm
2016-11-17,5.777461779732298e-05,6.825718147760081e-06,calm
2016-11-18,5.510549276029165e-05,9.493052843207066e-06,calm
2016-11-21,5.1270813618631265e-05,9.257212610933407e-06,calm
2016-11-22,5.256661459209004e-05,8.50623113178578e-06,calm
2016-11-23,4.843232267122735e-05,7.503065640927057e-06,calm
2016-11-25,4.461035366470835e-05,1.993045388154618e-06,calm
2016-11-28,4.241777955719518e-05,9.72092895238111e-06,calm
2016-11-29,4.246138668020329e-05,9.150174039960871e-06,calm
2016-11-30,3.963913800756968e-05,2.8017222821861937e-05,calm
2016-12-01,3.7922413058059694e-05,2.1306747519352884e-05,calm
2016-12-02,3.745668287978621e-05,1.4623593397839818e-05,calm
2016-12-05,3.505011997014942e-05,8.43231556667906e-06,calm
2016-12-06,3.633290996330323e-05,8.861215550129153e-06,calm
2016-12-07,3.4851165128904185e-05,2.268667047760707e-05,calm
2016-12-08,5.032284467467937e-05,1.6155961444061298e-05,calm
2016-12-09,4.6638193498757026e-05,8.397497332696216e-06,calm
2016-12-12,4.640925086768281e-05,1.4526868952010185e-05,calm
2016-12-13,4.315616618583749e-05,1.5207222411221524e-05,calm
2016-12-14,4.420004582634336e-05,7.82849558983664e-05,calm
2016-12-15,4.9682756382974086e-05,2.869014108279807e-05,calm
2016-12-16,4.710765667590172e-05,2.1016833261276737e-05,calm
2016-12-19,5.1311295056864247e-05,9.537053552497278e-06,calm
2016-12-20,4.7395035551611394e-05,8.155500508814728e-06,calm
2016-12-21,4.492605459428553e-05,3.81966704921707e-06,calm
2016-12-22,4.2787174317742866e-05,6.424925463570126e-06,calm
2016-12-23,4.026343465854503e-05,2.609473286644902e-06,calm
2016-12-27,3.758906879741949e-05,5.589826606184361e-06,calm
2016-12-28,3.5586004587717204e-05,1.2391144492659291e-05,calm
2016-12-29,4.2187576513397806e-05,1.1561926881236435e-05,calm
2016-12-30,3.922408578425767e-05,2.2035693328963653e-05,calm
2017-01-03,3.8548938916469696e-05,3.530082554881368e-05,calm
2017-01-04,4.164488039254237e-05,1.3258026097284536e-05,calm
2017-01-05,4.195517288301528e-05,1.178482830740815e-05,calm
2017-01-06,3.915158564433847e-05,1.4969657392208488e-05,calm
2017-01-09,3.754867006183397e-05,8.063359033437074e-06,calm
2017-01-10,3.677273659607519e-05,1.2563080178720623e-05,calm
2017-01-11,3.447050321358811e-05,2.8820522383153456e-05,calm
2017-01-12,3.301972484354029e-05,2.3747477731196367e-05,calm
2017-01-13,3.220740668638477e-05,8.459343076259831e-06,calm
2017-01-17,3.0799784488055504e-05,9.541272883018732e-06,calm
2017-01-18,3.108130128130108e-05,1.115529785092641e-05,calm
2017-01-19,2.9778054984148645e-05,1.5401237970675128e-05,calm
2017-01-20,3.0352768818480975e-05,2.0624291935011244e-05,calm
2017-01-23,2.993178196806765e-05,1.831288575416317e-05,calm
2017-01-24,2.9555465173510294e-05,7.742267073350394e-06,calm
2017-01-25,3.2006480580917846e-05,8.639567067979128e-06,calm
2017-01-26,3.7633279444595546e-05,8.716921054753547e-06,calm
2017-01-27,3.542677744065874e-05,6.599146181684205e-06,calm
2017-01-30,3.3725060397927565e-05,2.007743604567609e-05,calm
2017-01-31,3.6885568797725e-05,1.7117882252420035e-05,calm
2017-02-01,3.453356766696576e-05,2.058079775677697e-05,calm
2017-02-02,3.2444229107820365e-05,1.6156560255120758e-05,calm
2017-02-03,3.0621013109748466e-05,8.04652559173343e-06,calm
2017-02-06,3.3561009195217835e-05,6.24749500737074e-06,calm
2017-02-07,3.2195079416254544e-05,7.596372125171352e-06,calm
2017-02-08,3.0420515782061853e-05,1.2176839872403404e-05,calm
2017-02-09,2.8910033447472754e-05,6.330125180114206e-06,calm
2017-02-10,3.0791639476429346e-05,4.6908385960384204e-06,calm
2017-02-13,3.0460830193268707e-05,4.917305478029624e-06,calm
2017-02-14,3.155807431216709e-05,1.079192327125345e-05,calm
2017-02-15,3.1152257897575734e-05,9.0879428334082e-06,calm
2017-02-16,3.19061459893647e-05,2.2197313332101e-05,calm
2017-02-17,3.033743051884948e-05,8.14978238996161e-06,calm
2017-02-21,2.886086348559082e-05,1.115227435658522e-05,calm
2017-02-22,3.072531684367605e-05,6.905035815576451e-06,calm
2017-02-23,2.931062860268015e-05,1.0676083468818336e-05,calm
2017-02-24,2.783756894039932e-05,1.484820825386242e-05,calm
2017-02-27,2.6601503427417688e-05,8.364149569720683e-06,calm
2017-02-28,2.5572177346645102e-05,8.160604373456629e-06,calm
2017-03-01,2.5763772590885097e-05,1.423165281252227e-05,calm
2017-03-02,4.491878678069595e-05,1.4972072555817631e-05,calm
2017-03-03,4.6752620416276996e-05,9.854526728551376e-06,calm
2017-03-06,4.302739626922661e-05,9.354071028511452e-06,calm
2017-03-07,4.1201142345661246e-05,9.59480276521889e-06,calm
2017-03-08,3.961927630965221e-05,1.131798827708678e-05,calm
2017-03-09,3.7486944608991294e-05,1.2186180666889531e-05,calm
2017-03-10,3.503721599195614e-05,1.385892531857754e-05,calm
2017-03-13,3.38116098588678e-05,5.461830069868128e-06,calm
2017-03-14,3.177230380828785e-05,1.4428728694724083e-05,calm
2017-03-15,3.214447207554209e-05,1.845940163264653e-05,calm
2017-03-16,3.758452330688118e-05,1.0412375887641516e-05,calm
2017-03-17,3.576857231416385e-05,6.386087516878014e-06,calm
2017-03-20,3.841427985810571e-05,1.2038693008286105e-05,calm
2017-03-21,3.607987919549473e-05,4.198479801938434e-05,calm
2017-03-22,5.400641087870405e-05,2.873986723295791e-05,calm
2017-03-23,4.9708670378443084e-05,2.6084969089896136e-05,calm
2017-03-24,4.5907161300812685e-05,2.563312425962748e-05,calm
2017-03-27,4.249554332059738e-05,2.173073494206829e-05,calm
2017-03-28,3.962056437104838e-05,1.044726844515106e-05,calm
2017-03-29,4.183930552849311e-05,8.98985543259254e-06,calm
2017-03-30,3.879440488876107e-05,1.17465019184805e-05,calm
2017-04-03,3.689138917169077e-05,1.3100950098603844e-05,calm
2017-04-04,3.504064157786989e-05,3.860427130308475e-05,calm
2017-04-05,3.28429649324125e-05,2.620642750159066e-05,calm
2017-04-06,3.229840593829628e-05,2.020967123305064e-05,calm
2017-04-10,3.1011102897168825e-05,3.173276335396676e-05,calm
2017-04-11,2.931130869844525e-05,2.2844534550322504e-05,calm
2017-04-12,2.8156041372965058e-05,2.38872774601896e-05,calm
2017-04-17,2.9528072150935074e-05,1.841060979573559e-05,calm
2017-04-18,3.566623663476685e-05,1.3064525717148812e-05,calm
2017-04-19,3.4754787991435394e-05,1.2627890397638288e-05,calm
2017-04-20,3.320010120525705e-05,1.4473397003087707e-05,calm
2017-04-24,3.757813713977326e-05,7.227291713214016e-06,calm
2017-04-25,4.703973983789563e-05,2.2241304035310253e-05,calm
2017-04-26,4.632753878422758e-05,1.07626100166163e-05,calm
2017-04-27,4.2809513452646546e-05,8.861551405906131e-06,calm
2017-05-01,3.960261744319508e-05,5.837677226865868e-06,calm
2017-05-02,3.722427230235672e-05,8.218916782662081e-06,calm
2017-05-03,3.47280030390064e-05,1.367521899549252e-05,calm
2017-05-04,3.289346414159967e-05,5.581949847931758e-06,calm
2017-05-08,3.097946156537716e-05,6.504059435629894e-06,calm
2017-05-09,2.931968948889545e-05,4.802453281190964e-06,calm
2017-05-10,2.8048560531650084e-05,1.158952216165951e-05,calm
2017-05-11,2.685789461067181e-05,5.474865980580471e-06,calm
2017-05-15,2.6400141883685713e-05,7.586803050969945e-06,calm
2017-05-16,2.7982511301275127e-05,3.252463044860232e-05,calm
2017-05-17,2.686128691794787e-05,4.333624274918461e-05,calm
2017-05-18,6.363618001277484e-05,1.3441363631925554e-05,calm
2017-05-22,5.906248641113342e-05,5.317225716601514e-06,calm
2017-05-23,5.602486470753435e-05,4.924107547085021e-06,calm
2017-05-24,5.144415038262595e-05,8.541006874870385e-06,calm
2017-05-25,4.751060293672269e-05,3.642491773618956e-06,calm
2017-05-30,4.569093842285009e-05,1.4444833948179025e-05,calm
2017-05-31,4.237369345192834e-05,8.025300491823776e-06,calm
2017-06-01,3.932946594072371e-05,7.170377215055924e-06,calm
2017-06-05,4.2554116193630034e-05,8.525341347402811e-06,calm
2017-06-06,3.959769247663765e-05,8.590761982609548e-06,calm
2017-06-07,3.837669155093065e-05,1.2969702552996304e-05,calm
2017-06-08,3.595027631022354e-05,3.597250411329846e-05,calm
2017-06-12,3.364286217746834e-05,8.019608367875839e-06,calm
2017-06-13,3.168424841868738e-05,2.0436335256390773e-05,calm
2017-06-14,3.1965175434115094e-05,1.664885299917536e-05,calm
2017-06-15,3.051304797787092e-05,1.1202471928335315e-05,calm
2017-06-19,2.955026616106342e-05,1.0224699131574804e-05,calm
2017-06-20,3.463620153287114e-05,1.2921542766538894e-05,calm
2017-06-21,3.8372520163787346e-05,7.233627910287446e-06,calm
2017-06-22,3.580952659232534e-05,8.25680019504135e-06,calm
2017-06-26,3.361132986025235e-05,1.953407818005006e-05,calm
2017-06-27,3.157919123144934e-05,1.6327837153197737e-05,calm
2017-06-28,3.799913517302297e-05,4.7791161373866496e-05,calm
2017-06-29,4.3096933158702086e-05,1.921835107404792e-05,calm
2017-07-05,4.950789376203126e-05,1.999703046341511e-05,calm
2017-07-06,4.578811082658812e-05,9.219661441690568e-06,calm
2017-07-10,5.258882477473812e-05,2.041884303077295e-05,calm
2017-07-11,4.8166939387531635e-05,9.836286466070126e-06,calm
2017-07-12,4.446849299853321e-05,4.753232310690548e-06,calm
2017-07-13,4.634457802718929e-05,4.738712524362805e-06,calm
2017-07-17,4.2845653021153455e-05,8.866225463259536e-06,calm
2017-07-18,3.97003954192197e-05,3.930936263621172e-06,calm
2017-07-19,3.690418834001631e-05,8.155892610920884e-06,calm
2017-07-20,3.703553439660438e-05,4.650471052539611e-06,calm
2017-07-24,3.457213247153999e-05,3.939355455073604e-06,calm
2017-07-25,3.248183148295573e-05,5.843983180511742e-06,calm
2017-07-26,3.0969099353645056e-05,2.626454240835038e-05,calm
2017-07-27,2.9280509864157473e-05,7.675756124414517e-06,calm
2017-07-31,2.800931368470048e-05,6.852959625954329e-06,calm
2017-08-01,2.6787174150952237e-05,1.3243215086709916e-05,calm
2017-08-02,2.5887114906291647e-05,7.124957786695563e-06,calm
2017-08-03,2.478002329158862e-05,7.718977368245543e-06,calm
2017-08-07,2.449155262558163e-05,1.0657166552350724e-05,calm
2017-08-08,2.373679677306299e-05,1.826262794536436e-05,calm
2017-08-09,2.388670781745685e-05,3.068419155357714e-05,calm
2017-08-10,2.3039721726888777e-05,1.6235490524315244e-05,calm
2017-08-14,4.6464131481270384e-05,7.597027387428061e-06,calm
2017-08-15,5.236055287285586e-05,9.602566942447369e-06,calm
2017-08-16,4.7950850040884734e-05,3.21140013636011e-05,calm
2017-08-17,4.423620522715987e-05,2.912622168032675e-05,calm
2017-08-21,6.985698543805069e-05,1.1059448213068393e-05,calm
2017-08-22,6.314685313944973e-05,1.1210745665674774e-05,calm
2017-08-23,6.80319399976841e-05,1.6657840209925543e-05,calm
2017-08-24,6.344731256944513e-05,1.240530735094806e-05,calm
2017-08-28,5.850229091197292e-05,9.14134822030488e-06,calm
2017-08-29,5.33334416198463e-05,7.94708805665742e-06,calm
2017-08-30,4.884730349441484e-05,8.27995494714268e-06,calm
2017-08-31,4.680924764527036e-05,6.812995408461733e-06,calm
2017-09-05,4.636350167079292e-05,7.194976454707857e-06,calm
2017-09-06,4.924820528583523e-05,1.2168437608919624e-05,calm
2017-09-07,4.614218909426472e-05,6.872057016941768e-06,calm
2017-09-11,4.2576695185940545e-05,4.604428305690069e-06,calm
2017-09-12,5.0464126981158705e-05,3.4559374748527843e-06,calm
2017-09-13,4.717085972585911e-05,4.198882458671138e-06,calm
2017-09-14,4.342943309180455e-05,3.5608100012003555e-06,calm
2017-09-18,4.024103992196771e-05,4.386818036639344e-06,calm
2017-09-19,3.7644456520637856e-05,1.0201951351476597e-05,calm
2017-09-20,3.5120353340838504e-05,7.743973112850879e-06,calm
2017-09-21,3.288976661636966e-05,3.481922266008804e-06,calm
2017-09-25,3.207010553953011e-05,6.559197722896502e-06,calm
2017-09-26,3.094421189763267e-05,1.1001876570215672e-05,calm
2017-09-27,2.922226523586554e-05,5.151294935902915e-06,calm
2017-09-28,2.894429152243916e-05,4.896712048314635e-06,calm
2017-10-02,2.751091634925475e-05,4.274704580519075e-06,calm
2017-10-03,2.778724498064926e-05,5.115843528488577e-06,calm
2017-10-04,2.6721942690407337e-05,4.0123077997400185e-06,calm
2017-10-05,2.5548841916195546e-05,4.670294476407286e-06,calm
2017-10-09,2.765695982488094e-05,7.180574169401431e-06,calm
2017-10-10,2.6855014988155844e-05,3.4645731406485937e-06,calm
2017-10-11,2.609058266983516e-05,3.947287258453006e-06,calm
2017-10-12,2.504949913202556e-05,3.566298547099304e-06,calm
2017-10-16,2.4483136241143505e-05,2.342903383090148e-06,calm
2017-10-17,2.3583301140002587e-05,3.0866777809557538e-06,calm
2017-10-18,2.2722554161401585e-05,5.472727319487298e-06,calm
2017-10-19,2.1977986747804156e-05,4.282498494816701e-06,calm
2017-10-23,2.1305812830359925e-05,6.354013627900999e-06,calm
2017-10-24,2.2927604797642878e-05,2.205369649753281e-05,calm
2017-10-25,2.2282933187346324e-05,1.2439427969827716e-05,calm
2017-10-26,2.495458842965551e-05,1.2852335898770177e-05,calm
2017-10-30,2.3950618277662455e-05,1.0190473770679576e-05,calm
2017-10-31,2.504476647337327e-05,3.844075565737857e-06,calm
2017-11-01,2.407340635727115e-05,9.89368395522742e-06,calm
2017-11-02,2.316979958182832e-05,1.6102995433989458e-05,calm
2017-11-03,2.2305584087347384e-05,4.471086574744166e-06,calm
2017-11-06,2.241337839165654e-05,3.08508695023499e-06,calm
2017-11-07,2.1740180363531743e-05,8.325939854062812e-06,calm
2017-11-08,2.1201383164579915e-05,5.652371085663188e-06,calm
2017-11-09,2.069858438561343e-05,2.767443583524494e-05,calm
2017-11-10,2.2064170830014296e-05,6.876456679156106e-06,calm
2017-11-13,2.1374115653054125e-05,4.789063194644555e-06,calm
2017-11-14,2.0697714426936608e-05,1.9274928979575017e-05,calm
2017-11-15,2.100031610757326e-05,2.2325419200682783e-05,calm
2017-11-16,2.3804579151297535e-05,8.051411632137276e-06,calm
2017-11-17,2.985854420135544e-05,5.4455940880412325e-06,calm
2017-11-20,2.9453796237676433e-05,4.597282928434352e-06,calm
2017-11-21,2.790508555589705e-05,4.813483210377632e-06,calm
2017-11-22,3.0377415604514024e-05,2.818742482927139e-06,calm
2017-11-24,2.8787490685781274e-05,1.218059268025056e-06,calm
2017-11-27,2.7515313685640526e-05,4.6620195125725e-06,calm
2017-11-28,2.617382478331552e-05,1.1049063256237762e-05,calm
2017-11-29,3.49993044354566e-05,1.6148250139225744e-05,calm
2017-11-30,3.275345186519164e-05,2.732316514645123e-05,calm
2017-12-01,3.8009822315958085e-05,8.878526153603566e-05,calm
2017-12-04,3.6003505411392934e-05,2.2659116198128083e-05,calm
2017-12-05,3.383302066842262e-05,1.636164890858776e-05,calm
2017-12-06,3.3491561247363405e-05,1.3038106015238966e-05,calm
2017-12-07,3.131017576478429e-05,8.912262992352853e-06,calm
2017-12-08,3.012787743217817e-05,7.157952923588582e-06,calm
2017-12-11,3.0971846664642596e-05,6.28610596713131e-06,calm
2017-12-12,2.974556400789637e-05,6.536597935707063e-06,calm
2017-12-13,2.8166584373636118e-05,1.2149563391690132e-05,calm
2017-12-14,2.667015900653481e-05,1.1651827415373304e-05,calm
2017-12-15,2.7687802014733354e-05,1.2545611847702714e-05,calm
2017-12-18,2.6961863273928936e-05,8.446383803682566e-06,calm
2017-12-19,2.92140202957125e-05,8.499256965557588e-06,calm
2017-12-20,2.9664345221540827e-05,1.3496620660201293e-05,calm
2017-12-21,2.8050265994511164e-05,8.027997619826864e-06,calm
2017-12-22,2.6751867613238816e-05,4.40157794917856e-06,calm
2017-12-26,2.543427048603415e-05,3.030899041887512e-06,calm
2017-12-27,2.453796372451879e-05,2.709995458511272e-06,calm
2017-12-28,2.340774108590197e-05,1.600500283502711e-06,calm
2017-12-29,2.2658179772568585e-05,6.703570866219266e-06,calm
2018-01-02,2.38235751174734e-05,6.614951624958542e-06,calm
2018-01-03,2.7554496923599414e-05,5.71847519323922e-06,calm
2018-01-04,2.9680526665366517e-05,7.308547842727639e-06,calm
2018-01-05,2.9363990185786958e-05,7.888586235726555e-06,calm
2018-01-08,3.1686444231268376e-05,6.09844119244572e-06,calm
2018-01-09,2.9834533664987993e-05,1.0587500304570517e-05,calm
2018-01-10,2.834991840212568e-05,1.1667978354241348e-05,calm
2018-01-11,2.7220533325941742e-05,6.977268385323447e-06,calm
2018-01-12,3.067007945292757e-05,1.0305350153288946e-05,calm
2018-01-16,3.2611606193091834e-05,3.171103484184363e-05,calm
2018-01-17,3.222511190602919e-05,1.7473471234424658e-05,calm
2018-01-18,3.883429604263309e-05,2.141279362261225e-05,calm
2018-01-19,3.647902446335285e-05,1.2927845371988949e-05,calm
2018-01-22,3.557196913215668e-05,1.2361764689323807e-05,calm
2018-01-23,3.924055103063342e-05,1.0516214125313828e-05,calm
2018-01-24,3.653343578510411e-05,3.761788161072697e-05,calm
2018-01-25,3.401399319950446e-05,3.039692870677867e-05,calm
2018-01-26,3.1705317813334835e-05,9.102114425420824e-06,calm
2018-01-29,4.2707913277786644e-05,2.2349371869295257e-05,calm
2018-01-30,4.504404205850985e-05,3.4929776497839115e-05,calm
2018-01-31,5.433686734598421e-05,3.271678149527722e-05,calm
2018-02-01,4.949254490411482e-05,3.341903194596238e-05,calm
2018-02-02,4.558860843588653e-05,7.015573151725725e-05,calm
2018-02-05,9.785632307856104e-05,0.0004551799233295,calm
2018-02-06,0.00030509013289887376,0.0006652118347677,calm
2018-02-07,0.0003086147187906267,0.0001972164402289,calm
2018-02-08,0.00027398888910840725,0.000364028297806,calm
2018-02-09,0.00041640533972004486,0.0006393205842826,calm
2018-02-12,0.00038710702366689633,0.0001658825181395,calm
2018-02-13,0.00036071667812817717,7.113636897879899e-05,calm
2018-02-14,0.00031551035432386774,9.89923055024988e-05,calm
2018-02-15,0.000295084670100158,7.355126662727743e-05,calm
2018-02-16,0.00027527503150684895,7.211206530778424e-05,calm
2018-02-20,0.0002411761377179017,5.786675576998364e-05,calm
2018-02-21,0.00021700143288689455,7.737946210594005e-05,calm
2018-02-22,0.00019413826245545898,9.652090932117766e-05,calm
2018-02-23,0.00017073607120695244,4.30592984360934e-05,calm
2018-02-26,0.00017719026234043367,3.1198675427699144e-05,calm
2018-02-27,0.00016985152259196888,8.018621425927186e-05,calm
2018-02-28,0.00016955511417461754,7.684882115591153e-05,calm
2018-03-01,0.00016270699222395505,0.0002355839938478,calm
2018-03-02,0.0001701606469704256,0.0001190283660968,calm
2018-03-05,0.0001522817673464586,5.8839391575838e-05,calm
2018-03-06,0.00014809528687056696,4.5990117960412656e-05,calm
2018-03-07,0.00013112371971011453,4.697114005697994e-05,calm
2018-03-08,0.00011600818186612061,4.3424621822541743e-05,calm
2018-03-09,0.00010483831421312689,1.431971019703371e-05,calm
2018-03-12,0.00012537380261528627,2.8399877176607223e-05,calm
2018-03-13,0.00011135177613960407,4.9113389469572345e-05,calm
2018-03-14,0.0001045406825169936,6.596320011655736e-05,calm
2018-03-15,9.663534510037521e-05,2.947954790915389e-05,calm
2018-03-16,8.627846156520994e-05,1.8657054776395223e-05,calm
2018-03-19,7.835757876295215e-05,6.32718404727625e-05,calm
2018-03-20,9.35470342592153e-05,3.359572098801225e-05,calm
2018-03-21,8.346778456679934e-05,6.197007099274223e-05,calm
2018-03-22,7.527133735948851e-05,0.0001147312858884,calm
2018-03-23,0.00014450010062491515,0.0001544169488096,calm
2018-03-26,0.0001838805765082725,0.000176556349365,calm
2018-03-27,0.00024268346259225613,0.0002688692630993,calm
2018-03-28,0.000249250894284941,9.621811814917288e-05,calm
2018-04-02,0.00021991709903952046,0.0001788462002333,calm
2018-04-03,0.0002511151490607666,0.0001308391634871,calm
2018-04-04,0.00023727396880386596,8.622249476007186e-05,calm
2018-04-05,0.0002198914728587383,0.000134196094826,calm
2018-04-09,0.00019924585883916742,0.0001106799023618,calm
2018-04-10,0.00017738481235210154,7.535300253347774e-05,calm
2018-04-11,0.00018283307532457826,4.996598321838943e-05,calm
2018-04-12,0.00016487241989888488,6.225191328259691e-05,calm
2018-04-16,0.000152030322103722,1.6500104238470782e-05,calm
2018-04-17,0.00014085128921303996,2.258786574667965e-05,calm
2018-04-18,0.0001361264749120082,3.606030958477396e-05,calm
2018-04-19,0.00012034038312152737,5.216582244584812e-05,calm
2018-04-23,0.00011095562685127465,0.0001407534082741,calm
2018-04-24,9.848011179753352e-05,0.0001005632290713,calm
2018-04-25,0.00011075205753404686,3.784146714232963e-05,calm
2018-04-26,9.870208238630265e-05,3.349606704611639e-05,calm
2018-04-30,9.832493208652223e-05,4.747248022629809e-05,calm
2018-05-01,9.54394565129399e-05,4.787963713161233e-05,calm
2018-05-02,8.514218641980539e-05,0.0001010027703401,calm
2018-05-03,8.221431801365524e-05,4.463663451205776e-05,calm
2018-05-07,7.436530397447894e-05,4.524455803516075e-05,calm
2018-05-08,6.755041983011363e-05,2.9659279793236104e-05,calm
2018-05-09,6.073988337884196e-05,2.010849529280787e-05,calm
2018-05-10,6.434474686247764e-05,2.0617447204891485e-05,calm
2018-05-14,6.680439321949691e-05,3.939174727281433e-05,calm
2018-05-15,6.009483076124267e-05,1.61998087489785e-05,calm
2018-05-16,6.078712460675111e-05,1.980609056514736e-05,calm
2018-05-17,5.6391316643906776e-05,2.127363185940765e-05,calm
2018-05-21,5.1283510628100204e-05,1.421697742964394e-05,calm
2018-05-22,5.217601060430913e-05,2.8522418571391115e-05,calm
2018-05-23,4.870972280965008e-05,3.2755518112654295e-05,calm
2018-05-24,4.492416709275766e-05,1.6197009873600785e-05,calm
2018-05-29,4.189573366397248e-05,2.1225392793408687e-05,calm
2018-05-30,5.5665933405669586e-05,4.003025152578256e-05,calm
2018-05-31,6.908678160571145e-05,2.009443308400909e-05,calm
2018-06-04,6.732130416596824e-05,1.6125956049530178e-05,calm
2018-06-05,6.256476729573738e-05,1.5098667468390588e-05,calm
2018-06-06,5.643735273856847e-05,2.9526820758843683e-05,calm
2018-06-07,5.8065073675115156e-05,1.3072953972051688e-05,calm
2018-06-11,5.258587939298009e-05,8.469779576886225e-06,calm
2018-06-12,4.783888321277733e-05,1.6929324875534576e-05,calm
2018-06-13,4.3707628674917856e-05,1.1211965779949244e-05,calm
2018-06-14,4.171582395767494e-05,2.5513147656398672e-05,calm
2018-06-18,3.876044213202053e-05,2.156809256993061e-05,calm
2018-06-19,3.6567075237006726e-05,8.010943352619005e-06,calm
2018-06-20,3.6125429942810545e-05,3.0362929554109723e-05,calm
2018-06-21,3.361161948229617e-05,1.526536110131513e-05,calm
2018-06-25,3.6781354167143054e-05,2.898905200072649e-05,calm
2018-06-26,5.77283409080738e-05,7.422572422614897e-05,calm
2018-06-27,5.2531117532683966e-05,5.787980432085696e-05,calm
2018-06-28,5.6865811756135135e-05,2.4756918927332547e-05,calm
2018-07-02,5.4535565983326204e-05,1.4196731639339e-05,calm
2018-07-05,4.974672615419084e-05,2.2771367019504736e-05,calm
2018-07-09,5.191932339314794e-05,1.1413431824406982e-05,calm
2018-07-10,5.534505003001402e-05,1.942270107970797e-05,calm
2018-07-11,5.121838313904036e-05,1.653476145784446e-05,calm
2018-07-12,5.383594113147616e-05,9.407491987610213e-06,calm
2018-07-16,5.71215666921414e-05,1.2264668832116362e-05,calm
2018-07-17,5.1958264580511884e-05,5.991402370987766e-06,calm
2018-07-18,4.861649580728509e-05,1.5393012576390907e-05,calm
2018-07-19,4.4600896558107906e-05,9.524884436916564e-06,calm
2018-07-23,4.303934239187884e-05,2.1146940703454864e-05,calm
2018-07-24,3.9678040679578435e-05,2.178914876628423e-05,calm
2018-07-25,3.884862175572273e-05,1.193431253459892e-05,calm
2018-07-26,4.307745378493926e-05,3.067783781486831e-05,calm
2018-07-30,4.052165278344576e-05,1.923819402508662e-05,calm
2018-07-31,4.121490992714701e-05,1.1862521679934258e-05,calm
2018-08-01,4.007589643206756e-05,1.4204832295020936e-05,calm
2018-08-02,3.749651783342811e-05,9.043144868161178e-06,calm
2018-08-06,3.7391678524152786e-05,8.975279272696583e-06,calm
2018-08-07,3.5669205767033526e-05,7.626604472685813e-06,calm
2018-08-08,3.392523752956551e-05,7.5290472724648515e-06,calm
2018-08-09,3.1673201047017514e-05,2.287484759334325e-05,calm
2018-08-13,3.003818576793854e-05,1.7785372736627628e-05,calm
2018-08-14,3.0357843394780844e-05,4.493497828651328e-05,calm
2018-08-15,3.2329993803087073e-05,1.637066864741043e-05,calm
2018-08-16,3.774731474199322e-05,1.750479894701991e-05,calm
2018-08-20,4.135786658198275e-05,8.955606977887712e-06,calm
2018-08-21,3.8280515339928675e-05,9.847143313368516e-06,calm
2018-08-22,3.568888232656026e-05,1.2849475604154614e-05,calm
2018-08-23,3.3241721225314506e-05,8.778607505618296e-06,calm
2018-08-27,3.137724296548049e-05,9.343115575934486e-06,calm
2018-08-28,3.5478594193184423e-05,6.731406980853608e-06,calm
2018-08-29,3.2894184782780135e-05,2.0100691969823984e-05,calm
2018-08-30,3.329000156098668e-05,1.4892996244859516e-05,calm
2018-09-04,3.3496216896848585e-05,3.5053643854095e-05,calm
2018-09-05,3.178695307722062e-05,3.489150337542833e-05,calm
2018-09-06,3.092880827723532e-05,3.814183321768991e-05,calm
2018-09-10,3.0433595554326054e-05,1.472110611614496e-05,calm
2018-09-11,2.865151274055796e-05,2.4884567411449644e-05,calm
2018-09-12,2.7795747981149516e-05,1.2726204387781622e-05,calm
2018-09-13,2.620833475828156e-05,1.2757677608114882e-05,calm
2018-09-17,2.809635844443673e-05,1.4245041404083616e-05,calm
2018-09-18,3.0499756320350797e-05,1.063457610737335e-05,calm
2018-09-19,3.124782375688641e-05,8.311673890179496e-06,calm
2018-09-20,2.9216137050695424e-05,6.777642726152144e-06,calm
2018-09-24,3.3927918926609314e-05,8.021425312253984e-06,calm
2018-09-25,3.330221802884716e-05,2.3740820653048544e-05,calm
2018-09-26,3.124145410278182e-05,9.74386359942428e-06,calm
2018-09-27,3.0673604474423176e-05,1.1656450480853398e-05,calm
2018-10-01,2.9248330703636566e-05,1.5789160675991803e-05,calm
2018-10-02,2.8404597537134445e-05,1.610845094820653e-05,calm
2018-10-03,2.6866281899661027e-05,4.413037786646963e-05,calm
2018-10-04,2.5362936445582508e-05,4.2350197050377066e-05,calm
2018-10-08,3.233444429169502e-05,4.212508379178483e-05,calm
2018-10-09,3.0160275362221522e-05,0.0001483015168757,calm
2018-10-10,2.8711989847765196e-05,0.0003819383668723,calm
2018-10-11,0.00015241660383127998,0.0001981396788324,calm
2018-10-15,0.00019594641624439367,4.6229122638354096e-05,calm
2018-10-16,0.00017598843221513464,0.0001059740238844,calm
2018-10-17,0.00020672047394680284,0.0001256818832433,calm
2018-10-18,0.00018084584457697214,8.80717567564226e-05,calm
2018-10-22,0.00018547642193520445,0.0001286478708651,calm
2018-10-23,0.0001656379097002401,0.0001776456907556,calm
2018-10-24,0.00014930647152263085,0.0001010515723094,calm
2018-10-25,0.0002467199903984608,0.0003221444567771,calm
2018-10-29,0.00025036620434214484,0.0003020764729368,calm
2018-10-30,0.00022306056857358824,0.0002369290928385,calm
2018-10-31,0.00021855911138954763,8.267753088956122e-05,calm
2018-11-01,0.0002030772621626726,6.926351424220781e-05,calm
2018-11-02,0.0001896124304189624,0.0001625799095452,calm
2018-11-05,0.0001712502671082476,3.526037727885601e-05,calm
2018-11-06,0.00015322705535698435,3.699906255462284e-05,calm
2018-11-07,0.00013863308532142528,4.081668561237299e-05,calm
2018-11-08,0.00017180090636597083,4.4635716622966265e-05,calm
2018-11-09,0.00015157429575220755,5.518134697250357e-05,calm
2018-11-12,0.0001460412202184199,9.255630065272847e-05,calm
2018-11-13,0.00017278218513604236,0.0001678628106496,calm
2018-11-14,0.0001524679108188262,0.0001279313287046,calm
2018-11-15,0.00014065356480146796,0.0001864117526916,calm
2018-11-16,0.00013517714182339217,8.18173872137005e-05,calm
2018-11-19,0.00011969915399705375,0.0001150169734721,calm
2018-11-20,0.00014215614653626365,0.00018558809343,calm
2018-11-21,0.00016852544819233168,3.7224155417686575e-05,calm
2018-11-23,0.00014903546680534001,2.5933451961723595e-05,calm
2018-11-26,0.00013742080162388904,5.437867057759013e-05,calm
2018-11-27,0.00014896859926016436,6.372690297495023e-05,calm
2018-11-28,0.0001321022559087054,8.900977788165231e-05,calm
2018-11-29,0.0001739205322093337,4.564721364675897e-05,calm
2018-11-30,0.00015369443862528896,2.767887935184395e-05,calm
2018-12-03,0.00013882460722957718,6.643940999694947e-05,calm
2018-12-04,0.00014081688072263335,0.0001392376408075,calm
2018-12-06,0.00025513970577669776,0.0002403845847243,calm
2018-12-07,0.00022353995031838082,0.0002527775982023,calm
2018-12-10,0.0002635365447556612,0.0003018428112379,calm
2018-12-11,0.00023052284751059907,0.0001643873544086,calm
2018-12-12,0.00020184939537682057,9.282158360717827e-05,calm
2018-12-13,0.00017934966324330862,0.0001091534493643,calm
2018-12-14,0.00015767129596583744,0.0001096802923251,calm
2018-12-17,0.000181692752794838,0.0001512170086518,calm
2018-12-18,0.00020790737303848816,0.0001686396469448,calm
2018-12-19,0.00018263700009916274,0.0006539019029923,calm
2018-12-20,0.00018891431751438638,0.0004018814208597,calm
2018-12-21,0.00019936781970545175,0.0003524798741646,calm
2018-12-24,0.00026037020568614336,0.0002260503233298,calm
2018-12-26,0.000315106793985502,0.0004178136887276,calm
2018-12-27,0.0005562292774116093,0.0004643961519002,calm
2018-12-28,0.0004886186474769887,0.0002105675308974,calm
2018-12-31,0.00042500629399761875,0.0001258257144179,calm
2019-01-02,0.00037763000080764166,0.0001668253479766,calm
2019-01-03,0.00032897407118933215,0.0002587113321085,calm
2019-01-04,0.0003587088739633654,0.0001645285173802,calm
2019-01-07,0.00043593462255268065,8.030980974785394e-05,calm
2019-01-08,0.0003855677646787043,0.0001052644650267,calm
2019-01-09,0.00034488949684883055,7.801788473840017e-05,calm
2019-01-10,0.00030262917004349486,6.492440384048161e-05,calm
2019-01-11,0.00026509679273703437,3.468394301253793e-05,calm
2019-01-14,0.00023154891431244348,4.09595854650613e-05,calm
2019-01-15,0.00020773615182764882,5.340043197228902e-05,calm
2019-01-16,0.00019562044529717503,2.770195188227369e-05,calm
2019-01-17,0.0001716732727570442,5.893762478047133e-05,calm
2019-01-18,0.00015627622951909105,4.0144172880598936e-05,calm
2019-01-22,0.0001561999870530308,8.780514065108032e-05,calm
2019-01-23,0.0001610701863262082,6.593254023523633e-05,calm
2019-01-24,0.00014168416212689735,3.2706566708394006e-05,calm
2019-01-25,0.00012459208391650528,2.250399193358918e-05,calm
2019-01-28,0.00011712185181144414,6.213898471280582e-05,calm
2019-01-29,0.00011138973939843144,3.662907017836939e-05,calm
2019-01-30,9.880271918292016e-05,7.509750023112143e-05,calm
2019-01-31,0.00011489316053315262,4.1500860666368855e-05,calm
2019-02-01,0.00010940301208652192,4.199372771820832e-05,calm
2019-02-04,9.675573229423596e-05,2.507437133470585e-05,calm
2019-02-05,9.071266033797268e-05,1.7727278297650365e-05,calm
2019-02-06,8.210887773428413e-05,2.102748338479428e-05,calm
2019-02-07,7.35547119501045e-05,6.599110406731149e-05,calm
2019-02-08,7.813220944469893e-05,3.2914284912599464e-05,calm
2019-02-11,6.976849633202438e-05,2.553217394982135e-05,calm
2019-02-12,6.24785536296053e-05,2.0570622976763845e-05,calm
2019-02-13,7.398631579334425e-05,1.9755869959153703e-05,calm
2019-02-14,6.701112679185212e-05,4.428795066043402e-05,calm
2019-02-15,6.108610559735618e-05,2.071402405687916e-05,calm
2019-02-19,6.754069077611511e-05,1.1950575613738447e-05,calm
2019-02-20,6.077033057587843e-05,2.514542621268149e-05,calm
2019-02-21,5.500088044567828e-05,2.272265582400513e-05,calm
2019-02-22,5.183981842421204e-05,1.4473439647915826e-05,calm
2019-02-25,5.076941106847234e-05,1.5239956908093902e-05,calm
2019-02-26,4.618929594623993e-05,2.644040039318712e-05,calm
2019-02-27,4.2366413201702475e-05,2.3039010436822018e-05,calm
2019-02-28,3.898045670776272e-05,1.5511555138740784e-05,calm
2019-03-01,3.665756843350542e-05,2.4135830431795576e-05,calm
2019-03-04,3.773908534315869e-05,5.940186593650029e-05,calm
2019-03-05,3.703296035385114e-05,2.4235784820175425e-05,calm
2019-03-06,3.4717494427922215e-05,2.616778056911092e-05,calm
2019-03-07,3.7617740816795355e-05,4.802754343421124e-05,calm
2019-03-08,4.447008685434626e-05,5.227404082347487e-05,calm
2019-03-11,4.148456439791319e-05,1.896441892981445e-05,calm
2019-03-12,6.096082351877521e-05,2.126787074109617e-05,calm
2019-03-13,5.609615561412596e-05,1.7641207956350988e-05,calm
2019-03-14,5.501682936091381e-05,1.3265116182026764e-05,calm
2019-03-15,4.9966831256081386e-05,1.7821691152403773e-05,calm
2019-03-18,4.543398108082518e-05,1.7932445034055174e-05,calm
2019-03-19,4.2612971083526706e-05,4.908176167438477e-05,calm
2019-03-20,3.910310687281814e-05,6.297439459653093e-05,calm
2019-03-21,3.762126587261073e-05,2.6906450338502708e-05,calm
2019-03-22,4.8298479080306626e-05,8.70143017837112e-05,calm
2019-03-25,9.210532273094071e-05,7.523799956294942e-05,calm
2019-03-26,8.189242022016877e-05,4.537807081026542e-05,calm
2019-03-27,7.852281373261909e-05,5.563405669048456e-05,calm
2019-03-28,7.410780492729164e-05,2.7382233160932063e-05,calm
2019-03-29,6.746364740001837e-05,2.362094297605962e-05,calm
2019-04-01,6.439560820129344e-05,1.3105025409360363e-05,calm
2019-04-02,7.283164764163346e-05,1.686467840406591e-05,calm
2019-04-03,6.515624710195814e-05,1.975498008778704e-05,calm
2019-04-04,5.8659952978816176e-05,9.35930464116955e-06,calm
2019-04-08,5.3447425103468274e-05,2.2462168515747017e-05,calm
2019-04-09,4.8452046777941095e-05,1.0028182177471996e-05,calm
2019-04-10,4.806407482061796e-05,1.2515713436184244e-05,calm
2019-04-11,4.474182478259002e-05,1.1817480991767444e-05,calm
2019-04-15,4.102366962482568e-05,1.0526727704282431e-05,calm
2019-04-16,3.790653770309822e-05,1.730532931481047e-05,calm
2019-04-17,3.502329196127913e-05,1.3117969424760523e-05,calm
2019-04-22,3.364654052767388e-05,1.3576240500851447e-05,calm
2019-04-23,3.134714099118707e-05,1.0800234974915144e-05,calm
2019-04-24,3.775118577731501e-05,2.902328722285359e-05,calm
2019-04-25,3.584639621654724e-05,1.547226773012098e-05,calm
2019-04-29,3.3422048423058985e-05,1.7567096484939778e-05,calm
2019-04-30,3.125993430482553e-05,3.397951059730998e-05,calm
2019-05-01,2.9277698536437946e-05,4.40206705474332e-05,calm
2019-05-02,3.555103780663538e-05,1.2596988664457823e-05,calm
2019-05-06,3.3893917152950376e-05,0.0001032199177762,calm
2019-05-07,3.421909888741702e-05,4.7243118843934905e-05,calm
2019-05-08,6.829826747585122e-05,0.0001004886189159,calm
2019-05-09,6.164766041430315e-05,0.0001064546189021,calm
2019-05-13,5.7041377085240676e-05,5.259654062131538e-05,calm
2019-05-14,0.0001335473414700059,5.082868843501586e-05,calm
2019-05-15,0.00012577860334178888,2.945001272015039e-05,calm
2019-05-16,0.00011388688926540979,5.314382901115532e-05,calm
2019-05-20,0.00010937199968357547,1.7285222806834182e-05,calm
2019-05-21,0.00010280334922877253,1.9454712809871885e-05,calm
2019-05-22,9.935108840183998e-05,6.036974802537541e-05,calm
2019-05-23,8.95446451989365e-05,2.786128815786744e-05,calm
2019-05-28,9.942671158783726e-05,7.085343977751259e-05,calm
2019-05-29,9.984236553808774e-05,3.571958869288087e-05,calm
2019-05-30,9.478523502830817e-05,4.60766889648562e-05,calm
2019-06-03,8.456625240949478e-05,4.2782735705413526e-05,calm
2019-06-04,7.639638524358812e-05,4.040021247038711e-05,calm
2019-06-05,0.0001205280542035787,3.631495686227189e-05,calm
2019-06-06,0.00011391937893525464,3.423559994746755e-05,calm
2019-06-10,0.00010465676080178497,3.490024249742831e-05,calm
2019-06-11,9.444040845434727e-05,1.814033607684509e-05,calm
2019-06-12,8.383454911245013e-05,2.683158334355361e-05,calm
2019-06-13,7.528338848674886e-05,1.912292301386122e-05,calm
2019-06-17,6.872926361320318e-05,3.681001397393642e-05,calm
2019-06-18,6.159558662217271e-05,3.21078105099889e-05,calm
2019-06-19,6.70055828413453e-05,2.714099091381327e-05,calm
2019-06-20,6.0437715980212656e-05,1.7202974350033096e-05,calm
2019-06-24,6.395883721777449e-05,2.873537073500063e-05,calm
2019-06-25,5.7886568656402526e-05,2.102663760894733e-05,calm
2019-06-26,6.536064004939858e-05,1.3104702028366556e-05,calm
2019-06-27,5.900767549522348e-05,9.943580798373684e-06,calm
2019-07-01,5.426298867223701e-05,2.3478002859429457e-05,calm
2019-07-02,5.7664111550890096e-05,4.697047250172807e-06,calm
2019-07-08,5.2546911645059533e-05,7.449747467573047e-06,calm
2019-07-09,5.2134599666211076e-05,2.07908372817478e-05,calm
2019-07-10,4.7352877193465106e-05,1.0046560624089676e-05,calm
2019-07-11,4.525917540717339e-05,5.162526014713094e-06,calm
2019-07-15,4.173322483102718e-05,1.1211932110585954e-05,calm
2019-07-16,3.833571948832736e-05,1.48283459510587e-05,calm
2019-07-17,3.7168172759550386e-05,1.562226177776598e-05,calm
2019-07-18,4.104137388216322e-05,2.512128168713926e-05,calm
2019-07-22,3.8858681770330884e-05,1.4335776887564914e-05,calm
2019-07-23,3.626506646333682e-05,8.753692128270211e-06,calm
2019-07-24,3.874029383116989e-05,2.3172848952208548e-05,calm
2019-07-25,3.775427365878602e-05,6.093366842320574e-06,calm
2019-07-29,3.840092704651296e-05,1.6922286142658608e-05,calm
2019-07-30,3.616166067997999e-05,7.345354521941546e-05,calm
2019-07-31,3.464859232830277e-05,0.0001996619929246,calm
2019-08-01,4.8411578438759986e-05,7.497106558483183e-05,calm
2019-08-05,5.455732000159124e-05,0.0001019194984869,calm
2019-08-06,0.00016821972784798555,0.0001796903412615,calm
2019-08-07,0.00016860704233421259,3.606328170118972e-05,calm
2019-08-08,0.00014698754994457199,7.883650088058323e-05,calm
2019-08-12,0.00017221347223271368,0.000209593892745,calm
2019-08-13,0.00017045586149023128,0.0001298435058053,calm
2019-08-14,0.00017572708076203395,9.471466183743376e-05,calm
2019-08-15,0.00026922843776588294,4.698525799930084e-05,calm
2019-08-19,0.00023356881598026797,3.3853321842745626e-05,calm
2019-08-20,0.00021864981372879307,1.3320721431842305e-05,calm
2019-08-21,0.0001983960875547112,5.1665225158630334e-05,calm
2019-08-22,0.00017953942072896964,0.0002320061666315,calm
2019-08-26,0.00015656964244575072,5.549093571483972e-05,calm
2019-08-27,0.000150058551179077,3.898577156381297e-05,calm
2019-08-28,0.00013371390653311527,4.2825722812424014e-05,calm
2019-08-29,0.00012222174771157074,3.160548515500316e-05,calm
2019-09-03,0.00012527184358880906,1.265979841420094e-05,calm
2019-09-04,0.00011506267031983488,2.1469383850037155e-05,calm
2019-09-05,0.00011519321086611609,1.5298727793750398e-05,calm
2019-09-09,0.00011947594588563082,3.925456486967616e-05,calm
2019-09-10,0.00010495490603955458,1.512477472425608e-05,calm
2019-09-11,9.257254712820623e-05,3.3003247142837e-05,calm
2019-09-12,8.701914567549085e-05,1.4888719088927452e-05,calm
2019-09-16,7.80768583319107e-05,9.761804908782494e-06,calm
2019-09-17,7.10908609668361e-05,3.53777220692871e-05,calm
2019-09-18,6.384581605954562e-05,1.8225292847557523e-05,calm
2019-09-19,5.716282745872907e-05,5.867431026768935e-05,calm
2019-09-23,5.147816148861866e-05,9.25119932530509e-05,calm
2019-09-24,4.662897027599081e-05,2.48411785245902e-05,calm
2019-09-25,5.14381478905146e-05,3.918849310244307e-05,calm
2019-09-26,5.003533194631945e-05,7.109855488239981e-05,calm
2019-09-30,4.6256394873694593e-05,6.851338580875686e-05,calm
2019-10-01,4.412487511945752e-05,7.322633779958432e-05,calm
2019-10-02,5.99583799256111e-05,0.0001380329002744,calm
2019-10-03,9.587209655250002e-05,2.448524410424813e-05,calm
2019-10-07,9.170059817738574e-05,7.098206703319046e-05,calm
2019-10-08,8.405740098303407e-05,3.792137388964542e-05,calm
2019-10-09,0.00010719036893347536,5.043025019785123e-05,calm
2019-10-10,0.00010402485716221078,4.9124116132029766e-05,calm
2019-10-14,9.627822920579082e-05,1.6589261558868172e-05,calm
2019-10-15,8.535630559429497e-05,1.1188297457003333e-05,calm
2019-10-16,8.622314667246964e-05,1.7743857845377015e-05,calm
2019-10-17,7.699813971294908e-05,2.42083599446448e-05,calm
2019-10-21,6.91759224108355e-05,1.500334463712479e-05,calm
2019-10-22,6.646928192922442e-05,1.050792542613491e-05,calm
2019-10-23,6.132916390735894e-05,1.562835528695733e-05,calm
2019-10-24,5.572099423987623e-05,1.3469011452015322e-05,calm
2019-10-28,5.038465135232824e-05,1.1672254546816704e-05,calm
2019-10-29,4.879387443746671e-05,1.2491225192943363e-05,calm
2019-10-30,4.441190973079234e-05,1.7716750142129736e-05,calm
2019-10-31,4.129849013765201e-05,3.3698428573605046e-05,calm
2019-11-01,3.9215719833818356e-05,1.120081948751908e-05,calm
2019-11-04,4.5335956018046966e-05,9.065528063991875e-06,calm
2019-11-05,4.2784416552273864e-05,9.433773393333282e-06,calm
2019-11-06,3.95309005509184e-05,1.3665168588464985e-05,calm
2019-11-07,3.6390130633425994e-05,2.082069122562048e-05,calm
2019-11-08,3.472211882828647e-05,1.1127480326848302e-05,calm
2019-11-11,3.26688108107436e-05,4.36836926766004e-06,calm
2019-11-12,3.128015311031947e-05,1.1138476767106625e-05,calm
2019-11-13,2.9564711340724775e-05,1.554605482443375e-05,calm
2019-11-14,2.782236060648921e-05,1.0173373597189418e-05,calm
2019-11-15,2.6401023072773083e-05,6.257428902307333e-06,calm
2019-11-19,3.0569770939398134e-05,1.157928539843674e-05,calm
2019-11-20,2.877369174977958e-05,2.81103598915551e-05,calm
2019-11-21,2.9503822162746644e-05,1.881411727324705e-05,calm
2019-11-22,2.8375356538502266e-05,9.504200555933884e-06,calm
2019-11-25,2.7104286242093213e-05,8.403049745545805e-06,calm
2019-11-26,3.203839754576884e-05,5.838695723704584e-06,calm
2019-11-27,3.0252645631605464e-05,3.019774206215128e-06,calm
2019-11-29,3.021851075397558e-05,4.064683817858975e-06,calm
2019-12-02,3.072147959756385e-05,3.7741710520913023e-05,calm
2019-12-03,3.9305443369703016e-05,4.469570999547762e-05,calm
2019-12-04,4.289200802376057e-05,1.3528832653276542e-05,calm
2019-12-05,4.304298746060927e-05,1.6677415594692022e-05,calm
2019-12-06,3.95026117829619e-05,9.877697503318428e-06,calm
2019-12-09,4.5299707641834156e-05,5.983517794197846e-06,calm
2019-12-10,4.303630353089132e-05,2.0326764500337258e-05,calm
2019-12-11,3.970333834643233e-05,8.389742371123895e-06,calm
2019-12-12,3.7092277153939735e-05,8.232112992746497e-05,calm
2019-12-13,4.216677280950824e-05,4.513146124028768e-05,calm
2019-12-17,3.8584153982911215e-05,5.536840746629056e-06,calm
2019-12-18,3.55396891050326e-05,7.436259624046638e-06,calm
2019-12-19,3.295139974231373e-05,7.715559911999179e-06,calm
2019-12-20,3.21933947414329e-05,4.71074751314502e-06,calm
2019-12-23,3.0205691674108515e-05,2.007677535947584e-06,calm
2019-12-24,2.8432228841837913e-05,1.9708074661030005e-06,calm
2019-12-26,2.6850006772909357e-05,4.043394394638682e-06,calm
2019-12-27,2.820084084026259e-05,8.048738726933601e-06,calm
2019-12-30,2.669720299782368e-05,2.1934431884034832e-05,calm
2019-12-31,3.007783545880735e-05,1.0054046099627608e-05,calm
2020-01-02,2.861452842418671e-05,1.535818321197111e-05,calm
2020-01-03,3.641820365706448e-05,3.3386040996003455e-05,calm
2020-01-06,4.212859625369911e-05,1.058169510038822e-05,calm
2020-01-07,3.978910966272099e-05,1.1886631103644898e-05,calm
2020-01-08,3.8004945379665757e-05,2.449472595551089e-05,calm
2020-01-09,3.7748469506571145e-05,1.3731123346031617e-05,calm
2020-01-10,3.9475018920044314e-05,1.6046829718827466e-05,calm
2020-01-13,3.779700354324471e-05,5.598573977966467e-06,calm
2020-01-14,3.965945025139606e-05,1.5127789592750574e-05,calm
2020-01-15,3.699465309799252e-05,1.642960405588678e-05,calm
2020-01-16,3.446168543641338e-05,6.989138860954526e-06,calm
2020-01-17,3.9272747747523716e-05,9.291305794310842e-06,calm
2020-01-21,3.684088669466864e-05,1.164060212347313e-05,calm
2020-01-22,3.4840427632791684e-05,1.239969823598987e-05,calm
2020-01-23,3.231617390968277e-05,2.466492060737853e-05,calm
2020-01-24,3.014906085230619e-05,5.4148092680642136e-05,calm
2020-01-27,3.970188417531062e-05,4.1737160258468405e-05,calm
2020-01-28,7.171672580660323e-05,2.048911048328732e-05,calm
2020-01-29,7.586418930273618e-05,2.553788729134618e-05,calm
2020-01-30,6.760599852114636e-05,5.302696331151869e-05,calm
2020-01-31,6.116857894626324e-05,8.601276283564497e-05,calm
2020-02-03,9.98035463511573e-05,4.467513656114683e-05,calm
2020-02-04,9.355459351346877e-05,2.093786397039005e-05,calm
2020-02-05,0.00010890042857026934,2.6018154605913545e-05,calm
2020-02-06,0.00011037242340597268,1.9401847633628207e-05,calm
2020-02-07,9.775909947600715e-05,2.7983350362091603e-05,calm
2020-02-10,9.054786754645109e-05,1.7929805366934333e-05,calm
2020-02-11,8.5727504857312e-05,2.318419979871149e-05,calm
2020-02-12,7.596933515576884e-05,1.428973783804798e-05,calm
2020-02-13,7.16647394500604e-05,2.513147753343672e-05,calm
2020-02-14,6.415806919448676e-05,1.3083251827235844e-05,calm
2020-02-18,5.7489617588788545e-05,2.3007081384388515e-05,calm
2020-02-19,5.295463428127297e-05,6.098339421629991e-06,calm
2020-02-20,4.9921282396844426e-05,8.94488999226194e-05,covid_2020
2020-02-21,4.801160312692176e-05,5.549565573167341e-05,covid_2020
2020-02-24,5.865253441205963e-05,0.0001187294660305,covid_2020
2020-02-25,0.00020035751806543863,0.0002460975593633,covid_2020
2020-02-26,0.0002993976744351204,0.0002759633387767,covid_2020
2020-02-27,0.0002601334681570077,0.0007192585684411,covid_2020
2020-02-28,0.0005044936786044896,0.0014046653125629,covid_2020
2020-03-02,0.0004348535993055373,0.0006274042690806,covid_2020
2020-03-03,0.0005991382881577888,0.0018438945507696,covid_2020
2020-03-04,0.0006267376724065712,0.0002672030443305,covid_2020
2020-03-05,0.0007499210697168388,0.0003660614597655,covid_2020
2020-03-06,0.0007949502037402847,0.0005555304534498,covid_2020
2020-03-09,0.0007175418570492224,0.0023004465149658,covid_2020
2020-03-10,0.0014971245516783229,0.0010931449720194,covid_2020
2020-03-11,0.0016024102604234602,0.0005231715342311,covid_2020
2020-03-12,0.0017021666552129364,0.0041530389114315,covid_2020
2020-03-13,0.002817293663953335,0.0026286393307086,covid_2020
2020-03-16,0.0032813854251380983,0.0041210577284822,covid_2020
2020-03-17,0.004620389896832568,0.0022720311368001,covid_2020
2020-03-18,0.0042779072793956065,0.0024878011455451,covid_2020
2020-03-19,0.003998007200760564,0.0020876651794065,covid_2020
2020-03-20,0.003389153361830563,0.0015386572469939,covid_2020
2020-03-23,0.003217357185994789,0.0028603795571004,covid_2020
2020-03-24,0.0028233455763766336,0.0009238718839428,covid_2020
2020-03-25,0.003390628490652146,0.0013243062082831,covid_2020
2020-03-26,0.0029030832408911016,0.0010927357746016,covid_2020
2020-03-27,0.002885446414405551,0.000569896235157,covid_2020
2020-03-30,0.0025756914802031535,0.000402790363323,covid_2020
2020-03-31,0.0023168602147104,0.000322112363326,covid_2020
2020-04-01,0.001998385195784925,0.0007577293880755,covid_2020
2020-04-02,0.001988211412512264,0.0003636440526063,covid_2020
2020-04-06,0.0017527150071900753,0.0006460316642928,covid_2020
2020-04-07,0.002044537592774441,0.0002220915863307,covid_2020
2020-04-08,0.0017350918151530124,0.0003547630217978,covid_2020
2020-04-13,0.0016131889304226612,0.0001609695003167,covid_2020
2020-04-14,0.0013816146818613783,0.0002034095116318,covid_2020
2020-04-15,0.0012809667340759224,0.0001853909716879,covid_2020
2020-04-16,0.0011524841022151023,0.0001371431897698,covid_2020
2020-04-20,0.0009795311846033938,0.0002807114859611,covid_2020
2020-04-21,0.000876230192659785,8.385459838723181e-05,covid_2020
2020-04-22,0.0008777524010835279,0.000193835085873,covid_2020
2020-04-23,0.0008060891234491572,8.825351969463739e-05,covid_2020
2020-04-27,0.0006834775344188672,0.0001483098777894,covid_2020
2020-04-28,0.0006048642974664414,6.874891170214791e-05,covid_2020
2020-04-29,0.0005162285642332725,0.0001640663526379,covid_2020
2020-04-30,0.0005253628503724258,0.0001383846130357,covid_2020
2020-05-04,0.0004592522139359451,8.737595325859279e-05,calm
2020-05-05,0.0003899869985410636,0.0001076282426851,calm
2020-05-06,0.0003407849606457393,6.928241516691661e-05,calm
2020-05-07,0.0002966950370437038,3.493052321055395e-05,calm
2020-05-11,0.0002698304154563956,9.254978884272516e-05,calm
2020-05-12,0.0002290205713456067,0.0003055976336489,calm
2020-05-13,0.00025593858959694347,0.0002527474932341,calm
2020-05-14,0.0002654739585677044,0.0001538720151598,calm
2020-05-18,0.00024376662287083862,0.0001374663711738,calm
2020-05-19,0.0003267808982939801,5.184289561160323e-05,calm
2020-05-20,0.0002949234621640607,9.945151668623746e-05,calm
2020-05-21,0.00028742396710482664,4.7964911100726e-05,calm
2020-05-26,0.0002530859336088232,0.0001311293840419,calm
2020-05-27,0.0002346225786265722,0.0001039860134638,calm
2020-05-28,0.0002279115628227957,0.0002140245318283,calm
2020-06-01,0.00019582446521814424,4.463974143317444e-05,calm
2020-06-02,0.0001693876768939149,3.364267192512235e-05,calm
2020-06-03,0.00015338926636627258,6.588658726446698e-05,calm
2020-06-04,0.00015372363497643735,7.772121236108856e-05,calm
2020-06-08,0.00013373652534677232,7.12606002799758e-05,calm
2020-06-09,0.00013318721216359499,0.0001652964900332,calm
2020-06-10,0.00012404476691723658,0.0002947131631139,calm
2020-06-11,0.00011260178072900684,0.0005370909293607,calm
2020-06-15,0.0005717526783647428,0.0002984500404081,calm
2020-06-16,0.0004990210954617716,7.836506060326633e-05,calm
2020-06-17,0.0004719685763594528,7.435351620084829e-05,calm
2020-06-18,0.00040763346977813227,0.0001845770727339,calm
2020-06-22,0.00034999070562447546,4.4991544069681983e-05,calm
2020-06-23,0.0003052298531799933,0.0002325984131621,calm
2020-06-24,0.00026479192707820517,0.0001585836317816,calm
2020-06-25,0.000319046924160149,0.0001417447775985,calm
2020-06-29,0.0002876373123704521,8.134269074861536e-05,calm
2020-06-30,0.0002730565651301913,7.674504157836615e-05,calm
2020-07-01,0.00025432342412510216,8.369163388353996e-05,calm
2020-07-06,0.00022458622430222234,4.932219573738567e-05,calm
2020-07-07,0.00022196850419016015,7.271051668497684e-05,calm
2020-07-08,0.0002074055425453865,0.0001494709682402,calm
2020-07-09,0.00018564846750381204,8.041823046969235e-05,calm
2020-07-13,0.0001659269160263923,0.0001980537305065,calm
2020-07-14,0.0001551799457841472,0.0001199937970587,calm
2020-07-15,0.0001542547938881941,5.575018662711132e-05,calm
2020-07-16,0.00014337880443393865,2.6277162066045865e-05,calm
2020-07-20,0.000126654359052366,4.4821792799947744e-05,calm
2020-07-21,0.00011755535436389535,4.1505151037387936e-05,calm
2020-07-22,0.00010288383852177819,8.210175761997506e-05,calm
2020-07-23,9.339942268121374e-05,7.721705295737938e-05,calm
2020-07-27,0.00010295356553846826,3.3596936451612125e-05,calm
2020-07-28,9.594993611454539e-05,3.421152762239013e-05,calm
2020-07-29,9.061110900741254e-05,6.627927925200805e-05,calm
2020-07-30,9.724939438070747e-05,9.382567842813984e-05,calm
2020-08-03,8.766881014787895e-05,2.6884913484115697e-05,calm
2020-08-04,8.237232831905951e-05,1.7879698955358604e-05,calm
2020-08-05,7.403552617067489e-05,2.5601158178138605e-05,calm
2020-08-06,6.961047997631947e-05,5.11789850149717e-05,calm
2020-08-10,6.655456626946585e-05,9.28155914461042e-05,calm
2020-08-11,5.9915481706896036e-05,3.104410760916782e-05,calm
2020-08-12,6.39889232554461e-05,2.653068523521795e-05,calm
2020-08-13,7.983009282179674e-05,3.3362828740994555e-05,calm
2020-08-17,7.132124385113968e-05,3.304154236360309e-05,calm
2020-08-18,6.413381826864208e-05,3.01152784299246e-05,calm
2020-08-19,5.747176517471234e-05,1.8073576814746308e-05,calm
2020-08-20,5.451384267304724e-05,1.947432694048474e-05,calm
2020-08-24,4.977035677718471e-05,1.892561379013808e-05,calm
2020-08-25,5.659418247462291e-05,2.6796579095160505e-05,calm
2020-08-26,5.181300198602777e-05,6.753630536552151e-05,calm
2020-08-27,5.805144292291258e-05,1.9898177493274488e-05,calm
2020-08-31,5.2301870403861114e-05,3.0289108801083148e-05,calm
2020-09-01,4.9482479038707436e-05,4.5848321394645935e-05,calm
2020-09-02,5.46442449720984e-05,0.0004466029072313,calm
2020-09-03,7.363477534738288e-05,0.000528240843047,calm
2020-09-08,0.00023375922446745455,0.0001127965403919,calm
2020-09-09,0.00030877311759295613,0.0002773562290203,calm
2020-09-10,0.0003124339306910131,0.0001683476469891,calm
2020-09-14,0.0003115793572884569,3.774104373707017e-05,calm
2020-09-15,0.0002875335348503748,6.615314657930894e-05,calm
2020-09-16,0.0002490665404845968,0.0001323579293337,calm
2020-09-17,0.0002167572652209584,0.0001084947778282,calm
2020-09-21,0.00019846732688878698,7.781766951524045e-05,calm
2020-09-22,0.0001896168905488349,0.0001227565539986,calm
2020-09-23,0.0001755690581828613,0.000215304301445,calm
2020-09-24,0.00022876619083112058,0.000116855330636,calm
2020-09-28,0.00019733627343483987,5.258906684972024e-05,calm
2020-09-29,0.00020349917042389846,0.0001278650723093,calm
2020-09-30,0.00018027837456469615,7.328048082412484e-05,calm
2020-10-01,0.0001620307917649023,0.0001521186295056,calm
2020-10-05,0.00014458458472148115,0.0001955387974632,calm
2020-10-06,0.0001635176650492646,5.389300812629073e-05,calm
2020-10-07,0.0001710774588100906,3.276271837389301e-05,calm
2020-10-08,0.000184565745330544,2.951109904686509e-05,calm
2020-10-12,0.000168219557159642,5.9492758892514347e-05,calm
2020-10-13,0.00017662053630484214,6.66838247228369e-05,calm
2020-10-14,0.00015940020141946444,4.951877239479944e-05,calm
2020-10-15,0.0001443248387991588,4.080771314167797e-05,calm
2020-10-19,0.00012560650565054162,0.0001051543808722,calm
2020-10-20,0.00014300896515421889,9.11667588006882e-05,calm
2020-10-21,0.00012555531035007096,7.433695800916833e-05,calm
2020-10-22,0.0001100591886831237,3.423347638373936e-05,calm
2020-10-26,9.915831458388997e-05,0.000113579209334,calm
2020-10-27,0.00013610417649400643,5.834479742963298e-05,calm
2020-10-28,0.00012042214558434636,0.000199862617533,calm
2020-10-29,0.00027070513991782547,0.0001575475974957,calm
2020-10-30,0.0002444297505063165,0.000276284215114,calm
2020-11-02,0.0002265514040839658,0.0001164584430833,calm
2020-11-03,0.00020976044273892365,0.0001214116055037,calm
2020-11-04,0.00021852156062410048,0.0001932086072511,calm
2020-11-05,0.0002493350192895109,9.501223434864e-05,calm
2020-11-06,0.00026070261227446276,9.121390432811506e-05,calm
2020-11-09,0.00022419928114591467,0.0004320155270632,calm
2020-11-10,0.00021171944606834624,0.0001549841328875,calm
2020-11-11,0.00018311904509668632,3.786906653055408e-05,calm
2020-11-12,0.0001642876528034403,7.361330166928761e-05,calm
2020-11-13,0.00015643902209760285,3.6868267692669375e-05,calm
2020-11-16,0.00015829217108343164,5.333698852319379e-05,calm
2020-11-17,0.00015544012021127948,3.3117367086166546e-05,calm
2020-11-18,0.0001394910897492732,4.767741618286679e-05,calm
2020-11-19,0.00014257469871264855,5.642310539963253e-05,calm
2020-11-20,0.00012545469654028218,3.234469279722991e-05,calm
2020-11-23,0.00011663613402659561,6.286200687800076e-05,calm
2020-11-24,0.00010548302866917922,2.457678750802176e-05,calm
2020-11-25,0.0001234263395806682,2.8004950183136943e-05,calm
2020-11-27,0.00010812779707121544,7.581074244517271e-06,calm
2020-11-30,9.509762203671573e-05,5.343974496026069e-05,calm
2020-12-01,8.679663857998541e-05,4.127460278256987e-05,calm
2020-12-02,9.024798782230741e-05,2.493315076782388e-05,calm
2020-12-03,7.956920232446051e-05,4.2798466233126216e-05,calm
2020-12-04,7.030192326228526e-05,1.8511557198377515e-05,calm
2020-12-07,7.0697797739161e-05,1.9960211592068304e-05,calm
2020-12-08,6.361784311188556e-05,1.3653434745004585e-05,calm
2020-12-09,5.732418666055723e-05,6.158723625032016e-05,calm
2020-12-10,6.366926014407261e-05,6.562439560071342e-05,calm
2020-12-11,5.682152859316186e-05,3.770830016888652e-05,calm
2020-12-14,5.1306739306025016e-05,5.6914554800908086e-05,calm
2020-12-15,4.9671708274143314e-05,2.850646918856208e-05,calm
2020-12-16,6.655246967625203e-05,2.120788738551952e-05,calm
2020-12-17,5.928347233180361e-05,2.116312941424712e-05,calm
2020-12-18,5.6222314704891695e-05,4.316586998019164e-05,calm
2020-12-21,6.08521394532074e-05,7.790965549313342e-05,calm
2020-12-22,5.6676530992663485e-05,3.933241809328295e-05,calm
2020-12-23,5.1491192768560234e-05,1.743131764438956e-05,calm
2020-12-24,4.6382334776174275e-05,9.839720837014678e-06,calm
2020-12-28,4.342942594513568e-05,7.82628644780017e-06,calm
2020-12-29,4.78367553161201e-05,3.674875007292851e-05,calm
2020-12-30,4.4124587520460484e-05,1.1019308568722036e-05,calm
2020-12-31,4.019230214884931e-05,1.3464711619847874e-05,calm
2021-01-04,3.937077015749339e-05,0.0001273337648734,calm
2021-01-05,6.330770925355795e-05,6.671771375198702e-05,calm
2021-01-06,6.155000147449028e-05,0.0001242172929139,calm
2021-01-07,5.867499843151078e-05,4.871737383758866e-05,calm
2021-01-08,7.883367850877245e-05,6.204511019819588e-05,calm
2021-01-12,7.294384366022443e-05,3.8356666615701024e-05,calm
2021-01-13,6.461549734295334e-05,2.450362713147212e-05,calm
2021-01-14,5.808625195289616e-05,2.194863762386764e-05,calm
2021-01-15,5.4258993123192876e-05,6.94226766049533e-05,calm
2021-01-19,5.708976950211759e-05,3.131134609776751e-05,calm
2021-01-20,5.795570803289184e-05,2.19571072044416e-05,calm
2021-01-21,7.454932145396041e-05,1.5656938951223573e-05,calm
2021-01-22,6.596965181734479e-05,2.277641912651425e-05,calm
2021-01-25,6.0997772012029275e-05,0.0001212226931331,calm
2021-01-26,5.589881739733922e-05,2.679437922883485e-05,calm
2021-01-27,5.077617692303431e-05,0.0002566317241467,calm
2021-01-28,0.00013048763865443501,0.0001463661787123,calm
2021-01-29,0.0001217734146450669,0.0002565847765521,calm
2021-02-01,0.00016360217964618014,0.0001012262665154,calm
2021-02-02,0.00017498997103550872,7.661875489384855e-05,calm
2021-02-03,0.00017503598832524717,3.357182634761036e-05,calm
2021-02-04,0.00015125159621134148,2.0252677563845744e-05,calm
2021-02-05,0.00014614475861987207,2.2534807840900018e-05,calm
2021-02-08,0.0001282265482471007,2.231851562198731e-05,calm
2021-02-09,0.00011726628173447238,9.386921404520109e-06,calm
2021-02-10,0.00010251147689251022,7.793511118171113e-05,calm
2021-02-11,8.990077995773723e-05,4.2971804578401895e-05,calm
2021-02-12,7.91499732686373e-05,1.4517692680906511e-05,calm
2021-02-16,7.230697993882954e-05,4.223490701608808e-05,calm
2021-02-17,6.434966949448114e-05,4.005374372390875e-05,calm
2021-02-18,5.729872991684376e-05,4.36045928684429e-05,calm
2021-02-19,5.447376738498915e-05,2.815635554290462e-05,calm
2021-02-22,4.964933339725407e-05,3.537893749466648e-05,calm
2021-02-23,5.407619690803084e-05,0.0001450558358643,calm
2021-02-24,4.861139484530043e-05,5.0005018163275e-05,calm
2021-02-25,5.807229940353278e-05,0.0001364867376194,calm
2021-02-26,0.00013450519443104498,0.0002771715538038,calm
2021-03-01,0.00012127504794578225,8.495049204576004e-05,calm
2021-03-02,0.00017778390291649213,7.249876334360952e-05,calm
2021-03-03,0.00016299879156152458,0.0001213788792926,calm
2021-03-04,0.00016684235536790264,0.0003855135354915,calm
2021-03-05,0.0001669319050990764,0.0002434694285022,calm
2021-03-08,0.00018544533311910441,0.000161324435454,calm
2021-03-09,0.0001642322211623319,5.5586375225240906e-05,calm
2021-03-10,0.00016638241631586112,8.607038656934875e-05,calm
2021-03-11,0.0001480315990263743,3.928187647642177e-05,calm
2021-03-12,0.0001401785214278527,2.8735499481851003e-05,calm
2021-03-15,0.00012176676150082198,2.6072173439860388e-05,calm
2021-03-16,0.0001097928754069496,2.127820688789947e-05,calm
2021-03-17,9.63630602782179e-05,6.558327021615637e-05,calm
2021-03-18,8.54836620332265e-05,5.473245559052156e-05,calm
2021-03-19,0.00010617208812227879,6.89737091433628e-05,calm
2021-03-22,9.72030543209598e-05,1.5048698914522186e-05,calm
2021-03-23,9.230080508554126e-05,3.914827415340234e-05,calm
2021-03-24,9.066067603798162e-05,6.672759023927827e-05,calm
2021-03-25,8.398760106612422e-05,0.0001013250281365,calm
2021-03-26,7.727300850319235e-05,8.356303612791502e-05,calm
2021-03-29,9.941795329899927e-05,3.394869749018731e-05,calm
2021-03-30,8.728936364108168e-05,1.5010896224353178e-05,calm
2021-03-31,7.824402963184956e-05,1.5474190687546738e-05,calm
2021-04-05,7.066848613369044e-05,1.31856516217403e-05,calm
2021-04-06,8.713918820964777e-05,1.3969931704806398e-05,calm
2021-04-07,7.689788163621326e-05,8.0506303485583e-06,calm
2021-04-08,6.803585874652614e-05,9.896455462448367e-06,calm
2021-04-12,6.267916434237356e-05,7.229899053097587e-06,calm
2021-04-13,5.591900775643299e-05,3.272274702008801e-05,calm
2021-04-14,5.086886552976734e-05,2.278113269288076e-05,calm
2021-04-15,4.804520001208051e-05,1.3104330745515952e-05,calm
2021-04-19,5.681716457898431e-05,3.552342675883333e-05,calm
2021-04-20,5.5021331169451556e-05,1.778850598586463e-05,calm
2021-04-21,5.782079411761195e-05,8.074495764386004e-05,calm
2021-04-22,6.195474183652546e-05,1.803288386582267e-05,calm
2021-04-26,6.798986333137757e-05,1.5143302912074993e-05,calm
2021-04-27,6.070294637996365e-05,1.894435645249391e-05,calm
2021-04-28,5.4337238479839675e-05,3.0026113656434087e-05,calm
2021-04-29,4.8946518457921975e-05,2.927537705067475e-05,calm
2021-05-03,4.856168853795193e-05,5.972814604774194e-05,calm
2021-05-04,4.4227552497049727e-05,2.350048282313268e-05,calm
2021-05-05,4.638727599136835e-05,5.821577077843215e-05,calm
2021-05-06,4.208996448623113e-05,2.4929876179163583e-05,calm
2021-05-10,4.549225709757332e-05,0.0001355145540832,calm
2021-05-11,5.609620068829466e-05,7.275191543804649e-05,calm
2021-05-12,6.245945004749293e-05,0.000117362887941,calm
2021-05-13,0.00012052381625555959,3.836346257473453e-05,calm
2021-05-17,0.00012192229825988656,3.745603462585221e-05,calm
2021-05-18,0.00010740503624378905,0.0001357784103004,calm
2021-05-19,0.00010522375162524789,3.095313898108256e-05,calm
2021-05-20,9.336885575148155e-05,4.2740135400671605e-05,calm
2021-05-24,9.535689432955806e-05,2.1061782466102745e-05,calm
2021-05-25,9.55899139929888e-05,1.1854273288280844e-05,calm
2021-05-26,8.489851508852202e-05,1.0479052213237546e-05,calm
2021-05-27,7.500332252536687e-05,7.587755545834326e-06,calm
2021-06-01,6.636648514236401e-05,1.14500425911897e-05,calm
2021-06-02,5.9331389697942696e-05,3.351225358868178e-05,calm
2021-06-03,5.316707626331056e-05,9.216553542173696e-06,calm
2021-06-07,5.031708974743492e-05,1.627455596826424e-05,calm
2021-06-08,4.572803400734261e-05,5.232172368265843e-06,calm
2021-06-09,4.150904366623192e-05,2.620038893883176e-05,calm
2021-06-10,3.849827616868494e-05,7.178118703655237e-06,calm
2021-06-14,3.748619160848005e-05,1.051745512674122e-05,calm
2021-06-15,3.482642991037315e-05,6.896946573777087e-05,calm
2021-06-16,3.30353435472957e-05,4.69630722351972e-05,calm
2021-06-17,3.58927580654229e-05,7.463480353050188e-05,calm
2021-06-21,3.325532439774763e-05,9.122564671395817e-06,calm
2021-06-22,5.548776588723514e-05,1.2620145856199508e-05,calm
2021-06-23,5.2698422837375244e-05,9.807920809531591e-06,calm
2021-06-24,4.786004394214755e-05,2.7895689994746843e-06,calm
2021-06-28,4.69796650171281e-05,6.323526792163192e-06,calm
2021-06-29,4.2813050400741616e-05,5.897339698229372e-06,calm
2021-06-30,3.902785466811085e-05,7.793323739258101e-06,calm
2021-07-01,3.581653164307661e-05,5.008962042957298e-06,calm
2021-07-06,3.624553991181664e-05,2.824526965725836e-05,calm
2021-07-07,3.425205578448207e-05,7.543406172627109e-05,calm
2021-07-08,3.285557584568851e-05,1.768033135022103e-05,calm
2021-07-12,4.0913969825618135e-05,1.9218362912371888e-05,calm
2021-07-13,3.85526785996822e-05,2.5630436498269584e-05,calm
2021-07-14,3.757998473556356e-05,3.599091085712917e-05,calm
2021-07-15,3.4672356349222946e-05,2.621008734990812e-05,calm
2021-07-19,3.428871098002693e-05,4.222713248957708e-05,calm
2021-07-20,6.369753815953004e-05,1.6909519016854468e-05,calm
2021-07-21,8.135014283221563e-05,1.3855226070480944e-05,calm
2021-07-22,7.900065632283744e-05,1.180443330961232e-05,calm
2021-07-26,6.995963979145274e-05,4.803011944600596e-05,calm
2021-07-27,6.247880245134481e-05,2.876437227429487e-05,calm
2021-07-28,5.929412781888296e-05,1.8603205633705564e-05,calm
2021-07-29,5.3160531402600206e-05,2.037206668632396e-05,calm
2021-08-02,4.9438800256104184e-05,3.441473999584544e-05,calm
2021-08-03,4.564688913183759e-05,1.244755385138402e-05,calm
2021-08-04,4.8810331736155475e-05,5.946261783787432e-06,calm
2021-08-05,4.82215768902801e-05,1.3327408153973269e-05,calm
2021-08-09,4.7882465073148666e-05,1.0870064418366274e-05,calm
2021-08-10,4.361323782320992e-05,7.186790105153241e-06,calm
2021-08-11,3.975814289635656e-05,5.583176283897592e-06,calm
2021-08-12,3.6883200001606645e-05,5.783550911054716e-06,calm
2021-08-16,3.472183752996646e-05,4.496535365965476e-05,calm
2021-08-17,3.2536790256581055e-05,4.175928525180641e-05,calm
2021-08-18,3.72135786094705e-05,6.119747550277308e-05,calm
2021-08-19,5.22162980832273e-05,1.8715490756372084e-05,calm
2021-08-23,4.7108327986474565e-05,3.4238325620368543e-06,calm
2021-08-24,5.1405989221787295e-05,4.907262240534328e-06,calm
2021-08-25,4.643500304824047e-05,1.7819744547097922e-05,calm
2021-08-26,4.2384388070769644e-05,1.462399819553436e-05,calm
2021-08-30,4.434176017228572e-05,1.249158346120711e-05,calm
2021-08-31,4.218830303949299e-05,7.445936817510287e-06,calm
2021-09-01,3.908935066550948e-05,1.041578564362436e-05,calm
2021-09-02,3.586645877512357e-05,9.429934699667262e-06,calm
2021-09-07,3.3911092440590814e-05,2.7754048469058288e-05,calm
2021-09-08,3.381376413081023e-05,2.5512264983936844e-05,calm
2021-09-09,3.18293124737013e-05,2.984539695826889e-05,calm
2021-09-13,3.289330057517101e-05,2.936837230010387e-05,calm
2021-09-14,3.1081728756961524e-05,3.440444206909714e-05,calm
2021-09-15,3.3881160523810623e-05,3.576426779713838e-05,calm
2021-09-16,3.9263439146473045e-05,3.98332233839064e-05,calm
2021-09-20,3.6645463524648974e-05,9.497098104243789e-05,calm
2021-09-21,7.409931225135788e-05,6.653195055357099e-05,calm
2021-09-22,6.583401531949747e-05,3.401142864376917e-05,calm
2021-09-23,6.946447145004194e-05,2.92981957461834e-05,calm
2021-09-27,7.898622120475476e-05,7.687528105732677e-05,calm
2021-09-28,7.129190305412343e-05,5.238021047540545e-05,calm
2021-09-29,0.00012168645359302793,0.0001037008829827,calm
2021-09-30,0.00010592254979998903,8.300900361269278e-05,calm
2021-10-04,0.00011466643984214777,4.057487699541446e-05,calm
2021-10-05,0.00012448432956543,0.0001116803593763,calm
2021-10-06,0.00012078487046966812,5.594094025261698e-05,calm
2021-10-07,0.0001067242088579509,2.907100761954048e-05,calm
2021-10-11,0.00010164310779064993,5.239317929079183e-05,calm
2021-10-12,9.713157683239296e-05,5.051804733168037e-05,calm
2021-10-13,8.633147631422023e-05,2.947472552035289e-05,calm
2021-10-14,7.708827665387894e-05,2.004762057197119e-05,calm
2021-10-18,0.00010220887485570331,1.2801420313121508e-05,calm
2021-10-19,9.010121841244599e-05,1.2238511383906043e-05,calm
2021-10-20,8.571209852153403e-05,9.856512100608924e-06,calm
2021-10-21,7.68375712195602e-05,3.0300152656377063e-05,calm
2021-10-25,6.839407536484999e-05,2.7593013685281537e-05,calm
2021-10-26,6.365627748238816e-05,2.654297796745142e-05,calm
2021-10-27,5.6698473710256614e-05,2.278323813316448e-05,calm
2021-10-28,5.419685127594665e-05,1.4625002329309056e-05,calm
2021-11-01,5.9333679392811224e-05,2.458513744922353e-05,calm
2021-11-02,5.3183303221461756e-05,1.2510730400070851e-05,calm
2021-11-03,4.933821135066535e-05,2.185986073340245e-05,calm
2021-11-04,4.84827240881349e-05,1.895854447931373e-05,calm
2021-11-05,4.600551185118503e-05,3.077542709606228e-05,calm
2021-11-08,4.2769416854966733e-05,2.046133425190469e-05,calm
2021-11-09,3.8968669793367976e-05,3.5250181659345806e-05,calm
2021-11-10,3.782264352949273e-05,3.176647257945738e-05,calm
2021-11-11,4.488930698109682e-05,9.926129057536772e-06,calm
2021-11-12,4.078496102484006e-05,1.6059783504241175e-05,calm
2021-11-15,4.3584546767214595e-05,1.9541266031902844e-05,calm
2021-11-16,3.9675163767524066e-05,1.3969252326911067e-05,calm
2021-11-17,3.780306766185751e-05,1.580140785991509e-05,calm
2021-11-18,3.6011793103989334e-05,2.252383089733889e-05,calm
2021-11-19,3.424194855305814e-05,2.220702723992191e-05,calm
2021-11-22,3.2516634495268844e-05,4.320479314552695e-05,calm
2021-11-23,3.1858216272990956e-05,6.500523587141369e-05,calm
2021-11-24,2.9764325958322923e-05,3.1077735396366924e-05,calm
2021-11-26,2.846985970322088e-05,0.0001077826983346,calm
2021-11-29,9.788783798963927e-05,3.687379906458531e-05,calm
2021-11-30,0.00010341275299381936,0.0001164925085963,calm
2021-12-01,0.00014501039908367325,0.0001631100920523,calm
2021-12-02,0.0001439908583785487,0.0001761627034999,calm
2021-12-03,0.00015293265764824935,0.0002175857690352,calm
2021-12-06,0.00014386979648569129,8.734356911643506e-05,calm
2021-12-07,0.00014108807794931843,4.882219931894198e-05,calm
2021-12-08,0.00017456707400616232,2.910529442435925e-05,calm
2021-12-09,0.00015108473300493957,2.5094287329516195e-05,calm
2021-12-10,0.0001379835463657146,4.448454591221564e-05,calm
2021-12-13,0.00012976770810987586,3.530757623014814e-05,calm
2021-12-14,0.0001247055013119031,4.806361223400596e-05,calm
2021-12-15,0.0001159198915036049,0.0001095772878333,calm
2021-12-16,0.00013024893988463682,8.993419385790401e-05,calm
2021-12-17,0.0001250122515486957,0.0001573270026768,calm
2021-12-20,0.00013777352983718015,0.0001159166597093,calm
2021-12-21,0.00013641315648265224,6.129127098743919e-05,calm
2021-12-22,0.00015649334650679302,2.206827429717416e-05,calm
2021-12-23,0.0001468284713158106,2.347591962240604e-05,calm
2021-12-27,0.00013126497401656185,1.7890394679107298e-05,calm
2021-12-28,0.00013780909619580002,3.0328017214922435e-05,calm
2021-12-29,0.00011980073151729964,1.8252761495829176e-05,calm
2021-12-30,0.00010432995610327325,1.4736215753472094e-05,calm
2021-12-31,9.268901231315835e-05,2.799027080906818e-05,calm
2022-01-03,8.260486293919937e-05,5.461787824359261e-05,calm
2022-01-04,7.624074837620713e-05,3.141185057999625e-05,calm
2022-01-05,6.74575493115616e-05,4.61835543624375e-05,calm
2022-01-06,0.0001128936817526966,7.82858201733552e-05,calm
2022-01-07,9.881140030628158e-05,4.369214039985998e-05,calm
2022-01-10,8.932262602876534e-05,0.000122715494944,calm
2022-01-11,7.897554862206779e-05,6.490428713781232e-05,calm
2022-01-12,7.911906883673503e-05,3.742384440258127e-05,calm
2022-01-13,7.04311272638912e-05,6.733658614627738e-05,calm
2022-01-14,9.011700918039127e-05,0.0001110885086845,calm
2022-01-18,7.921106219661762e-05,0.000124887132371,calm
2022-01-19,0.00011480004168475793,8.606554424776691e-05,calm
2022-01-20,0.00011616820531523053,9.775623629999742e-05,calm
2022-01-21,0.0001193966201747346,0.0002308353863043,calm
2022-01-24,0.00015902658196281937,0.0006564505516145,calm
2022-01-25,0.00013927284962322018,0.0004014730321667,calm
2022-01-26,0.00014272751111420447,0.0005064344586374,calm
2022-01-27,0.00012506054188147263,0.000299184362496,calm
2022-01-28,0.00011288469663471088,0.0002625988643216,calm
2022-02-01,0.00017372754002737824,0.0001057807404602,calm
2022-02-02,0.0001549746371361618,7.900375042754942e-05,calm
2022-02-03,0.00014494969531390046,0.0001092049004392,calm
2022-02-04,0.00020405450138761628,0.0001336401313811,calm
2022-02-07,0.00017792930613372762,9.890117697452616e-05,calm
2022-02-08,0.00015558233494925337,6.203778077973017e-05,calm
2022-02-09,0.00014226974359019359,4.819711826619469e-05,calm
2022-02-10,0.00014884856529528683,0.0001565664685695,calm
2022-02-11,0.00017517157861513926,0.0002094318507023,calm
2022-02-14,0.00020677235893512566,0.0001392275227592,calm
2022-02-15,0.00018007623058667303,9.315476021027872e-05,calm
2022-02-16,0.00018660017550873077,7.101313599650871e-05,calm
2022-02-17,0.00016105905597066142,6.574837290499602e-05,calm
2022-02-18,0.00020416860144119826,0.0001324816324507,calm
2022-02-22,0.00018256011791253392,0.0002151742267837,calm
2022-02-23,0.00017468269677984571,0.0001306989690878,calm
2022-02-24,0.00019592414064721698,0.0004893690620139,calm
2022-02-25,0.00019591818342561688,0.0001458657691331,calm
