date,forecast,actual,regime
2004-01-02,4.0662609297046734e-05,4.746692947241121e-05,calm
2004-01-05,3.846599714723872e-05,3.5042980315462e-05,calm
2004-01-06,3.940688855510009e-05,1.996860427759956e-05,calm
2004-01-07,3.741248354791095e-05,2.894911799578962e-05,calm
2004-01-08,3.572900445511438e-05,3.1764671407365824e-05,calm
2004-01-09,3.422592021886844e-05,6.887760581914288e-05,calm
2004-01-14,4.6003403734615875e-05,2.1453890090610127e-05,calm
2004-01-15,4.474829289452108e-05,5.030325056194925e-05,calm
2004-01-16,4.246987404749697e-05,3.557575245891007e-05,calm
2004-01-20,4.0478248206399696e-05,2.318480978541345e-05,calm
2004-01-21,3.8283336544646825e-05,3.622873754930808e-05,calm
2004-01-22,3.7605033486842615e-05,3.344119684036042e-05,calm
2004-01-23,3.668558770522794e-05,3.714446672730906e-05,calm
2004-01-26,3.638595975336014e-05,2.9493382477689325e-05,calm
2004-01-27,3.805416999680291e-05,2.8899870826598297e-05,calm
2004-01-28,5.4308951145720476e-05,9.465898688401444e-05,calm
2004-01-29,7.260830898442238e-05,8.060087997667982e-05,calm
2004-01-30,6.808276128114739e-05,5.2655363186854285e-05,calm
2004-02-02,6.400352008983e-05,8.276496145781176e-05,calm
2004-02-03,6.047363959128208e-05,3.468135072140051e-05,calm
2004-02-04,5.7439911107254146e-05,5.854818895978196e-05,calm
2004-02-05,6.453971664500816e-05,4.500600047418261e-05,calm
2004-02-06,6.089766040031774e-05,4.4750861202062913e-05,calm
2004-02-09,5.851524040658077e-05,1.758705003074006e-05,calm
2004-02-10,5.5364944501056834e-05,2.396465451835885e-05,calm
2004-02-11,5.253378726466755e-05,4.493386620434971e-05,calm
2004-02-12,5.082678941605685e-05,2.165582981415501e-05,calm
2004-02-13,5.021613875062608e-05,4.805695896248099e-05,calm
2004-02-17,5.071320452383694e-05,4.373560722222403e-05,calm
2004-02-18,4.89129836904404e-05,1.7099794146549574e-05,calm
2004-02-19,4.938661949385216e-05,5.643173723016871e-05,calm
2004-02-20,4.8946588269672065e-05,4.8976177165165696e-05,calm
2004-02-23,4.78172233386193e-05,3.072271007076642e-05,calm
2004-02-24,4.631852048335185e-05,4.1801528184928e-05,calm
2004-02-25,4.442407335294384e-05,1.814413350414673e-05,calm
2004-02-26,4.246940773204296e-05,1.812134613660537e-05,calm
2004-02-27,4.043338240091232e-05,3.457720143099171e-05,calm
2004-03-01,3.849742847848503e-05,3.30084047095964e-05,calm
2004-03-02,3.8013495063125236e-05,3.633605420624729e-05,calm
2004-03-03,4.157390162978027e-05,2.449546262963568e-05,calm
2004-03-04,3.96117665458002e-05,1.2639581072143253e-05,calm
2004-03-05,3.77969061957574e-05,0.0001092408875262,calm
2004-03-08,3.614132342167345e-05,2.5753194154617617e-05,calm
2004-03-09,5.822424108308386e-05,5.865012042754661e-05,calm
2004-03-10,5.718577960036957e-05,5.0182507177007154e-05,calm
2004-03-11,9.810047590152184e-05,0.0001092176859828,calm
2004-03-12,0.00011733620471523833,6.976664386808508e-05,calm
2004-03-15,0.00010987798291929894,8.201414029738411e-05,calm
2004-03-16,0.00012523483201766549,8.455166175668443e-05,calm
2004-03-17,0.00011608427290554917,4.4586957281568565e-05,calm
2004-03-18,0.000108365057059076,7.043889686593408e-05,calm
2004-03-19,0.00010083839745264116,3.9519041663780586e-05,calm
2004-03-22,0.00014302388464365628,0.0001255501692582,calm
2004-03-23,0.00015700605813425545,6.745227909794062e-05,calm
2004-03-24,0.00014524663110126172,8.841276147938639e-05,calm
2004-03-25,0.00013443955323367153,6.424823288974736e-05,calm
2004-03-26,0.00012529001972340326,3.2835975217664794e-05,calm
2004-03-29,0.00011649584747873716,3.178590567856294e-05,calm
2004-03-30,0.00010891952852577546,3.857241432637164e-05,calm
2004-03-31,0.00010167495277647302,3.750687919434624e-05,calm
2004-04-01,9.507347816470538e-05,8.258610605993663e-05,calm
2004-04-05,8.909175452396252e-05,2.769297575464312e-05,calm
2004-04-06,8.360783515372393e-05,3.418841263492474e-05,calm
2004-04-07,7.99032530900126e-05,9.234176137282728e-05,calm
2004-04-12,7.582347990141969e-05,4.071674296421818e-05,calm
2004-04-13,7.140035051796151e-05,6.425772176980446e-05,calm
2004-04-14,9.653817200395733e-05,5.9177641799387486e-05,calm
2004-04-15,9.035596194215825e-05,3.233748624242546e-05,calm
2004-04-19,8.662406247768511e-05,4.292417009478386e-05,calm
2004-04-20,8.130707979959388e-05,5.630832095346389e-05,calm
2004-04-21,0.00011821022330957523,6.294623535973745e-05,calm
2004-04-22,0.00011019593507037489,3.0357593841097723e-05,calm
2004-04-26,0.0001032109420811118,4.660480074811698e-05,calm
2004-04-27,9.667758656986018e-05,5.451483881392403e-05,calm
2004-04-28,9.052678857627988e-05,8.081043888820069e-05,calm
2004-04-29,0.00010932660683695015,9.538382372455228e-05,calm
2004-05-03,0.00011300758241910815,9.427150373557812e-05,calm
2004-05-04,0.00010565667955966668,3.836488845782484e-05,calm
2004-05-05,9.878537699302867e-05,7.60281335211063e-05,calm
2004-05-06,9.254889640507741e-05,9.961025442733376e-05,calm
2004-05-10,9.720531368861098e-05,4.024072319311001e-05,calm
2004-05-11,0.00010607041268970442,0.0001274551552618,calm
2004-05-12,9.926939904415785e-05,8.209932131170614e-05,calm
2004-05-13,9.300659902415951e-05,9.621926843907416e-05,calm
2004-05-17,8.94706444111595e-05,3.9395953194299815e-05,calm
2004-05-18,9.41700126405359e-05,9.86686537030104e-05,calm
2004-05-19,8.832491050580322e-05,4.035178359879427e-05,calm
2004-05-20,8.442507543053066e-05,4.179290790636993e-05,calm
2004-05-24,7.936522892839317e-05,5.1230153682229495e-05,calm
2004-05-25,7.473052242112585e-05,2.7863456427608657e-05,calm
2004-05-26,7.086850084906989e-05,5.251121758073374e-05,calm
2004-05-27,6.69105418261213e-05,1.2069237764693068e-05,calm
2004-06-01,6.330772967325443e-05,3.385568310187234e-05,calm
2004-06-02,6.005595586381202e-05,3.8072541896442985e-05,calm
2004-06-03,5.690728351242813e-05,6.317875897821396e-05,calm
2004-06-07,6.614150841893184e-05,2.672914921510409e-05,calm
2004-06-08,6.310612853733236e-05,2.046498510355124e-05,calm
2004-06-09,5.971969955826855e-05,1.821254634582509e-05,calm
2004-06-14,6.905376422824275e-05,6.083380699398143e-05,calm
2004-06-15,7.914094267280802e-05,1.517046656254418e-05,calm
2004-06-16,7.455570334602142e-05,2.073575942602274e-05,calm
2004-06-17,7.023148150452882e-05,2.381136068270356e-05,calm
2004-06-21,6.64989930362377e-05,2.6962590883066065e-05,calm
2004-06-22,6.4695532588213e-05,2.09011844040862e-05,calm
2004-06-23,6.124390324736178e-05,1.9973600548683364e-05,calm
2004-06-24,5.821493278052846e-05,1.902370532555758e-05,calm
2004-06-28,5.6455341473674356e-05,1.5675630722967488e-05,calm
2004-06-29,5.507359192903276e-05,2.9324422786989645e-05,calm
2004-06-30,5.233203209921075e-05,4.558847742042023e-05,calm
2004-07-01,4.9843800776575356e-05,2.965733230799156e-05,calm
2004-07-06,7.57356859801783e-05,1.8665553469806154e-05,calm
2004-07-07,8.210138793621158e-05,4.254086159008393e-05,calm
2004-07-08,7.709116209489839e-05,4.270728226870934e-05,calm
2004-07-12,7.914920642255487e-05,8.971083163326272e-06,calm
2004-07-13,7.43913365948021e-05,6.267228165025885e-05,calm
2004-07-14,7.006349386000829e-05,2.9659089386180835e-05,calm
2004-07-15,6.722338213427228e-05,3.768872433914414e-05,calm
2004-07-19,6.9087972477106e-05,3.930473556811868e-05,calm
2004-07-20,6.748921730486223e-05,5.874017661897356e-05,calm
2004-07-21,6.42103959000682e-05,8.039336687104356e-05,calm
2004-07-22,0.00011013216264068451,5.332088284227309e-05,calm
2004-07-26,0.00010268857901914063,4.178087958711557e-05,calm
2004-07-27,9.636275328085488e-05,7.185965149762403e-05,calm
2004-07-28,9.049553153770547e-05,4.283496445307457e-05,calm
2004-07-29,8.493237516917872e-05,2.8759359970082107e-05,calm
2004-08-02,7.987820772211533e-05,2.559403484988062e-05,calm
2004-08-03,7.522330138817045e-05,4.649421378265179e-05,calm
2004-08-04,7.897618201298849e-05,5.089524964613041e-05,calm
2004-08-05,7.438776666357775e-05,9.310910478276804e-05,calm
2004-08-09,0.00010761738937001404,4.235918848575945e-05,calm
2004-08-10,0.00010057625127565976,0.000106615456384,calm
2004-08-11,9.459645630697043e-05,5.057373518265611e-05,calm
2004-08-12,8.917738846942066e-05,4.433847293301378e-05,calm
2004-08-16,0.00010000026868513639,3.1006703684964066e-05,calm
2004-08-17,9.393284651161906e-05,4.686626960269624e-05,calm
2004-08-18,8.822088283115037e-05,3.815873751643198e-05,calm
2004-08-19,8.310352807542937e-05,2.6390427188093405e-05,calm
2004-08-23,7.922947534869293e-05,3.4231125747722495e-05,calm
2004-08-24,7.540375348723823e-05,2.759731053481776e-05,calm
2004-08-25,7.115379015533536e-05,1.5073402594493956e-05,calm
2004-08-26,6.73121881145677e-05,9.574371923892922e-06,calm
2004-08-30,6.366746223705995e-05,2.8047606015009595e-05,calm
2004-08-31,6.941823836725823e-05,3.0425982182419896e-05,calm
2004-09-01,6.566470875184331e-05,1.9551714467397137e-05,calm
2004-09-02,6.214107262979347e-05,2.60606055105332e-05,calm
2004-09-07,5.919389603504308e-05,2.274243297806097e-05,calm
2004-09-08,5.6272293328586734e-05,3.1993060329525735e-05,calm
2004-09-09,5.416217430135557e-05,2.897432488815208e-05,calm
2004-09-13,5.1524371319689e-05,1.434966281000752e-05,calm
2004-09-14,4.9037219062997897e-05,2.2377523033820985e-05,calm
2004-09-15,4.668408789156785e-05,1.2610326252627773e-05,calm
2004-09-16,5.23761301353194e-05,2.3171616920976163e-05,calm
2004-09-20,4.9803208890025744e-05,1.5660752281588137e-05,calm
2004-09-21,5.223350415279735e-05,5.7548189795053e-05,calm
2004-09-22,4.9695099276354984e-05,2.677975782617993e-05,calm
2004-09-23,6.91467105302504e-05,1.723573894888711e-05,calm
2004-09-27,6.897781976863747e-05,2.4010680108981e-05,calm
2004-09-28,7.040498064867178e-05,2.4855104597581503e-05,calm
2004-09-29,6.645418052910161e-05,2.8325689436875165e-05,calm
2004-09-30,6.283385309469519e-05,3.3225022488154e-05,calm
2004-10-04,5.945337865226e-05,2.027711933198608e-05,calm
2004-10-05,5.631679149032749e-05,1.6897573713299464e-05,calm
2004-10-06,5.3404213932239544e-05,1.61697043963027e-05,calm
2004-10-07,5.086595456088863e-05,2.955327722998703e-05,calm
2004-10-12,6.409624799260347e-05,4.373260934313432e-05,calm
2004-10-13,6.243321753680884e-05,2.6824084809833783e-05,calm
2004-10-14,6.937604638751675e-05,5.3230498235616505e-05,calm
2004-10-18,7.403273074015599e-05,3.3589967210355955e-05,calm
2004-10-19,6.975353029686177e-05,5.379510947431661e-05,calm
2004-10-20,7.51279350474291e-05,5.0166302303134735e-05,calm
2004-10-21,7.111498801155317e-05,3.627708272348647e-05,calm
2004-10-25,6.719430805795325e-05,3.938181052507464e-05,calm
2004-10-26,6.356435550688446e-05,4.707750723028362e-05,calm
2004-10-27,6.0754817620946955e-05,3.445948108293571e-05,calm
2004-10-28,5.7944167737656074e-05,2.9219276576608413e-05,calm
2004-11-01,5.49755441010375e-05,1.543053972137845e-05,calm
2004-11-02,5.221610316036783e-05,4.7029373562063945e-05,calm
2004-11-03,4.962116977266632e-05,0.0002290475182417,calm
2004-11-04,4.7823644313521284e-05,3.412224664175711e-05,calm
2004-11-05,4.636768263416725e-05,4.152233972752128e-05,calm
2004-11-08,4.4428873756072603e-05,2.0279031954573085e-05,calm
2004-11-09,4.2668641605780636e-05,2.337577289797733e-05,calm
2004-11-10,4.1235974859701665e-05,2.72746346160913e-05,calm
2004-11-11,3.941829576912627e-05,2.183518996113652e-05,calm
2004-11-12,3.810651110238647e-05,1.4740762033689898e-05,calm
2004-11-15,3.695046764823316e-05,2.7330807067689407e-05,calm
2004-11-16,3.5428764081050384e-05,2.4022032195980648e-05,calm
2004-11-17,4.117097878022565e-05,4.764547939475519e-05,calm
2004-11-18,3.956100451788209e-05,1.807258079870548e-05,calm
2004-11-19,3.7843637686769515e-05,3.339072756184021e-05,calm
2004-11-22,5.3615546281046834e-05,2.115910638294614e-05,calm
2004-11-23,5.0968698624125866e-05,2.8939995465948583e-05,calm
2004-11-24,4.8434201375245944e-05,1.817375054347309e-05,calm
2004-11-26,4.610063437557016e-05,6.9294709887614594e-06,calm
2004-11-29,4.396580355554991e-05,4.976157720190865e-05,calm
2004-11-30,4.46652077386067e-05,2.999450821740443e-05,calm
2004-12-01,4.256074969964183e-05,3.0809521325215374e-05,calm
2004-12-02,4.132721473544721e-05,2.6607529168391093e-05,calm
2004-12-03,3.9473764853624974e-05,4.964696746638946e-05,calm
2004-12-06,3.7775814278458866e-05,2.327480025736807e-05,calm
2004-12-07,3.6135752680363266e-05,3.7054910737959184e-05,calm
2004-12-08,4.6632200986711225e-05,2.5115345603359603e-05,calm
2004-12-09,4.453031630274243e-05,4.259258668109634e-05,calm
2004-12-10,4.247023006610686e-05,2.391305135215696e-05,calm
2004-12-13,4.0487284918312746e-05,3.15896106008939e-05,calm
2004-12-14,3.909202015422776e-05,1.5006731717879218e-05,calm
2004-12-15,3.7410758056119303e-05,2.323479493696384e-05,calm
2004-12-16,3.57569868541082e-05,3.356420948135235e-05,calm
2004-12-17,3.423448411797946e-05,4.728763038046928e-05,calm
2004-12-20,5.077964715327896e-05,4.61617722939268e-05,calm
2004-12-21,4.815196264057213e-05,2.2023389781050527e-05,calm
2004-12-22,4.6029223039863084e-05,1.7205482668070214e-05,calm
2004-12-23,4.3796342442704115e-05,1.1091437024996344e-05,calm
2004-12-27,4.169764885199502e-05,2.833356309595392e-05,calm
2004-12-28,4.029010175860756e-05,1.9559380068330456e-05,calm
2004-12-29,3.8590876865088076e-05,7.845495953125145e-06,calm
2004-12-30,3.684405415455601e-05,5.985971865798163e-06,calm
2004-12-31,3.566191328137917e-05,8.034036374705617e-06,calm
2005-01-03,3.4680952233894214e-05,4.5901741636569045e-05,calm
2005-01-04,3.613066498683154e-05,4.811579241064164e-05,calm
2005-01-05,5.494281648163527e-05,4.540723082624014e-05,calm
2005-01-06,5.822875062378848e-05,3.700410634180749e-05,calm
2005-01-07,5.5130302156236564e-05,3.716516076401826e-05,calm
2005-01-10,5.2391764766503225e-05,2.966732963089849e-05,calm
2005-01-11,4.9751911029857665e-05,2.9697495360681423e-05,calm
2005-01-12,5.33572582077272e-05,5.238506417245631e-05,calm
2005-01-13,5.060088598312075e-05,2.5234357658269245e-05,calm
2005-01-14,5.6312922520162304e-05,2.4280475471344816e-05,calm
2005-01-18,5.341074984675088e-05,2.4500495574137305e-05,calm
2005-01-19,5.1060679978132004e-05,1.9493173782438938e-05,calm
2005-01-20,6.281295139954164e-05,5.444340367375013e-05,calm
2005-01-21,6.403667542165213e-05,3.761664613891408e-05,calm
2005-01-24,6.5210669203375e-05,4.570744942282567e-05,calm
2005-01-25,6.198126112182177e-05,3.6899261144152046e-05,calm
2005-01-26,5.861555910844638e-05,3.8513412579391965e-05,calm
2005-01-27,5.553308040281532e-05,2.1584324942661908e-05,calm
2005-01-28,5.266054554764399e-05,2.993117401109172e-05,calm
2005-01-31,4.999233614604448e-05,4.431068050828149e-05,calm
2005-02-01,4.764185966486963e-05,1.4798225701036466e-05,calm
2005-02-02,4.5463462932345556e-05,1.9513862026098592e-05,calm
2005-02-03,4.3330508341773766e-05,2.469461371866069e-05,calm
2005-02-04,4.210405463961353e-05,1.8313395349065035e-05,calm
2005-02-07,4.060383550916729e-05,1.1611466095387856e-05,calm
2005-02-08,3.89620557184039e-05,1.3232728308288593e-05,calm
2005-02-09,3.7221512876989225e-05,2.573482651804878e-05,calm
2005-02-10,4.274726042811194e-05,2.4809935186810416e-05,calm
2005-02-11,4.07953722417563e-05,3.52411713032392e-05,calm
2005-02-14,3.923491539184463e-05,8.127278889610916e-06,calm
2005-02-15,3.75189066141565e-05,1.4845581397811394e-05,calm
2005-02-16,3.591491962056537e-05,2.019044949548738e-05,calm
2005-02-17,3.433401112157275e-05,2.5371439544972893e-05,calm
2005-02-18,4.130595893658188e-05,1.6333220822757518e-05,calm
2005-02-22,3.937095198882846e-05,3.854942116817373e-05,calm
2005-02-23,6.646049871034559e-05,3.4154610296020106e-05,calm
2005-02-24,6.287401037043821e-05,3.543161090446478e-05,calm
2005-02-25,5.954128016155305e-05,2.27423891499525e-05,calm
2005-02-28,5.665810182187548e-05,2.9104739696092604e-05,calm
2005-03-01,5.9132955752757457e-05,2.795330027000681e-05,calm
2005-03-02,5.6025954691790717e-05,5.0283135564015925e-05,calm
2005-03-03,5.310920456669161e-05,3.476102448657902e-05,calm
2005-03-04,5.0393376974949836e-05,3.558380653537219e-05,calm
2005-03-07,4.8328259131511844e-05,1.6634682415824848e-05,calm
2005-03-08,4.596446663258726e-05,2.1564919077918577e-05,calm
2005-03-09,4.549372970216965e-05,3.612923278728716e-05,calm
2005-03-10,5.906331067488486e-05,3.912634524845677e-05,calm
2005-03-11,5.592290362270749e-05,4.1900997244965184e-05,calm
2005-03-14,5.912827373310837e-05,2.455732000593863e-05,calm
2005-03-15,5.61026168863067e-05,2.7189369947552305e-05,calm
2005-03-16,6.1690946255307e-05,3.5446681546016244e-05,calm
2005-03-17,6.735819642489594e-05,2.198304963572684e-05,calm
2005-03-18,6.361857354446927e-05,2.9838831792945063e-05,calm
2005-03-21,6.595482415724227e-05,3.986068960539432e-05,calm
2005-03-22,6.395273068730428e-05,5.4828154501861945e-05,calm
2005-03-23,7.328768682482173e-05,3.629022295562797e-05,calm
2005-03-24,6.91306805855334e-05,3.007413768403363e-05,calm
2005-03-28,6.532014043155432e-05,3.997856429236904e-05,calm
2005-03-29,6.181104991367158e-05,3.314672438760096e-05,calm
2005-03-30,6.382447391411285e-05,2.339500531760073e-05,calm
2005-03-31,6.089618735115874e-05,7.812622258153005e-05,calm
2005-04-04,5.8081625462037375e-05,2.999979125429709e-05,calm
2005-04-05,5.5115666264505837e-05,3.059247858653413e-05,calm
2005-04-06,5.240105636326192e-05,1.9685348575702457e-05,calm
2005-04-07,4.984915456515312e-05,2.0843878319823105e-05,calm
2005-04-11,4.750436205579352e-05,4.612551477471924e-05,calm
2005-04-12,4.524588521593398e-05,3.5082507729446465e-05,calm
2005-04-13,4.3199678595247226e-05,5.496686708050335e-05,calm
2005-04-14,5.834881429613958e-05,7.690490710534502e-05,calm
2005-04-18,7.636019499936e-05,4.662886915754695e-05,calm
2005-04-19,7.201940875932744e-05,6.187588958799296e-05,calm
2005-04-20,6.817985694724453e-05,9.899925296468038e-05,calm
2005-04-21,8.863913260015395e-05,8.387154474053629e-05,calm
2005-04-25,8.458214811630223e-05,4.090027441636769e-05,calm
2005-04-26,7.968063074632526e-05,6.019719051789494e-05,calm
2005-04-27,8.687956684008979e-05,5.632380158684504e-05,calm
2005-04-28,8.175612556769286e-05,8.969823386297989e-05,calm
2005-05-02,9.683345384841238e-05,8.435956105689265e-05,calm
2005-05-03,9.100207937986362e-05,4.082708713099356e-05,calm
2005-05-04,8.558169680103776e-05,6.433774512715805e-05,calm
2005-05-05,8.071487929647808e-05,3.8724063986449417e-05,calm
2005-05-09,7.612383993869733e-05,5.877995875066447e-05,calm
2005-05-10,7.193246824433448e-05,4.273662622014396e-05,calm
2005-05-11,8.11353289459048e-05,4.763067827268298e-05,calm
2005-05-12,7.657152230645747e-05,8.026906814221484e-05,calm
2005-05-16,8.716032418768565e-05,3.313599100492888e-05,calm
2005-05-17,8.22547363420606e-05,4.315829224971817e-05,calm
2005-05-18,7.763826648250391e-05,2.511539532305968e-05,calm
2005-05-19,7.34325060773358e-05,2.051845986491614e-05,calm
2005-05-23,6.942289450818416e-05,2.849458714009533e-05,calm
2005-05-24,6.571253900047915e-05,1.923418569807457e-05,calm
2005-05-25,6.28440257096166e-05,1.896315609791601e-05,calm
2005-05-26,5.9604030411660956e-05,6.953594843349292e-06,calm
2005-05-31,5.656862305727093e-05,4.6049230549069547e-05,calm
2005-06-01,5.863835453316891e-05,2.1572037012082583e-05,calm
2005-06-02,5.5732398854833656e-05,2.600903120366915e-05,calm
2005-06-06,5.2918496241376845e-05,3.879277790136503e-05,calm
2005-06-07,5.035912836080244e-05,1.908267867937516e-05,calm
2005-06-08,4.7873794826706446e-05,3.383439282639542e-05,calm
2005-06-09,4.5919454144680824e-05,1.849932983329848e-05,calm
2005-06-13,4.3768107694301974e-05,2.0947875074852103e-05,calm
2005-06-14,4.1711730080367324e-05,3.092141533222931e-05,calm
2005-06-15,3.976021311070435e-05,1.7812457179554253e-05,calm
2005-06-16,3.791434594380952e-05,3.0575434205190355e-05,calm
2005-06-20,3.6186221638000225e-05,1.8882020747211664e-05,calm
2005-06-21,3.4520959122361524e-05,3.133421211333544e-05,calm
2005-06-22,3.294504066225424e-05,3.825981399979101e-05,calm
2005-06-23,3.145435845755433e-05,2.4366261268762982e-05,calm
2005-06-27,5.599769399115646e-05,1.791375935592916e-05,calm
2005-06-28,5.305989269446922e-05,1.6968793232364282e-05,calm
2005-06-29,5.0488411327458403e-05,3.111782425387137e-05,calm
2005-06-30,4.879698319612056e-05,3.2985587000091137e-05,calm
2005-07-05,4.996964318127939e-05,2.2667685602973467e-05,calm
2005-07-06,4.761332339325946e-05,8.381835669036773e-05,calm
2005-07-07,5.397221537489313e-05,2.0852249796776843e-05,calm
2005-07-11,5.122420065628164e-05,2.2023717503727743e-05,calm
2005-07-12,4.869728436906123e-05,1.4936253059586477e-05,calm
2005-07-13,4.6305376629539315e-05,4.8912138019135416e-05,calm
2005-07-14,4.406477636120593e-05,1.2216940879486834e-05,calm
2005-07-18,4.200247516850187e-05,3.368803054471808e-05,calm
2005-07-19,4.196241745028505e-05,3.06600303744555e-05,calm
2005-07-20,4.0076425624830994e-05,5.317992325315859e-05,calm
2005-07-21,3.826257910336429e-05,2.015624366034149e-05,calm
2005-07-25,4.071813564921464e-05,2.249484137344417e-05,calm
2005-07-26,3.9777366527826585e-05,1.9861688987419822e-05,calm
2005-07-27,3.7939465415877343e-05,2.0693676357483468e-05,calm
2005-07-28,3.6255968329930906e-05,1.5163854141479549e-05,calm
2005-08-01,3.4779224396079036e-05,1.2862996648590173e-05,calm
2005-08-02,3.329866144369612e-05,1.2566415835997024e-05,calm
2005-08-03,3.2005686979853906e-05,1.613325908824546e-05,calm
2005-08-04,3.065299004684954e-05,1.958530009370837e-05,calm
2005-08-08,3.7503683867246126e-05,3.086216032325034e-05,calm
2005-08-09,3.6194786780193363e-05,4.6928743703113045e-05,calm
2005-08-10,3.469406224007562e-05,3.3728975472054104e-05,calm
2005-08-11,3.316645424373347e-05,2.8574747264927967e-05,calm
2005-08-15,3.177161501236861e-05,2.96828932659976e-05,calm
2005-08-16,3.057732293921683e-05,3.0370486727722663e-05,calm
2005-08-17,5.078090920777214e-05,2.700724558616188e-05,calm
2005-08-18,4.812467127749076e-05,1.8581822715203723e-05,calm
2005-08-22,4.567126106218594e-05,2.179799532853289e-05,calm
2005-08-23,4.34054021403691e-05,3.658470099731825e-05,calm
2005-08-24,4.1715427775680766e-05,1.5997436972118984e-05,calm
2005-08-25,4.942384108859482e-05,3.063198071331879e-05,calm
2005-08-29,4.693991956511416e-05,5.07387240882254e-05,calm
2005-08-30,4.4784769987796495e-05,5.462548502244964e-05,calm
2005-08-31,4.59095123482965e-05,5.610150949666649e-05,calm
2005-09-01,4.4142341185879786e-05,2.281686464852555e-05,calm
2005-09-06,4.206542376808026e-05,1.6159575246402022e-05,calm
2005-09-07,4.049320666464152e-05,1.972800316256676e-05,calm
2005-09-08,3.862173526257629e-05,1.8209318336989488e-05,calm
2005-09-12,3.819381089669821e-05,2.356127647573038e-05,calm
2005-09-13,3.694309525807697e-05,2.453604912012196e-05,calm
2005-09-14,3.9032061004060786e-05,3.164011968956482e-05,calm
2005-09-15,3.8820709651440264e-05,2.7880285094037205e-05,calm
2005-09-19,3.7059241259315055e-05,3.740111023942561e-05,calm
2005-09-20,3.6693166718489114e-05,3.457724285097569e-05,calm
2005-09-21,4.372659961762173e-05,5.148428271294945e-05,calm
2005-09-22,5.223669391055488e-05,2.466406603103198e-05,calm
2005-09-26,4.954758429671057e-05,3.200960538273306e-05,calm
2005-09-27,4.7021422840654224e-05,2.598506303239372e-05,calm
2005-09-28,4.4678586873898574e-05,4.144167384861928e-05,calm
2005-09-29,4.250978133969408e-05,1.9014888745876485e-05,calm
2005-10-03,4.069021682226716e-05,3.759356113683181e-05,calm
2005-10-04,4.0276988041889826e-05,5.848447156697858e-05,calm
2005-10-05,5.37245517616576e-05,0.0001003484682485,calm
2005-10-06,7.20679029891696e-05,4.514731813742246e-05,calm
2005-10-10,6.936787811010358e-05,5.726968858401061e-05,calm
2005-10-11,7.402491561798881e-05,7.76256646249013e-05,calm
2005-10-12,6.993980699697683e-05,9.162665707017618e-05,calm
2005-10-13,7.332469063949137e-05,6.765931071258134e-05,calm
2005-10-17,6.916658655926364e-05,3.0089507799808705e-05,calm
2005-10-18,6.537171667211282e-05,7.918817896031006e-05,calm
2005-10-19,7.574185261917741e-05,9.591824121340194e-05,calm
2005-10-20,7.223713230362012e-05,8.151648544295895e-05,calm
2005-10-24,0.00010684927038761812,4.71695635441993e-05,calm
2005-10-25,0.0001010436827195953,6.579726674142392e-05,calm
2005-10-26,9.51709534957422e-05,3.3405306250097035e-05,calm
2005-10-27,9.0340554287089e-05,7.62132467527258e-05,calm
2005-10-31,9.880771084750838e-05,3.806864662807372e-05,calm
2005-11-01,9.28031391002549e-05,2.071472277347303e-05,calm
2005-11-02,8.729382480138493e-05,2.78925007247656e-05,calm
2005-11-03,8.239236885470745e-05,3.846580900875449e-05,calm
2005-11-04,7.770120838867565e-05,3.145858659111887e-05,calm
2005-11-07,7.350392345272277e-05,2.405023865787716e-05,calm
2005-11-08,6.944365955997511e-05,2.551137965097868e-05,calm
2005-11-09,6.567134149635812e-05,2.5009885733389208e-05,calm
2005-11-10,6.21617771258259e-05,4.20688067707311e-05,calm
2005-11-11,5.89487447207134e-05,5.921464730879728e-06,calm
2005-11-14,5.5901109188079414e-05,1.5318954687525145e-05,calm
2005-11-15,5.3054311106284245e-05,2.532872748613692e-05,calm
2005-11-16,5.187523328017326e-05,2.319535882927661e-05,calm
2005-11-17,4.926271128519766e-05,2.2121223384277625e-05,calm
2005-11-18,4.6977902024696115e-05,2.884746034356546e-05,calm
2005-11-21,4.47052069111242e-05,1.5727193075837816e-05,calm
2005-11-22,4.259790112132927e-05,2.136779765765257e-05,calm
2005-11-23,4.060591539852496e-05,1.3935917524098171e-05,calm
2005-11-25,3.878663688528896e-05,5.292996952738535e-06,calm
2005-11-28,3.6962792227461824e-05,1.6452394237746657e-05,calm
2005-11-29,4.139733540531728e-05,3.336847674191574e-05,calm
2005-11-30,3.956603886696384e-05,3.0834080480860925e-05,calm
2005-12-01,4.12080003986745e-05,4.791793888147823e-05,calm
2005-12-02,3.951755791405581e-05,1.310105167709827e-05,calm
2005-12-05,3.768660336578557e-05,1.920120215506316e-05,calm
2005-12-06,3.648161517395169e-05,3.2799740667172914e-05,calm
2005-12-07,3.483169945982321e-05,2.8351917133695523e-05,calm
2005-12-08,3.742877249800257e-05,4.0919003996538864e-05,calm
2005-12-09,3.574537819262177e-05,2.210568464310617e-05,calm
2005-12-12,3.4146678570302184e-05,2.0975064420046447e-05,calm
2005-12-13,3.262227541257341e-05,2.5940166378021988e-05,calm
2005-12-14,3.137078756051701e-05,1.9782026586472794e-05,calm
2005-12-15,3.0073526909865645e-05,2.1261330076920137e-05,calm
2005-12-16,2.9806770922838756e-05,2.079832551752129e-05,calm
2005-12-19,3.7538471298545084e-05,2.0906488258439613e-05,calm
2005-12-20,3.899412407162746e-05,1.700886300234145e-05,calm
2005-12-21,3.7146588939081856e-05,3.322462060617423e-05,calm
2005-12-22,3.542774258370922e-05,1.4802547841585071e-05,calm
2005-12-23,3.3897159771232354e-05,6.242016936010334e-06,calm
2005-12-27,3.237100269556487e-05,3.080193763460183e-05,calm
2005-12-28,4.3808277419690435e-05,1.3347128501126844e-05,calm
2005-12-29,4.16256687083613e-05,1.5030119589318696e-05,calm
2005-12-30,4.1945089484528165e-05,2.7625515164712065e-05,calm
2006-01-03,4.341300177756588e-05,6.550958226986926e-05,calm
2006-01-04,4.212306677245191e-05,2.99964857988114e-05,calm
2006-01-05,4.01179067569729e-05,2.00727538030809e-05,calm
2006-01-06,3.8192670785471164e-05,5.783084066735448e-05,calm
2006-01-09,3.659796263755159e-05,1.2946303918073402e-05,calm
2006-01-10,3.4927292057300964e-05,2.454498754089105e-05,calm
2006-01-11,3.334937514934436e-05,1.9371220562194148e-05,calm
2006-01-12,3.1895556108625395e-05,1.3941632730994012e-05,calm
2006-01-13,3.242299155620653e-05,1.803288757845814e-05,calm
2006-01-17,3.1083870028692286e-05,2.525145744680113e-05,calm
2006-01-18,3.062751061885649e-05,3.1789174910290275e-05,calm
2006-01-19,3.1238001882901815e-05,2.2086407803363955e-05,calm
2006-01-20,2.992471452444473e-05,4.164286758383666e-05,calm
2006-01-23,7.12810430862735e-05,2.390481474959569e-05,calm
2006-01-24,6.702712545973538e-05,2.696126189647672e-05,calm
2006-01-25,6.310855669490402e-05,6.032708418760052e-05,calm
2006-01-26,5.953437884489055e-05,5.4023824152919454e-05,calm
2006-01-27,5.63483624941986e-05,2.657714534350269e-05,calm
2006-01-30,5.3547273377951665e-05,1.0909909929678137e-05,calm
2006-01-31,5.080597507319191e-05,2.715620021860394e-05,calm
2006-02-01,5.464184982012136e-05,3.478004094315291e-05,calm
2006-02-02,5.1876012938009296e-05,4.0408698199216375e-05,calm
2006-02-03,6.56207005530716e-05,5.241333903434699e-05,calm
2006-02-06,6.48638480053033e-05,2.243148605695374e-05,calm
2006-02-07,6.12706930052149e-05,4.118616951794815e-05,calm
2006-02-08,6.734143175565974e-05,1.9398040215845905e-05,calm
2006-02-09,6.377811177091986e-05,2.2015184183145293e-05,calm
2006-02-10,6.058188159658179e-05,4.1278649442193335e-05,calm
2006-02-13,5.734229939333637e-05,2.178121159393728e-05,calm
2006-02-14,5.470064619777428e-05,2.7002608132455776e-05,calm
2006-02-15,5.206195163259348e-05,4.136803863061303e-05,calm
2006-02-16,4.9454012856225874e-05,1.288318362253558e-05,calm
2006-02-17,4.708830635836925e-05,1.078149890078717e-05,calm
2006-02-21,4.563995648333004e-05,2.613943204010344e-05,calm
2006-02-22,4.41462500435795e-05,1.8268895804869863e-05,calm
2006-02-23,4.21139504362754e-05,2.755517345759565e-05,calm
2006-02-24,4.038351712710099e-05,1.349439143439122e-05,calm
2006-02-27,3.8539375659176426e-05,1.580164274883552e-05,calm
2006-02-28,3.679233953195043e-05,3.50421813868333e-05,calm
2006-03-01,4.5945923741027106e-05,1.695468786804152e-05,calm
2006-03-02,4.3854052310125514e-05,3.0247823247216044e-05,calm
2006-03-03,4.1764001640384384e-05,3.851043258183827e-05,calm
2006-03-06,4.2323619159183404e-05,2.638660774327473e-05,calm
2006-03-07,4.277203279062751e-05,3.0281178682311728e-05,calm
2006-03-08,4.1009183587331874e-05,3.260250452562999e-05,calm
2006-03-09,3.9113506833547506e-05,1.879239112449381e-05,calm
2006-03-10,4.2607906652173206e-05,3.3172003336672044e-05,calm
2006-03-13,4.077679107706691e-05,1.8379906091064248e-05,calm
2006-03-14,3.889233970222091e-05,1.7343582482868603e-05,calm
2006-03-15,3.7368924375155574e-05,1.4774229330184016e-05,calm
2006-03-16,3.5749571393886395e-05,2.078524109804008e-05,calm
2006-03-17,3.418884436614148e-05,1.1901484888850126e-05,calm
2006-03-20,3.385473295971846e-05,1.6749856394326092e-05,calm
2006-03-21,3.26831333908447e-05,2.4461627228568748e-05,calm
2006-03-22,3.6004049597404664e-05,1.8461006909594467e-05,calm
2006-03-23,3.4506647732966376e-05,1.883971043070543e-05,calm
2006-03-24,3.3485894643739843e-05,1.7053066159512233e-05,calm
2006-03-27,3.203751019698929e-05,3.095024450966714e-05,calm
2006-03-28,3.090571518067102e-05,2.4142056492579336e-05,calm
2006-03-29,3.41290400611321e-05,3.858341530803866e-05,calm
2006-03-30,3.2756190861375515e-05,2.455841313999867e-05,calm
2006-04-03,3.168834961078548e-05,2.7103277161483296e-05,calm
2006-04-04,3.0392016854858722e-05,2.5010793987869663e-05,calm
2006-04-05,2.9276162298104652e-05,2.431446065117456e-05,calm
2006-04-06,2.8114550318936206e-05,4.921028090193077e-05,calm
2006-04-10,2.7092266943278437e-05,4.039460873516393e-05,calm
2006-04-11,2.6005196480838295e-05,2.017601665360685e-05,calm
2006-04-12,3.377438261913667e-05,2.3542130582969885e-05,calm
2006-04-17,3.2271503777670536e-05,5.889939146255047e-05,calm
2006-04-18,3.0865663158097944e-05,3.358045596543012e-05,calm
2006-04-19,3.05104181734968e-05,3.70580299545061e-05,calm
2006-04-20,2.9257820698835573e-05,2.884519803163854e-05,calm
2006-04-24,2.806746491134078e-05,3.06228595817359e-05,calm
2006-04-25,2.7337715373066817e-05,4.206147676224752e-05,calm
2006-04-26,2.83139745148059e-05,0.0001157893059911,calm
2006-04-27,2.7156779224845428e-05,2.395760681170949e-05,calm
2006-05-01,2.6180960294640983e-05,2.6729858019605345e-05,calm
2006-05-02,3.3300929613879e-05,2.253747380875809e-05,calm
2006-05-03,3.204121442709501e-05,1.9101556159692538e-05,calm
2006-05-04,3.231743996344451e-05,3.581759893345211e-05,calm
2006-05-08,3.0952475074687236e-05,5.2811202004674094e-06,calm
2006-05-09,2.979348466061344e-05,2.545807792597465e-05,calm
2006-05-10,2.8550663157293317e-05,3.4688910732961645e-05,calm
2006-05-11,2.7395797435616225e-05,7.03465158033034e-05,calm
2006-05-15,4.421431766026139e-05,2.967451301973849e-05,calm
2006-05-16,4.1974776103716424e-05,8.62964180647739e-05,calm
2006-05-17,4.013986804835034e-05,5.775689710853748e-05,calm
2006-05-18,8.393886431165745e-05,8.85207010353377e-05,calm
2006-05-22,8.172651399225788e-05,7.474737073904105e-05,calm
2006-05-23,8.384995672690147e-05,0.0001568220245815,calm
2006-05-24,8.576535778785382e-05,4.735913249411477e-05,calm
2006-05-25,8.073488612374566e-05,1.4269276366805604e-05,calm
2006-05-30,7.642732261178777e-05,6.797333263303817e-05,calm
2006-05-31,0.000112008743671365,4.05155030058163e-05,calm
2006-06-01,0.00010517232512754491,5.4485833040060406e-05,calm
2006-06-05,9.870388098774365e-05,9.813495007227456e-05,calm
2006-06-06,0.00011955839951356148,6.42049480740768e-05,calm
2006-06-07,0.00011235798642491208,0.0001609976568298,calm
2006-06-08,0.00011205965857562225,5.848441991708481e-05,calm
2006-06-12,0.00010496009084426184,0.0001551810673886,calm
2006-06-13,0.00011294150638279457,8.929928043441164e-05,calm
2006-06-14,0.00012251783199781344,6.837686572454833e-05,calm
2006-06-15,0.00011478379253000479,4.456046311560157e-05,calm
2006-06-19,0.00010843953229539565,4.161435722005943e-05,calm
2006-06-20,0.00010923454389276548,3.980550592975142e-05,calm
2006-06-21,0.0001023962497128357,3.907099249013956e-05,calm
2006-06-22,9.615557039546288e-05,5.182735232282784e-05,calm
2006-06-26,9.262151354691258e-05,3.15743620689587e-05,calm
2006-06-27,8.708008690395413e-05,2.969139376904296e-05,calm
2006-06-28,9.098282750494527e-05,9.942451819995536e-05,calm
2006-06-29,8.559174448770082e-05,2.5934256244406105e-05,calm
2006-07-05,8.085421565899967e-05,2.973056588367171e-05,calm
2006-07-06,8.006187978828781e-05,3.229603863295765e-05,calm
2006-07-10,7.541206891942189e-05,3.95611976834746e-05,calm
2006-07-11,7.108139613729544e-05,2.916054476288056e-05,calm
2006-07-12,6.706490924264785e-05,5.791651198532688e-05,calm
2006-07-13,7.728839700624455e-05,7.669155188587427e-05,calm
2006-07-17,0.00010565559402033375,7.751915591055189e-05,calm
2006-07-18,9.932740150312408e-05,8.937524434491545e-05,calm
2006-07-19,9.330321464724904e-05,3.443352985324364e-05,calm
2006-07-20,8.788458948554286e-05,7.415385800959147e-05,calm
2006-07-24,8.832352865363255e-05,5.6479841502276246e-05,calm
2006-07-25,8.334659794889957e-05,4.4996953590506045e-05,calm
2006-07-26,7.846673358330779e-05,5.98007417014539e-05,calm
2006-07-27,7.392787381021222e-05,5.050025682248678e-05,calm
2006-07-31,6.979280788323557e-05,3.4875652513479095e-05,calm
2006-08-01,6.59510461038659e-05,4.157416794592438e-05,calm
2006-08-02,6.517877127624589e-05,5.576825352845317e-05,calm
2006-08-03,6.159827072846676e-05,4.629293118546689e-05,calm
2006-08-07,5.820861206606949e-05,7.044880302316272e-05,calm
2006-08-08,5.566566427787358e-05,7.272535548833909e-05,calm
2006-08-09,5.4412541697762086e-05,4.60069380914304e-05,calm
2006-08-10,5.2836875013717855e-05,2.346482587576496e-05,calm
2006-08-14,5.002837857495217e-05,6.035608618960762e-05,calm
2006-08-15,4.737711367034448e-05,2.03979011558099e-05,calm
2006-08-16,4.529945294393401e-05,1.7628337647109112e-05,calm
2006-08-17,4.319582618776394e-05,1.5944874786718075e-05,calm
2006-08-21,4.103754321991752e-05,1.79286418692486e-05,calm
2006-08-22,4.1271828823578907e-05,1.713952015572996e-05,calm
2006-08-23,3.9219121566993964e-05,2.274404560423668e-05,calm
2006-08-24,3.8232715019314166e-05,1.481886371278123e-05,calm
2006-08-28,3.644985874650405e-05,1.8437567600561787e-05,calm
2006-08-29,3.480447602285767e-05,1.591014999393216e-05,calm
2006-08-30,3.317092206489159e-05,8.65709378512243e-06,calm
2006-08-31,3.163305748694273e-05,2.6818486129431844e-05,calm
2006-09-05,3.0188193611816483e-05,2.255588632588384e-05,calm
2006-09-06,2.885529865666929e-05,3.645449597785752e-05,calm
2006-09-07,3.7891918416570856e-05,1.77815129335666e-05,calm
2006-09-11,3.874568957885407e-05,2.016111071276435e-05,calm
2006-09-12,3.687775672037161e-05,1.2830292710308151e-05,calm
2006-09-13,3.534335911931823e-05,1.3596267154475135e-05,calm
2006-09-14,3.375190316952284e-05,2.812030605765717e-05,calm
2006-09-18,3.222317515637423e-05,1.9445172853326387e-05,calm
2006-09-19,3.079486539364177e-05,3.690597187038145e-05,calm
2006-09-20,3.0238247867049535e-05,3.333717340972816e-05,calm
2006-09-21,2.9027154415293627e-05,1.849905728730936e-05,calm
2006-09-25,3.0827509562421095e-05,2.887975121088769e-05,calm
2006-09-26,2.967185460232997e-05,3.2985468982108414e-05,calm
2006-09-27,2.865272599830192e-05,1.6545772860181013e-05,calm
2006-09-28,2.74674748324518e-05,1.0293680786142047e-05,calm
2006-10-02,2.6363150194584432e-05,2.459948531719992e-05,calm
2006-10-03,2.7148033013024265e-05,2.021121121287753e-05,calm
2006-10-04,2.605651842627658e-05,1.3167416455492236e-05,calm
2006-10-05,2.5658736320210794e-05,3.344378818346737e-05,calm
2006-10-09,2.469099075518838e-05,1.3741346810826676e-05,calm
2006-10-10,2.3759778217682442e-05,2.6617363814731348e-05,calm
2006-10-11,2.2884057890017856e-05,1.7547872528740184e-05,calm
2006-10-12,2.2236428800806747e-05,9.480284530419702e-06,calm
2006-10-16,2.1939915077557072e-05,2.1669666464013374e-05,calm
2006-10-17,2.1185284358615513e-05,4.960183098900495e-05,calm
2006-10-18,2.1820658091969148e-05,1.3102452103515802e-05,calm
2006-10-19,2.105757011403829e-05,7.90081222346207e-06,calm
2006-10-23,2.033374387251411e-05,2.762893771212448e-05,calm
2006-10-24,1.9790974861539718e-05,2.645585013212175e-05,calm
2006-10-25,1.918127196989424e-05,2.3009711979618304e-05,calm
2006-10-26,1.86257264784647e-05,3.3174159319324787e-05,calm
2006-10-30,1.808004505561693e-05,1.400395233979828e-05,calm
2006-10-31,1.756228877741768e-05,2.593756798935709e-05,calm
2006-11-01,1.6974486860135744e-05,2.2409210064207608e-05,calm
2006-11-02,2.297460031471986e-05,1.907591747092852e-05,calm
2006-11-03,2.2114970364196383e-05,3.84824497741386e-05,calm
2006-11-06,2.1690177835453338e-05,2.575225841074673e-05,calm
2006-11-07,2.1752930299678524e-05,1.9582880941686183e-05,calm
2006-11-08,2.1049514964503777e-05,4.010187070325331e-05,calm
2006-11-09,2.0316225292837886e-05,2.481675346570893e-05,calm
2006-11-10,2.3484750277971526e-05,1.5874688052641962e-05,calm
2006-11-13,2.255611469816628e-05,1.5851757550240773e-05,calm
2006-11-14,2.171505204129787e-05,3.682463489218845e-05,calm
2006-11-15,2.1280183609800882e-05,1.429141470808222e-05,calm
2006-11-16,2.0544742255793777e-05,2.051446661559993e-05,calm
2006-11-17,1.9839177850818783e-05,2.3658367242021745e-05,calm
2006-11-20,1.9127473955251502e-05,1.698261692727839e-05,calm
2006-11-21,1.8445804829987076e-05,7.919128775626147e-06,calm
2006-11-22,1.7795065545791222e-05,1.2395649020698937e-05,calm
2006-11-24,1.7192315242808783e-05,2.918951148667347e-05,calm
2006-11-27,1.900364982863611e-05,3.784938065208794e-05,calm
2006-11-28,4.49269858952483e-05,4.007236225495033e-05,calm
2006-11-29,4.244480868329361e-05,4.1322339703193765e-05,calm
2006-11-30,4.058361928565917e-05,5.123420871721887e-05,calm
2006-12-01,3.8399989801502495e-05,5.7338192957518384e-05,calm
2006-12-04,3.7087646722378354e-05,2.327657097184121e-05,calm
2006-12-05,3.539455121223604e-05,2.1846295878807715e-05,calm
2006-12-06,3.3703228454486874e-05,9.790503918683016e-06,calm
2006-12-07,3.22040805768526e-05,2.341876127661348e-05,calm
2006-12-08,3.330325301098374e-05,2.109560165167e-05,calm
2006-12-11,3.173270481452543e-05,8.6464042193481e-06,calm
2006-12-12,3.0292473562715562e-05,2.478747087996112e-05,calm
2006-12-13,2.9032182526087624e-05,2.62868027670106e-05,calm
2006-12-14,2.776447262733553e-05,2.005888547004301e-05,calm
2006-12-15,2.683437904013237e-05,1.9756140469778264e-05,calm
2006-12-18,2.973528702206588e-05,1.2583725798421445e-05,calm
2006-12-19,2.9457115148906543e-05,3.028768990137271e-05,calm
2006-12-20,2.816995693789484e-05,7.206939785982116e-06,calm
2006-12-21,2.7018666198838494e-05,1.9571446912611223e-05,calm
2006-12-22,2.770205072990192e-05,2.118569427641668e-05,calm
2006-12-26,3.153696085248968e-05,6.508273715781892e-06,calm
2006-12-27,3.018937015678633e-05,2.118140642885569e-05,calm
2006-12-28,2.896612555809519e-05,1.0933785934001245e-05,calm
2006-12-29,2.831784278531127e-05,2.253133446825217e-05,calm
2007-01-03,2.940221197793893e-05,4.506079774052098e-05,calm
2007-01-04,2.853515458586023e-05,4.229880145404546e-05,calm
2007-01-05,2.730894285039201e-05,3.960850137609532e-05,calm
2007-01-08,3.4534785273689375e-05,3.369348123099182e-05,calm
2007-01-09,3.292277673978701e-05,3.114137600355407e-05,calm
2007-01-10,3.147276369376621e-05,2.8498001912115327e-05,calm
2007-01-11,3.005383276424765e-05,1.5174741643015502e-05,calm
2007-01-12,2.8762382546497023e-05,1.298669968860314e-05,calm
2007-01-16,2.7677989743307252e-05,1.4157693272464276e-05,calm
2007-01-17,2.7032586386528413e-05,2.2365817187239105e-05,calm
2007-01-18,2.5896093948882454e-05,2.494821111320507e-05,calm
2007-01-19,2.6346499493684537e-05,1.1403669752408372e-05,calm
2007-01-22,2.526136149664199e-05,1.830673551002677e-05,calm
2007-01-23,2.5511763200347e-05,1.907113262541366e-05,calm
2007-01-24,2.449403864492107e-05,1.7021418873956373e-05,calm
2007-01-25,2.375954304085602e-05,2.159931327926243e-05,calm
2007-01-26,4.094566480820894e-05,3.294252626735421e-05,calm
2007-01-29,3.891059441930995e-05,2.062511217250769e-05,calm
2007-01-30,3.6971612197030377e-05,2.216011759801403e-05,calm
2007-01-31,3.521207333967079e-05,4.128144982272786e-05,calm
2007-02-01,3.362406355698277e-05,2.226116152493081e-05,calm
2007-02-02,3.212797393386978e-05,1.2829747924856592e-05,calm
2007-02-05,3.065962391918735e-05,9.343912885651973e-06,calm
2007-02-06,2.929053940718288e-05,1.0713033410875672e-05,calm
2007-02-07,2.8015682758724793e-05,1.0814209798654906e-05,calm
2007-02-08,2.6834100425602436e-05,2.755677375575885e-05,calm
2007-02-09,2.5971527565922283e-05,2.742613083686676e-05,calm
2007-02-12,3.2073021940306366e-05,1.1972466046714771e-05,calm
2007-02-13,3.2112161122020796e-05,2.104434029758367e-05,calm
2007-02-14,3.0809144925352714e-05,2.4845864324328635e-05,calm
2007-02-15,2.9528174112324272e-05,9.34903373839985e-06,calm
2007-02-16,2.8235334084915355e-05,9.545006692153727e-06,calm
2007-02-20,2.707022713603936e-05,1.6204650734436462e-05,calm
2007-02-21,2.594709354370349e-05,2.967895815031996e-05,calm
2007-02-22,2.492044628861595e-05,2.774143405998003e-05,calm
2007-02-23,2.401594920731936e-05,1.7617328625646743e-05,calm
2007-02-26,2.5093234488033562e-05,2.443822987611277e-05,calm
2007-02-27,2.4200945834769208e-05,0.0002803240191029,calm
2007-02-28,0.00022507568604105774,0.0001217706927491,calm
2007-03-01,0.00020842147021560203,0.0003799144036669,calm
2007-03-02,0.00019385798193874277,7.439101482414818e-05,calm
2007-03-05,0.00020191030696140665,0.0001694612082679,calm
2007-03-06,0.00019879367918870848,0.0001134689041992,calm
2007-03-07,0.00018581530030555823,3.414279751907002e-05,calm
2007-03-08,0.0001728017053580892,7.461909348660612e-05,calm
2007-03-09,0.0001610676000964179,5.788944170905831e-05,calm
2007-03-12,0.00015016451044074834,2.490229987814612e-05,calm
2007-03-13,0.00014022232789891382,8.970738994064515e-05,calm
2007-03-14,0.00017789847962345517,0.0001615954400272,calm
2007-03-15,0.00016587407079083594,4.288518133379065e-05,calm
2007-03-16,0.00015476374170649725,2.917255993453537e-05,calm
2007-03-19,0.00015010055196126125,5.433113053397026e-05,calm
2007-03-20,0.00014049601190117703,1.9093651815710383e-05,calm
2007-03-21,0.00013149424359759333,6.634452415214046e-05,calm
2007-03-22,0.00012338636626111046,1.7480806335324023e-05,calm
2007-03-23,0.00011573232165258956,2.1752451118461235e-05,calm
2007-03-26,0.00010857098645884575,4.251569491510792e-05,calm
2007-03-27,0.00010214415722752676,6.188325160527927e-05,calm
2007-03-28,9.664914088213182e-05,7.920989026962224e-05,calm
2007-03-29,9.724274596046332e-05,4.713978316039182e-05,calm
2007-04-02,9.139636076577727e-05,4.239278465647242e-05,calm
2007-04-03,8.595204017997996e-05,1.32252096061014e-05,calm
2007-04-04,8.104905625449277e-05,6.868733232916942e-06,calm
2007-04-09,7.631619429502997e-05,1.000577963565332e-05,calm
2007-04-10,7.189146845163905e-05,2.1936268931132363e-05,calm
2007-04-11,6.775671079011411e-05,2.08138543624239e-05,calm
2007-04-12,6.597677725740753e-05,1.881436785771979e-05,calm
2007-04-16,6.229165547898963e-05,1.4892323158757945e-05,calm
2007-04-17,5.9111083732482e-05,1.6426867092686428e-05,calm
2007-04-18,5.586695750294647e-05,4.2003477125710656e-05,calm
2007-04-19,5.2811097183053014e-05,7.92713588037026e-05,calm
2007-04-23,4.996290484679006e-05,2.279789723173168e-05,calm
2007-04-24,4.916426148996521e-05,3.16479437805554e-05,calm
2007-04-25,4.657389131561318e-05,1.5875027756402973e-05,calm
2007-04-26,4.460372100026779e-05,2.114516317955485e-05,calm
2007-04-30,4.235357497689446e-05,3.8038050530442736e-05,calm
2007-05-01,4.929082054203311e-05,1.5116602454379909e-05,calm
2007-05-02,4.681967604741238e-05,2.01309585214887e-05,calm
2007-05-03,4.460061010314469e-05,1.658361868375604e-05,calm
2007-05-07,4.253166197097032e-05,2.5057710327751667e-05,calm
2007-05-08,4.0525852555078234e-05,1.98600375157866e-05,calm
2007-05-09,3.890617708189429e-05,4.513021304641341e-05,calm
2007-05-10,3.718054716090351e-05,2.7186510200428123e-05,calm
2007-05-14,4.983173394830267e-05,5.345072788645108e-05,calm
2007-05-15,4.798150637707392e-05,3.734598575359074e-05,calm
2007-05-16,4.56422551562123e-05,2.0005130106902142e-05,calm
2007-05-17,4.352476847609271e-05,2.0959405736388176e-05,calm
2007-05-21,4.203159640601204e-05,1.914186404970872e-05,calm
2007-05-22,4.0167993765140535e-05,3.061452407221036e-05,calm
2007-05-23,3.848302505902084e-05,5.3517352657326345e-05,calm
2007-05-24,3.682663140477102e-05,3.08706894850276e-05,calm
2007-05-29,4.5903588157392924e-05,4.846749115723277e-05,calm
2007-05-30,4.372190595479803e-05,1.7186289990123763e-05,calm
2007-05-31,4.175719015970445e-05,3.79232019065358e-05,calm
2007-06-04,4.002701363077392e-05,3.114706847587333e-05,calm
2007-06-05,3.82713973511901e-05,3.674411118648482e-05,calm
2007-06-06,3.8683966805165956e-05,7.437020870833379e-05,calm
2007-06-07,5.1897759282563324e-05,5.254647567651792e-05,calm
2007-06-11,9.184922531073764e-05,6.630966155709031e-05,calm
2007-06-12,8.576337680695814e-05,6.488991320270412e-05,calm
2007-06-13,9.586819792907032e-05,2.3878967590886643e-05,calm
2007-06-14,9.01512868708684e-05,4.717931507962112e-05,calm
2007-06-18,8.436653445719099e-05,1.830927292477324e-05,calm
2007-06-19,7.920813077421405e-05,5.179075301605775e-05,calm
2007-06-20,7.433422784656273e-05,7.764258247053108e-05,calm
2007-06-21,9.501172856786713e-05,8.07640554469892e-05,calm
2007-06-25,8.886262534958026e-05,8.019526718780374e-05,calm
2007-06-26,8.616298008955423e-05,7.081475749594538e-05,calm
2007-06-27,9.44042112884327e-05,6.146817526204457e-05,calm
2007-06-28,8.862409992161553e-05,7.759919824617189e-05,calm
2007-07-02,8.300955890356937e-05,1.002187437132428e-05,calm
2007-07-05,7.794841974902035e-05,1.816453501270346e-05,calm
2007-07-09,7.337740639409305e-05,7.456955525102637e-05,calm
2007-07-10,6.903495009823676e-05,4.903818519711789e-05,calm
2007-07-11,9.115506580395831e-05,4.911009303794304e-05,calm
2007-07-12,8.541685935742388e-05,1.8830126654505064e-05,calm
2007-07-16,8.032513609143815e-05,2.2564391445408063e-05,calm
2007-07-17,7.542076681120143e-05,6.72490270993307e-05,calm
2007-07-18,7.095150965630534e-05,3.541691050983973e-05,calm
2007-07-19,6.722856125761078e-05,8.039872067280962e-05,calm
2007-07-23,6.338028277815387e-05,0.0001162603927455,calm
2007-07-24,5.9824871117340285e-05,0.000170826887148,calm
2007-07-25,9.528012188764858e-05,0.0003273198301778,calm
2007-07-26,8.916958719484304e-05,0.0001876647791166,calm
2007-07-30,0.0001575141705877691,0.0001350277612505,calm
2007-07-31,0.00014683503793188178,0.0002795008345358,calm
2007-08-01,0.00015310163733633572,0.0001112037418128,calm
2007-08-02,0.00014212539155600173,0.000159639829251,calm
2007-08-06,0.00013223398635628915,0.0002497237032897,calm
2007-08-07,0.00012352159371963522,0.0001386025959612,calm
2007-08-08,0.00011523401997676814,0.0004813051278125,calm
2007-08-09,0.00010767541211665244,0.0004132797014208,calm
2007-08-13,0.00021872359096843544,0.0001542464409498,calm
2007-08-14,0.00020205665978926382,0.0001984234175129,calm
2007-08-15,0.00021832536537132684,0.0005433023784139,calm
2007-08-16,0.0002272954498967512,0.0005072473750895,calm
2007-08-20,0.00021030029906782754,9.772839890120095e-05,calm
2007-08-21,0.00019477018041596833,0.0001345203911682,calm
2007-08-22,0.00018060247431787898,8.910045366440984e-05,calm
2007-08-23,0.0001678509249456169,3.5017865463786514e-05,calm
2007-08-27,0.00015609997402613003,6.202653813350613e-05,calm
2007-08-28,0.00015638170601177997,0.0001122639373414,calm
2007-08-29,0.00020878070179366893,0.0001312747599929,calm
2007-08-30,0.00019416596109720607,0.0001759104058176,calm
2007-09-04,0.00018105210392271924,0.0001019606291986,calm
2007-09-05,0.00016824484035564923,5.636793116205445e-05,calm
2007-09-06,0.00016605492202337213,0.0001933643805261,calm
2007-09-10,0.00015438351224386632,8.059395034870322e-05,calm
2007-09-11,0.00014412107090773773,5.813860968457583e-05,calm
2007-09-12,0.00013431139330348385,6.465740856455102e-05,calm
2007-09-13,0.00012513964256637248,6.817212806164966e-05,calm
2007-09-17,0.00011672157037540714,0.000216888860712,calm
2007-09-18,0.00011259768886020673,8.8684110720082e-05,calm
2007-09-19,0.00010640683837432603,4.132613602776739e-05,calm
2007-09-20,9.95041342659873e-05,4.218376809569183e-05,calm
2007-09-24,9.943387356265549e-05,4.9541548970541353e-05,calm
2007-09-25,9.341104393530717e-05,3.7658897036419006e-05,calm
2007-09-26,8.789064208561664e-05,2.832135375099397e-05,calm
2007-09-27,8.23255202364629e-05,2.503292613843916e-05,calm
2007-10-01,7.71914928767186e-05,1.858673552084283e-05,calm
2007-10-02,7.279107352886032e-05,3.477746900281202e-05,calm
2007-10-03,6.849765036043597e-05,1.464804799665193e-05,calm
2007-10-04,6.480331869062414e-05,5.097566845681872e-05,calm
2007-10-08,6.0839194012719666e-05,3.25817825729652e-05,calm
2007-10-09,6.1007587611761794e-05,2.7141613341950145e-05,calm
2007-10-10,5.7759588273396535e-05,8.54127246900643e-05,calm
2007-10-11,5.4739720669444536e-05,3.2176943246088344e-05,calm
2007-10-15,5.471585139830939e-05,4.548034579081117e-05,calm
2007-10-16,6.124267921462165e-05,8.419462235269613e-05,calm
2007-10-17,6.607829684232218e-05,4.611410666400613e-05,calm
2007-10-18,6.220670436141645e-05,0.0001222150827914,calm
2007-10-22,6.0358170556669225e-05,7.167288213119987e-05,calm
2007-10-23,5.696903894256571e-05,0.000196930286843,calm
2007-10-24,5.3909459571684834e-05,0.0001423881587167,calm
2007-10-25,5.1411421738847376e-05,6.542599420795634e-05,calm
2007-10-29,4.865752799786495e-05,3.715323746662883e-05,calm
2007-10-30,4.613175418870769e-05,2.902270751306723e-05,calm
2007-10-31,5.029867590530254e-05,0.0001246701984499,calm
2007-11-01,4.783304136571978e-05,0.0002100103393905,calm
2007-11-02,0.00011759769975970652,0.0002035751446778,calm
2007-11-05,0.00010956547281275531,0.0001645746348433,calm
2007-11-06,0.00010974209820586154,7.779440094078531e-05,calm
2007-11-07,0.00010276817746977866,0.0001974550352914,calm
2007-11-08,0.00019678278279896687,0.0003510532077174,calm
2007-11-09,0.00018521767300576218,0.0002435400545023,calm
2007-11-12,0.00019667329819361443,0.000175421437543,calm
2007-11-13,0.0001950295612441825,0.000126001312416,calm
2007-11-14,0.0001831018455681639,0.0001273051341983,calm
2007-11-15,0.00017050314427733033,0.0001426643792738,calm
2007-11-16,0.00018602955641993643,0.0001701152561844,calm
2007-11-19,0.0001722599951115959,0.0001465415272457,calm
2007-11-20,0.00018563329007330646,0.0002956852681278,calm
2007-11-21,0.0001720433001232172,0.0002219214073243,calm
2007-11-23,0.0002159415570360793,9.192092041438048e-05,calm
2007-11-26,0.0002003068727825334,0.0001277612553939,calm
2007-11-27,0.00025173522836302066,0.0002037544990638,calm
2007-11-28,0.00023266768744026304,0.0001229082633789,calm
2007-11-29,0.000216851428763164,0.000112516237812,calm
2007-11-30,0.00020044686420546753,0.0001695579189329,calm
2007-12-03,0.0001856064837574289,7.584278580989405e-05,calm
2007-12-04,0.00017775403328648546,7.505261098068671e-05,calm
2007-12-05,0.00017545797454608078,0.0001221284902199,calm
2007-12-06,0.00016288064820204736,4.18838726814622e-05,calm
2007-12-07,0.00015126298197496647,3.0860227090210635e-05,calm
2007-12-10,0.00014041316347594235,3.0892944478623696e-05,calm
2007-12-11,0.0001304809362783128,0.0002294711277764,calm
2007-12-12,0.00022398508929897493,0.0004568278893311,calm
2007-12-13,0.00020732660004318758,0.0001117620423162,calm
2007-12-14,0.00019255592729755918,0.000101280562519,calm
2007-12-17,0.00019993517674900412,0.0001031616654184,calm
2007-12-18,0.00021248700037942135,0.0001472817740886,calm
2007-12-19,0.00019679324891362754,9.797630486954924e-05,calm
2007-12-20,0.00018240849482887043,7.102992843675121e-05,calm
2007-12-21,0.00016924971082938855,8.918603403997033e-05,calm
2007-12-24,0.00015719426133749755,1.9728796270195378e-05,calm
2007-12-26,0.00014607749605378333,2.1327826708261897e-05,calm
2007-12-27,0.0001357757630080101,3.865129115133182e-05,calm
2007-12-28,0.00014727035067395815,6.013352358611052e-05,calm
2007-12-31,0.0001376996464168694,3.736944764346399e-05,calm
2008-01-02,0.00013527951315591953,0.00011089713625,calm
2008-01-03,0.00013594727732342654,6.541168832158663e-05,calm
2008-01-04,0.0001264664573410229,0.0001687688641431,calm
2008-01-07,0.00019823575737697193,0.0001906486565215,calm
2008-01-08,0.000183823658623457,0.0002267518737647,calm
2008-01-09,0.00020506883083484876,0.0002478331118877,calm
2008-01-10,0.0001901620533724971,0.0003538678567542,calm
2008-01-11,0.00017642795909724539,0.0002235550867801,calm
2008-01-14,0.0001722791986732805,9.215386742423842e-05,calm
2008-01-15,0.00016004489362651564,0.0001488822660968,calm
2008-01-16,0.00021295318237963984,0.0002548310084881,calm
2008-01-17,0.00020701009846948315,0.0002933747458008,calm
2008-01-18,0.0002819949612564391,0.000368726144566,calm
2008-01-22,0.00027443119882244435,0.0015404585421895,calm
2008-01-23,0.0002672157694729096,0.0012372071572716,calm
2008-01-24,0.00024806744687821605,0.000295631819007,calm
2008-01-25,0.00022965704517012022,0.000281020936017,calm
2008-01-28,0.0002402215519382858,0.0002021381224532,calm
2008-01-29,0.00022272779577786855,0.0001004546298116,calm
2008-01-30,0.00020639272399298645,0.0002285478149366,calm
2008-01-31,0.00019840630219491182,0.0004922012019041,calm
2008-02-01,0.00018433873052321195,0.0001387000881119,calm
2008-02-04,0.00017133651494792335,6.756875544995217e-05,calm
2008-02-05,0.00017995931757871876,0.0003315916861885,calm
2008-02-06,0.00026267490097719136,0.0001396893718457,calm
2008-02-07,0.00025153581334416453,0.0002642922313555,calm
2008-02-08,0.0002329580508416552,0.0001578754998434,calm
2008-02-11,0.00022121337307662694,9.102633174229252e-05,calm
2008-02-12,0.00020514214834370105,0.0001591586569982,calm
2008-02-13,0.00019041989686143063,0.0001298904243363,calm
2008-02-14,0.00017687930850421622,0.0001180230081966,calm
2008-02-15,0.00017429871232983466,7.412769820621245e-05,calm
2008-02-19,0.00016190022626078415,0.0001367048791368,calm
2008-02-20,0.00015043546548727327,0.0002035015215746,calm
2008-02-21,0.000139834705333349,0.000114426401142,calm
2008-02-22,0.00013902726017211463,0.0001536689382008,calm
2008-02-25,0.0001293347265270215,0.0001800907236403,calm
2008-02-26,0.0001206653772141392,9.947513803185888e-05,calm
2008-02-27,0.00011243180960897495,0.0001171559425113,calm
2008-02-28,0.00010475973486718737,0.0001044246691931,calm
2008-02-29,0.00011027572485960764,0.0001585925996658,calm
2008-03-03,0.00016878648763075753,0.0001207730587236,calm
2008-03-04,0.00015758157820097566,0.0002048538003299,calm
2008-03-05,0.00014841239418291946,0.0001618845338688,calm
2008-03-06,0.00013814965217460385,0.0001524832247095,calm
2008-03-07,0.00018461867661878734,0.000325887287972,calm
2008-03-10,0.0001851007817856182,0.0001493640906891,calm
2008-03-11,0.00019436162026577135,0.0005383950003458,calm
2008-03-12,0.0001817401674526099,0.0001161145293536,calm
2008-03-13,0.00018008854488787575,0.0004076938204742,calm
2008-03-14,0.00016718513837912942,0.0005684132100105,calm
2008-03-17,0.00018685235160591815,0.0004859960159006,calm
2008-03-18,0.00018669920584565738,0.000568591110936,calm
2008-03-19,0.00017479779362480544,0.0002587916874391,calm
2008-03-20,0.0002454042095046911,0.0001392717555806,calm
2008-03-24,0.00022719613720420165,0.0001126339769148,calm
2008-03-25,0.0002107670604838123,9.382816540429909e-05,calm
2008-03-26,0.00019521323109460948,0.0001106858901699,calm
2008-03-27,0.00020093358335178832,0.0001261013692703,calm
2008-03-28,0.00018751562903914778,8.816878296811261e-05,calm
2008-03-31,0.00018602088467354854,0.0001806108987809,calm
2008-04-01,0.00017255504189265614,7.77464379590084e-05,calm
2008-04-02,0.0001612170845063115,7.843588749501146e-05,calm
2008-04-03,0.00014974185246916408,7.346831122062449e-05,calm
2008-04-07,0.00013915708856532196,7.742652436952717e-05,calm
2008-04-08,0.0001293636767468292,5.058504802040169e-05,calm
2008-04-09,0.00012042975561507421,7.514509513991849e-05,calm
2008-04-10,0.00011905572428946273,0.0001402448487083,calm
2008-04-14,0.00011077075439065612,7.110641541918169e-05,calm
2008-04-15,0.00010460669195977535,0.0001002009778703,calm
2008-04-16,9.739409065575455e-05,5.96107690343756e-05,calm
2008-04-17,9.313064339248677e-05,0.0002640269567968,calm
2008-04-21,8.693879236585893e-05,6.364165639209611e-05,calm
2008-04-22,8.11753238469738e-05,6.366126208495815e-05,calm
2008-04-23,7.84531636769969e-05,0.000118603020548,calm
2008-04-24,7.365573760625987e-05,9.339080906554552e-05,calm
2008-04-28,6.897553626221142e-05,3.299273781226963e-05,calm
2008-04-29,6.454075060194463e-05,0.0001386805707432,calm
2008-04-30,6.260433447629917e-05,6.733874462049714e-05,calm
2008-05-01,6.354823697313772e-05,0.0001502776528744,calm
2008-05-05,6.155775076182057e-05,7.201145636903768e-05,calm
2008-05-06,6.099939337689899e-05,5.038039584607613e-05,calm
2008-05-07,5.771856508405487e-05,7.382778538611801e-05,calm
2008-05-08,9.69609376608656e-05,9.596045996769435e-05,calm
2008-05-12,9.170590206597761e-05,2.742529710385096e-05,calm
2008-05-13,8.60923782119576e-05,4.139134962339751e-05,calm
2008-05-14,8.083365053708381e-05,4.8432873078760696e-05,calm
2008-05-15,7.597401601562786e-05,3.874281770428567e-05,calm
2008-05-19,7.162182812210752e-05,6.557470260139372e-05,calm
2008-05-20,6.74610832880069e-05,9.72393904507368e-05,calm
2008-05-21,7.212004666967037e-05,4.450876526808516e-05,calm
2008-05-22,0.00010507308131108357,6.268106282164471e-05,calm
2008-05-27,9.833513398518715e-05,5.5619907204021457e-05,calm
2008-05-28,9.218563883495432e-05,4.55012731383955e-05,calm
2008-05-29,8.650327086858404e-05,3.882712073292723e-05,calm
2008-06-02,8.12652819141522e-05,7.661762837330231e-05,calm
2008-06-03,9.007213863750096e-05,0.0001054345942353,calm
2008-06-04,8.885991901407243e-05,7.18426902321329e-05,calm
2008-06-05,8.345999822720669e-05,0.0001734827840193,calm
2008-06-09,7.86669956870801e-05,0.0001347287563795,calm
2008-06-10,7.402889440991282e-05,0.000106296465573,calm
2008-06-11,7.288676338746132e-05,0.0001204689605372,calm
2008-06-12,9.650600942546722e-05,0.0001237579434158,calm
2008-06-16,9.048796237188862e-05,8.037809041307721e-05,calm
2008-06-17,8.49452138660096e-05,0.0001141563056272,calm
2008-06-18,8.279728833785244e-05,7.452010613187197e-05,calm
2008-06-19,8.990087299609344e-05,0.0001373943716104,calm
2008-06-23,8.441013298161702e-05,9.179932226530464e-05,calm
2008-06-24,7.946819608311356e-05,0.0001154336561536,calm
2008-06-25,7.527243111108972e-05,0.000133187910166,calm
2008-06-26,7.093013515657137e-05,0.000115807417823,calm
2008-06-30,0.00016189779988852048,0.0002322747774764,calm
2008-07-01,0.00015064467669033044,0.000141374866138,calm
2008-07-02,0.0001403900063687875,0.0001735390647574,calm
2008-07-07,0.00016855499488241247,0.0001576243434706,calm
2008-07-08,0.00017011866070644835,0.0001317425600974,calm
2008-07-09,0.00015901752287396476,0.0002851636883735,calm
2008-07-10,0.00019602872058377491,0.0005328702315315,calm
2008-07-14,0.00018215692810012496,0.0003223584094555,calm
2008-07-15,0.00017983262852431676,0.0002042541741384,calm
2008-07-16,0.00019270201389719812,0.0001786517823724,calm
2008-07-17,0.00018027829513885714,8.267270594014077e-05,calm
2008-07-21,0.00016789711142177997,0.0001158038237891,calm
2008-07-22,0.00015641376857934136,0.0001351957751882,calm
2008-07-23,0.00014596674114921262,9.510952551555592e-05,calm
2008-07-24,0.0001362551572847145,0.0001195328125213,calm
2008-07-28,0.0001824338244668966,9.511102881839604e-05,calm
2008-07-29,0.00019730068407018927,0.0001587964366992,calm
2008-07-30,0.0001841313374723801,0.0001248478585696,calm
2008-07-31,0.00017170552389334366,0.0001142599087338,calm
2008-08-04,0.0001823258441555767,7.579598616195178e-05,calm
2008-08-05,0.0001806383473563836,6.162242720630657e-05,calm
2008-08-06,0.00016883554236922358,0.0001299717501062,calm
2008-08-07,0.00015725678122052193,8.068130079962601e-05,calm
2008-08-11,0.00017514529293195387,8.195548826742887e-05,calm
2008-08-12,0.00016315333806996411,0.0001114405322149,calm
2008-08-13,0.00016586147966466113,8.849723318479628e-05,calm
2008-08-14,0.00015911746561745964,7.673493976667798e-05,calm
2008-08-18,0.00014834610777511554,9.207334187939424e-05,calm
2008-08-19,0.0001623323445392926,0.0001073663229129,calm
2008-08-20,0.00016643741551305782,9.772980066163752e-05,calm
2008-08-21,0.00015508097326187584,8.560087103069072e-05,calm
2008-08-25,0.00014459289790976344,6.77467983064974e-05,calm
2008-08-26,0.00018800294607960574,5.948442657799379e-05,calm
2008-08-27,0.0001749492596876027,7.726561717649786e-05,calm
2008-08-28,0.00016302455371029114,5.619627712196335e-05,calm
2008-09-02,0.00015206573631348924,0.0001208977865695,gfc_2008
2008-09-03,0.00014668251458055856,0.0001449371194291,gfc_2008
2008-09-04,0.0001369491735747024,0.000168729503677,gfc_2008
2008-09-08,0.00024561756368715756,0.000216011967701,gfc_2008
2008-09-09,0.0002287934502731917,0.0001835110249294,gfc_2008
2008-09-10,0.00032931417411378474,0.0003794295748899,gfc_2008
2008-09-11,0.00030476181837508294,0.00020784055751,gfc_2008
2008-09-15,0.00028278251640372607,0.0012480213875124,gfc_2008
2008-09-16,0.0005763221583164875,0.0009942958125928,gfc_2008
2008-09-17,0.0005317214530125789,0.0016335436240053,gfc_2008
2008-09-18,0.0007776811803337948,0.0012486070066553,gfc_2008
2008-09-22,0.0007182827499586333,0.0003966866942016,gfc_2008
2008-09-23,0.0007318064292635434,0.0002433164494566,gfc_2008
2008-09-24,0.0007450072103102194,0.0002796623823909,gfc_2008
2008-09-25,0.0006858448695292796,0.0004227092734609,gfc_2008
2008-09-29,0.000632702667568804,0.0006513352029965,gfc_2008
2008-09-30,0.0015040900503931545,0.0005162220626082,gfc_2008
2008-10-01,0.0013858066901064599,0.000440958108402,gfc_2008
2008-10-02,0.0012713099024469542,0.0010858227584173,gfc_2008
2008-10-06,0.001356666128775606,0.0009077614039338,gfc_2008
2008-10-07,0.0016265164970622067,0.0024964538323861,gfc_2008
2008-10-08,0.0017859203720136882,0.0017570304571719,gfc_2008
2008-10-09,0.001729099917284929,0.0077477397402088,gfc_2008
2008-10-13,0.002323215794871099,0.0027430316572223,gfc_2008
2008-10-14,0.0021892647349189597,0.0017195861262214,gfc_2008
2008-10-15,0.002035563422170564,0.0032684380137836,gfc_2008
2008-10-16,0.003445999702526332,0.0018445033816526,gfc_2008
2008-10-20,0.003153138472605093,0.0007915843269183,gfc_2008
2008-10-21,0.002891901244515335,0.0014365861821341,gfc_2008
2008-10-22,0.0027795342611198672,0.0031468753816831,gfc_2008
2008-10-23,0.003002229254394433,0.003535009822953,gfc_2008
2008-10-27,0.002747609065425725,0.0019060505338531,gfc_2008
2008-10-28,0.0027052293015025924,0.0025355608759559,gfc_2008
2008-10-29,0.00249666952766234,0.0025140581239344,gfc_2008
2008-10-30,0.002293656696223313,0.0013606155222735,gfc_2008
2008-10-31,0.002102134153794682,0.0009398780984658,gfc_2008
2008-11-03,0.001925477014193553,0.0002490648273395,gfc_2008
2008-11-04,0.001763442492741049,0.0005622690797888,gfc_2008
2008-11-05,0.0016164015660149215,0.0007408234731923,gfc_2008
2008-11-06,0.0017488485077916643,0.0006716714472767,gfc_2008
2008-11-07,0.0020753483433346154,0.0007455725641402,gfc_2008
2008-11-10,0.0019022363286736099,0.0007969240457482,gfc_2008
2008-11-11,0.0017673691664016054,0.0011311073203786,gfc_2008
2008-11-12,0.0017613419159542385,0.0006845590494661,gfc_2008
2008-11-13,0.0019074642611290856,0.0029325603219555,gfc_2008
2008-11-14,0.001751841361373939,0.001793443414661,gfc_2008
2008-11-17,0.001986109563297588,0.0015295679355714,gfc_2008
2008-11-18,0.001844975167339874,0.0013028916956213,gfc_2008
2008-11-19,0.0016903972049072164,0.0011720659850308,gfc_2008
2008-11-20,0.0021866537198664644,0.0025221087564937,gfc_2008
2008-11-21,0.0028710289099573454,0.0030355209014932,gfc_2008
2008-11-24,0.002632651133247427,0.0013822926071646,gfc_2008
2008-11-25,0.002416996189621956,0.001232863612222,gfc_2008
2008-11-26,0.002213431605491228,0.0007203460429063,gfc_2008
2008-11-28,0.0020291531160524074,0.0001363622249286,gfc_2008
2008-12-01,0.001858740871956106,0.0013580976460097,gfc_2008
2008-12-02,0.002959140425092075,0.0010915612935699,gfc_2008
2008-12-03,0.0027120143810555504,0.0011032317967674,gfc_2008
2008-12-04,0.0024851782417693717,0.0008938486866037,gfc_2008
2008-12-05,0.0023562444926318467,0.001129707851742,gfc_2008
2008-12-08,0.0021604168619931484,0.0007646202571022,gfc_2008
2008-12-09,0.001981276417632179,0.0007639126944479,gfc_2008
2008-12-10,0.001855170945945875,0.000567874732105,gfc_2008
2008-12-11,0.0016994946920011582,0.0005726816453584,gfc_2008
2008-12-12,0.0016422425822985951,0.0010599588317204,gfc_2008
2008-12-15,0.0015036718145158123,0.0003530642889904,gfc_2008
2008-12-16,0.0014041714089395522,0.0006238713170253,gfc_2008
2008-12-17,0.001290333969933703,0.0005895980912585,gfc_2008
2008-12-18,0.0011930105797731728,0.0004171689001951,gfc_2008
2008-12-19,0.0011417994902513094,0.0004089836049581,gfc_2008
2008-12-22,0.0010647675053476278,0.0002805994148285,gfc_2008
2008-12-23,0.0009956668600841904,0.0002468020531993,gfc_2008
2008-12-24,0.0009232538141976996,3.4008738014772853e-05,gfc_2008
2008-12-26,0.000840542023263932,4.6095744861960446e-05,gfc_2008
2008-12-29,0.0007640122804733376,0.0001217542046205,gfc_2008
2008-12-30,0.0006941991629310866,0.0001441860731745,gfc_2008
2008-12-31,0.0006340279736489038,0.0001447787226511,gfc_2008
2009-01-02,0.0005755318469866859,0.000149140028498,gfc_2008
2009-01-05,0.0005307065958578362,0.0002174113802252,gfc_2008
2009-01-06,0.00047875988282252975,0.0002600968163487,gfc_2008
2009-01-07,0.0004314143524318421,0.0002242370720936,gfc_2008
2009-01-08,0.0005407261851924684,0.0002371556755745,gfc_2008
2009-01-09,0.0004910063199016474,0.0003026311119399,gfc_2008
2009-01-12,0.0005190055827608374,0.0002051480180101,gfc_2008
2009-01-13,0.0005634258378160004,0.0003402144929216,gfc_2008
2009-01-14,0.000513116084411972,0.0004987188312523,gfc_2008
2009-01-15,0.0006242819315231591,0.0006066606821285,gfc_2008
2009-01-16,0.0005694602059585662,0.0006753003837148,gfc_2008
2009-01-20,0.0005193765589508,0.0006905494104681,gfc_2008
2009-01-21,0.000919903499993826,0.0007177948776804,gfc_2008
2009-01-22,0.0008421656716153514,0.0010857908540684,gfc_2008
2009-01-23,0.0008053902356757871,0.0010922615855154,gfc_2008
2009-01-26,0.0007357827671881526,0.0004941800273701,gfc_2008
2009-01-27,0.000672284688034187,0.0003656651499328,gfc_2008
2009-01-28,0.000614326648222127,0.0005864062549884,gfc_2008
2009-01-29,0.0005630622367952261,0.0002438117248325,gfc_2008
2009-01-30,0.0006780873158952204,0.00032275946709,gfc_2008
2009-02-02,0.0006825646020663333,0.0004042589863763,gfc_2008
2009-02-03,0.0006251451017856616,0.0002718084008969,gfc_2008
2009-02-04,0.0005716400279161918,0.0002679717742707,gfc_2008
2009-02-05,0.0005258891283592153,0.0004407242898541,gfc_2008
2009-02-06,0.00048090319860257365,0.0002534512295283,gfc_2008
2009-02-09,0.0004412297874388492,0.0002358063745176,gfc_2008
2009-02-10,0.0004029669461173382,0.0006703590579252,gfc_2008
2009-02-11,0.0006981256988015243,0.0003317216326709,gfc_2008
2009-02-12,0.0006388526520491367,0.0007275339396561,gfc_2008
2009-02-13,0.0005847560179438615,0.0003180887347344,gfc_2008
2009-02-17,0.0005523255083078292,0.0008497744289254,gfc_2008
2009-02-18,0.0007873656001537888,0.000473195296813,gfc_2008
2009-02-19,0.000721098929506455,0.0003966607909407,gfc_2008
2009-02-20,0.0006769290314472909,0.0006781633379464,gfc_2008
2009-02-23,0.0006334940806528307,0.00037795840299,gfc_2008
2009-02-24,0.0007745339621809221,0.0005604966611073,gfc_2008
2009-02-25,0.0007103340986181761,0.000601876558121,gfc_2008
2009-02-26,0.0006591859122230646,0.0005539449130314,gfc_2008
2009-02-27,0.000642623158740387,0.0008733848614691,gfc_2008
2009-03-02,0.0006629359111513066,0.0005627640432973,gfc_2008
2009-03-03,0.0009191096334470519,0.0006736851598661,gfc_2008
2009-03-04,0.0008486745463319366,0.0004972662118514,gfc_2008
2009-03-05,0.0007771447911649985,0.0007362876334988,gfc_2008
2009-03-06,0.0009665564887634989,0.0008559497339762,gfc_2008
2009-03-09,0.0008839524272474358,0.0005679893996431,gfc_2008
2009-03-10,0.0008290289046965704,0.0007452817580431,gfc_2008
2009-03-11,0.0007623967331473218,0.0004961879430199,gfc_2008
2009-03-12,0.0006979100546024645,0.0003063795793315,gfc_2008
2009-03-13,0.000640594269167053,0.0003598606433598,gfc_2008
2009-03-16,0.0005866034236777639,0.000346216953716,gfc_2008
2009-03-17,0.0005382915007232248,0.0003658502411083,gfc_2008
2009-03-18,0.0004944086607695185,0.0008131967724848,gfc_2008
2009-03-19,0.0004536475079615614,0.0004257817487773,gfc_2008
2009-03-20,0.0004379348966282044,0.000296997574115,gfc_2008
2009-03-23,0.0005222872492606968,0.0006230333354423,gfc_2008
2009-03-24,0.0004854554678623626,0.0003132322661054,gfc_2008
2009-03-25,0.0005029715186942426,0.0005687068405897,gfc_2008
2009-03-26,0.00046143332608007085,0.0005283050757383,gfc_2008
2009-03-27,0.00042384929401565125,0.0003152795715245,gfc_2008
2009-03-30,0.0004371859655043006,0.0003091817321521,gfc_2008
2009-03-31,0.0005821815947416392,0.000488213412347,gfc_2008
2009-04-01,0.0005341187522253968,0.0005842275953305,calm
2009-04-02,0.0004904302641159323,0.0002361907762231,calm
2009-04-06,0.00045101049963195463,0.0005411620631984,calm
2009-04-07,0.0004227549853779297,0.0002296796540618,calm
2009-04-08,0.00046916737670281303,0.0004912423552958,calm
2009-04-13,0.00043072516940836615,0.000263752683541,calm
2009-04-14,0.00039531794628199917,0.0001669111767647,calm
2009-04-15,0.00040681899907395056,0.0001881813813775,calm
2009-04-16,0.00037353992597282125,0.0001401178890184,calm
2009-04-20,0.00034319547498354796,0.0002047263323735,calm
2009-04-21,0.0005828275939854756,0.0003045004045488,calm
2009-04-22,0.0005352795644579884,0.0002557694895023,calm
2009-04-23,0.0004967572512707177,0.0002104872113776,calm
2009-04-27,0.0004563158106489982,0.0001994549976249,calm
2009-04-28,0.0004320471027207573,0.0002493910821672,calm
2009-04-29,0.00039830045083556943,0.0002646752373586,calm
2009-04-30,0.0003665262995752429,0.0001513485472837,calm
2009-05-04,0.00033680817353223477,0.0001207437861515,calm
2009-05-05,0.0003115891204125985,0.0003163557178803,calm
2009-05-06,0.0002880301956024194,0.0003618515023594,calm
2009-05-07,0.0002655140888539165,0.0003215361957073,calm
2009-05-11,0.00027241028521191783,0.0001884915030222,calm
2009-05-12,0.0003021829065218464,0.000357586886238,calm
2009-05-13,0.00027916597568227597,0.0001644963173798,calm
2009-05-14,0.0003507564202445491,0.0001322873018351,calm
2009-05-18,0.0003227270703946205,0.0001403786686307,calm
2009-05-19,0.0002978036502088,0.0002798612554859,calm
2009-05-20,0.0002742805444591496,0.0002278677732319,calm
2009-05-21,0.0002588428830072594,0.0001253937101002,calm
2009-05-26,0.0002683506274706936,0.0001875232184257,calm
2009-05-27,0.00024798145390208506,0.0003065997550998,calm
2009-05-28,0.0002750682072222144,0.0002099568280739,calm
2009-06-01,0.000253561404871859,0.0001352605191585,calm
2009-06-02,0.000234396636146662,0.0001469834761426,calm
2009-06-03,0.00021601993694407714,8.01792630269607e-05,calm
2009-06-04,0.00022237663557094308,0.0002266565785039,calm
2009-06-08,0.00020512885067475048,9.526008681676342e-05,calm
2009-06-09,0.00019149470340299276,0.0001788265909649,calm
2009-06-10,0.00017661981996640498,0.0001427182958237,calm
2009-06-11,0.00016373823322398507,9.673849360857287e-05,calm
2009-06-15,0.00015105996970491336,0.0001081586418713,calm
2009-06-16,0.00021806440434159836,0.0001553503040355,calm
2009-06-17,0.00022778492504900707,9.226448858699006e-05,calm
2009-06-18,0.00021019642395184195,9.198485963891224e-05,calm
2009-06-22,0.0001940075753300605,0.000159686736511,calm
2009-06-23,0.0003123835419064485,0.0001388395013843,calm
2009-06-24,0.00028753194083484666,0.0001311179884326,calm
2009-06-25,0.0002649313091513803,9.899354257831976e-05,calm
2009-06-29,0.0002445604374616631,9.73607888238758e-05,calm
2009-06-30,0.00022562262435822146,8.455214274194966e-05,calm
2009-07-01,0.00021747039829537847,0.0002768816203149,calm
2009-07-06,0.000200743266436154,9.859534150625553e-05,calm
2009-07-07,0.00018537768732312295,0.000172253468878,calm
2009-07-08,0.00022588440797574537,0.0001380191574929,calm
2009-07-09,0.00020850506892712635,0.0001313224983931,calm
2009-07-13,0.0001925297385563176,6.301907511119584e-05,calm
2009-07-14,0.00017840031236144088,0.0001054407346034,calm
2009-07-15,0.00016495848315437208,6.722301560236572e-05,calm
2009-07-16,0.00015370474441402603,6.230347088411907e-05,calm
2009-07-20,0.00014263273344649322,0.0001045337570372,calm
2009-07-21,0.00013232170426234605,8.932190532892468e-05,calm
2009-07-22,0.00012265734943444845,0.0001205333363928,calm
2009-07-23,0.00011369539686153077,8.088390854181997e-05,calm
2009-07-27,0.00010697073481619998,0.0001241470205713,calm
2009-07-28,9.936015974963812e-05,0.0001309561310619,calm
2009-07-29,9.540857595634564e-05,0.0002197716120891,calm
2009-07-30,8.950650298805345e-05,8.937142536747645e-05,calm
2009-08-03,8.371884860084549e-05,7.064742377830264e-05,calm
2009-08-04,7.920998620799178e-05,9.746229764549066e-05,calm
2009-08-05,7.387691472287836e-05,8.711237641042903e-05,calm
2009-08-06,7.009699939178156e-05,0.0001501275811035,calm
2009-08-10,6.934684828653243e-05,7.236329139451642e-05,calm
2009-08-11,6.541209175091466e-05,9.918846989004515e-05,calm
2009-08-12,8.414489177051693e-05,0.0001027748837326,calm
2009-08-13,7.877528207730046e-05,7.615641069007182e-05,calm
2009-08-17,7.377390690856313e-05,5.031804544170348e-05,calm
2009-08-18,0.00015652662207755422,0.000103997760002,calm
2009-08-19,0.0001452244681148531,3.061599830155256e-05,calm
2009-08-20,0.0001348928735487028,9.464427561901036e-05,calm
2009-08-24,0.0001254419250380659,0.0001004696497485,calm
2009-08-25,0.00011671961995546442,8.510076015581672e-05,calm
2009-08-26,0.0001087203437131998,6.73114977400487e-05,calm
2009-08-27,0.00010137017351924475,9.21429148870638e-05,calm
2009-08-31,9.461187379408687e-05,0.0001377196295504,calm
2009-09-01,9.937744002731485e-05,9.74880958318586e-05,calm
2009-09-02,0.00016175319165676904,6.27451547384748e-05,calm
2009-09-03,0.00015192345947326517,5.586774880490471e-05,calm
2009-09-08,0.00014107849691801096,4.95268246476248e-05,calm
2009-09-09,0.00013114653811879603,4.783327021488652e-05,calm
2009-09-10,0.0001220286074717062,6.308903312484026e-05,calm
2009-09-14,0.0001136813296539092,6.459774078119855e-05,calm
2009-09-15,0.00010597574920751492,5.822266204572064e-05,calm
2009-09-16,9.889108268504169e-05,7.553754167097402e-05,calm
2009-09-17,9.249719820778943e-05,4.896517301396784e-05,calm
2009-09-21,8.676702582450904e-05,4.817151832306957e-05,calm
2009-09-22,8.20482715368005e-05,9.378144632656154e-05,calm
2009-09-23,7.688386292172495e-05,0.0001131480531676,calm
2009-09-24,8.165842928205875e-05,9.956983020164226e-05,calm
2009-09-28,9.336510959834808e-05,9.17686777796398e-05,calm
2009-09-29,8.74483595957295e-05,0.00015227257071,calm
2009-09-30,8.305917223294624e-05,0.0001155347401878,calm
2009-10-01,7.982452045252515e-05,0.0001684368553984,calm
2009-10-05,0.00016176272057913095,0.0001249687063013,calm
2009-10-06,0.0001503488016901872,6.514092378202485e-05,calm
2009-10-07,0.00013981767924918615,6.050215337394551e-05,calm
2009-10-08,0.00012995994086665324,2.515330340538024e-05,calm
2009-10-12,0.0001209741657679012,6.0049242952248936e-05,calm
2009-10-13,0.00011271312475300863,8.927663173250363e-05,calm
2009-10-14,0.00010566413492865492,3.421622173907598e-05,calm
2009-10-15,9.877780551474533e-05,0.0001152383612528,calm
2009-10-19,9.232068532069867e-05,6.833972383732307e-05,calm
2009-10-20,8.640553036741266e-05,0.0001035304411275,calm
2009-10-21,8.471369161093452e-05,7.214725316841765e-05,calm
2009-10-22,9.042880334148238e-05,0.0001362068968081,calm
2009-10-26,8.468765383759303e-05,0.0001826774828523,calm
2009-10-27,9.550090845396101e-05,0.0001751504764953,calm
2009-10-28,9.212826285084977e-05,0.00013350484281,calm
2009-10-29,0.00013599616025170068,9.38399691114565e-05,calm
2009-10-30,0.0001268992379933379,0.0002562313013973,calm
2009-11-02,0.0002393504390563985,0.0003075216130334,calm
2009-11-03,0.0002209519876757361,0.0001854301635108,calm
2009-11-04,0.00020413849284839033,0.0001780847638665,calm
2009-11-05,0.0001888481492585334,0.0001032630241453,calm
2009-11-06,0.00017528384854025941,0.000106992172143,calm
2009-11-09,0.00016248786368675645,5.176448719093359e-05,calm
2009-11-10,0.0001511285220220546,4.443475476821595e-05,calm
2009-11-11,0.0001403415987968494,7.264664043943862e-05,calm
2009-11-12,0.00013045898742680332,8.133904703969237e-05,calm
2009-11-13,0.00013575744129117992,5.8188834050183227e-05,calm
2009-11-16,0.00012625572115018574,0.0001053441258625,calm
2009-11-17,0.00011761897603300508,5.432936236183187e-05,calm
2009-11-18,0.00010957312667532721,4.760144798943937e-05,calm
2009-11-19,0.00010221126838636089,0.0001005945811833,calm
2009-11-20,0.0001191784111859526,4.296430249120992e-05,calm
2009-11-23,0.0001127134478966238,0.0001114144875062,calm
2009-11-24,0.00010515568812093348,4.319176335879371e-05,calm
2009-11-25,9.81167154909484e-05,1.836067092816696e-05,calm
2009-11-27,9.16407344033284e-05,0.0003704642336434,calm
2009-11-30,0.00012281696661559102,5.839664322800542e-05,calm
2009-12-01,0.00011437073206459223,9.833885889615512e-05,calm
2009-12-02,0.0001066812715353368,4.574154724287509e-05,calm
2009-12-03,9.956437308162768e-05,7.13165075604894e-05,calm
2009-12-04,0.00010142912201305634,0.0002256214998905,calm
2009-12-07,9.472987601933409e-05,4.491975392413894e-05,calm
2009-12-08,8.884816364163601e-05,0.0001129650036139,calm
2009-12-09,0.0001002573943569825,5.9572724371194346e-05,calm
2009-12-10,9.364401913091009e-05,5.075687021303264e-05,calm
2009-12-11,8.757238209985282e-05,3.531615704439688e-05,calm
2009-12-14,8.197702027684046e-05,2.9076898584817504e-05,calm
2009-12-15,7.68483756785971e-05,4.149493421850799e-05,calm
2009-12-16,7.50373571444708e-05,4.884325325772532e-05,calm
2009-12-17,7.041889328613965e-05,5.546077553157581e-05,calm
2009-12-18,8.635706766191184e-05,3.4219564029801446e-05,calm
2009-12-21,8.085255147434838e-05,6.48278377889687e-05,calm
2009-12-22,7.585023065409415e-05,2.227664693798016e-05,calm
2009-12-23,7.119795838344498e-05,1.5857745015266226e-05,calm
2009-12-24,6.690542948056095e-05,1.2616215072563064e-05,calm
2009-12-28,6.296735339640625e-05,1.230179170752584e-05,calm
2009-12-29,5.931939045608625e-05,1.185525399184569e-05,calm
2009-12-30,5.621244010057153e-05,2.549741405209729e-05,calm
2009-12-31,5.309598191982423e-05,1.948338372339549e-05,calm
2010-01-04,6.316718652113797e-05,7.068736777339511e-05,calm
2010-01-05,5.97117755194397e-05,2.988740492563263e-05,calm
2010-01-06,5.635119525406793e-05,1.98787078920003e-05,calm
2010-01-07,5.3247532733928294e-05,2.860249093397633e-05,calm
2010-01-08,5.0405162884431545e-05,2.624910224911006e-05,calm
2010-01-11,4.7777711530774065e-05,3.219193365888912e-05,calm
2010-01-12,4.534151940358748e-05,5.004569241192964e-05,calm
2010-01-13,5.5365875997947353e-05,3.803424930931966e-05,calm
2010-01-14,5.239301055348483e-05,2.125270100306969e-05,calm
2010-01-15,4.96157355679165e-05,3.204363553486456e-05,calm
2010-01-19,6.476960842158819e-05,2.114940102243762e-05,calm
2010-01-20,6.107452866269834e-05,8.36925972747077e-05,calm
2010-01-21,7.20938075753568e-05,0.0001566715886534,calm
2010-01-22,0.00012069513491958788,0.0001283008300437,calm
2010-01-25,0.0001851715452655436,0.0001335139390911,calm
2010-01-26,0.0001708869843325364,9.061582557160348e-05,calm
2010-01-27,0.00016036602823975272,0.0001024423986642,calm
2010-01-28,0.00014843234314658427,0.0001786179918677,calm
2010-01-29,0.00015630670287581855,0.0001424163032802,calm
2010-02-01,0.00016156332542143937,0.0001125996133066,calm
2010-02-02,0.00014993804848114647,5.040282731387674e-05,calm
2010-02-03,0.00013914380211408004,5.905175506604261e-05,calm
2010-02-04,0.00013257605874336965,0.0002072346817412,calm
2010-02-05,0.0002634570704134471,0.0002513179860859,calm
2010-02-08,0.00024251817574378373,0.0001018094090198,calm
2010-02-09,0.0002309499703267999,0.0002620930832431,calm
2010-02-10,0.0002133266831750589,8.637748021217847e-05,calm
2010-02-11,0.000197545946849542,0.0001113683592149,calm
2010-02-12,0.00018276457698449905,0.0001830830701244,calm
2010-02-16,0.00016925135711633936,6.119549606714789e-05,calm
2010-02-17,0.00015695908978696302,5.570793771724187e-05,calm
2010-02-18,0.00014555669791787147,3.402546829758041e-05,calm
2010-02-19,0.00013510951315556989,4.74652374082121e-05,calm
2010-02-22,0.00012550523246832225,3.750129115142184e-05,calm
2010-02-23,0.00011667719422622924,8.573633466180725e-05,calm
2010-02-24,0.00012942780564649574,7.986280005734714e-05,calm
2010-02-25,0.00012033376010970067,0.0001695492132265,calm
2010-02-26,0.00011217026401388427,4.16890297551311e-05,calm
2010-03-01,0.000104423212544357,4.084589273897984e-05,calm
2010-03-02,9.740409711214503e-05,4.2875723877956856e-05,calm
2010-03-03,9.084822981088738e-05,2.7949133572135374e-05,calm
2010-03-04,8.480130522143167e-05,3.334333193357057e-05,calm
2010-03-05,7.924096752524516e-05,3.1488752703933044e-05,calm
2010-03-08,7.451110677904076e-05,1.913031685708334e-05,calm
2010-03-09,6.976993581374765e-05,2.810313703268561e-05,calm
2010-03-10,6.540467927836827e-05,4.308591480119331e-05,calm
2010-03-11,6.142822984241349e-05,2.8618373409762315e-05,calm
2010-03-12,5.776439318157879e-05,2.517416291426621e-05,calm
2010-03-15,5.4336096193577744e-05,3.291166683558905e-05,calm
2010-03-16,5.1178950051709195e-05,2.996776904042681e-05,calm
2010-03-17,4.852724990695021e-05,3.3234780667740075e-05,calm
2010-03-18,4.599354659939802e-05,2.1402974839504543e-05,calm
2010-03-19,4.35620448963261e-05,3.6605281654255575e-05,calm
2010-03-22,5.368230790865506e-05,3.826204059907456e-05,calm
2010-03-23,5.073321970757134e-05,2.800487636891121e-05,calm
2010-03-24,4.806376820743479e-05,3.511155048611599e-05,calm
2010-03-25,4.89370650331036e-05,7.243773735665944e-05,calm
2010-03-26,4.671565634649316e-05,4.548500141397002e-05,calm
2010-03-29,4.4349299213651264e-05,3.161422727099561e-05,calm
2010-03-30,4.2200228714188684e-05,4.354426391947145e-05,calm
2010-03-31,4.015404441374504e-05,6.699472463573251e-05,calm
2010-04-05,3.9957888628474106e-05,1.9197021938540542e-05,calm
2010-04-06,3.823047855769584e-05,3.939276356660053e-05,calm
2010-04-07,3.6524861166430387e-05,3.589980737961399e-05,calm
2010-04-08,3.974258463291248e-05,2.66666832338621e-05,calm
2010-04-12,3.793303905693553e-05,2.235893794294285e-05,calm
2010-04-13,3.625231122781487e-05,2.3365974635196057e-05,calm
2010-04-14,3.470260927026271e-05,1.7304472624483226e-05,calm
2010-04-15,3.35458269307364e-05,0.0001480673819996,calm
2010-04-19,3.2226183119884707e-05,3.401201741513299e-05,calm
2010-04-20,3.103959051078812e-05,3.469550958505275e-05,calm
2010-04-21,3.0122880630345434e-05,0.0001023593852032,calm
2010-04-22,2.957821821770133e-05,5.408670184732478e-05,calm
2010-04-26,2.860082630922225e-05,0.0001391807960635,calm
2010-04-27,2.9809997407716042e-05,0.0001009229601227,calm
2010-04-28,0.00011119568274998064,6.351728507024934e-05,calm
2010-04-29,0.00010334582944075544,9.441092701815295e-05,calm
2010-05-03,9.645341873508078e-05,0.0002178918197388,calm
2010-05-04,9.014712200354784e-05,0.0001784551398083,calm
2010-05-05,0.00016663014089354048,0.0016450509991498,calm
2010-05-06,0.00015874700430391128,0.0008216748581765,calm
2010-05-10,0.00031823402828250457,0.0001544952876977,calm
2010-05-11,0.0002978399604682902,8.257123295340683e-05,calm
2010-05-12,0.0002732657709270472,8.314734358641863e-05,calm
2010-05-13,0.00025045434555492717,0.0002398723190368,calm
2010-05-17,0.0002532632502729766,0.0002390324823173,calm
2010-05-18,0.000232069740275268,0.0003293830329564,calm
2010-05-19,0.00024127556904347057,0.0006131682182779,calm
2010-05-20,0.00022621194255357288,0.0004829901789545,calm
2010-05-24,0.0004346906109498512,0.0005695041555029,calm
2010-05-25,0.0004220326475806884,0.0002625412852905,calm
2010-05-26,0.00038517774911058975,0.0002708111733455,calm
2010-05-27,0.0003574854302235106,0.0002352691891069,calm
2010-06-01,0.0003284451396680943,0.0001027041322987,calm
2010-06-02,0.00034436371393106957,0.0001301089568407,calm
2010-06-03,0.00031574632022771164,0.0003345357703125,calm
2010-06-07,0.000289057254042632,0.0002731967242374,calm
2010-06-08,0.0002886109546206832,0.0001696044057772,calm
2010-06-09,0.0002645221954047847,0.0003809845670213,calm
2010-06-10,0.0002468437026184791,0.0001085882021436,calm
2010-06-14,0.00022704616224608918,7.053243338052172e-05,calm
2010-06-15,0.00020877731415053634,7.683840501296567e-05,calm
2010-06-16,0.00019225883269720394,7.72015846224818e-05,calm
2010-06-17,0.00017673483754121743,3.644460954820722e-05,calm
2010-06-21,0.00016252891504862322,0.0001114810330381,calm
2010-06-22,0.0001507578994086725,0.0001450143942397,calm
2010-06-23,0.0001812780082978338,0.0001470606301471,calm
2010-06-24,0.00016816304841116734,0.0001363516993369,calm
2010-06-28,0.0001972575569879703,0.0003406883910643,calm
2010-06-29,0.00018278648856192317,0.0001142722070901,calm
2010-06-30,0.00031786985080269623,0.0002646503594157,calm
2010-07-01,0.0003047145622910938,0.0001898931857776,calm
2010-07-06,0.00028203623273706876,0.0001064831715259,calm
2010-07-07,0.00025856639828889254,0.0001160487167214,calm
2010-07-08,0.00023789021601681228,5.634144179791233e-05,calm
2010-07-12,0.00021844608487921495,0.0001263123346375,calm
2010-07-13,0.00020068022879544544,7.595674883535913e-05,calm
2010-07-14,0.00018465740748927989,0.0001041970405058,calm
2010-07-15,0.00016987692766578345,0.0001265807341625,calm
2010-07-19,0.00015637439494716084,0.0001362096739849,calm
2010-07-20,0.0001440793502431606,0.000120983702921,calm
2010-07-21,0.00013300235072040214,0.0002133663688357,calm
2010-07-22,0.00014881905550283018,0.000104734610103,calm
2010-07-26,0.00013775627841433862,6.796090598956642e-05,calm
2010-07-27,0.00012728453784023185,5.564435760020433e-05,calm
2010-07-28,0.00011756495691094449,0.0001209961094256,calm
2010-07-29,0.00011504532644977961,0.0001575562563883,calm
2010-08-02,0.00010999032891551892,4.6619221502654674e-05,calm
2010-08-03,0.00010277538273327973,4.554763715711265e-05,calm
2010-08-04,9.872715237648593e-05,5.84493283723643e-05,calm
2010-08-05,9.165874060808729e-05,8.029754472901265e-05,calm
2010-08-09,8.52494823884995e-05,8.450421065232986e-05,calm
2010-08-10,7.930791813067268e-05,0.0003334287607734,calm
2010-08-11,7.829797411917358e-05,7.691677858028775e-05,calm
2010-08-12,0.0001891568584752693,4.656433601024232e-05,calm
2010-08-16,0.00017983948654685955,7.708901771610647e-05,calm
2010-08-17,0.00016587978641232357,6.129882090094024e-05,calm
2010-08-18,0.0001532548085368328,0.0001526646997419,calm
2010-08-19,0.00014166175330015095,7.209500977174749e-05,calm
2010-08-23,0.00017641870194668173,0.0001534080077357,calm
2010-08-24,0.00016487985150743966,0.0001008089155348,calm
2010-08-25,0.0001851351375567728,0.0001039563266057,calm
2010-08-26,0.00017074362158524966,0.0001315478387889,calm
2010-08-30,0.0001642112798635863,0.000179817494708,calm
2010-08-31,0.00018295355458539694,0.000333374295846,calm
2010-09-01,0.00016878090352816393,2.873177357752417e-05,calm
2010-09-02,0.00015637615473197095,0.0001024847850497,calm
2010-09-07,0.00014457378162413534,5.610609193887398e-05,calm
2010-09-08,0.0001525985829739575,9.837784178919752e-05,calm
2010-09-09,0.00014110824369109812,2.1075960190924266e-05,calm
2010-09-13,0.00013060390258195004,4.530657847074665e-05,calm
2010-09-14,0.00012106945542552425,4.656387674000498e-05,calm
2010-09-15,0.0001123229737921939,2.786791210008495e-05,calm
2010-09-16,0.00010427980348219015,4.055569618258074e-05,calm
2010-09-20,9.690483073696992e-05,5.890196376960317e-05,calm
2010-09-21,9.044936895785045e-05,5.266978706769611e-05,calm
2010-09-22,8.483019486277719e-05,6.971976298132874e-05,calm
2010-09-23,8.266179653875757e-05,7.759608483250108e-05,calm
2010-09-27,8.692672706567224e-05,6.424317958229683e-05,calm
2010-09-28,8.441871032019365e-05,6.621375019421057e-05,calm
2010-09-29,7.87720223147851e-05,0.0001293664143013,calm
2010-09-30,7.401359406607453e-05,9.293591919354096e-05,calm
2010-10-04,7.050922367610017e-05,8.935419993238045e-05,calm
2010-10-05,7.443806448813805e-05,3.364206397674888e-05,calm
2010-10-06,7.011058405318355e-05,4.811795521191461e-05,calm
2010-10-07,6.570801817517029e-05,3.4357813074642455e-05,calm
2010-10-11,6.187679392721592e-05,6.276105779161353e-05,calm
2010-10-12,5.816624130336909e-05,4.516517291893915e-05,calm
2010-10-13,5.478599524758837e-05,5.443168592814773e-05,calm
2010-10-14,5.180318116336129e-05,6.259272485638092e-05,calm
2010-10-18,5.121579721389605e-05,0.0001569858857912,calm
2010-10-19,4.847341085244667e-05,7.386821583373895e-05,calm
2010-10-20,7.19541587640839e-05,7.915355732699723e-05,calm
2010-10-21,6.747935933611358e-05,2.072557849784033e-05,calm
2010-10-25,6.335088006119309e-05,5.239725198639486e-05,calm
2010-10-26,5.958168040175539e-05,5.648894607044677e-05,calm
2010-10-27,5.6129805076231745e-05,5.387194599585441e-05,calm
2010-10-28,5.41701338726845e-05,3.171246273248196e-05,calm
2010-11-01,5.117909714508015e-05,5.842413496681075e-05,calm
2010-11-02,4.8441082001035925e-05,3.744976257631298e-05,calm
2010-11-03,4.600529057158628e-05,8.48525142339043e-05,calm
2010-11-04,4.372732362103276e-05,0.0001256842833155,calm
2010-11-05,4.2157892012811966e-05,3.397794235146061e-05,calm
2010-11-08,4.02467669226528e-05,2.5240456164031623e-05,calm
2010-11-09,3.899088611956214e-05,4.558578933240107e-05,calm
2010-11-10,4.5034112067569366e-05,4.454518375378935e-05,calm
2010-11-11,4.288392608688862e-05,6.78796179677886e-05,calm
2010-11-12,4.2992647836091925e-05,6.99486700956283e-05,calm
2010-11-15,6.19298423157431e-05,4.136299394388509e-05,calm
2010-11-16,5.857692197451341e-05,0.0001236250491407,calm
2010-11-17,9.166604615125606e-05,3.943440167935548e-05,calm
2010-11-18,8.534166283991864e-05,7.898437635045831e-05,calm
2010-11-19,7.987725008790538e-05,2.7699991260113743e-05,calm
2010-11-22,7.465000514595256e-05,7.805730475828755e-05,calm
2010-11-23,6.99921046780442e-05,0.0001037487334812,calm
2010-11-24,9.705277390886946e-05,6.885628415777307e-05,calm
2010-11-26,9.054371162653431e-05,3.5839018429340174e-05,calm
2010-11-29,0.00010473001205417134,0.000147615171755,calm
2010-11-30,9.72629933235474e-05,8.381509251465771e-05,calm
2010-12-01,9.515378208511056e-05,0.0001370109243955,calm
2010-12-02,8.895290278689194e-05,2.3478865106685417e-05,calm
2010-12-03,8.302100181192857e-05,2.630178819850844e-05,calm
2010-12-06,7.751720643751473e-05,1.5431645713917338e-05,calm
2010-12-07,7.266435818040132e-05,8.070089914649838e-05,calm
2010-12-08,6.808375966563239e-05,2.935592194189477e-05,calm
2010-12-09,6.391241960568317e-05,3.1126837107681655e-05,calm
2010-12-10,6.010543083239812e-05,1.1573674809889885e-05,calm
2010-12-13,5.663893794083803e-05,2.251144233110128e-05,calm
2010-12-14,5.3450936151996564e-05,1.9135108394929147e-05,calm
2010-12-15,5.053414821447319e-05,2.4317835617715536e-05,calm
2010-12-16,5.0991814848119033e-05,3.313147269761218e-05,calm
2010-12-17,4.83136708857302e-05,1.2540457935085072e-05,calm
2010-12-20,4.843239986802168e-05,1.3444350721688417e-05,calm
2010-12-21,4.595018272058439e-05,4.54917361685298e-06,calm
2010-12-22,4.3716157891051585e-05,5.519192692834588e-06,calm
2010-12-23,4.163979200232264e-05,7.499532130661632e-06,calm
2010-12-27,4.003322230544721e-05,1.0976522845843512e-05,calm
2010-12-28,3.825430264352003e-05,5.3661630068368535e-06,calm
2010-12-29,3.662437421691092e-05,6.686521300306311e-06,calm
2010-12-30,3.5126914528632946e-05,9.20350438401316e-06,calm
2010-12-31,3.413685114337232e-05,9.540706450760627e-06,calm
2011-01-03,3.284185459918614e-05,8.520594578118925e-05,calm
2011-01-04,3.189542112218014e-05,1.9746213903518687e-05,calm
2011-01-05,3.084931416908096e-05,1.926094106259105e-05,calm
2011-01-06,2.9902976431859917e-05,2.554804289454808e-05,calm
2011-01-07,2.956928497569754e-05,4.789758807208127e-05,calm
2011-01-10,2.926168544180324e-05,5.245078985023271e-05,calm
2011-01-11,2.862512569073052e-05,3.0467609162303684e-05,calm
2011-01-12,2.7821545964622975e-05,3.061209556625264e-05,calm
2011-01-13,2.729075663815082e-05,1.806498927435455e-05,calm
2011-01-14,2.6998596807435236e-05,1.6708129923932852e-05,calm
2011-01-18,2.6463626243695515e-05,1.5240125102217514e-05,calm
2011-01-19,2.5821433110445073e-05,2.381856481755449e-05,calm
2011-01-20,4.0235088572736165e-05,5.550722566759392e-05,calm
2011-01-21,3.867484750709852e-05,3.756513596401425e-05,calm
2011-01-24,3.698803291642378e-05,1.531635445315959e-05,calm
2011-01-25,3.5496262316852986e-05,3.79237962656442e-05,calm
2011-01-26,3.40783068428717e-05,3.28900093254664e-05,calm
2011-01-27,3.280544658665466e-05,2.017380181032832e-05,calm
2011-01-28,3.1622007094161165e-05,6.31841483895345e-05,calm
2011-01-31,7.790217894978437e-05,3.700817765223655e-05,calm
2011-02-01,7.275005619587099e-05,4.716407584131788e-05,calm
2011-02-02,6.84672089688522e-05,2.0577533644786858e-05,calm
2011-02-03,6.464999108029328e-05,3.643164006841747e-05,calm
2011-02-04,6.06436324001095e-05,3.122646676569274e-05,calm
2011-02-07,5.7020621433545295e-05,1.820278106748465e-05,calm
2011-02-08,5.376358206485026e-05,1.4937420995194448e-05,calm
2011-02-09,5.0785558356718875e-05,2.404574614087772e-05,calm
2011-02-10,4.885385491183561e-05,5.0863824770305625e-05,calm
2011-02-11,4.630523624487466e-05,2.48407599399146e-05,calm
2011-02-14,4.4008697481925246e-05,1.2014160787732131e-05,calm
2011-02-15,4.1890144700374364e-05,2.4211233926983503e-05,calm
2011-02-16,4.147710731223266e-05,3.658516790264395e-05,calm
2011-02-17,3.961089194450258e-05,1.582868302703548e-05,calm
2011-02-18,3.7875696717631225e-05,1.435790772207311e-05,calm
2011-02-22,3.6282755191129726e-05,0.0001458035303788,calm
2011-02-23,9.671162444800169e-05,8.842513533705177e-05,calm
2011-02-24,9.552689307469154e-05,8.387350084143883e-05,calm
2011-02-25,8.881617218531806e-05,4.4698805675268e-05,calm
2011-02-28,8.285545296563877e-05,3.0580310011967745e-05,calm
2011-03-01,7.733152844656028e-05,6.969199980526215e-05,calm
2011-03-02,0.00011465197127989966,5.0355268985652974e-05,calm
2011-03-03,0.0001061507632378212,9.074475694369822e-05,calm
2011-03-04,9.885488406150759e-05,5.779030829686026e-05,calm
2011-03-07,0.00010034459351246082,7.297858750078786e-05,calm
2011-03-08,0.00010252837655748339,4.654102515045888e-05,calm
2011-03-09,9.527412741078095e-05,6.219610267023637e-05,calm
2011-03-10,8.893580073283726e-05,0.000203013520129,calm
2011-03-11,0.00013511054035047248,5.088364559329599e-05,calm
2011-03-14,0.00012484701947745224,8.247146718284295e-05,calm
2011-03-15,0.00012099804037587754,0.0005259266245354,calm
2011-03-16,0.00013188580860876086,0.0002003886876956,calm
2011-03-17,0.0001743939787178655,0.0001814851288761,calm
2011-03-18,0.0001607520997747229,0.00013406925766,calm
2011-03-21,0.00014820155180846718,0.0001375443006583,calm
2011-03-22,0.00013699880530326135,2.545006714539485e-05,calm
2011-03-23,0.00012841150099422014,3.442962325424006e-05,calm
2011-03-24,0.0001188222995703641,2.76834792876599e-05,calm
2011-03-25,0.0001101482130542971,2.0370093417957912e-05,calm
2011-03-28,0.00010221570618320494,2.061616413546137e-05,calm
2011-03-29,9.58760845040261e-05,2.7972965369255708e-05,calm
2011-03-30,8.922959929546525e-05,1.705094979249867e-05,calm
2011-03-31,8.317124904475934e-05,2.9666353172874155e-05,calm
2011-04-04,7.789264508877686e-05,1.883702726295959e-05,calm
2011-04-05,7.279257533214937e-05,2.0060311812078146e-05,calm
2011-04-06,6.813419153167429e-05,6.935730631865061e-05,calm
2011-04-07,6.388275844056448e-05,2.7510879531417497e-05,calm
2011-04-11,6.096943418767411e-05,6.419952436715044e-05,calm
2011-04-12,5.870314186171894e-05,5.760901620961569e-05,calm
2011-04-13,6.376417974631872e-05,4.6200103358443615e-05,calm
2011-04-14,5.989632225381255e-05,2.5540169406701747e-05,calm
2011-04-18,5.636387241281586e-05,2.625235904368236e-05,calm
2011-04-19,7.230187479055932e-05,6.782599051124722e-05,calm
2011-04-20,6.77072634905314e-05,1.79142348664616e-05,calm
2011-04-25,6.359735628807976e-05,2.2592476955390103e-05,calm
2011-04-26,5.993004045610628e-05,2.452108981047688e-05,calm
2011-04-27,5.6469392827071176e-05,1.5099657328660752e-05,calm
2011-04-28,5.3297457464102394e-05,8.58382102700776e-06,calm
2011-05-02,5.0378140836761766e-05,3.447613294018942e-05,calm
2011-05-03,4.806728247496841e-05,6.270218683635757e-05,calm
2011-05-04,4.7569337575625634e-05,9.972172466244132e-05,calm
2011-05-05,5.1848580129831844e-05,0.0001438927830552,calm
2011-05-09,6.151838464007786e-05,1.719341455431668e-05,calm
2011-05-10,5.7868315757563504e-05,5.130003074394668e-05,calm
2011-05-11,5.4581139324392414e-05,5.297219137231519e-05,calm
2011-05-12,6.841652656474491e-05,4.492979687618087e-05,calm
2011-05-16,6.41446205286494e-05,6.79595241649972e-05,calm
2011-05-17,6.633613186429254e-05,2.9241697364447137e-05,calm
2011-05-18,6.224276220098429e-05,3.7055280328601325e-05,calm
2011-05-19,5.856991732451929e-05,3.942391884027123e-05,calm
2011-05-23,5.518295109426811e-05,3.4144485749644044e-05,calm
2011-05-24,7.256235403130137e-05,4.0614319514591056e-05,calm
2011-05-25,6.800157644069322e-05,4.204424656077055e-05,calm
2011-05-26,6.376950582951475e-05,3.4745695253206325e-05,calm
2011-05-31,5.9929359011478e-05,6.122838668793894e-05,calm
2011-06-01,5.6481432585490266e-05,7.037996923738962e-05,calm
2011-06-02,0.00013082347225173922,0.0001582941349059,calm
2011-06-06,0.00012090971848621122,5.674614868623032e-05,calm
2011-06-07,0.00012885873597410285,5.514007241476984e-05,calm
2011-06-08,0.00011909820594743516,2.5419872929761795e-05,calm
2011-06-09,0.00011286289554004759,9.172735090604128e-05,calm
2011-06-13,0.00010466009994169403,0.0001090587122311,calm
2011-06-14,9.717324861771185e-05,0.0001364343426889,calm
2011-06-15,9.046332478955207e-05,7.710994068011213e-05,calm
2011-06-16,0.00013218853201044057,0.000117306288219,calm
2011-06-20,0.00012217146395548893,3.548542263122379e-05,calm
2011-06-21,0.00011312590569224879,3.626060591745582e-05,calm
2011-06-22,0.00010501688640265981,0.0003592363371063,calm
2011-06-23,0.00010294291199046805,5.082565679739707e-05,calm
2011-06-27,9.687511232033149e-05,3.2124040819697895e-05,calm
2011-06-28,9.01666412794431e-05,4.781503072112748e-05,calm
2011-06-29,8.4088484305146e-05,4.061285319996151e-05,calm
2011-06-30,7.85143065811209e-05,4.967994554796526e-05,calm
2011-07-05,7.344365043478789e-05,2.689939327279769e-05,calm
2011-07-06,6.887953517940303e-05,7.169933840344104e-05,calm
2011-07-07,6.460837848713724e-05,0.0001108848950702,calm
2011-07-11,6.078989869663003e-05,7.409577441656873e-05,calm
2011-07-12,0.00010638629920088532,7.722567921397407e-05,calm
2011-07-13,0.00010157744887526559,9.361751816153733e-05,calm
2011-07-14,9.445861352929469e-05,9.632823679279616e-05,calm
2011-07-18,9.502065329273974e-05,8.872147854031476e-05,calm
2011-07-19,9.843470150112203e-05,2.549843465083299e-05,calm
2011-07-20,9.173850490744832e-05,9.197064540749034e-05,calm
2011-07-21,8.555620713934189e-05,2.289609244205236e-05,calm
2011-07-25,7.994622559132238e-05,2.469546219554257e-05,calm
2011-07-26,7.93479582998001e-05,0.000118913702522,calm
2011-07-27,7.626997461128311e-05,4.492033778355952e-05,calm
2011-07-28,0.0001342150165511928,0.0002106797545272,calm
2011-08-01,0.00012538573037948846,0.0001362794758716,calm
2011-08-02,0.00011880614701433192,0.0002130799940707,calm
2011-08-03,0.0002092046328924297,0.0004396521982625,calm
2011-08-04,0.00019226572509116157,0.0010861431105571,calm
2011-08-08,0.0005309149222266738,0.0015607229988121,calm
2011-08-09,0.0012157698455586487,0.0015734198257311,calm
2011-08-10,0.0011074058440689513,0.0007446347309996,calm
2011-08-11,0.0013339874650057557,0.0003886922186,calm
2011-08-15,0.0012123012981278937,0.0003033574034531,calm
2011-08-16,0.0010982389571599276,0.0001382748966214,calm
2011-08-17,0.001006727482088069,0.0010052588777701,calm
2011-08-18,0.0009127480935189926,0.0004163771591692,calm
2011-08-22,0.0011390279849806176,0.0002394839477837,calm
2011-08-23,0.0010324953883487447,0.0001872876470081,calm
2011-08-24,0.0009379137727840091,0.0003732760674809,calm
2011-08-25,0.0008514166240955224,0.0003662589384973,calm
2011-08-29,0.0008104843422736347,0.0002176450023445,calm
2011-08-30,0.000736761668284628,0.0001933994712384,calm
2011-08-31,0.0006693261937297553,0.000215655913859,calm
2011-09-01,0.0006081873236029903,0.0004645473706703,calm
2011-09-06,0.0005702074069977434,0.0002036261280501,calm
2011-09-07,0.0005266559695921313,0.0001893283056435,calm
2011-09-08,0.00047970863306967694,0.000383215845704,calm
2011-09-12,0.0004533165225934001,0.0001653459537123,calm
2011-09-13,0.00041198969582275405,0.0002287610291912,calm
2011-09-14,0.00037447008601624633,0.0001650758775017,calm
2011-09-15,0.0003406744103872224,0.0001197666677754,calm
2011-09-19,0.00031041318405881246,0.0001135307614229,calm
2011-09-20,0.00029809049227848137,0.0002261384432634,calm
2011-09-21,0.00027085760498709086,0.0011173442663123,calm
2011-09-22,0.0003914781701762738,0.0002774400408178,calm
2011-09-26,0.0005279275649885619,0.0004870790268771,calm
2011-09-27,0.00048043029204335283,0.0002445731583342,calm
2011-09-28,0.0004370964096006555,0.000562028037221,calm
2011-09-29,0.00046518686821498507,0.0005049099895407,calm
2011-10-03,0.00042324324694408537,0.0007267240042017,calm
2011-10-04,0.00051732293718881,0.0002843865443569,calm
2011-10-05,0.0004707843234350311,0.0001823214812192,calm
2011-10-06,0.0004285489668798561,0.0002047184326505,calm
2011-10-10,0.0003902886361568517,0.0001303310486738,calm
2011-10-11,0.0003564304350796602,0.0001687296400536,calm
2011-10-12,0.00032463508976162997,0.0001695946298074,calm
2011-10-13,0.00029583094086574265,0.000221675559531,calm
2011-10-17,0.00027013179720728484,0.000231354227109,calm
2011-10-18,0.00030562064313188937,0.0001374227849837,calm
2011-10-19,0.0002790221643318582,0.0002100067651359,calm
2011-10-20,0.00027693827804704856,0.0001960088353782,calm
2011-10-24,0.00025253118378949665,0.0002155622847502,calm
2011-10-25,0.000230593292530828,0.0003112079035346,calm
2011-10-26,0.00027212580994990604,0.0006616970760231,calm
2011-10-27,0.0002483592161765515,8.637026437922611e-05,calm
2011-10-31,0.00022833057827745433,0.0002367220951013,calm
2011-11-01,0.00030310703860557815,0.0009656929184634,calm
2011-11-02,0.0004029321155445975,0.0003255793232157,calm
2011-11-03,0.0003672713017106063,0.0002501236442729,calm
2011-11-04,0.00033503157141384285,0.0001540340988926,calm
2011-11-07,0.00031148586117672766,9.450561200691156e-05,calm
2011-11-08,0.00028429113606305415,0.0001240930198906,calm
2011-11-09,0.0002597174743286522,0.0005922209667006,calm
2011-11-10,0.00046014666977225305,0.0002700224710458,calm
2011-11-11,0.00041909196233682017,0.0001858628654852,calm
2011-11-14,0.00038220466540949517,7.984105641640929e-05,calm
2011-11-15,0.00036272050600190755,0.0001038825819842,calm
2011-11-16,0.0003309182534533838,0.0002439370176897,calm
2011-11-17,0.00034205829748120504,0.000203281411876,calm
2011-11-18,0.00035221931946874125,9.207688960280652e-05,calm
2011-11-21,0.00032156356186976575,0.0003289374129427,calm
2011-11-22,0.00035120814000853633,0.0001238007615842,calm
2011-11-23,0.0003228838560329693,0.0002222091514823,calm
2011-11-25,0.00037255543515196546,7.356725169968264e-05,calm
2011-11-28,0.0003403904947468965,0.0007899780140908,calm
2011-11-29,0.0003112488267047771,7.870956172680729e-05,calm
2011-11-30,0.000284258131762139,0.0007088451526677,calm
2011-12-01,0.0002611297509679266,6.870588399345685e-05,calm
2011-12-02,0.00023880091609853712,0.0001108570257137,calm
2011-12-05,0.0002185801405266354,0.0002659068549598,calm
2011-12-06,0.0002002268547125564,5.12262294417342e-05,calm
2011-12-07,0.0001833220037262045,0.000121369952746,calm
2011-12-08,0.0001679342890573978,0.0001638233556814,calm
2011-12-09,0.00023175830167001656,0.0001193666968594,calm
2011-12-12,0.00021239002805280765,0.0002102099434077,calm
2011-12-13,0.00022837765287206241,0.000184923889616,calm
2011-12-14,0.00022284429463154066,0.0001300252689424,calm
2011-12-15,0.00022195554960617673,0.0001482031157503,calm
2011-12-16,0.00020329980456716218,0.0001160943251004,calm
2011-12-19,0.00018997010740527518,9.05862687938204e-05,calm
2011-12-20,0.0001922543883089567,0.000316731032191,calm
2011-12-21,0.0001770960457644466,7.107408248239379e-05,calm
2011-12-22,0.00016257405229814178,2.8470780834441288e-05,calm
2011-12-23,0.00014945329595748976,2.2105238386547145e-05,calm
2011-12-27,0.00013753295121048337,2.1352012143961145e-05,calm
2011-12-28,0.0001265451703387484,3.888108414857559e-05,calm
2011-12-29,0.00014409359363601714,3.04486502391406e-05,calm
2011-12-30,0.00013271400751713557,1.7158468017474457e-05,calm
2012-01-03,0.00012603812423224098,0.0003049841630565,calm
2012-01-04,0.00011655412573845621,3.890710184958219e-05,calm
2012-01-05,0.00010756040480876494,6.515797739667469e-05,calm
2012-01-06,9.937857995144057e-05,3.348536473204581e-05,calm
2012-01-09,9.296007135710961e-05,1.974168966755715e-05,calm
2012-01-10,8.608657093074624e-05,0.0001274286095429,calm
2012-01-11,8.00382853693549e-05,4.084776862307181e-05,calm
2012-01-12,7.433074067887228e-05,4.106153449354368e-05,calm
2012-01-13,6.915869941630899e-05,0.000104544238332,calm
2012-01-17,6.879719927927669e-05,8.777894246988321e-05,calm
2012-01-18,6.419801470389625e-05,3.872876902864405e-05,calm
2012-01-19,6.037676958259406e-05,2.9729950467130063e-05,calm
2012-01-20,5.662536925419278e-05,1.7813525153193508e-05,calm
2012-01-23,5.318007048927892e-05,2.961763087372188e-05,calm
2012-01-24,5.109997845199237e-05,4.899248892965565e-05,calm
2012-01-25,4.83512271001509e-05,5.77174667725078e-05,calm
2012-01-26,4.5896036737633764e-05,4.883637370790306e-05,calm
2012-01-27,4.7784799106103454e-05,3.1998099127832774e-05,calm
2012-01-30,4.5225197105505435e-05,0.0001217185709649,calm
2012-01-31,4.478753938576665e-05,7.901718404213539e-05,calm
2012-02-01,4.2511525849369894e-05,8.556683889317936e-05,calm
2012-02-02,4.0604835839156093e-05,2.2104800368233525e-05,calm
2012-02-03,3.871262534035624e-05,9.6645942938878e-05,calm
2012-02-06,3.747650855409491e-05,3.622238209246629e-05,calm
2012-02-07,3.597304164211292e-05,2.982289152609981e-05,calm
2012-02-08,3.454777010102552e-05,2.237268558021672e-05,calm
2012-02-09,3.326079183140085e-05,3.228904463423826e-05,calm
2012-02-10,3.2075822400303606e-05,9.358989587712998e-05,calm
2012-02-13,4.0054459085191926e-05,4.690565213574275e-05,calm
2012-02-14,3.832048253378829e-05,3.1717626309871487e-05,calm
2012-02-15,3.6950085084085824e-05,5.395375282093064e-05,calm
2012-02-16,3.901603201967746e-05,3.00807661627311e-05,calm
2012-02-17,3.746462887269953e-05,2.0916536317296205e-05,calm
2012-02-21,3.592179421435794e-05,2.9926650902791096e-05,calm
2012-02-22,3.451028603893607e-05,2.4551182039089954e-05,calm
2012-02-23,3.495202227514117e-05,1.993731928808601e-05,calm
2012-02-24,3.365277849793336e-05,1.692877875594198e-05,calm
2012-02-27,3.244749469875564e-05,6.88217800402775e-05,calm
2012-02-28,3.134492151228257e-05,2.5818658088677705e-05,calm
2012-02-29,3.0348931226334354e-05,4.4358475972830144e-05,calm
2012-03-01,3.200610569463532e-05,5.52997021151936e-05,calm
2012-03-02,3.097686169933453e-05,2.479284423405272e-05,calm
2012-03-05,3.155365943349635e-05,3.208291962157205e-05,calm
2012-03-06,3.328460016030693e-05,0.0001292223877633,calm
2012-03-07,6.772817908207976e-05,2.504784109351829e-05,calm
2012-03-08,6.325921970926402e-05,6.346358216744232e-05,calm
2012-03-09,5.930401449170945e-05,2.2641260007094755e-05,calm
2012-03-12,5.5623880066936324e-05,2.0281134585090364e-05,calm
2012-03-13,5.229530996166358e-05,4.548335772533618e-05,calm
2012-03-14,4.9601712465818853e-05,2.178604596435164e-05,calm
2012-03-15,4.7068916250900215e-05,2.4231506054329194e-05,calm
2012-03-16,4.460962687631549e-05,1.4727339980913664e-05,calm
2012-03-19,4.385623732118398e-05,1.6638104157386555e-05,calm
2012-03-20,4.169030049727221e-05,5.581357967756558e-05,calm
2012-03-21,4.1141326387205137e-05,1.914050799625005e-05,calm
2012-03-22,3.9676404195826e-05,6.554381363627071e-05,calm
2012-03-23,4.6495970803179824e-05,1.822836193212128e-05,calm
2012-03-26,4.4064127295303005e-05,1.4486205955651356e-05,calm
2012-03-27,4.2061241061850585e-05,3.343567585038475e-05,calm
2012-03-28,4.167633404982197e-05,6.522909326620424e-05,calm
2012-03-29,4.379630653988027e-05,3.4114542105778865e-05,calm
2012-04-02,4.2112630768842403e-05,5.401224429395893e-05,calm
2012-04-03,4.015870760860081e-05,0.0001043920155054,calm
2012-04-04,4.111599761338779e-05,2.88664387758584e-05,calm
2012-04-09,5.548899548312151e-05,6.519545757148817e-05,calm
2012-04-10,7.313780801739225e-05,0.000100789963319,calm
2012-04-11,0.00011552034351641993,2.322062655091499e-05,calm
2012-04-12,0.00010627892660551359,5.24132766509063e-05,calm
2012-04-16,9.814745550399929e-05,7.035723218302853e-05,calm
2012-04-17,9.065877958664117e-05,4.563386024921558e-05,calm
2012-04-18,8.40742303221353e-05,8.270253573773732e-05,calm
2012-04-19,7.985840457618942e-05,4.030085771170916e-05,calm
2012-04-23,8.10237491355134e-05,3.16168218105666e-05,calm
2012-04-24,8.697891794202347e-05,0.0001329333352019,calm
2012-04-25,8.058674610833694e-05,2.2611473617518767e-05,calm
2012-04-26,7.493489305088031e-05,2.780944214487193e-05,calm
2012-04-30,6.975516742546596e-05,4.828298259863768e-05,calm
2012-05-01,6.735289430851711e-05,5.153086874016891e-05,calm
2012-05-02,6.291369198899487e-05,4.010644912318834e-05,calm
2012-05-03,6.037993822378407e-05,7.119435687576865e-05,calm
2012-05-07,6.626428494966533e-05,0.0001023715795135,calm
2012-05-08,6.19085027636363e-05,0.000186740057948,calm
2012-05-09,6.0655400196614286e-05,0.0001030743643289,calm
2012-05-10,6.26823256820862e-05,6.997402066982703e-05,calm
2012-05-14,5.867872509677091e-05,6.232345062955374e-05,calm
2012-05-15,7.538472605985392e-05,7.900807976602752e-05,calm
2012-05-16,7.558305386983748e-05,8.598359078272735e-05,calm
2012-05-17,7.272512948075438e-05,8.786943632652968e-05,calm
2012-05-21,0.00010439761465232648,8.606340842957042e-05,calm
2012-05-22,9.655835877064014e-05,0.000116506120944,calm
2012-05-23,8.918693125068591e-05,8.10139927381339e-05,calm
2012-05-24,8.25634477048176e-05,3.613137488977965e-05,calm
2012-05-29,7.660945069152296e-05,0.0001260042564746,calm
2012-05-30,7.131004801383082e-05,8.768275048546974e-05,calm
2012-05-31,0.00010158154207221932,0.0002236695020505,calm
2012-06-04,9.453947300319341e-05,5.389168714864125e-05,calm
2012-06-05,8.744556391475494e-05,8.9599882911639e-05,calm
2012-06-06,8.105595612222836e-05,0.0001433450163523,calm
2012-06-07,7.546373390898462e-05,4.9615283872675954e-05,calm
2012-06-11,7.021543627298276e-05,8.263207359359059e-05,calm
2012-06-12,9.23479416114849e-05,8.540430263374963e-05,calm
2012-06-13,8.55046987854414e-05,8.915835495878956e-05,calm
2012-06-14,8.606567908467464e-05,3.5724534121877355e-05,calm
2012-06-18,7.982788015420461e-05,5.8111292578117935e-05,calm
2012-06-19,7.415421077272727e-05,7.656060070234522e-05,calm
2012-06-20,6.907192175723464e-05,6.76862166962777e-05,calm
2012-06-21,6.489530325109934e-05,4.263915162794018e-05,calm
2012-06-25,0.00014521239522223,4.860012022850214e-05,calm
2012-06-26,0.00017628667617888973,4.135767106026526e-05,calm
2012-06-27,0.00016100518392159725,0.0001272586548154,calm
2012-06-28,0.00014738151399735494,0.000244701141918,calm
2012-07-02,0.0001364205181957125,1.4775053544635136e-05,calm
2012-07-05,0.000125229951783666,0.0001033687487941,calm
2012-07-09,0.0001185206801630437,7.665336108707708e-05,calm
2012-07-10,0.00010938632566637405,5.666221507189737e-05,calm
2012-07-11,0.00011340123817787924,0.0001008161472533,calm
2012-07-12,0.00010451264650381964,5.0072674235071045e-05,calm
2012-07-16,0.00010034668348029321,9.070389177571732e-05,calm
2012-07-17,9.364945149087325e-05,2.8421573425301804e-05,calm
2012-07-18,8.670936601747414e-05,3.598985667629793e-05,calm
2012-07-19,8.044264871315111e-05,5.518798239174988e-05,calm
2012-07-23,7.475305922115598e-05,7.654682237739664e-05,calm
2012-07-24,8.643409322863811e-05,5.978383074313445e-05,calm
2012-07-25,9.22674416465593e-05,0.0003058355428357,calm
2012-07-26,8.543646709824207e-05,8.342990921611934e-05,calm
2012-07-30,7.938219247179986e-05,3.496929008963927e-05,calm
2012-07-31,7.379975331953517e-05,6.843387634041e-05,calm
2012-08-01,7.678528467824684e-05,0.0001298245382131,calm
2012-08-02,7.15819760196276e-05,0.0002096643767229,calm
2012-08-06,7.456837886721802e-05,3.391164081453909e-05,calm
2012-08-07,6.945389524363363e-05,2.5739623613498164e-05,calm
2012-08-08,6.484358584047994e-05,1.835847287304024e-05,calm
2012-08-09,6.0656790242760704e-05,3.89736578095405e-05,calm
2012-08-13,5.686907739234539e-05,2.365541729874731e-05,calm
2012-08-14,5.348034474940309e-05,1.177752167494828e-05,calm
2012-08-15,5.036926242909132e-05,1.3425341025138576e-05,calm
2012-08-16,4.755224650199661e-05,7.001791764425687e-06,calm
2012-08-20,4.506698775945422e-05,3.3930663858682106e-05,calm
2012-08-21,4.2752410449165324e-05,3.7089232017258735e-05,calm
2012-08-22,4.218486301345739e-05,3.984932732470013e-05,calm
2012-08-23,4.0144027213362674e-05,2.689926562398257e-05,calm
2012-08-27,4.9459943524445425e-05,2.5538017095215568e-05,calm
2012-08-28,4.6735605399780836e-05,1.2040171559416912e-05,calm
2012-08-29,4.443402560379058e-05,4.755492678973102e-05,calm
2012-08-30,4.218752882216427e-05,0.0001127480578983,calm
2012-09-04,4.8789355256000774e-05,1.957833649500373e-05,calm
2012-09-05,4.626101719271836e-05,7.66222748124791e-05,calm
2012-09-06,4.395491375430747e-05,1.133639571907586e-05,calm
2012-09-10,4.210716544677492e-05,1.5029954874582336e-05,calm
2012-09-11,4.546639871665696e-05,2.601793789320067e-05,calm
2012-09-12,4.315047200794556e-05,6.025276581838828e-05,calm
2012-09-13,4.105868888682712e-05,4.818068046913037e-05,calm
2012-09-17,3.93926648151644e-05,1.853772857602845e-05,calm
2012-09-18,3.959373148616536e-05,2.38946300150818e-05,calm
2012-09-19,3.7960365902605845e-05,4.416107314989428e-05,calm
2012-09-20,3.63640502433245e-05,3.041274257982312e-05,calm
2012-09-24,3.491328947097535e-05,3.423097793865492e-05,calm
2012-09-25,3.398484279172187e-05,3.591889567568471e-05,calm
2012-09-26,5.1673742248567335e-05,3.3672464761823935e-05,calm
2012-09-27,5.396812489684033e-05,4.069027283187193e-05,calm
2012-10-01,5.0895648276680384e-05,4.984070856673392e-05,calm
2012-10-02,4.804231459031344e-05,3.138067474574152e-05,calm
2012-10-03,4.5464431616270004e-05,3.559074342526186e-05,calm
2012-10-04,4.315192145005338e-05,4.070417846334557e-05,calm
2012-10-08,4.109606140464501e-05,3.174823811372e-05,calm
2012-10-09,4.1140258591877386e-05,2.5290673266691225e-05,calm
2012-10-10,5.5463080076055074e-05,6.139073601278572e-05,calm
2012-10-11,5.888242942109375e-05,2.5330098632767508e-05,calm
2012-10-15,5.5233492968309814e-05,2.785233746867163e-05,calm
2012-10-16,5.20154095217406e-05,1.5745012037851736e-05,calm
2012-10-17,4.9137115900376936e-05,3.540957238847098e-05,calm
2012-10-18,4.6471981541915775e-05,6.018656731008063e-05,calm
2012-10-22,4.51749019712679e-05,0.0001765566189366,calm
2012-10-23,4.287541437667941e-05,5.429834793092829e-05,calm
2012-10-24,7.279855945793265e-05,0.0001083287131471,calm
2012-10-25,6.90963410833988e-05,6.296278117322756e-05,calm
2012-10-31,6.446317450438674e-05,5.3407105091254416e-05,calm
2012-11-01,6.029043524302912e-05,3.741028092080471e-05,calm
2012-11-02,5.661062221991752e-05,4.516433823150892e-05,calm
2012-11-05,6.623194072539401e-05,2.421946598864764e-05,calm
2012-11-06,6.189409572582263e-05,4.121185366659854e-05,calm
2012-11-07,5.8026636339428575e-05,0.0002762342394764,calm
2012-11-08,0.0001405609482857839,6.673557381500837e-05,calm
2012-11-09,0.0001529115444136772,8.893758769889924e-05,calm
2012-11-12,0.00013986522771674244,2.352204228345602e-05,calm
2012-11-13,0.00012820548610801728,8.837113898340802e-05,calm
2012-11-14,0.00011974160871584385,7.852655197722172e-05,calm
2012-11-15,0.0001402633672136723,7.456799350022986e-05,calm
2012-11-16,0.00012911572652099372,8.976071102457922e-05,calm
2012-11-19,0.00011866570847209283,0.0001683007005373,calm
2012-11-20,0.00010948515922092361,6.227230808902253e-05,calm
2012-11-21,0.00010096188298145905,1.328067877673953e-05,calm
2012-11-23,9.328641286453722e-05,3.335191367277284e-05,calm
2012-11-26,8.642176250541602e-05,5.280680884305069e-05,calm
2012-11-27,8.090461993867133e-05,4.583094631916258e-05,calm
2012-11-28,7.944038384518937e-05,9.923239501647353e-05,calm
2012-11-29,7.38836298057675e-05,8.122214576298956e-05,calm
2012-11-30,6.884628893921703e-05,2.621522388862159e-05,calm
2012-12-03,6.427885266609707e-05,5.716781444643248e-05,calm
2012-12-04,6.412879125686135e-05,3.79428950117525e-05,calm
2012-12-05,6.034311419991745e-05,4.688735870652034e-05,calm
2012-12-06,5.659008164381196e-05,2.7822664154467448e-05,calm
2012-12-07,5.320071641143101e-05,3.756443941463415e-05,calm
2012-12-10,5.013139086032793e-05,1.6628014326916485e-05,calm
2012-12-11,4.734341526110157e-05,3.905595044054508e-05,calm
2012-12-12,4.4876714525366204e-05,3.2103749187647705e-05,calm
2012-12-13,4.258870553670696e-05,3.012319856349701e-05,calm
2012-12-14,4.678028934602945e-05,3.0831574839044194e-05,calm
2012-12-17,4.6613773121775904e-05,3.437120072587716e-05,calm
2012-12-18,4.4295802460661066e-05,2.75084785744669e-05,calm
2012-12-19,4.220918785958831e-05,2.5230850792668583e-05,calm
2012-12-20,4.935177475099971e-05,3.234237026769193e-05,calm
2012-12-21,4.669170305108233e-05,0.0001528189940996,calm
2012-12-24,8.701522929122009e-05,9.387796808350876e-06,calm
2012-12-26,8.218315098980948e-05,2.229001460692664e-05,calm
2012-12-27,7.920185469193474e-05,7.522437191522163e-05,calm
2012-12-28,7.390929474686603e-05,6.864994577711682e-05,calm
2012-12-31,8.80212658322008e-05,9.9800112962042e-05,calm
2013-01-02,8.179333440977756e-05,0.0003998754125332,calm
2013-01-03,7.633716347069644e-05,2.877280132531701e-05,calm
2013-01-04,7.185641049311083e-05,2.059038508901497e-05,calm
2013-01-07,6.697736634191666e-05,3.326206726152528e-05,calm
2013-01-08,6.382252540863328e-05,2.154543356157129e-05,calm
2013-01-09,6.111110694617337e-05,1.9297589354295653e-05,calm
2013-01-10,5.7287388206934266e-05,2.0224199506513203e-05,calm
2013-01-11,5.386699475464181e-05,1.058118454845889e-05,calm
2013-01-14,5.0745720458278956e-05,1.5782705881397227e-05,calm
2013-01-15,4.800587356773563e-05,2.837754542255928e-05,calm
2013-01-16,4.5445905271363496e-05,1.355334985286304e-05,calm
2013-01-17,4.31337923282418e-05,2.429108862798138e-05,calm
2013-01-18,4.1078315243266464e-05,1.2861965032070728e-05,calm
2013-01-22,3.918279831206489e-05,1.2411988371334658e-05,calm
2013-01-23,3.7495619237839214e-05,7.592427693681032e-06,calm
2013-01-24,3.593580398221311e-05,1.8827176710806687e-05,calm
2013-01-25,3.451874390621785e-05,3.02764226577382e-05,calm
2013-01-28,3.328107365838634e-05,1.262825579769491e-05,calm
2013-01-29,3.237059084158778e-05,1.6187684869431636e-05,calm
2013-01-30,3.131011735006406e-05,2.09092179074234e-05,calm
2013-01-31,3.295471844346211e-05,2.9371916164567862e-05,calm
2013-02-01,3.286510347775528e-05,4.667615910969572e-05,calm
2013-02-04,3.190396953759659e-05,5.3222324391733134e-05,calm
2013-02-05,5.223312440256252e-05,4.338277753248456e-05,calm
2013-02-06,4.932172536892048e-05,3.696884506327915e-05,calm
2013-02-07,4.659811498991723e-05,3.553096924931811e-05,calm
2013-02-08,4.445665886578488e-05,1.4858985533263876e-05,calm
2013-02-11,4.224414425912714e-05,8.239588701751283e-06,calm
2013-02-12,4.0230406124565414e-05,7.453805186752834e-06,calm
2013-02-13,3.840219568045741e-05,1.842833059757055e-05,calm
2013-02-14,3.67462190379997e-05,2.3600096409362045e-05,calm
2013-02-15,3.524611785398846e-05,1.883684365720955e-05,calm
2013-02-19,3.413845486119766e-05,1.4263749582525975e-05,calm
2013-02-20,3.295967988004115e-05,2.414955318655678e-05,calm
2013-02-21,5.7990374671617684e-05,5.206624911544685e-05,calm
2013-02-22,6.0597610494189194e-05,4.186252501170508e-05,calm
2013-02-25,5.685436109558731e-05,8.787405534139898e-05,calm
2013-02-26,0.00011492948151211029,7.180103692033423e-05,calm
2013-02-27,0.00010558253973584528,3.30599284682281e-05,calm
2013-02-28,9.739003162878318e-05,3.1437288786903195e-05,calm
2013-03-01,9.049400513971976e-05,8.625860729561744e-05,calm
2013-03-04,8.36601977717724e-05,2.7543344456191208e-05,calm
2013-03-05,7.75457159987709e-05,5.865733896844221e-05,calm
2013-03-06,7.20786232041725e-05,2.3545224786428843e-05,calm
2013-03-07,6.712308102433058e-05,1.5450122880313302e-05,calm
2013-03-08,6.266513044981885e-05,2.0637116211646523e-05,calm
2013-03-11,5.865421325429408e-05,9.153525703416009e-06,calm
2013-03-12,5.5037098114729674e-05,1.7060011026442335e-05,calm
2013-03-13,5.2640314681560206e-05,1.2882094535612389e-05,calm
2013-03-14,4.960662470149978e-05,1.3870996832820092e-05,calm
2013-03-15,4.688012021496653e-05,1.526929430908865e-05,calm
2013-03-18,4.996410612394433e-05,0.000119838337724,calm
2013-03-19,5.2315491955993144e-05,7.129016940563635e-05,calm
2013-03-20,5.023605616755151e-05,5.758186616021913e-05,calm
2013-03-21,4.746181542834224e-05,5.290476289765424e-05,calm
2013-03-22,5.7160350378898795e-05,3.332018065767891e-05,calm
2013-03-25,5.371007583591456e-05,4.72878450823159e-05,calm
2013-03-26,5.3509055235022386e-05,2.880351498297227e-05,calm
2013-03-27,5.0421553903890606e-05,6.680165414044689e-05,calm
2013-03-28,4.7598785061624576e-05,1.258246753277589e-05,calm
2013-04-01,4.505756197875047e-05,3.444092707341793e-05,calm
2013-04-02,4.5408879392355996e-05,3.440428412456607e-05,calm
2013-04-03,4.309024521333253e-05,4.033892637543374e-05,calm
2013-04-04,5.820997648956876e-05,0.0001931349366465,calm
2013-04-08,5.4618727987864955e-05,2.3895552756355703e-05,calm
2013-04-09,5.1404876188728855e-05,3.6150123460505e-05,calm
2013-04-10,4.848692447065105e-05,1.84645679879864e-05,calm
2013-04-11,4.594477398181885e-05,4.448918276009261e-05,calm
2013-04-15,4.3564957585183096e-05,7.275846560740251e-05,calm
2013-04-16,0.00013195045580483082,0.0001302344265993,calm
2013-04-17,0.00012128175127321629,6.784704614114405e-05,calm
2013-04-18,0.00014741783873233955,3.899180621419903e-05,calm
2013-04-22,0.00014138084816421234,0.0001851891684182,calm
2013-04-23,0.00012943736552725518,1.427300166638192e-05,calm
2013-04-24,0.0001188393780003827,2.610507571500376e-05,calm
2013-04-25,0.00010923159348533913,1.7877119257672902e-05,calm
2013-04-29,0.00010062252376402086,2.2011346143895227e-05,calm
2013-04-30,9.289852646669819e-05,3.603276479960991e-05,calm
2013-05-01,8.593435632137961e-05,2.494463825834536e-05,calm
2013-05-02,9.241788525848558e-05,0.0001080552857433,calm
2013-05-06,8.553166859337688e-05,1.6900373727138884e-05,calm
2013-05-07,7.930212538344948e-05,1.046981371066436e-05,calm
2013-05-08,7.3692852648271e-05,2.6764550271978384e-05,calm
2013-05-09,6.863210218686282e-05,2.903387023421825e-05,calm
2013-05-13,6.540608684170373e-05,1.920314015380076e-05,calm
2013-05-14,6.114479501487092e-05,2.4073426285490263e-05,calm
2013-05-15,5.73583883300248e-05,3.1126669115749685e-05,calm
2013-05-16,5.389824189496063e-05,2.180143436279464e-05,calm
2013-05-20,5.446500948090747e-05,2.9020951579786607e-05,calm
2013-05-21,5.1270453811680036e-05,0.0001168216157796,calm
2013-05-22,4.8380967396109204e-05,0.0001229516073117,calm
2013-05-23,5.4982443307197784e-05,3.206491142063691e-05,calm
2013-05-28,5.316300049795134e-05,6.382454937748322e-05,calm
2013-05-29,5.011663465617924e-05,2.75371374106984e-05,calm
2013-05-30,5.440090017618322e-05,5.805129493504152e-05,calm
2013-06-03,5.1220136867244556e-05,6.504352802033943e-05,calm
2013-06-04,4.835989442179258e-05,6.130013043479401e-05,calm
2013-06-05,4.96453949570866e-05,6.73316024556623e-05,calm
2013-06-06,7.96136478251492e-05,4.783716672954495e-05,calm
2013-06-10,7.396621040906134e-05,0.0001185618538796,calm
2013-06-11,6.883039740144151e-05,7.663961806763483e-05,calm
2013-06-12,8.191739936869761e-05,4.34500694535026e-05,calm
2013-06-13,8.739233593173952e-05,5.105118700065468e-05,calm
2013-06-17,8.108729162206315e-05,1.816416879585006e-05,calm
2013-06-18,7.527402629606877e-05,0.0001116591987143,calm
2013-06-19,7.004338765374697e-05,0.0001485521246127,calm
2013-06-20,9.719184354066474e-05,0.0001465848806463,calm
2013-06-24,0.00019449285905970658,9.077030782176368e-05,calm
2013-06-25,0.00020411063973723435,7.500695769578098e-05,calm
2013-06-26,0.0001857458959970106,4.778856197437349e-05,calm
2013-06-27,0.0001693252247074276,4.9997614505674e-05,calm
2013-07-01,0.00015454623972876037,3.483440749125189e-05,calm
2013-07-02,0.00014130913978070283,3.332706049070701e-05,calm
2013-07-08,0.0001295768122165792,2.329325994875133e-05,calm
2013-07-09,0.00011890037614873146,4.5023152651635546e-05,calm
2013-07-10,0.00010930712128937889,7.846823342796871e-05,calm
2013-07-11,0.00010065711789583011,1.213939712636634e-05,calm
2013-07-15,9.293149196058798e-05,1.2745217936119823e-05,calm
2013-07-16,8.591054446290484e-05,2.273870207197657e-05,calm
2013-07-17,8.195401641197266e-05,1.4100411803922824e-05,calm
2013-07-18,7.600340517205075e-05,1.0021525079290436e-05,calm
2013-07-22,7.065413841409321e-05,9.414115774175669e-06,calm
2013-07-23,6.580177906090719e-05,1.7825523730800247e-05,calm
2013-07-24,6.221033967616392e-05,2.1588335771644783e-05,calm
2013-07-25,6.048211659718983e-05,2.809942874066389e-05,calm
2013-07-29,5.662885247042701e-05,1.8720605010989987e-05,calm
2013-07-30,5.4780170490795134e-05,4.68155537409335e-05,calm
2013-07-31,5.147988786883123e-05,5.5994048253715896e-05,calm
2013-08-01,4.850119888470864e-05,9.618943555227105e-06,calm
2013-08-05,4.6018702946617445e-05,1.565664522492551e-05,calm
2013-08-06,4.397792741331691e-05,2.825318477902079e-05,calm
2013-08-07,4.728489518741952e-05,2.3951829281094727e-05,calm
2013-08-08,4.6564559933939286e-05,1.99360314838056e-05,calm
2013-08-12,4.4113938242644055e-05,1.993458763119144e-05,calm
2013-08-13,4.2145468371989905e-05,1.883599974566273e-05,calm
2013-08-14,4.0122667883241686e-05,6.233391068710357e-05,calm
2013-08-15,4.2814637493519555e-05,2.8891546149637337e-05,calm
2013-08-19,7.39803406558974e-05,1.5212916813074897e-05,calm
2013-08-20,7.56832468246584e-05,5.745000223594421e-05,calm
2013-08-21,7.030202848479198e-05,1.6766082942989694e-05,calm
2013-08-22,7.188321463585134e-05,1.3268962512877132e-05,calm
2013-08-26,6.693525959176683e-05,7.525640805707829e-05,calm
2013-08-27,6.480051109658009e-05,2.261651924970445e-05,calm
2013-08-28,0.00010439347626984683,2.413103326444652e-05,calm
2013-08-29,9.605159798856636e-05,5.153271462479877e-05,calm
2013-09-03,8.858719788746016e-05,2.234162660140374e-05,calm
2013-09-04,8.191928757042868e-05,1.6898111084971323e-05,calm
2013-09-05,7.59614049781935e-05,7.434182323475571e-05,calm
2013-09-09,7.057928207777831e-05,2.229045233475752e-05,calm
2013-09-10,6.577399994976071e-05,1.1983048725361513e-05,calm
2013-09-11,6.143833162175167e-05,1.252915781934448e-05,calm
2013-09-12,5.7520241804131214e-05,1.1283075281249904e-05,calm
2013-09-16,5.520371203347002e-05,6.368149607941947e-06,calm
2013-09-17,5.191564868112366e-05,5.711972906627449e-05,calm
2013-09-18,4.894623202564505e-05,1.7987318089862578e-05,calm
2013-09-19,4.635114795315196e-05,1.8516697182988106e-05,calm
2013-09-23,4.442635333066431e-05,1.847976451504069e-05,calm
2013-09-24,4.584013174993324e-05,3.24623538010949e-05,calm
2013-09-25,4.4429098628926957e-05,2.795398775058528e-05,calm
2013-09-26,4.3632022627462036e-05,2.5725205899953305e-05,calm
2013-09-30,4.148232325532439e-05,3.313825455835051e-05,calm
2013-10-01,4.4359817294548174e-05,4.087825811056895e-05,calm
2013-10-02,4.2174885231402754e-05,7.50730846501711e-05,calm
2013-10-03,4.032213212705097e-05,1.8972115776006096e-05,calm
2013-10-07,5.286582827450859e-05,4.9340451820817575e-05,calm
2013-10-08,6.239122947446229e-05,4.818721755251e-05,calm
2013-10-09,8.127669342807562e-05,9.850877046576063e-05,calm
2013-10-10,7.527389374149186e-05,2.332178400830896e-05,calm
2013-10-14,7.029055597283283e-05,5.4461087311235945e-05,calm
2013-10-15,6.54243119627994e-05,5.886075662534087e-05,calm
2013-10-16,7.001234466100059e-05,2.33430367157146e-05,calm
2013-10-17,6.529203428758243e-05,1.6452412894633686e-05,calm
2013-10-21,6.095605448744805e-05,2.9907462655190705e-05,calm
2013-10-22,5.703891062735608e-05,2.9454228312545457e-05,calm
2013-10-23,5.353754687069158e-05,1.299103802915796e-05,calm
2013-10-24,5.431267201988786e-05,9.513243224253696e-06,calm
2013-10-28,5.1075249706825124e-05,9.52664751961964e-06,calm
2013-10-29,4.8157774937353884e-05,1.640520228721243e-05,calm
2013-10-30,4.5547350629825856e-05,3.528202092481608e-05,calm
2013-10-31,4.742238889205298e-05,3.061737410680147e-05,calm
2013-11-01,4.62701440557076e-05,3.289620876110868e-05,calm
2013-11-04,4.383095176482469e-05,1.3421313021209632e-05,calm
2013-11-05,4.163863399234292e-05,2.015868145506784e-05,calm
2013-11-06,4.14013442314304e-05,1.902453704639641e-05,calm
2013-11-07,3.9460634443237805e-05,3.858023697859154e-05,calm
2013-11-08,6.49725129821508e-05,3.4576145673068906e-05,calm
2013-11-11,6.076667854659538e-05,1.132367533256425e-05,calm
2013-11-12,5.68419479540807e-05,2.411372822156397e-05,calm
2013-11-13,5.4057323520099776e-05,2.0346271791553305e-05,calm
2013-11-14,5.086407209581825e-05,2.033830996724199e-05,calm
2013-11-15,4.797127362795777e-05,6.290719167204106e-06,calm
2013-11-18,4.5366318007283035e-05,2.259103607789826e-05,calm
2013-11-19,4.514156452017506e-05,3.033770148641362e-05,calm
2013-11-20,4.364664242427315e-05,3.934409664273176e-05,calm
2013-11-21,4.316573695354976e-05,1.867593989167085e-05,calm
2013-11-22,4.1078448973803247e-05,6.013575982382761e-06,calm
2013-11-25,3.91686338470467e-05,7.814411027034557e-06,calm
2013-11-26,3.761532273134072e-05,9.038872724685283e-06,calm
2013-11-27,3.6020880442074686e-05,5.7965562825262354e-06,calm
2013-11-29,3.458624955269849e-05,8.007068260551874e-06,calm
2013-12-02,3.337434443742607e-05,1.342522449108462e-05,calm
2013-12-03,3.3386127813912525e-05,2.3429564339732177e-05,calm
2013-12-04,3.544365482707834e-05,5.936140594044209e-05,calm
2013-12-05,3.404952511206527e-05,2.9109590566727915e-05,calm
2013-12-06,3.614125716949431e-05,6.818695392308636e-05,calm
2013-12-09,3.4829034056941134e-05,1.1847332482892784e-05,calm
2013-12-10,3.350130970295103e-05,1.0922272434705454e-05,calm
2013-12-11,3.4546992917091e-05,2.782344446188182e-05,calm
2013-12-12,5.490553551596903e-05,2.9904560948995533e-05,calm
2013-12-13,5.3425756469058514e-05,2.07722015527102e-05,calm
2013-12-16,5.020851802403167e-05,4.439311236062338e-05,calm
2013-12-17,4.73628578448945e-05,1.9321715141071185e-05,calm
2013-12-18,4.6530444378940685e-05,0.0001008888549621,calm
2013-12-19,4.4288180065460325e-05,1.743028477614924e-05,calm
2013-12-20,4.2268074093306085e-05,1.210992995418827e-05,calm
2013-12-23,4.019781305661995e-05,1.2532225610432078e-05,calm
2013-12-24,3.836214470957662e-05,1.621000604694435e-06,calm
2013-12-26,3.668511159932762e-05,4.391827701393773e-06,calm
2013-12-27,3.5195508023336056e-05,5.107946832032988e-06,calm
2013-12-30,3.382644895425825e-05,3.0790409775692065e-06,calm
2013-12-31,3.2595000511034956e-05,7.969681062367858e-06,calm
2014-01-02,3.150011442957565e-05,3.255498217488599e-05,calm
2014-01-03,4.6308159641821956e-05,1.6415690871481668e-05,calm
2014-01-06,4.381698203138525e-05,2.8232603597865537e-05,calm
2014-01-07,4.305285039256638e-05,1.5213536311641647e-05,calm
2014-01-08,4.092242060950963e-05,2.5493329426504343e-05,calm
2014-01-09,3.896932997705322e-05,2.006325441956697e-05,calm
2014-01-10,3.720960998141481e-05,1.74566389027895e-05,calm
2014-01-13,3.563019096742065e-05,2.2327287699645443e-05,calm
2014-01-14,6.447951073845712e-05,2.4486920946960045e-05,calm
2014-01-15,6.0263537900311636e-05,1.5194090114100053e-05,calm
2014-01-16,5.6368077245872025e-05,1.383576628292614e-05,calm
2014-01-17,5.317047870419006e-05,1.3147471880133677e-05,calm
2014-01-21,5.3083110331897433e-05,4.4313197711422674e-05,calm
2014-01-22,4.9919507899841556e-05,9.843199115575172e-06,calm
2014-01-23,4.707346416506681e-05,5.075610160738533e-05,calm
2014-01-24,5.5937038989176156e-05,8.223232190305382e-05,calm
2014-01-27,0.00013094231938375254,6.582663305254619e-05,calm
2014-01-28,0.00012382753219476874,2.826139733786185e-05,calm
2014-01-29,0.0001133722409694794,0.0001086141458709,calm
2014-01-30,0.00011979078471590254,6.086281479405956e-05,calm
2014-01-31,0.00010990140783954869,0.0001220234512135,calm
2014-02-03,0.00010681024379648467,9.347750947434678e-05,calm
2014-02-04,0.00018558672938142582,6.723097597798058e-05,calm
2014-02-05,0.00016873590446051385,8.59228728036382e-05,calm
2014-02-06,0.00015393872762096156,3.108233233136862e-05,calm
2014-02-07,0.0001406091560875123,4.273847213232206e-05,calm
2014-02-10,0.00012862001366743345,9.764488430791248e-06,calm
2014-02-11,0.00011777825889989848,1.7329855172087688e-05,calm
2014-02-12,0.00010810473388695526,2.1005101743389755e-05,calm
2014-02-13,9.937808293597856e-05,2.4270841032429988e-05,calm
2014-02-14,9.15471438803934e-05,1.4683413929556131e-05,calm
2014-02-18,8.450909091473346e-05,1.2511295189463475e-05,calm
2014-02-19,7.816808826654597e-05,2.9636052533792185e-05,calm
2014-02-20,7.996090537304552e-05,2.6279029763340085e-05,calm
2014-02-21,7.409141438917745e-05,1.6938636396276435e-05,calm
2014-02-24,6.903875387351152e-05,3.39708807950838e-05,calm
2014-02-25,6.426329632277589e-05,3.2277348614820194e-05,calm
2014-02-26,5.997682498417457e-05,2.9930726015769184e-05,calm
2014-02-27,5.608016699164686e-05,2.751119505590636e-05,calm
2014-02-28,5.2598140072518e-05,3.734304790226732e-05,calm
2014-03-03,4.944083674583706e-05,8.342618306575553e-05,calm
2014-03-04,5.515169732569655e-05,9.3614935484596e-05,calm
2014-03-05,5.1891900459131746e-05,1.7253413593025153e-05,calm
2014-03-06,4.882913203540976e-05,1.632783587567663e-05,calm
2014-03-07,4.607326254960756e-05,3.0768694494235355e-05,calm
2014-03-10,4.35856520682168e-05,2.25765886549322e-05,calm
2014-03-11,4.140808091302851e-05,2.5070371853746097e-05,calm
2014-03-12,4.3662236147510444e-05,4.582604649869859e-05,calm
2014-03-13,4.141931008864706e-05,5.3405591768386525e-05,calm
2014-03-14,6.108803816938526e-05,4.645109377820266e-05,calm
2014-03-17,5.847741777829364e-05,5.589180602092489e-05,calm
2014-03-18,5.47805052020504e-05,2.3263023353014805e-05,calm
2014-03-19,5.144816371202484e-05,5.737088070832004e-05,calm
2014-03-20,5.3352370471109966e-05,2.949287112236503e-05,calm
2014-03-21,5.015887036903405e-05,5.056763880684458e-05,calm
2014-03-24,5.8996778061839027e-05,4.8363864278947446e-05,calm
2014-03-25,5.8180608974320144e-05,5.831252666388808e-05,calm
2014-03-26,5.448797457080537e-05,4.157790890410236e-05,calm
2014-03-27,6.005223762236749e-05,6.379952705465706e-05,calm
2014-03-28,5.6945828841459765e-05,3.804033180967874e-05,calm
2014-03-31,5.33831866632558e-05,2.269375051233956e-05,calm
2014-04-01,5.02074182512952e-05,1.3909287911723622e-05,calm
2014-04-02,4.7343093391947974e-05,1.4625970831712455e-05,calm
2014-04-03,4.474933524420494e-05,6.011205235983724e-05,calm
2014-04-07,4.273655815869253e-05,3.9192443304214673e-05,calm
2014-04-08,6.153821902255352e-05,2.993915332631872e-05,calm
2014-04-09,5.749389928550014e-05,6.909755602998558e-05,calm
2014-04-10,5.392186684798934e-05,0.0001014775653329,calm
2014-04-14,0.0001269057534281704,8.425775870122111e-05,calm
2014-04-15,0.00011606357913752743,4.70572752713774e-05,calm
2014-04-16,0.00010637077573832763,2.2433936352456448e-05,calm
2014-04-21,9.777278055483973e-05,1.0764188861432677e-05,calm
2014-04-22,8.999514302556614e-05,1.3286724420686067e-05,calm
2014-04-23,8.304525481058863e-05,3.470482849251508e-05,calm
2014-04-24,7.779385719658812e-05,3.438580766340725e-05,calm
2014-04-28,7.211112774263593e-05,2.5018948125162e-05,calm
2014-04-29,6.70141119993152e-05,2.4780821503217164e-05,calm
2014-04-30,6.243958730486189e-05,2.035526524518403e-05,calm
2014-05-01,5.832497071593457e-05,3.165960800692476e-05,calm
2014-05-05,5.4622436675173715e-05,2.632450172204425e-05,calm
2014-05-06,5.1290579014400084e-05,8.045673224661617e-05,calm
2014-05-07,6.126768897866228e-05,2.6975789732296e-05,calm
2014-05-08,5.7276781410384795e-05,3.1153749602300084e-05,calm
2014-05-12,5.389916623864511e-05,1.0046886386702469e-05,calm
2014-05-13,5.068281168868197e-05,1.5017947116438884e-05,calm
2014-05-14,4.7751784176051436e-05,4.776460280175509e-05,calm
2014-05-15,4.900779938145526e-05,2.186866437842763e-05,calm
2014-05-19,5.943761514635714e-05,2.740339562849116e-05,calm
2014-05-20,5.56220060196988e-05,2.4424051146246227e-05,calm
2014-05-21,5.90105770099824e-05,9.102822141658089e-06,calm
2014-05-22,5.526443014958778e-05,4.2404805931385175e-06,calm
2014-05-27,5.187103103719192e-05,8.592864800407318e-06,calm
2014-05-28,4.8836557371134725e-05,1.3170070810721676e-05,calm
2014-05-29,4.620044222698815e-05,8.388390980888676e-06,calm
2014-06-02,4.3733091684345835e-05,9.464119302739543e-06,calm
2014-06-03,4.149602717404521e-05,8.651989023105447e-06,calm
2014-06-04,3.954049433727428e-05,1.5215754666660785e-05,calm
2014-06-05,3.7718496709733654e-05,7.234254948140449e-06,calm
2014-06-09,3.611448688140114e-05,8.821032854256658e-06,calm
2014-06-10,3.462785265638339e-05,1.692376753719989e-05,calm
2014-06-11,3.3283765054649555e-05,1.749788437222487e-05,calm
2014-06-12,3.422000233942666e-05,1.886188346007451e-05,calm
2014-06-16,4.1600834893838886e-05,1.3773249344453452e-05,calm
2014-06-17,3.955561905567493e-05,1.7581724974053463e-05,calm
2014-06-18,3.771925199006645e-05,8.484442864586072e-06,calm
2014-06-19,3.610959397120703e-05,5.449514293107676e-06,calm
2014-06-23,3.461206761409574e-05,1.863857961832542e-05,calm
2014-06-24,3.3286884747941034e-05,1.432986159269898e-05,calm
2014-06-25,3.837895592347825e-05,2.4629849857391726e-05,calm
2014-06-26,3.666210221703117e-05,1.2557713804722656e-05,calm
2014-06-30,3.520697921036985e-05,1.3610707222866602e-05,calm
2014-07-01,3.384408525594578e-05,6.839116085277049e-06,calm
2014-07-02,3.261005699704857e-05,1.0068894848068287e-05,calm
2014-07-07,3.14425300134198e-05,3.124160500741984e-05,calm
2014-07-08,3.2544644771897846e-05,2.0993975664375785e-05,calm
2014-07-09,3.856361667078754e-05,5.79303587850029e-05,calm
2014-07-10,3.681128366894457e-05,1.2309458931595492e-05,calm
2014-07-14,3.796691885050707e-05,2.903549418137704e-05,calm
2014-07-15,3.6277777504540905e-05,1.998787822237521e-05,calm
2014-07-16,3.5376061879976005e-05,4.120691073105928e-05,calm
2014-07-17,3.3931733580492356e-05,1.5824295009948178e-05,calm
2014-07-21,5.486663036098265e-05,1.4176089147610271e-05,calm
2014-07-22,5.2051861109377116e-05,6.378217361452572e-06,calm
2014-07-23,4.891570786905187e-05,7.606670122782801e-06,calm
2014-07-24,4.6094070971492134e-05,1.8742695439256283e-05,calm
2014-07-28,4.3557728959212345e-05,2.102882084133566e-05,calm
2014-07-29,4.128074403821128e-05,3.673981415625514e-05,calm
2014-07-30,4.243999074104464e-05,7.498894714816631e-05,calm
2014-07-31,4.027432883905399e-05,6.929399510765835e-05,calm
2014-08-04,0.00010529093815146449,7.863206028977103e-05,calm
2014-08-05,9.668136804446958e-05,4.5570976655233086e-05,calm
2014-08-06,0.00010505533718474339,5.089090869846185e-05,calm
2014-08-07,9.64402996084577e-05,2.661382053678212e-05,calm
2014-08-11,9.37951310449979e-05,2.188207537404568e-05,calm
2014-08-12,8.642280710721626e-05,2.099890876524209e-05,calm
2014-08-13,8.018107072228542e-05,7.072120466657227e-06,calm
2014-08-14,7.426161736420275e-05,5.6227623810201833e-05,calm
2014-08-18,6.893837237208068e-05,6.480536481918808e-06,calm
2014-08-19,6.417341499577091e-05,9.097529504986305e-06,calm
2014-08-20,5.987709727798489e-05,8.385063712147303e-06,calm
2014-08-21,5.6006300170660564e-05,1.8212536754611167e-05,calm
2014-08-25,5.252288006924327e-05,5.645300098606631e-06,calm
2014-08-26,4.939244309914195e-05,5.8310826444656175e-06,calm
2014-08-27,4.656177370320878e-05,1.6234288012210944e-05,calm
2014-08-28,4.4049133212838375e-05,6.446305148309068e-06,calm
2014-09-02,4.1809496670195015e-05,1.3796866691156124e-05,calm
2014-09-03,3.977940900181857e-05,1.67219452967307e-05,calm
2014-09-04,3.795641611605983e-05,2.0915204961527645e-05,calm
2014-09-08,3.6635712142879596e-05,2.850033914434904e-05,calm
2014-09-09,3.624262413647912e-05,2.705961954332965e-05,calm
2014-09-10,4.1585853070352465e-05,1.85173998252606e-05,calm
2014-09-11,3.952492855256787e-05,2.251821818721897e-05,calm
2014-09-15,3.7658152115445475e-05,1.941083603279793e-05,calm
2014-09-16,3.608819985210983e-05,5.142244194020097e-05,calm
2014-09-17,3.4613911527090735e-05,1.3719309955959049e-05,calm
2014-09-18,3.3229403154993184e-05,2.09178966687388e-05,calm
2014-09-22,3.201035821601625e-05,2.4309875219891143e-05,calm
2014-09-23,4.1130457399554804e-05,1.6788985486162414e-05,calm
2014-09-24,4.4724869322856845e-05,4.951358249980574e-05,calm
2014-09-25,4.23693500923628e-05,3.5827378454109e-05,calm
2014-09-29,8.478177738110616e-05,3.650771411318751e-05,calm
2014-09-30,7.881507367437626e-05,6.01365152988437e-05,calm
2014-10-01,7.412606111848015e-05,5.608382923733591e-05,calm
2014-10-02,0.00010010282193243447,6.535619598575353e-05,calm
2014-10-06,9.197578917138213e-05,7.375765281718454e-05,calm
2014-10-07,8.499002907062702e-05,7.971506319761429e-05,calm
2014-10-08,0.00011913627920504979,0.0001093480946014,calm
2014-10-09,0.00010945053104251087,0.0001223166848744,calm
2014-10-13,0.000168443421003514,0.0001526990445934,calm
2014-10-14,0.0002000045683667151,0.0005307264971161,calm
2014-10-15,0.0001813354667026108,0.0002749281377898,calm
2014-10-16,0.00017264166983095458,0.000156196230029,calm
2014-10-20,0.00015715456534617692,5.620975112275648e-05,calm
2014-10-21,0.00014326521051684075,5.541257042816844e-05,calm
2014-10-22,0.0001309872229692643,0.0001064367330651,calm
2014-10-23,0.00012842817208155494,3.491652911047621e-05,calm
2014-10-27,0.00011752080226604022,3.94462981019674e-05,calm
2014-10-28,0.00010803199202923904,2.640519783716124e-05,calm
2014-10-29,9.921718274193276e-05,5.146028045535702e-05,calm
2014-10-30,9.167246632491316e-05,3.1466216554577235e-05,calm
2014-10-31,8.449349890375729e-05,5.483653212687467e-05,calm
2014-11-03,7.809741386246996e-05,2.1125208524310976e-05,calm
2014-11-04,7.227040781818649e-05,2.73830339535074e-05,calm
2014-11-05,6.913770836381045e-05,3.47817030207061e-05,calm
2014-11-06,6.424622570979819e-05,1.597485561648219e-05,calm
2014-11-07,5.982449212426795e-05,2.016683299168648e-05,calm
2014-11-10,5.58280667418674e-05,8.090917041470939e-06,calm
2014-11-11,5.224395006479345e-05,6.695128713459507e-06,calm
2014-11-12,4.900612243781849e-05,1.645304972780246e-05,calm
2014-11-13,4.632057976124361e-05,2.5777811880382216e-05,calm
2014-11-14,4.36796783518069e-05,1.0501168117429346e-05,calm
2014-11-17,4.130503882593615e-05,1.265346858573244e-05,calm
2014-11-18,3.917020499992938e-05,8.55520273583579e-06,calm
2014-11-19,3.732203856066349e-05,2.6752144224125204e-05,calm
2014-11-20,3.609194127841408e-05,1.4235862026734032e-05,calm
2014-11-21,3.450170331373761e-05,4.36902068784148e-05,calm
2014-11-24,3.3127153614945935e-05,9.238204628444869e-06,calm
2014-11-25,3.185168375166573e-05,1.0962680270208904e-05,calm
2014-11-26,3.080817843893754e-05,3.524644492703975e-06,calm
2014-11-28,2.9768278813095035e-05,9.071010000709348e-06,calm
2014-12-01,2.9677195393324896e-05,3.644206377736958e-05,calm
2014-12-02,3.742064035205445e-05,1.467920912453094e-05,calm
2014-12-03,3.574028116330847e-05,7.223047718103304e-06,calm
2014-12-04,3.421042485037168e-05,1.8450776548168065e-05,calm
2014-12-05,3.307233184245516e-05,1.3303271100312171e-05,calm
2014-12-08,3.1799610047023305e-05,3.0153752985374903e-05,calm
2014-12-09,3.865790883447164e-05,0.0001034389972265,calm
2014-12-10,3.6901284399173785e-05,6.963512134630321e-05,calm
2014-12-11,8.093689753715659e-05,7.290374212756302e-05,calm
2014-12-12,7.458110386450219e-05,8.357577012523791e-05,calm
2014-12-15,0.0001156044327321766,0.0001632180876829,calm
2014-12-16,0.00011390430493239769,0.0001549156706396,calm
2014-12-17,0.00011545077746884478,0.0001654281486396,calm
2014-12-18,0.00010585598845897345,0.0001069418422587,calm
2014-12-19,9.734978080501962e-05,3.47121798508516e-05,calm
2014-12-22,8.948518613431799e-05,1.2439030651961284e-05,calm
2014-12-23,8.219311239482364e-05,1.101391803077905e-05,calm
2014-12-24,7.568947359400374e-05,4.629956709643552e-06,calm
2014-12-26,6.989124695616209e-05,6.353623343252677e-06,calm
2014-12-29,6.472008390073998e-05,5.678652635523041e-06,calm
2014-12-30,6.00981702968448e-05,9.05043589606688e-06,calm
2014-12-31,6.118452357157469e-05,2.385971418313836e-05,calm
2015-01-02,7.460713084850117e-05,8.393689872199112e-05,calm
2015-01-05,6.898744553057254e-05,7.000254995995878e-05,calm
2015-01-06,0.00012257625759369635,0.0001109926003666,calm
2015-01-07,0.0001276437477432817,8.179144119369233e-05,calm
2015-01-08,0.00011633857307315638,7.158324341611025e-05,calm
2015-01-09,0.00010635145083024327,6.252698796162382e-05,calm
2015-01-12,0.00010881456292801088,6.71807652791036e-05,calm
2015-01-13,0.00011049230283830211,0.000218888303089,calm
2015-01-14,0.00010238630658216867,0.0001470620047225,calm
2015-01-15,0.00010028541708646814,0.0001033176826294,calm
2015-01-16,0.00010690261891324151,6.435800111118137e-05,calm
2015-01-20,9.782541083312642e-05,8.369506291613243e-05,calm
2015-01-21,8.964701408078855e-05,0.0001001386955847,calm
2015-01-22,8.236346295898515e-05,6.104666075791229e-05,calm
2015-01-23,7.592771307525591e-05,2.490976373588993e-05,calm
2015-01-26,7.553778654714384e-05,3.0057934203207617e-05,calm
2015-01-27,6.975599670193842e-05,0.0001025980177656,calm
2015-01-28,9.579929515550915e-05,9.283647280670598e-05,calm
2015-01-29,0.00011735833346410928,8.760700992406689e-05,calm
2015-01-30,0.0001071111659443678,9.797752443947122e-05,calm
2015-02-02,0.0001263263954935145,0.0001178237333231,calm
2015-02-03,0.00011515570416785421,8.8596027653597e-05,calm
2015-02-04,0.00010520455161573741,6.655153789020657e-05,calm
2015-02-05,9.887584003934894e-05,3.3972660537892096e-05,calm
2015-02-06,9.062339488318776e-05,4.128598070560855e-05,calm
2015-02-09,8.463612356024009e-05,3.361651919556129e-05,calm
2015-02-10,8.151335201606994e-05,3.876286406392712e-05,calm
2015-02-11,7.513158656072005e-05,2.78865150141242e-05,calm
2015-02-12,6.938433356366086e-05,2.6327285900889857e-05,calm
2015-02-13,6.429703629720225e-05,1.0438278218809913e-05,calm
2015-02-17,5.9708366273861425e-05,1.5039672661446071e-05,calm
2015-02-18,5.559202840872407e-05,1.9164217712056792e-05,calm
2015-02-19,5.1904409956051e-05,2.0193230038117703e-05,calm
2015-02-20,4.87133475193932e-05,2.066686457517161e-05,calm
2015-02-23,4.579040781507859e-05,1.1293218266957847e-05,calm
2015-02-24,4.3142160896973785e-05,1.0162144445371092e-05,calm
2015-02-25,4.0773558991028844e-05,1.0110770873164508e-05,calm
2015-02-26,3.8799491404476585e-05,1.9689896972825748e-05,calm
2015-02-27,3.716348814472119e-05,1.2043023486016288e-05,calm
2015-03-02,3.760056708051812e-05,7.116018987448756e-06,calm
2015-03-03,3.586854189332596e-05,2.5070915753435683e-05,calm
2015-03-04,3.74160694892991e-05,4.459268149640231e-05,calm
2015-03-05,3.896619220543334e-05,1.2745205479720943e-05,calm
2015-03-06,3.704414085628597e-05,5.4549013368688246e-05,calm
2015-03-09,7.144972431111755e-05,1.5063698040724552e-05,calm
2015-03-10,6.601218071704418e-05,7.056664450321935e-05,calm
2015-03-11,0.00010932609784600016,3.489358340088534e-05,calm
2015-03-12,0.00010068741608677186,4.255188558676436e-05,calm
2015-03-13,9.217965872817884e-05,4.969189725334651e-05,calm
2015-03-16,9.135125778693523e-05,2.7444917209027167e-05,calm
2015-03-17,8.385310395105878e-05,3.480892587259122e-05,calm
2015-03-18,7.871569934857367e-05,0.00011055279768,calm
2015-03-19,7.255801914378751e-05,3.058922211959946e-05,calm
2015-03-20,7.084949801287955e-05,4.436875030335914e-05,calm
2015-03-23,6.550339112914588e-05,1.395834852779248e-05,calm
2015-03-24,6.145863968714513e-05,2.033429525534712e-05,calm
2015-03-25,6.290805778468058e-05,4.7134516609593225e-05,calm
2015-03-26,9.753173087219191e-05,7.630798995416656e-05,calm
2015-03-27,9.030014538646616e-05,3.439986511001091e-05,calm
2015-03-30,8.282279826567458e-05,4.181476622511771e-05,calm
2015-03-31,7.623617363934862e-05,5.419297446997972e-05,calm
2015-04-01,8.418634462151008e-05,2.5949141038844264e-05,calm
2015-04-06,7.969289988195942e-05,1.959745779644124e-05,calm
2015-04-07,7.340981212657873e-05,5.159969699934312e-05,calm
2015-04-08,6.90984014890922e-05,3.572380251355154e-05,calm
2015-04-09,6.395709415461918e-05,8.039501302828337e-06,calm
2015-04-13,5.937478095097369e-05,2.765794121412613e-05,calm
2015-04-14,5.902135626487581e-05,2.0081054133730803e-05,calm
2015-04-15,5.4962501980859535e-05,1.6663525728630253e-05,calm
2015-04-16,5.134720255492684e-05,5.788914854298128e-05,calm
2015-04-20,4.812758931942731e-05,2.051603514893473e-05,calm
2015-04-21,4.5288069396674324e-05,2.10586152275771e-05,calm
2015-04-22,4.2977765990638674e-05,2.4385842428039166e-05,calm
2015-04-23,4.0650870967925906e-05,1.0717125546176991e-05,calm
2015-04-27,3.855381068101795e-05,4.1520945459929736e-05,calm
2015-04-28,3.98807166852308e-05,4.38421116345614e-05,calm
2015-04-29,3.7870827517829456e-05,4.952650378701195e-05,calm
2015-04-30,3.9206928625862123e-05,4.525073403299557e-05,calm
2015-05-04,5.559338623798388e-05,3.256789883624878e-05,calm
2015-05-05,5.188038196792717e-05,8.591818382940415e-05,calm
2015-05-06,7.246291470257635e-05,3.141407626793183e-05,calm
2015-05-07,7.000301329298364e-05,7.568705464551436e-05,calm
2015-05-11,6.471842633304299e-05,6.69658147591283e-05,calm
2015-05-12,6.417672115928914e-05,4.468006802821108e-05,calm
2015-05-13,6.118574400238337e-05,3.0107705704906043e-05,calm
2015-05-14,5.687356270147242e-05,1.1470029429009245e-05,calm
2015-05-18,5.3084452125784344e-05,9.760751055191765e-06,calm
2015-05-19,4.9661490154436066e-05,1.754118763974536e-05,calm
2015-05-20,4.662889090545793e-05,7.831418272656655e-06,calm
2015-05-21,4.3997584779919664e-05,1.0952655989474126e-05,calm
2015-05-26,4.154845775946162e-05,1.6205064646370083e-05,calm
2015-05-27,6.031288302752828e-05,1.9273192356801182e-05,calm
2015-05-28,5.614056339290828e-05,2.867199437149248e-05,calm
2015-06-01,5.262550808889896e-05,3.07227423688792e-05,calm
2015-06-02,4.924627343986286e-05,1.89164373129325e-05,calm
2015-06-03,4.642641067087521e-05,4.535150293478719e-05,calm
2015-06-04,4.371692015607284e-05,3.431814101928034e-05,calm
2015-06-08,5.420920250516994e-05,2.216471795533316e-05,calm
2015-06-09,5.75054901627857e-05,3.8922308277426926e-05,calm
2015-06-10,5.3595649615834816e-05,1.979400300688283e-05,calm
2015-06-11,5.017975906259697e-05,2.659360208940352e-05,calm
2015-06-15,4.706774355122208e-05,2.778301017712598e-05,calm
2015-06-16,4.7636057683437e-05,4.115871305973063e-05,calm
2015-06-17,4.4808033271324174e-05,3.1951916864025484e-05,calm
2015-06-18,4.226806011856563e-05,1.1177589964287142e-05,calm
2015-06-22,4.006535301325699e-05,1.04942336501249e-05,calm
2015-06-23,3.8050858783501414e-05,1.428193517801018e-05,calm
2015-06-24,3.623108934174519e-05,1.679771930681694e-05,calm
2015-06-25,4.418727935679977e-05,2.311201029177642e-05,calm
2015-06-29,4.341573448116238e-05,8.090298160519314e-05,calm
2015-06-30,0.00012124379802190875,5.972962644847797e-05,calm
2015-07-01,0.00011022379605378834,2.145616968626627e-05,calm
2015-07-06,0.00010057607948395617,8.967051896085895e-05,calm
2015-07-07,9.344051794726329e-05,8.680027755391248e-05,calm
2015-07-08,8.565782218623595e-05,0.000172045206542,calm
2015-07-09,0.0001296911049737336,0.0001261474397335,calm
2015-07-13,0.00011785920281661062,5.898326706894606e-06,calm
2015-07-14,0.00010747896345469259,1.3534406511731926e-05,calm
2015-07-15,9.81663822756243e-05,1.564003693775467e-05,calm
2015-07-16,8.99084325068381e-05,5.875470183850092e-06,calm
2015-07-20,8.255339153965972e-05,1.061416362282411e-05,calm
2015-07-21,7.597852064194307e-05,1.8905256365101385e-05,calm
2015-07-22,7.294887739819238e-05,1.5986097328116113e-05,calm
2015-07-23,6.801632952873398e-05,1.988811303397917e-05,calm
2015-07-27,6.871455369038405e-05,2.887604567525071e-05,calm
2015-07-28,6.971656853464056e-05,2.023068219141375e-05,calm
2015-07-29,6.457494363474177e-05,2.099638299948244e-05,calm
2015-07-30,5.9955692403380357e-05,1.4739562498244244e-05,calm
2015-08-03,5.581177333789239e-05,2.3256507331030107e-05,calm
2015-08-04,5.4184926289808245e-05,4.158276992357377e-05,calm
2015-08-05,5.136662243551994e-05,2.929247898906699e-05,calm
2015-08-06,4.814018996363699e-05,3.3186791116096485e-05,calm
2015-08-10,5.732407133208093e-05,6.761660146297476e-05,calm
2015-08-11,5.351937926477177e-05,0.0001146473412212,calm
2015-08-12,6.469572924555109e-05,4.1283068586028896e-05,calm
2015-08-13,6.003736835575767e-05,1.654905366488865e-05,calm
2015-08-17,5.618162741569224e-05,1.3557625861417415e-05,calm
2015-08-18,5.245781668959917e-05,9.018282192045208e-05,calm
2015-08-19,5.065584509775508e-05,0.0001152339791299,calm
2015-08-20,5.8729661676897924e-05,0.0002313861763627,calm
2015-08-24,0.00013365518142608414,0.0007348025234109,calm
2015-08-25,0.0004640886673786883,0.0008079402565357,calm
2015-08-26,0.00043952030381421114,0.0003596786887537,calm
2015-08-27,0.000395275212219926,9.132358953607384e-05,calm
2015-08-31,0.00035372129717275736,0.0005039922901797,calm
2015-09-01,0.0003283155996031942,0.0002116034331781,calm
2015-09-02,0.0004649706471641917,9.859737401033296e-05,calm
2015-09-03,0.00041493692628403,0.0002072764213693,calm
2015-09-08,0.0003702748179592685,0.0001241085372017,calm
2015-09-09,0.0003313601348597816,7.67793517954313e-05,calm
2015-09-10,0.00033016814787315457,6.484227262160301e-05,calm
2015-09-14,0.00029536039779873,3.1016293334707526e-05,calm
2015-09-15,0.0002671291568193694,3.515371948414369e-05,calm
2015-09-16,0.00023955497278621736,0.0001636573230986,calm
2015-09-17,0.00021503404065781198,0.0001854841024235,calm
2015-09-21,0.00019417355359972586,0.0001710237907088,calm
2015-09-22,0.00017466202978142636,5.734748391249309e-05,calm
2015-09-23,0.00018915140265765256,0.0001090146184684,calm
2015-09-24,0.00017069958333139595,0.000107031304058,calm
2015-09-28,0.00015627874241926293,0.0001396604009636,calm
2015-09-29,0.0002609059148481433,0.0002236902304275,calm
2015-09-30,0.00023396917042731467,0.0001301955432231,calm
2015-10-01,0.00021026240539655835,0.0002867937749064,calm
2015-10-05,0.00018905995807550605,4.6635916715215616e-05,calm
2015-10-06,0.00017040382107378995,8.970934433972721e-05,calm
2015-10-07,0.00015587997569762026,5.056069266027188e-05,calm
2015-10-08,0.0001407844639991905,2.8545146237442994e-05,calm
2015-10-12,0.00012738723989506458,3.782593237155144e-05,calm
2015-10-13,0.00011537241223930195,4.69489801271934e-05,calm
2015-10-14,0.00011221469080410026,2.882521131682417e-05,calm
2015-10-15,0.00010625860407424783,2.62763611867428e-05,calm
2015-10-19,9.696881567840454e-05,2.542504280458696e-05,calm
2015-10-20,8.835174777269344e-05,5.582778529318999e-05,calm
2015-10-21,8.100785859606356e-05,5.869748797843458e-05,calm
2015-10-22,8.152012766827701e-05,7.240403077354259e-05,calm
2015-10-26,7.517891859619408e-05,1.4609866583404836e-05,calm
2015-10-27,7.021499008126249e-05,3.436664180704787e-05,calm
2015-10-28,6.536303606082207e-05,8.854540411661334e-05,calm
2015-10-29,6.062004766636397e-05,2.3174636266700817e-05,calm
2015-10-30,5.6194276519974606e-05,2.8544039185409207e-05,calm
2015-11-02,5.577870381592154e-05,1.767918118623745e-05,calm
2015-11-03,5.214709684408585e-05,2.3385037435400788e-05,calm
2015-11-04,4.8654162641917626e-05,3.774662625980252e-05,calm
2015-11-05,4.7330660455406296e-05,3.409690389583703e-05,calm
2015-11-06,4.4579667955085816e-05,3.64143064660928e-05,calm
2015-11-09,4.199355504932568e-05,5.798645347761676e-05,calm
2015-11-10,5.634729894823339e-05,3.024721906389688e-05,calm
2015-11-11,5.243286046197455e-05,2.238476663228424e-05,calm
2015-11-12,5.1923641475154994e-05,7.627674966536796e-05,calm
2015-11-13,8.557232845125351e-05,4.4508000640044246e-05,calm
2015-11-16,0.00010228350733775306,5.117436841654664e-05,calm
2015-11-17,9.326494048311467e-05,5.661560122017896e-05,calm
2015-11-18,8.52257899688354e-05,5.0406961164692486e-05,calm
2015-11-19,7.811333751910572e-05,2.157341214131059e-05,calm
2015-11-20,7.186890093661082e-05,3.239403048710993e-05,calm
2015-11-23,6.619186960200671e-05,1.880805872806001e-05,calm
2015-11-24,6.142460470671069e-05,4.270956238367367e-05,calm
2015-11-25,5.693159837361701e-05,1.0244684804753443e-05,calm
2015-11-27,5.2951414361308105e-05,6.171518430109994e-06,calm
2015-11-30,4.941284415882229e-05,1.957495992814094e-05,calm
2015-12-01,4.958676886941339e-05,3.872522470796115e-05,calm
2015-12-02,4.647849699012209e-05,2.703080286992145e-05,calm
2015-12-03,6.352739419424103e-05,7.105816453554806e-05,calm
2015-12-04,9.620745591035258e-05,7.14316777294948e-05,calm
2015-12-07,8.797994018014167e-05,6.567393151636108e-05,calm
2015-12-08,8.744276134399201e-05,0.0001643245333882,calm
2015-12-09,8.857985691882941e-05,0.0001100129823886,calm
2015-12-10,9.251893144359074e-05,6.100504190334813e-05,calm
2015-12-11,8.442650592669981e-05,0.0001346940374665,calm
2015-12-14,0.0001497017744350163,0.00015360914132,calm
2015-12-15,0.00013492628658605686,0.0001125688262275,calm
2015-12-16,0.00012199526529842026,9.666742574173168e-05,calm
2015-12-17,0.00011062444940769731,8.192657358252532e-05,calm
2015-12-18,0.00014510782123399113,9.51357847561858e-05,calm
2015-12-21,0.00023983951217611282,7.86601826649533e-05,calm
2015-12-22,0.0002144946330715568,4.096532059222434e-05,calm
2015-12-23,0.00019222043118211792,3.4114824881032985e-05,calm
2015-12-24,0.0001726467361557178,7.84666718444164e-06,calm
2015-12-28,0.0001558094080498349,2.968548038363876e-05,calm
2015-12-29,0.00014143464767479318,4.030573473272693e-05,calm
2015-12-30,0.0001277514558859543,1.907770174864376e-05,calm
2015-12-31,0.00012523673698457905,4.822906299582498e-05,calm
2016-01-04,0.0001325475446793724,0.0003475967057265,calm
2016-01-05,0.0001573529012952451,6.259653966025944e-05,calm
2016-01-06,0.00014178531983034955,0.000198654600498,calm
2016-01-07,0.00015850733628007527,0.000391136516861,calm
2016-01-08,0.00025448076413072903,0.000176278050225,calm
2016-01-11,0.0002507174280043086,0.0001621050475013,calm
2016-01-12,0.0002242577513288707,0.0001784905990147,calm
2016-01-13,0.00020100086066075936,0.0002053996293201,calm
2016-01-14,0.00030104476257186274,0.0001629029916617,calm
2016-01-15,0.0002690217485601487,0.0005090396458508,calm
2016-01-19,0.00032982090605626955,0.0001999510292112,calm
2016-01-20,0.00029418220486130135,0.0004369341691967,calm
2016-01-21,0.0002943073050975379,0.0002972309481129,calm
2016-01-22,0.00026296360125860774,0.0001823074485602,calm
2016-01-25,0.00023549356496647706,7.110334489338955e-05,calm
2016-01-26,0.0002547840326933814,0.0001283479543495,calm
2016-01-27,0.00022812606443264687,0.0002011773382034,calm
2016-01-28,0.00022708759221106765,0.0002575898176599,calm
2016-01-29,0.0002035477466446801,7.439398758913607e-05,calm
2016-02-01,0.0001830014380624082,0.0001229259695034,calm
2016-02-02,0.00016452802081057022,0.0001200661904025,calm
2016-02-03,0.0002105667267125789,0.0002759621865031,calm
2016-02-04,0.00018895601781867188,0.0001841001755638,calm
2016-02-05,0.00016980543538148377,0.0001420476696324,calm
2016-02-08,0.00022252780659988533,0.0002934881269109,calm
2016-02-09,0.0002341536518619205,0.0002971805305516,calm
2016-02-10,0.00020982424166359382,0.0001650259148464,calm
2016-02-11,0.00018845932797348537,0.0003050485690708,calm
2016-02-12,0.00020164289080551597,9.697953334838142e-05,calm
2016-02-16,0.00018126236397337782,9.253123120172068e-05,calm
2016-02-17,0.00016315861238715013,7.345017607891506e-05,calm
2016-02-18,0.00014713606270818483,4.345827023892125e-05,calm
2016-02-19,0.000135987542989819,7.005928639747945e-05,calm
2016-02-22,0.00012292539131562524,6.738230272399365e-05,calm
2016-02-23,0.00011151751460936847,4.971556115204992e-05,calm
2016-02-24,0.00013173150278394718,0.0001864575596965,calm
2016-02-25,0.00011917389415586603,6.79098782657836e-05,calm
2016-02-26,0.00010813110553933614,5.540742603638752e-05,calm
2016-02-29,9.925146740507053e-05,4.7940565230281686e-05,calm
2016-03-01,0.00010211075178865414,6.451451364451791e-05,calm
2016-03-02,9.33655778283418e-05,4.259606019457212e-05,calm
2016-03-03,8.520028579826133e-05,2.813022093495985e-05,calm
2016-03-04,7.794295073611461e-05,4.067005682244326e-05,calm
2016-03-07,7.149355879648889e-05,5.02982820512186e-05,calm
2016-03-08,6.574567309667607e-05,7.152064183856905e-05,calm
2016-03-09,8.357330474659986e-05,5.711394194005908e-05,calm
2016-03-10,7.653976407980914e-05,0.0001108592660354,calm
2016-03-11,7.028553015794964e-05,6.088452803210438e-05,calm
2016-03-14,6.494738912291491e-05,1.9523287153762725e-05,calm
2016-03-15,6.034693766176667e-05,3.280544571710374e-05,calm
2016-03-16,5.645868337478123e-05,7.381907468114597e-05,calm
2016-03-17,5.252114049783584e-05,2.3334689487523533e-05,calm
2016-03-18,4.904051819929232e-05,2.6033392850482152e-05,calm
2016-03-21,4.6206028061194344e-05,1.7468989082001204e-05,calm
2016-03-22,4.339022477212051e-05,2.669990715551444e-05,calm
2016-03-23,4.0954087722524755e-05,2.1925105581518555e-05,calm
2016-03-24,4.718197998278097e-05,3.5851081366079726e-05,calm
2016-03-28,4.4321114335887015e-05,3.098773887192196e-05,calm
2016-03-29,4.173878654878295e-05,3.053630842750358e-05,calm
2016-03-30,3.952939750056837e-05,1.3936812466787365e-05,calm
2016-03-31,3.751223807874045e-05,5.147102759432783e-05,calm
2016-04-04,3.6873708015641806e-05,6.338468503713788e-05,calm
2016-04-05,3.719870831990004e-05,3.0698608894802305e-05,calm
2016-04-06,5.4724064456959586e-05,5.9753725949703646e-05,calm
2016-04-07,5.10093335235436e-05,4.637886268112605e-05,calm
2016-04-11,7.534434463438715e-05,3.769505476020507e-05,calm
2016-04-12,7.024028560257737e-05,3.367539253759674e-05,calm
2016-04-13,6.471767466072408e-05,1.6329533830857807e-05,calm
2016-04-14,5.9836931676440086e-05,6.107152945766287e-06,calm
2016-04-18,5.5478077871306754e-05,1.9993444718168988e-05,calm
2016-04-19,5.164273536593905e-05,1.539927628077866e-05,calm
2016-04-20,4.823582726814504e-05,2.387373502035176e-05,calm
2016-04-21,4.521676353509264e-05,2.225833913960886e-05,calm
2016-04-25,4.814704959180547e-05,1.7190182830015948e-05,calm
2016-04-26,4.572909528299103e-05,3.063169312104193e-05,calm
2016-04-27,4.299314861361825e-05,3.651301695319627e-05,calm
2016-04-28,4.0569096436145735e-05,5.225404484822984e-05,calm
2016-05-02,5.432599073479858e-05,5.191005827525416e-05,calm
2016-05-03,5.062448590688743e-05,3.552153073316082e-05,calm
2016-05-04,6.193649811500116e-05,3.409785668149905e-05,calm
2016-05-05,6.332938876981706e-05,4.29750103538936e-05,calm
2016-05-09,5.855798043198111e-05,2.063405173790372e-05,calm
2016-05-10,5.4341236618588005e-05,2.237954881538937e-05,calm
2016-05-11,5.0682424661880734e-05,4.735015674101967e-05,calm
2016-05-12,6.423189341999666e-05,3.3621252411176184e-05,calm
2016-05-16,5.935419711909279e-05,3.562929499965157e-05,calm
2016-05-17,5.509346379497717e-05,9.16463168028948e-05,calm
2016-05-18,6.805158120811395e-05,6.468078727679216e-05,calm
2016-05-19,6.273250348437047e-05,2.623228100710626e-05,calm
2016-05-23,6.03647064645147e-05,2.789230712825456e-05,calm
2016-05-24,5.6319597223176485e-05,2.2423190213003367e-05,calm
2016-05-25,5.244129800724109e-05,1.1679147765112862e-05,calm
2016-05-26,4.896172083053845e-05,8.904894900733696e-06,calm
2016-05-31,4.5860655824362534e-05,2.956508778975588e-05,calm
2016-06-01,4.383209996413395e-05,1.801140354708861e-05,calm
2016-06-02,4.131544121668268e-05,3.529406331157628e-05,calm
2016-06-06,3.9086093484611536e-05,6.753289771714669e-06,calm
2016-06-07,3.712079011031926e-05,1.0233005694294088e-05,calm
2016-06-08,3.5357692285618385e-05,1.98808902235397e-05,calm
2016-06-09,3.3798935259940834e-05,3.8341849816767207e-05,calm
2016-06-13,3.278892836545021e-05,3.885858617657656e-05,calm
2016-06-14,4.3033287324894264e-05,2.430816530778107e-05,calm
2016-06-15,4.135644136783054e-05,5.508774344729761e-05,calm
2016-06-16,3.9494165667241134e-05,2.960091348099072e-05,calm
2016-06-20,3.7458296909146215e-05,2.3581708539552984e-05,calm
2016-06-21,3.567846884821805e-05,2.5795354756515714e-05,calm
2016-06-22,3.407264047102741e-05,3.4166858198260447e-05,calm
2016-06-23,3.317718401541941e-05,0.0006284184050862,calm
2016-06-27,3.2029015683041394e-05,8.358302692898736e-05,calm
2016-06-28,9.282212625693564e-05,6.329879997328406e-05,calm
2016-06-29,8.50474209419477e-05,3.438876799265057e-05,calm
2016-06-30,7.801441897966343e-05,1.5139825171255358e-05,calm
2016-07-05,7.163690125993974e-05,4.77397963307738e-05,calm
2016-07-06,7.596355299820694e-05,2.9502306145696484e-05,calm
2016-07-07,6.970936583247733e-05,1.534174700728773e-05,calm
2016-07-11,6.426863813669532e-05,3.135653845505276e-05,calm
2016-07-12,5.939037729701346e-05,1.3150336227977444e-05,calm
2016-07-13,5.509638830276512e-05,2.7210435858482568e-05,calm
2016-07-14,5.129509696371811e-05,1.1151789583542314e-05,calm
2016-07-18,4.7935444407170515e-05,6.950281161817598e-06,calm
2016-07-19,4.495522050543782e-05,5.1183205331206256e-06,calm
2016-07-20,4.253736357366235e-05,1.1359397135156038e-05,calm
2016-07-21,4.0180384719096564e-05,6.998118488551874e-06,calm
2016-07-25,4.090538844593503e-05,2.029149116150981e-05,calm
2016-07-26,4.0200272377212264e-05,2.297246028335027e-05,calm
2016-07-27,3.809867677513908e-05,2.396518086269989e-05,calm
2016-07-28,3.647667861866942e-05,1.605941703878963e-05,calm
2016-08-01,3.479651727736083e-05,2.487293884826826e-05,calm
2016-08-02,3.345677747083219e-05,1.1804944741306884e-05,calm
2016-08-03,4.016663176254469e-05,1.1243968837289251e-05,calm
2016-08-04,3.8060301443431446e-05,9.667065320642549e-06,calm
2016-08-08,3.6189279360912646e-05,5.1507033654786015e-06,calm
2016-08-09,3.4612169369485315e-05,1.0564564637076138e-05,calm
2016-08-10,3.312986420934211e-05,1.1655439447779651e-05,calm
2016-08-11,3.304699498613156e-05,5.264460706917094e-06,calm
2016-08-15,3.175944337413686e-05,1.1543003686773754e-05,calm
2016-08-16,3.060232580917992e-05,1.643444292619871e-05,calm
2016-08-17,3.481495159896778e-05,6.159094914011146e-06,calm
2016-08-18,3.3296001462361185e-05,1.4103673472250133e-05,calm
2016-08-22,3.1949612682401065e-05,6.627962136852071e-06,calm
2016-08-23,3.0750527582838604e-05,1.071380553792379e-05,calm
2016-08-24,2.9685498764749795e-05,1.5375372156370595e-05,calm
2016-08-25,3.390260279699056e-05,3.758426645531877e-05,calm
2016-08-29,3.2572859030938375e-05,1.4056886819698014e-05,calm
2016-08-30,3.1313997641939346e-05,1.26924698803353e-05,calm
2016-08-31,3.073082556017009e-05,2.4379186421612232e-05,calm
2016-09-01,3.1269959663645034e-05,1.4669019832483964e-05,calm
2016-09-06,3.012095698865771e-05,7.12813414680022e-06,calm
2016-09-07,2.9111383365011516e-05,8.7164287313989e-06,calm
2016-09-08,2.820403236947296e-05,4.4102584875997005e-05,calm
2016-09-12,2.844804071257988e-05,9.403217173237495e-05,calm
2016-09-13,2.794695633019955e-05,4.682864722911128e-05,calm
2016-09-14,6.77544967175423e-05,3.725055788990922e-05,calm
2016-09-15,6.238397356107672e-05,4.274386051782572e-05,calm
2016-09-19,5.7748254380979006e-05,1.951401243251184e-05,calm
2016-09-20,5.355847490820489e-05,3.346809913478899e-05,calm
2016-09-21,4.98722032665907e-05,2.320596239394876e-05,calm
2016-09-22,4.6699217314986876e-05,1.1696005493721547e-05,calm
2016-09-26,4.384239945280677e-05,2.464059425376755e-05,calm
2016-09-27,5.408240583519244e-05,2.301518124293408e-05,calm
2016-09-28,5.0364054231817903e-05,4.629919727047816e-05,calm
2016-09-29,4.7073449465393847e-05,3.082941526653865e-05,calm
2016-10-03,6.0068372128591e-05,4.3308781808249256e-05,calm
2016-10-04,5.678599311147966e-05,1.2280211270317902e-05,calm
2016-10-05,5.7810064762439705e-05,1.774025656547172e-05,calm
2016-10-06,5.3656022404528295e-05,2.74157941623287e-05,calm
2016-10-10,4.997842365128868e-05,3.422516253398621e-05,calm
2016-10-11,4.674319033788157e-05,1.8305628748461104e-05,calm
2016-10-12,7.474238655391328e-05,3.793605936238357e-05,calm
2016-10-13,6.859146500131327e-05,2.6476063796525742e-05,calm
2016-10-17,6.528477784156387e-05,1.6656376574742825e-05,calm
2016-10-18,6.262433280064222e-05,7.419008937437337e-06,calm
2016-10-19,5.793895463285591e-05,2.933646960425307e-05,calm
2016-10-20,5.378558775907842e-05,2.0314790640537784e-05,calm
2016-10-24,5.0811496911743116e-05,1.0436957101181183e-05,calm
2016-10-25,4.7487975109998634e-05,2.291962845320422e-05,calm
2016-10-26,4.6735130889397843e-05,2.2815251791584925e-05,calm
2016-10-27,4.4675750704306906e-05,5.8803994148997966e-05,calm
2016-10-31,4.344664681392499e-05,1.4053857553146364e-05,calm
2016-11-01,4.095487132214056e-05,3.538076805489435e-05,calm
2016-11-02,4.886578230846937e-05,4.398327123570008e-05,calm
2016-11-03,5.273102077924008e-05,1.825675463840205e-05,calm
2016-11-04,5.3213960619174606e-05,3.1676612866815504e-05,calm
2016-11-07,4.984046188469819e-05,5.81788346196305e-05,calm
2016-11-08,4.685556624783569e-05,3.161488857989053e-05,calm
2016-11-09,4.399040337117379e-05,0.0001216853112382,calm
2016-11-10,4.150760772283212e-05,0.0001126297926288,calm
2016-11-11,3.9251759793006066e-05,3.143515896113161e-05,calm
2016-11-14,3.83143543575004e-05,2.735145203620469e-05,calm
2016-11-15,3.641535235483664e-05,1.11279623108643e-05,calm
2016-11-16,3.4782586912793465e-05,1.4536616204313543e-05,calm
2016-11-17,3.400620586109182e-05,6.825718147760081e-06,calm
2016-11-18,3.26217322340924e-05,9.493052843207066e-06,calm
2016-11-21,3.238011444103661e-05,9.257212610933407e-06,calm
2016-11-22,3.121352663044395e-05,8.50623113178578e-06,calm
2016-11-23,3.011973985693735e-05,7.503065640927057e-06,calm
2016-11-25,2.914095961878639e-05,1.993045388154618e-06,calm
2016-11-28,2.8287589036625417e-05,9.72092895238111e-06,calm
2016-11-29,3.186619107754439e-05,9.150174039960871e-06,calm
2016-11-30,3.06833496092992e-05,2.8017222821861937e-05,calm
2016-12-01,3.0796408920305265e-05,2.1306747519352884e-05,calm
2016-12-02,3.2407246008854086e-05,1.4623593397839818e-05,calm
2016-12-05,3.114720637173972e-05,8.43231556667906e-06,calm
2016-12-06,3.007383274121458e-05,8.861215550129153e-06,calm
2016-12-07,2.908831412317946e-05,2.268667047760707e-05,calm
2016-12-08,2.845161041415002e-05,1.6155961444061298e-05,calm
2016-12-09,2.7662728507568656e-05,8.397497332696216e-06,calm
2016-12-12,2.7008959350076118e-05,1.4526868952010185e-05,calm
2016-12-13,2.6667405465637357e-05,1.5207222411221524e-05,calm
2016-12-14,2.6141692415028078e-05,7.82849558983664e-05,calm
2016-12-15,3.896201637418076e-05,2.869014108279807e-05,calm
2016-12-16,3.697016079099291e-05,2.1016833261276737e-05,calm
2016-12-19,4.7082588160507366e-05,9.537053552497278e-06,calm
2016-12-20,4.413116040928806e-05,8.155500508814728e-06,calm
2016-12-21,4.153969247764164e-05,3.81966704921707e-06,calm
2016-12-22,4.0799259032073596e-05,6.424925463570126e-06,calm
2016-12-23,3.9207885413411696e-05,2.609473286644902e-06,calm
2016-12-27,3.718142985659031e-05,5.589826606184361e-06,calm
2016-12-28,3.5389510527111915e-05,1.2391144492659291e-05,calm
2016-12-29,4.702885326930677e-05,1.1561926881236435e-05,calm
2016-12-30,4.410818055851621e-05,2.2035693328963653e-05,calm
2017-01-03,4.4146599656174116e-05,3.530082554881368e-05,calm
2017-01-04,4.1595811965777204e-05,1.3258026097284536e-05,calm
2017-01-05,3.9319758082250146e-05,1.178482830740815e-05,calm
2017-01-06,3.742577869777593e-05,1.4969657392208488e-05,calm
2017-01-09,3.5609980439715306e-05,8.063359033437074e-06,calm
2017-01-10,3.615324791899163e-05,1.2563080178720623e-05,calm
2017-01-11,3.4469603904819474e-05,2.8820522383153456e-05,calm
2017-01-12,3.298017945763571e-05,2.3747477731196367e-05,calm
2017-01-13,3.292181802904506e-05,8.459343076259831e-06,calm
2017-01-17,3.1599963006688986e-05,9.541272883018732e-06,calm
2017-01-18,3.287863299871815e-05,1.115529785092641e-05,calm
2017-01-19,3.155479874352423e-05,1.5401237970675128e-05,calm
2017-01-20,3.308406460762301e-05,2.0624291935011244e-05,calm
2017-01-23,3.174067721366832e-05,1.831288575416317e-05,calm
2017-01-24,3.189385394907493e-05,7.742267073350394e-06,calm
2017-01-25,3.0713876674694796e-05,8.639567067979128e-06,calm
2017-01-26,2.9712493128797656e-05,8.716921054753547e-06,calm
2017-01-27,2.897967867889161e-05,6.599146181684205e-06,calm
2017-01-30,2.8600072966725788e-05,2.007743604567609e-05,calm
2017-01-31,3.523249632552319e-05,1.7117882252420035e-05,calm
2017-02-01,3.3623571088708665e-05,2.058079775677697e-05,calm
2017-02-02,3.218992815153641e-05,1.6156560255120758e-05,calm
2017-02-03,3.09170938028281e-05,8.04652559173343e-06,calm
2017-02-06,2.9843758958956356e-05,6.24749500737074e-06,calm
2017-02-07,2.9498949483746422e-05,7.596372125171352e-06,calm
2017-02-08,2.8523316184094716e-05,1.2176839872403404e-05,calm
2017-02-09,2.7653833945055987e-05,6.330125180114206e-06,calm
2017-02-10,2.6928124970038038e-05,4.6908385960384204e-06,calm
2017-02-13,2.6253191576203995e-05,4.917305478029624e-06,calm
2017-02-14,2.5675555416236417e-05,1.079192327125345e-05,calm
2017-02-15,2.5137982946116933e-05,9.0879428334082e-06,calm
2017-02-16,2.4679425349316206e-05,2.2197313332101e-05,calm
2017-02-17,2.4396074741479615e-05,8.14978238996161e-06,calm
2017-02-21,2.3964706838910725e-05,1.115227435658522e-05,calm
2017-02-22,2.3646716452603774e-05,6.905035815576451e-06,calm
2017-02-23,2.3480767175625123e-05,1.0676083468818336e-05,calm
2017-02-24,2.3134276062761307e-05,1.484820825386242e-05,calm
2017-02-27,2.2819936744043644e-05,8.364149569720683e-06,calm
2017-02-28,2.2534939969550354e-05,8.160604373456629e-06,calm
2017-03-01,2.377839761264278e-05,1.423165281252227e-05,calm
2017-03-02,2.384117979055094e-05,1.4972072555817631e-05,calm
2017-03-03,3.129529920232008e-05,9.854526728551376e-06,calm
2017-03-06,3.009024231009396e-05,9.354071028511452e-06,calm
2017-03-07,3.0825019988659596e-05,9.59480276521889e-06,calm
2017-03-08,3.148056506871265e-05,1.131798827708678e-05,calm
2017-03-09,3.0979403253140294e-05,1.2186180666889531e-05,calm
2017-03-10,2.9806159034425134e-05,1.385892531857754e-05,calm
2017-03-13,2.877849494730657e-05,5.461830069868128e-06,calm
2017-03-14,2.784618836819987e-05,1.4428728694724083e-05,calm
2017-03-15,2.9930678286337043e-05,1.845940163264653e-05,calm
2017-03-16,2.8974345295593063e-05,1.0412375887641516e-05,calm
2017-03-17,2.8834639689772668e-05,6.386087516878014e-06,calm
2017-03-20,3.5106317442727567e-05,1.2038693008286105e-05,calm
2017-03-21,3.372798103333191e-05,4.198479801938434e-05,calm
2017-03-22,6.400003384112165e-05,2.873986723295791e-05,calm
2017-03-23,5.902094448042137e-05,2.6084969089896136e-05,calm
2017-03-24,5.489319937618309e-05,2.563312425962748e-05,calm
2017-03-27,5.112906056760827e-05,2.173073494206829e-05,calm
2017-03-28,4.791664408516249e-05,1.044726844515106e-05,calm
2017-03-29,4.4874066506630536e-05,8.98985543259254e-06,calm
2017-03-30,4.2144870328398314e-05,1.17465019184805e-05,calm
2017-04-03,3.973109707045152e-05,1.3100950098603844e-05,calm
2017-04-04,3.821883313193455e-05,3.860427130308475e-05,calm
2017-04-05,3.6240492367921755e-05,2.620642750159066e-05,calm
2017-04-06,3.624474680685131e-05,2.020967123305064e-05,calm
2017-04-10,3.4489008669630614e-05,3.173276335396676e-05,calm
2017-04-11,3.292182750937848e-05,2.2844534550322504e-05,calm
2017-04-12,3.184072012636466e-05,2.38872774601896e-05,calm
2017-04-17,3.431257315832292e-05,1.841060979573559e-05,calm
2017-04-18,3.282392978623192e-05,1.3064525717148812e-05,calm
2017-04-19,3.32166641136671e-05,1.2627890397638288e-05,calm
2017-04-20,3.2488102873633784e-05,1.4473397003087707e-05,calm
2017-04-24,3.1199478086644374e-05,7.227291713214016e-06,calm
2017-04-25,3.011950585032186e-05,2.2241304035310253e-05,calm
2017-04-26,2.907744763705884e-05,1.07626100166163e-05,calm
2017-04-27,2.8218269787482275e-05,8.861551405906131e-06,calm
2017-05-01,2.7344425107632138e-05,5.837677226865868e-06,calm
2017-05-02,2.6569276048724287e-05,8.218916782662081e-06,calm
2017-05-03,2.5867049337172732e-05,1.367521899549252e-05,calm
2017-05-04,2.557347299870975e-05,5.581949847931758e-06,calm
2017-05-08,2.497190337991692e-05,6.504059435629894e-06,calm
2017-05-09,2.4445650281549234e-05,4.802453281190964e-06,calm
2017-05-10,2.416018316333131e-05,1.158952216165951e-05,calm
2017-05-11,2.3699425450329638e-05,5.474865980580471e-06,calm
2017-05-15,2.416277317068415e-05,7.586803050969945e-06,calm
2017-05-16,2.3744035918976508e-05,3.252463044860232e-05,calm
2017-05-17,2.3518254589997922e-05,4.333624274918461e-05,calm
2017-05-18,8.36449927226511e-05,1.3441363631925554e-05,calm
2017-05-22,7.641075901276905e-05,5.317225716601514e-06,calm
2017-05-23,7.00649031286197e-05,4.924107547085021e-06,calm
2017-05-24,6.445099647484739e-05,8.541006874870385e-06,calm
2017-05-25,5.949978640555619e-05,3.642491773618956e-06,calm
2017-05-30,5.5136863433975016e-05,1.4444833948179025e-05,calm
2017-05-31,5.14465795142809e-05,8.025300491823776e-06,calm
2017-06-01,4.8024216991851956e-05,7.170377215055924e-06,calm
2017-06-05,4.4986033273246686e-05,8.525341347402811e-06,calm
2017-06-06,4.240434898886109e-05,8.590761982609548e-06,calm
2017-06-07,4.199244454224918e-05,1.2969702552996304e-05,calm
2017-06-08,3.9609041625797935e-05,3.597250411329846e-05,calm
2017-06-12,3.7488869669183094e-05,8.019608367875839e-06,calm
2017-06-13,3.562228420885922e-05,2.0436335256390773e-05,calm
2017-06-14,3.395326016296029e-05,1.664885299917536e-05,calm
2017-06-15,3.281021600445952e-05,1.1202471928335315e-05,calm
2017-06-19,3.220581510616099e-05,1.0224699131574804e-05,calm
2017-06-20,3.09537207140197e-05,1.2921542766538894e-05,calm
2017-06-21,3.8474023811194415e-05,7.233627910287446e-06,calm
2017-06-22,3.649519043525091e-05,8.25680019504135e-06,calm
2017-06-26,3.4772395760365145e-05,1.953407818005006e-05,calm
2017-06-27,3.317706830074767e-05,1.6327837153197737e-05,calm
2017-06-28,4.4064290708764465e-05,4.7791161373866496e-05,calm
2017-06-29,4.148088498026418e-05,1.921835107404792e-05,calm
2017-07-05,5.376031055539957e-05,1.999703046341511e-05,calm
2017-07-06,5.00256619939197e-05,9.219661441690568e-06,calm
2017-07-10,6.252580452634157e-05,2.041884303077295e-05,calm
2017-07-11,5.7794739197304444e-05,9.836286466070126e-06,calm
2017-07-12,5.374840914517537e-05,4.753232310690548e-06,calm
2017-07-13,5.006390288939323e-05,4.738712524362805e-06,calm
2017-07-17,4.676770447060474e-05,8.866225463259536e-06,calm
2017-07-18,4.385264525605747e-05,3.930936263621172e-06,calm
2017-07-19,4.1252947421320335e-05,8.155892610920884e-06,calm
2017-07-20,3.895440960894793e-05,4.650471052539611e-06,calm
2017-07-24,3.689726697686968e-05,3.939355455073604e-06,calm
2017-07-25,3.5089295004894986e-05,5.843983180511742e-06,calm
2017-07-26,3.3456852679388807e-05,2.626454240835038e-05,calm
2017-07-27,3.199948976184224e-05,7.675756124414517e-06,calm
2017-07-31,3.090154441742654e-05,6.852959625954329e-06,calm
2017-08-01,2.9805390402636393e-05,1.3243215086709916e-05,calm
2017-08-02,2.874145014842364e-05,7.124957786695563e-06,calm
2017-08-03,2.778701768100174e-05,7.718977368245543e-06,calm
2017-08-07,2.771684781023786e-05,1.0657166552350724e-05,calm
2017-08-08,2.6870423188374333e-05,1.826262794536436e-05,calm
2017-08-09,2.7341198111549624e-05,3.068419155357714e-05,calm
2017-08-10,2.653094023130515e-05,1.6235490524315244e-05,calm
2017-08-14,6.340596154516575e-05,7.597027387428061e-06,calm
2017-08-15,5.865806768227974e-05,9.602566942447369e-06,calm
2017-08-16,5.435072704740289e-05,3.21140013636011e-05,calm
2017-08-17,5.053817545918685e-05,2.912622168032675e-05,calm
2017-08-21,9.295407186678203e-05,1.1059448213068393e-05,calm
2017-08-22,8.470958171999882e-05,1.1210745665674774e-05,calm
2017-08-23,7.755631945428774e-05,1.6657840209925543e-05,calm
2017-08-24,7.362737183015997e-05,1.240530735094806e-05,calm
2017-08-28,6.874647246501847e-05,9.14134822030488e-06,calm
2017-08-29,6.334314846482621e-05,7.94708805665742e-06,calm
2017-08-30,5.855654989229814e-05,8.27995494714268e-06,calm
2017-08-31,5.43164398919324e-05,6.812995408461733e-06,calm
2017-09-05,5.0554241156755166e-05,7.194976454707857e-06,calm
2017-09-06,5.6904804153188194e-05,1.2168437608919624e-05,calm
2017-09-07,5.284730964200668e-05,6.872057016941768e-06,calm
2017-09-11,4.925083858027712e-05,4.604428305690069e-06,calm
2017-09-12,4.607880155139219e-05,3.4559374748527843e-06,calm
2017-09-13,4.322848447074496e-05,4.198882458671138e-06,calm
2017-09-14,4.06883362359577e-05,3.5608100012003555e-06,calm
2017-09-18,3.8461615163852465e-05,4.386818036639344e-06,calm
2017-09-19,3.644394604067604e-05,1.0201951351476597e-05,calm
2017-09-20,3.4644115262583246e-05,7.743973112850879e-06,calm
2017-09-21,3.3039186656971685e-05,3.481922266008804e-06,calm
2017-09-25,3.304179824437997e-05,6.559197722896502e-06,calm
2017-09-26,3.246647403518257e-05,1.1001876570215672e-05,calm
2017-09-27,3.109646344555036e-05,5.151294935902915e-06,calm
2017-09-28,2.9886530689571455e-05,4.896712048314635e-06,calm
2017-10-02,2.8795013753590915e-05,4.274704580519075e-06,calm
2017-10-03,2.7838227863265098e-05,5.115843528488577e-06,calm
2017-10-04,2.6968880532611638e-05,4.0123077997400185e-06,calm
2017-10-05,2.6187841883653623e-05,4.670294476407286e-06,calm
2017-10-09,2.5533981502718656e-05,7.180574169401431e-06,calm
2017-10-10,2.5491877933868396e-05,3.4645731406485937e-06,calm
2017-10-11,2.4872642464302013e-05,3.947287258453006e-06,calm
2017-10-12,2.431094703967097e-05,3.566298547099304e-06,calm
2017-10-16,2.429216597046789e-05,2.342903383090148e-06,calm
2017-10-17,2.378387482901394e-05,3.0866777809557538e-06,calm
2017-10-18,2.3324162697380967e-05,5.472727319487298e-06,calm
2017-10-19,2.2909041040832998e-05,4.282498494816701e-06,calm
2017-10-23,2.2532520111477894e-05,6.354013627900999e-06,calm
2017-10-24,2.5204114356316464e-05,2.205369649753281e-05,calm
2017-10-25,2.457263980691128e-05,1.2439427969827716e-05,calm
2017-10-26,2.879822910260015e-05,1.2852335898770177e-05,calm
2017-10-30,2.776106953485804e-05,1.0190473770679576e-05,calm
2017-10-31,2.958367376619584e-05,3.844075565737857e-06,calm
2017-11-01,2.84555493979397e-05,9.89368395522742e-06,calm
2017-11-02,2.7449265482314454e-05,1.6102995433989458e-05,calm
2017-11-03,2.6549262712749405e-05,4.471086574744166e-06,calm
2017-11-06,2.5758749166006716e-05,3.08508695023499e-06,calm
2017-11-07,2.5039599298435312e-05,8.325939854062812e-06,calm
2017-11-08,2.4520477206605506e-05,5.652371085663188e-06,calm
2017-11-09,2.3928067779587165e-05,2.767443583524494e-05,calm
2017-11-10,2.600948448802332e-05,6.876456679156106e-06,calm
2017-11-13,2.5280331284098046e-05,4.789063194644555e-06,calm
2017-11-14,2.4590566701162627e-05,1.9274928979575017e-05,calm
2017-11-15,2.5084090315585196e-05,2.2325419200682783e-05,calm
2017-11-16,2.9277286188100983e-05,8.051411632137276e-06,calm
2017-11-17,2.8241799640813576e-05,5.4455940880412325e-06,calm
2017-11-20,2.895937945247745e-05,4.597282928434352e-06,calm
2017-11-21,2.786208411989486e-05,4.813483210377632e-06,calm
2017-11-22,2.694013646981407e-05,2.818742482927139e-06,calm
2017-11-24,2.6252798396151755e-05,1.218059268025056e-06,calm
2017-11-27,2.5452265035006745e-05,4.6620195125725e-06,calm
2017-11-28,2.4803090575070637e-05,1.1049063256237762e-05,calm
2017-11-29,2.4317039906862585e-05,1.6148250139225744e-05,calm
2017-11-30,2.3829630747494062e-05,2.732316514645123e-05,calm
2017-12-01,2.3422114691845292e-05,8.878526153603566e-05,calm
2017-12-04,2.3842735487814738e-05,2.2659116198128083e-05,calm
2017-12-05,2.3641558222771904e-05,1.636164890858776e-05,calm
2017-12-06,2.5697347680273513e-05,1.3038106015238966e-05,calm
2017-12-07,2.4946789256295056e-05,8.912262992352853e-06,calm
2017-12-08,2.4290028348782912e-05,7.157952923588582e-06,calm
2017-12-11,2.3736718641529885e-05,6.28610596713131e-06,calm
2017-12-12,2.3204829417215715e-05,6.536597935707063e-06,calm
2017-12-13,2.2717570275212587e-05,1.2149563391690132e-05,calm
2017-12-14,2.2286732449235933e-05,1.1651827415373304e-05,calm
2017-12-15,2.5193013289802568e-05,1.2545611847702714e-05,calm
2017-12-18,2.4488744438498662e-05,8.446383803682566e-06,calm
2017-12-19,2.3911598920732092e-05,8.499256965557588e-06,calm
2017-12-20,2.6263362565508075e-05,1.3496620660201293e-05,calm
2017-12-21,2.5506940961145698e-05,8.027997619826864e-06,calm
2017-12-22,2.4751721780153434e-05,4.40157794917856e-06,calm
2017-12-26,2.410291142400078e-05,3.030899041887512e-06,calm
2017-12-27,2.3821477206994797e-05,2.709995458511272e-06,calm
2017-12-28,2.3231262134216892e-05,1.600500283502711e-06,calm
2017-12-29,2.270426979563451e-05,6.703570866219266e-06,calm
2018-01-02,2.504941456771811e-05,6.614951624958542e-06,calm
2018-01-03,2.4403450665343127e-05,5.71847519323922e-06,calm
2018-01-04,2.381072436653825e-05,7.308547842727639e-06,calm
2018-01-05,2.3242955316598874e-05,7.888586235726555e-06,calm
2018-01-08,2.2786916460334544e-05,6.09844119244572e-06,calm
2018-01-09,2.2306788319678053e-05,1.0587500304570517e-05,calm
2018-01-10,2.1874786320930024e-05,1.1667978354241348e-05,calm
2018-01-11,2.20073615034543e-05,6.977268385323447e-06,calm
2018-01-12,2.1699744806467447e-05,1.0305350153288946e-05,calm
2018-01-16,2.141048266504167e-05,3.171103484184363e-05,calm
2018-01-17,2.3439048806490943e-05,1.7473471234424658e-05,calm
2018-01-18,2.3047415751881274e-05,2.141279362261225e-05,calm
2018-01-19,2.3173481144707863e-05,1.2927845371988949e-05,calm
2018-01-22,2.2682574899094822e-05,1.2361764689323807e-05,calm
2018-01-23,2.2336315087866877e-05,1.0516214125313828e-05,calm
2018-01-24,2.1910701804660923e-05,3.761788161072697e-05,calm
2018-01-25,2.15820346613633e-05,3.039692870677867e-05,calm
2018-01-26,2.122036886245316e-05,9.102114425420824e-06,calm
2018-01-29,2.1197114598194013e-05,2.2349371869295257e-05,calm
2018-01-30,2.9456755025230563e-05,3.4929776497839115e-05,calm
2018-01-31,4.835581822899052e-05,3.271678149527722e-05,calm
2018-02-01,4.5043221789983056e-05,3.341903194596238e-05,calm
2018-02-02,4.243730341371611e-05,7.015573151725725e-05,calm
2018-02-05,0.00013071791877809826,0.0004551799233295,calm
2018-02-06,0.00047507154091754495,0.0006652118347677,calm
2018-02-07,0.0004215827425483582,0.0001972164402289,calm
2018-02-08,0.0003798440764877464,0.000364028297806,calm
2018-02-09,0.0006241440577874506,0.0006393205842826,calm
2018-02-12,0.0005524583010532214,0.0001658825181395,calm
2018-02-13,0.0004895899350426941,7.113636897879899e-05,calm
2018-02-14,0.0004341333833886133,9.89923055024988e-05,calm
2018-02-15,0.00038555503239874356,7.355126662727743e-05,calm
2018-02-16,0.00034274955624657034,7.211206530778424e-05,calm
2018-02-20,0.000304929049492047,5.786675576998364e-05,calm
2018-02-21,0.000279538435189107,7.737946210594005e-05,calm
2018-02-22,0.00025423262681052895,9.652090932117766e-05,calm
2018-02-23,0.00022676822338107364,4.30592984360934e-05,calm
2018-02-26,0.0002026480510088089,3.1198675427699144e-05,calm
2018-02-27,0.0001812572831689643,8.018621425927186e-05,calm
2018-02-28,0.0001933735774496137,7.684882115591153e-05,calm
2018-03-01,0.00019352541160619038,0.0002355839938478,calm
2018-03-02,0.00021519601428499166,0.0001190283660968,calm
2018-03-05,0.00019229986985286402,5.8839391575838e-05,calm
2018-03-06,0.00017212493461175513,4.5990117960412656e-05,calm
2018-03-07,0.00015420396005919078,4.697114005697994e-05,calm
2018-03-08,0.00013838272615816766,4.3424621822541743e-05,calm
2018-03-09,0.00012434360606077398,1.431971019703371e-05,calm
2018-03-12,0.0001123778442327148,2.8399877176607223e-05,calm
2018-03-13,0.00010172072971116918,4.9113389469572345e-05,calm
2018-03-14,0.00010047875132723567,6.596320011655736e-05,calm
2018-03-15,9.629875177226885e-05,2.947954790915389e-05,calm
2018-03-16,8.744441641205077e-05,1.8657054776395223e-05,calm
2018-03-19,8.115054198338351e-05,6.32718404727625e-05,calm
2018-03-20,0.00011068327668378959,3.359572098801225e-05,calm
2018-03-21,9.994165787667059e-05,6.197007099274223e-05,calm
2018-03-22,9.129003218660687e-05,0.0001147312858884,calm
2018-03-23,0.00020745257838081192,0.0001544169488096,calm
2018-03-26,0.0002760839377500789,0.000176556349365,calm
2018-03-27,0.00024656545617071396,0.0002688692630993,calm
2018-03-28,0.0002777645518319908,9.621811814917288e-05,calm
2018-04-02,0.00024910116129048514,0.0001788462002333,calm
2018-04-03,0.0003153926687293949,0.0001308391634871,calm
2018-04-04,0.0002805367594709836,8.622249476007186e-05,calm
2018-04-05,0.0002498273166604595,0.000134196094826,calm
2018-04-09,0.0002227565140689956,0.0001106799023618,calm
2018-04-10,0.00019888642202308364,7.535300253347774e-05,calm
2018-04-11,0.00017792091188672442,4.996598321838943e-05,calm
2018-04-12,0.00016496187871284604,6.225191328259691e-05,calm
2018-04-16,0.00014789222764389828,1.6500104238470782e-05,calm
2018-04-17,0.0001328064000044941,2.258786574667965e-05,calm
2018-04-18,0.00011952704931526137,3.606030958477396e-05,calm
2018-04-19,0.00010768038644712481,5.216582244584812e-05,calm
2018-04-23,0.00010355904812988459,0.0001407534082741,calm
2018-04-24,9.357971408439991e-05,0.0001005632290713,calm
2018-04-25,0.00012125273569241726,3.784146714232963e-05,calm
2018-04-26,0.00010926259069414568,3.349606704611639e-05,calm
2018-04-30,9.872956127939314e-05,4.747248022629809e-05,calm
2018-05-01,0.00010137464149455906,4.787963713161233e-05,calm
2018-05-02,9.170973234633139e-05,0.0001010027703401,calm
2018-05-03,9.238474195534025e-05,4.463663451205776e-05,calm
2018-05-07,8.485636472594973e-05,4.524455803516075e-05,calm
2018-05-08,7.712573455961644e-05,2.9659279793236104e-05,calm
2018-05-09,7.028846749880706e-05,2.010849529280787e-05,calm
2018-05-10,6.434735637225113e-05,2.0617447204891485e-05,calm
2018-05-14,5.911433537235775e-05,3.939174727281433e-05,calm
2018-05-15,5.438096703934924e-05,1.61998087489785e-05,calm
2018-05-16,5.996855374601051e-05,1.980609056514736e-05,calm
2018-05-17,5.5180573516770015e-05,2.127363185940765e-05,calm
2018-05-21,5.113726101142002e-05,1.421697742964394e-05,calm
2018-05-22,4.742884670849876e-05,2.8522418571391115e-05,calm
2018-05-23,4.5799060897087204e-05,3.2755518112654295e-05,calm
2018-05-24,4.2669985349120827e-05,1.6197009873600785e-05,calm
2018-05-29,4.0865432812244665e-05,2.1225392793408687e-05,calm
2018-05-30,6.515596144506918e-05,4.003025152578256e-05,calm
2018-05-31,5.9806029720383215e-05,2.009443308400909e-05,calm
2018-06-04,6.278060510551912e-05,1.6125956049530178e-05,calm
2018-06-05,5.767371891139267e-05,1.5098667468390588e-05,calm
2018-06-06,5.316845417943947e-05,2.9526820758843683e-05,calm
2018-06-07,4.921789345862831e-05,1.3072953972051688e-05,calm
2018-06-11,4.572875769092607e-05,8.469779576886225e-06,calm
2018-06-12,4.263505360164189e-05,1.6929324875534576e-05,calm
2018-06-13,3.9903469580661e-05,1.1211965779949244e-05,calm
2018-06-14,3.969933011739451e-05,2.5513147656398672e-05,calm
2018-06-18,3.731420134690142e-05,2.156809256993061e-05,calm
2018-06-19,3.6175533861074493e-05,8.010943352619005e-06,calm
2018-06-20,3.7338458444101855e-05,3.0362929554109723e-05,calm
2018-06-21,3.522845383114759e-05,1.526536110131513e-05,calm
2018-06-25,4.150213332399967e-05,2.898905200072649e-05,calm
2018-06-26,7.64467731965891e-05,7.422572422614897e-05,calm
2018-06-27,6.963193683905738e-05,5.787980432085696e-05,calm
2018-06-28,7.76843861711509e-05,2.4756918927332547e-05,calm
2018-07-02,7.07591678907549e-05,1.4196731639339e-05,calm
2018-07-05,6.466282124482498e-05,2.2771367019504736e-05,calm
2018-07-09,5.932976330610603e-05,1.1413431824406982e-05,calm
2018-07-10,5.4636354770930274e-05,1.942270107970797e-05,calm
2018-07-11,5.048413339746394e-05,1.653476145784446e-05,calm
2018-07-12,5.776698359214321e-05,9.407491987610213e-06,calm
2018-07-16,5.3261051706983595e-05,1.2264668832116362e-05,calm
2018-07-17,4.9486816260058806e-05,5.991402370987766e-06,calm
2018-07-18,4.594912365415389e-05,1.5393012576390907e-05,calm
2018-07-19,4.282609154351904e-05,9.524884436916564e-06,calm
2018-07-23,4.309544928910222e-05,2.1146940703454864e-05,calm
2018-07-24,4.0308044548242835e-05,2.178914876628423e-05,calm
2018-07-25,3.785782895568572e-05,1.193431253459892e-05,calm
2018-07-26,3.5722689617909545e-05,3.067783781486831e-05,calm
2018-07-30,3.5052013933593295e-05,1.923819402508662e-05,calm
2018-07-31,3.8899850898451594e-05,1.1862521679934258e-05,calm
2018-08-01,3.66166103292054e-05,1.4204832295020936e-05,calm
2018-08-02,3.525032758899857e-05,9.043144868161178e-06,calm
2018-08-06,3.3401144893955376e-05,8.975279272696583e-06,calm
2018-08-07,3.1759650600531476e-05,7.626604472685813e-06,calm
2018-08-08,3.030790441633077e-05,7.5290472724648515e-06,calm
2018-08-09,2.9086461894686814e-05,2.287484759334325e-05,calm
2018-08-13,2.8401029810020136e-05,1.7785372736627628e-05,calm
2018-08-14,3.033770684165186e-05,4.493497828651328e-05,calm
2018-08-15,2.907013218277049e-05,1.637066864741043e-05,calm
2018-08-16,3.939916798923587e-05,1.750479894701991e-05,calm
2018-08-20,3.7064912863170955e-05,8.955606977887712e-06,calm
2018-08-21,3.497121413506612e-05,9.847143313368516e-06,calm
2018-08-22,3.312582870875572e-05,1.2849475604154614e-05,calm
2018-08-23,3.1611617270842065e-05,8.778607505618296e-06,calm
2018-08-27,3.059918050137066e-05,9.343115575934486e-06,calm
2018-08-28,2.931105839085073e-05,6.731406980853608e-06,calm
2018-08-29,2.81275564041225e-05,2.0100691969823984e-05,calm
2018-08-30,2.7105125143268017e-05,1.4892996244859516e-05,calm
2018-09-04,2.968271885664419e-05,3.5053643854095e-05,calm
2018-09-05,2.9155631786676118e-05,3.489150337542833e-05,calm
2018-09-06,2.9591496404750057e-05,3.814183321768991e-05,calm
2018-09-10,3.0348764543322038e-05,1.472110611614496e-05,calm
2018-09-11,2.9032372410956164e-05,2.4884567411449644e-05,calm
2018-09-12,2.7876211580303617e-05,1.2726204387781622e-05,calm
2018-09-13,2.6843228445028645e-05,1.2757677608114882e-05,calm
2018-09-17,2.5965482891746337e-05,1.4245041404083616e-05,calm
2018-09-18,3.103143881918578e-05,1.063457610737335e-05,calm
2018-09-19,2.9648559205784514e-05,8.311673890179496e-06,calm
2018-09-20,2.8402622947712135e-05,6.777642726152144e-06,calm
2018-09-24,2.7365161596628168e-05,8.021425312253984e-06,calm
2018-09-25,2.8791476323814836e-05,2.3740820653048544e-05,calm
2018-09-26,2.7884175738791818e-05,9.74386359942428e-06,calm
2018-09-27,2.8808243074415464e-05,1.1656450480853398e-05,calm
2018-10-01,2.766158549048493e-05,1.5789160675991803e-05,calm
2018-10-02,2.6651948755456982e-05,1.610845094820653e-05,calm
2018-10-03,2.586019778887026e-05,4.413037786646963e-05,calm
2018-10-04,2.5042792417299887e-05,4.2350197050377066e-05,calm
2018-10-08,3.6883010649243754e-05,4.212508379178483e-05,calm
2018-10-09,3.4767616318282536e-05,0.0001483015168757,calm
2018-10-10,3.342090143711826e-05,0.0003819383668723,calm
2018-10-11,0.00024000612744323307,0.0001981396788324,calm
2018-10-15,0.00031410702935649504,4.6229122638354096e-05,calm
2018-10-16,0.000284256690650078,0.0001059740238844,calm
2018-10-17,0.00025235904244642134,0.0001256818832433,calm
2018-10-18,0.00022370241516087215,8.80717567564226e-05,calm
2018-10-22,0.00024183271033823822,0.0001286478708651,calm
2018-10-23,0.0002189400564942996,0.0001776456907556,calm
2018-10-24,0.0002001154501150697,0.0001010515723094,calm
2018-10-25,0.0003687740149472004,0.0003221444567771,calm
2018-10-29,0.00032618787764898124,0.0003020764729368,calm
2018-10-30,0.000295115929301747,0.0002369290928385,calm
2018-10-31,0.00026158774524367756,8.267753088956122e-05,calm
2018-11-01,0.0002321275246791425,6.926351424220781e-05,calm
2018-11-02,0.00020628944067879775,0.0001625799095452,calm
2018-11-05,0.00019095862927130143,3.526037727885601e-05,calm
2018-11-06,0.00017011511789432856,3.699906255462284e-05,calm
2018-11-07,0.00015180331659271092,4.081668561237299e-05,calm
2018-11-08,0.0001359859924483948,4.4635716622966265e-05,calm
2018-11-09,0.00012257554974098219,5.518134697250357e-05,calm
2018-11-12,0.00012980368092164486,9.255630065272847e-05,calm
2018-11-13,0.0001881702467914396,0.0001678628106496,calm
2018-11-14,0.0001685166656749584,0.0001279313287046,calm
2018-11-15,0.0001601998967698897,0.0001864117526916,calm
2018-11-16,0.00014318181301778348,8.18173872137005e-05,calm
2018-11-19,0.00012818751056966086,0.0001150169734721,calm
2018-11-20,0.0001736743970214426,0.00018558809343,calm
2018-11-21,0.00022522022149390342,3.7224155417686575e-05,calm
2018-11-23,0.00020020662325160327,2.5933451961723595e-05,calm
2018-11-26,0.00018758424821545394,5.437867057759013e-05,calm
2018-11-27,0.00016731880483650716,6.372690297495023e-05,calm
2018-11-28,0.0001494234423649936,8.900977788165231e-05,calm
2018-11-29,0.0001339081093544761,4.564721364675897e-05,calm
2018-11-30,0.00012115308575956352,2.767887935184395e-05,calm
2018-12-03,0.00010885885399376838,6.643940999694947e-05,calm
2018-12-04,9.815543898681315e-05,0.0001392376408075,calm
2018-12-06,0.00030321675825835685,0.0002403845847243,calm
2018-12-07,0.00026961516423767415,0.0002527775982023,calm
2018-12-10,0.00034927474818968794,0.0003018428112379,calm
2018-12-11,0.00030959551511610116,0.0001643873544086,calm
2018-12-12,0.0002748373990851432,9.282158360717827e-05,calm
2018-12-13,0.0002443543448750675,0.0001091534493643,calm
2018-12-14,0.00021760640250327498,0.0001096802923251,calm
2018-12-17,0.00026260741331429147,0.0001512170086518,calm
2018-12-18,0.00031114706834921144,0.0001686396469448,calm
2018-12-19,0.0002766224086559098,0.0006539019029923,calm
2018-12-20,0.00029109129158705105,0.0004018814208597,calm
2018-12-21,0.000311995454495607,0.0003524798741646,calm
2018-12-24,0.00041555032081771424,0.0002260503233298,calm
2018-12-26,0.0005096316999462512,0.0004178136887276,calm
2018-12-27,0.00045328305852278765,0.0004643961519002,calm
2018-12-28,0.0004011012466024446,0.0002105675308974,calm
2018-12-31,0.00035569419579616236,0.0001258257144179,calm
2019-01-02,0.00031543268368106644,0.0001668253479766,calm
2019-01-03,0.00027998604746319334,0.0002587113321085,calm
2019-01-04,0.0003642960617908707,0.0001645285173802,calm
2019-01-07,0.0003235286120649312,8.030980974785394e-05,calm
2019-01-08,0.0002871169410491289,0.0001052644650267,calm
2019-01-09,0.00025508025276941166,7.801788473840017e-05,calm
2019-01-10,0.00022683083392442333,6.492440384048161e-05,calm
2019-01-11,0.00020192055956401363,3.468394301253793e-05,calm
2019-01-14,0.00017993608938967964,4.09595854650613e-05,calm
2019-01-15,0.00016829364243462137,5.340043197228902e-05,calm
2019-01-16,0.0001504452434223672,2.770195188227369e-05,calm
2019-01-17,0.00013453768053381122,5.893762478047133e-05,calm
2019-01-18,0.00012060333070384527,4.0144172880598936e-05,calm
2019-01-22,0.00010862333163393569,8.780514065108032e-05,calm
2019-01-23,0.00013525431559937342,6.593254023523633e-05,calm
2019-01-24,0.00012129292248279887,3.2706566708394006e-05,calm
2019-01-25,0.0001089756587066656,2.250399193358918e-05,calm
2019-01-28,9.821307156276712e-05,6.213898471280582e-05,calm
2019-01-29,0.00010064361753388176,3.662907017836939e-05,calm
2019-01-30,9.124029414345703e-05,7.509750023112143e-05,calm
2019-01-31,8.288989025626049e-05,4.1500860666368855e-05,calm
2019-02-01,7.531733470773605e-05,4.199372771820832e-05,calm
2019-02-04,6.851604239703745e-05,2.507437133470585e-05,calm
2019-02-05,6.262777674486577e-05,1.7727278297650365e-05,calm
2019-02-06,5.738067607286441e-05,2.102748338479428e-05,calm
2019-02-07,5.3164440885147104e-05,6.599110406731149e-05,calm
2019-02-08,6.796762738191719e-05,3.2914284912599464e-05,calm
2019-02-11,6.212989968344202e-05,2.553217394982135e-05,calm
2019-02-12,5.6987529199046104e-05,2.0570622976763845e-05,calm
2019-02-13,5.2626553503336224e-05,1.9755869959153703e-05,calm
2019-02-14,4.864506091589949e-05,4.428795066043402e-05,calm
2019-02-15,4.626203367449764e-05,2.071402405687916e-05,calm
2019-02-19,4.318153358893012e-05,1.1950575613738447e-05,calm
2019-02-20,4.033659687665922e-05,2.514542621268149e-05,calm
2019-02-21,3.783314503686042e-05,2.272265582400513e-05,calm
2019-02-22,3.840579566049092e-05,1.4473439647915826e-05,calm
2019-02-25,3.618215888266055e-05,1.5239956908093902e-05,calm
2019-02-26,3.418862699140046e-05,2.644040039318712e-05,calm
2019-02-27,3.259046853011096e-05,2.3039010436822018e-05,calm
2019-02-28,3.109936738157361e-05,1.5511555138740784e-05,calm
2019-03-01,3.0546310304412166e-05,2.4135830431795576e-05,calm
2019-03-04,2.927407794056719e-05,5.940186593650029e-05,calm
2019-03-05,3.1033213563211704e-05,2.4235784820175425e-05,calm
2019-03-06,3.0135764337261945e-05,2.616778056911092e-05,calm
2019-03-07,3.668030678008214e-05,4.802754343421124e-05,calm
2019-03-08,4.928876487911558e-05,5.227404082347487e-05,calm
2019-03-11,4.6629009076813286e-05,1.896441892981445e-05,calm
2019-03-12,4.346086575600343e-05,2.126787074109617e-05,calm
2019-03-13,4.05902128381252e-05,1.7641207956350988e-05,calm
2019-03-14,3.808372166239605e-05,1.3265116182026764e-05,calm
2019-03-15,3.5996022159204416e-05,1.7821691152403773e-05,calm
2019-03-18,3.402863752148966e-05,1.7932445034055174e-05,calm
2019-03-19,3.230526489997021e-05,4.908176167438477e-05,calm
2019-03-20,3.078003975844318e-05,6.297439459653093e-05,calm
2019-03-21,3.1476588093333656e-05,2.6906450338502708e-05,calm
2019-03-22,3.014070354699876e-05,8.70143017837112e-05,calm
2019-03-25,0.0001055307716462425,7.523799956294942e-05,calm
2019-03-26,9.512681944337249e-05,4.537807081026542e-05,calm
2019-03-27,8.594832719684885e-05,5.563405669048456e-05,calm
2019-03-28,8.369387894585123e-05,2.7382233160932063e-05,calm
2019-03-29,7.592811110399135e-05,2.362094297605962e-05,calm
2019-04-01,6.914203921706058e-05,1.3105025409360363e-05,calm
2019-04-02,6.3220211869486e-05,1.686467840406591e-05,calm
2019-04-03,5.7983907565462646e-05,1.975498008778704e-05,calm
2019-04-04,5.338915982407237e-05,9.35930464116955e-06,calm
2019-04-08,4.9354397251673073e-05,2.2462168515747017e-05,calm
2019-04-09,4.580767655903914e-05,1.0028182177471996e-05,calm
2019-04-10,4.8267708631159717e-05,1.2515713436184244e-05,calm
2019-04-11,4.48544185094367e-05,1.1817480991767444e-05,calm
2019-04-15,4.1892073527387715e-05,1.0526727704282431e-05,calm
2019-04-16,3.938236415874018e-05,1.730532931481047e-05,calm
2019-04-17,3.703686267818893e-05,1.3117969424760523e-05,calm
2019-04-22,3.633893495106199e-05,1.3576240500851447e-05,calm
2019-04-23,3.435830196407517e-05,1.0800234974915144e-05,calm
2019-04-24,3.2666394466303536e-05,2.902328722285359e-05,calm
2019-04-25,3.2273025400680177e-05,1.547226773012098e-05,calm
2019-04-29,3.090800464483646e-05,1.7567096484939778e-05,calm
2019-04-30,2.9580620981274348e-05,3.397951059730998e-05,calm
2019-05-01,2.84086508249194e-05,4.40206705474332e-05,calm
2019-05-02,3.9235953498211085e-05,1.2596988664457823e-05,calm
2019-05-06,3.797781160346846e-05,0.0001032199177762,calm
2019-05-07,3.944948291497588e-05,4.7243118843934905e-05,calm
2019-05-08,9.465443417092877e-05,0.0001004886189159,calm
2019-05-09,8.591393060017227e-05,0.0001064546189021,calm
2019-05-13,7.984474317314766e-05,5.259654062131538e-05,calm
2019-05-14,0.0002043421267693056,5.082868843501586e-05,calm
2019-05-15,0.00018143342786304672,2.945001272015039e-05,calm
2019-05-16,0.00016140436489345893,5.314382901115532e-05,calm
2019-05-20,0.00014398463781912778,1.7285222806834182e-05,calm
2019-05-21,0.00013793282768016115,1.9454712809871885e-05,calm
2019-05-22,0.00012346505259816647,6.036974802537541e-05,calm
2019-05-23,0.00011285885914700316,2.786128815786744e-05,calm
2019-05-28,0.00013237720785923103,7.085343977751259e-05,calm
2019-05-29,0.0001365791949272166,3.571958869288087e-05,calm
2019-05-30,0.00013172854546422978,4.60766889648562e-05,calm
2019-06-03,0.000118032130044045,4.2782735705413526e-05,calm
2019-06-04,0.00010748848552750232,4.040021247038711e-05,calm
2019-06-05,9.692265715767359e-05,3.631495686227189e-05,calm
2019-06-06,8.754185852405066e-05,3.423559994746755e-05,calm
2019-06-10,7.929918336901252e-05,3.490024249742831e-05,calm
2019-06-11,7.205345617198889e-05,1.814033607684509e-05,calm
2019-06-12,6.57102409729107e-05,2.683158334355361e-05,calm
2019-06-13,6.084743206110909e-05,1.912292301386122e-05,calm
2019-06-17,5.584156526308178e-05,3.681001397393642e-05,calm
2019-06-18,5.142862092845368e-05,3.21078105099889e-05,calm
2019-06-19,4.766947903811267e-05,2.714099091381327e-05,calm
2019-06-20,4.426310135227809e-05,1.7202974350033096e-05,calm
2019-06-24,4.138177087896109e-05,2.873537073500063e-05,calm
2019-06-25,3.91359441680064e-05,2.102663760894733e-05,calm
2019-06-26,5.688680910494881e-05,1.3104702028366556e-05,calm
2019-06-27,5.266503835625449e-05,9.943580798373684e-06,calm
2019-07-01,4.8691797607034997e-05,2.3478002859429457e-05,calm
2019-07-02,4.5227609500856475e-05,4.697047250172807e-06,calm
2019-07-08,4.21612388767778e-05,7.449747467573047e-06,calm
2019-07-09,4.589610590873977e-05,2.07908372817478e-05,calm
2019-07-10,4.274739124336957e-05,1.0046560624089676e-05,calm
2019-07-11,3.9989145870584e-05,5.162526014713094e-06,calm
2019-07-15,3.755888532134327e-05,1.1211932110585954e-05,calm
2019-07-16,3.541989778718574e-05,1.48283459510587e-05,calm
2019-07-17,3.585592641078147e-05,1.562226177776598e-05,calm
2019-07-18,4.370793000191898e-05,2.512128168713926e-05,calm
2019-07-22,4.0821985897307845e-05,1.4335776887564914e-05,calm
2019-07-23,3.828661343892187e-05,8.753692128270211e-06,calm
2019-07-24,3.607966513677176e-05,2.3172848952208548e-05,calm
2019-07-25,3.413040720477101e-05,6.093366842320574e-06,calm
2019-07-29,3.732703052794598e-05,1.6922286142658608e-05,calm
2019-07-30,3.600888864952076e-05,7.345354521941546e-05,calm
2019-07-31,3.543568590851035e-05,0.0001996619929246,calm
2019-08-01,5.845768410270771e-05,7.497106558483183e-05,calm
2019-08-05,6.960253912424923e-05,0.0001019194984869,calm
2019-08-06,0.00025599188545427686,0.0001796903412615,calm
2019-08-07,0.00022633729099891692,3.606328170118972e-05,calm
2019-08-08,0.0002002125853105017,7.883650088058323e-05,calm
2019-08-12,0.00017793053432776142,0.000209593892745,calm
2019-08-13,0.00018951994253640293,0.0001298435058053,calm
2019-08-14,0.00016839499757695736,9.471466183743376e-05,calm
2019-08-15,0.0003366242256097949,4.698525799930084e-05,calm
2019-08-19,0.00029645130261902547,3.3853321842745626e-05,calm
2019-08-20,0.00026167545298992227,1.3320721431842305e-05,calm
2019-08-21,0.00024386430910256033,5.1665225158630334e-05,calm
2019-08-22,0.00021577638347099754,0.0002320061666315,calm
2019-08-26,0.00019127972157715245,5.549093571483972e-05,calm
2019-08-27,0.00016987768762713733,3.898577156381297e-05,calm
2019-08-28,0.00015453731589980103,4.2825722812424014e-05,calm
2019-08-29,0.00013771586215264065,3.160548515500316e-05,calm
2019-09-03,0.00012305261657937253,1.265979841420094e-05,calm
2019-09-04,0.00011754700878169104,2.1469383850037155e-05,calm
2019-09-05,0.00010539779163509669,1.5298727793750398e-05,calm
2019-09-09,9.481339876073693e-05,3.925456486967616e-05,calm
2019-09-10,8.540653768323674e-05,1.512477472425608e-05,calm
2019-09-11,7.719245503059182e-05,3.3003247142837e-05,calm
2019-09-12,7.002934269210922e-05,1.4888719088927452e-05,calm
2019-09-16,6.370213641393181e-05,9.761804908782494e-06,calm
2019-09-17,6.0341206406662606e-05,3.53777220692871e-05,calm
2019-09-18,5.52178983031698e-05,1.8225292847557523e-05,calm
2019-09-19,5.072310119276834e-05,5.867431026768935e-05,calm
2019-09-23,4.680506030696497e-05,9.25119932530509e-05,calm
2019-09-24,4.3402647223891285e-05,2.48411785245902e-05,calm
2019-09-25,5.388028499777495e-05,3.918849310244307e-05,calm
2019-09-26,4.963240453290929e-05,7.109855488239981e-05,calm
2019-09-30,4.694914547704222e-05,6.851338580875686e-05,calm
2019-10-01,4.356781955920494e-05,7.322633779958432e-05,calm
2019-10-02,7.101609565492632e-05,0.0001380329002744,calm
2019-10-03,0.00013138913359642332,2.448524410424813e-05,calm
2019-10-07,0.00011724203599296554,7.098206703319046e-05,calm
2019-10-08,0.00010905159797421345,3.792137388964542e-05,calm
2019-10-09,0.00014940378156601627,5.043025019785123e-05,calm
2019-10-10,0.0001329882464584283,4.9124116132029766e-05,calm
2019-10-14,0.00011866663893394527,1.6589261558868172e-05,calm
2019-10-15,0.00010651293586557143,1.1188297457003333e-05,calm
2019-10-16,9.56137440649431e-05,1.7743857845377015e-05,calm
2019-10-17,8.672413883136411e-05,2.42083599446448e-05,calm
2019-10-21,7.83198353314579e-05,1.500334463712479e-05,calm
2019-10-22,7.098949685815948e-05,1.050792542613491e-05,calm
2019-10-23,6.70041699796372e-05,1.562835528695733e-05,calm
2019-10-24,6.109072400975344e-05,1.3469011452015322e-05,calm
2019-10-28,5.5917927536448553e-05,1.1672254546816704e-05,calm
2019-10-29,5.141178342799826e-05,1.2491225192943363e-05,calm
2019-10-30,4.749837959970783e-05,1.7716750142129736e-05,calm
2019-10-31,4.403773267663818e-05,3.3698428573605046e-05,calm
2019-11-01,4.2672857795321876e-05,1.120081948751908e-05,calm
2019-11-04,3.9891729063486646e-05,9.065528063991875e-06,calm
2019-11-05,3.7404085868355655e-05,9.433773393333282e-06,calm
2019-11-06,3.555761564201259e-05,1.3665168588464985e-05,calm
2019-11-07,3.360278394056243e-05,2.082069122562048e-05,calm
2019-11-08,3.1905459223808333e-05,1.1127480326848302e-05,calm
2019-11-11,3.04153901075687e-05,4.36836926766004e-06,calm
2019-11-12,3.001856679933403e-05,1.1138476767106625e-05,calm
2019-11-13,2.876573510528331e-05,1.554605482443375e-05,calm
2019-11-14,2.7665729204086288e-05,1.0173373597189418e-05,calm
2019-11-15,2.6703509672614258e-05,6.257428902307333e-06,calm
2019-11-19,2.592220367601891e-05,1.157928539843674e-05,calm
2019-11-20,2.5226843998729082e-05,2.81103598915551e-05,calm
2019-11-21,2.7773784902172642e-05,1.881411727324705e-05,calm
2019-11-22,2.7468387710581286e-05,9.504200555933884e-06,calm
2019-11-25,2.6530946332643136e-05,8.403049745545805e-06,calm
2019-11-26,2.5767698743361544e-05,5.838695723704584e-06,calm
2019-11-27,2.504516960898866e-05,3.019774206215128e-06,calm
2019-11-29,2.4427050306817243e-05,4.064683817858975e-06,calm
2019-12-02,2.7061458985661822e-05,3.7741710520913023e-05,calm
2019-12-03,4.207333614826292e-05,4.469570999547762e-05,calm
2019-12-04,4.9236730163452115e-05,1.3528832653276542e-05,calm
2019-12-05,4.551723051919365e-05,1.6677415594692022e-05,calm
2019-12-06,4.225753037531421e-05,9.877697503318428e-06,calm
2019-12-09,3.946656242936436e-05,5.983517794197846e-06,calm
2019-12-10,3.9307474498866456e-05,2.0326764500337258e-05,calm
2019-12-11,3.720307744015238e-05,8.389742371123895e-06,calm
2019-12-12,3.502214859820746e-05,8.232112992746497e-05,calm
2019-12-13,3.3156317920612375e-05,4.513146124028768e-05,calm
2019-12-17,3.1488819353789346e-05,5.536840746629056e-06,calm
2019-12-18,3.0031063195155185e-05,7.436259624046638e-06,calm
2019-12-19,2.8758813606099865e-05,7.715559911999179e-06,calm
2019-12-20,2.7653182206890215e-05,4.71074751314502e-06,calm
2019-12-23,2.678131744066586e-05,2.007677535947584e-06,calm
2019-12-24,2.5908916603051974e-05,1.9708074661030005e-06,calm
2019-12-26,2.5146768916972976e-05,4.043394394638682e-06,calm
2019-12-27,2.4501084082224352e-05,8.048738726933601e-06,calm
2019-12-30,2.394682107057306e-05,2.1934431884034832e-05,calm
2019-12-31,3.0282908540949006e-05,1.0054046099627608e-05,calm
2020-01-02,2.895474519934569e-05,1.535818321197111e-05,calm
2020-01-03,2.786707281010039e-05,3.3386040996003455e-05,calm
2020-01-06,3.955997678494654e-05,1.058169510038822e-05,calm
2020-01-07,3.705040283364729e-05,1.1886631103644898e-05,calm
2020-01-08,3.6743116154656894e-05,2.449472595551089e-05,calm
2020-01-09,3.460792761283157e-05,1.3731123346031617e-05,calm
2020-01-10,3.275775717715265e-05,1.6046829718827466e-05,calm
2020-01-13,3.308939807059227e-05,5.598573977966467e-06,calm
2020-01-14,3.143510028703126e-05,1.5127789592750574e-05,calm
2020-01-15,3.057911272836351e-05,1.642960405588678e-05,calm
2020-01-16,2.921469462758397e-05,6.989138860954526e-06,calm
2020-01-17,2.8073932530621977e-05,9.291305794310842e-06,calm
2020-01-21,2.7031379828482193e-05,1.164060212347313e-05,calm
2020-01-22,2.7087291885939223e-05,1.239969823598987e-05,calm
2020-01-23,2.6158091055295752e-05,2.466492060737853e-05,calm
2020-01-24,2.53413740272313e-05,5.4148092680642136e-05,calm
2020-01-27,4.205036126063094e-05,4.1737160258468405e-05,calm
2020-01-28,9.535869007310598e-05,2.048911048328732e-05,calm
2020-01-29,8.56676675868884e-05,2.553788729134618e-05,calm
2020-01-30,7.735216847413007e-05,5.302696331151869e-05,calm
2020-01-31,6.993757429429503e-05,8.601276283564497e-05,calm
2020-02-03,0.00013557247363391075,4.467513656114683e-05,calm
2020-02-04,0.00012055964052457341,2.093786397039005e-05,calm
2020-02-05,0.00010769252976373991,2.6018154605913545e-05,calm
2020-02-06,9.639478361210576e-05,1.9401847633628207e-05,calm
2020-02-07,8.65109014438018e-05,2.7983350362091603e-05,calm
2020-02-10,8.435113577561752e-05,1.7929805366934333e-05,calm
2020-02-11,7.606024497376197e-05,2.318419979871149e-05,calm
2020-02-12,6.883369439265036e-05,1.428973783804798e-05,calm
2020-02-13,6.254911406432689e-05,2.513147753343672e-05,calm
2020-02-14,5.74011050953416e-05,1.3083251827235844e-05,calm
2020-02-18,5.257982093097713e-05,2.3007081384388515e-05,calm
2020-02-19,4.999277584437248e-05,6.098339421629991e-06,calm
2020-02-20,4.612800600674925e-05,8.94488999226194e-05,covid_2020
2020-02-21,4.665637376586658e-05,5.549565573167341e-05,covid_2020
2020-02-24,6.654356462181023e-05,0.0001187294660305,covid_2020
2020-02-25,0.00030474390615059646,0.0002460975593633,covid_2020
2020-02-26,0.00047342681430089764,0.0002759633387767,covid_2020
2020-02-27,0.00041646563843803365,0.0007192585684411,covid_2020
2020-02-28,0.0008249083328828118,0.0014046653125629,covid_2020
2020-03-02,0.0007217344266701366,0.0006274042690806,covid_2020
2020-03-03,0.0006310791344939814,0.0018438945507696,covid_2020
2020-03-04,0.0007350352324753555,0.0002672030443305,covid_2020
2020-03-05,0.0006418819790138474,0.0003660614597655,covid_2020
2020-03-06,0.0008102044888543421,0.0005555304534498,covid_2020
2020-03-09,0.0007667865394602011,0.0023004465149658,covid_2020
2020-03-10,0.002126813048356373,0.0010931449720194,covid_2020
2020-03-11,0.0018474180689740678,0.0005231715342311,covid_2020
2020-03-12,0.002156904497255354,0.0041530389114315,covid_2020
2020-03-13,0.004127112183315019,0.0026286393307086,covid_2020
2020-03-16,0.0035817762864915137,0.0041210577284822,covid_2020
2020-03-17,0.00611965143102981,0.0022720311368001,covid_2020
2020-03-18,0.005294120476682645,0.0024878011455451,covid_2020
2020-03-19,0.005186953236466298,0.0020876651794065,covid_2020
2020-03-20,0.004488047851906617,0.0015386572469939,covid_2020
2020-03-23,0.004443775682678095,0.0028603795571004,covid_2020
2020-03-24,0.003998703892025723,0.0009238718839428,covid_2020
2020-03-25,0.0034678513027085723,0.0013243062082831,covid_2020
2020-03-26,0.003003839675688138,0.0010927357746016,covid_2020
2020-03-27,0.002604100536404559,0.000569896235157,covid_2020
2020-03-30,0.0024614260911485788,0.000402790363323,covid_2020
2020-03-31,0.002132904993310569,0.000322112363326,covid_2020
2020-04-01,0.0018986175939294013,0.0007577293880755,covid_2020
2020-04-02,0.0021203058614417108,0.0003636440526063,covid_2020
2020-04-06,0.0018370280412245354,0.0006460316642928,covid_2020
2020-04-07,0.0015957670767516774,0.0002220915863307,covid_2020
2020-04-08,0.001382070420520337,0.0003547630217978,covid_2020
2020-04-13,0.0011985784058781783,0.0001609695003167,covid_2020
2020-04-14,0.0010569077635692514,0.0002034095116318,covid_2020
2020-04-15,0.0009167029284372694,0.0001853909716879,covid_2020
2020-04-16,0.0008986253951386865,0.0001371431897698,covid_2020
2020-04-20,0.0007775203185045159,0.0002807114859611,covid_2020
2020-04-21,0.0007453781563184551,8.385459838723181e-05,covid_2020
2020-04-22,0.0008623202816422836,0.000193835085873,covid_2020
2020-04-23,0.0007477686507896272,8.825351969463739e-05,covid_2020
2020-04-27,0.0006477235176638829,0.0001483098777894,covid_2020
2020-04-28,0.0005614401341634552,6.874891170214791e-05,covid_2020
2020-04-29,0.0004913292499177324,0.0001640663526379,covid_2020
2020-04-30,0.00042784166018481457,0.0001383846130357,covid_2020
2020-05-04,0.00039128689505874844,8.737595325859279e-05,calm
2020-05-05,0.000338984651746929,0.0001076282426851,calm
2020-05-06,0.00029406899366454147,6.928241516691661e-05,calm
2020-05-07,0.000266107395292099,3.493052321055395e-05,calm
2020-05-11,0.00023157261480869913,9.254978884272516e-05,calm
2020-05-12,0.00020093985276066983,0.0003055976336489,calm
2020-05-13,0.0002709166920541118,0.0002527474932341,calm
2020-05-14,0.0003100259438167238,0.0001538720151598,calm
2020-05-18,0.00026997594820373053,0.0001374663711738,calm
2020-05-19,0.00023656628654704291,5.184289561160323e-05,calm
2020-05-20,0.00023158876558312697,9.945151668623746e-05,calm
2020-05-21,0.00020266409996731155,4.7964911100726e-05,calm
2020-05-26,0.00018876293052430196,0.0001311293840419,calm
2020-05-27,0.00016553968222187708,0.0001039860134638,calm
2020-05-28,0.0001457015301371877,0.0002140245318283,calm
2020-06-01,0.00012902599144335125,4.463974143317444e-05,calm
2020-06-02,0.00011372060350421174,3.364267192512235e-05,calm
2020-06-03,0.00010068455750765301,6.588658726446698e-05,calm
2020-06-04,8.987451655037433e-05,7.772121236108856e-05,calm
2020-06-08,8.176881417549605e-05,7.12606002799758e-05,calm
2020-06-09,7.354268711356192e-05,0.0001652964900332,calm
2020-06-10,7.951210293832181e-05,0.0002947131631139,calm
2020-06-11,7.88444062912596e-05,0.0005370909293607,calm
2020-06-15,0.0008120820597321654,0.0002984500404081,calm
2020-06-16,0.0007118626894774219,7.836506060326633e-05,calm
2020-06-17,0.0006251608552170895,7.435351620084829e-05,calm
2020-06-18,0.0005530861889392274,0.0001845770727339,calm
2020-06-22,0.00048639788178221285,4.4991544069681983e-05,calm
2020-06-23,0.0004282211627607408,0.0002325984131621,calm
2020-06-24,0.0003773654043011122,0.0001585836317816,calm
2020-06-25,0.0004715779593915894,0.0001417447775985,calm
2020-06-29,0.0004153654156707164,8.134269074861536e-05,calm
2020-06-30,0.00036624311305813266,7.674504157836615e-05,calm
2020-07-01,0.0003232140376165245,8.369163388353996e-05,calm
2020-07-06,0.00028546289860744345,4.932219573738567e-05,calm
2020-07-07,0.00025249282205113397,7.271051668497684e-05,calm
2020-07-08,0.00024625587473959117,0.0001494709682402,calm
2020-07-09,0.00021800541084716012,8.041823046969235e-05,calm
2020-07-13,0.00020031030850775288,0.0001980537305065,calm
2020-07-14,0.00019387244071769586,0.0001199937970587,calm
2020-07-15,0.0001721968471210633,5.575018662711132e-05,calm
2020-07-16,0.00015311546082909336,2.6277162066045865e-05,calm
2020-07-20,0.0001387676189930616,4.4821792799947744e-05,calm
2020-07-21,0.0001237879041942377,4.1505151037387936e-05,calm
2020-07-22,0.00011052783677538558,8.210175761997506e-05,calm
2020-07-23,9.8964843365423e-05,7.721705295737938e-05,calm
2020-07-27,0.00011979265547774338,3.3596936451612125e-05,calm
2020-07-28,0.00010721193008585852,3.421152762239013e-05,calm
2020-07-29,0.00010502955174152073,6.627927925200805e-05,calm
2020-07-30,9.441837427372153e-05,9.382567842813984e-05,calm
2020-08-03,8.7890461888953e-05,2.6884913484115697e-05,calm
2020-08-04,7.930673733414463e-05,1.7879698955358604e-05,calm
2020-08-05,7.174128270492954e-05,2.5601158178138605e-05,calm
2020-08-06,6.516441116718174e-05,5.11789850149717e-05,calm
2020-08-10,5.9430733178049975e-05,9.28155914461042e-05,calm
2020-08-11,5.434349797930351e-05,3.104410760916782e-05,calm
2020-08-12,6.49670553845367e-05,2.653068523521795e-05,calm
2020-08-13,5.941721572635509e-05,3.3362828740994555e-05,calm
2020-08-17,5.523441454753827e-05,3.304154236360309e-05,calm
2020-08-18,5.074858927768108e-05,3.01152784299246e-05,calm
2020-08-19,4.681714853110389e-05,1.8073576814746308e-05,calm
2020-08-20,4.73638396212668e-05,1.947432694048474e-05,calm
2020-08-24,4.387340722419272e-05,1.892561379013808e-05,calm
2020-08-25,4.0922155022194414e-05,2.6796579095160505e-05,calm
2020-08-26,3.825116343688869e-05,6.753630536552151e-05,calm
2020-08-27,3.602485109911244e-05,1.9898177493274488e-05,calm
2020-08-31,3.3968593372575e-05,3.0289108801083148e-05,calm
2020-09-01,3.523928837328907e-05,4.5848321394645935e-05,calm
2020-09-02,3.33676327925887e-05,0.0004466029072313,calm
2020-09-03,3.186505769277347e-05,0.000528240843047,calm
2020-09-08,0.00027613944351345074,0.0001127965403919,calm
2020-09-09,0.00040017363217293784,0.0002773562290203,calm
2020-09-10,0.00035434342187727266,0.0001683476469891,calm
2020-09-14,0.0003751300806032254,3.774104373707017e-05,calm
2020-09-15,0.00033153610356816485,6.615314657930894e-05,calm
2020-09-16,0.0002929568525653729,0.0001323579293337,calm
2020-09-17,0.0002626816632319886,0.0001084947778282,calm
2020-09-21,0.0002488831990105365,7.781766951524045e-05,calm
2020-09-22,0.0002462803834517858,0.0001227565539986,calm
2020-09-23,0.00021878525383339597,0.000215304301445,calm
2020-09-24,0.0003046169182015795,0.000116855330636,calm
2020-09-28,0.0002696149362120988,5.258906684972024e-05,calm
2020-09-29,0.00023981476951637944,0.0001278650723093,calm
2020-09-30,0.00021913418908150773,7.328048082412484e-05,calm
2020-10-01,0.00019487221041347342,0.0001521186295056,calm
2020-10-05,0.0001735125905273575,0.0001955387974632,calm
2020-10-06,0.000155717969850657,5.389300812629073e-05,calm
2020-10-07,0.0001804776235567188,3.276271837389301e-05,calm
2020-10-08,0.00016174930487503888,2.951109904686509e-05,calm
2020-10-12,0.00014462941645857036,5.9492758892514347e-05,calm
2020-10-13,0.00013019537547054015,6.66838247228369e-05,calm
2020-10-14,0.00012562508764622592,4.951877239479944e-05,calm
2020-10-15,0.00012097788977831803,4.080771314167797e-05,calm
2020-10-19,0.0001089811312530762,0.0001051543808722,calm
2020-10-20,0.0001454513718571703,9.11667588006882e-05,calm
2020-10-21,0.000130163864710675,7.433695800916833e-05,calm
2020-10-22,0.00011754595078524685,3.423347638373936e-05,calm
2020-10-26,0.00010568526867879982,0.000113579209334,calm
2020-10-27,0.0001649474210400081,5.834479742963298e-05,calm
2020-10-28,0.00014985957438330068,0.000199862617533,calm
2020-10-29,0.00037431982428827177,0.0001575475974957,calm
2020-10-30,0.00033098422209060176,0.000276284215114,calm
2020-11-02,0.000315218600873823,0.0001164584430833,calm
2020-11-03,0.00027947063724752464,0.0001214116055037,calm
2020-11-04,0.0002486539415845883,0.0001932086072511,calm
2020-11-05,0.0002220424725068662,9.501223434864e-05,calm
2020-11-06,0.00019838388663448531,9.121390432811506e-05,calm
2020-11-09,0.00017669708870699563,0.0004320155270632,calm
2020-11-10,0.00015801796531857184,0.0001549841328875,calm
2020-11-11,0.0001417569717392054,3.786906653055408e-05,calm
2020-11-12,0.00012705376765480926,7.361330166928761e-05,calm
2020-11-13,0.00013340004370070342,3.6868267692669375e-05,calm
2020-11-16,0.00012007751753050829,5.333698852319379e-05,calm
2020-11-17,0.00010830414709302214,3.3117367086166546e-05,calm
2020-11-18,0.0001036594154334749,4.767741618286679e-05,calm
2020-11-19,0.0001231818094500545,5.642310539963253e-05,calm
2020-11-20,0.00011069160744806838,3.234469279722991e-05,calm
2020-11-23,0.00010945207230114339,6.286200687800076e-05,calm
2020-11-24,9.866083801228796e-05,2.457678750802176e-05,calm
2020-11-25,8.976485662449042e-05,2.8004950183136943e-05,calm
2020-11-27,8.187672838487717e-05,7.581074244517271e-06,calm
2020-11-30,7.436107321128594e-05,5.343974496026069e-05,calm
2020-12-01,7.195408913484701e-05,4.127460278256987e-05,calm
2020-12-02,6.597285658922265e-05,2.493315076782388e-05,calm
2020-12-03,6.037716077213954e-05,4.2798466233126216e-05,calm
2020-12-04,5.5482934986539446e-05,1.8511557198377515e-05,calm
2020-12-07,5.1392084396290885e-05,1.9960211592068304e-05,calm
2020-12-08,4.85584414597938e-05,1.3653434745004585e-05,calm
2020-12-09,4.5088400412095115e-05,6.158723625032016e-05,calm
2020-12-10,5.8848922337889295e-05,6.562439560071342e-05,calm
2020-12-11,5.420316696370402e-05,3.770830016888652e-05,calm
2020-12-14,5.04339749878887e-05,5.6914554800908086e-05,calm
2020-12-15,5.108740617094936e-05,2.850646918856208e-05,calm
2020-12-16,4.7784828427975946e-05,2.120788738551952e-05,calm
2020-12-17,4.4449523258866514e-05,2.116312941424712e-05,calm
2020-12-18,4.158937026495842e-05,4.316586998019164e-05,calm
2020-12-21,5.310849107290402e-05,7.790965549313342e-05,calm
2020-12-22,5.1938300003962044e-05,3.933241809328295e-05,calm
2020-12-23,4.8797623036513935e-05,1.743131764438956e-05,calm
2020-12-24,4.534442384559575e-05,9.839720837014678e-06,calm
2020-12-28,4.2340798679036106e-05,7.82628644780017e-06,calm
2020-12-29,3.984038653744974e-05,3.674875007292851e-05,calm
2020-12-30,3.835320426009615e-05,1.1019308568722036e-05,calm
2020-12-31,3.6171499045968134e-05,1.3464711619847874e-05,calm
2021-01-04,3.4310900268140216e-05,0.0001273337648734,calm
2021-01-05,7.068426794125629e-05,6.671771375198702e-05,calm
2021-01-06,6.464279173182184e-05,0.0001242172929139,calm
2021-01-07,5.932423255891549e-05,4.871737383758866e-05,calm
2021-01-08,5.506416605202127e-05,6.204511019819588e-05,calm
2021-01-12,5.090366405764871e-05,3.8356666615701024e-05,calm
2021-01-13,4.7186613944089115e-05,2.450362713147212e-05,calm
2021-01-14,4.395016535195106e-05,2.194863762386764e-05,calm
2021-01-15,4.380401647244462e-05,6.94226766049533e-05,calm
2021-01-19,5.2075341018676804e-05,3.131134609776751e-05,calm
2021-01-20,4.8348724060141934e-05,2.19571072044416e-05,calm
2021-01-21,4.535671925401865e-05,1.5656938951223573e-05,calm
2021-01-22,4.2305169035803816e-05,2.277641912651425e-05,calm
2021-01-25,4.240928380971314e-05,0.0001212226931331,calm
2021-01-26,3.97725136010407e-05,2.679437922883485e-05,calm
2021-01-27,3.8043979341260494e-05,0.0002566317241467,calm
2021-01-28,0.00015831551381408185,0.0001463661787123,calm
2021-01-29,0.0001414337301900688,0.0002565847765521,calm
2021-02-01,0.0002091626744013098,0.0001012262665154,calm
2021-02-02,0.00018671011288927248,7.661875489384855e-05,calm
2021-02-03,0.00016674337913752502,3.357182634761036e-05,calm
2021-02-04,0.00014860022412167565,2.0252677563845744e-05,calm
2021-02-05,0.0001331633694142208,2.2534807840900018e-05,calm
2021-02-08,0.00011933763166268476,2.231851562198731e-05,calm
2021-02-09,0.00010733722014713451,9.386921404520109e-06,calm
2021-02-10,9.685107406019077e-05,7.793511118171113e-05,calm
2021-02-11,8.758892820868434e-05,4.2971804578401895e-05,calm
2021-02-12,7.937995207617968e-05,1.4517692680906511e-05,calm
2021-02-16,7.221946102514905e-05,4.223490701608808e-05,calm
2021-02-17,6.608850087493416e-05,4.005374372390875e-05,calm
2021-02-18,6.046468486705547e-05,4.36045928684429e-05,calm
2021-02-19,5.947425818177121e-05,2.815635554290462e-05,calm
2021-02-22,5.5416862719803764e-05,3.537893749466648e-05,calm
2021-02-23,6.354632568748745e-05,0.0001450558358643,calm
2021-02-24,5.823891223515543e-05,5.0005018163275e-05,calm
2021-02-25,5.398111678739221e-05,0.0001364867376194,calm
2021-02-26,0.0001681796850719276,0.0002771715538038,calm
2021-03-01,0.0001556523253413881,8.495049204576004e-05,calm
2021-03-02,0.0001406821004409334,7.249876334360952e-05,calm
2021-03-03,0.0001385708716620369,0.0001213788792926,calm
2021-03-04,0.00016004523303434179,0.0003855135354915,calm
2021-03-05,0.000174331422999724,0.0002434694285022,calm
2021-03-08,0.00015632746921044618,0.000161324435454,calm
2021-03-09,0.00014493313595592675,5.5586375225240906e-05,calm
2021-03-10,0.00013017476119210744,8.607038656934875e-05,calm
2021-03-11,0.00011685088719839436,3.928187647642177e-05,calm
2021-03-12,0.00010531226175064008,2.8735499481851003e-05,calm
2021-03-15,9.497936709075393e-05,2.6072173439860388e-05,calm
2021-03-16,8.598234463283218e-05,2.127820688789947e-05,calm
2021-03-17,7.842914312278984e-05,6.558327021615637e-05,calm
2021-03-18,7.139408738982034e-05,5.473245559052156e-05,calm
2021-03-19,0.00010843872034037414,6.89737091433628e-05,calm
2021-03-22,0.0001032790071131116,1.5048698914522186e-05,calm
2021-03-23,9.33402998614686e-05,3.914827415340234e-05,calm
2021-03-24,9.731417685135355e-05,6.672759023927827e-05,calm
2021-03-25,9.346175118752283e-05,0.0001013250281365,calm
2021-03-26,8.466730396592395e-05,8.356303612791502e-05,calm
2021-03-29,7.73530581548238e-05,3.394869749018731e-05,calm
2021-03-30,7.057221090500223e-05,1.5010896224353178e-05,calm
2021-03-31,6.610801717277463e-05,1.5474190687546738e-05,calm
2021-04-05,6.062114464179078e-05,1.31856516217403e-05,calm
2021-04-06,5.6173515073552324e-05,1.3969931704806398e-05,calm
2021-04-07,5.19892009647265e-05,8.0506303485583e-06,calm
2021-04-08,4.8192436056683995e-05,9.896455462448367e-06,calm
2021-04-12,4.489715356286433e-05,7.229899053097587e-06,calm
2021-04-13,4.1953369134695924e-05,3.272274702008801e-05,calm
2021-04-14,3.938094179224628e-05,2.278113269288076e-05,calm
2021-04-15,3.968977271317355e-05,1.3104330745515952e-05,calm
2021-04-19,3.763020787920038e-05,3.552342675883333e-05,calm
2021-04-20,4.0748118788520677e-05,1.778850598586463e-05,calm
2021-04-21,4.9501596963418645e-05,8.074495764386004e-05,calm
2021-04-22,4.6165664464915804e-05,1.803288386582267e-05,calm
2021-04-26,6.031241664049154e-05,1.5143302912074993e-05,calm
2021-04-27,5.550813884610274e-05,1.894435645249391e-05,calm
2021-04-28,5.133085885400001e-05,3.0026113656434087e-05,calm
2021-04-29,4.76818284104214e-05,2.927537705067475e-05,calm
2021-05-03,4.449089806243991e-05,5.972814604774194e-05,calm
2021-05-04,4.163380340793952e-05,2.350048282313268e-05,calm
2021-05-05,4.709746993946471e-05,5.821577077843215e-05,calm
2021-05-06,4.3914979322345135e-05,2.4929876179163583e-05,calm
2021-05-10,4.1217585741332304e-05,0.0001355145540832,calm
2021-05-11,5.8889276315660035e-05,7.275191543804649e-05,calm
2021-05-12,7.067770171497228e-05,0.000117362887941,calm
2021-05-13,0.00015737046161722713,3.836346257473453e-05,calm
2021-05-17,0.0001407765056314779,3.745603462585221e-05,calm
2021-05-18,0.00012738533726987125,0.0001357784103004,calm
2021-05-19,0.00012968008028536017,3.095313898108256e-05,calm
2021-05-20,0.00011784947267242245,4.2740135400671605e-05,calm
2021-05-24,0.00010615288296479821,2.1061782466102745e-05,calm
2021-05-25,9.587545068087862e-05,1.1854273288280844e-05,calm
2021-05-26,8.785525818769502e-05,1.0479052213237546e-05,calm
2021-05-27,7.968323727325275e-05,7.587755545834326e-06,calm
2021-06-01,7.250247906854238e-05,1.14500425911897e-05,calm
2021-06-02,6.641653063986818e-05,3.351225358868178e-05,calm
2021-06-03,6.083544311320527e-05,9.216553542173696e-06,calm
2021-06-07,5.8936668403996417e-05,1.627455596826424e-05,calm
2021-06-08,5.451340991531847e-05,5.232172368265843e-06,calm
2021-06-09,5.034810253001154e-05,2.620038893883176e-05,calm
2021-06-10,4.724481622471461e-05,7.178118703655237e-06,calm
2021-06-14,4.401844733456766e-05,1.051745512674122e-05,calm
2021-06-15,4.112970584418454e-05,6.896946573777087e-05,calm
2021-06-16,3.9400239416990894e-05,4.69630722351972e-05,calm
2021-06-17,4.376649712720941e-05,7.463480353050188e-05,calm
2021-06-21,4.0959388204039646e-05,9.122564671395817e-06,calm
2021-06-22,3.909389274168501e-05,1.2620145856199508e-05,calm
2021-06-23,3.6925565194382815e-05,9.807920809531591e-06,calm
2021-06-24,3.534387516705582e-05,2.7895689994746843e-06,calm
2021-06-28,3.3653354207743754e-05,6.323526792163192e-06,calm
2021-06-29,3.2087459667947856e-05,5.897339698229372e-06,calm
2021-06-30,3.070159010309711e-05,7.793323739258101e-06,calm
2021-07-01,2.9482660649602864e-05,5.008962042957298e-06,calm
2021-07-06,2.849714215502884e-05,2.824526965725836e-05,calm
2021-07-07,2.8366512188505444e-05,7.543406172627109e-05,calm
2021-07-08,2.746212553003918e-05,1.768033135022103e-05,calm
2021-07-12,4.063308513567675e-05,1.9218362912371888e-05,calm
2021-07-13,3.82149996556696e-05,2.5630436498269584e-05,calm
2021-07-14,3.866286261916057e-05,3.599091085712917e-05,calm
2021-07-15,3.646371842310205e-05,2.621008734990812e-05,calm
2021-07-19,3.713223848649441e-05,4.222713248957708e-05,calm
2021-07-20,8.024007906594658e-05,1.6909519016854468e-05,calm
2021-07-21,7.344335491161455e-05,1.3855226070480944e-05,calm
2021-07-22,6.704704926093758e-05,1.180443330961232e-05,calm
2021-07-26,6.128623591533806e-05,4.803011944600596e-05,calm
2021-07-27,5.6278675120477574e-05,2.876437227429487e-05,calm
2021-07-28,5.64055305871583e-05,1.8603205633705564e-05,calm
2021-07-29,5.20896997424686e-05,2.037206668632396e-05,calm
2021-08-02,4.8273749366351446e-05,3.441473999584544e-05,calm
2021-08-03,4.59473718895798e-05,1.244755385138402e-05,calm
2021-08-04,4.298874347959582e-05,5.946261783787432e-06,calm
2021-08-05,4.547816237543667e-05,1.3327408153973269e-05,calm
2021-08-09,4.252712540448902e-05,1.0870064418366274e-05,calm
2021-08-10,4.00668694854736e-05,7.186790105153241e-06,calm
2021-08-11,3.770563023547798e-05,5.583176283897592e-06,calm
2021-08-12,3.564015251970217e-05,5.783550911054716e-06,calm
2021-08-16,3.383037803725976e-05,4.496535365965476e-05,calm
2021-08-17,3.223183869100009e-05,4.175928525180641e-05,calm
2021-08-18,3.9944006123905205e-05,6.119747550277308e-05,calm
2021-08-19,6.247297186189637e-05,1.8715490756372084e-05,calm
2021-08-23,5.7304444414983017e-05,3.4238325620368543e-06,calm
2021-08-24,5.295750004110743e-05,4.907262240534328e-06,calm
2021-08-25,4.899254535280126e-05,1.7819744547097922e-05,calm
2021-08-26,4.5527396203810875e-05,1.462399819553436e-05,calm
2021-08-30,4.988662820754283e-05,1.249158346120711e-05,calm
2021-08-31,4.6340054132276014e-05,7.445936817510287e-06,calm
2021-09-01,4.375489523818453e-05,1.041578564362436e-05,calm
2021-09-02,4.092659689557149e-05,9.429934699667262e-06,calm
2021-09-07,3.846146717984853e-05,2.7754048469058288e-05,calm
2021-09-08,3.910678899068012e-05,2.5512264983936844e-05,calm
2021-09-09,3.723859369125178e-05,2.984539695826889e-05,calm
2021-09-13,3.918402139456884e-05,2.936837230010387e-05,calm
2021-09-14,3.691747386735784e-05,3.440444206909714e-05,calm
2021-09-15,4.11379132481434e-05,3.576426779713838e-05,calm
2021-09-16,3.879390982313796e-05,3.98332233839064e-05,calm
2021-09-20,3.719427161007676e-05,9.497098104243789e-05,calm
2021-09-21,9.237640162846387e-05,6.653195055357099e-05,calm
2021-09-22,8.36947680670834e-05,3.401142864376917e-05,calm
2021-09-23,7.61290935432853e-05,2.92981957461834e-05,calm
2021-09-27,6.962402659238319e-05,7.687528105732677e-05,calm
2021-09-28,6.543504123598914e-05,5.238021047540545e-05,calm
2021-09-29,0.00014373967480951945,0.0001037008829827,calm
2021-09-30,0.00012831187429783816,8.300900361269278e-05,calm
2021-10-04,0.00014588406907881487,4.057487699541446e-05,calm
2021-10-05,0.00016474460434384505,0.0001116803593763,calm
2021-10-06,0.00014706630393297753,5.594094025261698e-05,calm
2021-10-07,0.00013139800476735024,2.907100761954048e-05,calm
2021-10-11,0.00011785160953797822,5.239317929079183e-05,calm
2021-10-12,0.00011682340261781545,5.051804733168037e-05,calm
2021-10-13,0.00010633986932391979,2.947472552035289e-05,calm
2021-10-14,9.579192269056498e-05,2.004762057197119e-05,calm
2021-10-18,8.712134164583462e-05,1.2801420313121508e-05,calm
2021-10-19,7.896154369107669e-05,1.2238511383906043e-05,calm
2021-10-20,7.190696415198323e-05,9.856512100608924e-06,calm
2021-10-21,6.562696317052203e-05,3.0300152656377063e-05,calm
2021-10-25,6.009274851614509e-05,2.7593013685281537e-05,calm
2021-10-26,5.528561787461187e-05,2.654297796745142e-05,calm
2021-10-27,5.0993255623338385e-05,2.278323813316448e-05,calm
2021-10-28,5.150127521257854e-05,1.4625002329309056e-05,calm
2021-11-01,4.793350095767419e-05,2.458513744922353e-05,calm
2021-11-02,4.456479143098697e-05,1.2510730400070851e-05,calm
2021-11-03,4.164327436441333e-05,2.185986073340245e-05,calm
2021-11-04,3.914615915896944e-05,1.895854447931373e-05,calm
2021-11-05,3.691424009949669e-05,3.077542709606228e-05,calm
2021-11-08,3.492668455336504e-05,2.046133425190469e-05,calm
2021-11-09,3.314853392408968e-05,3.5250181659345806e-05,calm
2021-11-10,3.4071348673291146e-05,3.176647257945738e-05,calm
2021-11-11,4.6110155283949515e-05,9.926129057536772e-06,calm
2021-11-12,4.2963581180551515e-05,1.6059783504241175e-05,calm
2021-11-15,4.0349050492596875e-05,1.9541266031902844e-05,calm
2021-11-16,3.791920642596974e-05,1.3969252326911067e-05,calm
2021-11-17,3.582562977763538e-05,1.580140785991509e-05,calm
2021-11-18,3.5341432368751444e-05,2.252383089733889e-05,calm
2021-11-19,3.3553533520186935e-05,2.220702723992191e-05,calm
2021-11-22,3.2752158634492106e-05,4.320479314552695e-05,calm
2021-11-23,3.3080441085043424e-05,6.500523587141369e-05,calm
2021-11-24,3.153725646175144e-05,3.1077735396366924e-05,calm
2021-11-26,3.019704685069093e-05,0.0001077826983346,calm
2021-11-29,0.00013152480235162565,3.687379906458531e-05,calm
2021-11-30,0.00011806449141180461,0.0001164925085963,calm
2021-12-01,0.00018456939857705058,0.0001631100920523,calm
2021-12-02,0.00018970866720160895,0.0001761627034999,calm
2021-12-03,0.00016909205126935538,0.0002175857690352,calm
2021-12-06,0.00016638354328800184,8.734356911643506e-05,calm
2021-12-07,0.0001484777171492714,4.882219931894198e-05,calm
2021-12-08,0.00013337600590579134,2.910529442435925e-05,calm
2021-12-09,0.00011932544922603497,2.5094287329516195e-05,calm
2021-12-10,0.00011671851464629013,4.448454591221564e-05,calm
2021-12-13,0.00010494350644639363,3.530757623014814e-05,calm
2021-12-14,0.0001109115029296641,4.806361223400596e-05,calm
2021-12-15,0.00010972834735930663,0.0001095772878333,calm
2021-12-16,9.905059325963877e-05,8.993419385790401e-05,calm
2021-12-17,0.00010560956001917167,0.0001573270026768,calm
2021-12-20,0.0001362590857840032,0.0001159166597093,calm
2021-12-21,0.00014541805798358427,6.129127098743919e-05,calm
2021-12-22,0.00013043366746959454,2.206827429717416e-05,calm
2021-12-23,0.0001169459261446989,2.347591962240604e-05,calm
2021-12-27,0.00010505346316287146,1.7890394679107298e-05,calm
2021-12-28,9.49038014314416e-05,3.0328017214922435e-05,calm
2021-12-29,8.59047211251623e-05,1.8252761495829176e-05,calm
2021-12-30,7.783409461445185e-05,1.4736215753472094e-05,calm
2021-12-31,7.251479788803589e-05,2.799027080906818e-05,calm
2022-01-03,6.757942187554777e-05,5.461787824359261e-05,calm
2022-01-04,6.183331226100911e-05,3.141185057999625e-05,calm
2022-01-05,5.6796841383322636e-05,4.61835543624375e-05,calm
2022-01-06,0.00012832910521723472,7.82858201733552e-05,calm
2022-01-07,0.00011528614994498519,4.369214039985998e-05,calm
2022-01-10,0.00010705153416447942,0.000122715494944,calm
2022-01-11,9.686168945204783e-05,6.490428713781232e-05,calm
2022-01-12,8.760799848603062e-05,3.742384440258127e-05,calm
2022-01-13,7.942948768415588e-05,6.733658614627738e-05,calm
2022-01-14,0.00011116924092735504,0.0001110885086845,calm
2022-01-18,0.00010007431240798797,0.000124887132371,calm
2022-01-19,0.00015451237391600337,8.606554424776691e-05,calm
2022-01-20,0.00016026029237952574,9.775623629999742e-05,calm
2022-01-21,0.00016828391194532747,0.0002308353863043,calm
2022-01-24,0.00022915274637463364,0.0006564505516145,calm
2022-01-25,0.00020334856689641163,0.0004014730321667,calm
2022-01-26,0.00021144319480280015,0.0005064344586374,calm
2022-01-27,0.000189351535609118,0.000299184362496,calm
2022-01-28,0.0001737840189858064,0.0002625988643216,calm
2022-02-01,0.00015550338872381142,0.0001057807404602,calm
2022-02-02,0.00013901587282128097,7.900375042754942e-05,calm
2022-02-03,0.0001245916081398873,0.0001092049004392,calm
2022-02-04,0.00022467781293482325,0.0001336401313811,calm
2022-02-07,0.00019963096606009865,9.890117697452616e-05,calm
2022-02-08,0.00017998343882199351,6.203778077973017e-05,calm
2022-02-09,0.00016055940676961068,4.819711826619469e-05,calm
2022-02-10,0.00014360445543150076,0.0001565664685695,calm
2022-02-11,0.0001942435421450869,0.0002094318507023,calm
2022-02-14,0.00025221075398864875,0.0001392275227592,calm
2022-02-15,0.00022615598692067747,9.315476021027872e-05,calm
2022-02-16,0.00020119491030332228,7.101313599650871e-05,calm
2022-02-17,0.0001791528406743106,6.574837290499602e-05,calm
2022-02-18,0.0002525906001833598,0.0001324816324507,calm
2022-02-22,0.00023294527945942595,0.0002151742267837,calm
2022-02-23,0.00023054752665901878,0.0001306989690878,calm
2022-02-24,0.00026882574990483304,0.0004893690620139,calm
2022-02-25,0.00023863748103351802,0.0001458657691331,calm
