date,forecast,actual,regime
2004-01-02,2.3966778278090145e-05,4.746692947241121e-05,calm
2004-01-05,3.6180275572460165e-05,3.5042980315462e-05,calm
2004-01-06,3.6225925550992415e-05,1.996860427759956e-05,calm
2004-01-07,3.0242952817725272e-05,2.894911799578962e-05,calm
2004-01-08,3.5473388991982245e-05,3.1764671407365824e-05,calm
2004-01-09,3.7569115088351113e-05,6.887760581914288e-05,calm
2004-01-14,5.050206530366225e-05,2.1453890090610127e-05,calm
2004-01-15,3.404191124608865e-05,5.030325056194925e-05,calm
2004-01-16,4.67194158664543e-05,3.557575245891007e-05,calm
2004-01-20,4.271992270382481e-05,2.318480978541345e-05,calm
2004-01-21,3.719421915632788e-05,3.622873754930808e-05,calm
2004-01-22,3.919996945779098e-05,3.344119684036042e-05,calm
2004-01-23,3.9470559627567425e-05,3.714446672730906e-05,calm
2004-01-26,3.9710286975167985e-05,2.9493382477689325e-05,calm
2004-01-27,3.666410459584175e-05,2.8899870826598297e-05,calm
2004-01-28,3.699003666813025e-05,9.465898688401444e-05,calm
2004-01-29,6.0781914300582957e-05,8.060087997667982e-05,calm
2004-01-30,6.210570510415338e-05,5.2655363186854285e-05,calm
2004-02-02,5.590348095007441e-05,8.276496145781176e-05,calm
2004-02-03,7.076523805804768e-05,3.468135072140051e-05,calm
2004-02-04,5.570140823956878e-05,5.854818895978196e-05,calm
2004-02-05,6.172991356856061e-05,4.500600047418261e-05,calm
2004-02-06,5.449399740965285e-05,4.4750861202062913e-05,calm
2004-02-09,5.3635103531769276e-05,1.758705003074006e-05,calm
2004-02-10,3.7331773330630576e-05,2.396465451835885e-05,calm
2004-02-11,3.892896367008562e-05,4.493386620434971e-05,calm
2004-02-12,4.524810650204516e-05,2.165582981415501e-05,calm
2004-02-13,3.485462529088978e-05,4.805695896248099e-05,calm
2004-02-17,4.384472501851864e-05,4.373560722222403e-05,calm
2004-02-18,4.549470375382793e-05,1.7099794146549574e-05,calm
2004-02-19,3.465532517627745e-05,5.643173723016871e-05,calm
2004-02-20,4.917562429020774e-05,4.8976177165165696e-05,calm
2004-02-23,5.0007742235190855e-05,3.072271007076642e-05,calm
2004-02-24,4.2199461003106234e-05,4.1801528184928e-05,calm
2004-02-25,4.585679367260971e-05,1.814413350414673e-05,calm
2004-02-26,3.701003003594888e-05,1.812134613660537e-05,calm
2004-02-27,3.348823811610806e-05,3.457720143099171e-05,calm
2004-03-01,3.837184625346693e-05,3.30084047095964e-05,calm
2004-03-02,3.771010767839233e-05,3.633605420624729e-05,calm
2004-03-03,3.8057594603274615e-05,2.449546262963568e-05,calm
2004-03-04,3.4524732228165474e-05,1.2639581072143253e-05,calm
2004-03-05,2.849327287145015e-05,0.0001092408875262,calm
2004-03-08,6.244927908397682e-05,2.5753194154617617e-05,calm
2004-03-09,3.8064847876702584e-05,5.865012042754661e-05,calm
2004-03-10,5.056175353994722e-05,5.0182507177007154e-05,calm
2004-03-11,5.0751631982395496e-05,0.0001092176859828,calm
2004-03-12,7.753288393479603e-05,6.976664386808508e-05,calm
2004-03-15,6.408798110075563e-05,8.201414029738411e-05,calm
2004-03-16,7.372692677800822e-05,8.455166175668443e-05,calm
2004-03-17,7.73743765839392e-05,4.4586957281568565e-05,calm
2004-03-18,6.374832649424713e-05,7.043889686593408e-05,calm
2004-03-19,6.958061838950052e-05,3.9519041663780586e-05,calm
2004-03-22,5.6687006999983466e-05,0.0001255501692582,calm
2004-03-23,8.55014288203623e-05,6.745227909794062e-05,calm
2004-03-24,6.820842247526564e-05,8.841276147938639e-05,calm
2004-03-25,7.89790786663793e-05,6.424823288974736e-05,calm
2004-03-26,7.127025759340415e-05,3.2835975217664794e-05,calm
2004-03-29,5.9346820033693636e-05,3.178590567856294e-05,calm
2004-03-30,5.175844189601373e-05,3.857241432637164e-05,calm
2004-03-31,5.176441384231333e-05,3.750687919434624e-05,calm
2004-04-01,4.739403370269777e-05,8.258610605993663e-05,calm
2004-04-05,6.251589775810712e-05,2.769297575464312e-05,calm
2004-04-06,4.4871121650502136e-05,3.418841263492474e-05,calm
2004-04-07,4.7724262981136466e-05,9.234176137282728e-05,calm
2004-04-12,6.964814302688711e-05,4.071674296421818e-05,calm
2004-04-13,5.467598945157602e-05,6.425772176980446e-05,calm
2004-04-14,6.083452645897231e-05,5.9177641799387486e-05,calm
2004-04-15,6.268653580401706e-05,3.233748624242546e-05,calm
2004-04-19,5.26848877158043e-05,4.292417009478386e-05,calm
2004-04-20,5.240917367949989e-05,5.630832095346389e-05,calm
2004-04-21,5.798843434368687e-05,6.294623535973745e-05,calm
2004-04-22,5.974921061449935e-05,3.0357593841097723e-05,calm
2004-04-26,4.614330026460268e-05,4.660480074811698e-05,calm
2004-04-27,5.299188412937066e-05,5.451483881392403e-05,calm
2004-04-28,5.6677861947783107e-05,8.081043888820069e-05,calm
2004-04-29,6.611750710822689e-05,9.538382372455228e-05,calm
2004-05-03,7.295551380887833e-05,9.427150373557812e-05,calm
2004-05-04,7.911796521172125e-05,3.836488845782484e-05,calm
2004-05-05,6.013926269294212e-05,7.60281335211063e-05,calm
2004-05-06,7.499147896273655e-05,9.961025442733376e-05,calm
2004-05-10,8.393504804519662e-05,4.024072319311001e-05,calm
2004-05-11,6.0200104422489054e-05,0.0001274551552618,calm
2004-05-12,8.895634433417067e-05,8.209932131170614e-05,calm
2004-05-13,8.118801145473753e-05,9.621926843907416e-05,calm
2004-05-17,8.769752784936594e-05,3.9395953194299815e-05,calm
2004-05-18,6.361322621452207e-05,9.86686537030104e-05,calm
2004-05-19,8.824834839426488e-05,4.035178359879427e-05,calm
2004-05-20,6.214152953971908e-05,4.179290790636993e-05,calm
2004-05-24,5.891630313237959e-05,5.1230153682229495e-05,calm
2004-05-25,5.848396597692552e-05,2.7863456427608657e-05,calm
2004-05-26,4.884122502142148e-05,5.251121758073374e-05,calm
2004-05-27,5.403074829370438e-05,1.2069237764693068e-05,calm
2004-06-01,3.515362311827004e-05,3.385568310187234e-05,calm
2004-06-02,4.3031013754203826e-05,3.8072541896442985e-05,calm
2004-06-03,4.332727528331235e-05,6.317875897821396e-05,calm
2004-06-07,5.419492017276024e-05,2.672914921510409e-05,calm
2004-06-08,4.0006143721466825e-05,2.046498510355124e-05,calm
2004-06-09,3.827378763986053e-05,1.821254634582509e-05,calm
2004-06-14,3.5142631486181986e-05,6.083380699398143e-05,calm
2004-06-15,5.0718237665873355e-05,1.517046656254418e-05,calm
2004-06-16,3.103471724568723e-05,2.073575942602274e-05,calm
2004-06-17,3.226135230573156e-05,2.381136068270356e-05,calm
2004-06-21,3.3288771171581065e-05,2.6962590883066065e-05,calm
2004-06-22,3.522355515700648e-05,2.09011844040862e-05,calm
2004-06-23,2.9279517309221252e-05,1.9973600548683364e-05,calm
2004-06-24,2.910589389814701e-05,1.902370532555758e-05,calm
2004-06-28,2.812221757720806e-05,1.5675630722967488e-05,calm
2004-06-29,2.5800881353976177e-05,2.9324422786989645e-05,calm
2004-06-30,3.0289315979959108e-05,4.558847742042023e-05,calm
2004-07-01,3.72657243108571e-05,2.965733230799156e-05,calm
2004-07-06,3.35306530427436e-05,1.8665553469806154e-05,calm
2004-07-07,2.9425738032403763e-05,4.254086159008393e-05,calm
2004-07-08,3.9986346554143055e-05,4.270728226870934e-05,calm
2004-07-12,4.124632650717244e-05,8.971083163326272e-06,calm
2004-07-13,2.5153837480243467e-05,6.267228165025885e-05,calm
2004-07-14,4.527098516088786e-05,2.9659089386180835e-05,calm
2004-07-15,3.70076115332322e-05,3.768872433914414e-05,calm
2004-07-19,3.896834578748914e-05,3.930473556811868e-05,calm
2004-07-20,3.925786052526918e-05,5.874017661897356e-05,calm
2004-07-21,5.074423067817745e-05,8.039336687104356e-05,calm
2004-07-22,5.844514150673553e-05,5.332088284227309e-05,calm
2004-07-26,5.34392647026267e-05,4.178087958711557e-05,calm
2004-07-27,5.048103745648617e-05,7.185965149762403e-05,calm
2004-07-28,6.293995583436142e-05,4.283496445307457e-05,calm
2004-07-29,5.280182814449036e-05,2.8759359970082107e-05,calm
2004-08-02,4.341689312792453e-05,2.559403484988062e-05,calm
2004-08-03,3.96667305626865e-05,4.649421378265179e-05,calm
2004-08-04,4.723113310854506e-05,5.089524964613041e-05,calm
2004-08-05,4.717239210204025e-05,9.310910478276804e-05,calm
2004-08-09,6.307560982024656e-05,4.235918848575945e-05,calm
2004-08-10,5.057880535453542e-05,0.000106615456384,calm
2004-08-11,7.652966223610527e-05,5.057373518265611e-05,calm
2004-08-12,6.126455124970508e-05,4.433847293301378e-05,calm
2004-08-16,5.8741079131785345e-05,3.1006703684964066e-05,calm
2004-08-17,4.8523000042752676e-05,4.686626960269624e-05,calm
2004-08-18,5.4431456142002006e-05,3.815873751643198e-05,calm
2004-08-19,4.6683207763691586e-05,2.6390427188093405e-05,calm
2004-08-23,3.999230384106423e-05,3.4231125747722495e-05,calm
2004-08-24,4.1818899799580424e-05,2.759731053481776e-05,calm
2004-08-25,3.908124641274591e-05,1.5073402594493956e-05,calm
2004-08-26,3.087655324744015e-05,9.574371923892922e-06,calm
2004-08-30,2.5063766313054835e-05,2.8047606015009595e-05,calm
2004-08-31,3.194248027590539e-05,3.0425982182419896e-05,calm
2004-09-01,3.219551762263548e-05,1.9551714467397137e-05,calm
2004-09-02,2.76092026469331e-05,2.60606055105332e-05,calm
2004-09-07,3.0709190851339276e-05,2.274243297806097e-05,calm
2004-09-08,3.107752737869987e-05,3.1993060329525735e-05,calm
2004-09-09,3.4502769897897025e-05,2.897432488815208e-05,calm
2004-09-13,3.34248996201803e-05,1.434966281000752e-05,calm
2004-09-14,2.726027241049044e-05,2.2377523033820985e-05,calm
2004-09-15,2.9697747266490904e-05,1.2610326252627773e-05,calm
2004-09-16,2.438350075942302e-05,2.3171616920976163e-05,calm
2004-09-20,2.7318041788593953e-05,1.5660752281588137e-05,calm
2004-09-21,2.296664453180828e-05,5.7548189795053e-05,calm
2004-09-22,3.877308625543624e-05,2.677975782617993e-05,calm
2004-09-23,3.061161065853112e-05,1.723573894888711e-05,calm
2004-09-27,2.7734231175641763e-05,2.4010680108981e-05,calm
2004-09-28,3.0043684442530542e-05,2.4855104597581503e-05,calm
2004-09-29,3.1222860445072865e-05,2.8325689436875165e-05,calm
2004-09-30,3.0102466214579286e-05,3.3225022488154e-05,calm
2004-10-04,3.2161965271611075e-05,2.027711933198608e-05,calm
2004-10-05,2.8270978277325706e-05,1.6897573713299464e-05,calm
2004-10-06,2.6286697443745652e-05,1.61697043963027e-05,calm
2004-10-07,2.5173781215595954e-05,2.955327722998703e-05,calm
2004-10-12,2.9724837799608726e-05,4.373260934313432e-05,calm
2004-10-13,3.47034458459203e-05,2.6824084809833783e-05,calm
2004-10-14,3.054622648817226e-05,5.3230498235616505e-05,calm
2004-10-18,4.178448172259029e-05,3.3589967210355955e-05,calm
2004-10-19,3.82004496103017e-05,5.379510947431661e-05,calm
2004-10-20,4.657816742399546e-05,5.0166302303134735e-05,calm
2004-10-21,4.631275964125528e-05,3.627708272348647e-05,calm
2004-10-25,4.328432555276897e-05,3.938181052507464e-05,calm
2004-10-26,4.3215219578848e-05,4.707750723028362e-05,calm
2004-10-27,4.718392055881128e-05,3.445948108293571e-05,calm
2004-10-28,4.157998331604848e-05,2.9219276576608413e-05,calm
2004-11-01,3.804720159210708e-05,1.543053972137845e-05,calm
2004-11-02,3.0328788304041654e-05,4.7029373562063945e-05,calm
2004-11-03,4.158942926801492e-05,0.0002290475182417,calm
2004-11-04,9.536070462553799e-05,3.412224664175711e-05,calm
2004-11-05,4.88314135001636e-05,4.152233972752128e-05,calm
2004-11-08,5.281982618470682e-05,2.0279031954573085e-05,calm
2004-11-09,4.531039935230162e-05,2.337577289797733e-05,calm
2004-11-10,4.401065679264653e-05,2.72746346160913e-05,calm
2004-11-11,3.446634507319887e-05,2.183518996113652e-05,calm
2004-11-12,3.141870732045568e-05,1.4740762033689898e-05,calm
2004-11-15,2.6217930128025466e-05,2.7330807067689407e-05,calm
2004-11-16,3.131521063011056e-05,2.4022032195980648e-05,calm
2004-11-17,3.013647977585669e-05,4.764547939475519e-05,calm
2004-11-18,3.907017645645512e-05,1.807258079870548e-05,calm
2004-11-19,2.912943729132783e-05,3.339072756184021e-05,calm
2004-11-22,3.6282265318976413e-05,2.115910638294614e-05,calm
2004-11-23,3.1287265625856685e-05,2.8939995465948583e-05,calm
2004-11-24,3.4264240059978294e-05,1.817375054347309e-05,calm
2004-11-26,2.7770830640842858e-05,6.9294709887614594e-06,calm
2004-11-29,2.1213547641884062e-05,4.976157720190865e-05,calm
2004-11-30,3.647021297615231e-05,2.999450821740443e-05,calm
2004-12-01,3.187047873714388e-05,3.0809521325215374e-05,calm
2004-12-02,3.230086528696025e-05,2.6607529168391093e-05,calm
2004-12-03,3.198165106506184e-05,4.964696746638946e-05,calm
2004-12-06,4.372478292071862e-05,2.327480025736807e-05,calm
2004-12-07,3.2169983767735145e-05,3.7054910737959184e-05,calm
2004-12-08,3.7244250683525714e-05,2.5115345603359603e-05,calm
2004-12-09,3.274625688938466e-05,4.259258668109634e-05,calm
2004-12-10,3.981918988788528e-05,2.391305135215696e-05,calm
2004-12-13,3.170683884603397e-05,3.15896106008939e-05,calm
2004-12-14,3.505491309008788e-05,1.5006731717879218e-05,calm
2004-12-15,2.6991050516560505e-05,2.323479493696384e-05,calm
2004-12-16,2.9860293620667468e-05,3.356420948135235e-05,calm
2004-12-17,3.2399760855360275e-05,4.728763038046928e-05,calm
2004-12-20,3.854083630684202e-05,4.61617722939268e-05,calm
2004-12-21,3.95540484679718e-05,2.2023389781050527e-05,calm
2004-12-22,3.295019632251527e-05,1.7205482668070214e-05,calm
2004-12-23,3.026851419065317e-05,1.1091437024996344e-05,calm
2004-12-27,2.5236366843320264e-05,2.833356309595392e-05,calm
2004-12-28,2.9990045082445504e-05,1.9559380068330456e-05,calm
2004-12-29,2.496992750946382e-05,7.845495953125145e-06,calm
2004-12-30,1.886182824068954e-05,5.985971865798163e-06,calm
2004-12-31,1.634795970794742e-05,8.034036374705617e-06,calm
2005-01-03,1.6717979063123932e-05,4.5901741636569045e-05,calm
2005-01-04,2.9222243971825482e-05,4.811579241064164e-05,calm
2005-01-05,3.246506204712401e-05,4.540723082624014e-05,calm
2005-01-06,3.587488837642907e-05,3.700410634180749e-05,calm
2005-01-07,3.754330407053563e-05,3.716516076401826e-05,calm
2005-01-10,4.122136292994439e-05,2.966732963089849e-05,calm
2005-01-11,3.732869148534548e-05,2.9697495360681423e-05,calm
2005-01-12,3.5619839268149524e-05,5.238506417245631e-05,calm
2005-01-13,4.312689728470485e-05,2.5234357658269245e-05,calm
2005-01-14,3.37023936337715e-05,2.4280475471344816e-05,calm
2005-01-18,3.2253885010204814e-05,2.4500495574137305e-05,calm
2005-01-19,3.181986418507091e-05,1.9493173782438938e-05,calm
2005-01-20,2.8898791413644136e-05,5.444340367375013e-05,calm
2005-01-21,3.9430512033563485e-05,3.761664613891408e-05,calm
2005-01-24,3.6018400168888985e-05,4.570744942282567e-05,calm
2005-01-25,4.0565492318626074e-05,3.6899261144152046e-05,calm
2005-01-26,3.942863373960589e-05,3.8513412579391965e-05,calm
2005-01-27,4.224643766407036e-05,2.1584324942661908e-05,calm
2005-01-28,3.344849946893331e-05,2.993117401109172e-05,calm
2005-01-31,3.573694247860853e-05,4.431068050828149e-05,calm
2005-02-01,4.037790830031333e-05,1.4798225701036466e-05,calm
2005-02-02,2.8380176276261233e-05,1.9513862026098592e-05,calm
2005-02-03,2.8614571763584447e-05,2.469461371866069e-05,calm
2005-02-04,3.054288775020588e-05,1.8313395349065035e-05,calm
2005-02-07,2.6949463080181788e-05,1.1611466095387856e-05,calm
2005-02-08,2.127460209517129e-05,1.3232728308288593e-05,calm
2005-02-09,2.152730442496764e-05,2.573482651804878e-05,calm
2005-02-10,2.6196771626845554e-05,2.4809935186810416e-05,calm
2005-02-11,2.588500370580699e-05,3.52411713032392e-05,calm
2005-02-14,3.0530021071757736e-05,8.127278889610916e-06,calm
2005-02-15,2.0384649174829388e-05,1.4845581397811394e-05,calm
2005-02-16,2.3238892264569715e-05,2.019044949548738e-05,calm
2005-02-17,2.4556381683634653e-05,2.5371439544972893e-05,calm
2005-02-18,2.6246850451677125e-05,1.6333220822757518e-05,calm
2005-02-22,2.1647553850000653e-05,3.854942116817373e-05,calm
2005-02-23,3.1251931806559216e-05,3.4154610296020106e-05,calm
2005-02-24,3.1998723285188375e-05,3.543161090446478e-05,calm
2005-02-25,3.3785511062509656e-05,2.27423891499525e-05,calm
2005-02-28,2.940930943561391e-05,2.9104739696092604e-05,calm
2005-03-01,3.274800858885391e-05,2.795330027000681e-05,calm
2005-03-02,3.150353833547064e-05,5.0283135564015925e-05,calm
2005-03-03,3.94061918951192e-05,3.476102448657902e-05,calm
2005-03-04,3.4922637163769387e-05,3.558380653537219e-05,calm
2005-03-07,3.664677297906342e-05,1.6634682415824848e-05,calm
2005-03-08,2.880972756902509e-05,2.1564919077918577e-05,calm
2005-03-09,2.9963013930221615e-05,3.612923278728716e-05,calm
2005-03-10,3.3648689547588266e-05,3.912634524845677e-05,calm
2005-03-11,3.5162459993974775e-05,4.1900997244965184e-05,calm
2005-03-14,3.6774928397821454e-05,2.455732000593863e-05,calm
2005-03-15,3.233741054339017e-05,2.7189369947552305e-05,calm
2005-03-16,3.3812894959204524e-05,3.5446681546016244e-05,calm
2005-03-17,3.636545665729393e-05,2.198304963572684e-05,calm
2005-03-18,3.054895883595932e-05,2.9838831792945063e-05,calm
2005-03-21,3.2274681614455446e-05,3.986068960539432e-05,calm
2005-03-22,3.685675937790297e-05,5.4828154501861945e-05,calm
2005-03-23,4.3719553073548e-05,3.629022295562797e-05,calm
2005-03-24,3.871697876057835e-05,3.007413768403363e-05,calm
2005-03-28,3.750836807820445e-05,3.997856429236904e-05,calm
2005-03-29,4.1661933318386836e-05,3.314672438760096e-05,calm
2005-03-30,3.88624077890289e-05,2.339500531760073e-05,calm
2005-03-31,3.2837338700329316e-05,7.812622258153005e-05,calm
2005-04-04,5.19059301618585e-05,2.999979125429709e-05,calm
2005-04-05,3.847898250597893e-05,3.059247858653413e-05,calm
2005-04-06,3.7634563782252985e-05,1.9685348575702457e-05,calm
2005-04-07,3.2231221598053245e-05,2.0843878319823105e-05,calm
2005-04-11,3.2231410910763115e-05,4.612551477471924e-05,calm
2005-04-12,3.822029353009722e-05,3.5082507729446465e-05,calm
2005-04-13,3.568646879201817e-05,5.496686708050335e-05,calm
2005-04-14,4.353083138325476e-05,7.690490710534502e-05,calm
2005-04-18,5.490136589234728e-05,4.662886915754695e-05,calm
2005-04-19,4.947628969544175e-05,6.187588958799296e-05,calm
2005-04-20,5.56990537197143e-05,9.899925296468038e-05,calm
2005-04-21,7.196711614420361e-05,8.387154474053629e-05,calm
2005-04-25,7.106907179082611e-05,4.090027441636769e-05,calm
2005-04-26,5.487294858331e-05,6.019719051789494e-05,calm
2005-04-27,6.264752022109604e-05,5.632380158684504e-05,calm
2005-04-28,6.109904451906288e-05,8.969823386297989e-05,calm
2005-05-02,7.020119322303813e-05,8.435956105689265e-05,calm
2005-05-03,6.927753176030423e-05,4.082708713099356e-05,calm
2005-05-04,5.619862350389681e-05,6.433774512715805e-05,calm
2005-05-05,6.430796097212537e-05,3.8724063986449417e-05,calm
2005-05-09,5.435848515315472e-05,5.877995875066447e-05,calm
2005-05-10,5.8762032786896134e-05,4.273662622014396e-05,calm
2005-05-11,5.0063454792685104e-05,4.763067827268298e-05,calm
2005-05-12,5.2424676533252696e-05,8.026906814221484e-05,calm
2005-05-16,6.34383058751877e-05,3.313599100492888e-05,calm
2005-05-17,4.874424058360609e-05,4.315829224971817e-05,calm
2005-05-18,5.0998568367641514e-05,2.511539532305968e-05,calm
2005-05-19,4.259664731919643e-05,2.051845986491614e-05,calm
2005-05-23,3.79235193520857e-05,2.849458714009533e-05,calm
2005-05-24,3.670700374449937e-05,1.923418569807457e-05,calm
2005-05-25,3.1520262331554554e-05,1.896315609791601e-05,calm
2005-05-26,2.8997779168206664e-05,6.953594843349292e-06,calm
2005-05-31,2.1273319432012052e-05,4.6049230549069547e-05,calm
2005-06-01,3.632155514417478e-05,2.1572037012082583e-05,calm
2005-06-02,2.7969768489259492e-05,2.600903120366915e-05,calm
2005-06-06,2.9990685797056238e-05,3.879277790136503e-05,calm
2005-06-07,3.560995114683578e-05,1.908267867937516e-05,calm
2005-06-08,3.0710018877768505e-05,3.383439282639542e-05,calm
2005-06-09,3.428048001438673e-05,1.849932983329848e-05,calm
2005-06-13,2.8433171601436833e-05,2.0947875074852103e-05,calm
2005-06-14,2.8630968909886915e-05,3.092141533222931e-05,calm
2005-06-15,3.094591262541385e-05,1.7812457179554253e-05,calm
2005-06-16,2.6351978410259677e-05,3.0575434205190355e-05,calm
2005-06-20,3.0016867612106672e-05,1.8882020747211664e-05,calm
2005-06-21,2.6129083984914404e-05,3.133421211333544e-05,calm
2005-06-22,3.095988806540044e-05,3.825981399979101e-05,calm
2005-06-23,3.3324637251622335e-05,2.4366261268762982e-05,calm
2005-06-27,2.9794443556042244e-05,1.791375935592916e-05,calm
2005-06-28,2.6132260856179674e-05,1.6968793232364282e-05,calm
2005-06-29,2.5486775857881003e-05,3.111782425387137e-05,calm
2005-06-30,3.0125554604513583e-05,3.2985587000091137e-05,calm
2005-07-05,3.027083864374802e-05,2.2667685602973467e-05,calm
2005-07-06,2.700639704228809e-05,8.381835669036773e-05,calm
2005-07-07,4.880227672931666e-05,2.0852249796776843e-05,calm
2005-07-11,3.226565118684339e-05,2.2023717503727743e-05,calm
2005-07-12,3.156808821325004e-05,1.4936253059586477e-05,calm
2005-07-13,2.698966440919822e-05,4.8912138019135416e-05,calm
2005-07-14,4.017186960834476e-05,1.2216940879486834e-05,calm
2005-07-18,2.2767662731698202e-05,3.368803054471808e-05,calm
2005-07-19,3.109627397647346e-05,3.06600303744555e-05,calm
2005-07-20,3.1036915328969005e-05,5.317992325315859e-05,calm
2005-07-21,4.1258348173202065e-05,2.015624366034149e-05,calm
2005-07-25,2.8832376614997144e-05,2.249484137344417e-05,calm
2005-07-26,3.077697161532802e-05,1.9861688987419822e-05,calm
2005-07-27,2.854066743651527e-05,2.0693676357483468e-05,calm
2005-07-28,2.7784957314770814e-05,1.5163854141479549e-05,calm
2005-08-01,2.2727062200804285e-05,1.2862996648590173e-05,calm
2005-08-02,2.0942230962707964e-05,1.2566415835997024e-05,calm
2005-08-03,1.9643692942209094e-05,1.613325908824546e-05,calm
2005-08-04,2.0457435016563703e-05,1.958530009370837e-05,calm
2005-08-08,2.1472194633954858e-05,3.086216032325034e-05,calm
2005-08-09,2.6316577715583194e-05,4.6928743703113045e-05,calm
2005-08-10,3.3860466316763216e-05,3.3728975472054104e-05,calm
2005-08-11,3.265042478160315e-05,2.8574747264927967e-05,calm
2005-08-15,3.2496811874658514e-05,2.96828932659976e-05,calm
2005-08-16,3.3532834761121836e-05,3.0370486727722663e-05,calm
2005-08-17,3.378565520471114e-05,2.700724558616188e-05,calm
2005-08-18,3.1079410805617807e-05,1.8581822715203723e-05,calm
2005-08-22,2.6837895462781085e-05,2.179799532853289e-05,calm
2005-08-23,2.7093560742032746e-05,3.658470099731825e-05,calm
2005-08-24,3.236963842219881e-05,1.5997436972118984e-05,calm
2005-08-25,2.4314479730085373e-05,3.063198071331879e-05,calm
2005-08-29,2.9325271977510617e-05,5.07387240882254e-05,calm
2005-08-30,3.7669675670979075e-05,5.462548502244964e-05,calm
2005-08-31,4.208335204535777e-05,5.610150949666649e-05,calm
2005-09-01,4.4497018486744746e-05,2.281686464852555e-05,calm
2005-09-06,3.524792591405269e-05,1.6159575246402022e-05,calm
2005-09-07,3.100732206542483e-05,1.972800316256676e-05,calm
2005-09-08,2.9769934156039224e-05,1.8209318336989488e-05,calm
2005-09-12,2.6317141560867994e-05,2.356127647573038e-05,calm
2005-09-13,2.580892695957471e-05,2.453604912012196e-05,calm
2005-09-14,2.6348684916470523e-05,3.164011968956482e-05,calm
2005-09-15,3.0096130474243962e-05,2.7880285094037205e-05,calm
2005-09-19,2.9762983578981036e-05,3.740111023942561e-05,calm
2005-09-20,3.4368171842730936e-05,3.457724285097569e-05,calm
2005-09-21,3.462697425226495e-05,5.148428271294945e-05,calm
2005-09-22,4.203841417124327e-05,2.466406603103198e-05,calm
2005-09-26,3.321920987772765e-05,3.200960538273306e-05,calm
2005-09-27,3.6036271112011325e-05,2.598506303239372e-05,calm
2005-09-28,3.2994167319704596e-05,4.144167384861928e-05,calm
2005-09-29,3.856332575621492e-05,1.9014888745876485e-05,calm
2005-10-03,2.850362990898148e-05,3.759356113683181e-05,calm
2005-10-04,3.562661395256693e-05,5.848447156697858e-05,calm
2005-10-05,4.3937799794302716e-05,0.0001003484682485,calm
2005-10-06,6.104971674529355e-05,4.514731813742246e-05,calm
2005-10-10,4.697651487778438e-05,5.726968858401061e-05,calm
2005-10-11,5.465613033136846e-05,7.76256646249013e-05,calm
2005-10-12,6.422062153733307e-05,9.162665707017618e-05,calm
2005-10-13,7.149101876533152e-05,6.765931071258134e-05,calm
2005-10-17,6.290399723466341e-05,3.0089507799808705e-05,calm
2005-10-18,4.918143106415206e-05,7.918817896031006e-05,calm
2005-10-19,6.700004474836619e-05,9.591824121340194e-05,calm
2005-10-20,7.365420264638216e-05,8.151648544295895e-05,calm
2005-10-24,6.9592709615065e-05,4.71695635441993e-05,calm
2005-10-25,5.761099803857567e-05,6.579726674142392e-05,calm
2005-10-26,6.751327021535368e-05,3.3405306250097035e-05,calm
2005-10-27,5.245380737409566e-05,7.62132467527258e-05,calm
2005-10-31,6.474112432721e-05,3.806864662807372e-05,calm
2005-11-01,4.9348568469438686e-05,2.071472277347303e-05,calm
2005-11-02,4.011303836647463e-05,2.78925007247656e-05,calm
2005-11-03,3.959320346545673e-05,3.846580900875449e-05,calm
2005-11-04,4.371262314532778e-05,3.145858659111887e-05,calm
2005-11-07,3.781629518464688e-05,2.405023865787716e-05,calm
2005-11-08,3.3993839778964675e-05,2.551137965097868e-05,calm
2005-11-09,3.4902161175769026e-05,2.5009885733389208e-05,calm
2005-11-10,3.415312587920908e-05,4.20688067707311e-05,calm
2005-11-11,3.944406030385624e-05,5.921464730879728e-06,calm
2005-11-14,2.2615191803711588e-05,1.5318954687525145e-05,calm
2005-11-15,2.5719075924832714e-05,2.532872748613692e-05,calm
2005-11-16,2.882492011834849e-05,2.319535882927661e-05,calm
2005-11-17,2.7534796297323474e-05,2.2121223384277625e-05,calm
2005-11-18,2.5234040188391764e-05,2.884746034356546e-05,calm
2005-11-21,3.0077987817110868e-05,1.5727193075837816e-05,calm
2005-11-22,2.529824294517838e-05,2.136779765765257e-05,calm
2005-11-23,2.6450697655180133e-05,1.3935917524098171e-05,calm
2005-11-25,2.2428511172539856e-05,5.292996952738535e-06,calm
2005-11-28,1.6423810430800612e-05,1.6452394237746657e-05,calm
2005-11-29,1.9534448595609498e-05,3.336847674191574e-05,calm
2005-11-30,2.5957510032034353e-05,3.0834080480860925e-05,calm
2005-12-01,2.5876614436204736e-05,4.791793888147823e-05,calm
2005-12-02,3.3518560123998344e-05,1.310105167709827e-05,calm
2005-12-05,2.418773460901848e-05,1.920120215506316e-05,calm
2005-12-06,2.6667414735033192e-05,3.2799740667172914e-05,calm
2005-12-07,3.085554978724936e-05,2.8351917133695523e-05,calm
2005-12-08,2.9293730957005985e-05,4.0919003996538864e-05,calm
2005-12-09,3.2453194284644493e-05,2.210568464310617e-05,calm
2005-12-12,2.7961480437966773e-05,2.0975064420046447e-05,calm
2005-12-13,2.771563541251165e-05,2.5940166378021988e-05,calm
2005-12-14,2.859364773848572e-05,1.9782026586472794e-05,calm
2005-12-15,2.593454975937332e-05,2.1261330076920137e-05,calm
2005-12-16,2.485310991810186e-05,2.079832551752129e-05,calm
2005-12-19,2.453066886138847e-05,2.0906488258439613e-05,calm
2005-12-20,2.4530710191365715e-05,1.700886300234145e-05,calm
2005-12-21,2.2341136642945448e-05,3.322462060617423e-05,calm
2005-12-22,2.8466499735598343e-05,1.4802547841585071e-05,calm
2005-12-23,2.2053138452306183e-05,6.242016936010334e-06,calm
2005-12-27,1.6720325237361713e-05,3.080193763460183e-05,calm
2005-12-28,2.598615700364661e-05,1.3347128501126844e-05,calm
2005-12-29,2.0282010652637772e-05,1.5030119589318696e-05,calm
2005-12-30,1.9332531404256174e-05,2.7625515164712065e-05,calm
2006-01-03,2.4288290795570043e-05,6.550958226986926e-05,calm
2006-01-04,3.9668389815293814e-05,2.99964857988114e-05,calm
2006-01-05,3.0293964160573083e-05,2.00727538030809e-05,calm
2006-01-06,2.7974220859266907e-05,5.783084066735448e-05,calm
2006-01-09,4.327372774726582e-05,1.2946303918073402e-05,calm
2006-01-10,2.72920928544933e-05,2.454498754089105e-05,calm
2006-01-11,2.849110675644669e-05,1.9371220562194148e-05,calm
2006-01-12,2.559687239680305e-05,1.3941632730994012e-05,calm
2006-01-13,2.2892486299297482e-05,1.803288757845814e-05,calm
2006-01-17,2.1439622873118625e-05,2.525145744680113e-05,calm
2006-01-18,2.4882370265756766e-05,3.1789174910290275e-05,calm
2006-01-19,2.7477434758793553e-05,2.2086407803363955e-05,calm
2006-01-20,2.491554376957625e-05,4.164286758383666e-05,calm
2006-01-23,3.3311354928469156e-05,2.390481474959569e-05,calm
2006-01-24,2.8829161003039366e-05,2.696126189647672e-05,calm
2006-01-25,3.00569022056069e-05,6.032708418760052e-05,calm
2006-01-26,4.16478824056275e-05,5.4023824152919454e-05,calm
2006-01-27,4.3565544342162397e-05,2.657714534350269e-05,calm
2006-01-30,3.4301547348392456e-05,1.0909909929678137e-05,calm
2006-01-31,2.6459974662340306e-05,2.715620021860394e-05,calm
2006-02-01,3.2742366788813866e-05,3.478004094315291e-05,calm
2006-02-02,3.334584365646e-05,4.0408698199216375e-05,calm
2006-02-03,3.4005878416225735e-05,5.241333903434699e-05,calm
2006-02-06,3.936369638216929e-05,2.243148605695374e-05,calm
2006-02-07,3.197635303730293e-05,4.118616951794815e-05,calm
2006-02-08,3.939612608406697e-05,1.9398040215845905e-05,calm
2006-02-09,3.0457377332616067e-05,2.2015184183145293e-05,calm
2006-02-10,2.983663080122042e-05,4.1278649442193335e-05,calm
2006-02-13,3.4980586120844805e-05,2.178121159393728e-05,calm
2006-02-14,2.9056730000352804e-05,2.7002608132455776e-05,calm
2006-02-15,2.9693618396956592e-05,4.136803863061303e-05,calm
2006-02-16,3.618287060805582e-05,1.288318362253558e-05,calm
2006-02-17,2.5636997965025843e-05,1.078149890078717e-05,calm
2006-02-21,2.1788266501640653e-05,2.613943204010344e-05,calm
2006-02-22,2.7576146454371347e-05,1.8268895804869863e-05,calm
2006-02-23,2.4020664624117477e-05,2.755517345759565e-05,calm
2006-02-24,2.586862877127054e-05,1.349439143439122e-05,calm
2006-02-27,2.1286413221074477e-05,1.580164274883552e-05,calm
2006-02-28,2.2380485937912118e-05,3.50421813868333e-05,calm
2006-03-01,2.8791112603724772e-05,1.695468786804152e-05,calm
2006-03-02,2.3136135698184613e-05,3.0247823247216044e-05,calm
2006-03-03,2.7660372127196285e-05,3.851043258183827e-05,calm
2006-03-06,3.254376619350949e-05,2.638660774327473e-05,calm
2006-03-07,3.010701016509139e-05,3.0281178682311728e-05,calm
2006-03-08,3.080171033446204e-05,3.260250452562999e-05,calm
2006-03-09,3.2958523386753925e-05,1.879239112449381e-05,calm
2006-03-10,2.7309865343540516e-05,3.3172003336672044e-05,calm
2006-03-13,3.13621531627568e-05,1.8379906091064248e-05,calm
2006-03-14,2.5883410601635625e-05,1.7343582482868603e-05,calm
2006-03-15,2.425636454120103e-05,1.4774229330184016e-05,calm
2006-03-16,2.1518617161206227e-05,2.078524109804008e-05,calm
2006-03-17,2.3701242157108106e-05,1.1901484888850126e-05,calm
2006-03-20,1.86348607781896e-05,1.6749856394326092e-05,calm
2006-03-21,1.9961549830183652e-05,2.4461627228568748e-05,calm
2006-03-22,2.3057608251865616e-05,1.8461006909594467e-05,calm
2006-03-23,2.1708013378054306e-05,1.883971043070543e-05,calm
2006-03-24,2.1577524014139836e-05,1.7053066159512233e-05,calm
2006-03-27,2.1546993092425328e-05,3.095024450966714e-05,calm
2006-03-28,2.704333841332154e-05,2.4142056492579336e-05,calm
2006-03-29,2.5164245833431677e-05,3.858341530803866e-05,calm
2006-03-30,3.1268917194016476e-05,2.455841313999867e-05,calm
2006-04-03,2.775263584805498e-05,2.7103277161483296e-05,calm
2006-04-04,2.9677982787392385e-05,2.5010793987869663e-05,calm
2006-04-05,2.8428395499914824e-05,2.431446065117456e-05,calm
2006-04-06,2.810046312441921e-05,4.921028090193077e-05,calm
2006-04-10,3.606609325048578e-05,4.039460873516393e-05,calm
2006-04-11,3.53479073145331e-05,2.017601665360685e-05,calm
2006-04-12,2.830093823140444e-05,2.3542130582969885e-05,calm
2006-04-17,2.93329518564043e-05,5.889939146255047e-05,calm
2006-04-18,4.241861918146793e-05,3.358045596543012e-05,calm
2006-04-19,3.436999246876397e-05,3.70580299545061e-05,calm
2006-04-20,3.5301406416485846e-05,2.884519803163854e-05,calm
2006-04-24,3.389849169351178e-05,3.06228595817359e-05,calm
2006-04-25,3.527576368781071e-05,4.206147676224752e-05,calm
2006-04-26,3.768986726553144e-05,0.0001157893059911,calm
2006-04-27,6.252447470346629e-05,2.395760681170949e-05,calm
2006-05-01,3.6880879742711547e-05,2.6729858019605345e-05,calm
2006-05-02,3.771509495696266e-05,2.253747380875809e-05,calm
2006-05-03,3.537537087121615e-05,1.9101556159692538e-05,calm
2006-05-04,3.1882512393077075e-05,3.581759893345211e-05,calm
2006-05-08,3.243704418542145e-05,5.2811202004674094e-06,calm
2006-05-09,1.895595405035891e-05,2.545807792597465e-05,calm
2006-05-10,2.6400710358254378e-05,3.4688910732961645e-05,calm
2006-05-11,3.0221791094944344e-05,7.03465158033034e-05,calm
2006-05-15,4.386225160253228e-05,2.967451301973849e-05,calm
2006-05-16,3.266306985098488e-05,8.62964180647739e-05,calm
2006-05-17,5.6402020004748874e-05,5.775689710853748e-05,calm
2006-05-18,5.2564302858053544e-05,8.85207010353377e-05,calm
2006-05-22,6.602851557701125e-05,7.474737073904105e-05,calm
2006-05-23,6.3404407142157e-05,0.0001568220245815,calm
2006-05-24,9.625581022502839e-05,4.735913249411477e-05,calm
2006-05-25,6.287179708947831e-05,1.4269276366805604e-05,calm
2006-05-30,4.418400185298743e-05,6.797333263303817e-05,calm
2006-05-31,6.200608556938445e-05,4.05155030058163e-05,calm
2006-06-01,5.079973194828853e-05,5.4485833040060406e-05,calm
2006-06-05,4.8719828139989085e-05,9.813495007227456e-05,calm
2006-06-06,6.43592400914596e-05,6.42049480740768e-05,calm
2006-06-07,6.121057508612479e-05,0.0001609976568298,calm
2006-06-08,9.338841271471377e-05,5.848441991708481e-05,calm
2006-06-12,6.930057130262197e-05,0.0001551810673886,calm
2006-06-13,0.00010516658995199096,8.929928043441164e-05,calm
2006-06-14,8.80323108885724e-05,6.837686572454833e-05,calm
2006-06-15,8.245517935026078e-05,4.456046311560157e-05,calm
2006-06-19,6.575682727186544e-05,4.161435722005943e-05,calm
2006-06-20,6.313807854840937e-05,3.980550592975142e-05,calm
2006-06-21,5.4099341246318446e-05,3.907099249013956e-05,calm
2006-06-22,4.944591685698925e-05,5.182735232282784e-05,calm
2006-06-26,5.225294116606193e-05,3.15743620689587e-05,calm
2006-06-27,4.406476838200166e-05,2.969139376904296e-05,calm
2006-06-28,4.196456521884734e-05,9.942451819995536e-05,calm
2006-06-29,6.619668107713019e-05,2.5934256244406105e-05,calm
2006-07-05,4.3247756404049294e-05,2.973056588367171e-05,calm
2006-07-06,4.1739493266417344e-05,3.229603863295765e-05,calm
2006-07-10,4.253583616348567e-05,3.95611976834746e-05,calm
2006-07-11,4.618207265455353e-05,2.916054476288056e-05,calm
2006-07-12,3.7196400793166594e-05,5.791651198532688e-05,calm
2006-07-13,4.87433125234335e-05,7.669155188587427e-05,calm
2006-07-17,5.817587170166159e-05,7.751915591055189e-05,calm
2006-07-18,6.261671963155533e-05,8.937524434491545e-05,calm
2006-07-19,7.056577457626779e-05,3.443352985324364e-05,calm
2006-07-20,5.379853020783111e-05,7.415385800959147e-05,calm
2006-07-24,6.779156951132933e-05,5.6479841502276246e-05,calm
2006-07-25,6.0204940939851854e-05,4.4996953590506045e-05,calm
2006-07-26,5.344992107865141e-05,5.98007417014539e-05,calm
2006-07-27,5.5513115735037326e-05,5.050025682248678e-05,calm
2006-07-31,5.450650592827242e-05,3.4875652513479095e-05,calm
2006-08-01,4.6028789451262764e-05,4.157416794592438e-05,calm
2006-08-02,4.6888143761817327e-05,5.576825352845317e-05,calm
2006-08-03,5.218366842597102e-05,4.629293118546689e-05,calm
2006-08-07,4.8210771943876735e-05,7.044880302316272e-05,calm
2006-08-08,5.6959430076236785e-05,7.272535548833909e-05,calm
2006-08-09,6.16127476887356e-05,4.60069380914304e-05,calm
2006-08-10,5.390888486551224e-05,2.346482587576496e-05,calm
2006-08-14,4.27407050705013e-05,6.035608618960762e-05,calm
2006-08-15,5.62161010681974e-05,2.03979011558099e-05,calm
2006-08-16,3.8332964301526547e-05,1.7628337647109112e-05,calm
2006-08-17,3.237194685227221e-05,1.5944874786718075e-05,calm
2006-08-21,2.8779015610961773e-05,1.79286418692486e-05,calm
2006-08-22,2.860681042253606e-05,1.713952015572996e-05,calm
2006-08-23,2.4529616434623105e-05,2.274404560423668e-05,calm
2006-08-24,2.6248679433503477e-05,1.481886371278123e-05,calm
2006-08-28,2.2769954342875916e-05,1.8437567600561787e-05,calm
2006-08-29,2.4145894601846456e-05,1.591014999393216e-05,calm
2006-08-30,2.2662903859785663e-05,8.65709378512243e-06,calm
2006-08-31,1.8522760487456628e-05,2.6818486129431844e-05,calm
2006-09-05,2.482002528475494e-05,2.255588632588384e-05,calm
2006-09-06,2.4120702514810294e-05,3.645449597785752e-05,calm
2006-09-07,2.956178504857146e-05,1.77815129335666e-05,calm
2006-09-11,2.4103853380453647e-05,2.016111071276435e-05,calm
2006-09-12,2.6123342764242286e-05,1.2830292710308151e-05,calm
2006-09-13,2.177112967961872e-05,1.3596267154475135e-05,calm
2006-09-14,2.0904065831406497e-05,2.812030605765717e-05,calm
2006-09-18,2.4519326859964608e-05,1.9445172853326387e-05,calm
2006-09-19,2.1823022530202534e-05,3.690597187038145e-05,calm
2006-09-20,2.8054095084804748e-05,3.333717340972816e-05,calm
2006-09-21,2.9325070918240025e-05,1.849905728730936e-05,calm
2006-09-25,2.5085778966881234e-05,2.887975121088769e-05,calm
2006-09-26,2.8475343113296046e-05,3.2985468982108414e-05,calm
2006-09-27,3.1118685130729516e-05,1.6545772860181013e-05,calm
2006-09-28,2.407438173137724e-05,1.0293680786142047e-05,calm
2006-10-02,1.9470055391129107e-05,2.459948531719992e-05,calm
2006-10-03,2.4913107661852117e-05,2.021121121287753e-05,calm
2006-10-04,2.278646629714343e-05,1.3167416455492236e-05,calm
2006-10-05,1.8715455961544484e-05,3.344378818346737e-05,calm
2006-10-09,2.626459710600344e-05,1.3741346810826676e-05,calm
2006-10-10,2.0787923284606378e-05,2.6617363814731348e-05,calm
2006-10-11,2.5212062105727118e-05,1.7547872528740184e-05,calm
2006-10-12,2.2096814138739023e-05,9.480284530419702e-06,calm
2006-10-16,1.857793113661639e-05,2.1669666464013374e-05,calm
2006-10-17,2.168168534624515e-05,4.960183098900495e-05,calm
2006-10-18,3.228549543108665e-05,1.3102452103515802e-05,calm
2006-10-19,2.0565260071409128e-05,7.90081222346207e-06,calm
2006-10-23,1.73489539414233e-05,2.762893771212448e-05,calm
2006-10-24,2.5899568899816315e-05,2.645585013212175e-05,calm
2006-10-25,2.6000570840955707e-05,2.3009711979618304e-05,calm
2006-10-26,2.302626313420462e-05,3.3174159319324787e-05,calm
2006-10-30,2.7778556992014534e-05,1.400395233979828e-05,calm
2006-10-31,2.253609569003531e-05,2.593756798935709e-05,calm
2006-11-01,2.634631504557001e-05,2.2409210064207608e-05,calm
2006-11-02,2.485226214897792e-05,1.907591747092852e-05,calm
2006-11-03,2.329821868046858e-05,3.84824497741386e-05,calm
2006-11-06,2.939471680554116e-05,2.575225841074673e-05,calm
2006-11-07,2.7349582261333924e-05,1.9582880941686183e-05,calm
2006-11-08,2.4747464721208908e-05,4.010187070325331e-05,calm
2006-11-09,3.2393845034534466e-05,2.481675346570893e-05,calm
2006-11-10,2.878673456345692e-05,1.5874688052641962e-05,calm
2006-11-13,2.3592642479214714e-05,1.5851757550240773e-05,calm
2006-11-14,2.2645406629867433e-05,3.682463489218845e-05,calm
2006-11-15,3.0508116724290867e-05,1.429141470808222e-05,calm
2006-11-16,2.1366861270236372e-05,2.051446661559993e-05,calm
2006-11-17,2.315264583659675e-05,2.3658367242021745e-05,calm
2006-11-20,2.490203225861203e-05,1.698261692727839e-05,calm
2006-11-21,2.2656506648779728e-05,7.919128775626147e-06,calm
2006-11-22,1.6616842922498526e-05,1.2395649020698937e-05,calm
2006-11-24,1.8177711465576976e-05,2.918951148667347e-05,calm
2006-11-27,2.393445565412684e-05,3.784938065208794e-05,calm
2006-11-28,2.743125435874486e-05,4.007236225495033e-05,calm
2006-11-29,3.0293437218334924e-05,4.1322339703193765e-05,calm
2006-11-30,3.4401696165257804e-05,5.123420871721887e-05,calm
2006-12-01,4.144119511656181e-05,5.7338192957518384e-05,calm
2006-12-04,4.593446583041942e-05,2.327657097184121e-05,calm
2006-12-05,3.42811538549643e-05,2.1846295878807715e-05,calm
2006-12-06,3.2064060279327404e-05,9.790503918683016e-06,calm
2006-12-07,2.3847623914582003e-05,2.341876127661348e-05,calm
2006-12-08,2.675924238613315e-05,2.109560165167e-05,calm
2006-12-11,2.337462894957005e-05,8.6464042193481e-06,calm
2006-12-12,1.72225825514434e-05,2.478747087996112e-05,calm
2006-12-13,2.278891784727447e-05,2.62868027670106e-05,calm
2006-12-14,2.507020263516085e-05,2.005888547004301e-05,calm
2006-12-15,2.293522074434936e-05,1.9756140469778264e-05,calm
2006-12-18,2.2570431413332147e-05,1.2583725798421445e-05,calm
2006-12-19,2.0606032810109236e-05,3.028768990137271e-05,calm
2006-12-20,2.670285233176499e-05,7.206939785982116e-06,calm
2006-12-21,1.683529552662394e-05,1.9571446912611223e-05,calm
2006-12-22,2.1237410160084902e-05,2.118569427641668e-05,calm
2006-12-26,2.200297579079583e-05,6.508273715781892e-06,calm
2006-12-27,1.593123654843321e-05,2.118140642885569e-05,calm
2006-12-28,2.0265266207380016e-05,1.0933785934001245e-05,calm
2006-12-29,1.7246364026504054e-05,2.253133446825217e-05,calm
2007-01-03,2.10482291764733e-05,4.506079774052098e-05,calm
2007-01-04,2.8688703231442497e-05,4.229880145404546e-05,calm
2007-01-05,3.188642502969612e-05,3.960850137609532e-05,calm
2007-01-08,3.279896848921056e-05,3.369348123099182e-05,calm
2007-01-09,3.3844128843404014e-05,3.114137600355407e-05,calm
2007-01-10,3.40431304940125e-05,2.8498001912115327e-05,calm
2007-01-11,3.2029561469260274e-05,1.5174741643015502e-05,calm
2007-01-12,2.492877069826105e-05,1.298669968860314e-05,calm
2007-01-16,2.1671742369791504e-05,1.4157693272464276e-05,calm
2007-01-17,2.0475465872177525e-05,2.2365817187239105e-05,calm
2007-01-18,2.2368448390719028e-05,2.494821111320507e-05,calm
2007-01-19,2.280708105209419e-05,1.1403669752408372e-05,calm
2007-01-22,1.801336041930986e-05,1.830673551002677e-05,calm
2007-01-23,2.0854732864206804e-05,1.907113262541366e-05,calm
2007-01-24,2.1657097933437296e-05,1.7021418873956373e-05,calm
2007-01-25,2.0393465941626105e-05,2.159931327926243e-05,calm
2007-01-26,2.1671455515933116e-05,3.294252626735421e-05,calm
2007-01-29,2.703413581976363e-05,2.062511217250769e-05,calm
2007-01-30,2.372904906964529e-05,2.216011759801403e-05,calm
2007-01-31,2.469542540421494e-05,4.128144982272786e-05,calm
2007-02-01,3.243996305745156e-05,2.226116152493081e-05,calm
2007-02-02,2.719262036156663e-05,1.2829747924856592e-05,calm
2007-02-05,2.1871992994603852e-05,9.343912885651973e-06,calm
2007-02-06,1.8963239675106677e-05,1.0713033410875672e-05,calm
2007-02-07,1.8135375935363522e-05,1.0814209798654906e-05,calm
2007-02-08,1.5633080429559064e-05,2.755677375575885e-05,calm
2007-02-09,2.090942208464509e-05,2.742613083686676e-05,calm
2007-02-12,2.2231309401200404e-05,1.1972466046714771e-05,calm
2007-02-13,1.773786939821064e-05,2.104434029758367e-05,calm
2007-02-14,2.177075483513957e-05,2.4845864324328635e-05,calm
2007-02-15,2.44700662872442e-05,9.34903373839985e-06,calm
2007-02-16,1.7452682525153428e-05,9.545006692153727e-06,calm
2007-02-20,1.5826932223496087e-05,1.6204650734436462e-05,calm
2007-02-21,1.84396573426754e-05,2.967895815031996e-05,calm
2007-02-22,2.311880682558129e-05,2.774143405998003e-05,calm
2007-02-23,2.2946605263118878e-05,1.7617328625646743e-05,calm
2007-02-26,2.0941865413973785e-05,2.443822987611277e-05,calm
2007-02-27,2.4683762699750775e-05,0.0002803240191029,calm
2007-02-28,9.385260360621625e-05,0.0001217706927491,calm
2007-03-01,7.345751789947696e-05,0.0003799144036669,calm
2007-03-02,0.00015732762258372106,7.439101482414818e-05,calm
2007-03-05,9.451293405105912e-05,0.0001694612082679,calm
2007-03-06,0.00014002715635295148,0.0001134689041992,calm
2007-03-07,0.00011289146203118679,3.414279751907002e-05,calm
2007-03-08,7.615423034684834e-05,7.461909348660612e-05,calm
2007-03-09,7.444639427958955e-05,5.788944170905831e-05,calm
2007-03-12,6.84179763448146e-05,2.490229987814612e-05,calm
2007-03-13,4.6198432705108696e-05,8.970738994064515e-05,calm
2007-03-14,6.481445052922572e-05,0.0001615954400272,calm
2007-03-15,9.387484822124264e-05,4.288518133379065e-05,calm
2007-03-16,5.949251807153579e-05,2.917255993453537e-05,calm
2007-03-19,5.1621322710549146e-05,5.433113053397026e-05,calm
2007-03-20,6.394812717789485e-05,1.9093651815710383e-05,calm
2007-03-21,4.449206130456218e-05,6.634452415214046e-05,calm
2007-03-22,5.510476778188751e-05,1.7480806335324023e-05,calm
2007-03-23,3.655082865982738e-05,2.1752451118461235e-05,calm
2007-03-26,3.735061827397013e-05,4.251569491510792e-05,calm
2007-03-27,4.345796571498141e-05,6.188325160527927e-05,calm
2007-03-28,5.379372504393943e-05,7.920989026962224e-05,calm
2007-03-29,5.996880938278272e-05,4.713978316039182e-05,calm
2007-04-02,5.320848969865093e-05,4.239278465647242e-05,calm
2007-04-03,5.348085980847342e-05,1.32252096061014e-05,calm
2007-04-04,3.6803441902064854e-05,6.868733232916942e-06,calm
2007-04-09,2.7459230205564635e-05,1.000577963565332e-05,calm
2007-04-10,2.3029604896064542e-05,2.1936268931132363e-05,calm
2007-04-11,2.5020927069027412e-05,2.08138543624239e-05,calm
2007-04-12,2.2856638043006856e-05,1.881436785771979e-05,calm
2007-04-16,2.2440665961337863e-05,1.4892323158757945e-05,calm
2007-04-17,2.1812635401090396e-05,1.6426867092686428e-05,calm
2007-04-18,2.301663166339195e-05,4.2003477125710656e-05,calm
2007-04-19,3.194399599904214e-05,7.92713588037026e-05,calm
2007-04-23,4.524866946331233e-05,2.279789723173168e-05,calm
2007-04-24,3.0503729662739944e-05,3.16479437805554e-05,calm
2007-04-25,3.520842086237794e-05,1.5875027756402973e-05,calm
2007-04-26,2.925912016848544e-05,2.114516317955485e-05,calm
2007-04-30,2.9429488037476513e-05,3.8038050530442736e-05,calm
2007-05-01,3.170035672112149e-05,1.5116602454379909e-05,calm
2007-05-02,2.3738686988996352e-05,2.01309585214887e-05,calm
2007-05-03,2.4465867141252246e-05,1.658361868375604e-05,calm
2007-05-07,2.312037244506413e-05,2.5057710327751667e-05,calm
2007-05-08,2.5962730660373808e-05,1.98600375157866e-05,calm
2007-05-09,2.247043438367717e-05,4.513021304641341e-05,calm
2007-05-10,3.20569731819485e-05,2.7186510200428123e-05,calm
2007-05-14,2.7763906307325664e-05,5.345072788645108e-05,calm
2007-05-15,3.859483676273795e-05,3.734598575359074e-05,calm
2007-05-16,3.584038428331809e-05,2.0005130106902142e-05,calm
2007-05-17,3.0395123644699517e-05,2.0959405736388176e-05,calm
2007-05-21,2.864703434546543e-05,1.914186404970872e-05,calm
2007-05-22,2.7194743569080133e-05,3.061452407221036e-05,calm
2007-05-23,2.9283159895342474e-05,5.3517352657326345e-05,calm
2007-05-24,3.6958891470787924e-05,3.08706894850276e-05,calm
2007-05-29,3.2115805710834714e-05,4.846749115723277e-05,calm
2007-05-30,3.969178425458074e-05,1.7186289990123763e-05,calm
2007-05-31,2.917338522215457e-05,3.79232019065358e-05,calm
2007-06-04,3.678833419213194e-05,3.114706847587333e-05,calm
2007-06-05,3.2947144859758596e-05,3.674411118648482e-05,calm
2007-06-06,3.5354203874524204e-05,7.437020870833379e-05,calm
2007-06-07,4.7471987641320574e-05,5.254647567651792e-05,calm
2007-06-11,4.5815698095355836e-05,6.630966155709031e-05,calm
2007-06-12,5.2549847147397216e-05,6.488991320270412e-05,calm
2007-06-13,5.588592757412745e-05,2.3878967590886643e-05,calm
2007-06-14,4.144250970221667e-05,4.717931507962112e-05,calm
2007-06-18,4.7414964543165706e-05,1.830927292477324e-05,calm
2007-06-19,3.425199680443492e-05,5.179075301605775e-05,calm
2007-06-20,4.404992975830472e-05,7.764258247053108e-05,calm
2007-06-21,5.206959034217627e-05,8.07640554469892e-05,calm
2007-06-25,5.849749071276417e-05,8.019526718780374e-05,calm
2007-06-26,6.163377555950043e-05,7.081475749594538e-05,calm
2007-06-27,6.54865179141129e-05,6.146817526204457e-05,calm
2007-06-28,6.412166504445662e-05,7.759919824617189e-05,calm
2007-07-02,6.948000827939071e-05,1.002187437132428e-05,calm
2007-07-05,3.7474613282241005e-05,1.816453501270346e-05,calm
2007-07-09,3.601757060619353e-05,7.456955525102637e-05,calm
2007-07-10,5.402302940281207e-05,4.903818519711789e-05,calm
2007-07-11,4.613058888691991e-05,4.911009303794304e-05,calm
2007-07-12,4.4367604537890116e-05,1.8830126654505064e-05,calm
2007-07-16,3.5460094769760096e-05,2.2564391445408063e-05,calm
2007-07-17,3.734036074269281e-05,6.72490270993307e-05,calm
2007-07-18,5.06362202608975e-05,3.541691050983973e-05,calm
2007-07-19,4.00918685160176e-05,8.039872067280962e-05,calm
2007-07-23,5.497693668027864e-05,0.0001162603927455,calm
2007-07-24,7.30991318232758e-05,0.000170826887148,calm
2007-07-25,0.00010033447135881578,0.0003273198301778,calm
2007-07-26,0.00015735806771675516,0.0001876647791166,calm
2007-07-30,0.0001430489069501321,0.0001350277612505,calm
2007-07-31,0.00013514163073253567,0.0002795008345358,calm
2007-08-01,0.00019055493860060542,0.0001112037418128,calm
2007-08-02,0.0001371907580309894,0.000159639829251,calm
2007-08-06,0.00014154226939415584,0.0002497237032897,calm
2007-08-07,0.0001718570113483948,0.0001386025959612,calm
2007-08-08,0.00014248799328382998,0.0004813051278125,calm
2007-08-09,0.00024324202360739654,0.0004132797014208,calm
2007-08-13,0.0002606787465968273,0.0001542464409498,calm
2007-08-14,0.00019028349875052094,0.0001984234175129,calm
2007-08-15,0.0002023108030156591,0.0005433023784139,calm
2007-08-16,0.00033147163069556854,0.0005072473750895,calm
2007-08-20,0.0003310510736407497,9.772839890120095e-05,calm
2007-08-21,0.00018046667313342268,0.0001345203911682,calm
2007-08-22,0.00019352007155355104,8.910045366440984e-05,calm
2007-08-23,0.00016519875903117583,3.5017865463786514e-05,calm
2007-08-27,0.00010326805454288911,6.202653813350613e-05,calm
2007-08-28,8.952836823215004e-05,0.0001122639373414,calm
2007-08-29,0.00010775393319300628,0.0001312747599929,calm
2007-08-30,0.00011332742554487292,0.0001759104058176,calm
2007-09-04,0.00013359050683043073,0.0001019606291986,calm
2007-09-05,0.00011829862119551779,5.636793116205445e-05,calm
2007-09-06,9.970323525038513e-05,0.0001933643805261,calm
2007-09-10,0.00015058712386119792,8.059395034870322e-05,calm
2007-09-11,0.00010965353740847447,5.813860968457583e-05,calm
2007-09-12,9.071507706861504e-05,6.465740856455102e-05,calm
2007-09-13,8.883611767973453e-05,6.817212806164966e-05,calm
2007-09-17,9.01061755433239e-05,0.000216888860712,calm
2007-09-18,0.0001341351289725082,8.8684110720082e-05,calm
2007-09-19,9.779914780138077e-05,4.132613602776739e-05,calm
2007-09-20,7.661668847756744e-05,4.218376809569183e-05,calm
2007-09-24,7.363511620999271e-05,4.9541548970541353e-05,calm
2007-09-25,7.357331824144967e-05,3.7658897036419006e-05,calm
2007-09-26,5.459724072119797e-05,2.832135375099397e-05,calm
2007-09-27,4.3954626647260144e-05,2.503292613843916e-05,calm
2007-10-01,4.047248416390808e-05,1.858673552084283e-05,calm
2007-10-02,3.470196537781955e-05,3.477746900281202e-05,calm
2007-10-03,3.900956931724469e-05,1.464804799665193e-05,calm
2007-10-04,2.8956202379673074e-05,5.097566845681872e-05,calm
2007-10-08,4.300382511203485e-05,3.25817825729652e-05,calm
2007-10-09,3.773611006950469e-05,2.7141613341950145e-05,calm
2007-10-10,3.6254480569454005e-05,8.54127246900643e-05,calm
2007-10-11,5.6675424449419156e-05,3.2176943246088344e-05,calm
2007-10-15,4.314358130922462e-05,4.548034579081117e-05,calm
2007-10-16,4.696762608253342e-05,8.419462235269613e-05,calm
2007-10-17,6.198343863608783e-05,4.611410666400613e-05,calm
2007-10-18,5.28661731689144e-05,0.0001222150827914,calm
2007-10-22,7.679013658182781e-05,7.167288213119987e-05,calm
2007-10-23,6.775744539508638e-05,0.000196930286843,calm
2007-10-24,0.00011316866158562316,0.0001423881587167,calm
2007-10-25,0.0001046865828746143,6.542599420795634e-05,calm
2007-10-29,8.39648592817763e-05,3.715323746662883e-05,calm
2007-10-30,6.549663413232533e-05,2.902270751306723e-05,calm
2007-10-31,5.74795838336034e-05,0.0001246701984499,calm
2007-11-01,8.334201810246112e-05,0.0002100103393905,calm
2007-11-02,0.00010929662091167298,0.0002035751446778,calm
2007-11-05,0.00012158904797930331,0.0001645746348433,calm
2007-11-06,0.00012659880050915024,7.779440094078531e-05,calm
2007-11-07,0.00010706097976623736,0.0001974550352914,calm
2007-11-08,0.00015127488011031824,0.0003510532077174,calm
2007-11-09,0.0002035437941554242,0.0002435400545023,calm
2007-11-12,0.00018202743928087632,0.000175421437543,calm
2007-11-13,0.00016524218484655987,0.000126001312416,calm
2007-11-14,0.00015594467540795275,0.0001273051341983,calm
2007-11-15,0.000150420745984534,0.0001426643792738,calm
2007-11-16,0.00014165135886004093,0.0001701152561844,calm
2007-11-19,0.00014544173754011642,0.0001465415272457,calm
2007-11-20,0.0001366150809665707,0.0002956852681278,calm
2007-11-21,0.00019305796292953158,0.0002219214073243,calm
2007-11-23,0.00018333061059937685,9.192092041438048e-05,calm
2007-11-26,0.0001364203417365032,0.0001277612553939,calm
2007-11-27,0.00014480349841275198,0.0002037544990638,calm
2007-11-28,0.0001735252229890387,0.0001229082633789,calm
2007-11-29,0.00013576029903095602,0.000112516237812,calm
2007-11-30,0.00012427772868103695,0.0001695579189329,calm
2007-12-03,0.00015050932560603327,7.584278580989405e-05,calm
2007-12-04,0.0001139287982191873,7.505261098068671e-05,calm
2007-12-05,0.00010205438835164514,0.0001221284902199,calm
2007-12-06,0.00011700167994833707,4.18838726814622e-05,calm
2007-12-07,8.041174713177494e-05,3.0860227090210635e-05,calm
2007-12-10,6.349112849438338e-05,3.0892944478623696e-05,calm
2007-12-11,5.790199291764564e-05,0.0002294711277764,calm
2007-12-12,0.0001247899924280432,0.0004568278893311,calm
2007-12-13,0.00020093855140524406,0.0001117620423162,calm
2007-12-14,0.00012282617880836195,0.000101280562519,calm
2007-12-17,0.00012799928456250358,0.0001031616654184,calm
2007-12-18,0.000137821140233298,0.0001472817740886,calm
2007-12-19,0.00014630496044412564,9.797630486954924e-05,calm
2007-12-20,0.00010710304501226477,7.102992843675121e-05,calm
2007-12-21,9.34462188772003e-05,8.918603403997033e-05,calm
2007-12-24,9.741259260921262e-05,1.9728796270195378e-05,calm
2007-12-26,5.936557502164578e-05,2.1327826708261897e-05,calm
2007-12-27,4.9656679660960494e-05,3.865129115133182e-05,calm
2007-12-28,5.1616233296370776e-05,6.013352358611052e-05,calm
2007-12-31,5.717935704978653e-05,3.736944764346399e-05,calm
2008-01-02,4.497223022757141e-05,0.00011089713625,calm
2008-01-03,7.480266370519469e-05,6.541168832158663e-05,calm
2008-01-04,6.632177139041166e-05,0.0001687688641431,calm
2008-01-07,0.00010665291035697717,0.0001906486565215,calm
2008-01-08,0.000124675565490667,0.0002267518737647,calm
2008-01-09,0.00015343183779008973,0.0002478331118877,calm
2008-01-10,0.0001727344882735717,0.0003538678567542,calm
2008-01-11,0.00023074281432336328,0.0002235550867801,calm
2008-01-14,0.00020139753766440263,9.215386742423842e-05,calm
2008-01-15,0.00014489038932351167,0.0001488822660968,calm
2008-01-16,0.0001576543430700577,0.0002548310084881,calm
2008-01-17,0.00019149813343439284,0.0002933747458008,calm
2008-01-18,0.00019966406861162938,0.000368726144566,calm
2008-01-22,0.0002329126218716071,0.0015404585421895,calm
2008-01-23,0.0006208091856908026,0.0012372071572716,calm
2008-01-24,0.0006823490892316329,0.000295631819007,calm
2008-01-25,0.00039059825144644155,0.000281020936017,calm
2008-01-28,0.0003818884027552246,0.0002021381224532,calm
2008-01-29,0.00032949457411027034,0.0001004546298116,calm
2008-01-30,0.00020198817773107655,0.0002285478149366,calm
2008-01-31,0.00021358757975686158,0.0004922012019041,calm
2008-02-01,0.00031376560323266784,0.0001387000881119,calm
2008-02-04,0.0001845257984972925,6.756875544995217e-05,calm
2008-02-05,0.0001390637376922095,0.0003315916861885,calm
2008-02-06,0.0002602383197602092,0.0001396893718457,calm
2008-02-07,0.0001840017901632505,0.0002642922313555,calm
2008-02-08,0.0002165884861582236,0.0001578754998434,calm
2008-02-11,0.00018041836668318244,9.102633174229252e-05,calm
2008-02-12,0.00015350798060325882,0.0001591586569982,calm
2008-02-13,0.000168820061447289,0.0001298904243363,calm
2008-02-14,0.00015599648249655556,0.0001180230081966,calm
2008-02-15,0.00014106991266292227,7.412769820621245e-05,calm
2008-02-19,0.00011478127207082645,0.0001367048791368,calm
2008-02-20,0.00014283273171813616,0.0002035015215746,calm
2008-02-21,0.00016865633382575585,0.000114426401142,calm
2008-02-22,0.00013418254512299101,0.0001536689382008,calm
2008-02-25,0.0001463193970728584,0.0001800907236403,calm
2008-02-26,0.00016048195044219638,9.947513803185888e-05,calm
2008-02-27,0.00012654538002781086,0.0001171559425113,calm
2008-02-28,0.0001261104640429823,0.0001044246691931,calm
2008-02-29,0.00011977741793714624,0.0001585925996658,calm
2008-03-03,0.00013980328694886696,0.0001207730587236,calm
2008-03-04,0.00012164501075773469,0.0002048538003299,calm
2008-03-05,0.00015600899949264082,0.0001618845338688,calm
2008-03-06,0.00014605839823470893,0.0001524832247095,calm
2008-03-07,0.00014773005483843568,0.000325887287972,calm
2008-03-10,0.0002135109410247469,0.0001493640906891,calm
2008-03-11,0.0001599129369682454,0.0005383950003458,calm
2008-03-12,0.00029901807819025366,0.0001161145293536,calm
2008-03-13,0.00016284381749097373,0.0004076938204742,calm
2008-03-14,0.0002806250336700982,0.0005684132100105,calm
2008-03-17,0.00034640259405359163,0.0004859960159006,calm
2008-03-18,0.00035755378377414404,0.000568591110936,calm
2008-03-19,0.00038916436857235027,0.0002587916874391,calm
2008-03-20,0.00030638664551767926,0.0001392717555806,calm
2008-03-24,0.0002329171761684847,0.0001126339769148,calm
2008-03-25,0.0001878213199385509,9.382816540429909e-05,calm
2008-03-26,0.00015290182198948716,0.0001106858901699,calm
2008-03-27,0.0001343640382185937,0.0001261013692703,calm
2008-03-28,0.00013094804724348057,8.816878296811261e-05,calm
2008-03-31,0.00011202283427842058,0.0001806108987809,calm
2008-04-01,0.00015088053025520793,7.77464379590084e-05,calm
2008-04-02,0.00011117999028740496,7.843588749501146e-05,calm
2008-04-03,0.00010794283594461045,7.346831122062449e-05,calm
2008-04-07,0.00010100854303260256,7.742652436952717e-05,calm
2008-04-08,0.00010072048919784824,5.058504802040169e-05,calm
2008-04-09,7.874674490586423e-05,7.514509513991849e-05,calm
2008-04-10,8.811807118619939e-05,0.0001402448487083,calm
2008-04-14,0.00011492628393294271,7.110641541918169e-05,calm
2008-04-15,8.942488968102475e-05,0.0001002009778703,calm
2008-04-16,0.00010029916615801078,5.96107690343756e-05,calm
2008-04-17,8.502462993199938e-05,0.0002640269567968,calm
2008-04-21,0.00016474597439848822,6.364165639209611e-05,calm
2008-04-22,8.970287892797904e-05,6.366126208495815e-05,calm
2008-04-23,8.6948056448916e-05,0.000118603020548,calm
2008-04-24,0.00010653660826622569,9.339080906554552e-05,calm
2008-04-28,9.993918539376091e-05,3.299273781226963e-05,calm
2008-04-29,5.962597814088746e-05,0.0001386805707432,calm
2008-04-30,0.0001032257574941126,6.733874462049714e-05,calm
2008-05-01,7.944173549681649e-05,0.0001502776528744,calm
2008-05-05,0.00010937735387789722,7.201145636903768e-05,calm
2008-05-06,8.13638526097185e-05,5.038039584607613e-05,calm
2008-05-07,7.439322064652604e-05,7.382778538611801e-05,calm
2008-05-08,7.837561073893678e-05,9.596045996769435e-05,calm
2008-05-12,8.855887877596167e-05,2.742529710385096e-05,calm
2008-05-13,5.211186020593612e-05,4.139134962339751e-05,calm
2008-05-14,5.555868427379488e-05,4.8432873078760696e-05,calm
2008-05-15,5.7938720107386196e-05,3.874281770428567e-05,calm
2008-05-19,5.119323471365642e-05,6.557470260139372e-05,calm
2008-05-20,5.882132654956685e-05,9.72393904507368e-05,calm
2008-05-21,7.47841907631787e-05,4.450876526808516e-05,calm
2008-05-22,5.6785158671376866e-05,6.268106282164471e-05,calm
2008-05-27,6.452236041022539e-05,5.5619907204021457e-05,calm
2008-05-28,6.351027274407406e-05,4.55012731383955e-05,calm
2008-05-29,5.680107133211023e-05,3.882712073292723e-05,calm
2008-06-02,4.968723783385591e-05,7.661762837330231e-05,calm
2008-06-03,6.571215807841623e-05,0.0001054345942353,calm
2008-06-04,7.784770926646595e-05,7.18426902321329e-05,calm
2008-06-05,6.837229656328686e-05,0.0001734827840193,calm
2008-06-09,0.00011006276550247627,0.0001347287563795,calm
2008-06-10,0.00010769308934120644,0.000106296465573,calm
2008-06-11,0.0001012975559627988,0.0001204689605372,calm
2008-06-12,0.00010704730290081414,0.0001237579434158,calm
2008-06-16,0.00011307908662209316,8.037809041307721e-05,calm
2008-06-17,9.119601286310624e-05,0.0001141563056272,calm
2008-06-18,0.00010190877854473453,7.452010613187197e-05,calm
2008-06-19,8.520545617005095e-05,0.0001373943716104,calm
2008-06-23,0.00010866616817089041,9.179932226530464e-05,calm
2008-06-24,9.167099119416704e-05,0.0001154336561536,calm
2008-06-25,0.00010312214426373488,0.000133187910166,calm
2008-06-26,0.00011119280755551683,0.000115807417823,calm
2008-06-30,0.00010951853520050901,0.0002322747774764,calm
2008-07-01,0.00015281781792653368,0.000141374866138,calm
2008-07-02,0.0001303480614899115,0.0001735390647574,calm
2008-07-07,0.00014653340176819541,0.0001576243434706,calm
2008-07-08,0.00014426164134689767,0.0001317425600974,calm
2008-07-09,0.00013754984927475685,0.0002851636883735,calm
2008-07-10,0.00019150429826251487,0.0005328702315315,calm
2008-07-14,0.0002912504250756387,0.0003223584094555,calm
2008-07-15,0.0002468242430796032,0.0002042541741384,calm
2008-07-16,0.00021312860666919322,0.0001786517823724,calm
2008-07-17,0.000207976996359966,8.267270594014077e-05,calm
2008-07-21,0.00014962945002484836,0.0001158038237891,calm
2008-07-22,0.00014015363990274365,0.0001351957751882,calm
2008-07-23,0.00013567209058856368,9.510952551555592e-05,calm
2008-07-24,0.00011249131721750891,0.0001195328125213,calm
2008-07-28,0.0001176849691065961,9.511102881839604e-05,calm
2008-07-29,0.00010965804046792239,0.0001587964366992,calm
2008-07-30,0.00013608927225269198,0.0001248478585696,calm
2008-07-31,0.00012358061741602052,0.0001142599087338,calm
2008-08-04,0.00012159575305997357,7.579598616195178e-05,calm
2008-08-05,0.00010251594219017381,6.162242720630657e-05,calm
2008-08-06,9.2849708493625e-05,0.0001299717501062,calm
2008-08-07,0.00011688198168945307,8.068130079962601e-05,calm
2008-08-11,9.457587131374725e-05,8.195548826742887e-05,calm
2008-08-12,9.208778520107284e-05,0.0001114405322149,calm
2008-08-13,0.0001052754524021747,8.849723318479628e-05,calm
2008-08-14,9.902765526972605e-05,7.673493976667798e-05,calm
2008-08-18,9.001214835192469e-05,9.207334187939424e-05,calm
2008-08-19,9.561146382308255e-05,0.0001073663229129,calm
2008-08-20,0.0001011813214267767,9.772980066163752e-05,calm
2008-08-21,9.55408924490071e-05,8.560087103069072e-05,calm
2008-08-25,9.02155759730735e-05,6.77467983064974e-05,calm
2008-08-26,8.195910306311595e-05,5.948442657799379e-05,calm
2008-08-27,7.580664957670902e-05,7.726561717649786e-05,calm
2008-08-28,8.00824292171435e-05,5.619627712196335e-05,calm
2008-09-02,6.83157225679592e-05,0.0001208977865695,gfc_2008
2008-09-03,9.330457168843649e-05,0.0001449371194291,gfc_2008
2008-09-04,0.00010704613316719677,0.000168729503677,gfc_2008
2008-09-08,0.0001239634724742636,0.000216011967701,gfc_2008
2008-09-09,0.0001496902285158359,0.0001835110249294,gfc_2008
2008-09-10,0.00015191234716032512,0.0003794295748899,gfc_2008
2008-09-11,0.00023127063906986381,0.00020784055751,gfc_2008
2008-09-15,0.00018566164063577668,0.0012480213875124,gfc_2008
2008-09-16,0.00053797742748061,0.0009942958125928,gfc_2008
2008-09-17,0.0005558577083838267,0.0016335436240053,gfc_2008
2008-09-18,0.000885572227240054,0.0012486070066553,gfc_2008
2008-09-22,0.0008703053572857808,0.0003966866942016,gfc_2008
2008-09-23,0.0005635764898490937,0.0002433164494566,gfc_2008
2008-09-24,0.0004060105395289589,0.0002796623823909,gfc_2008
2008-09-25,0.00037757071790677795,0.0004227092734609,gfc_2008
2008-09-29,0.0003832909216232662,0.0006513352029965,gfc_2008
2008-09-30,0.0004389886400444152,0.0005162220626082,gfc_2008
2008-10-01,0.00040611498897674426,0.000440958108402,gfc_2008
2008-10-02,0.00039841862881242714,0.0010858227584173,gfc_2008
2008-10-06,0.0006864105104931118,0.0009077614039338,gfc_2008
2008-10-07,0.0006764809688138062,0.0024964538323861,gfc_2008
2008-10-08,0.0013372622672268844,0.0017570304571719,gfc_2008
2008-10-09,0.0012360732831353037,0.0077477397402088,gfc_2008
2008-10-13,0.003979629013452043,0.0027430316572223,gfc_2008
2008-10-14,0.002350302850684938,0.0017195861262214,gfc_2008
2008-10-15,0.0019860621274167332,0.0032684380137836,gfc_2008
2008-10-16,0.0027967592584808715,0.0018445033816526,gfc_2008
2008-10-20,0.0021875179554014038,0.0007915843269183,gfc_2008
2008-10-21,0.0012006987125440288,0.0014365861821341,gfc_2008
2008-10-22,0.0014420422193764902,0.0031468753816831,gfc_2008
2008-10-23,0.0022416044156147196,0.003535009822953,gfc_2008
2008-10-27,0.002464497893360656,0.0019060505338531,gfc_2008
2008-10-28,0.001833727526488302,0.0025355608759559,gfc_2008
2008-10-29,0.002277251215217001,0.0025140581239344,gfc_2008
2008-10-30,0.0023934766631169254,0.0013606155222735,gfc_2008
2008-10-31,0.0017309943647507305,0.0009398780984658,gfc_2008
2008-11-03,0.0013287199083163528,0.0002490648273395,gfc_2008
2008-11-04,0.0007259483003436454,0.0005622690797888,gfc_2008
2008-11-05,0.0008046302696608319,0.0007408234731923,gfc_2008
2008-11-06,0.0007980355104962234,0.0006716714472767,gfc_2008
2008-11-07,0.0007158999081152274,0.0007455725641402,gfc_2008
2008-11-10,0.0007362191151251631,0.0007969240457482,gfc_2008
2008-11-11,0.0008128345978580851,0.0011311073203786,gfc_2008
2008-11-12,0.0010107343856350908,0.0006845590494661,gfc_2008
2008-11-13,0.0007860224459437803,0.0029325603219555,gfc_2008
2008-11-14,0.0018594234763330535,0.001793443414661,gfc_2008
2008-11-17,0.001501881659913693,0.0015295679355714,gfc_2008
2008-11-18,0.001446866210250341,0.0013028916956213,gfc_2008
2008-11-19,0.0013433087427846,0.0011720659850308,gfc_2008
2008-11-20,0.0013144327273943296,0.0025221087564937,gfc_2008
2008-11-21,0.0018921364085254814,0.0030355209014932,gfc_2008
2008-11-24,0.0022079839234196855,0.0013822926071646,gfc_2008
2008-11-25,0.001483260822471372,0.001232863612222,gfc_2008
2008-11-26,0.0013883808748012217,0.0007203460429063,gfc_2008
2008-11-28,0.0010701569001567467,0.0001363622249286,gfc_2008
2008-12-01,0.0005002010534889742,0.0013580976460097,gfc_2008
2008-12-02,0.0010790190903542305,0.0010915612935699,gfc_2008
2008-12-03,0.0009511303094373909,0.0011032317967674,gfc_2008
2008-12-04,0.0009518267290436418,0.0008938486866037,gfc_2008
2008-12-05,0.0008805785773816318,0.001129707851742,gfc_2008
2008-12-08,0.0010835072574082905,0.0007646202571022,gfc_2008
2008-12-09,0.0008752531661181337,0.0007639126944479,gfc_2008
2008-12-10,0.0008533892142684312,0.000567874732105,gfc_2008
2008-12-11,0.0007173530254870877,0.0005726816453584,gfc_2008
2008-12-12,0.0006946206215297587,0.0010599588317204,gfc_2008
2008-12-15,0.000914436954045784,0.0003530642889904,gfc_2008
2008-12-16,0.0005415064748456483,0.0006238713170253,gfc_2008
2008-12-17,0.0006569205875136939,0.0005895980912585,gfc_2008
2008-12-18,0.0006345407233764041,0.0004171689001951,gfc_2008
2008-12-19,0.0005307581408100675,0.0004089836049581,gfc_2008
2008-12-22,0.0004817854303650934,0.0002805994148285,gfc_2008
2008-12-23,0.000402911044147541,0.0002468020531993,gfc_2008
2008-12-24,0.0003483033834565944,3.4008738014772853e-05,gfc_2008
2008-12-26,0.0001555876854089249,4.6095744861960446e-05,gfc_2008
2008-12-29,0.00013582891910740583,0.0001217542046205,gfc_2008
2008-12-30,0.00016259377014844818,0.0001441860731745,gfc_2008
2008-12-31,0.00016251831458291888,0.0001447787226511,gfc_2008
2009-01-02,0.00015604242766556437,0.000149140028498,gfc_2008
2009-01-05,0.00016543440042165956,0.0002174113802252,gfc_2008
2009-01-06,0.000209185294854169,0.0002600968163487,gfc_2008
2009-01-07,0.00023542735900924225,0.0002242370720936,gfc_2008
2009-01-08,0.00022300476539169814,0.0002371556755745,gfc_2008
2009-01-09,0.00023237281665971354,0.0003026311119399,gfc_2008
2009-01-12,0.00027043604870341867,0.0002051480180101,gfc_2008
2009-01-13,0.00022318400635707066,0.0003402144929216,gfc_2008
2009-01-14,0.00028654196528703023,0.0004987188312523,gfc_2008
2009-01-15,0.0003684528328423479,0.0006066606821285,gfc_2008
2009-01-16,0.0004344095586689656,0.0006753003837148,gfc_2008
2009-01-20,0.0004894517510538657,0.0006905494104681,gfc_2008
2009-01-21,0.0005343534999906151,0.0007177948776804,gfc_2008
2009-01-22,0.0005745052009750958,0.0010857908540684,gfc_2008
2009-01-23,0.0007655734376057105,0.0010922615855154,gfc_2008
2009-01-26,0.0008091770321309171,0.0004941800273701,gfc_2008
2009-01-27,0.0005386241915973097,0.0003656651499328,gfc_2008
2009-01-28,0.00045213375211146655,0.0005864062549884,gfc_2008
2009-01-29,0.0005550018267432013,0.0002438117248325,gfc_2008
2009-01-30,0.0003396514452502949,0.00032275946709,gfc_2008
2009-02-02,0.0003423920850956405,0.0004042589863763,gfc_2008
2009-02-03,0.0003761323497853646,0.0002718084008969,gfc_2008
2009-02-04,0.0003089175637383118,0.0002679717742707,gfc_2008
2009-02-05,0.0002890582046969101,0.0004407242898541,gfc_2008
2009-02-06,0.00038202136203156745,0.0002534512295283,gfc_2008
2009-02-09,0.00029136625017921484,0.0002358063745176,gfc_2008
2009-02-10,0.0002715255201252956,0.0006703590579252,gfc_2008
2009-02-11,0.00048598727211371004,0.0003317216326709,gfc_2008
2009-02-12,0.00034820882974381437,0.0007275339396561,gfc_2008
2009-02-13,0.000536887690949246,0.0003180887347344,gfc_2008
2009-02-17,0.0003660718466768769,0.0008497744289254,gfc_2008
2009-02-18,0.0006395028029307642,0.000473195296813,gfc_2008
2009-02-19,0.000467845211476456,0.0003966607909407,gfc_2008
2009-02-20,0.0004358370619401252,0.0006781633379464,gfc_2008
2009-02-23,0.0005559639773466391,0.00037795840299,gfc_2008
2009-02-24,0.0004271652219886469,0.0005604966611073,gfc_2008
2009-02-25,0.0004894452940566165,0.000601876558121,gfc_2008
2009-02-26,0.0005132157091689852,0.0005539449130314,gfc_2008
2009-02-27,0.0005051519792414529,0.0008733848614691,gfc_2008
2009-03-02,0.0006509750364799876,0.0005627640432973,gfc_2008
2009-03-03,0.0005380753398726123,0.0006736851598661,gfc_2008
2009-03-04,0.0005972390611750067,0.0004972662118514,gfc_2008
2009-03-05,0.0005136833958318038,0.0007362876334988,gfc_2008
2009-03-06,0.0006323950654265597,0.0008559497339762,gfc_2008
2009-03-09,0.0006852422221079166,0.0005679893996431,gfc_2008
2009-03-10,0.0005665323109086108,0.0007452817580431,gfc_2008
2009-03-11,0.0006503712148073492,0.0004961879430199,gfc_2008
2009-03-12,0.0005424040150681088,0.0003063795793315,gfc_2008
2009-03-13,0.00041843986124460184,0.0003598606433598,gfc_2008
2009-03-16,0.00041302294077820613,0.000346216953716,gfc_2008
2009-03-17,0.0003913838655132074,0.0003658502411083,gfc_2008
2009-03-18,0.0003755046304408956,0.0008131967724848,gfc_2008
2009-03-19,0.0005827513729444633,0.0004257817487773,gfc_2008
2009-03-20,0.0004308736941417414,0.000296997574115,gfc_2008
2009-03-23,0.00036373778228457527,0.0006230333354423,gfc_2008
2009-03-24,0.0005302471619799586,0.0003132322661054,gfc_2008
2009-03-25,0.0003848912312643656,0.0005687068405897,gfc_2008
2009-03-26,0.00048653363772444144,0.0005283050757383,gfc_2008
2009-03-27,0.0004770934020825083,0.0003152795715245,gfc_2008
2009-03-30,0.0003803076932279433,0.0003091817321521,gfc_2008
2009-03-31,0.00035518712887303743,0.000488213412347,gfc_2008
2009-04-01,0.00044622261227774215,0.0005842275953305,calm
2009-04-02,0.0004875239633613689,0.0002361907762231,calm
2009-04-06,0.00030767233360048056,0.0005411620631984,calm
2009-04-07,0.00046005364232705356,0.0002296796540618,calm
2009-04-08,0.0003098783504251181,0.0004912423552958,calm
2009-04-13,0.0004265287562832798,0.000263752683541,calm
2009-04-14,0.00030324829635425623,0.0001669111767647,calm
2009-04-15,0.0002455464300672417,0.0001881813813775,calm
2009-04-16,0.00023287418167173462,0.0001401178890184,calm
2009-04-20,0.0002000529958108138,0.0002047263323735,calm
2009-04-21,0.0002139193282777073,0.0003045004045488,calm
2009-04-22,0.00025913082464023283,0.0002557694895023,calm
2009-04-23,0.0002452110797840642,0.0002104872113776,calm
2009-04-27,0.0002240195953155094,0.0001994549976249,calm
2009-04-28,0.00022259030529739302,0.0002493910821672,calm
2009-04-29,0.0002481733866783072,0.0002646752373586,calm
2009-04-30,0.0002502628623891467,0.0001513485472837,calm
2009-05-04,0.00018949218609531993,0.0001207437861515,calm
2009-05-05,0.00016487458348580264,0.0003163557178803,calm
2009-05-06,0.0002581533475885254,0.0003618515023594,calm
2009-05-07,0.0002842600796117141,0.0003215361957073,calm
2009-05-11,0.00027244234925137166,0.0001884915030222,calm
2009-05-12,0.0002161911720445334,0.000357586886238,calm
2009-05-13,0.0003071587335958383,0.0001644963173798,calm
2009-05-14,0.00020945092721407646,0.0001322873018351,calm
2009-05-18,0.00017580304573622417,0.0001403786686307,calm
2009-05-19,0.00016754910446702983,0.0002798612554859,calm
2009-05-20,0.00023326447985783536,0.0002278677732319,calm
2009-05-21,0.0002036322682612842,0.0001253937101002,calm
2009-05-26,0.0001544234100387674,0.0001875232184257,calm
2009-05-27,0.00018721280536819227,0.0003065997550998,calm
2009-05-28,0.0002499733565022931,0.0002099568280739,calm
2009-06-01,0.0002051406136719807,0.0001352605191585,calm
2009-06-02,0.00016319804614762766,0.0001469834761426,calm
2009-06-03,0.00016983746384897124,8.01792630269607e-05,calm
2009-06-04,0.00012667192535368728,0.0002266565785039,calm
2009-06-08,0.0001893436257476297,9.526008681676342e-05,calm
2009-06-09,0.0001221476676163021,0.0001788265909649,calm
2009-06-10,0.00016236661640375676,0.0001427182958237,calm
2009-06-11,0.00014647541582909826,9.673849360857287e-05,calm
2009-06-15,0.000126222319417516,0.0001081586418713,calm
2009-06-16,0.00012298927258537994,0.0001553503040355,calm
2009-06-17,0.00014757272705748814,9.226448858699006e-05,calm
2009-06-18,0.0001116152763619562,9.198485963891224e-05,calm
2009-06-22,0.00010727077163274085,0.000159686736511,calm
2009-06-23,0.00014050790586598788,0.0001388395013843,calm
2009-06-24,0.00013397986608243575,0.0001311179884326,calm
2009-06-25,0.0001289365678835428,9.899354257831976e-05,calm
2009-06-29,0.0001147214186426335,9.73607888238758e-05,calm
2009-06-30,0.0001133952917836212,8.455214274194966e-05,calm
2009-07-01,0.00010125033725539427,0.0002768816203149,calm
2009-07-06,0.00018796213104721975,9.859534150625553e-05,calm
2009-07-07,0.00011326203197068614,0.000172253468878,calm
2009-07-08,0.000149802927009114,0.0001380191574929,calm
2009-07-09,0.00013829907149387978,0.0001313224983931,calm
2009-07-13,0.00013923624612269877,6.301907511119584e-05,calm
2009-07-14,9.20802007173298e-05,0.0001054407346034,calm
2009-07-15,0.0001133130666868371,6.722301560236572e-05,calm
2009-07-16,8.712650903638308e-05,6.230347088411907e-05,calm
2009-07-20,7.928241864850328e-05,0.0001045337570372,calm
2009-07-21,9.62069596231052e-05,8.932190532892468e-05,calm
2009-07-22,9.150752222244034e-05,0.0001205333363928,calm
2009-07-23,0.00010592873992915433,8.088390854181997e-05,calm
2009-07-27,8.978857263838916e-05,0.0001241470205713,calm
2009-07-28,0.00011325653859148894,0.0001309561310619,calm
2009-07-29,0.00011828499240043374,0.0002197716120891,calm
2009-07-30,0.00016335492137203126,8.937142536747645e-05,calm
2009-08-03,0.00010623021268792544,7.064742377830264e-05,calm
2009-08-04,9.57122302330907e-05,9.746229764549066e-05,calm
2009-08-05,0.00010646102883335887,8.711237641042903e-05,calm
2009-08-06,9.847900651155813e-05,0.0001501275811035,calm
2009-08-10,0.00012149042942174232,7.236329139451642e-05,calm
2009-08-11,8.680431957495617e-05,9.918846989004515e-05,calm
2009-08-12,0.00010037045198787786,0.0001027748837326,calm
2009-08-13,0.00010235564975819963,7.615641069007182e-05,calm
2009-08-17,8.890145062610642e-05,5.031804544170348e-05,calm
2009-08-18,6.899310766076628e-05,0.000103997760002,calm
2009-08-19,9.551690712576032e-05,3.061599830155256e-05,calm
2009-08-20,5.4784345062246194e-05,9.464427561901036e-05,calm
2009-08-24,8.448886009039191e-05,0.0001004696497485,calm
2009-08-25,8.889213696108553e-05,8.510076015581672e-05,calm
2009-08-26,8.551469933949424e-05,6.73114977400487e-05,calm
2009-08-27,7.470449815770711e-05,9.21429148870638e-05,calm
2009-08-31,9.12020817144977e-05,0.0001377196295504,calm
2009-09-01,0.0001130322220113368,9.74880958318586e-05,calm
2009-09-02,9.638708855643901e-05,6.27451547384748e-05,calm
2009-09-03,7.834783577713866e-05,5.586774880490471e-05,calm
2009-09-08,7.355062289843605e-05,4.95268246476248e-05,calm
2009-09-09,6.633052276412527e-05,4.783327021488652e-05,calm
2009-09-10,5.9581452422014075e-05,6.308903312484026e-05,calm
2009-09-14,6.431884199317103e-05,6.459774078119855e-05,calm
2009-09-15,6.49178574676726e-05,5.822266204572064e-05,calm
2009-09-16,6.209648671924458e-05,7.553754167097402e-05,calm
2009-09-17,7.122383777638141e-05,4.896517301396784e-05,calm
2009-09-21,5.9268304012498914e-05,4.817151832306957e-05,calm
2009-09-22,5.744602356768808e-05,9.378144632656154e-05,calm
2009-09-23,7.904241909292843e-05,0.0001131480531676,calm
2009-09-24,9.101295235912047e-05,9.956983020164226e-05,calm
2009-09-28,8.776417297230122e-05,9.17686777796398e-05,calm
2009-09-29,8.800110696082536e-05,0.00015227257071,calm
2009-09-30,0.00012155890777847201,0.0001155347401878,calm
2009-10-01,0.00010855177566784266,0.0001684368553984,calm
2009-10-05,0.0001341384230633752,0.0001249687063013,calm
2009-10-06,0.00011883188593008227,6.514092378202485e-05,calm
2009-10-07,8.903980995428475e-05,6.050215337394551e-05,calm
2009-10-08,8.026910326772047e-05,2.515330340538024e-05,calm
2009-10-12,5.310018992946661e-05,6.0049242952248936e-05,calm
2009-10-13,6.528498913158014e-05,8.927663173250363e-05,calm
2009-10-14,7.575756205475688e-05,3.421622173907598e-05,calm
2009-10-15,4.846703684707032e-05,0.0001152383612528,calm
2009-10-19,8.706161528510018e-05,6.833972383732307e-05,calm
2009-10-20,7.233375855833689e-05,0.0001035304411275,calm
2009-10-21,9.078881925875526e-05,7.214725316841765e-05,calm
2009-10-22,7.621684407746083e-05,0.0001362068968081,calm
2009-10-26,0.00011165968111073343,0.0001826774828523,calm
2009-10-27,0.0001347408705350949,0.0001751504764953,calm
2009-10-28,0.00014146073886231805,0.00013350484281,calm
2009-10-29,0.00012757708161677234,9.38399691114565e-05,calm
2009-10-30,0.00011170759315788379,0.0002562313013973,calm
2009-11-02,0.00018700645457002624,0.0003075216130334,calm
2009-11-03,0.00021585958209359026,0.0001854301635108,calm
2009-11-04,0.00017008441672247007,0.0001780847638665,calm
2009-11-05,0.00017061863450616968,0.0001032630241453,calm
2009-11-06,0.00013701713800730423,0.000106992172143,calm
2009-11-09,0.00012878491005146312,5.176448719093359e-05,calm
2009-11-10,8.441326808658087e-05,4.443475476821595e-05,calm
2009-11-11,7.117943011456231e-05,7.264664043943862e-05,calm
2009-11-12,7.921492968036588e-05,8.133904703969237e-05,calm
2009-11-13,8.20870853927888e-05,5.8188834050183227e-05,calm
2009-11-16,6.811473948834082e-05,0.0001053441258625,calm
2009-11-17,9.281996503984496e-05,5.432936236183187e-05,calm
2009-11-18,7.110928142683431e-05,4.760144798943937e-05,calm
2009-11-19,6.530531576934405e-05,0.0001005945811833,calm
2009-11-20,9.088453381403604e-05,4.296430249120992e-05,calm
2009-11-23,6.262576611603935e-05,0.0001114144875062,calm
2009-11-24,9.396124119675974e-05,4.319176335879371e-05,calm
2009-11-25,6.184419220915801e-05,1.836067092816696e-05,calm
2009-11-27,4.3711221805275084e-05,0.0003704642336434,calm
2009-11-30,0.0001912011810173048,5.839664322800542e-05,calm
2009-12-01,7.846224704021743e-05,9.833885889615512e-05,calm
2009-12-02,9.584914049664112e-05,4.574154724287509e-05,calm
2009-12-03,7.031989102952756e-05,7.13165075604894e-05,calm
2009-12-04,8.753449827242752e-05,0.0002256214998905,calm
2009-12-07,0.0001410405881348905,4.491975392413894e-05,calm
2009-12-08,6.714370979226159e-05,0.0001129650036139,calm
2009-12-09,9.860249500634981e-05,5.9572724371194346e-05,calm
2009-12-10,7.638448312555302e-05,5.075687021303264e-05,calm
2009-12-11,7.031664953506902e-05,3.531615704439688e-05,calm
2009-12-14,5.176105110707855e-05,2.9076898584817504e-05,calm
2009-12-15,4.6768277618099065e-05,4.149493421850799e-05,calm
2009-12-16,4.839670985627904e-05,4.884325325772532e-05,calm
2009-12-17,5.086475451454528e-05,5.546077553157581e-05,calm
2009-12-18,5.377906904058059e-05,3.4219564029801446e-05,calm
2009-12-21,4.398201661495143e-05,6.48278377889687e-05,calm
2009-12-22,6.0546017964435115e-05,2.227664693798016e-05,calm
2009-12-23,3.831911626356679e-05,1.5857745015266226e-05,calm
2009-12-24,3.170216694654017e-05,1.2616215072563064e-05,calm
2009-12-28,2.6066709100049177e-05,1.230179170752584e-05,calm
2009-12-29,2.389999723404143e-05,1.185525399184569e-05,calm
2009-12-30,2.0328048802524046e-05,2.549741405209729e-05,calm
2009-12-31,2.6281260242791216e-05,1.948338372339549e-05,calm
2010-01-04,2.366188635024032e-05,7.068736777339511e-05,calm
2010-01-05,4.8040706497265944e-05,2.988740492563263e-05,calm
2010-01-06,3.3743324967464605e-05,1.98787078920003e-05,calm
2010-01-07,2.9438903738873984e-05,2.860249093397633e-05,calm
2010-01-08,3.322042109094752e-05,2.624910224911006e-05,calm
2010-01-11,3.2599937030628854e-05,3.219193365888912e-05,calm
2010-01-12,3.2569920770535934e-05,5.004569241192964e-05,calm
2010-01-13,4.126006430133582e-05,3.803424930931966e-05,calm
2010-01-14,3.790391025681793e-05,2.125270100306969e-05,calm
2010-01-15,2.9430223618182166e-05,3.204363553486456e-05,calm
2010-01-19,3.500780565577198e-05,2.114940102243762e-05,calm
2010-01-20,2.8820578291093284e-05,8.36925972747077e-05,calm
2010-01-21,5.6057454598159594e-05,0.0001566715886534,calm
2010-01-22,8.921821957940018e-05,0.0001283008300437,calm
2010-01-25,8.98316973071703e-05,0.0001335139390911,calm
2010-01-26,0.00010085420999445206,9.061582557160348e-05,calm
2010-01-27,9.154543485221511e-05,0.0001024423986642,calm
2010-01-28,9.882524439514005e-05,0.0001786179918677,calm
2010-01-29,0.00013149071577634553,0.0001424163032802,calm
2010-02-01,0.00012001554475591489,0.0001125996133066,calm
2010-02-02,0.0001074131098073297,5.040282731387674e-05,calm
2010-02-03,7.544352965218068e-05,5.905175506604261e-05,calm
2010-02-04,7.699773201986464e-05,0.0002072346817412,calm
2010-02-05,0.00013862370445159855,0.0002513179860859,calm
2010-02-08,0.00016302936566804782,0.0001018094090198,calm
2010-02-09,0.00010589961681838968,0.0002620930832431,calm
2010-02-10,0.00018668527811362788,8.637748021217847e-05,calm
2010-02-11,0.00011785745118329878,0.0001113683592149,calm
2010-02-12,0.00012404106410223556,0.0001830830701244,calm
2010-02-16,0.00015080359875704554,6.119549606714789e-05,calm
2010-02-17,9.368904547644476e-05,5.570793771724187e-05,calm
2010-02-18,7.895637034005284e-05,3.402546829758041e-05,calm
2010-02-19,6.283397165764093e-05,4.74652374082121e-05,calm
2010-02-22,6.589692102663255e-05,3.750129115142184e-05,calm
2010-02-23,5.200469205833692e-05,8.573633466180725e-05,calm
2010-02-24,7.469615081653297e-05,7.986280005734714e-05,calm
2010-02-25,7.39531874966051e-05,0.0001695492132265,calm
2010-02-26,0.00011886283069000887,4.16890297551311e-05,calm
2010-03-01,6.458039471161854e-05,4.084589273897984e-05,calm
2010-03-02,6.403328622527704e-05,4.2875723877956856e-05,calm
2010-03-03,6.113982238997364e-05,2.7949133572135374e-05,calm
2010-03-04,4.843172477602987e-05,3.334333193357057e-05,calm
2010-03-05,4.344071948516074e-05,3.1488752703933044e-05,calm
2010-03-08,4.1562044815054824e-05,1.913031685708334e-05,calm
2010-03-09,3.2959448727826036e-05,2.810313703268561e-05,calm
2010-03-10,3.5808648902761053e-05,4.308591480119331e-05,calm
2010-03-11,4.303780128144445e-05,2.8618373409762315e-05,calm
2010-03-12,3.5710976407972564e-05,2.517416291426621e-05,calm
2010-03-15,3.265501976609471e-05,3.291166683558905e-05,calm
2010-03-16,3.7231600188663956e-05,2.996776904042681e-05,calm
2010-03-17,3.562231127563024e-05,3.3234780667740075e-05,calm
2010-03-18,3.577855828518637e-05,2.1402974839504543e-05,calm
2010-03-19,2.9348636660581782e-05,3.6605281654255575e-05,calm
2010-03-22,3.716277539940392e-05,3.826204059907456e-05,calm
2010-03-23,3.8319606404628094e-05,2.800487636891121e-05,calm
2010-03-24,3.3440084441665755e-05,3.511155048611599e-05,calm
2010-03-25,3.678308761484361e-05,7.243773735665944e-05,calm
2010-03-26,5.567100692167042e-05,4.548500141397002e-05,calm
2010-03-29,4.5455159146659546e-05,3.161422727099561e-05,calm
2010-03-30,3.806848156724788e-05,4.354426391947145e-05,calm
2010-03-31,4.4723352412884064e-05,6.699472463573251e-05,calm
2010-04-05,5.699803209143276e-05,1.9197021938540542e-05,calm
2010-04-06,3.129403747350181e-05,3.939276356660053e-05,calm
2010-04-07,4.0664125635608175e-05,3.589980737961399e-05,calm
2010-04-08,3.948830991621015e-05,2.66666832338621e-05,calm
2010-04-12,3.384914924089521e-05,2.235893794294285e-05,calm
2010-04-13,2.8868094755233504e-05,2.3365974635196057e-05,calm
2010-04-14,2.968680733247569e-05,1.7304472624483226e-05,calm
2010-04-15,2.4839172060471675e-05,0.0001480673819996,calm
2010-04-19,7.965185912034668e-05,3.401201741513299e-05,calm
2010-04-20,3.930050970053717e-05,3.469550958505275e-05,calm
2010-04-21,4.0734412842188786e-05,0.0001023593852032,calm
2010-04-22,7.426797013798499e-05,5.408670184732478e-05,calm
2010-04-26,5.914009946991286e-05,0.0001391807960635,calm
2010-04-27,9.228606663775787e-05,0.0001009229601227,calm
2010-04-28,8.474571688427983e-05,6.351728507024934e-05,calm
2010-04-29,7.205970471826318e-05,9.441092701815295e-05,calm
2010-05-03,8.525050423968935e-05,0.0002178918197388,calm
2010-05-04,0.00014416790015807197,0.0001784551398083,calm
2010-05-05,0.0001336677153271048,0.0016450509991498,calm
2010-05-06,0.0006668191408164553,0.0008216748581765,calm
2010-05-10,0.0005052351672401453,0.0001544952876977,calm
2010-05-11,0.0002448998101929095,8.257123295340683e-05,calm
2010-05-12,0.00018777165559321577,8.314734358641863e-05,calm
2010-05-13,0.00017893414640267368,0.0002398723190368,calm
2010-05-17,0.00020730231233918674,0.0002390324823173,calm
2010-05-18,0.0001818645822256217,0.0003293830329564,calm
2010-05-19,0.0002299822478715102,0.0006131682182779,calm
2010-05-20,0.0003743498751039303,0.0004829901789545,calm
2010-05-24,0.0003681117787186409,0.0005695041555029,calm
2010-05-25,0.000431275911096479,0.0002625412852905,calm
2010-05-26,0.00030532722654651065,0.0002708111733455,calm
2010-05-27,0.00030728290471497246,0.0002352691891069,calm
2010-06-01,0.0002694528879757381,0.0001027041322987,calm
2010-06-02,0.00017588065545583905,0.0001301089568407,calm
2010-06-03,0.00016778505956377746,0.0003345357703125,calm
2010-06-07,0.00026196881726103295,0.0002731967242374,calm
2010-06-08,0.0002390070600629555,0.0001696044057772,calm
2010-06-09,0.0001899322592511638,0.0003809845670213,calm
2010-06-10,0.00030230081859321657,0.0001085882021436,calm
2010-06-14,0.00017641003349930202,7.053243338052172e-05,calm
2010-06-15,0.00013542589491911714,7.683840501296567e-05,calm
2010-06-16,0.00012143819568429406,7.72015846224818e-05,calm
2010-06-17,0.00011209181432814662,3.644460954820722e-05,calm
2010-06-21,6.98202800944054e-05,0.0001114810330381,calm
2010-06-22,0.00010765110766282008,0.0001450143942397,calm
2010-06-23,0.00012804043858792978,0.0001470606301471,calm
2010-06-24,0.00013393178384901613,0.0001363516993369,calm
2010-06-28,0.00013353710508630688,0.0003406883910643,calm
2010-06-29,0.00023862816038382683,0.0001142722070901,calm
2010-06-30,0.0001423010349330577,0.0002646503594157,calm
2010-07-01,0.00021463647577044386,0.0001898931857776,calm
2010-07-06,0.00018509799430319661,0.0001064831715259,calm
2010-07-07,0.0001426402427654338,0.0001160487167214,calm
2010-07-08,0.00013348958058203414,5.634144179791233e-05,calm
2010-07-12,9.667020965713223e-05,0.0001263123346375,calm
2010-07-13,0.00012377254830628443,7.595674883535913e-05,calm
2010-07-14,9.27952938718224e-05,0.0001041970405058,calm
2010-07-15,0.00010459814569465905,0.0001265807341625,calm
2010-07-19,0.0001141766740250669,0.0001362096739849,calm
2010-07-20,0.00012452562797130707,0.000120983702921,calm
2010-07-21,0.0001163875809640338,0.0002133663688357,calm
2010-07-22,0.00016454082288797667,0.000104734610103,calm
2010-07-26,0.000119156267693447,6.796090598956642e-05,calm
2010-07-27,9.643957845807486e-05,5.564435760020433e-05,calm
2010-07-28,8.397212023166057e-05,0.0001209961094256,calm
2010-07-29,0.00011572111917809785,0.0001575562563883,calm
2010-08-02,0.00012788928978453101,4.6619221502654674e-05,calm
2010-08-03,7.240332413513268e-05,4.554763715711265e-05,calm
2010-08-04,6.937650732166383e-05,5.84493283723643e-05,calm
2010-08-05,7.584357356485989e-05,8.029754472901265e-05,calm
2010-08-09,8.239988780358235e-05,8.450421065232986e-05,calm
2010-08-10,7.972854767741245e-05,0.0003334287607734,calm
2010-08-11,0.00018928290352736857,7.691677858028775e-05,calm
2010-08-12,9.386545471190025e-05,4.656433601024232e-05,calm
2010-08-16,7.656243538764853e-05,7.708901771610647e-05,calm
2010-08-17,9.181138612139281e-05,6.129882090094024e-05,calm
2010-08-18,8.223572141671479e-05,0.0001526646997419,calm
2010-08-19,0.00011323464403668997,7.209500977174749e-05,calm
2010-08-23,7.963332431285327e-05,0.0001534080077357,calm
2010-08-24,0.00012199259004419203,0.0001008089155348,calm
2010-08-25,0.00010198831222681096,0.0001039563266057,calm
2010-08-26,0.0001066355735653043,0.0001315478387889,calm
2010-08-30,0.00011717031681837593,0.000179817494708,calm
2010-08-31,0.00014447654929944153,0.000333374295846,calm
2010-09-01,0.00021394199823854474,2.873177357752417e-05,calm
2010-09-02,7.437204311535708e-05,0.0001024847850497,calm
2010-09-07,0.00011483840548439807,5.610609193887398e-05,calm
2010-09-08,8.567262675169024e-05,9.837784178919752e-05,calm
2010-09-09,0.000100918488759905,2.1075960190924266e-05,calm
2010-09-13,4.519843799433807e-05,4.530657847074665e-05,calm
2010-09-14,6.0130518883856674e-05,4.656387674000498e-05,calm
2010-09-15,5.702163983243268e-05,2.786791210008495e-05,calm
2010-09-16,4.477534552917739e-05,4.055569618258074e-05,calm
2010-09-20,4.748891190497504e-05,5.890196376960317e-05,calm
2010-09-21,5.792844194015847e-05,5.266978706769611e-05,calm
2010-09-22,5.559626703320955e-05,6.971976298132874e-05,calm
2010-09-23,6.485986892713911e-05,7.759608483250108e-05,calm
2010-09-27,7.239129528511963e-05,6.424317958229683e-05,calm
2010-09-28,6.858474265537657e-05,6.621375019421057e-05,calm
2010-09-29,6.953940313614639e-05,0.0001293664143013,calm
2010-09-30,0.0001013577684724268,9.293591919354096e-05,calm
2010-10-04,8.808525318748893e-05,8.935419993238045e-05,calm
2010-10-05,8.734517366820007e-05,3.364206397674888e-05,calm
2010-10-06,5.718756153681253e-05,4.811795521191461e-05,calm
2010-10-07,6.304219654514984e-05,3.4357813074642455e-05,calm
2010-10-11,4.930561869412465e-05,6.276105779161353e-05,calm
2010-10-12,5.9703341230654695e-05,4.516517291893915e-05,calm
2010-10-13,4.9212681098973664e-05,5.443168592814773e-05,calm
2010-10-14,5.470847207727466e-05,6.259272485638092e-05,calm
2010-10-18,5.9329114434449696e-05,0.0001569858857912,calm
2010-10-19,0.00010438042979143237,7.386821583373895e-05,calm
2010-10-20,7.352535582721479e-05,7.915355732699723e-05,calm
2010-10-21,7.881556340306854e-05,2.072557849784033e-05,calm
2010-10-25,4.5731269357973703e-05,5.239725198639486e-05,calm
2010-10-26,6.240150644505069e-05,5.648894607044677e-05,calm
2010-10-27,5.8802132868114606e-05,5.387194599585441e-05,calm
2010-10-28,5.6233423805469866e-05,3.171246273248196e-05,calm
2010-11-01,4.2345794572840766e-05,5.842413496681075e-05,calm
2010-11-02,5.779617564698318e-05,3.744976257631298e-05,calm
2010-11-03,4.676297603457848e-05,8.48525142339043e-05,calm
2010-11-04,6.917750759583516e-05,0.0001256842833155,calm
2010-11-05,9.006323092273453e-05,3.397794235146061e-05,calm
2010-11-08,5.0672424198390714e-05,2.5240456164031623e-05,calm
2010-11-09,4.2851668164400205e-05,4.558578933240107e-05,calm
2010-11-10,5.366868533604456e-05,4.454518375378935e-05,calm
2010-11-11,5.0632280949162175e-05,6.78796179677886e-05,calm
2010-11-12,5.766446255926643e-05,6.99486700956283e-05,calm
2010-11-15,6.158706186873238e-05,4.136299394388509e-05,calm
2010-11-16,5.034941591624229e-05,0.0001236250491407,calm
2010-11-17,8.993695974961943e-05,3.943440167935548e-05,calm
2010-11-18,5.38635391107843e-05,7.898437635045831e-05,calm
2010-11-19,7.272407886990235e-05,2.7699991260113743e-05,calm
2010-11-22,4.4579491949194036e-05,7.805730475828755e-05,calm
2010-11-23,7.065501630076397e-05,0.0001037487334812,calm
2010-11-24,7.984314936023918e-05,6.885628415777307e-05,calm
2010-11-26,6.865393032793205e-05,3.5839018429340174e-05,calm
2010-11-29,4.987921712461606e-05,0.000147615171755,calm
2010-11-30,0.00010547599018258447,8.381509251465771e-05,calm
2010-12-01,8.108871310888739e-05,0.0001370109243955,calm
2010-12-02,0.00010536400506057887,2.3478865106685417e-05,calm
2010-12-03,4.9261561014121147e-05,2.630178819850844e-05,calm
2010-12-06,4.998906040029678e-05,1.5431645713917338e-05,calm
2010-12-07,3.5014481479386777e-05,8.070089914649838e-05,calm
2010-12-08,6.53814680586416e-05,2.935592194189477e-05,calm
2010-12-09,3.698793297846118e-05,3.1126837107681655e-05,calm
2010-12-10,3.853902318284394e-05,1.1573674809889885e-05,calm
2010-12-13,2.6153859941340293e-05,2.251144233110128e-05,calm
2010-12-14,3.296584815153312e-05,1.9135108394929147e-05,calm
2010-12-15,2.725436305120884e-05,2.4317835617715536e-05,calm
2010-12-16,2.9192686930487483e-05,3.313147269761218e-05,calm
2010-12-17,3.328328227713901e-05,1.2540457935085072e-05,calm
2010-12-20,2.2699309434671243e-05,1.3444350721688417e-05,calm
2010-12-21,2.2295905210607178e-05,4.54917361685298e-06,calm
2010-12-22,1.4788121684529535e-05,5.519192692834588e-06,calm
2010-12-23,1.3920186687005651e-05,7.499532130661632e-06,calm
2010-12-27,1.3238826278580565e-05,1.0976522845843512e-05,calm
2010-12-28,1.462060142709852e-05,5.3661630068368535e-06,calm
2010-12-29,1.05662670221672e-05,6.686521300306311e-06,calm
2010-12-30,1.1398221465851593e-05,9.20350438401316e-06,calm
2010-12-31,1.2652755871081948e-05,9.540706450760627e-06,calm
2011-01-03,1.270347941671179e-05,8.520594578118925e-05,calm
2011-01-04,4.417741663916612e-05,1.9746213903518687e-05,calm
2011-01-05,2.2262656865706543e-05,1.926094106259105e-05,calm
2011-01-06,2.3230346888492783e-05,2.554804289454808e-05,calm
2011-01-07,2.7696847071950066e-05,4.789758807208127e-05,calm
2011-01-10,4.0155138847174546e-05,5.245078985023271e-05,calm
2011-01-11,4.026496306588502e-05,3.0467609162303684e-05,calm
2011-01-12,3.221299885063885e-05,3.061209556625264e-05,calm
2011-01-13,3.3393997769859936e-05,1.806498927435455e-05,calm
2011-01-14,2.662159578500386e-05,1.6708129923932852e-05,calm
2011-01-18,2.3821139910949848e-05,1.5240125102217514e-05,calm
2011-01-19,2.0714268161157178e-05,2.381856481755449e-05,calm
2011-01-20,2.423325479271243e-05,5.550722566759392e-05,calm
2011-01-21,3.8502630503002955e-05,3.756513596401425e-05,calm
2011-01-24,3.3466042393527546e-05,1.531635445315959e-05,calm
2011-01-25,2.325657479251267e-05,3.79237962656442e-05,calm
2011-01-26,3.5835156421338317e-05,3.28900093254664e-05,calm
2011-01-27,3.463444453753021e-05,2.017380181032832e-05,calm
2011-01-28,2.6407586784259023e-05,6.31841483895345e-05,calm
2011-01-31,4.6375520474689466e-05,3.700817765223655e-05,calm
2011-02-01,3.822086628200176e-05,4.716407584131788e-05,calm
2011-02-02,4.35647059125345e-05,2.0577533644786858e-05,calm
2011-02-03,3.0381982036938645e-05,3.643164006841747e-05,calm
2011-02-04,3.908678581447215e-05,3.122646676569274e-05,calm
2011-02-07,3.4742733660686e-05,1.820278106748465e-05,calm
2011-02-08,2.6916672750527925e-05,1.4937420995194448e-05,calm
2011-02-09,2.291909290299085e-05,2.404574614087772e-05,calm
2011-02-10,2.7565520360732227e-05,5.0863824770305625e-05,calm
2011-02-11,3.96366647007014e-05,2.48407599399146e-05,calm
2011-02-14,2.8267758653755654e-05,1.2014160787732131e-05,calm
2011-02-15,2.1027806502957002e-05,2.4211233926983503e-05,calm
2011-02-16,2.8058287912365045e-05,3.658516790264395e-05,calm
2011-02-17,3.46060907544484e-05,1.582868302703548e-05,calm
2011-02-18,2.262643815589468e-05,1.435790772207311e-05,calm
2011-02-22,2.0974855336904056e-05,0.0001458035303788,calm
2011-02-23,7.793546517579295e-05,8.842513533705177e-05,calm
2011-02-24,6.43176713170692e-05,8.387350084143883e-05,calm
2011-02-25,6.684785834584357e-05,4.4698805675268e-05,calm
2011-02-28,5.3343560914967144e-05,3.0580310011967745e-05,calm
2011-03-01,4.7964539462715605e-05,6.969199980526215e-05,calm
2011-03-02,6.24855751161461e-05,5.0355268985652974e-05,calm
2011-03-03,5.168326531190363e-05,9.074475694369822e-05,calm
2011-03-04,6.87752105011208e-05,5.779030829686026e-05,calm
2011-03-07,5.671767025320067e-05,7.297858750078786e-05,calm
2011-03-08,6.699385952695861e-05,4.654102515045888e-05,calm
2011-03-09,5.3788647877599836e-05,6.219610267023637e-05,calm
2011-03-10,6.190988331116051e-05,0.000203013520129,calm
2011-03-11,0.00012180804648799418,5.088364559329599e-05,calm
2011-03-14,6.313127357756775e-05,8.247146718284295e-05,calm
2011-03-15,7.841666726458127e-05,0.0005259266245354,calm
2011-03-16,0.00026005116626809784,0.0002003886876956,calm
2011-03-17,0.00016523928708475557,0.0001814851288761,calm
2011-03-18,0.00015806528539138922,0.00013406925766,calm
2011-03-21,0.00014704618164518415,0.0001375443006583,calm
2011-03-22,0.0001543007391082015,2.545006714539485e-05,calm
2011-03-23,6.773643327803966e-05,3.442962325424006e-05,calm
2011-03-24,6.394342538598484e-05,2.76834792876599e-05,calm
2011-03-25,5.029262598944928e-05,2.0370093417957912e-05,calm
2011-03-28,3.871346345249655e-05,2.061616413546137e-05,calm
2011-03-29,3.228328308135303e-05,2.7972965369255708e-05,calm
2011-03-30,3.616469548064348e-05,1.705094979249867e-05,calm
2011-03-31,2.887420108433643e-05,2.9666353172874155e-05,calm
2011-04-04,3.5259131304962064e-05,1.883702726295959e-05,calm
2011-04-05,2.942776285311901e-05,2.0060311812078146e-05,calm
2011-04-06,2.96419978763931e-05,6.935730631865061e-05,calm
2011-04-07,5.3884132256199754e-05,2.7510879531417497e-05,calm
2011-04-11,3.67285761303201e-05,6.419952436715044e-05,calm
2011-04-12,5.5565854545486437e-05,5.760901620961569e-05,calm
2011-04-13,5.631524591292982e-05,4.6200103358443615e-05,calm
2011-04-14,5.295052873237639e-05,2.5540169406701747e-05,calm
2011-04-18,3.93055012316393e-05,2.625235904368236e-05,calm
2011-04-19,3.9223552723093044e-05,6.782599051124722e-05,calm
2011-04-20,5.6647307566454145e-05,1.79142348664616e-05,calm
2011-04-25,3.0032660930919606e-05,2.2592476955390103e-05,calm
2011-04-26,3.0215769819634994e-05,2.452108981047688e-05,calm
2011-04-27,3.057457859850189e-05,1.5099657328660752e-05,calm
2011-04-28,2.4236719421921375e-05,8.58382102700776e-06,calm
2011-05-02,1.688345164556982e-05,3.447613294018942e-05,calm
2011-05-03,3.0280136138433034e-05,6.270218683635757e-05,calm
2011-05-04,4.406841396506842e-05,9.972172466244132e-05,calm
2011-05-05,6.303445197703408e-05,0.0001438927830552,calm
2011-05-09,8.936012688354547e-05,1.719341455431668e-05,calm
2011-05-10,3.751116380744551e-05,5.130003074394668e-05,calm
2011-05-11,5.694850146114127e-05,5.297219137231519e-05,calm
2011-05-12,5.719525702924562e-05,4.492979687618087e-05,calm
2011-05-16,5.029988137772795e-05,6.79595241649972e-05,calm
2011-05-17,5.647894416652111e-05,2.9241697364447137e-05,calm
2011-05-18,4.0412056195673086e-05,3.7055280328601325e-05,calm
2011-05-19,4.3286808010761874e-05,3.942391884027123e-05,calm
2011-05-23,4.326748040406924e-05,3.4144485749644044e-05,calm
2011-05-24,3.987447561918321e-05,4.0614319514591056e-05,calm
2011-05-25,4.103470844051613e-05,4.204424656077055e-05,calm
2011-05-26,4.2794118193893194e-05,3.4745695253206325e-05,calm
2011-05-31,3.940715666270878e-05,6.122838668793894e-05,calm
2011-06-01,5.216999945262675e-05,7.037996923738962e-05,calm
2011-06-02,5.899306795323127e-05,0.0001582941349059,calm
2011-06-06,0.00010004893625128428,5.674614868623032e-05,calm
2011-06-07,6.253214846297007e-05,5.514007241476984e-05,calm
2011-06-08,6.39371854846278e-05,2.5419872929761795e-05,calm
2011-06-09,4.59084325567231e-05,9.172735090604128e-05,calm
2011-06-13,7.83575670236501e-05,0.0001090587122311,calm
2011-06-14,8.263442332174705e-05,0.0001364343426889,calm
2011-06-15,9.8788844589939e-05,7.710994068011213e-05,calm
2011-06-16,7.672282861178859e-05,0.000117306288219,calm
2011-06-20,0.00010225333007656523,3.548542263122379e-05,calm
2011-06-21,5.975794511122481e-05,3.626060591745582e-05,calm
2011-06-22,5.518469127243963e-05,0.0003592363371063,calm
2011-06-23,0.00018578666325971913,5.082565679739707e-05,calm
2011-06-27,7.063619039746158e-05,3.2124040819697895e-05,calm
2011-06-28,5.476885578021361e-05,4.781503072112748e-05,calm
2011-06-29,6.417487979684574e-05,4.061285319996151e-05,calm
2011-06-30,6.0891434303355855e-05,4.967994554796526e-05,calm
2011-07-05,5.2348639022189284e-05,2.689939327279769e-05,calm
2011-07-06,3.9497828464494874e-05,7.169933840344104e-05,calm
2011-07-07,6.260810368761563e-05,0.0001108848950702,calm
2011-07-11,8.272643888835275e-05,7.409577441656873e-05,calm
2011-07-12,7.118772038429307e-05,7.722567921397407e-05,calm
2011-07-13,7.471750244040303e-05,9.361751816153733e-05,calm
2011-07-14,8.708131079050993e-05,9.632823679279616e-05,calm
2011-07-18,9.035441989032109e-05,8.872147854031476e-05,calm
2011-07-19,8.590907860350856e-05,2.549843465083299e-05,calm
2011-07-20,5.085987934546714e-05,9.197064540749034e-05,calm
2011-07-21,8.355559765273857e-05,2.289609244205236e-05,calm
2011-07-25,4.465561755891551e-05,2.469546219554257e-05,calm
2011-07-26,4.046178243962569e-05,0.000118913702522,calm
2011-07-27,8.157682913417779e-05,4.492033778355952e-05,calm
2011-07-28,5.3591150422964126e-05,0.0002106797545272,calm
2011-08-01,0.0001229312941788698,0.0001362794758716,calm
2011-08-02,0.00010843233283452383,0.0002130799940707,calm
2011-08-03,0.00015226168793390184,0.0004396521982625,calm
2011-08-04,0.0002533651396344629,0.0010861431105571,calm
2011-08-08,0.0005424665786502907,0.0015607229988121,calm
2011-08-09,0.0008080703946742985,0.0015734198257311,calm
2011-08-10,0.0009562391178909546,0.0007446347309996,calm
2011-08-11,0.0006916733968133206,0.0003886922186,calm
2011-08-15,0.0005174596235115902,0.0003033574034531,calm
2011-08-16,0.000423276803919136,0.0001382748966214,calm
2011-08-17,0.00025583804099126007,0.0010052588777701,calm
2011-08-18,0.0006146923243329683,0.0004163771591692,calm
2011-08-22,0.00037123994988515533,0.0002394839477837,calm
2011-08-23,0.0002817077034673129,0.0001872876470081,calm
2011-08-24,0.00024770949220477226,0.0003732760674809,calm
2011-08-25,0.00035633352837014014,0.0003662589384973,calm
2011-08-29,0.00032477210085580323,0.0002176450023445,calm
2011-08-30,0.0002460038510518396,0.0001933994712384,calm
2011-08-31,0.00023265854559295139,0.000215655913859,calm
2011-09-01,0.00024766753997603597,0.0004645473706703,calm
2011-09-06,0.00036365690437596573,0.0002036261280501,calm
2011-09-07,0.0002400644632981804,0.0001893283056435,calm
2011-09-08,0.0002306060983990728,0.000383215845704,calm
2011-09-12,0.00033333937954947886,0.0001653459537123,calm
2011-09-13,0.00022772807281878815,0.0002287610291912,calm
2011-09-14,0.00024394358700800933,0.0001650758775017,calm
2011-09-15,0.0002061082056562118,0.0001197666677754,calm
2011-09-19,0.00017180943570656982,0.0001135307614229,calm
2011-09-20,0.00014777892478560814,0.0002261384432634,calm
2011-09-21,0.00020162916076334306,0.0011173442663123,calm
2011-09-22,0.0005699866463237713,0.0002774400408178,calm
2011-09-26,0.00027456228629388834,0.0004870790268771,calm
2011-09-27,0.0003934547290211091,0.0002445731583342,calm
2011-09-28,0.00029616007673611503,0.000562028037221,calm
2011-09-29,0.00045965264175933774,0.0005049099895407,calm
2011-10-03,0.0004066715375743795,0.0007267240042017,calm
2011-10-04,0.0005285351070737198,0.0002843865443569,calm
2011-10-05,0.0003281654141017959,0.0001823214812192,calm
2011-10-06,0.0002697359342812141,0.0002047184326505,calm
2011-10-10,0.00025953561031868413,0.0001303310486738,calm
2011-10-11,0.0001966450604320126,0.0001687296400536,calm
2011-10-12,0.00018860618103744587,0.0001695946298074,calm
2011-10-13,0.0001801138805616678,0.000221675559531,calm
2011-10-17,0.00020607155530047162,0.000231354227109,calm
2011-10-18,0.00021236566494142587,0.0001374227849837,calm
2011-10-19,0.0001685705452956572,0.0002100067651359,calm
2011-10-20,0.00020547133619194504,0.0001960088353782,calm
2011-10-24,0.00020095672598034904,0.0002155622847502,calm
2011-10-25,0.00020961139867874468,0.0003112079035346,calm
2011-10-26,0.00025647987698029773,0.0006616970760231,calm
2011-10-27,0.00042920836157591985,8.637026437922611e-05,calm
2011-10-31,0.00016884336830128705,0.0002367220951013,calm
2011-11-01,0.0002454328568188906,0.0009656929184634,calm
2011-11-02,0.000569203097132268,0.0003255793232157,calm
2011-11-03,0.0003278445394975454,0.0002501236442729,calm
2011-11-04,0.0002697791356485535,0.0001540340988926,calm
2011-11-07,0.00022706413270710458,9.450561200691156e-05,calm
2011-11-08,0.00017912245094776495,0.0001240930198906,calm
2011-11-09,0.00015609417068945884,0.0005922209667006,calm
2011-11-10,0.0003535957213909749,0.0002700224710458,calm
2011-11-11,0.00023678468203629528,0.0001858628654852,calm
2011-11-14,0.0002027590508906556,7.984105641640929e-05,calm
2011-11-15,0.0001464060885827224,0.0001038825819842,calm
2011-11-16,0.00015780486394971173,0.0002439370176897,calm
2011-11-17,0.00020600671215674127,0.000203281411876,calm
2011-11-18,0.0001849066478052676,9.207688960280652e-05,calm
2011-11-21,0.0001259850541952817,0.0003289374129427,calm
2011-11-22,0.0002455046086846776,0.0001238007615842,calm
2011-11-23,0.00015972907009425896,0.0002222091514823,calm
2011-11-25,0.0002030142921258945,7.356725169968264e-05,calm
2011-11-28,0.00012176321171633838,0.0007899780140908,calm
2011-11-29,0.0004378293153798812,7.870956172680729e-05,calm
2011-11-30,0.00013982492074396695,0.0007088451526677,calm
2011-12-01,0.0004260097271865187,6.870588399345685e-05,calm
2011-12-02,0.0001525239664007982,0.0001108570257137,calm
2011-12-05,0.00017646224186350164,0.0002659068549598,calm
2011-12-06,0.00022003543815519126,5.12262294417342e-05,calm
2011-12-07,0.00011680046298190645,0.000121369952746,calm
2011-12-08,0.00012683093244684018,0.0001638233556814,calm
2011-12-09,0.0001528846913650602,0.0001193666968594,calm
2011-12-12,0.0001347093475720389,0.0002102099434077,calm
2011-12-13,0.00016646152474271693,0.000184923889616,calm
2011-12-14,0.00016850787157164087,0.0001300252689424,calm
2011-12-15,0.00014576789068893487,0.0001482031157503,calm
2011-12-16,0.00015309185741293365,0.0001160943251004,calm
2011-12-19,0.00013875089739542076,9.05862687938204e-05,calm
2011-12-20,0.00011752174387962867,0.000316731032191,calm
2011-12-21,0.00021446064680473965,7.107408248239379e-05,calm
2011-12-22,0.0001102384569660873,2.8470780834441288e-05,calm
2011-12-23,7.40532513649587e-05,2.2105238386547145e-05,calm
2011-12-27,6.145184043836955e-05,2.1352012143961145e-05,calm
2011-12-28,5.425468406591826e-05,3.888108414857559e-05,calm
2011-12-29,5.1393850389916505e-05,3.04486502391406e-05,calm
2011-12-30,4.2146449343244755e-05,1.7158468017474457e-05,calm
2012-01-03,3.352246007364266e-05,0.0003049841630565,calm
2012-01-04,0.00015042753489640393,3.890710184958219e-05,calm
2012-01-05,5.881884153429643e-05,6.515797739667469e-05,calm
2012-01-06,7.314295099006924e-05,3.348536473204581e-05,calm
2012-01-09,5.694195248667441e-05,1.974168966755715e-05,calm
2012-01-10,4.882580260217884e-05,0.0001274286095429,calm
2012-01-11,8.799925634065389e-05,4.084776862307181e-05,calm
2012-01-12,5.342954524715766e-05,4.106153449354368e-05,calm
2012-01-13,5.1268332475812775e-05,0.000104544238332,calm
2012-01-17,8.18684483930633e-05,8.777894246988321e-05,calm
2012-01-18,8.155236343384657e-05,3.872876902864405e-05,calm
2012-01-19,5.342346585711939e-05,2.9729950467130063e-05,calm
2012-01-20,4.72096188736671e-05,1.7813525153193508e-05,calm
2012-01-23,3.780200739220055e-05,2.961763087372188e-05,calm
2012-01-24,3.932140048833614e-05,4.899248892965565e-05,calm
2012-01-25,4.443794142679473e-05,5.77174667725078e-05,calm
2012-01-26,4.916486934828649e-05,4.883637370790306e-05,calm
2012-01-27,4.739757180181426e-05,3.1998099127832774e-05,calm
2012-01-30,4.1525956627690575e-05,0.0001217185709649,calm
2012-01-31,8.357097447734948e-05,7.901718404213539e-05,calm
2012-02-01,7.073409840032637e-05,8.556683889317936e-05,calm
2012-02-02,7.586614898111237e-05,2.2104800368233525e-05,calm
2012-02-03,4.4253090349970166e-05,9.6645942938878e-05,calm
2012-02-06,8.174655540245481e-05,3.622238209246629e-05,calm
2012-02-07,5.0162960389700565e-05,2.982289152609981e-05,calm
2012-02-08,4.324801233539669e-05,2.237268558021672e-05,calm
2012-02-09,3.513452145396036e-05,3.228904463423826e-05,calm
2012-02-10,4.101640031329157e-05,9.358989587712998e-05,calm
2012-02-13,6.463691828357644e-05,4.690565213574275e-05,calm
2012-02-14,4.804750317608437e-05,3.1717626309871487e-05,calm
2012-02-15,4.138929785788549e-05,5.395375282093064e-05,calm
2012-02-16,5.357458021703408e-05,3.00807661627311e-05,calm
2012-02-17,4.2311480720535355e-05,2.0916536317296205e-05,calm
2012-02-21,3.287435973277642e-05,2.9926650902791096e-05,calm
2012-02-22,3.6036183907185296e-05,2.4551182039089954e-05,calm
2012-02-23,3.29839853105241e-05,1.993731928808601e-05,calm
2012-02-24,2.827575633519184e-05,1.692877875594198e-05,calm
2012-02-27,2.5488991263442485e-05,6.88217800402775e-05,calm
2012-02-28,4.996038900460511e-05,2.5818658088677705e-05,calm
2012-02-29,3.238699973983017e-05,4.4358475972830144e-05,calm
2012-03-01,4.199786465522491e-05,5.52997021151936e-05,calm
2012-03-02,4.899042227343992e-05,2.479284423405272e-05,calm
2012-03-05,3.6196823155464856e-05,3.208291962157205e-05,calm
2012-03-06,3.6948628099550356e-05,0.0001292223877633,calm
2012-03-07,8.031447773439877e-05,2.504784109351829e-05,calm
2012-03-08,3.8016752424694046e-05,6.346358216744232e-05,calm
2012-03-09,5.544016980270233e-05,2.2641260007094755e-05,calm
2012-03-12,3.7157192179944406e-05,2.0281134585090364e-05,calm
2012-03-13,3.4817220896666595e-05,4.548335772533618e-05,calm
2012-03-14,4.212316321572341e-05,2.178604596435164e-05,calm
2012-03-15,3.102064405912271e-05,2.4231506054329194e-05,calm
2012-03-16,2.952348730122256e-05,1.4727339980913664e-05,calm
2012-03-19,2.4031642796728565e-05,1.6638104157386555e-05,calm
2012-03-20,2.4469906379205867e-05,5.581357967756558e-05,calm
2012-03-21,4.1214479653874537e-05,1.914050799625005e-05,calm
2012-03-22,2.6160867635195877e-05,6.554381363627071e-05,calm
2012-03-23,4.7759393453468395e-05,1.822836193212128e-05,calm
2012-03-26,2.8679598656017843e-05,1.4486205955651356e-05,calm
2012-03-27,2.6395994656931235e-05,3.343567585038475e-05,calm
2012-03-28,3.4106484149729105e-05,6.522909326620424e-05,calm
2012-03-29,4.991241727050488e-05,3.4114542105778865e-05,calm
2012-04-02,3.5723604373696966e-05,5.401224429395893e-05,calm
2012-04-03,4.673564178315011e-05,0.0001043920155054,calm
2012-04-04,7.264181002139337e-05,2.88664387758584e-05,calm
2012-04-09,4.2143601489627026e-05,6.519545757148817e-05,calm
2012-04-10,5.8143148889593494e-05,0.000100789963319,calm
2012-04-11,7.644237890513909e-05,2.322062655091499e-05,calm
2012-04-12,4.0895708646161385e-05,5.24132766509063e-05,calm
2012-04-16,5.135416337682208e-05,7.035723218302853e-05,calm
2012-04-17,6.22857124936727e-05,4.563386024921558e-05,calm
2012-04-18,5.090934164430026e-05,8.270253573773732e-05,calm
2012-04-19,6.47458954923539e-05,4.030085771170916e-05,calm
2012-04-23,4.9560291014841375e-05,3.16168218105666e-05,calm
2012-04-24,4.38727575504231e-05,0.0001329333352019,calm
2012-04-25,8.743164361352726e-05,2.2611473617518767e-05,calm
2012-04-26,4.1134492058981325e-05,2.780944214487193e-05,calm
2012-04-30,3.998560588828781e-05,4.828298259863768e-05,calm
2012-05-01,5.0073648006055316e-05,5.153086874016891e-05,calm
2012-05-02,5.30172104186592e-05,4.010644912318834e-05,calm
2012-05-03,4.299622867441446e-05,7.119435687576865e-05,calm
2012-05-07,5.98060865350014e-05,0.0001023715795135,calm
2012-05-08,7.780371988485026e-05,0.000186740057948,calm
2012-05-09,0.00011725786645680042,0.0001030743643289,calm
2012-05-10,9.281892168715789e-05,6.997402066982703e-05,calm
2012-05-14,8.20253893842833e-05,6.232345062955374e-05,calm
2012-05-15,7.752547387478689e-05,7.900807976602752e-05,calm
2012-05-16,8.367239699746146e-05,8.598359078272735e-05,calm
2012-05-17,8.072793872039084e-05,8.786943632652968e-05,calm
2012-05-21,8.034698309294781e-05,8.606340842957042e-05,calm
2012-05-22,8.142878726762176e-05,0.000116506120944,calm
2012-05-23,9.784990204152423e-05,8.10139927381339e-05,calm
2012-05-24,8.400698282460715e-05,3.613137488977965e-05,calm
2012-05-29,5.902086619197048e-05,0.0001260042564746,calm
2012-05-30,9.970882425034895e-05,8.768275048546974e-05,calm
2012-05-31,8.550510827925419e-05,0.0002236695020505,calm
2012-06-04,0.00014229900024336325,5.389168714864125e-05,calm
2012-06-05,7.466842655571977e-05,8.9599882911639e-05,calm
2012-06-06,9.618070961632394e-05,0.0001433450163523,calm
2012-06-07,0.00011970600229332301,4.9615283872675954e-05,calm
2012-06-11,7.643572904092857e-05,8.263207359359059e-05,calm
2012-06-12,8.380808547741237e-05,8.540430263374963e-05,calm
2012-06-13,8.799109405838584e-05,8.915835495878956e-05,calm
2012-06-14,8.964612055527104e-05,3.5724534121877355e-05,calm
2012-06-18,5.7222797843194176e-05,5.8111292578117935e-05,calm
2012-06-19,6.791019717977298e-05,7.656060070234522e-05,calm
2012-06-20,7.51289855092889e-05,6.76862166962777e-05,calm
2012-06-21,7.015308331651294e-05,4.263915162794018e-05,calm
2012-06-25,5.5498367901046456e-05,4.860012022850214e-05,calm
2012-06-26,5.916550713898121e-05,4.135767106026526e-05,calm
2012-06-27,5.416574315247316e-05,0.0001272586548154,calm
2012-06-28,9.129456581093655e-05,0.000244701141918,calm
2012-07-02,0.0001429120532672278,1.4775053544635136e-05,calm
2012-07-05,4.7089460974912575e-05,0.0001033687487941,calm
2012-07-09,9.405084968959304e-05,7.665336108707708e-05,calm
2012-07-10,8.679610531288188e-05,5.666221507189737e-05,calm
2012-07-11,7.232531547926056e-05,0.0001008161472533,calm
2012-07-12,8.303542943949062e-05,5.0072674235071045e-05,calm
2012-07-16,6.54530442639564e-05,9.070389177571732e-05,calm
2012-07-17,8.201633625473286e-05,2.8421573425301804e-05,calm
2012-07-18,4.979394827657747e-05,3.598985667629793e-05,calm
2012-07-19,5.1412241488305456e-05,5.518798239174988e-05,calm
2012-07-23,5.713191617686844e-05,7.654682237739664e-05,calm
2012-07-24,6.759861302592345e-05,5.978383074313445e-05,calm
2012-07-25,5.868219160916361e-05,0.0003058355428357,calm
2012-07-26,0.00015932268390310945,8.342990921611934e-05,calm
2012-07-30,8.970694140583451e-05,3.496929008963927e-05,calm
2012-07-31,6.450246406624314e-05,6.843387634041e-05,calm
2012-08-01,8.014921520125454e-05,0.0001298245382131,calm
2012-08-02,0.0001107580171140477,0.0002096643767229,calm
2012-08-06,0.0001348204984872106,3.391164081453909e-05,calm
2012-08-07,6.13001502319934e-05,2.5739623613498164e-05,calm
2012-08-08,5.5487063976764925e-05,1.835847287304024e-05,calm
2012-08-09,4.58740866412836e-05,3.89736578095405e-05,calm
2012-08-13,5.059009635002914e-05,2.365541729874731e-05,calm
2012-08-14,3.3979357556478736e-05,1.177752167494828e-05,calm
2012-08-15,2.515149907053353e-05,1.3425341025138576e-05,calm
2012-08-16,2.4655421733138453e-05,7.001791764425687e-06,calm
2012-08-20,1.92694756548138e-05,3.3930663858682106e-05,calm
2012-08-21,3.1631122023457056e-05,3.7089232017258735e-05,calm
2012-08-22,3.3856378812264294e-05,3.984932732470013e-05,calm
2012-08-23,3.727540567489858e-05,2.689926562398257e-05,calm
2012-08-27,3.318273395184294e-05,2.5538017095215568e-05,calm
2012-08-28,3.4594890509192334e-05,1.2040171559416912e-05,calm
2012-08-29,2.5287318377421093e-05,4.755492678973102e-05,calm
2012-08-30,4.1899839268975084e-05,0.0001127480578983,calm
2012-09-04,6.953702995450637e-05,1.957833649500373e-05,calm
2012-09-05,3.208694057308848e-05,7.66222748124791e-05,calm
2012-09-06,5.935934464604265e-05,1.133639571907586e-05,calm
2012-09-10,3.011585711691841e-05,1.5029954874582336e-05,calm
2012-09-11,2.9515357947571504e-05,2.601793789320067e-05,calm
2012-09-12,2.9880801612337458e-05,6.025276581838828e-05,calm
2012-09-13,4.563240670897462e-05,4.818068046913037e-05,calm
2012-09-17,3.9588698097571294e-05,1.853772857602845e-05,calm
2012-09-18,2.793549293311068e-05,2.38946300150818e-05,calm
2012-09-19,3.139358876377421e-05,4.416107314989428e-05,calm
2012-09-20,4.144586518495107e-05,3.041274257982312e-05,calm
2012-09-24,3.377716980415423e-05,3.423097793865492e-05,calm
2012-09-25,3.4606151897364316e-05,3.591889567568471e-05,calm
2012-09-26,3.7032098502123606e-05,3.3672464761823935e-05,calm
2012-09-27,3.720697237830057e-05,4.069027283187193e-05,calm
2012-10-01,3.9913074037811854e-05,4.984070856673392e-05,calm
2012-10-02,4.5144917871394904e-05,3.138067474574152e-05,calm
2012-10-03,3.72349485343861e-05,3.559074342526186e-05,calm
2012-10-04,3.9103645591136575e-05,4.070417846334557e-05,calm
2012-10-08,4.192441936048496e-05,3.174823811372e-05,calm
2012-10-09,3.75822484417342e-05,2.5290673266691225e-05,calm
2012-10-10,3.267561232449588e-05,6.139073601278572e-05,calm
2012-10-11,4.910335563376502e-05,2.5330098632767508e-05,calm
2012-10-15,3.3656500253588266e-05,2.785233746867163e-05,calm
2012-10-16,3.354706523905824e-05,1.5745012037851736e-05,calm
2012-10-17,2.6385306998421295e-05,3.540957238847098e-05,calm
2012-10-18,3.63272836473332e-05,6.018656731008063e-05,calm
2012-10-22,4.5905174172063506e-05,0.0001765566189366,calm
2012-10-23,9.397390151132412e-05,5.429834793092829e-05,calm
2012-10-24,5.546332935851176e-05,0.0001083287131471,calm
2012-10-25,8.493472539984892e-05,6.296278117322756e-05,calm
2012-10-31,7.027633469632105e-05,5.3407105091254416e-05,calm
2012-11-01,6.557891119416575e-05,3.741028092080471e-05,calm
2012-11-02,5.002201550244718e-05,4.516433823150892e-05,calm
2012-11-05,5.292373277879203e-05,2.421946598864764e-05,calm
2012-11-06,3.744217669874873e-05,4.121185366659854e-05,calm
2012-11-07,4.3793523574935996e-05,0.0002762342394764,calm
2012-11-08,0.00013331769231408408,6.673557381500837e-05,calm
2012-11-09,6.846007660695496e-05,8.893758769889924e-05,calm
2012-11-12,8.134323915803674e-05,2.352204228345602e-05,calm
2012-11-13,5.1080592092908643e-05,8.837113898340802e-05,calm
2012-11-14,8.538621665299864e-05,7.852655197722172e-05,calm
2012-11-15,7.149509516452732e-05,7.456799350022986e-05,calm
2012-11-16,7.098336177598026e-05,8.976071102457922e-05,calm
2012-11-19,7.709323650119809e-05,0.0001683007005373,calm
2012-11-20,0.00011822573141932005,6.227230808902253e-05,calm
2012-11-21,7.600369760277823e-05,1.328067877673953e-05,calm
2012-11-23,4.3517026661736556e-05,3.335191367277284e-05,calm
2012-11-26,5.243147934941292e-05,5.280680884305069e-05,calm
2012-11-27,5.8898598190649945e-05,4.583094631916258e-05,calm
2012-11-28,4.838111667049008e-05,9.923239501647353e-05,calm
2012-11-29,7.10036990666378e-05,8.122214576298956e-05,calm
2012-11-30,7.121143083716131e-05,2.621522388862159e-05,calm
2012-12-03,4.610632068810567e-05,5.716781444643248e-05,calm
2012-12-04,6.089665304553813e-05,3.79428950117525e-05,calm
2012-12-05,5.16871012063091e-05,4.688735870652034e-05,calm
2012-12-06,5.2311664540979083e-05,2.7822664154467448e-05,calm
2012-12-07,3.986337206204821e-05,3.756443941463415e-05,calm
2012-12-10,4.534892346757697e-05,1.6628014326916485e-05,calm
2012-12-11,3.077386335988526e-05,3.905595044054508e-05,calm
2012-12-12,4.122678782517462e-05,3.2103749187647705e-05,calm
2012-12-13,3.681283208071429e-05,3.012319856349701e-05,calm
2012-12-14,3.619077326803904e-05,3.0831574839044194e-05,calm
2012-12-17,3.5644109515696174e-05,3.437120072587716e-05,calm
2012-12-18,3.856141881642767e-05,2.75084785744669e-05,calm
2012-12-19,3.4320949882856836e-05,2.5230850792668583e-05,calm
2012-12-20,3.2346094273713705e-05,3.234237026769193e-05,calm
2012-12-21,3.5037219605964425e-05,0.0001528189940996,calm
2012-12-24,8.419586106251361e-05,9.387796808350876e-06,calm
2012-12-26,2.6970846339874483e-05,2.229001460692664e-05,calm
2012-12-27,3.3813245266109956e-05,7.522437191522163e-05,calm
2012-12-28,5.929312201481904e-05,6.864994577711682e-05,calm
2012-12-31,6.010402515942131e-05,9.9800112962042e-05,calm
2013-01-02,6.825946054975375e-05,0.0003998754125332,calm
2013-01-03,0.00018741629274842585,2.877280132531701e-05,calm
2013-01-04,6.114113126947904e-05,2.059038508901497e-05,calm
2013-01-07,5.1024754870101524e-05,3.326206726152528e-05,calm
2013-01-08,5.5385778768354456e-05,2.154543356157129e-05,calm
2013-01-09,4.307769562826024e-05,1.9297589354295653e-05,calm
2013-01-10,2.7807995011835312e-05,2.0224199506513203e-05,calm
2013-01-11,2.743072797329824e-05,1.058118454845889e-05,calm
2013-01-14,2.144035348944601e-05,1.5782705881397227e-05,calm
2013-01-15,2.273533403744523e-05,2.837754542255928e-05,calm
2013-01-16,2.8782870119581712e-05,1.355334985286304e-05,calm
2013-01-17,2.1456999257608305e-05,2.429108862798138e-05,calm
2013-01-18,2.6668103495766142e-05,1.2861965032070728e-05,calm
2013-01-22,2.1434745963169675e-05,1.2411988371334658e-05,calm
2013-01-23,2.0764579539638264e-05,7.592427693681032e-06,calm
2013-01-24,1.6273309729728117e-05,1.8827176710806687e-05,calm
2013-01-25,2.222033972691113e-05,3.02764226577382e-05,calm
2013-01-28,2.681180085899988e-05,1.262825579769491e-05,calm
2013-01-29,1.9280616719626463e-05,1.6187684869431636e-05,calm
2013-01-30,2.1282189484677535e-05,2.09092179074234e-05,calm
2013-01-31,2.4434599875325222e-05,2.9371916164567862e-05,calm
2013-02-01,2.8585936181971875e-05,4.667615910969572e-05,calm
2013-02-04,3.594961635112303e-05,5.3222324391733134e-05,calm
2013-02-05,4.064773677576865e-05,4.338277753248456e-05,calm
2013-02-06,3.95974405460283e-05,3.696884506327915e-05,calm
2013-02-07,3.860701851772673e-05,3.553096924931811e-05,calm
2013-02-08,3.8532480671945846e-05,1.4858985533263876e-05,calm
2013-02-11,2.6249891152509894e-05,8.239588701751283e-06,calm
2013-02-12,1.916281559157037e-05,7.453805186752834e-06,calm
2013-02-13,1.6117799075711516e-05,1.842833059757055e-05,calm
2013-02-14,2.0421905660863774e-05,2.3600096409362045e-05,calm
2013-02-15,2.1816574765230804e-05,1.883684365720955e-05,calm
2013-02-19,2.016675521078434e-05,1.4263749582525975e-05,calm
2013-02-20,1.8763766418272152e-05,2.414955318655678e-05,calm
2013-02-21,2.4573240140962406e-05,5.206624911544685e-05,calm
2013-02-22,3.7659446110004216e-05,4.186252501170508e-05,calm
2013-02-25,3.5747809051188554e-05,8.787405534139898e-05,calm
2013-02-26,5.7526584519561846e-05,7.180103692033423e-05,calm
2013-02-27,5.785672830430889e-05,3.30599284682281e-05,calm
2013-02-28,4.314071111519037e-05,3.1437288786903195e-05,calm
2013-03-01,4.099650742483074e-05,8.625860729561744e-05,calm
2013-03-04,6.633898649948539e-05,2.7543344456191208e-05,calm
2013-03-05,3.847347073705121e-05,5.865733896844221e-05,calm
2013-03-06,5.0873019322938424e-05,2.3545224786428843e-05,calm
2013-03-07,3.498682101776079e-05,1.5450122880313302e-05,calm
2013-03-08,2.904964774085591e-05,2.0637116211646523e-05,calm
2013-03-11,2.7698434251442105e-05,9.153525703416009e-06,calm
2013-03-12,1.9871648270957704e-05,1.7060011026442335e-05,calm
2013-03-13,2.1383179997781442e-05,1.2882094535612389e-05,calm
2013-03-14,1.8552032245372145e-05,1.3870996832820092e-05,calm
2013-03-15,1.894075085125844e-05,1.526929430908865e-05,calm
2013-03-18,1.9240648128262528e-05,0.000119838337724,calm
2013-03-19,6.217003020013041e-05,7.129016940563635e-05,calm
2013-03-20,5.219554582153191e-05,5.758186616021913e-05,calm
2013-03-21,5.190466026516667e-05,5.290476289765424e-05,calm
2013-03-22,5.432551005798873e-05,3.332018065767891e-05,calm
2013-03-25,4.7736720995064655e-05,4.72878450823159e-05,calm
2013-03-26,4.965174251168477e-05,2.880351498297227e-05,calm
2013-03-27,3.837203363517555e-05,6.680165414044689e-05,calm
2013-03-28,5.426166491325574e-05,1.258246753277589e-05,calm
2013-04-01,2.679367743775995e-05,3.444092707341793e-05,calm
2013-04-02,3.749610596187563e-05,3.440428412456607e-05,calm
2013-04-03,3.657329643563074e-05,4.033892637543374e-05,calm
2013-04-04,3.965124921411104e-05,0.0001931349366465,calm
2013-04-08,9.697046974339237e-05,2.3895552756355703e-05,calm
2013-04-09,3.951740502048962e-05,3.6150123460505e-05,calm
2013-04-10,4.5678259695957046e-05,1.84645679879864e-05,calm
2013-04-11,3.5393523470544965e-05,4.448918276009261e-05,calm
2013-04-15,4.8250361897630326e-05,7.275846560740251e-05,calm
2013-04-16,5.374357710528187e-05,0.0001302344265993,calm
2013-04-17,8.17781503167119e-05,6.784704614114405e-05,calm
2013-04-18,6.342132465035887e-05,3.899180621419903e-05,calm
2013-04-22,5.365418148187725e-05,0.0001851891684182,calm
2013-04-23,0.00011863508561774537,1.427300166638192e-05,calm
2013-04-24,4.252455522241741e-05,2.610507571500376e-05,calm
2013-04-25,4.2931526024985e-05,1.7877119257672902e-05,calm
2013-04-29,3.4433558687613486e-05,2.2011346143895227e-05,calm
2013-04-30,3.501307935393926e-05,3.603276479960991e-05,calm
2013-05-01,3.446570401709911e-05,2.494463825834536e-05,calm
2013-05-02,3.072210192505167e-05,0.0001080552857433,calm
2013-05-06,6.6507273221968e-05,1.6900373727138884e-05,calm
2013-05-07,3.1222723536431927e-05,1.046981371066436e-05,calm
2013-05-08,2.6233641662516514e-05,2.6764550271978384e-05,calm
2013-05-09,3.4018704471639855e-05,2.903387023421825e-05,calm
2013-05-13,3.5343001754013395e-05,1.920314015380076e-05,calm
2013-05-14,2.5700146262778532e-05,2.4073426285490263e-05,calm
2013-05-15,2.7818138374163063e-05,3.1126669115749685e-05,calm
2013-05-16,3.2804552037832553e-05,2.180143436279464e-05,calm
2013-05-20,2.822979226369536e-05,2.9020951579786607e-05,calm
2013-05-21,3.1467787223348414e-05,0.0001168216157796,calm
2013-05-22,6.903367665445027e-05,0.0001229516073117,calm
2013-05-23,7.940918991505159e-05,3.206491142063691e-05,calm
2013-05-28,4.4771553924958394e-05,6.382454937748322e-05,calm
2013-05-29,6.204004256411798e-05,2.75371374106984e-05,calm
2013-05-30,4.563226327744875e-05,5.805129493504152e-05,calm
2013-06-03,5.5104563615833806e-05,6.504352802033943e-05,calm
2013-06-04,5.4839864908465216e-05,6.130013043479401e-05,calm
2013-06-05,5.617712156279398e-05,6.73316024556623e-05,calm
2013-06-06,5.9172302210719464e-05,4.783716672954495e-05,calm
2013-06-10,5.3535143395187544e-05,0.0001185618538796,calm
2013-06-11,8.46018274564364e-05,7.663961806763483e-05,calm
2013-06-12,7.090285730707049e-05,4.34500694535026e-05,calm
2013-06-13,5.519045292870929e-05,5.105118700065468e-05,calm
2013-06-17,5.76545185821129e-05,1.816416879585006e-05,calm
2013-06-18,3.893252976689539e-05,0.0001116591987143,calm
2013-06-19,7.723315191283555e-05,0.0001485521246127,calm
2013-06-20,9.51048820706325e-05,0.0001465848806463,calm
2013-06-24,0.00010396671701732408,9.077030782176368e-05,calm
2013-06-25,8.786206539084455e-05,7.500695769578098e-05,calm
2013-06-26,8.799310501204237e-05,4.778856197437349e-05,calm
2013-06-27,7.082961620063507e-05,4.9997614505674e-05,calm
2013-07-01,6.567922595764508e-05,3.483440749125189e-05,calm
2013-07-02,5.080940217971499e-05,3.332706049070701e-05,calm
2013-07-08,4.559947370801221e-05,2.329325994875133e-05,calm
2013-07-09,3.690635377796941e-05,4.5023152651635546e-05,calm
2013-07-10,4.636121056272939e-05,7.846823342796871e-05,calm
2013-07-11,6.141031982766687e-05,1.213939712636634e-05,calm
2013-07-15,2.9796670596904237e-05,1.2745217936119823e-05,calm
2013-07-16,2.8005548804982016e-05,2.273870207197657e-05,calm
2013-07-17,3.302750880321043e-05,1.4100411803922824e-05,calm
2013-07-18,2.582276995375435e-05,1.0021525079290436e-05,calm
2013-07-22,1.9225484773545806e-05,9.414115774175669e-06,calm
2013-07-23,1.8106637983000727e-05,1.7825523730800247e-05,calm
2013-07-24,2.2426429970808356e-05,2.1588335771644783e-05,calm
2013-07-25,2.3842070301653933e-05,2.809942874066389e-05,calm
2013-07-29,2.7563876862617588e-05,1.8720605010989987e-05,calm
2013-07-30,2.4459448364575882e-05,4.68155537409335e-05,calm
2013-07-31,3.865959842606333e-05,5.5994048253715896e-05,calm
2013-08-01,4.473651897761023e-05,9.618943555227105e-06,calm
2013-08-05,2.246804830186862e-05,1.565664522492551e-05,calm
2013-08-06,2.441317099752988e-05,2.825318477902079e-05,calm
2013-08-07,3.067092992063119e-05,2.3951829281094727e-05,calm
2013-08-08,2.7101267301259262e-05,1.99360314838056e-05,calm
2013-08-12,2.2897645029206017e-05,1.993458763119144e-05,calm
2013-08-13,2.3789876636876275e-05,1.883599974566273e-05,calm
2013-08-14,2.3477742321814632e-05,6.233391068710357e-05,calm
2013-08-15,4.2194965948814225e-05,2.8891546149637337e-05,calm
2013-08-19,3.0333630921662685e-05,1.5212916813074897e-05,calm
2013-08-20,2.3368134798119014e-05,5.745000223594421e-05,calm
2013-08-21,4.331884123800403e-05,1.6766082942989694e-05,calm
2013-08-22,2.666908060395998e-05,1.3268962512877132e-05,calm
2013-08-26,2.16312244968598e-05,7.525640805707829e-05,calm
2013-08-27,4.847535653627629e-05,2.261651924970445e-05,calm
2013-08-28,2.9842336607885066e-05,2.413103326444652e-05,calm
2013-08-29,2.8481036494338676e-05,5.153271462479877e-05,calm
2013-09-03,4.229711845840926e-05,2.234162660140374e-05,calm
2013-09-04,3.136852362308024e-05,1.6898111084971323e-05,calm
2013-09-05,2.497632129041092e-05,7.434182323475571e-05,calm
2013-09-09,5.0920871263032275e-05,2.229045233475752e-05,calm
2013-09-10,3.067690467943173e-05,1.1983048725361513e-05,calm
2013-09-11,2.2280916972249444e-05,1.252915781934448e-05,calm
2013-09-12,2.1752730449170853e-05,1.1283075281249904e-05,calm
2013-09-16,2.051356055991538e-05,6.368149607941947e-06,calm
2013-09-17,1.375958353239395e-05,5.711972906627449e-05,calm
2013-09-18,3.561564317159496e-05,1.7987318089862578e-05,calm
2013-09-19,2.202239923783409e-05,1.8516697182988106e-05,calm
2013-09-23,2.279222169658866e-05,1.847976451504069e-05,calm
2013-09-24,2.345538181826459e-05,3.24623538010949e-05,calm
2013-09-25,3.1688492605949743e-05,2.795398775058528e-05,calm
2013-09-26,2.800033582226433e-05,2.5725205899953305e-05,calm
2013-09-30,2.7844240413747073e-05,3.313825455835051e-05,calm
2013-10-01,3.190497683754798e-05,4.087825811056895e-05,calm
2013-10-02,3.6970538727499283e-05,7.50730846501711e-05,calm
2013-10-03,5.26379867848555e-05,1.8972115776006096e-05,calm
2013-10-07,2.9402895728018e-05,4.9340451820817575e-05,calm
2013-10-08,4.433438261822671e-05,4.818721755251e-05,calm
2013-10-09,4.5298680944774965e-05,9.850877046576063e-05,calm
2013-10-10,6.751875480099928e-05,2.332178400830896e-05,calm
2013-10-14,3.4597051632005116e-05,5.4461087311235945e-05,calm
2013-10-15,5.124309418594522e-05,5.886075662534087e-05,calm
2013-10-16,5.355360978369484e-05,2.33430367157146e-05,calm
2013-10-17,3.623192218020181e-05,1.6452412894633686e-05,calm
2013-10-21,2.7731429734021116e-05,2.9907462655190705e-05,calm
2013-10-22,3.475069197743761e-05,2.9454228312545457e-05,calm
2013-10-23,3.300710915276641e-05,1.299103802915796e-05,calm
2013-10-24,2.2212119295069605e-05,9.513243224253696e-06,calm
2013-10-28,1.8816728253711195e-05,9.52664751961964e-06,calm
2013-10-29,1.811082806188619e-05,1.640520228721243e-05,calm
2013-10-30,2.054167418669546e-05,3.528202092481608e-05,calm
2013-10-31,2.8533573041734997e-05,3.061737410680147e-05,calm
2013-11-01,2.834526296869586e-05,3.289620876110868e-05,calm
2013-11-04,3.147017171598254e-05,1.3421313021209632e-05,calm
2013-11-05,2.315162505780582e-05,2.015868145506784e-05,calm
2013-11-06,2.6693558799978078e-05,1.902453704639641e-05,calm
2013-11-07,2.479972095056062e-05,3.858023697859154e-05,calm
2013-11-08,3.312280109383144e-05,3.4576145673068906e-05,calm
2013-11-11,3.186448443306309e-05,1.132367533256425e-05,calm
2013-11-12,2.10301022029307e-05,2.411372822156397e-05,calm
2013-11-13,2.7272123220289907e-05,2.0346271791553305e-05,calm
2013-11-14,2.5328955265039504e-05,2.033830996724199e-05,calm
2013-11-15,2.4015565602713173e-05,6.290719167204106e-06,calm
2013-11-18,1.4476318458072655e-05,2.259103607789826e-05,calm
2013-11-19,2.2931951888933407e-05,3.033770148641362e-05,calm
2013-11-20,2.644113529297377e-05,3.934409664273176e-05,calm
2013-11-21,3.1353473359345525e-05,1.867593989167085e-05,calm
2013-11-22,2.2982659636872293e-05,6.013575982382761e-06,calm
2013-11-25,1.6137271647726972e-05,7.814411027034557e-06,calm
2013-11-26,1.599242308098232e-05,9.038872724685283e-06,calm
2013-11-27,1.5151655948153205e-05,5.7965562825262354e-06,calm
2013-11-29,1.1242699221115161e-05,8.007068260551874e-06,calm
2013-12-02,1.155694212405063e-05,1.342522449108462e-05,calm
2013-12-03,1.4511224659045973e-05,2.3429564339732177e-05,calm
2013-12-04,1.964149427791032e-05,5.936140594044209e-05,calm
2013-12-05,3.5452845464836276e-05,2.9109590566727915e-05,calm
2013-12-06,2.7738865142621985e-05,6.818695392308636e-05,calm
2013-12-09,4.700958564928727e-05,1.1847332482892784e-05,calm
2013-12-10,2.4003468704100746e-05,1.0922272434705454e-05,calm
2013-12-11,2.2134791232137256e-05,2.782344446188182e-05,calm
2013-12-12,2.8158939432404464e-05,2.9904560948995533e-05,calm
2013-12-13,2.9219283955084776e-05,2.07722015527102e-05,calm
2013-12-16,2.262581096928428e-05,4.439311236062338e-05,calm
2013-12-17,3.436421759388286e-05,1.9321715141071185e-05,calm
2013-12-18,2.5341278386463736e-05,0.0001008888549621,calm
2013-12-19,5.9577440588231963e-05,1.743028477614924e-05,calm
2013-12-20,2.770051700616505e-05,1.210992995418827e-05,calm
2013-12-23,2.3878693782429006e-05,1.2532225610432078e-05,calm
2013-12-24,2.1643533743233065e-05,1.621000604694435e-06,calm
2013-12-26,1.2124578631023693e-05,4.391827701393773e-06,calm
2013-12-27,1.0274827578545147e-05,5.107946832032988e-06,calm
2013-12-30,9.743828938931209e-06,3.0790409775692065e-06,calm
2013-12-31,7.715395663832181e-06,7.969681062367858e-06,calm
2014-01-02,9.952577094704967e-06,3.255498217488599e-05,calm
2014-01-03,2.1810550236781752e-05,1.6415690871481668e-05,calm
2014-01-06,1.7284158117234203e-05,2.8232603597865537e-05,calm
2014-01-07,2.3999069612544934e-05,1.5213536311641647e-05,calm
2014-01-08,1.994305955297196e-05,2.5493329426504343e-05,calm
2014-01-09,2.593460646311323e-05,2.006325441956697e-05,calm
2014-01-10,2.2492313868793712e-05,1.74566389027895e-05,calm
2014-01-13,2.1498209302115874e-05,2.2327287699645443e-05,calm
2014-01-14,2.3252268069729114e-05,2.4486920946960045e-05,calm
2014-01-15,2.4885718513062476e-05,1.5194090114100053e-05,calm
2014-01-16,1.9961347600789943e-05,1.383576628292614e-05,calm
2014-01-17,1.8766490550398424e-05,1.3147471880133677e-05,calm
2014-01-21,1.7888064389338654e-05,4.4313197711422674e-05,calm
2014-01-22,3.146373479650261e-05,9.843199115575172e-06,calm
2014-01-23,1.6065542381660712e-05,5.075610160738533e-05,calm
2014-01-24,3.450441161738529e-05,8.223232190305382e-05,calm
2014-01-27,5.045094304621209e-05,6.582663305254619e-05,calm
2014-01-28,5.034328376308415e-05,2.826139733786185e-05,calm
2014-01-29,3.482388474577628e-05,0.0001086141458709,calm
2014-01-30,7.335528347075855e-05,6.086281479405956e-05,calm
2014-01-31,5.786786643706265e-05,0.0001220234512135,calm
2014-02-03,8.333600252889244e-05,9.347750947434678e-05,calm
2014-02-04,7.650077737503727e-05,6.723097597798058e-05,calm
2014-02-05,7.048090875897693e-05,8.59228728036382e-05,calm
2014-02-06,7.701371264850296e-05,3.108233233136862e-05,calm
2014-02-07,5.079126059410798e-05,4.273847213232206e-05,calm
2014-02-10,5.1681899451521715e-05,9.764488430791248e-06,calm
2014-02-11,2.818335701977734e-05,1.7329855172087688e-05,calm
2014-02-12,2.9330616149166673e-05,2.1005101743389755e-05,calm
2014-02-13,2.7372068969288425e-05,2.4270841032429988e-05,calm
2014-02-14,2.8320630740436653e-05,1.4683413929556131e-05,calm
2014-02-18,2.1795835835028032e-05,1.2511295189463475e-05,calm
2014-02-19,2.0959866192985794e-05,2.9636052533792185e-05,calm
2014-02-20,2.9737200491566166e-05,2.6279029763340085e-05,calm
2014-02-21,2.8922885497190975e-05,1.6938636396276435e-05,calm
2014-02-24,2.3928099661776955e-05,3.39708807950838e-05,calm
2014-02-25,3.306543325111836e-05,3.2277348614820194e-05,calm
2014-02-26,3.414096005514081e-05,2.9930726015769184e-05,calm
2014-02-27,3.287549602533802e-05,2.751119505590636e-05,calm
2014-02-28,3.1703518073958046e-05,3.734304790226732e-05,calm
2014-03-03,3.763919782892792e-05,8.342618306575553e-05,calm
2014-03-04,5.7597202843116216e-05,9.3614935484596e-05,calm
2014-03-05,6.600948651678561e-05,1.7253413593025153e-05,calm
2014-03-06,3.3151542605600074e-05,1.632783587567663e-05,calm
2014-03-07,3.1111571149961176e-05,3.0768694494235355e-05,calm
2014-03-10,3.744334733428768e-05,2.25765886549322e-05,calm
2014-03-11,2.9525237684719145e-05,2.5070371853746097e-05,calm
2014-03-12,2.6814153621289034e-05,4.582604649869859e-05,calm
2014-03-13,3.703511804388728e-05,5.3405591768386525e-05,calm
2014-03-14,4.3307955919514285e-05,4.645109377820266e-05,calm
2014-03-17,4.224142433576742e-05,5.589180602092489e-05,calm
2014-03-18,4.889692439067536e-05,2.3263023353014805e-05,calm
2014-03-19,3.4961108562969405e-05,5.737088070832004e-05,calm
2014-03-20,5.049325798377065e-05,2.949287112236503e-05,calm
2014-03-21,3.7425652644659034e-05,5.056763880684458e-05,calm
2014-03-24,4.6602395572380616e-05,4.8363864278947446e-05,calm
2014-03-25,4.540080127487489e-05,5.831252666388808e-05,calm
2014-03-26,5.2578161143655416e-05,4.157790890410236e-05,calm
2014-03-27,4.4806537018000595e-05,6.379952705465706e-05,calm
2014-03-28,5.658397379675345e-05,3.804033180967874e-05,calm
2014-03-31,4.5238896762592775e-05,2.269375051233956e-05,calm
2014-04-01,3.591401051920793e-05,1.3909287911723622e-05,calm
2014-04-02,2.770250548028103e-05,1.4625970831712455e-05,calm
2014-04-03,2.5626308509613165e-05,6.011205235983724e-05,calm
2014-04-07,4.36547068503847e-05,3.9192443304214673e-05,calm
2014-04-08,3.6374507847529825e-05,2.993915332631872e-05,calm
2014-04-09,3.339538616337155e-05,6.909755602998558e-05,calm
2014-04-10,5.309407152362788e-05,0.0001014775653329,calm
2014-04-14,7.236898184296932e-05,8.425775870122111e-05,calm
2014-04-15,6.868479325313712e-05,4.70572752713774e-05,calm
2014-04-16,5.479650013535788e-05,2.2433936352456448e-05,calm
2014-04-21,4.1914563567305635e-05,1.0764188861432677e-05,calm
2014-04-22,3.0036961775135385e-05,1.3286724420686067e-05,calm
2014-04-23,2.6131916131250547e-05,3.470482849251508e-05,calm
2014-04-24,3.335269648684836e-05,3.438580766340725e-05,calm
2014-04-28,3.2221548821799085e-05,2.5018948125162e-05,calm
2014-04-29,2.8583670197508127e-05,2.4780821503217164e-05,calm
2014-04-30,2.9686292529078838e-05,2.035526524518403e-05,calm
2014-05-01,2.8170922264119013e-05,3.165960800692476e-05,calm
2014-05-05,3.272762154690408e-05,2.632450172204425e-05,calm
2014-05-06,2.976831755355267e-05,8.045673224661617e-05,calm
2014-05-07,5.339138525275022e-05,2.6975789732296e-05,calm
2014-05-08,3.361468569958132e-05,3.1153749602300084e-05,calm
2014-05-12,3.648490702145356e-05,1.0046886386702469e-05,calm
2014-05-13,2.38204775749209e-05,1.5017947116438884e-05,calm
2014-05-14,2.5695860159500335e-05,4.776460280175509e-05,calm
2014-05-15,3.7551802845115896e-05,2.186866437842763e-05,calm
2014-05-19,2.681877149954e-05,2.740339562849116e-05,calm
2014-05-20,2.8890686605870496e-05,2.4424051146246227e-05,calm
2014-05-21,2.8789713657696017e-05,9.102822141658089e-06,calm
2014-05-22,2.0012745099131297e-05,4.2404805931385175e-06,calm
2014-05-27,1.345053823224956e-05,8.592864800407318e-06,calm
2014-05-28,1.4869969792165724e-05,1.3170070810721676e-05,calm
2014-05-29,1.6055200281455237e-05,8.388390980888676e-06,calm
2014-06-02,1.2634108028845116e-05,9.464119302739543e-06,calm
2014-06-03,1.3152603995854261e-05,8.651989023105447e-06,calm
2014-06-04,1.3077594805830497e-05,1.5215754666660785e-05,calm
2014-06-05,1.648627110255512e-05,7.234254948140449e-06,calm
2014-06-09,1.214165973450509e-05,8.821032854256658e-06,calm
2014-06-10,1.2868171589511777e-05,1.692376753719989e-05,calm
2014-06-11,1.6994838934900926e-05,1.749788437222487e-05,calm
2014-06-12,1.7919855287487002e-05,1.886188346007451e-05,calm
2014-06-16,1.8705572053636528e-05,1.3773249344453452e-05,calm
2014-06-17,1.6878083491795956e-05,1.7581724974053463e-05,calm
2014-06-18,1.9243391203361662e-05,8.484442864586072e-06,calm
2014-06-19,1.4142145462324065e-05,5.449514293107676e-06,calm
2014-06-23,1.1433309354018727e-05,1.863857961832542e-05,calm
2014-06-24,1.7473122265767477e-05,1.432986159269898e-05,calm
2014-06-25,1.5588390859611574e-05,2.4629849857391726e-05,calm
2014-06-26,2.009048524908923e-05,1.2557713804722656e-05,calm
2014-06-30,1.557316837670566e-05,1.3610707222866602e-05,calm
2014-07-01,1.678889536545795e-05,6.839116085277049e-06,calm
2014-07-02,1.2484017439518504e-05,1.0068894848068287e-05,calm
2014-07-07,1.3833697597331586e-05,3.124160500741984e-05,calm
2014-07-08,2.2646177986086976e-05,2.0993975664375785e-05,calm
2014-07-09,1.970875716539094e-05,5.79303587850029e-05,calm
2014-07-10,3.588422220709116e-05,1.2309458931595492e-05,calm
2014-07-14,1.9459022423036085e-05,2.903549418137704e-05,calm
2014-07-15,2.8649823451900013e-05,1.998787822237521e-05,calm
2014-07-16,2.4042290839557412e-05,4.120691073105928e-05,calm
2014-07-17,3.4263012162486364e-05,1.5824295009948178e-05,calm
2014-07-21,2.1209590798933253e-05,1.4176089147610271e-05,calm
2014-07-22,2.0576542740605165e-05,6.378217361452572e-06,calm
2014-07-23,1.4503785735721983e-05,7.606670122782801e-06,calm
2014-07-24,1.4135348330416817e-05,1.8742695439256283e-05,calm
2014-07-28,1.7960257799777058e-05,2.102882084133566e-05,calm
2014-07-29,1.927215433080328e-05,3.673981415625514e-05,calm
2014-07-30,2.684092371712349e-05,7.498894714816631e-05,calm
2014-07-31,4.539809900255416e-05,6.929399510765835e-05,calm
2014-08-04,4.976290226870231e-05,7.863206028977103e-05,calm
2014-08-05,5.85907288343472e-05,4.5570976655233086e-05,calm
2014-08-06,4.8707223545005965e-05,5.089090869846185e-05,calm
2014-08-07,5.2434087690771094e-05,2.661382053678212e-05,calm
2014-08-11,3.8346561621858335e-05,2.188207537404568e-05,calm
2014-08-12,3.293410760382249e-05,2.099890876524209e-05,calm
2014-08-13,2.9030624493768192e-05,7.072120466657227e-06,calm
2014-08-14,1.834058196147595e-05,5.6227623810201833e-05,calm
2014-08-18,3.945174728510336e-05,6.480536481918808e-06,calm
2014-08-19,1.64226514600634e-05,9.097529504986305e-06,calm
2014-08-20,1.6908981290302604e-05,8.385063712147303e-06,calm
2014-08-21,1.534234055479347e-05,1.8212536754611167e-05,calm
2014-08-25,2.1052563164030347e-05,5.645300098606631e-06,calm
2014-08-26,1.162815717307844e-05,5.8310826444656175e-06,calm
2014-08-27,1.1581544438885332e-05,1.6234288012210944e-05,calm
2014-08-28,1.7065190701999968e-05,6.446305148309068e-06,calm
2014-09-02,1.2278194052752857e-05,1.3796866691156124e-05,calm
2014-09-03,1.5541171422614414e-05,1.67219452967307e-05,calm
2014-09-04,1.7811228763368938e-05,2.0915204961527645e-05,calm
2014-09-08,2.0955857006665593e-05,2.850033914434904e-05,calm
2014-09-09,2.4791227652012906e-05,2.705961954332965e-05,calm
2014-09-10,2.59973532111469e-05,1.85173998252606e-05,calm
2014-09-11,2.2571536373899544e-05,2.251821818721897e-05,calm
2014-09-15,2.4472261313242606e-05,1.941083603279793e-05,calm
2014-09-16,2.2845800763090912e-05,5.142244194020097e-05,calm
2014-09-17,3.637487925492466e-05,1.3719309955959049e-05,calm
2014-09-18,2.0361352848517918e-05,2.09178966687388e-05,calm
2014-09-22,2.382831918868456e-05,2.4309875219891143e-05,calm
2014-09-23,2.5416259666813864e-05,1.6788985486162414e-05,calm
2014-09-24,2.2031355672634566e-05,4.951358249980574e-05,calm
2014-09-25,3.436794322271109e-05,3.5827378454109e-05,calm
2014-09-29,3.179123728937713e-05,3.650771411318751e-05,calm
2014-09-30,3.358182829996708e-05,6.01365152988437e-05,calm
2014-10-01,4.53468752596959e-05,5.608382923733591e-05,calm
2014-10-02,4.7718582155841335e-05,6.535619598575353e-05,calm
2014-10-06,5.285368593590992e-05,7.375765281718454e-05,calm
2014-10-07,5.954271800792624e-05,7.971506319761429e-05,calm
2014-10-08,6.57505581615455e-05,0.0001093480946014,calm
2014-10-09,8.079215492650524e-05,0.0001223166848744,calm
2014-10-13,9.13438856616737e-05,0.0001526990445934,calm
2014-10-14,0.00010955147615353103,0.0005307264971161,calm
2014-10-15,0.00025656741891311044,0.0002749281377898,calm
2014-10-16,0.00019824080120159883,0.000156196230029,calm
2014-10-20,0.00015971778627488255,5.620975112275648e-05,calm
2014-10-21,0.00010733270823550859,5.541257042816844e-05,calm
2014-10-22,9.958286046801165e-05,0.0001064367330651,calm
2014-10-23,0.00010469780985276394,3.491652911047621e-05,calm
2014-10-27,5.8335508156010587e-05,3.94462981019674e-05,calm
2014-10-28,5.389240007625276e-05,2.640519783716124e-05,calm
2014-10-29,4.4962347357167444e-05,5.146028045535702e-05,calm
2014-10-30,5.6641042434698295e-05,3.1466216554577235e-05,calm
2014-10-31,4.2909397985204686e-05,5.483653212687467e-05,calm
2014-11-03,5.46543131376973e-05,2.1125208524310976e-05,calm
2014-11-04,3.7422863827532795e-05,2.73830339535074e-05,calm
2014-11-05,4.064514421359762e-05,3.47817030207061e-05,calm
2014-11-06,4.2697826964392114e-05,1.597485561648219e-05,calm
2014-11-07,3.153891116231039e-05,2.016683299168648e-05,calm
2014-11-10,3.101391170014774e-05,8.090917041470939e-06,calm
2014-11-11,2.2329958407077566e-05,6.695128713459507e-06,calm
2014-11-12,1.9121445936348166e-05,1.645304972780246e-05,calm
2014-11-13,2.2857609472365674e-05,2.5777811880382216e-05,calm
2014-11-14,2.7369940607212732e-05,1.0501168117429346e-05,calm
2014-11-17,1.8699535985479963e-05,1.265346858573244e-05,calm
2014-11-18,1.9020795557848522e-05,8.55520273583579e-06,calm
2014-11-19,1.6230928606372866e-05,2.6752144224125204e-05,calm
2014-11-20,2.4692239261683027e-05,1.4235862026734032e-05,calm
2014-11-21,1.8285583585605647e-05,4.36902068784148e-05,calm
2014-11-24,3.2189689839160024e-05,9.238204628444869e-06,calm
2014-11-25,1.7094764965185257e-05,1.0962680270208904e-05,calm
2014-11-26,1.809505373627547e-05,3.524644492703975e-06,calm
2014-11-28,1.1499097330845477e-05,9.071010000709348e-06,calm
2014-12-01,1.4262898354543714e-05,3.644206377736958e-05,calm
2014-12-02,2.4505997714059604e-05,1.467920912453094e-05,calm
2014-12-03,1.6841868664120483e-05,7.223047718103304e-06,calm
2014-12-04,1.2661714468963572e-05,1.8450776548168065e-05,calm
2014-12-05,1.9267743252157137e-05,1.3303271100312171e-05,calm
2014-12-08,1.733174909959717e-05,3.0153752985374903e-05,calm
2014-12-09,2.367377178501649e-05,0.0001034389972265,calm
2014-12-10,5.3099738270055225e-05,6.963512134630321e-05,calm
2014-12-11,4.906141518441381e-05,7.290374212756302e-05,calm
2014-12-12,5.54449505002819e-05,8.357577012523791e-05,calm
2014-12-15,6.65036666058185e-05,0.0001632180876829,calm
2014-12-16,0.00010498920061267474,0.0001549156706396,calm
2014-12-17,0.0001069674701215277,0.0001654281486396,calm
2014-12-18,0.0001193924551886828,0.0001069418422587,calm
2014-12-19,0.00010179408136601105,3.47121798508516e-05,calm
2014-12-22,6.485749600238129e-05,1.2439030651961284e-05,calm
2014-12-23,4.064305584325002e-05,1.101391803077905e-05,calm
2014-12-24,3.1337952860277255e-05,4.629956709643552e-06,calm
2014-12-26,1.8363894089629102e-05,6.353623343252677e-06,calm
2014-12-29,1.4794337973521447e-05,5.678652635523041e-06,calm
2014-12-30,1.238985447376426e-05,9.05043589606688e-06,calm
2014-12-31,1.4019337731781126e-05,2.385971418313836e-05,calm
2015-01-02,2.1547205962079974e-05,8.393689872199112e-05,calm
2015-01-05,4.814864229309341e-05,7.000254995995878e-05,calm
2015-01-06,5.019558205641014e-05,0.0001109926003666,calm
2015-01-07,7.462374125082859e-05,8.179144119369233e-05,calm
2015-01-08,7.246181974903635e-05,7.158324341611025e-05,calm
2015-01-09,7.353689709584906e-05,6.252698796162382e-05,calm
2015-01-12,6.845099608013471e-05,6.71807652791036e-05,calm
2015-01-13,6.996231043711405e-05,0.000218888303089,calm
2015-01-14,0.00013064772068658033,0.0001470620047225,calm
2015-01-15,0.00011227013983357341,0.0001033176826294,calm
2015-01-16,9.854820777772899e-05,6.435800111118137e-05,calm
2015-01-20,8.141155812850757e-05,8.369506291613243e-05,calm
2015-01-21,9.081841549475677e-05,0.0001001386955847,calm
2015-01-22,9.033080460127132e-05,6.104666075791229e-05,calm
2015-01-23,6.833733107715569e-05,2.490976373588993e-05,calm
2015-01-26,4.5149778944710163e-05,3.0057934203207617e-05,calm
2015-01-27,4.550590903077994e-05,0.0001025980177656,calm
2015-01-28,7.694328558778053e-05,9.283647280670598e-05,calm
2015-01-29,7.393043530011569e-05,8.760700992406689e-05,calm
2015-01-30,7.485229131297988e-05,9.797752443947122e-05,calm
2015-02-02,8.635415528261452e-05,0.0001178237333231,calm
2015-02-03,0.00010285291971539561,8.8596027653597e-05,calm
2015-02-04,9.085353699322847e-05,6.655153789020657e-05,calm
2015-02-05,7.922206182091225e-05,3.3972660537892096e-05,calm
2015-02-06,5.8752793935416145e-05,4.128598070560855e-05,calm
2015-02-09,5.807511315945995e-05,3.361651919556129e-05,calm
2015-02-10,4.849688390022356e-05,3.876286406392712e-05,calm
2015-02-11,4.7420053001278716e-05,2.78865150141242e-05,calm
2015-02-12,3.925312506761859e-05,2.6327285900889857e-05,calm
2015-02-13,3.755985828070519e-05,1.0438278218809913e-05,calm
2015-02-17,2.5251013522378624e-05,1.5039672661446071e-05,calm
2015-02-18,2.5864996559941883e-05,1.9164217712056792e-05,calm
2015-02-19,2.611154452577894e-05,2.0193230038117703e-05,calm
2015-02-20,2.5729711489623745e-05,2.066686457517161e-05,calm
2015-02-23,2.5160136660956633e-05,1.1293218266957847e-05,calm
2015-02-24,2.015322493676201e-05,1.0162144445371092e-05,calm
2015-02-25,1.8766179928553237e-05,1.0110770873164508e-05,calm
2015-02-26,1.78542190267746e-05,1.9689896972825748e-05,calm
2015-02-27,2.2365747040831362e-05,1.2043023486016288e-05,calm
2015-03-02,1.766246413904917e-05,7.116018987448756e-06,calm
2015-03-03,1.4209036346858043e-05,2.5070915753435683e-05,calm
2015-03-04,2.3353720330393744e-05,4.459268149640231e-05,calm
2015-03-05,3.312076703404388e-05,1.2745205479720943e-05,calm
2015-03-06,1.9023136198812225e-05,5.4549013368688246e-05,calm
2015-03-09,3.847767547573018e-05,1.5063698040724552e-05,calm
2015-03-10,2.32793430352054e-05,7.056664450321935e-05,calm
2015-03-11,4.828677670219005e-05,3.489358340088534e-05,calm
2015-03-12,3.441486796252067e-05,4.255188558676436e-05,calm
2015-03-13,4.0250902918165415e-05,4.969189725334651e-05,calm
2015-03-16,4.278595124978322e-05,2.7444917209027167e-05,calm
2015-03-17,3.481303320565489e-05,3.480892587259122e-05,calm
2015-03-18,3.588183938155778e-05,0.00011055279768,calm
2015-03-19,6.852721539208153e-05,3.058922211959946e-05,calm
2015-03-20,3.814326611486446e-05,4.436875030335914e-05,calm
2015-03-23,4.390718591714535e-05,1.395834852779248e-05,calm
2015-03-24,2.8208973046683008e-05,2.033429525534712e-05,calm
2015-03-25,3.0501282784406932e-05,4.7134516609593225e-05,calm
2015-03-26,3.8945199851751055e-05,7.630798995416656e-05,calm
2015-03-27,5.309318365710857e-05,3.439986511001091e-05,calm
2015-03-30,3.687693412259986e-05,4.181476622511771e-05,calm
2015-03-31,4.273537169617784e-05,5.419297446997972e-05,calm
2015-04-01,5.1050820321290273e-05,2.5949141038844264e-05,calm
2015-04-06,3.7246266644121234e-05,1.959745779644124e-05,calm
2015-04-07,3.029257760499413e-05,5.159969699934312e-05,calm
2015-04-08,4.534023797564607e-05,3.572380251355154e-05,calm
2015-04-09,3.870538289737803e-05,8.039501302828337e-06,calm
2015-04-13,2.0835779146060725e-05,2.765794121412613e-05,calm
2015-04-14,3.11163074246554e-05,2.0081054133730803e-05,calm
2015-04-15,2.7403247574473632e-05,1.6663525728630253e-05,calm
2015-04-16,2.3293347297970993e-05,5.788914854298128e-05,calm
2015-04-20,4.0943589810121496e-05,2.051603514893473e-05,calm
2015-04-21,2.7533670542374564e-05,2.10586152275771e-05,calm
2015-04-22,2.721123397676854e-05,2.4385842428039166e-05,calm
2015-04-23,2.9008695651356324e-05,1.0717125546176991e-05,calm
2015-04-27,2.10777102087633e-05,4.1520945459929736e-05,calm
2015-04-28,3.371751107505782e-05,4.38421116345614e-05,calm
2015-04-29,3.642790507706284e-05,4.952650378701195e-05,calm
2015-04-30,4.11295136478928e-05,4.525073403299557e-05,calm
2015-05-04,4.14264439880592e-05,3.256789883624878e-05,calm
2015-05-05,3.834425156872243e-05,8.591818382940415e-05,calm
2015-05-06,6.183725290866748e-05,3.141407626793183e-05,calm
2015-05-07,3.9543108649653386e-05,7.568705464551436e-05,calm
2015-05-11,5.919090897288143e-05,6.69658147591283e-05,calm
2015-05-12,5.772801855219266e-05,4.468006802821108e-05,calm
2015-05-13,4.999051464937781e-05,3.0107705704906043e-05,calm
2015-05-14,3.976730447154601e-05,1.1470029429009245e-05,calm
2015-05-18,2.759616347843408e-05,9.760751055191765e-06,calm
2015-05-19,2.215920032024588e-05,1.754118763974536e-05,calm
2015-05-20,2.3562194848720782e-05,7.831418272656655e-06,calm
2015-05-21,1.5817159554282937e-05,1.0952655989474126e-05,calm
2015-05-26,1.6115930066557228e-05,1.6205064646370083e-05,calm
2015-05-27,1.8960518932945634e-05,1.9273192356801182e-05,calm
2015-05-28,2.0920882628941566e-05,2.867199437149248e-05,calm
2015-06-01,2.562103536291938e-05,3.07227423688792e-05,calm
2015-06-02,2.8628610509581218e-05,1.89164373129325e-05,calm
2015-06-03,2.435771667061557e-05,4.535150293478719e-05,calm
2015-06-04,3.7682577176951005e-05,3.431814101928034e-05,calm
2015-06-08,3.46388041322505e-05,2.216471795533316e-05,calm
2015-06-09,2.864889992972646e-05,3.8922308277426926e-05,calm
2015-06-10,3.6293931743805584e-05,1.979400300688283e-05,calm
2015-06-11,2.79092541767169e-05,2.659360208940352e-05,calm
2015-06-15,2.9707017579775186e-05,2.778301017712598e-05,calm
2015-06-16,2.9414323879906977e-05,4.115871305973063e-05,calm
2015-06-17,3.6300641849541223e-05,3.1951916864025484e-05,calm
2015-06-18,3.188597020549475e-05,1.1177589964287142e-05,calm
2015-06-22,2.100983373268881e-05,1.04942336501249e-05,calm
2015-06-23,1.911301219381256e-05,1.428193517801018e-05,calm
2015-06-24,1.996472567785029e-05,1.679771930681694e-05,calm
2015-06-25,1.9634974026444673e-05,2.311201029177642e-05,calm
2015-06-29,2.181522227655841e-05,8.090298160519314e-05,calm
2015-06-30,4.681015375907326e-05,5.972962644847797e-05,calm
2015-07-01,4.483092341413863e-05,2.145616968626627e-05,calm
2015-07-06,3.026728842187432e-05,8.967051896085895e-05,calm
2015-07-07,6.274840937373564e-05,8.680027755391248e-05,calm
2015-07-08,6.777382500072357e-05,0.000172045206542,calm
2015-07-09,0.00010311828958270925,0.0001261474397335,calm
2015-07-13,9.385944521450381e-05,5.898326706894606e-06,calm
2015-07-14,3.4868303116047736e-05,1.3534406511731926e-05,calm
2015-07-15,3.550145728143867e-05,1.564003693775467e-05,calm
2015-07-16,3.200030407778092e-05,5.875470183850092e-06,calm
2015-07-20,1.7789092946765554e-05,1.061416362282411e-05,calm
2015-07-21,1.5573147480081676e-05,1.8905256365101385e-05,calm
2015-07-22,2.0566022168779683e-05,1.5986097328116113e-05,calm
2015-07-23,1.9414429839393768e-05,1.988811303397917e-05,calm
2015-07-27,2.1406613053138735e-05,2.887604567525071e-05,calm
2015-07-28,2.717182428294386e-05,2.023068219141375e-05,calm
2015-07-29,2.4367317323610136e-05,2.099638299948244e-05,calm
2015-07-30,2.497330595439601e-05,1.4739562498244244e-05,calm
2015-08-03,2.1947318560155836e-05,2.3256507331030107e-05,calm
2015-08-04,2.6242570291789165e-05,4.158276992357377e-05,calm
2015-08-05,3.466044776985251e-05,2.929247898906699e-05,calm
2015-08-06,3.062959686497429e-05,3.3186791116096485e-05,calm
2015-08-10,3.2953953300529005e-05,6.761660146297476e-05,calm
2015-08-11,5.0121059211501394e-05,0.0001146473412212,calm
2015-08-12,7.365081908052463e-05,4.1283068586028896e-05,calm
2015-08-13,4.623470217623353e-05,1.654905366488865e-05,calm
2015-08-17,3.2404930146550335e-05,1.3557625861417415e-05,calm
2015-08-18,2.8175265109886694e-05,9.018282192045208e-05,calm
2015-08-19,6.047821381052558e-05,0.0001152339791299,calm
2015-08-20,6.974099360851291e-05,0.0002313861763627,calm
2015-08-24,0.0001195505436330245,0.0007348025234109,calm
2015-08-25,0.00031573382003953796,0.0008079402565357,calm
2015-08-26,0.00041654720780211094,0.0003596786887537,calm
2015-08-27,0.00029697722120921487,9.132358953607384e-05,calm
2015-08-31,0.00017392021918300032,0.0005039922901797,calm
2015-09-01,0.0003730155161797496,0.0002116034331781,calm
2015-09-02,0.00022942559715348842,9.859737401033296e-05,calm
2015-09-03,0.00014129535447873453,0.0002072764213693,calm
2015-09-08,0.0001820836897032703,0.0001241085372017,calm
2015-09-09,0.00015125650582912918,7.67793517954313e-05,calm
2015-09-10,0.0001069894680934963,6.484227262160301e-05,calm
2015-09-14,9.211708932439392e-05,3.1016293334707526e-05,calm
2015-09-15,6.780962568797898e-05,3.515371948414369e-05,calm
2015-09-16,6.0396891422514217e-05,0.0001636573230986,calm
2015-09-17,0.0001169982305723015,0.0001854841024235,calm
2015-09-21,0.00013360454619979457,0.0001710237907088,calm
2015-09-22,0.00013724161102088658,5.734748391249309e-05,calm
2015-09-23,9.145710749225536e-05,0.0001090146184684,calm
2015-09-24,0.00012402886528354348,0.000107031304058,calm
2015-09-28,0.00012031525825949758,0.0001396604009636,calm
2015-09-29,0.000131596963424736,0.0002236902304275,calm
2015-09-30,0.00016780494522051156,0.0001301955432231,calm
2015-10-01,0.00013734293474698886,0.0002867937749064,calm
2015-10-05,0.00020806276124511657,4.6635916715215616e-05,calm
2015-10-06,9.581797269186898e-05,8.970934433972721e-05,calm
2015-10-07,0.00011339937293276327,5.056069266027188e-05,calm
2015-10-08,8.237012356576165e-05,2.8545146237442994e-05,calm
2015-10-12,6.035041177342222e-05,3.782593237155144e-05,calm
2015-10-13,5.273972552925139e-05,4.69489801271934e-05,calm
2015-10-14,5.675851314461309e-05,2.882521131682417e-05,calm
2015-10-15,4.288614953541455e-05,2.62763611867428e-05,calm
2015-10-19,3.9160214581358356e-05,2.542504280458696e-05,calm
2015-10-20,3.8099524385741246e-05,5.582778529318999e-05,calm
2015-10-21,5.299909134401433e-05,5.869748797843458e-05,calm
2015-10-22,5.5260225037870726e-05,7.240403077354259e-05,calm
2015-10-26,6.456396253728855e-05,1.4609866583404836e-05,calm
2015-10-27,3.497379070237469e-05,3.436664180704787e-05,calm
2015-10-28,4.5803790968224113e-05,8.854540411661334e-05,calm
2015-10-29,6.99522954803965e-05,2.3174636266700817e-05,calm
2015-10-30,3.864912142220555e-05,2.8544039185409207e-05,calm
2015-11-02,3.806208182725166e-05,1.767918118623745e-05,calm
2015-11-03,3.2214720308825864e-05,2.3385037435400788e-05,calm
2015-11-04,3.3786484086441e-05,3.774662625980252e-05,calm
2015-11-05,3.668040253009548e-05,3.409690389583703e-05,calm
2015-11-06,3.555058385004849e-05,3.64143064660928e-05,calm
2015-11-09,3.6162693093610984e-05,5.798645347761676e-05,calm
2015-11-10,4.798804001487359e-05,3.024721906389688e-05,calm
2015-11-11,3.675678879241581e-05,2.238476663228424e-05,calm
2015-11-12,3.159843642735306e-05,7.627674966536796e-05,calm
2015-11-13,5.667087432475648e-05,4.4508000640044246e-05,calm
2015-11-16,4.5122367984734595e-05,5.117436841654664e-05,calm
2015-11-17,4.743603613862502e-05,5.661560122017896e-05,calm
2015-11-18,5.1916409590329e-05,5.0406961164692486e-05,calm
2015-11-19,5.205318566765329e-05,2.157341214131059e-05,calm
2015-11-20,3.468613611806141e-05,3.239403048710993e-05,calm
2015-11-23,3.8960959997180924e-05,1.880805872806001e-05,calm
2015-11-24,2.9665871429555355e-05,4.270956238367367e-05,calm
2015-11-25,3.941372898589223e-05,1.0244684804753443e-05,calm
2015-11-27,2.1140471153795467e-05,6.171518430109994e-06,calm
2015-11-30,1.693951961914759e-05,1.957495992814094e-05,calm
2015-12-01,2.300690869620195e-05,3.872522470796115e-05,calm
2015-12-02,3.24354105158542e-05,2.703080286992145e-05,calm
2015-12-03,2.6725092648573122e-05,7.105816453554806e-05,calm
2015-12-04,4.8029577643230236e-05,7.14316777294948e-05,calm
2015-12-07,5.476355796854594e-05,6.567393151636108e-05,calm
2015-12-08,5.680206731240664e-05,0.0001643245333882,calm
2015-12-09,0.00010077209733826896,0.0001100129823886,calm
2015-12-10,8.991127338980479e-05,6.100504190334813e-05,calm
2015-12-11,6.92019152821976e-05,0.0001346940374665,calm
2015-12-14,0.00010363406113501983,0.00015360914132,calm
2015-12-15,0.0001183569206476114,0.0001125688262275,calm
2015-12-16,9.974541798279605e-05,9.666742574173168e-05,calm
2015-12-17,9.288873735095451e-05,8.192657358252532e-05,calm
2015-12-18,8.865317568958599e-05,9.51357847561858e-05,calm
2015-12-21,9.19884876093189e-05,7.86601826649533e-05,calm
2015-12-22,8.060832608884151e-05,4.096532059222434e-05,calm
2015-12-23,5.857435843496754e-05,3.4114824881032985e-05,calm
2015-12-24,5.083992101489987e-05,7.84666718444164e-06,calm
2015-12-28,2.9083772698255823e-05,2.968548038363876e-05,calm
2015-12-29,3.8192526895179115e-05,4.030573473272693e-05,calm
2015-12-30,4.092429186433374e-05,1.907770174864376e-05,calm
2015-12-31,2.953164947756458e-05,4.822906299582498e-05,calm
2016-01-04,4.3709263281910993e-05,0.0003475967057265,calm
2016-01-05,0.00016267147926653114,6.259653966025944e-05,calm
2016-01-06,7.152186529564131e-05,0.000198654600498,calm
2016-01-07,0.00013547791042644488,0.000391136516861,calm
2016-01-08,0.0002316361300828403,0.000176278050225,calm
2016-01-11,0.0001689387943017629,0.0001621050475013,calm
2016-01-12,0.00015231504892537575,0.0001784905990147,calm
2016-01-13,0.0001695277955803202,0.0002053996293201,calm
2016-01-14,0.00018206865021240203,0.0001629029916617,calm
2016-01-15,0.00015224028663331918,0.0005090396458508,calm
2016-01-19,0.00029529492641177047,0.0001999510292112,calm
2016-01-20,0.00019034055068125347,0.0004369341691967,calm
2016-01-21,0.0002976361810521471,0.0002972309481129,calm
2016-01-22,0.000256029495367824,0.0001823074485602,calm
2016-01-25,0.00021089680068845073,7.110334489338955e-05,calm
2016-01-26,0.00012917489747956706,0.0001283479543495,calm
2016-01-27,0.0001539185010237516,0.0002011773382034,calm
2016-01-28,0.00017351284581897217,0.0002575898176599,calm
2016-01-29,0.00019498926499618535,7.439398758913607e-05,calm
2016-02-01,0.00011102955191260685,0.0001229259695034,calm
2016-02-02,0.00013901616210043355,0.0001200661904025,calm
2016-02-03,0.00013824606977297946,0.0002759621865031,calm
2016-02-04,0.00020627762645088747,0.0001841001755638,calm
2016-02-05,0.00016581761169121037,0.0001420476696324,calm
2016-02-08,0.00015523067906327294,0.0002934881269109,calm
2016-02-09,0.00022777008435261416,0.0002971805305516,calm
2016-02-10,0.00024261774219984286,0.0001650259148464,calm
2016-02-11,0.0001814493757361506,0.0003050485690708,calm
2016-02-12,0.0002468615964645545,9.697953334838142e-05,calm
2016-02-16,0.00015294731438041041,9.253123120172068e-05,calm
2016-02-17,0.00013659615518644722,7.345017607891506e-05,calm
2016-02-18,0.00011209557533871426,4.345827023892125e-05,calm
2016-02-19,8.441143436380277e-05,7.005928639747945e-05,calm
2016-02-22,8.50924920719835e-05,6.738230272399365e-05,calm
2016-02-23,7.998075552279305e-05,4.971556115204992e-05,calm
2016-02-24,6.719239494300352e-05,0.0001864575596965,calm
2016-02-25,0.00012821080644810816,6.79098782657836e-05,calm
2016-02-26,8.435275672302572e-05,5.540742603638752e-05,calm
2016-02-29,7.665905446247362e-05,4.7940565230281686e-05,calm
2016-03-01,7.040780564473981e-05,6.451451364451791e-05,calm
2016-03-02,7.856990564909849e-05,4.259606019457212e-05,calm
2016-03-03,5.932179232856476e-05,2.813022093495985e-05,calm
2016-03-04,4.8091130730621414e-05,4.067005682244326e-05,calm
2016-03-07,5.2849204203063796e-05,5.02982820512186e-05,calm
2016-03-08,5.639118619761181e-05,7.152064183856905e-05,calm
2016-03-09,6.515035177212534e-05,5.711394194005908e-05,calm
2016-03-10,5.9903883643704966e-05,0.0001108592660354,calm
2016-03-11,8.667481877401704e-05,6.088452803210438e-05,calm
2016-03-14,6.738592979823032e-05,1.9523287153762725e-05,calm
2016-03-15,4.280365934088615e-05,3.280544571710374e-05,calm
2016-03-16,4.626458348580958e-05,7.381907468114597e-05,calm
2016-03-17,6.497504612319623e-05,2.3334689487523533e-05,calm
2016-03-18,3.653323834275793e-05,2.6033392850482152e-05,calm
2016-03-21,3.522043583219707e-05,1.7468989082001204e-05,calm
2016-03-22,3.0412214659231867e-05,2.669990715551444e-05,calm
2016-03-23,3.435361379559578e-05,2.1925105581518555e-05,calm
2016-03-24,2.860227892451048e-05,3.5851081366079726e-05,calm
2016-03-28,3.561879166831636e-05,3.098773887192196e-05,calm
2016-03-29,3.32596397061321e-05,3.053630842750358e-05,calm
2016-03-30,3.396813890720577e-05,1.3936812466787365e-05,calm
2016-03-31,2.449684147602616e-05,5.147102759432783e-05,calm
2016-04-04,4.3109697224191756e-05,6.338468503713788e-05,calm
2016-04-05,4.9524014764501866e-05,3.0698608894802305e-05,calm
2016-04-06,3.6243470276836494e-05,5.9753725949703646e-05,calm
2016-04-07,5.055574054144665e-05,4.637886268112605e-05,calm
2016-04-11,4.837138637995631e-05,3.769505476020507e-05,calm
2016-04-12,4.347090836203431e-05,3.367539253759674e-05,calm
2016-04-13,3.938904594182114e-05,1.6329533830857807e-05,calm
2016-04-14,2.923401417412412e-05,6.107152945766287e-06,calm
2016-04-18,1.8571197838110503e-05,1.9993444718168988e-05,calm
2016-04-19,2.4476100227083107e-05,1.539927628077866e-05,calm
2016-04-20,2.0739343822768998e-05,2.387373502035176e-05,calm
2016-04-21,2.383071802304402e-05,2.225833913960886e-05,calm
2016-04-25,2.3351355775764484e-05,1.7190182830015948e-05,calm
2016-04-26,2.2192615728853073e-05,3.063169312104193e-05,calm
2016-04-27,2.8836013993361228e-05,3.651301695319627e-05,calm
2016-04-28,3.305940344008033e-05,5.225404484822984e-05,calm
2016-05-02,4.134488669689808e-05,5.191005827525416e-05,calm
2016-05-03,4.382593073709796e-05,3.552153073316082e-05,calm
2016-05-04,3.88548845972848e-05,3.409785668149905e-05,calm
2016-05-05,3.852868138564059e-05,4.29750103538936e-05,calm
2016-05-09,4.290810327323738e-05,2.063405173790372e-05,calm
2016-05-10,3.0490188159895174e-05,2.237954881538937e-05,calm
2016-05-11,2.9178186828277723e-05,4.735015674101967e-05,calm
2016-05-12,4.040888147393768e-05,3.3621252411176184e-05,calm
2016-05-16,3.48650208899324e-05,3.562929499965157e-05,calm
2016-05-17,3.504711427037516e-05,9.16463168028948e-05,calm
2016-05-18,6.0978187433705734e-05,6.468078727679216e-05,calm
2016-05-19,5.515550990598255e-05,2.623228100710626e-05,calm
2016-05-23,3.6922596073403394e-05,2.789230712825456e-05,calm
2016-05-24,3.737969412806716e-05,2.2423190213003367e-05,calm
2016-05-25,3.378782748731013e-05,1.1679147765112862e-05,calm
2016-05-26,2.3109204824607835e-05,8.904894900733696e-06,calm
2016-05-31,1.8072121720356917e-05,2.956508778975588e-05,calm
2016-06-01,2.8101894107505072e-05,1.801140354708861e-05,calm
2016-06-02,2.2320127556521237e-05,3.529406331157628e-05,calm
2016-06-06,3.061369697870428e-05,6.753289771714669e-06,calm
2016-06-07,1.6467049254616e-05,1.0233005694294088e-05,calm
2016-06-08,1.8507882182430734e-05,1.98808902235397e-05,calm
2016-06-09,2.242372162268263e-05,3.8341849816767207e-05,calm
2016-06-13,3.127408084613975e-05,3.885858617657656e-05,calm
2016-06-14,3.1734252495258715e-05,2.430816530778107e-05,calm
2016-06-15,2.759158172688914e-05,5.508774344729761e-05,calm
2016-06-16,4.362794127094995e-05,2.960091348099072e-05,calm
2016-06-20,3.4307733668433835e-05,2.3581708539552984e-05,calm
2016-06-21,3.0438729614838102e-05,2.5795354756515714e-05,calm
2016-06-22,3.0387354511989686e-05,3.4166858198260447e-05,calm
2016-06-23,3.4794496972309746e-05,0.0006284184050862,calm
2016-06-27,0.00023525993978496708,8.358302692898736e-05,calm
2016-06-28,8.044304873672783e-05,6.329879997328406e-05,calm
2016-06-29,7.57623859510051e-05,3.438876799265057e-05,calm
2016-06-30,6.237512798094312e-05,1.5139825171255358e-05,calm
2016-07-05,4.787478696693938e-05,4.77397963307738e-05,calm
2016-07-06,4.711755428361418e-05,2.9502306145696484e-05,calm
2016-07-07,3.5958423081904224e-05,1.534174700728773e-05,calm
2016-07-11,2.581917017339786e-05,3.135653845505276e-05,calm
2016-07-12,3.318453128560516e-05,1.3150336227977444e-05,calm
2016-07-13,2.4190478942079112e-05,2.7210435858482568e-05,calm
2016-07-14,2.9686076115474512e-05,1.1151789583542314e-05,calm
2016-07-18,2.045973342265004e-05,6.950281161817598e-06,calm
2016-07-19,1.7085189990616287e-05,5.1183205331206256e-06,calm
2016-07-20,1.382131963118969e-05,1.1359397135156038e-05,calm
2016-07-21,1.7113743357071726e-05,6.998118488551874e-06,calm
2016-07-25,1.311367551016934e-05,2.029149116150981e-05,calm
2016-07-26,2.001764969786364e-05,2.297246028335027e-05,calm
2016-07-27,2.238646438704184e-05,2.396518086269989e-05,calm
2016-07-28,2.4619575455091005e-05,1.605941703878963e-05,calm
2016-08-01,2.1468917504524408e-05,2.487293884826826e-05,calm
2016-08-02,2.7140327492516247e-05,1.1804944741306884e-05,calm
2016-08-03,1.9982372320410365e-05,1.1243968837289251e-05,calm
2016-08-04,1.7378295481346495e-05,9.667065320642549e-06,calm
2016-08-08,1.5146818354407751e-05,5.1507033654786015e-06,calm
2016-08-09,1.1383381568624442e-05,1.0564564637076138e-05,calm
2016-08-10,1.3207653807439412e-05,1.1655439447779651e-05,calm
2016-08-11,1.3666307070671354e-05,5.264460706917094e-06,calm
2016-08-15,9.73674384997489e-06,1.1543003686773754e-05,calm
2016-08-16,1.2841955788633243e-05,1.643444292619871e-05,calm
2016-08-17,1.5896603393269372e-05,6.159094914011146e-06,calm
2016-08-18,1.0597113003816183e-05,1.4103673472250133e-05,calm
2016-08-22,1.4511001255205038e-05,6.627962136852071e-06,calm
2016-08-23,1.1021896626518974e-05,1.071380553792379e-05,calm
2016-08-24,1.2958995020235721e-05,1.5375372156370595e-05,calm
2016-08-25,1.4964839200163289e-05,3.758426645531877e-05,calm
2016-08-29,2.581046158886804e-05,1.4056886819698014e-05,calm
2016-08-30,1.6770160980436884e-05,1.26924698803353e-05,calm
2016-08-31,1.678061420982182e-05,2.4379186421612232e-05,calm
2016-09-01,2.2955420318251473e-05,1.4669019832483964e-05,calm
2016-09-06,1.86445661927951e-05,7.12813414680022e-06,calm
2016-09-07,1.2725061729640486e-05,8.7164287313989e-06,calm
2016-09-08,1.3089185658612597e-05,4.4102584875997005e-05,calm
2016-09-12,2.8995903422488494e-05,9.403217173237495e-05,calm
2016-09-13,4.968427909323951e-05,4.682864722911128e-05,calm
2016-09-14,3.734240228628606e-05,3.725055788990922e-05,calm
2016-09-15,3.6925593276557984e-05,4.274386051782572e-05,calm
2016-09-19,4.2905868073010226e-05,1.951401243251184e-05,calm
2016-09-20,3.0426096440985494e-05,3.346809913478899e-05,calm
2016-09-21,3.382607619348863e-05,2.320596239394876e-05,calm
2016-09-22,2.793527248140599e-05,1.1696005493721547e-05,calm
2016-09-26,2.033764313106752e-05,2.464059425376755e-05,calm
2016-09-27,2.5425923325336745e-05,2.301518124293408e-05,calm
2016-09-28,2.5182233512700404e-05,4.629919727047816e-05,calm
2016-09-29,3.53806956131508e-05,3.082941526653865e-05,calm
2016-10-03,3.0300646943440786e-05,4.3308781808249256e-05,calm
2016-10-04,3.8271379933468055e-05,1.2280211270317902e-05,calm
2016-10-05,2.3042462023459676e-05,1.774025656547172e-05,calm
2016-10-06,2.5364805154279657e-05,2.74157941623287e-05,calm
2016-10-10,2.870766221866746e-05,3.422516253398621e-05,calm
2016-10-11,3.194046542349057e-05,1.8305628748461104e-05,calm
2016-10-12,2.3297889747204608e-05,3.793605936238357e-05,calm
2016-10-13,3.384655474159755e-05,2.6476063796525742e-05,calm
2016-10-17,3.0071032407152652e-05,1.6656376574742825e-05,calm
2016-10-18,2.4663754159869757e-05,7.419008937437337e-06,calm
2016-10-19,1.7184962185502345e-05,2.933646960425307e-05,calm
2016-10-20,2.8231194956259132e-05,2.0314790640537784e-05,calm
2016-10-24,2.3023674909474502e-05,1.0436957101181183e-05,calm
2016-10-25,1.68710491839172e-05,2.291962845320422e-05,calm
2016-10-26,2.2958392355439946e-05,2.2815251791584925e-05,calm
2016-10-27,2.4395251243840524e-05,5.8803994148997966e-05,calm
2016-10-31,3.9907860446895364e-05,1.4053857553146364e-05,calm
2016-11-01,2.1421999741694324e-05,3.538076805489435e-05,calm
2016-11-02,3.314399161468517e-05,4.398327123570008e-05,calm
2016-11-03,3.828701300595158e-05,1.825675463840205e-05,calm
2016-11-04,2.671740717375336e-05,3.1676612866815504e-05,calm
2016-11-07,3.105879712194812e-05,5.81788346196305e-05,calm
2016-11-08,4.489402474548809e-05,3.161488857989053e-05,calm
2016-11-09,3.408850424547386e-05,0.0001216853112382,calm
2016-11-10,7.15285852615128e-05,0.0001126297926288,calm
2016-11-11,7.737365369244153e-05,3.143515896113161e-05,calm
2016-11-14,4.518237215735804e-05,2.735145203620469e-05,calm
2016-11-15,4.076952493878112e-05,1.11279623108643e-05,calm
2016-11-16,2.9422633248373078e-05,1.4536616204313543e-05,calm
2016-11-17,2.5788312441479116e-05,6.825718147760081e-06,calm
2016-11-18,1.5831583270541784e-05,9.493052843207066e-06,calm
2016-11-21,1.585498626469143e-05,9.257212610933407e-06,calm
2016-11-22,1.4507082579465388e-05,8.50623113178578e-06,calm
2016-11-23,1.3739961897276088e-05,7.503065640927057e-06,calm
2016-11-25,1.2540453591298638e-05,1.993045388154618e-06,calm
2016-11-28,8.340496618836752e-06,9.72092895238111e-06,calm
2016-11-29,1.2861930511607275e-05,9.150174039960871e-06,calm
2016-11-30,1.2482086482954883e-05,2.8017222821861937e-05,calm
2016-12-01,2.1441462994586613e-05,2.1306747519352884e-05,calm
2016-12-02,2.018119582525098e-05,1.4623593397839818e-05,calm
2016-12-05,1.8686785311850322e-05,8.43231556667906e-06,calm
2016-12-06,1.5184496448043242e-05,8.861215550129153e-06,calm
2016-12-07,1.531378294470868e-05,2.268667047760707e-05,calm
2016-12-08,2.1252327568886233e-05,1.6155961444061298e-05,calm
2016-12-09,1.7898967562031137e-05,8.397497332696216e-06,calm
2016-12-12,1.3518829397744977e-05,1.4526868952010185e-05,calm
2016-12-13,1.6547620153286548e-05,1.5207222411221524e-05,calm
2016-12-14,1.6984331174333212e-05,7.82849558983664e-05,calm
2016-12-15,4.2231623143251114e-05,2.869014108279807e-05,calm
2016-12-16,2.6494161037366846e-05,2.1016833261276737e-05,calm
2016-12-19,2.458952100439288e-05,9.537053552497278e-06,calm
2016-12-20,1.83082246083048e-05,8.155500508814728e-06,calm
2016-12-21,1.686879184357823e-05,3.81966704921707e-06,calm
2016-12-22,1.0382139901745343e-05,6.424925463570126e-06,calm
2016-12-23,1.0587730818776649e-05,2.609473286644902e-06,calm
2016-12-27,6.999971919150763e-06,5.589826606184361e-06,calm
2016-12-28,8.4164192767438e-06,1.2391144492659291e-05,calm
2016-12-29,1.1871644310833699e-05,1.1561926881236435e-05,calm
2016-12-30,1.2270098455934621e-05,2.2035693328963653e-05,calm
2017-01-03,1.7726190441734698e-05,3.530082554881368e-05,calm
2017-01-04,2.5484535112933966e-05,1.3258026097284536e-05,calm
2017-01-05,1.7451486491187575e-05,1.178482830740815e-05,calm
2017-01-06,1.6657132905433068e-05,1.4969657392208488e-05,calm
2017-01-09,1.8520936149088396e-05,8.063359033437074e-06,calm
2017-01-10,1.39846389948899e-05,1.2563080178720623e-05,calm
2017-01-11,1.4815367243463939e-05,2.8820522383153456e-05,calm
2017-01-12,2.249552108326062e-05,2.3747477731196367e-05,calm
2017-01-13,2.1684737685346843e-05,8.459343076259831e-06,calm
2017-01-17,1.416288519138628e-05,9.541272883018732e-06,calm
2017-01-18,1.4821462804275225e-05,1.115529785092641e-05,calm
2017-01-19,1.5190583652377795e-05,1.5401237970675128e-05,calm
2017-01-20,1.6198193338123458e-05,2.0624291935011244e-05,calm
2017-01-23,1.8120623416402495e-05,1.831288575416317e-05,calm
2017-01-24,1.8117469086166553e-05,7.742267073350394e-06,calm
2017-01-25,1.304058778037376e-05,8.639567067979128e-06,calm
2017-01-26,1.3353473094877713e-05,8.716921054753547e-06,calm
2017-01-27,1.2901728315818271e-05,6.599146181684205e-06,calm
2017-01-30,1.0863975589692506e-05,2.007743604567609e-05,calm
2017-01-31,1.6986215322244914e-05,1.7117882252420035e-05,calm
2017-02-01,1.666077392413004e-05,2.058079775677697e-05,calm
2017-02-02,1.91168912220993e-05,1.6156560255120758e-05,calm
2017-02-03,1.7889927743811517e-05,8.04652559173343e-06,calm
2017-02-06,1.393963782258293e-05,6.24749500737074e-06,calm
2017-02-07,1.1836589697436869e-05,7.596372125171352e-06,calm
2017-02-08,1.1842851759794931e-05,1.2176839872403404e-05,calm
2017-02-09,1.3448635323857936e-05,6.330125180114206e-06,calm
2017-02-10,9.92637065776717e-06,4.6908385960384204e-06,calm
2017-02-13,8.675850053936476e-06,4.917305478029624e-06,calm
2017-02-14,8.53944497511603e-06,1.079192327125345e-05,calm
2017-02-15,1.1508252634876747e-05,9.0879428334082e-06,calm
2017-02-16,1.0537302723151843e-05,2.2197313332101e-05,calm
2017-02-17,1.7003041983411596e-05,8.14978238996161e-06,calm
2017-02-21,1.1544424836897668e-05,1.115227435658522e-05,calm
2017-02-22,1.3513022100341008e-05,6.905035815576451e-06,calm
2017-02-23,1.1006199950593002e-05,1.0676083468818336e-05,calm
2017-02-24,1.2916480723290691e-05,1.484820825386242e-05,calm
2017-02-27,1.4313643828716076e-05,8.364149569720683e-06,calm
2017-02-28,1.1463931964840028e-05,8.160604373456629e-06,calm
2017-03-01,1.1122588202249394e-05,1.423165281252227e-05,calm
2017-03-02,1.4500032305411022e-05,1.4972072555817631e-05,calm
2017-03-03,1.511053671415904e-05,9.854526728551376e-06,calm
2017-03-06,1.2419336115298237e-05,9.354071028511452e-06,calm
2017-03-07,1.2188294516329707e-05,9.59480276521889e-06,calm
2017-03-08,1.2374041030292959e-05,1.131798827708678e-05,calm
2017-03-09,1.2979623498901443e-05,1.2186180666889531e-05,calm
2017-03-10,1.3215416447103213e-05,1.385892531857754e-05,calm
2017-03-13,1.4298432507318799e-05,5.461830069868128e-06,calm
2017-03-14,9.883380590536674e-06,1.4428728694724083e-05,calm
2017-03-15,1.4529906679427078e-05,1.845940163264653e-05,calm
2017-03-16,1.683197438287766e-05,1.0412375887641516e-05,calm
2017-03-17,1.3295900930977527e-05,6.386087516878014e-06,calm
2017-03-20,1.0644200352630559e-05,1.2038693008286105e-05,calm
2017-03-21,1.3986253761829759e-05,4.198479801938434e-05,calm
2017-03-22,2.7034659225256257e-05,2.873986723295791e-05,calm
2017-03-23,2.334018475128487e-05,2.6084969089896136e-05,calm
2017-03-24,2.377341418162599e-05,2.563312425962748e-05,calm
2017-03-27,2.5602102245706466e-05,2.173073494206829e-05,calm
2017-03-28,2.4899477571815742e-05,1.044726844515106e-05,calm
2017-03-29,1.7262233427877452e-05,8.98985543259254e-06,calm
2017-03-30,1.5103700149142054e-05,1.17465019184805e-05,calm
2017-04-03,1.55777095911904e-05,1.3100950098603844e-05,calm
2017-04-04,1.5372320271539935e-05,3.860427130308475e-05,calm
2017-04-05,2.631622558301993e-05,2.620642750159066e-05,calm
2017-04-06,2.3301155784825743e-05,2.020967123305064e-05,calm
2017-04-10,2.196993898016436e-05,3.173276335396676e-05,calm
2017-04-11,2.8510264373041613e-05,2.2844534550322504e-05,calm
2017-04-12,2.5799909326398754e-05,2.38872774601896e-05,calm
2017-04-17,2.538695393953108e-05,1.841060979573559e-05,calm
2017-04-18,2.2415446797439644e-05,1.3064525717148812e-05,calm
2017-04-19,1.934901969899571e-05,1.2627890397638288e-05,calm
2017-04-20,1.78120903605238e-05,1.4473397003087707e-05,calm
2017-04-24,1.806302973234791e-05,7.227291713214016e-06,calm
2017-04-25,1.3119201188536524e-05,2.2241304035310253e-05,calm
2017-04-26,2.0364218132476674e-05,1.07626100166163e-05,calm
2017-04-27,1.51317182942971e-05,8.861551405906131e-06,calm
2017-05-01,1.3652094574256867e-05,5.837677226865868e-06,calm
2017-05-02,1.1143710416808161e-05,8.218916782662081e-06,calm
2017-05-03,1.239890570708923e-05,1.367521899549252e-05,calm
2017-05-04,1.4307621172356774e-05,5.581949847931758e-06,calm
2017-05-08,9.877363579839894e-06,6.504059435629894e-06,calm
2017-05-09,1.0140220490073439e-05,4.802453281190964e-06,calm
2017-05-10,9.073624596679052e-06,1.158952216165951e-05,calm
2017-05-11,1.2640176476120673e-05,5.474865980580471e-06,calm
2017-05-15,9.0242527892589e-06,7.586803050969945e-06,calm
2017-05-16,1.0101824891321713e-05,3.252463044860232e-05,calm
2017-05-17,2.1512408360818928e-05,4.333624274918461e-05,calm
2017-05-18,2.8510077587297223e-05,1.3441363631925554e-05,calm
2017-05-22,1.7058971528691838e-05,5.317225716601514e-06,calm
2017-05-23,1.2549958038430146e-05,4.924107547085021e-06,calm
2017-05-24,1.1878018300397343e-05,8.541006874870385e-06,calm
2017-05-25,1.2437562726135339e-05,3.642491773618956e-06,calm
2017-05-30,7.576676149966181e-06,1.4444833948179025e-05,calm
2017-05-31,1.2613129038991365e-05,8.025300491823776e-06,calm
2017-06-01,1.0109263189042955e-05,7.170377215055924e-06,calm
2017-06-05,9.908996339152836e-06,8.525341347402811e-06,calm
2017-06-06,1.046194583355277e-05,8.590761982609548e-06,calm
2017-06-07,1.095853604931485e-05,1.2969702552996304e-05,calm
2017-06-08,1.2813084966980957e-05,3.597250411329846e-05,calm
2017-06-12,2.336542360414576e-05,8.019608367875839e-06,calm
2017-06-13,1.2442799309360789e-05,2.0436335256390773e-05,calm
2017-06-14,1.8940988965464925e-05,1.664885299917536e-05,calm
2017-06-15,1.819286936233653e-05,1.1202471928335315e-05,calm
2017-06-19,1.5583971615881294e-05,1.0224699131574804e-05,calm
2017-06-20,1.3615282227624391e-05,1.2921542766538894e-05,calm
2017-06-21,1.5300317686936557e-05,7.233627910287446e-06,calm
2017-06-22,1.1591939633218446e-05,8.25680019504135e-06,calm
2017-06-26,1.1521334601642653e-05,1.953407818005006e-05,calm
2017-06-27,1.6855163791859897e-05,1.6327837153197737e-05,calm
2017-06-28,1.591759349868298e-05,4.7791161373866496e-05,calm
2017-06-29,2.970643966828443e-05,1.921835107404792e-05,calm
2017-07-05,2.0584564415786523e-05,1.999703046341511e-05,calm
2017-07-06,2.2150834997792446e-05,9.219661441690568e-06,calm
2017-07-10,1.6076845854164095e-05,2.041884303077295e-05,calm
2017-07-11,2.1906496514990614e-05,9.836286466070126e-06,calm
2017-07-12,1.4641863634828375e-05,4.753232310690548e-06,calm
2017-07-13,1.065117652563136e-05,4.738712524362805e-06,calm
2017-07-17,9.557889363597543e-06,8.866225463259536e-06,calm
2017-07-18,1.1700327376019102e-05,3.930936263621172e-06,calm
2017-07-19,7.92580059172238e-06,8.155892610920884e-06,calm
2017-07-20,9.936977805250791e-06,4.650471052539611e-06,calm
2017-07-24,8.008644031341668e-06,3.939355455073604e-06,calm
2017-07-25,7.494876465280837e-06,5.843983180511742e-06,calm
2017-07-26,8.183670379497512e-06,2.626454240835038e-05,calm
2017-07-27,1.783502051847944e-05,7.675756124414517e-06,calm
2017-07-31,1.0452469503035638e-05,6.852959625954329e-06,calm
2017-08-01,1.0228495674065296e-05,1.3243215086709916e-05,calm
2017-08-02,1.4010834627859216e-05,7.124957786695563e-06,calm
2017-08-03,1.1272883307621203e-05,7.718977368245543e-06,calm
2017-08-07,1.0444311910828419e-05,1.0657166552350724e-05,calm
2017-08-08,1.1977397429798924e-05,1.826262794536436e-05,calm
2017-08-09,1.60188636025008e-05,3.068419155357714e-05,calm
2017-08-10,2.1683774917564716e-05,1.6235490524315244e-05,calm
2017-08-14,1.70105158646651e-05,7.597027387428061e-06,calm
2017-08-15,1.2814589134384058e-05,9.602566942447369e-06,calm
2017-08-16,1.3766090956795394e-05,3.21140013636011e-05,calm
2017-08-17,2.389747832962825e-05,2.912622168032675e-05,calm
2017-08-21,2.2882189099306592e-05,1.1059448213068393e-05,calm
2017-08-22,1.5051581402952841e-05,1.1210745665674774e-05,calm
2017-08-23,1.552802032506779e-05,1.6657840209925543e-05,calm
2017-08-24,1.87050087032252e-05,1.240530735094806e-05,calm
2017-08-28,1.5590136398232e-05,9.14134822030488e-06,calm
2017-08-29,1.2745347233732643e-05,7.94708805665742e-06,calm
2017-08-30,1.1923690615051433e-05,8.27995494714268e-06,calm
2017-08-31,1.190087020630773e-05,6.812995408461733e-06,calm
2017-09-05,1.0453022717088849e-05,7.194976454707857e-06,calm
2017-09-06,1.013344543723233e-05,1.2168437608919624e-05,calm
2017-09-07,1.2656813961067371e-05,6.872057016941768e-06,calm
2017-09-11,1.0128456292161643e-05,4.604428305690069e-06,calm
2017-09-12,8.525242301453802e-06,3.4559374748527843e-06,calm
2017-09-13,7.5040695039738235e-06,4.198882458671138e-06,calm
2017-09-14,7.65355813775624e-06,3.5608100012003555e-06,calm
2017-09-18,6.61536841098416e-06,4.386818036639344e-06,calm
2017-09-19,6.776273180069748e-06,1.0201951351476597e-05,calm
2017-09-20,9.725753698474287e-06,7.743973112850879e-06,calm
2017-09-21,9.029001354907695e-06,3.481922266008804e-06,calm
2017-09-25,6.7752839732673485e-06,6.559197722896502e-06,calm
2017-09-26,8.623545035157923e-06,1.1001876570215672e-05,calm
2017-09-27,1.1033026501120054e-05,5.151294935902915e-06,calm
2017-09-28,7.81043444820362e-06,4.896712048314635e-06,calm
2017-10-02,7.403409509132489e-06,4.274704580519075e-06,calm
2017-10-03,7.1016588197416755e-06,5.115843528488577e-06,calm
2017-10-04,7.3429077715076946e-06,4.0123077997400185e-06,calm
2017-10-05,6.224626203138222e-06,4.670294476407286e-06,calm
2017-10-09,6.4816757956502804e-06,7.180574169401431e-06,calm
2017-10-10,7.808324836368726e-06,3.4645731406485937e-06,calm
2017-10-11,5.908823589315965e-06,3.947287258453006e-06,calm
2017-10-12,6.041496418074457e-06,3.566298547099304e-06,calm
2017-10-16,5.771042418837161e-06,2.342903383090148e-06,calm
2017-10-17,4.80600711003903e-06,3.0866777809557538e-06,calm
2017-10-18,4.895224589191407e-06,5.472727319487298e-06,calm
2017-10-19,6.204554443124967e-06,4.282498494816701e-06,calm
2017-10-23,5.692836569461892e-06,6.354013627900999e-06,calm
2017-10-24,6.880716033053751e-06,2.205369649753281e-05,calm
2017-10-25,1.4287392331029329e-05,1.2439427969827716e-05,calm
2017-10-26,1.178429006412072e-05,1.2852335898770177e-05,calm
2017-10-30,1.2604746601871708e-05,1.0190473770679576e-05,calm
2017-10-31,1.2049789760628224e-05,3.844075565737857e-06,calm
2017-11-01,8.516549370087168e-06,9.89368395522742e-06,calm
2017-11-02,1.091121288096313e-05,1.6102995433989458e-05,calm
2017-11-03,1.3725928839426432e-05,4.471086574744166e-06,calm
2017-11-06,7.878584729654983e-06,3.08508695023499e-06,calm
2017-11-07,6.501467940779417e-06,8.325939854062812e-06,calm
2017-11-08,9.564684335137383e-06,5.652371085663188e-06,calm
2017-11-09,7.987883423990663e-06,2.767443583524494e-05,calm
2017-11-10,1.7154490906877318e-05,6.876456679156106e-06,calm
2017-11-13,9.513910770396604e-06,4.789063194644555e-06,calm
2017-11-14,8.591303541607044e-06,1.9274928979575017e-05,calm
2017-11-15,1.5805036888252102e-05,2.2325419200682783e-05,calm
2017-11-16,1.8543774136508723e-05,8.051411632137276e-06,calm
2017-11-17,1.1240317717971333e-05,5.4455940880412325e-06,calm
2017-11-20,9.783572951487191e-06,4.597282928434352e-06,calm
2017-11-21,9.292029843402611e-06,4.813483210377632e-06,calm
2017-11-22,8.457690737045505e-06,2.818742482927139e-06,calm
2017-11-24,6.099400625749971e-06,1.218059268025056e-06,calm
2017-11-27,4.381432873537919e-06,4.6620195125725e-06,calm
2017-11-28,6.249384430010506e-06,1.1049063256237762e-05,calm
2017-11-29,9.416087314489061e-06,1.6148250139225744e-05,calm
2017-11-30,1.2203873427901764e-05,2.732316514645123e-05,calm
2017-12-01,1.8230447941079435e-05,8.878526153603566e-05,calm
2017-12-04,4.4600495829491776e-05,2.2659116198128083e-05,calm
2017-12-05,2.4379179613531478e-05,1.636164890858776e-05,calm
2017-12-06,2.2013379117068726e-05,1.3038106015238966e-05,calm
2017-12-07,2.01817434244057e-05,8.912262992352853e-06,calm
2017-12-08,1.6632959475679364e-05,7.157952923588582e-06,calm
2017-12-11,1.1966565386644742e-05,6.28610596713131e-06,calm
2017-12-12,1.0413411489087858e-05,6.536597935707063e-06,calm
2017-12-13,9.727216922666719e-06,1.2149563391690132e-05,calm
2017-12-14,1.2273206941050407e-05,1.1651827415373304e-05,calm
2017-12-15,1.2345426244985254e-05,1.2545611847702714e-05,calm
2017-12-18,1.3127245446481903e-05,8.446383803682566e-06,calm
2017-12-19,1.1376939667460466e-05,8.499256965557588e-06,calm
2017-12-20,1.158046409080248e-05,1.3496620660201293e-05,calm
2017-12-21,1.4008190678489488e-05,8.027997619826864e-06,calm
2017-12-22,1.1262022688398184e-05,4.40157794917856e-06,calm
2017-12-26,8.667588676542171e-06,3.030899041887512e-06,calm
2017-12-27,7.349845478177945e-06,2.709995458511272e-06,calm
2017-12-28,6.674438485804484e-06,1.600500283502711e-06,calm
2017-12-29,5.031602869072082e-06,6.703570866219266e-06,calm
2018-01-02,7.679903473066963e-06,6.614951624958542e-06,calm
2018-01-03,7.767683267300808e-06,5.71847519323922e-06,calm
2018-01-04,7.489547454631231e-06,7.308547842727639e-06,calm
2018-01-05,8.358621273220602e-06,7.888586235726555e-06,calm
2018-01-08,9.189016276021822e-06,6.09844119244572e-06,calm
2018-01-09,8.231130884577248e-06,1.0587500304570517e-05,calm
2018-01-10,1.0512336455745142e-05,1.1667978354241348e-05,calm
2018-01-11,1.1472883227512416e-05,6.977268385323447e-06,calm
2018-01-12,9.361047059526893e-06,1.0305350153288946e-05,calm
2018-01-16,1.109479670882014e-05,3.171103484184363e-05,calm
2018-01-17,2.1089633957262524e-05,1.7473471234424658e-05,calm
2018-01-18,1.6485681817035535e-05,2.141279362261225e-05,calm
2018-01-19,1.886774802899015e-05,1.2927845371988949e-05,calm
2018-01-22,1.5864639021821792e-05,1.2361764689323807e-05,calm
2018-01-23,1.5811706711801938e-05,1.0516214125313828e-05,calm
2018-01-24,1.363259019031121e-05,3.761788161072697e-05,calm
2018-01-25,2.5573289904687523e-05,3.039692870677867e-05,calm
2018-01-26,2.385261159765679e-05,9.102114425420824e-06,calm
2018-01-29,1.4508548908615732e-05,2.2349371869295257e-05,calm
2018-01-30,2.1456265925695143e-05,3.4929776497839115e-05,calm
2018-01-31,2.8629645543052613e-05,3.271678149527722e-05,calm
2018-02-01,2.7837699810407595e-05,3.341903194596238e-05,calm
2018-02-02,2.857726419149851e-05,7.015573151725725e-05,calm
2018-02-05,4.7054503173187714e-05,0.0004551799233295,calm
2018-02-06,0.00018558140388980497,0.0006652118347677,calm
2018-02-07,0.0002949339878952874,0.0001972164402289,calm
2018-02-08,0.0001661412480255152,0.000364028297806,calm
2018-02-09,0.00025963904980885597,0.0006393205842826,calm
2018-02-12,0.00040654926283709435,0.0001658825181395,calm
2018-02-13,0.00020616123381301724,7.113636897879899e-05,calm
2018-02-14,0.00012649561354328946,9.89923055024988e-05,calm
2018-02-15,0.00013546018186189756,7.355126662727743e-05,calm
2018-02-16,0.00010660685551274438,7.211206530778424e-05,calm
2018-02-20,8.326355533918294e-05,5.786675576998364e-05,calm
2018-02-21,7.053008242496708e-05,7.737946210594005e-05,calm
2018-02-22,8.039598980468265e-05,9.652090932117766e-05,calm
2018-02-23,8.91181128267808e-05,4.30592984360934e-05,calm
2018-02-26,6.30879943609353e-05,3.1198675427699144e-05,calm
2018-02-27,5.3550341979425884e-05,8.018621425927186e-05,calm
2018-02-28,7.8574967537444e-05,7.684882115591153e-05,calm
2018-03-01,7.790317333519658e-05,0.0002355839938478,calm
2018-03-02,0.00014607370748759532,0.0001190283660968,calm
2018-03-05,0.00011143585863909917,5.8839391575838e-05,calm
2018-03-06,8.742810225143379e-05,4.5990117960412656e-05,calm
2018-03-07,7.79015984909728e-05,4.697114005697994e-05,calm
2018-03-08,7.582019030411992e-05,4.3424621822541743e-05,calm
2018-03-09,6.177029619912293e-05,1.431971019703371e-05,calm
2018-03-12,3.594665522092395e-05,2.8399877176607223e-05,calm
2018-03-13,4.116164276774847e-05,4.9113389469572345e-05,calm
2018-03-14,4.9717146155317746e-05,6.596320011655736e-05,calm
2018-03-15,5.599415630063018e-05,2.947954790915389e-05,calm
2018-03-16,3.849022307184127e-05,1.8657054776395223e-05,calm
2018-03-19,3.295524182779105e-05,6.32718404727625e-05,calm
2018-03-20,5.551019455937934e-05,3.359572098801225e-05,calm
2018-03-21,4.134641654446687e-05,6.197007099274223e-05,calm
2018-03-22,5.308074737429543e-05,0.0001147312858884,calm
2018-03-23,7.898253936622173e-05,0.0001544169488096,calm
2018-03-26,0.00010443365788204919,0.000176556349365,calm
2018-03-27,0.00012080700987199096,0.0002688692630993,calm
2018-03-28,0.00017270126490020405,9.621811814917288e-05,calm
2018-04-02,0.00011055936268399468,0.0001788462002333,calm
2018-04-03,0.00015006793859047212,0.0001308391634871,calm
2018-04-04,0.00012950460079274654,8.622249476007186e-05,calm
2018-04-05,0.00010273529029470327,0.000134196094826,calm
2018-04-09,0.00011607107710839262,0.0001106799023618,calm
2018-04-10,0.00010805956827383439,7.535300253347774e-05,calm
2018-04-11,8.641805401913106e-05,4.996598321838943e-05,calm
2018-04-12,6.895194809830584e-05,6.225191328259691e-05,calm
2018-04-16,7.331305837808768e-05,1.6500104238470782e-05,calm
2018-04-17,4.1048882716869106e-05,2.258786574667965e-05,calm
2018-04-18,3.950313678785585e-05,3.606030958477396e-05,calm
2018-04-19,4.380699589486676e-05,5.216582244584812e-05,calm
2018-04-23,5.097195992203917e-05,0.0001407534082741,calm
2018-04-24,8.914968275511224e-05,0.0001005632290713,calm
2018-04-25,8.333946052859677e-05,3.784146714232963e-05,calm
2018-04-26,5.728376642823705e-05,3.349606704611639e-05,calm
2018-04-30,5.472947424190319e-05,4.747248022629809e-05,calm
2018-05-01,6.137897069938984e-05,4.787963713161233e-05,calm
2018-05-02,5.5768637241357865e-05,0.0001010027703401,calm
2018-05-03,7.710209083907813e-05,4.463663451205776e-05,calm
2018-05-07,5.384206251197779e-05,4.524455803516075e-05,calm
2018-05-08,5.401840330522385e-05,2.9659279793236104e-05,calm
2018-05-09,4.4496881844091106e-05,2.010849529280787e-05,calm
2018-05-10,3.626046556322673e-05,2.0617447204891485e-05,calm
2018-05-14,3.138693009989561e-05,3.939174727281433e-05,calm
2018-05-15,3.9536256509968406e-05,1.61998087489785e-05,calm
2018-05-16,2.5833834355069394e-05,1.980609056514736e-05,calm
2018-05-17,2.6485048133278543e-05,2.127363185940765e-05,calm
2018-05-21,2.6967844382212697e-05,1.421697742964394e-05,calm
2018-05-22,2.261601424848341e-05,2.8522418571391115e-05,calm
2018-05-23,2.847842204942613e-05,3.2755518112654295e-05,calm
2018-05-24,3.171975594144213e-05,1.6197009873600785e-05,calm
2018-05-29,2.3764064210631957e-05,2.1225392793408687e-05,calm
2018-05-30,2.6121776756339316e-05,4.003025152578256e-05,calm
2018-05-31,3.61878318543901e-05,2.009443308400909e-05,calm
2018-06-04,2.61710604002791e-05,1.6125956049530178e-05,calm
2018-06-05,2.2567712155619858e-05,1.5098667468390588e-05,calm
2018-06-06,2.1790341740575823e-05,2.9526820758843683e-05,calm
2018-06-07,2.89565859850321e-05,1.3072953972051688e-05,calm
2018-06-11,1.928905951668114e-05,8.469779576886225e-06,calm
2018-06-12,1.5603132069968967e-05,1.6929324875534576e-05,calm
2018-06-13,1.9563797263377586e-05,1.1211965779949244e-05,calm
2018-06-14,1.6274836308193125e-05,2.5513147656398672e-05,calm
2018-06-18,2.2251624545989294e-05,2.156809256993061e-05,calm
2018-06-19,2.1264801772388524e-05,8.010943352619005e-06,calm
2018-06-20,1.4614738203878718e-05,3.0362929554109723e-05,calm
2018-06-21,2.567289160339303e-05,1.526536110131513e-05,calm
2018-06-25,1.943105736979926e-05,2.898905200072649e-05,calm
2018-06-26,2.5693297024106444e-05,7.422572422614897e-05,calm
2018-06-27,4.562267388131599e-05,5.787980432085696e-05,calm
2018-06-28,4.474598490636957e-05,2.4756918927332547e-05,calm
2018-07-02,3.072419019361809e-05,1.4196731639339e-05,calm
2018-07-05,2.5078075406668407e-05,2.2771367019504736e-05,calm
2018-07-09,2.8977305864199217e-05,1.1413431824406982e-05,calm
2018-07-10,1.9488587380985248e-05,1.942270107970797e-05,calm
2018-07-11,2.1370643716779262e-05,1.653476145784446e-05,calm
2018-07-12,1.9327898210374815e-05,9.407491987610213e-06,calm
2018-07-16,1.5298605661854154e-05,1.2264668832116362e-05,calm
2018-07-17,1.6014772689434046e-05,5.991402370987766e-06,calm
2018-07-18,1.2087845304636514e-05,1.5393012576390907e-05,calm
2018-07-19,1.6463324857524478e-05,9.524884436916564e-06,calm
2018-07-23,1.3164247285542246e-05,2.1146940703454864e-05,calm
2018-07-24,1.928906177700335e-05,2.178914876628423e-05,calm
2018-07-25,2.032490067674149e-05,1.193431253459892e-05,calm
2018-07-26,1.6525295151387365e-05,3.067783781486831e-05,calm
2018-07-30,2.5688601537883515e-05,1.923819402508662e-05,calm
2018-07-31,2.1801438951098095e-05,1.1862521679934258e-05,calm
2018-08-01,1.7571420962617292e-05,1.4204832295020936e-05,calm
2018-08-02,1.8083464449658274e-05,9.043144868161178e-06,calm
2018-08-06,1.5132964682254826e-05,8.975279272696583e-06,calm
2018-08-07,1.3590030030813511e-05,7.626604472685813e-06,calm
2018-08-08,1.1743839801169706e-05,7.5290472724648515e-06,calm
2018-08-09,1.110507731087665e-05,2.287484759334325e-05,calm
2018-08-13,1.8223184081865607e-05,1.7785372736627628e-05,calm
2018-08-14,1.695822858234292e-05,4.493497828651328e-05,calm
2018-08-15,2.9723851277349667e-05,1.637066864741043e-05,calm
2018-08-16,1.9532700798030177e-05,1.750479894701991e-05,calm
2018-08-20,2.0961031982671328e-05,8.955606977887712e-06,calm
2018-08-21,1.5499246383793032e-05,9.847143313368516e-06,calm
2018-08-22,1.5384026473116885e-05,1.2849475604154614e-05,calm
2018-08-23,1.5142093165520732e-05,8.778607505618296e-06,calm
2018-08-27,1.2631769505099946e-05,9.343115575934486e-06,calm
2018-08-28,1.2300530056200728e-05,6.731406980853608e-06,calm
2018-08-29,1.0749464177850072e-05,2.0100691969823984e-05,calm
2018-08-30,1.7434126862534095e-05,1.4892996244859516e-05,calm
2018-09-04,1.5394681515400702e-05,3.5053643854095e-05,calm
2018-09-05,2.5279739005671632e-05,3.489150337542833e-05,calm
2018-09-06,2.7324502414813875e-05,3.814183321768991e-05,calm
2018-09-10,3.146410073801804e-05,1.472110611614496e-05,calm
2018-09-11,2.0908682300030958e-05,2.4884567411449644e-05,calm
2018-09-12,2.653239284348716e-05,1.2726204387781622e-05,calm
2018-09-13,1.922403387259523e-05,1.2757677608114882e-05,calm
2018-09-17,1.785082929856456e-05,1.4245041404083616e-05,calm
2018-09-18,1.72098015940197e-05,1.063457610737335e-05,calm
2018-09-19,1.5158369473589518e-05,8.311673890179496e-06,calm
2018-09-20,1.2736625857994115e-05,6.777642726152144e-06,calm
2018-09-24,1.135080060918641e-05,8.021425312253984e-06,calm
2018-09-25,1.1452121756026817e-05,2.3740820653048544e-05,calm
2018-09-26,1.879390264455177e-05,9.74386359942428e-06,calm
2018-09-27,1.276757838820924e-05,1.1656450480853398e-05,calm
2018-10-01,1.3973877904942432e-05,1.5789160675991803e-05,calm
2018-10-02,1.6639597929275863e-05,1.610845094820653e-05,calm
2018-10-03,1.7497716495311028e-05,4.413037786646963e-05,calm
2018-10-04,2.9745664689453147e-05,4.2350197050377066e-05,calm
2018-10-08,3.2071146625748725e-05,4.212508379178483e-05,calm
2018-10-09,3.48530851952575e-05,0.0001483015168757,calm
2018-10-10,8.032266162093014e-05,0.0003819383668723,calm
2018-10-11,0.00017779048725345093,0.0001981396788324,calm
2018-10-15,0.00013433303345549452,4.6229122638354096e-05,calm
2018-10-16,7.23453129863157e-05,0.0001059740238844,calm
2018-10-17,0.0001060797914472627,0.0001256818832433,calm
2018-10-18,0.00011404728405020008,8.80717567564226e-05,calm
2018-10-22,8.491258212537854e-05,0.0001286478708651,calm
2018-10-23,9.832938677489526e-05,0.0001776456907556,calm
2018-10-24,0.0001276932767404689,0.0001010515723094,calm
2018-10-25,9.867228385021207e-05,0.0003221444567771,calm
2018-10-29,0.00019292474050002864,0.0003020764729368,calm
2018-10-30,0.00020534520631503017,0.0002369290928385,calm
2018-10-31,0.00019228590146495332,8.267753088956122e-05,calm
2018-11-01,0.0001192614575084554,6.926351424220781e-05,calm
2018-11-02,0.00011006177204200878,0.0001625799095452,calm
2018-11-05,0.00014611481133825044,3.526037727885601e-05,calm
2018-11-06,7.038934490430399e-05,3.699906255462284e-05,calm
2018-11-07,6.09622508759218e-05,4.081668561237299e-05,calm
2018-11-08,6.028692507163949e-05,4.4635716622966265e-05,calm
2018-11-09,6.041654879334861e-05,5.518134697250357e-05,calm
2018-11-12,5.963742196855201e-05,9.255630065272847e-05,calm
2018-11-13,7.999603503661392e-05,0.0001678628106496,calm
2018-11-14,0.0001180130174823991,0.0001279313287046,calm
2018-11-15,0.00010909215145593589,0.0001864117526916,calm
2018-11-16,0.00014243783514321365,8.18173872137005e-05,calm
2018-11-19,0.0001019042124036094,0.0001150169734721,calm
2018-11-20,0.00011866913206870967,0.00018558809343,calm
2018-11-21,0.00014878970061002377,3.7224155417686575e-05,calm
2018-11-23,7.383771821647514e-05,2.5933451961723595e-05,calm
2018-11-26,5.6389184741820784e-05,5.437867057759013e-05,calm
2018-11-27,6.925088776610544e-05,6.372690297495023e-05,calm
2018-11-28,7.011171377612419e-05,8.900977788165231e-05,calm
2018-11-29,7.45663176199397e-05,4.564721364675897e-05,calm
2018-11-30,5.558497689241748e-05,2.767887935184395e-05,calm
2018-12-03,4.557912830011456e-05,6.643940999694947e-05,calm
2018-12-04,6.454405152497498e-05,0.0001392376408075,calm
2018-12-06,9.778995066283945e-05,0.0002403845847243,calm
2018-12-07,0.0001421969294584721,0.0002527775982023,calm
2018-12-10,0.000164231776567913,0.0003018428112379,calm
2018-12-11,0.00020696322671540004,0.0001643873544086,calm
2018-12-12,0.00016399256911216653,9.282158360717827e-05,calm
2018-12-13,0.00012780200716743428,0.0001091534493643,calm
2018-12-14,0.00012821198066513258,0.0001096802923251,calm
2018-12-17,0.00012015080632041683,0.0001512170086518,calm
2018-12-18,0.00012964975676423466,0.0001686396469448,calm
2018-12-19,0.00013705787821727267,0.0006539019029923,calm
2018-12-20,0.00033599920238651376,0.0004018814208597,calm
2018-12-21,0.000279171394002914,0.0003524798741646,calm
2018-12-24,0.00028229673499143216,0.0002260503233298,calm
2018-12-26,0.0002367560778991002,0.0004178136887276,calm
2018-12-27,0.0003369554931594372,0.0004643961519002,calm
2018-12-28,0.00034908955902141853,0.0002105675308974,calm
2018-12-31,0.00023448203008690258,0.0001258257144179,calm
2019-01-02,0.0001791440146553894,0.0001668253479766,calm
2019-01-03,0.0001958444939508185,0.0002587113321085,calm
2019-01-04,0.0002288539725895914,0.0001645285173802,calm
2019-01-07,0.0001735067662405141,8.030980974785394e-05,calm
2019-01-08,0.00012372925242787645,0.0001052644650267,calm
2019-01-09,0.00013463558132895283,7.801788473840017e-05,calm
2019-01-10,0.00011343384721781254,6.492440384048161e-05,calm
2019-01-11,9.397883960567986e-05,3.468394301253793e-05,calm
2019-01-14,6.69694823056288e-05,4.09595854650613e-05,calm
2019-01-15,6.681267530261565e-05,5.340043197228902e-05,calm
2019-01-16,6.955872889549877e-05,2.770195188227369e-05,calm
2019-01-17,5.13245632284413e-05,5.893762478047133e-05,calm
2019-01-18,6.657148836433177e-05,4.0144172880598936e-05,calm
2019-01-22,5.722083061216368e-05,8.780514065108032e-05,calm
2019-01-23,8.204864527542235e-05,6.593254023523633e-05,calm
2019-01-24,7.132609198862215e-05,3.2706566708394006e-05,calm
2019-01-25,5.378867005707247e-05,2.250399193358918e-05,calm
2019-01-28,4.358681011645436e-05,6.213898471280582e-05,calm
2019-01-29,6.420646994759561e-05,3.662907017836939e-05,calm
2019-01-30,4.7380469302771886e-05,7.509750023112143e-05,calm
2019-01-31,6.328109153863361e-05,4.1500860666368855e-05,calm
2019-02-01,4.882184719598019e-05,4.199372771820832e-05,calm
2019-02-04,5.028239527249339e-05,2.507437133470585e-05,calm
2019-02-05,3.837833531964166e-05,1.7727278297650365e-05,calm
2019-02-06,3.174032469230774e-05,2.102748338479428e-05,calm
2019-02-07,2.967531384346125e-05,6.599110406731149e-05,calm
2019-02-08,5.0213719469437384e-05,3.2914284912599464e-05,calm
2019-02-11,3.5656212908629893e-05,2.553217394982135e-05,calm
2019-02-12,3.1940101012006474e-05,2.0570622976763845e-05,calm
2019-02-13,2.9432858478509372e-05,1.9755869959153703e-05,calm
2019-02-14,2.8785778932024617e-05,4.428795066043402e-05,calm
2019-02-15,3.86490481491071e-05,2.071402405687916e-05,calm
2019-02-19,2.7100063588444407e-05,1.1950575613738447e-05,calm
2019-02-20,2.1231511617958665e-05,2.514542621268149e-05,calm
2019-02-21,2.8021091417796735e-05,2.272265582400513e-05,calm
2019-02-22,2.7016601867659654e-05,1.4473439647915826e-05,calm
2019-02-25,2.0618173744671426e-05,1.5239956908093902e-05,calm
2019-02-26,2.031118534557517e-05,2.644040039318712e-05,calm
2019-02-27,2.6576818214945858e-05,2.3039010436822018e-05,calm
2019-02-28,2.492964140645732e-05,1.5511555138740784e-05,calm
2019-03-01,2.055705640341047e-05,2.4135830431795576e-05,calm
2019-03-04,2.523925892894274e-05,5.940186593650029e-05,calm
2019-03-05,4.212475466142753e-05,2.4235784820175425e-05,calm
2019-03-06,2.7701529671638385e-05,2.616778056911092e-05,calm
2019-03-07,2.871186906319162e-05,4.802754343421124e-05,calm
2019-03-08,4.052465783260364e-05,5.227404082347487e-05,calm
2019-03-11,4.463541040564978e-05,1.896441892981445e-05,calm
2019-03-12,2.707291048482569e-05,2.126787074109617e-05,calm
2019-03-13,2.772981689210538e-05,1.7641207956350988e-05,calm
2019-03-14,2.512348856428154e-05,1.3265116182026764e-05,calm
2019-03-15,2.0513687058317626e-05,1.7821691152403773e-05,calm
2019-03-18,2.0834866556326154e-05,1.7932445034055174e-05,calm
2019-03-19,2.079387725959058e-05,4.908176167438477e-05,calm
2019-03-20,3.512451229355732e-05,6.297439459653093e-05,calm
2019-03-21,4.3776807665190156e-05,2.6906450338502708e-05,calm
2019-03-22,3.082980499090971e-05,8.70143017837112e-05,calm
2019-03-25,5.9751165293296856e-05,7.523799956294942e-05,calm
2019-03-26,6.0682663378183175e-05,4.537807081026542e-05,calm
2019-03-27,4.8396508463394424e-05,5.563405669048456e-05,calm
2019-03-28,5.271987540991514e-05,2.7382233160932063e-05,calm
2019-03-29,3.9746816981898544e-05,2.362094297605962e-05,calm
2019-04-01,3.397641658837057e-05,1.3105025409360363e-05,calm
2019-04-02,2.4357390642594448e-05,1.686467840406591e-05,calm
2019-04-03,2.4541146403258973e-05,1.975498008778704e-05,calm
2019-04-04,2.3653526235645126e-05,9.35930464116955e-06,calm
2019-04-08,1.6799058133756035e-05,2.2462168515747017e-05,calm
2019-04-09,2.315840599261853e-05,1.0028182177471996e-05,calm
2019-04-10,1.6595903313012318e-05,1.2515713436184244e-05,calm
2019-04-11,1.735894597381194e-05,1.1817480991767444e-05,calm
2019-04-15,1.636442103252706e-05,1.0526727704282431e-05,calm
2019-04-16,1.5718221799403e-05,1.730532931481047e-05,calm
2019-04-17,1.864890457833466e-05,1.3117969424760523e-05,calm
2019-04-22,1.6957524347433315e-05,1.3576240500851447e-05,calm
2019-04-23,1.7232487331531256e-05,1.0800234974915144e-05,calm
2019-04-24,1.569320302044841e-05,2.902328722285359e-05,calm
2019-04-25,2.507130420915071e-05,1.547226773012098e-05,calm
2019-04-29,1.878703599130122e-05,1.7567096484939778e-05,calm
2019-04-30,2.005529964046897e-05,3.397951059730998e-05,calm
2019-05-01,2.8200833746077936e-05,4.40206705474332e-05,calm
2019-05-02,3.456559251018503e-05,1.2596988664457823e-05,calm
2019-05-06,1.9315579259331457e-05,0.0001032199177762,calm
2019-05-07,5.936427082062382e-05,4.7243118843934905e-05,calm
2019-05-08,4.211293332137909e-05,0.0001004886189159,calm
2019-05-09,6.695524128623296e-05,0.0001064546189021,calm
2019-05-13,7.429712721063649e-05,5.259654062131538e-05,calm
2019-05-14,5.7486431910230005e-05,5.082868843501586e-05,calm
2019-05-15,5.379440092818348e-05,2.945001272015039e-05,calm
2019-05-16,4.2440995982251e-05,5.314382901115532e-05,calm
2019-05-20,5.1037825266219036e-05,1.7285222806834182e-05,calm
2019-05-21,2.8794449041793423e-05,1.9454712809871885e-05,calm
2019-05-22,2.788856757771941e-05,6.036974802537541e-05,calm
2019-05-23,4.632484923180671e-05,2.786128815786744e-05,calm
2019-05-28,3.291005225323337e-05,7.085343977751259e-05,calm
2019-05-29,5.184673126605501e-05,3.571958869288087e-05,calm
2019-05-30,3.961719667142723e-05,4.60766889648562e-05,calm
2019-06-03,4.670609561448485e-05,4.2782735705413526e-05,calm
2019-06-04,4.442088120606931e-05,4.040021247038711e-05,calm
2019-06-05,4.446691639022242e-05,3.631495686227189e-05,calm
2019-06-06,4.061310352093668e-05,3.423559994746755e-05,calm
2019-06-10,3.969794468623771e-05,3.490024249742831e-05,calm
2019-06-11,3.9229817798092876e-05,1.814033607684509e-05,calm
2019-06-12,2.8884926127862798e-05,2.683158334355361e-05,calm
2019-06-13,3.2490208657502635e-05,1.912292301386122e-05,calm
2019-06-17,2.6966893576706267e-05,3.681001397393642e-05,calm
2019-06-18,3.519195938098543e-05,3.21078105099889e-05,calm
2019-06-19,3.261088286829787e-05,2.714099091381327e-05,calm
2019-06-20,3.0728206788465516e-05,1.7202974350033096e-05,calm
2019-06-24,2.489860678568462e-05,2.873537073500063e-05,calm
2019-06-25,3.101415071140058e-05,2.102663760894733e-05,calm
2019-06-26,2.6257767194302434e-05,1.3104702028366556e-05,calm
2019-06-27,2.0580954879505587e-05,9.943580798373684e-06,calm
2019-07-01,1.749429930195583e-05,2.3478002859429457e-05,calm
2019-07-02,2.464264179387078e-05,4.697047250172807e-06,calm
2019-07-08,1.2553878019702976e-05,7.449747467573047e-06,calm
2019-07-09,1.321441959894525e-05,2.07908372817478e-05,calm
2019-07-10,1.9909012595841476e-05,1.0046560624089676e-05,calm
2019-07-11,1.4770512346178986e-05,5.162526014713094e-06,calm
2019-07-15,1.050532852934715e-05,1.1211932110585954e-05,calm
2019-07-16,1.4173575373122104e-05,1.48283459510587e-05,calm
2019-07-17,1.6337527967094614e-05,1.562226177776598e-05,calm
2019-07-18,1.6222151634926893e-05,2.512128168713926e-05,calm
2019-07-22,2.1237495371195642e-05,1.4335776887564914e-05,calm
2019-07-23,1.740096911275284e-05,8.753692128270211e-06,calm
2019-07-24,1.4269113804974823e-05,2.3172848952208548e-05,calm
2019-07-25,2.1549575274548406e-05,6.093366842320574e-06,calm
2019-07-29,1.233783176517782e-05,1.6922286142658608e-05,calm
2019-07-30,1.7167953008808672e-05,7.345354521941546e-05,calm
2019-07-31,4.126372538458474e-05,0.0001996619929246,calm
2019-08-01,9.374335030115897e-05,7.497106558483183e-05,calm
2019-08-05,5.812003600814182e-05,0.0001019194984869,calm
2019-08-06,7.775027104024964e-05,0.0001796903412615,calm
2019-08-07,0.00012035607285099706,3.606328170118972e-05,calm
2019-08-08,5.788745571596205e-05,7.883650088058323e-05,calm
2019-08-12,7.26020510319073e-05,0.000209593892745,calm
2019-08-13,0.00013040446476761747,0.0001298435058053,calm
2019-08-14,0.00010506938693475331,9.471466183743376e-05,calm
2019-08-15,8.694532264383473e-05,4.698525799930084e-05,calm
2019-08-19,6.657993514105826e-05,3.3853321842745626e-05,calm
2019-08-20,5.6455072774679004e-05,1.3320721431842305e-05,calm
2019-08-21,3.389093349526848e-05,5.1665225158630334e-05,calm
2019-08-22,5.013952115340245e-05,0.0002320061666315,calm
2019-08-26,0.00012155264773324103,5.549093571483972e-05,calm
2019-08-27,5.98009632409409e-05,3.898577156381297e-05,calm
2019-08-28,5.2599323532317814e-05,4.2825722812424014e-05,calm
2019-08-29,5.785081509601347e-05,3.160548515500316e-05,calm
2019-09-03,5.065020094826389e-05,1.265979841420094e-05,calm
2019-09-04,2.909413154457868e-05,2.1469383850037155e-05,calm
2019-09-05,3.2203012298323794e-05,1.5298727793750398e-05,calm
2019-09-09,2.7002820299968315e-05,3.925456486967616e-05,calm
2019-09-10,3.814204330681311e-05,1.512477472425608e-05,calm
2019-09-11,2.4528810643809972e-05,3.3003247142837e-05,calm
2019-09-12,3.464776284167577e-05,1.4888719088927452e-05,calm
2019-09-16,2.4718636694573684e-05,9.761804908782494e-06,calm
2019-09-17,2.0464750757454247e-05,3.53777220692871e-05,calm
2019-09-18,3.2705739482234045e-05,1.8225292847557523e-05,calm
2019-09-19,2.487786555327603e-05,5.867431026768935e-05,calm
2019-09-23,4.2716422956641955e-05,9.25119932530509e-05,calm
2019-09-24,6.045407356273553e-05,2.48411785245902e-05,calm
2019-09-25,3.4490400714452075e-05,3.918849310244307e-05,calm
2019-09-26,4.148061000655332e-05,7.109855488239981e-05,calm
2019-09-30,5.913531211114423e-05,6.851338580875686e-05,calm
2019-10-01,5.9302725109997954e-05,7.322633779958432e-05,calm
2019-10-02,6.016866039481976e-05,0.0001380329002744,calm
2019-10-03,9.189477744378322e-05,2.448524410424813e-05,calm
2019-10-07,4.2811936727791865e-05,7.098206703319046e-05,calm
2019-10-08,6.49109396607232e-05,3.792137388964542e-05,calm
2019-10-09,4.799041639716311e-05,5.043025019785123e-05,calm
2019-10-10,5.244119321611091e-05,4.9124116132029766e-05,calm
2019-10-14,4.7500811518489705e-05,1.6589261558868172e-05,calm
2019-10-15,3.093284308099675e-05,1.1188297457003333e-05,calm
2019-10-16,2.3856948549123338e-05,1.7743857845377015e-05,calm
2019-10-17,2.6063663405751585e-05,2.42083599446448e-05,calm
2019-10-21,2.7705387426386145e-05,1.500334463712479e-05,calm
2019-10-22,2.095077453753152e-05,1.050792542613491e-05,calm
2019-10-23,1.798827054513837e-05,1.562835528695733e-05,calm
2019-10-24,2.1128987845815268e-05,1.3469011452015322e-05,calm
2019-10-28,1.9529860205741282e-05,1.1672254546816704e-05,calm
2019-10-29,1.7615658976179884e-05,1.2491225192943363e-05,calm
2019-10-30,1.7584860967241856e-05,1.7716750142129736e-05,calm
2019-10-31,2.0367104111499332e-05,3.3698428573605046e-05,calm
2019-11-01,2.849160883790588e-05,1.120081948751908e-05,calm
2019-11-04,1.7928225272006505e-05,9.065528063991875e-06,calm
2019-11-05,1.616696876966243e-05,9.433773393333282e-06,calm
2019-11-06,1.58068758035739e-05,1.3665168588464985e-05,calm
2019-11-07,1.7415821349365794e-05,2.082069122562048e-05,calm
2019-11-08,1.9414977841755478e-05,1.1127480326848302e-05,calm
2019-11-11,1.4936511239434793e-05,4.36836926766004e-06,calm
2019-11-12,1.0344186572010507e-05,1.1138476767106625e-05,calm
2019-11-13,1.4075248836454004e-05,1.554605482443375e-05,calm
2019-11-14,1.60550491633566e-05,1.0173373597189418e-05,calm
2019-11-15,1.2653154302051178e-05,6.257428902307333e-06,calm
2019-11-19,1.017512453321551e-05,1.157928539843674e-05,calm
2019-11-20,1.347905006154273e-05,2.81103598915551e-05,calm
2019-11-21,2.1500151890875986e-05,1.881411727324705e-05,calm
2019-11-22,1.8020624450904278e-05,9.504200555933884e-06,calm
2019-11-25,1.3623457877500851e-05,8.403049745545805e-06,calm
2019-11-26,1.322746721070402e-05,5.838695723704584e-06,calm
2019-11-27,1.1206372346763805e-05,3.019774206215128e-06,calm
2019-11-29,7.774671015370591e-06,4.064683817858975e-06,calm
2019-12-02,7.47149060081131e-06,3.7741710520913023e-05,calm
2019-12-03,2.2545777928909138e-05,4.469570999547762e-05,calm
2019-12-04,2.7761184412866546e-05,1.3528832653276542e-05,calm
2019-12-05,1.637078435209934e-05,1.6677415594692022e-05,calm
2019-12-06,1.928994622423528e-05,9.877697503318428e-06,calm
2019-12-09,1.653799232155162e-05,5.983517794197846e-06,calm
2019-12-10,1.2248424792875619e-05,2.0326764500337258e-05,calm
2019-12-11,1.798561421981431e-05,8.389742371123895e-06,calm
2019-12-12,1.2099878424962158e-05,8.232112992746497e-05,calm
2019-12-13,4.2714140393923115e-05,4.513146124028768e-05,calm
2019-12-17,3.373267145603815e-05,5.536840746629056e-06,calm
2019-12-18,1.5313214017232736e-05,7.436259624046638e-06,calm
2019-12-19,1.5512453561530158e-05,7.715559911999179e-06,calm
2019-12-20,1.5589297696564278e-05,4.71074751314502e-06,calm
2019-12-23,1.0214416538615746e-05,2.007677535947584e-06,calm
2019-12-24,6.159015691416505e-06,1.9708074661030005e-06,calm
2019-12-26,5.664028103434764e-06,4.043394394638682e-06,calm
2019-12-27,6.623790796611817e-06,8.048738726933601e-06,calm
2019-12-30,8.598133604857383e-06,2.1934431884034832e-05,calm
2019-12-31,1.5361930855545484e-05,1.0054046099627608e-05,calm
2020-01-02,1.1535563884256278e-05,1.535818321197111e-05,calm
2020-01-03,1.530789648887027e-05,3.3386040996003455e-05,calm
2020-01-06,2.5079756020815326e-05,1.058169510038822e-05,calm
2020-01-07,1.5422969697175963e-05,1.1886631103644898e-05,calm
2020-01-08,1.5209597600084262e-05,2.449472595551089e-05,calm
2020-01-09,2.192327787859164e-05,1.3731123346031617e-05,calm
2020-01-10,1.704115778066234e-05,1.6046829718827466e-05,calm
2020-01-13,1.7128756250342692e-05,5.598573977966467e-06,calm
2020-01-14,1.1344995747275878e-05,1.5127789592750574e-05,calm
2020-01-15,1.641416238129834e-05,1.642960405588678e-05,calm
2020-01-16,1.6543099972646166e-05,6.989138860954526e-06,calm
2020-01-17,1.1137118716604515e-05,9.291305794310842e-06,calm
2020-01-21,1.1674639029794394e-05,1.164060212347313e-05,calm
2020-01-22,1.3359523728702002e-05,1.239969823598987e-05,calm
2020-01-23,1.3557319061781135e-05,2.466492060737853e-05,calm
2020-01-24,1.9234573982764417e-05,5.4148092680642136e-05,calm
2020-01-27,3.351094317072624e-05,4.1737160258468405e-05,calm
2020-01-28,3.226136911910944e-05,2.048911048328732e-05,calm
2020-01-29,2.4476377118971563e-05,2.553788729134618e-05,calm
2020-01-30,2.8142380907974347e-05,5.302696331151869e-05,calm
2020-01-31,4.176003467896718e-05,8.601276283564497e-05,calm
2020-02-03,5.611808816917572e-05,4.467513656114683e-05,calm
2020-02-04,4.116274206010711e-05,2.093786397039005e-05,calm
2020-02-05,3.0412287895856897e-05,2.6018154605913545e-05,calm
2020-02-06,3.293742729222168e-05,1.9401847633628207e-05,calm
2020-02-07,2.7498132305455044e-05,2.7983350362091603e-05,calm
2020-02-10,2.8707657533501295e-05,1.7929805366934333e-05,calm
2020-02-11,2.2321563510086685e-05,2.318419979871149e-05,calm
2020-02-12,2.499889208041556e-05,1.428973783804798e-05,calm
2020-02-13,1.9879312092362428e-05,2.513147753343672e-05,calm
2020-02-14,2.5528714158071893e-05,1.3083251827235844e-05,calm
2020-02-18,1.8752246503687067e-05,2.3007081384388515e-05,calm
2020-02-19,2.3853805634364877e-05,6.098339421629991e-06,calm
2020-02-20,1.3790023442467665e-05,8.94488999226194e-05,covid_2020
2020-02-21,5.146099816509859e-05,5.549565573167341e-05,covid_2020
2020-02-24,4.2385229540401675e-05,0.0001187294660305,covid_2020
2020-02-25,7.335893515923837e-05,0.0002460975593633,covid_2020
2020-02-26,0.00013189620832171892,0.0002759633387767,covid_2020
2020-02-27,0.0001678513562019034,0.0007192585684411,covid_2020
2020-02-28,0.0003530068816085005,0.0014046653125629,covid_2020
2020-03-02,0.000673255097252993,0.0006274042690806,covid_2020
2020-03-03,0.0004660608931989707,0.0018438945507696,covid_2020
2020-03-04,0.0010144814013570362,0.0002672030443305,covid_2020
2020-03-05,0.0004019163899212454,0.0003660614597655,covid_2020
2020-03-06,0.00043184428746969157,0.0005555304534498,covid_2020
2020-03-09,0.00047837250164226773,0.0023004465149658,covid_2020
2020-03-10,0.0011946024046576382,0.0010931449720194,covid_2020
2020-03-11,0.0007588582689680865,0.0005231715342311,covid_2020
2020-03-12,0.0005627781787618661,0.0041530389114315,covid_2020
2020-03-13,0.0020759566908225085,0.0026286393307086,covid_2020
2020-03-16,0.0018134763852668322,0.0041210577284822,covid_2020
2020-03-17,0.00252154386579889,0.0022720311368001,covid_2020
2020-03-18,0.0019762568289304846,0.0024878011455451,covid_2020
2020-03-19,0.0023028001526856873,0.0020876651794065,covid_2020
2020-03-20,0.002006317489281268,0.0015386572469939,covid_2020
2020-03-23,0.0016899991228602597,0.0028603795571004,covid_2020
2020-03-24,0.0021850295411148016,0.0009238718839428,covid_2020
2020-03-25,0.0012561608010400011,0.0013243062082831,covid_2020
2020-03-26,0.0013698062769225076,0.0010927357746016,covid_2020
2020-03-27,0.001197792684894425,0.000569896235157,covid_2020
2020-03-30,0.0008634262714273166,0.000402790363323,covid_2020
2020-03-31,0.0006192092026374126,0.000322112363326,covid_2020
2020-04-01,0.0005188830153292601,0.0007577293880755,covid_2020
2020-04-02,0.0006881100391463465,0.0003636440526063,covid_2020
2020-04-06,0.000451851912130187,0.0006460316642928,covid_2020
2020-04-07,0.0005854293149201862,0.0002220915863307,covid_2020
2020-04-08,0.00036618096180203577,0.0003547630217978,covid_2020
2020-04-13,0.0004352007572402002,0.0001609695003167,covid_2020
2020-04-14,0.00028023344830968865,0.0002034095116318,covid_2020
2020-04-15,0.0002854894791829247,0.0001853909716879,covid_2020
2020-04-16,0.00024162561250269681,0.0001371431897698,covid_2020
2020-04-20,0.0002016309433388309,0.0002807114859611,covid_2020
2020-04-21,0.0002581646624860462,8.385459838723181e-05,covid_2020
2020-04-22,0.00015006472406062764,0.000193835085873,covid_2020
2020-04-23,0.00019974195722553622,8.825351969463739e-05,covid_2020
2020-04-27,0.00013605446566229042,0.0001483098777894,covid_2020
2020-04-28,0.00016295885570113638,6.874891170214791e-05,covid_2020
2020-04-29,0.00010515593371787662,0.0001640663526379,covid_2020
2020-04-30,0.0001524497216147715,0.0001383846130357,covid_2020
2020-05-04,0.00013565375615958358,8.737595325859279e-05,calm
2020-05-05,0.00011050843987269225,0.0001076282426851,calm
2020-05-06,0.00011470283392461632,6.928241516691661e-05,calm
2020-05-07,9.568453208071257e-05,3.493052321055395e-05,calm
2020-05-11,6.571731484478767e-05,9.254978884272516e-05,calm
2020-05-12,8.96840796589266e-05,0.0003055976336489,calm
2020-05-13,0.00018178577296766956,0.0002527474932341,calm
2020-05-14,0.00017623756293243234,0.0001538720151598,calm
2020-05-18,0.00014614337716788758,0.0001374663711738,calm
2020-05-19,0.00015094777536795337,5.184289561160323e-05,calm
2020-05-20,0.00010213689778050167,9.945151668623746e-05,calm
2020-05-21,0.00011308011020796893,4.7964911100726e-05,calm
2020-05-26,7.29185794171061e-05,0.0001311293840419,calm
2020-05-27,0.00010770970871033415,0.0001039860134638,calm
2020-05-28,9.424349615726539e-05,0.0002140245318283,calm
2020-06-01,0.00014946689362660022,4.463974143317444e-05,calm
2020-06-02,7.309010204358474e-05,3.364267192512235e-05,calm
2020-06-03,6.473995007348153e-05,6.588658726446698e-05,calm
2020-06-04,7.642228188580286e-05,7.772121236108856e-05,calm
2020-06-08,7.936434289589056e-05,7.12606002799758e-05,calm
2020-06-09,6.756549126205871e-05,0.0001652964900332,calm
2020-06-10,0.00011300172898953398,0.0002947131631139,calm
2020-06-11,0.00018128658672473158,0.0005370909293607,calm
2020-06-15,0.0003021429348070421,0.0002984500404081,calm
2020-06-16,0.00024337940288422395,7.836506060326633e-05,calm
2020-06-17,0.00014463099467658375,7.435351620084829e-05,calm
2020-06-18,0.00013390560870646417,0.0001845770727339,calm
2020-06-22,0.00017990343986553058,4.4991544069681983e-05,calm
2020-06-23,8.149345349491283e-05,0.0002325984131621,calm
2020-06-24,0.00015655851709657246,0.0001585836317816,calm
2020-06-25,0.0001367330877348897,0.0001417447775985,calm
2020-06-29,0.000136384437570129,8.134269074861536e-05,calm
2020-06-30,0.00010125763976323193,7.674504157836615e-05,calm
2020-07-01,0.00010243250812261561,8.369163388353996e-05,calm
2020-07-06,9.560494665470837e-05,4.932219573738567e-05,calm
2020-07-07,7.019818564400839e-05,7.271051668497684e-05,calm
2020-07-08,7.620463742458376e-05,0.0001494709682402,calm
2020-07-09,0.00011186093375564422,8.041823046969235e-05,calm
2020-07-13,8.478188290549901e-05,0.0001980537305065,calm
2020-07-14,0.00014024618319752717,0.0001199937970587,calm
2020-07-15,0.00011775809517118585,5.575018662711132e-05,calm
2020-07-16,8.582064646206755e-05,2.6277162066045865e-05,calm
2020-07-20,5.846048954351802e-05,4.4821792799947744e-05,calm
2020-07-21,6.562559335657155e-05,4.1505151037387936e-05,calm
2020-07-22,5.336576193442843e-05,8.210175761997506e-05,calm
2020-07-23,6.745892772351691e-05,7.721705295737938e-05,calm
2020-07-27,6.68423250920782e-05,3.3596936451612125e-05,calm
2020-07-28,4.814968669289159e-05,3.421152762239013e-05,calm
2020-07-29,4.732017190099978e-05,6.627927925200805e-05,calm
2020-07-30,6.37422487478565e-05,9.382567842813984e-05,calm
2020-08-03,7.587016786914123e-05,2.6884913484115697e-05,calm
2020-08-04,4.145834178641874e-05,1.7879698955358604e-05,calm
2020-08-05,3.4383497245203616e-05,2.5601158178138605e-05,calm
2020-08-06,3.753224164215952e-05,5.11789850149717e-05,calm
2020-08-10,4.805969070146092e-05,9.28155914461042e-05,calm
2020-08-11,6.390825104286832e-05,3.104410760916782e-05,calm
2020-08-12,3.9355062695433506e-05,2.653068523521795e-05,calm
2020-08-13,3.799370365258243e-05,3.3362828740994555e-05,calm
2020-08-17,4.201104668869468e-05,3.304154236360309e-05,calm
2020-08-18,4.0013918711462074e-05,3.01152784299246e-05,calm
2020-08-19,3.421475796586325e-05,1.8073576814746308e-05,calm
2020-08-20,2.6732256158955146e-05,1.947432694048474e-05,calm
2020-08-24,2.654138800140946e-05,1.892561379013808e-05,calm
2020-08-25,2.492075476971117e-05,2.6796579095160505e-05,calm
2020-08-26,2.806368058943229e-05,6.753630536552151e-05,calm
2020-08-27,4.6753680918630573e-05,1.9898177493274488e-05,calm
2020-08-31,2.7445971795498424e-05,3.0289108801083148e-05,calm
2020-09-01,3.322475399150226e-05,4.5848321394645935e-05,calm
2020-09-02,4.230594697890108e-05,0.0004466029072313,calm
2020-09-03,0.00019789344194440087,0.000528240843047,calm
2020-09-08,0.00026281650491748697,0.0001127965403919,calm
2020-09-09,0.00013018365014315776,0.0002773562290203,calm
2020-09-10,0.00022428827359687286,0.0001683476469891,calm
2020-09-14,0.00019456400768363939,3.774104373707017e-05,calm
2020-09-15,9.480860168121546e-05,6.615314657930894e-05,calm
2020-09-16,8.751103266361454e-05,0.0001323579293337,calm
2020-09-17,0.0001187491078103603,0.0001084947778282,calm
2020-09-21,9.817107988233936e-05,7.781766951524045e-05,calm
2020-09-22,7.895930006872176e-05,0.0001227565539986,calm
2020-09-23,0.00010598654805821903,0.000215304301445,calm
2020-09-24,0.0001543984991392497,0.000116855330636,calm
2020-09-28,0.00011501516376627744,5.258906684972024e-05,calm
2020-09-29,7.982331162873514e-05,0.0001278650723093,calm
2020-09-30,0.00011914721359835502,7.328048082412484e-05,calm
2020-10-01,9.098060407466915e-05,0.0001521186295056,calm
2020-10-05,0.00012089446012758997,0.0001955387974632,calm
2020-10-06,0.0001441550467303967,5.389300812629073e-05,calm
2020-10-07,8.381506501926864e-05,3.276271837389301e-05,calm
2020-10-08,6.390173143407735e-05,2.951109904686509e-05,calm
2020-10-12,5.781749578974462e-05,5.9492758892514347e-05,calm
2020-10-13,6.724577214906463e-05,6.66838247228369e-05,calm
2020-10-14,6.172378087402971e-05,4.951877239479944e-05,calm
2020-10-15,5.304519168503361e-05,4.080771314167797e-05,calm
2020-10-19,4.960708825436681e-05,0.0001051543808722,calm
2020-10-20,8.257598639204815e-05,9.11667588006882e-05,calm
2020-10-21,7.964494547244912e-05,7.433695800916833e-05,calm
2020-10-22,7.351207562198332e-05,3.423347638373936e-05,calm
2020-10-26,5.290260926302327e-05,0.000113579209334,calm
2020-10-27,9.400529544255129e-05,5.834479742963298e-05,calm
2020-10-28,6.670526343799965e-05,0.000199862617533,calm
2020-10-29,0.00012919644154700216,0.0001575475974957,calm
2020-10-30,0.00012148601030281938,0.000276284215114,calm
2020-11-02,0.00018731688345816164,0.0001164584430833,calm
2020-11-03,0.00012520546086945648,0.0001214116055037,calm
2020-11-04,0.00013422359775426668,0.0001932086072511,calm
2020-11-05,0.00016422219326681442,9.501223434864e-05,calm
2020-11-06,0.00011661210392382175,9.121390432811506e-05,calm
2020-11-09,0.00010218792062800287,0.0004320155270632,calm
2020-11-10,0.000249672921572046,0.0001549841328875,calm
2020-11-11,0.0001528389825435588,3.786906653055408e-05,calm
2020-11-12,8.120539737237076e-05,7.361330166928761e-05,calm
2020-11-13,9.930135633792987e-05,3.6868267692669375e-05,calm
2020-11-16,7.376289079742946e-05,5.333698852319379e-05,calm
2020-11-17,6.369410211641286e-05,3.3117367086166546e-05,calm
2020-11-18,4.554063685086749e-05,4.767741618286679e-05,calm
2020-11-19,5.339486767351905e-05,5.642310539963253e-05,calm
2020-11-20,5.576030374396367e-05,3.234469279722991e-05,calm
2020-11-23,4.403653461586719e-05,6.286200687800076e-05,calm
2020-11-24,5.8496879009945707e-05,2.457678750802176e-05,calm
2020-11-25,3.9711450742556655e-05,2.8004950183136943e-05,calm
2020-11-27,3.95418043787752e-05,7.581074244517271e-06,calm
2020-11-30,2.2827659742241378e-05,5.343974496026069e-05,calm
2020-12-01,4.684936240510487e-05,4.127460278256987e-05,calm
2020-12-02,3.9869332628542454e-05,2.493315076782388e-05,calm
2020-12-03,3.200798277198255e-05,4.2798466233126216e-05,calm
2020-12-04,4.1099647516051486e-05,1.8511557198377515e-05,calm
2020-12-07,3.084692241857101e-05,1.9960211592068304e-05,calm
2020-12-08,2.860871802867057e-05,1.3653434745004585e-05,calm
2020-12-09,2.2691720028161114e-05,6.158723625032016e-05,calm
2020-12-10,4.595857445653876e-05,6.562439560071342e-05,calm
2020-12-11,4.85879914603523e-05,3.770830016888652e-05,calm
2020-12-14,3.918408886250599e-05,5.6914554800908086e-05,calm
2020-12-15,5.0782474738109355e-05,2.850646918856208e-05,calm
2020-12-16,3.97639459778004e-05,2.120788738551952e-05,calm
2020-12-17,3.262683671038464e-05,2.116312941424712e-05,calm
2020-12-18,2.920990933872567e-05,4.316586998019164e-05,calm
2020-12-21,3.955344955146818e-05,7.790965549313342e-05,calm
2020-12-22,5.436463264087132e-05,3.933241809328295e-05,calm
2020-12-23,4.032795025407567e-05,1.743131764438956e-05,calm
2020-12-24,2.9252875924884983e-05,9.839720837014678e-06,calm
2020-12-28,2.3238129518798667e-05,7.82628644780017e-06,calm
2020-12-29,1.890956876035944e-05,3.674875007292851e-05,calm
2020-12-30,3.0477563911106012e-05,1.1019308568722036e-05,calm
2020-12-31,1.678718017363949e-05,1.3464711619847874e-05,calm
2021-01-04,1.7560190998607617e-05,0.0001273337648734,calm
2021-01-05,6.663876304685237e-05,6.671771375198702e-05,calm
2021-01-06,5.314695795466254e-05,0.0001242172929139,calm
2021-01-07,8.12538999031061e-05,4.871737383758866e-05,calm
2021-01-08,5.691246721351764e-05,6.204511019819588e-05,calm
2021-01-12,6.882068712823274e-05,3.8356666615701024e-05,calm
2021-01-13,5.118777858907058e-05,2.450362713147212e-05,calm
2021-01-14,4.0178391167070706e-05,2.194863762386764e-05,calm
2021-01-15,3.213270607686828e-05,6.94226766049533e-05,calm
2021-01-19,5.412014016066789e-05,3.131134609776751e-05,calm
2021-01-20,3.5794386293108845e-05,2.19571072044416e-05,calm
2021-01-21,2.984450015723622e-05,1.5656938951223573e-05,calm
2021-01-22,2.5642453936273532e-05,2.277641912651425e-05,calm
2021-01-25,2.9395276064714273e-05,0.0001212226931331,calm
2021-01-26,6.958176275973738e-05,2.679437922883485e-05,calm
2021-01-27,3.3511183661087225e-05,0.0002566317241467,calm
2021-01-28,0.0001305859833671639,0.0001463661787123,calm
2021-01-29,0.00010948776379094612,0.0002565847765521,calm
2021-02-01,0.00017274446583417637,0.0001012262665154,calm
2021-02-02,0.00011099913859396503,7.661875489384855e-05,calm
2021-02-03,0.00010577315210257361,3.357182634761036e-05,calm
2021-02-04,6.66193833945011e-05,2.0252677563845744e-05,calm
2021-02-05,4.8584844283951265e-05,2.2534807840900018e-05,calm
2021-02-08,3.7295770985588124e-05,2.231851562198731e-05,calm
2021-02-09,3.177877061396689e-05,9.386921404520109e-06,calm
2021-02-10,1.9492787022648226e-05,7.793511118171113e-05,calm
2021-02-11,5.1205626064392306e-05,4.2971804578401895e-05,calm
2021-02-12,4.025851104928462e-05,1.4517692680906511e-05,calm
2021-02-16,2.5773143222944052e-05,4.223490701608808e-05,calm
2021-02-17,4.079304701486973e-05,4.005374372390875e-05,calm
2021-02-18,4.3471056929680396e-05,4.36045928684429e-05,calm
2021-02-19,4.249030246951793e-05,2.815635554290462e-05,calm
2021-02-22,3.4283901178196164e-05,3.537893749466648e-05,calm
2021-02-23,3.9875444142838013e-05,0.0001450558358643,calm
2021-02-24,8.893446694952034e-05,5.0005018163275e-05,calm
2021-02-25,5.424264139114358e-05,0.0001364867376194,calm
2021-02-26,9.550949897595326e-05,0.0002771715538038,calm
2021-03-01,0.00016650730977789183,8.495049204576004e-05,calm
2021-03-02,9.910331184230673e-05,7.249876334360952e-05,calm
2021-03-03,8.730014686024698e-05,0.0001213788792926,calm
2021-03-04,0.00011510714758513261,0.0003855135354915,calm
2021-03-05,0.00022910326109733554,0.0002434694285022,calm
2021-03-08,0.00017812272721610053,0.000161324435454,calm
2021-03-09,0.00015424016865745534,5.5586375225240906e-05,calm
2021-03-10,0.00010172837445439449,8.607038656934875e-05,calm
2021-03-11,0.00011533369730683,3.928187647642177e-05,calm
2021-03-12,6.942072384123905e-05,2.8735499481851003e-05,calm
2021-03-15,5.034399117950086e-05,2.6072173439860388e-05,calm
2021-03-16,4.01639756086443e-05,2.127820688789947e-05,calm
2021-03-17,3.457360708522015e-05,6.558327021615637e-05,calm
2021-03-18,5.328923745578318e-05,5.473245559052156e-05,calm
2021-03-19,5.035876158608768e-05,6.89737091433628e-05,calm
2021-03-22,5.9913727547316e-05,1.5048698914522186e-05,calm
2021-03-23,3.273336636900954e-05,3.914827415340234e-05,calm
2021-03-24,4.74068300477379e-05,6.672759023927827e-05,calm
2021-03-25,5.9643136451421456e-05,0.0001013250281365,calm
2021-03-26,7.664406041702564e-05,8.356303612791502e-05,calm
2021-03-29,7.114589368488958e-05,3.394869749018731e-05,calm
2021-03-30,5.107591681518985e-05,1.5010896224353178e-05,calm
2021-03-31,3.667737127326578e-05,1.5474190687546738e-05,calm
2021-04-05,3.256846344217996e-05,1.31856516217403e-05,calm
2021-04-06,2.520518135932327e-05,1.3969931704806398e-05,calm
2021-04-07,2.10396671318255e-05,8.0506303485583e-06,calm
2021-04-08,1.5074647387353469e-05,9.896455462448367e-06,calm
2021-04-12,1.524995650130576e-05,7.229899053097587e-06,calm
2021-04-13,1.270435124468904e-05,3.272274702008801e-05,calm
2021-04-14,2.5386066974964817e-05,2.278113269288076e-05,calm
2021-04-15,2.2076995257321147e-05,1.3104330745515952e-05,calm
2021-04-19,1.8115953089982894e-05,3.552342675883333e-05,calm
2021-04-20,3.02686851932182e-05,1.778850598586463e-05,calm
2021-04-21,2.3762146233170925e-05,8.074495764386004e-05,calm
2021-04-22,5.210685663205542e-05,1.803288386582267e-05,calm
2021-04-26,2.619588219819766e-05,1.5143302912074993e-05,calm
2021-04-27,2.4737904122422366e-05,1.894435645249391e-05,calm
2021-04-28,2.5222847279095964e-05,3.0026113656434087e-05,calm
2021-04-29,3.157340173510202e-05,2.927537705067475e-05,calm
2021-05-03,2.7961300928657277e-05,5.972814604774194e-05,calm
2021-05-04,4.322746928681442e-05,2.350048282313268e-05,calm
2021-05-05,2.908959848355249e-05,5.821577077843215e-05,calm
2021-05-06,4.7041758293733095e-05,2.4929876179163583e-05,calm
2021-05-10,3.225831924163584e-05,0.0001355145540832,calm
2021-05-11,8.265433542567261e-05,7.275191543804649e-05,calm
2021-05-12,6.143809455009863e-05,0.000117362887941,calm
2021-05-13,8.757960514364458e-05,3.836346257473453e-05,calm
2021-05-17,5.259257714654466e-05,3.745603462585221e-05,calm
2021-05-18,5.368101899126193e-05,0.0001357784103004,calm
2021-05-19,9.487753428035849e-05,3.095313898108256e-05,calm
2021-05-20,4.744086165592537e-05,4.2740135400671605e-05,calm
2021-05-24,4.8298978717442455e-05,2.1061782466102745e-05,calm
2021-05-25,3.573417569258869e-05,1.1854273288280844e-05,calm
2021-05-26,2.7668340682492735e-05,1.0479052213237546e-05,calm
2021-05-27,1.9865318261316353e-05,7.587755545834326e-06,calm
2021-06-01,1.6069184815616304e-05,1.14500425911897e-05,calm
2021-06-02,1.5945713929277672e-05,3.351225358868178e-05,calm
2021-06-03,2.6357086527575966e-05,9.216553542173696e-06,calm
2021-06-07,1.5308145653605825e-05,1.627455596826424e-05,calm
2021-06-08,1.942020581345925e-05,5.232172368265843e-06,calm
2021-06-09,1.2987922314148093e-05,2.620038893883176e-05,calm
2021-06-10,2.46468601725568e-05,7.178118703655237e-06,calm
2021-06-14,1.3220567537705487e-05,1.051745512674122e-05,calm
2021-06-15,1.5124282661794136e-05,6.896946573777087e-05,calm
2021-06-16,4.127049005594818e-05,4.69630722351972e-05,calm
2021-06-17,3.831342126409315e-05,7.463480353050188e-05,calm
2021-06-21,5.242018916233938e-05,9.122564671395817e-06,calm
2021-06-22,2.335491533799903e-05,1.2620145856199508e-05,calm
2021-06-23,2.5577973881013094e-05,9.807920809531591e-06,calm
2021-06-24,1.963855962954724e-05,2.7895689994746843e-06,calm
2021-06-28,1.1235549229040765e-05,6.323526792163192e-06,calm
2021-06-29,1.0029617425702201e-05,5.897339698229372e-06,calm
2021-06-30,9.410884861688484e-06,7.793323739258101e-06,calm
2021-07-01,9.892966798496786e-06,5.008962042957298e-06,calm
2021-07-06,7.969481460490573e-06,2.824526965725836e-05,calm
2021-07-07,1.987405697292226e-05,7.543406172627109e-05,calm
2021-07-08,4.155029912640534e-05,1.768033135022103e-05,calm
2021-07-12,2.1832084164204767e-05,1.9218362912371888e-05,calm
2021-07-13,2.3874607371902557e-05,2.5630436498269584e-05,calm
2021-07-14,2.9276208182353767e-05,3.599091085712917e-05,calm
2021-07-15,3.4602573255359894e-05,2.621008734990812e-05,calm
2021-07-19,2.715283825903734e-05,4.222713248957708e-05,calm
2021-07-20,3.614268744731334e-05,1.6909519016854468e-05,calm
2021-07-21,2.4593362088914306e-05,1.3855226070480944e-05,calm
2021-07-22,2.1934554762741642e-05,1.180443330961232e-05,calm
2021-07-26,1.8893836765153085e-05,4.803011944600596e-05,calm
2021-07-27,3.594006001570311e-05,2.876437227429487e-05,calm
2021-07-28,2.7255961456689375e-05,1.8603205633705564e-05,calm
2021-07-29,2.2741122420445124e-05,2.037206668632396e-05,calm
2021-08-02,2.42728532866624e-05,3.441473999584544e-05,calm
2021-08-03,3.2723088762310285e-05,1.244755385138402e-05,calm
2021-08-04,1.9648411163198505e-05,5.946261783787432e-06,calm
2021-08-05,1.385847307262647e-05,1.3327408153973269e-05,calm
2021-08-09,1.7579797421264954e-05,1.0870064418366274e-05,calm
2021-08-10,1.554315013233317e-05,7.186790105153241e-06,calm
2021-08-11,1.1634913424760721e-05,5.583176283897592e-06,calm
2021-08-12,1.0094573774748136e-05,5.783550911054716e-06,calm
2021-08-16,1.0115659637672974e-05,4.496535365965476e-05,calm
2021-08-17,2.7848097956148454e-05,4.175928525180641e-05,calm
2021-08-18,2.966099857455557e-05,6.119747550277308e-05,calm
2021-08-19,4.192233213455486e-05,1.8715490756372084e-05,calm
2021-08-23,2.6331507198502713e-05,3.4238325620368543e-06,calm
2021-08-24,1.6022384963206352e-05,4.907262240534328e-06,calm
2021-08-25,1.423355539154756e-05,1.7819744547097922e-05,calm
2021-08-26,1.9714072361677476e-05,1.462399819553436e-05,calm
2021-08-30,1.5482209567598032e-05,1.249158346120711e-05,calm
2021-08-31,1.4011797842575625e-05,7.445936817510287e-06,calm
2021-09-01,1.2017807853630774e-05,1.041578564362436e-05,calm
2021-09-02,1.406639334800069e-05,9.429934699667262e-06,calm
2021-09-07,1.2801305330171772e-05,2.7754048469058288e-05,calm
2021-09-08,2.1601919208385717e-05,2.5512264983936844e-05,calm
2021-09-09,2.1930685650828338e-05,2.984539695826889e-05,calm
2021-09-13,2.587512082381061e-05,2.936837230010387e-05,calm
2021-09-14,2.764851649364954e-05,3.440444206909714e-05,calm
2021-09-15,3.245454440529922e-05,3.576426779713838e-05,calm
2021-09-16,3.381443589439478e-05,3.98332233839064e-05,calm
2021-09-20,3.6901426013795703e-05,9.497098104243789e-05,calm
2021-09-21,6.301617717174924e-05,6.653195055357099e-05,calm
2021-09-22,5.634301384272574e-05,3.401142864376917e-05,calm
2021-09-23,4.2462268892439396e-05,2.92981957461834e-05,calm
2021-09-27,3.947630815570458e-05,7.687528105732677e-05,calm
2021-09-28,6.306175260543994e-05,5.238021047540545e-05,calm
2021-09-29,5.0003358999338736e-05,0.0001037008829827,calm
2021-09-30,7.279002785692095e-05,8.300900361269278e-05,calm
2021-10-04,7.010749311908689e-05,4.057487699541446e-05,calm
2021-10-05,5.313935777474991e-05,0.0001116803593763,calm
2021-10-06,8.595892097622786e-05,5.594094025261698e-05,calm
2021-10-07,6.364687960907173e-05,2.907100761954048e-05,calm
2021-10-11,4.47192702308917e-05,5.239317929079183e-05,calm
2021-10-12,5.392069885683552e-05,5.051804733168037e-05,calm
2021-10-13,5.422579079473747e-05,2.947472552035289e-05,calm
2021-10-14,3.872287178579511e-05,2.004762057197119e-05,calm
2021-10-18,3.091115788032494e-05,1.2801420313121508e-05,calm
2021-10-19,2.515291170751783e-05,1.2238511383906043e-05,calm
2021-10-20,2.172405934506783e-05,9.856512100608924e-06,calm
2021-10-21,1.735648587782311e-05,3.0300152656377063e-05,calm
2021-10-25,2.6923717041958625e-05,2.7593013685281537e-05,calm
2021-10-26,2.6443490877742616e-05,2.654297796745142e-05,calm
2021-10-27,2.730563322241585e-05,2.278323813316448e-05,calm
2021-10-28,2.6510144228987266e-05,1.4625002329309056e-05,calm
2021-11-01,2.284885460587057e-05,2.458513744922353e-05,calm
2021-11-02,2.723646561128969e-05,1.2510730400070851e-05,calm
2021-11-03,1.9860553186622686e-05,2.185986073340245e-05,calm
2021-11-04,2.3913713300177902e-05,1.895854447931373e-05,calm
2021-11-05,2.2140448210764146e-05,3.077542709606228e-05,calm
2021-11-08,2.8559507545498412e-05,2.046133425190469e-05,calm
2021-11-09,2.3511292250959614e-05,3.5250181659345806e-05,calm
2021-11-10,3.1985546668000655e-05,3.176647257945738e-05,calm
2021-11-11,3.120964774364422e-05,9.926129057536772e-06,calm
2021-11-12,1.935366271554462e-05,1.6059783504241175e-05,calm
2021-11-15,2.14712198934256e-05,1.9541266031902844e-05,calm
2021-11-16,2.2958158365889527e-05,1.3969252326911067e-05,calm
2021-11-17,1.8494595678854034e-05,1.580140785991509e-05,calm
2021-11-18,1.813309221331077e-05,2.252383089733889e-05,calm
2021-11-19,2.2316794741626293e-05,2.220702723992191e-05,calm
2021-11-22,2.2781117805464867e-05,4.320479314552695e-05,calm
2021-11-23,3.3241133120178233e-05,6.500523587141369e-05,calm
2021-11-24,4.6067766162915674e-05,3.1077735396366924e-05,calm
2021-11-26,3.422593363855545e-05,0.0001077826983346,calm
2021-11-29,7.072091038271164e-05,3.687379906458531e-05,calm
2021-11-30,4.4524773927511164e-05,0.0001164925085963,calm
2021-12-01,8.243506416294982e-05,0.0001631100920523,calm
2021-12-02,0.00010734498550272711,0.0001761627034999,calm
2021-12-03,0.0001266592295217365,0.0002175857690352,calm
2021-12-06,0.00015135385481596737,8.734356911643506e-05,calm
2021-12-07,0.00010539222446386843,4.882219931894198e-05,calm
2021-12-08,7.99223684477567e-05,2.910529442435925e-05,calm
2021-12-09,5.829098991767967e-05,2.5094287329516195e-05,calm
2021-12-10,4.5988049379028204e-05,4.448454591221564e-05,calm
2021-12-13,4.6638222287250445e-05,3.530757623014814e-05,calm
2021-12-14,3.885947156522617e-05,4.806361223400596e-05,calm
2021-12-15,4.451300027359266e-05,0.0001095772878333,calm
2021-12-16,7.473224178197281e-05,8.993419385790401e-05,calm
2021-12-17,7.416572503861302e-05,0.0001573270026768,calm
2021-12-20,0.00010932872244772925,0.0001159166597093,calm
2021-12-21,0.00010234708631035882,6.129127098743919e-05,calm
2021-12-22,7.983061415762528e-05,2.206827429717416e-05,calm
2021-12-23,5.044646758397268e-05,2.347591962240604e-05,calm
2021-12-27,4.58846782445057e-05,1.7890394679107298e-05,calm
2021-12-28,3.3678221611451194e-05,3.0328017214922435e-05,calm
2021-12-29,3.5048290581776205e-05,1.8252761495829176e-05,calm
2021-12-30,2.5671320876878655e-05,1.4736215753472094e-05,calm
2021-12-31,2.302585191916209e-05,2.799027080906818e-05,calm
2022-01-03,2.9608406465824393e-05,5.461787824359261e-05,calm
2022-01-04,4.343133519640423e-05,3.141185057999625e-05,calm
2022-01-05,3.358129575733897e-05,4.61835543624375e-05,calm
2022-01-06,4.2083702980651673e-05,7.82858201733552e-05,calm
2022-01-07,6.0646970888428926e-05,4.369214039985998e-05,calm
2022-01-10,4.798596136258878e-05,0.000122715494944,calm
2022-01-11,8.441217298691489e-05,6.490428713781232e-05,calm
2022-01-12,6.554857318683372e-05,3.742384440258127e-05,calm
2022-01-13,5.1829868394321365e-05,6.733658614627738e-05,calm
2022-01-14,6.493478763302317e-05,0.0001110885086845,calm
2022-01-18,8.849680027367207e-05,0.000124887132371,calm
2022-01-19,9.396333376303495e-05,8.606554424776691e-05,calm
2022-01-20,8.051551868512274e-05,9.775623629999742e-05,calm
2022-01-21,9.098074191886097e-05,0.0002308353863043,calm
2022-01-24,0.00015452059987208688,0.0006564505516145,calm
2022-01-25,0.00033429234941363646,0.0004014730321667,calm
2022-01-26,0.0002775905021334808,0.0005064344586374,calm
2022-01-27,0.0003575621312763326,0.000299184362496,calm
2022-01-28,0.00029953850266154484,0.0002625988643216,calm
2022-02-01,0.0002874583741010178,0.0001057807404602,calm
2022-02-02,0.00017207163607489538,7.900375042754942e-05,calm
2022-02-03,0.00013464812962403955,0.0001092049004392,calm
2022-02-04,0.00012808540991149223,0.0001336401313811,calm
2022-02-07,0.00012880553987054262,9.890117697452616e-05,calm
2022-02-08,0.00010299745607141152,6.203778077973017e-05,calm
2022-02-09,8.194276460344586e-05,4.819711826619469e-05,calm
2022-02-10,7.185050467291296e-05,0.0001565664685695,calm
2022-02-11,0.0001232485422253968,0.0002094318507023,calm
2022-02-14,0.00014911438290891708,0.0001392275227592,calm
2022-02-15,0.00012568831412926803,9.315476021027872e-05,calm
2022-02-16,0.00010883410721905102,7.101313599650871e-05,calm
2022-02-17,0.00010038396115157031,6.574837290499602e-05,calm
2022-02-18,9.042078540445705e-05,0.0001324816324507,calm
2022-02-22,0.0001156514660066552,0.0002151742267837,calm
2022-02-23,0.000153572826052361,0.0001306989690878,calm
2022-02-24,0.00012387792418521503,0.0004893690620139,calm
2022-02-25,0.0002873434667189443,0.0001458657691331,calm
