date,forecast,actual,regime
2004-01-02,4.270318489866581e-05,4.746692947241121e-05,calm
2004-01-05,4.629817731013478e-05,3.5042980315462e-05,calm
2004-01-06,4.7875607567378974e-05,1.996860427759956e-05,calm
2004-01-07,4.627943209714002e-05,2.894911799578962e-05,calm
2004-01-08,4.540423687400908e-05,3.1764671407365824e-05,calm
2004-01-09,4.5573002326692264e-05,6.887760581914288e-05,calm
2004-01-14,4.9821322174532986e-05,2.1453890090610127e-05,calm
2004-01-15,4.8364855514355904e-05,5.030325056194925e-05,calm
2004-01-16,4.913244245442903e-05,3.557575245891007e-05,calm
2004-01-20,4.860060766188367e-05,2.318480978541345e-05,calm
2004-01-21,4.6755372139766765e-05,3.622873754930808e-05,calm
2004-01-22,4.640930752623173e-05,3.344119684036042e-05,calm
2004-01-23,4.6547692496808066e-05,3.714446672730906e-05,calm
2004-01-26,4.712450977349341e-05,2.9493382477689325e-05,calm
2004-01-27,4.670101448102492e-05,2.8899870826598297e-05,calm
2004-01-28,4.653360859000102e-05,9.465898688401444e-05,calm
2004-01-29,5.2907411713234204e-05,8.060087997667982e-05,calm
2004-01-30,5.8678235832525705e-05,5.2655363186854285e-05,calm
2004-02-02,5.902765472601546e-05,8.276496145781176e-05,calm
2004-02-03,6.257626023563674e-05,3.468135072140051e-05,calm
2004-02-04,5.8879913760938256e-05,5.854818895978196e-05,calm
2004-02-05,5.6760545542176245e-05,4.500600047418261e-05,calm
2004-02-06,5.531391342560893e-05,4.4750861202062913e-05,calm
2004-02-09,5.2653971855945186e-05,1.758705003074006e-05,calm
2004-02-10,4.686253403816683e-05,2.396465451835885e-05,calm
2004-02-11,4.396308072838338e-05,4.493386620434971e-05,calm
2004-02-12,4.478779860285011e-05,2.165582981415501e-05,calm
2004-02-13,4.3233121107702064e-05,4.805695896248099e-05,calm
2004-02-17,4.494339892205282e-05,4.373560722222403e-05,calm
2004-02-18,4.640658593344215e-05,1.7099794146549574e-05,calm
2004-02-19,4.365518525791248e-05,5.643173723016871e-05,calm
2004-02-20,4.594676865790331e-05,4.8976177165165696e-05,calm
2004-02-23,4.817771277265704e-05,3.072271007076642e-05,calm
2004-02-24,4.7323428304484334e-05,4.1801528184928e-05,calm
2004-02-25,4.7493709757774615e-05,1.814413350414673e-05,calm
2004-02-26,4.391053504080345e-05,1.812134613660537e-05,calm
2004-02-27,4.131025285101973e-05,3.457720143099171e-05,calm
2004-03-01,4.1605101989510315e-05,3.30084047095964e-05,calm
2004-03-02,4.2230780996285995e-05,3.633605420624729e-05,calm
2004-03-03,4.3234585367092777e-05,2.449546262963568e-05,calm
2004-03-04,4.244988187715184e-05,1.2639581072143253e-05,calm
2004-03-05,3.9983473282018414e-05,0.0001092408875262,calm
2004-03-08,4.2416648642878005e-05,2.5753194154617617e-05,calm
2004-03-09,4.2864251747866844e-05,5.865012042754661e-05,calm
2004-03-10,4.691842960394863e-05,5.0182507177007154e-05,calm
2004-03-11,5.198725840949638e-05,0.0001092176859828,calm
2004-03-12,6.611806207642232e-05,6.976664386808508e-05,calm
2004-03-15,6.736387518061092e-05,8.201414029738411e-05,calm
2004-03-16,7.444435763953796e-05,8.455166175668443e-05,calm
2004-03-17,7.590487411271724e-05,4.4586957281568565e-05,calm
2004-03-18,6.287043569041858e-05,7.043889686593408e-05,calm
2004-03-19,5.875436085009214e-05,3.9519041663780586e-05,calm
2004-03-22,5.354485868106888e-05,0.0001255501692582,calm
2004-03-23,6.501179648766069e-05,6.745227909794062e-05,calm
2004-03-24,6.893784522801953e-05,8.841276147938639e-05,calm
2004-03-25,7.330058855524167e-05,6.424823288974736e-05,calm
2004-03-26,6.848985962625939e-05,3.2835975217664794e-05,calm
2004-03-29,5.725743259053283e-05,3.178590567856294e-05,calm
2004-03-30,4.900856917115096e-05,3.857241432637164e-05,calm
2004-03-31,4.578752775242325e-05,3.750687919434624e-05,calm
2004-04-01,4.5180686196158256e-05,8.258610605993663e-05,calm
2004-04-05,5.028341274830898e-05,2.769297575464312e-05,calm
2004-04-06,4.71134659311177e-05,3.418841263492474e-05,calm
2004-04-07,4.224277724671394e-05,9.234176137282728e-05,calm
2004-04-12,4.849886343253766e-05,4.071674296421818e-05,calm
2004-04-13,4.7173501907657854e-05,6.425772176980446e-05,calm
2004-04-14,5.145969059124851e-05,5.9177641799387486e-05,calm
2004-04-15,5.145166704959715e-05,3.233748624242546e-05,calm
2004-04-19,4.6334466680153174e-05,4.292417009478386e-05,calm
2004-04-20,4.392758023736614e-05,5.630832095346389e-05,calm
2004-04-21,4.6280316926250906e-05,6.294623535973745e-05,calm
2004-04-22,4.8083069384035315e-05,3.0357593841097723e-05,calm
2004-04-26,4.321456847820189e-05,4.660480074811698e-05,calm
2004-04-27,4.240343035366073e-05,5.451483881392403e-05,calm
2004-04-28,4.394069773816361e-05,8.081043888820069e-05,calm
2004-04-29,5.0142765748733935e-05,9.538382372455228e-05,calm
2004-05-03,5.787826488455609e-05,9.427150373557812e-05,calm
2004-05-04,6.363177006605473e-05,3.836488845782484e-05,calm
2004-05-05,5.674528346717606e-05,7.60281335211063e-05,calm
2004-05-06,5.521397400282609e-05,9.961025442733376e-05,calm
2004-05-10,5.9745363157449165e-05,4.024072319311001e-05,calm
2004-05-11,5.882650868242342e-05,0.0001274551552618,calm
2004-05-12,6.741761474095731e-05,8.209932131170614e-05,calm
2004-05-13,6.901729489991594e-05,9.621926843907416e-05,calm
2004-05-17,7.69286269776184e-05,3.9395953194299815e-05,calm
2004-05-18,6.871539557073239e-05,9.86686537030104e-05,calm
2004-05-19,7.203318865165291e-05,4.035178359879427e-05,calm
2004-05-20,6.340195761397162e-05,4.179290790636993e-05,calm
2004-05-24,5.715738646335803e-05,5.1230153682229495e-05,calm
2004-05-25,5.4859532209695854e-05,2.7863456427608657e-05,calm
2004-05-26,4.7111837084775895e-05,5.251121758073374e-05,calm
2004-05-27,4.704103897541342e-05,1.2069237764693068e-05,calm
2004-06-01,3.8891546181210405e-05,3.385568310187234e-05,calm
2004-06-02,3.9373585521372744e-05,3.8072541896442985e-05,calm
2004-06-03,4.138116227418141e-05,6.317875897821396e-05,calm
2004-06-07,4.8127954501822425e-05,2.672914921510409e-05,calm
2004-06-08,4.388479863895451e-05,2.046498510355124e-05,calm
2004-06-09,3.8108469636780326e-05,1.821254634582509e-05,calm
2004-06-14,3.416444141826068e-05,6.083380699398143e-05,calm
2004-06-15,3.926999576044284e-05,1.517046656254418e-05,calm
2004-06-16,3.411233412168061e-05,2.073575942602274e-05,calm
2004-06-17,3.160630487377674e-05,2.381136068270356e-05,calm
2004-06-21,3.1323924262717534e-05,2.6962590883066065e-05,calm
2004-06-22,3.214443588313243e-05,2.09011844040862e-05,calm
2004-06-23,3.0411120126502415e-05,1.9973600548683364e-05,calm
2004-06-24,3.023076101626799e-05,1.902370532555758e-05,calm
2004-06-28,2.9678627186976863e-05,1.5675630722967488e-05,calm
2004-06-29,2.9091099489629656e-05,2.9324422786989645e-05,calm
2004-06-30,2.9709852193862044e-05,4.558847742042023e-05,calm
2004-07-01,3.128328938886394e-05,2.965733230799156e-05,calm
2004-07-06,3.1672192744083014e-05,1.8665553469806154e-05,calm
2004-07-07,3.0975306831168174e-05,4.254086159008393e-05,calm
2004-07-08,3.2332483032198605e-05,4.270728226870934e-05,calm
2004-07-12,3.379110416476736e-05,8.971083163326272e-06,calm
2004-07-13,3.099418105851693e-05,6.267228165025885e-05,calm
2004-07-14,3.300026442516013e-05,2.9659089386180835e-05,calm
2004-07-15,3.291296792868349e-05,3.768872433914414e-05,calm
2004-07-19,3.3473187957777356e-05,3.930473556811868e-05,calm
2004-07-20,3.4288242707256664e-05,5.874017661897356e-05,calm
2004-07-21,3.6261345833806414e-05,8.039336687104356e-05,calm
2004-07-22,4.023883282150644e-05,5.332088284227309e-05,calm
2004-07-26,4.181960285771554e-05,4.178087958711557e-05,calm
2004-07-27,4.228559306715977e-05,7.185965149762403e-05,calm
2004-07-28,4.5224891793422636e-05,4.283496445307457e-05,calm
2004-07-29,4.486544771279384e-05,2.8759359970082107e-05,calm
2004-08-02,4.221600146608726e-05,2.559403484988062e-05,calm
2004-08-03,3.47061013093362e-05,4.649421378265179e-05,calm
2004-08-04,3.64896193326868e-05,5.089524964613041e-05,calm
2004-08-05,3.898988733256934e-05,9.310910478276804e-05,calm
2004-08-09,4.8476144308485105e-05,4.235918848575945e-05,calm
2004-08-10,4.829788833535038e-05,0.000106615456384,calm
2004-08-11,5.665122509257922e-05,5.057373518265611e-05,calm
2004-08-12,5.468203730784448e-05,4.433847293301378e-05,calm
2004-08-16,5.2044467426625555e-05,3.1006703684964066e-05,calm
2004-08-17,4.510943453043407e-05,4.686626960269624e-05,calm
2004-08-18,4.392538086930651e-05,3.815873751643198e-05,calm
2004-08-19,4.169464318567335e-05,2.6390427188093405e-05,calm
2004-08-23,3.8021487367802244e-05,3.4231125747722495e-05,calm
2004-08-24,3.6920142315831624e-05,2.759731053481776e-05,calm
2004-08-25,3.476787583065068e-05,1.5073402594493956e-05,calm
2004-08-26,3.0346834848837465e-05,9.574371923892922e-06,calm
2004-08-30,2.6305507526370363e-05,2.8047606015009595e-05,calm
2004-08-31,2.774709641731254e-05,3.0425982182419896e-05,calm
2004-09-01,2.928561871209332e-05,1.9551714467397137e-05,calm
2004-09-02,2.8143513565944425e-05,2.60606055105332e-05,calm
2004-09-07,2.831520931598533e-05,2.274243297806097e-05,calm
2004-09-08,2.7792687009107553e-05,3.1993060329525735e-05,calm
2004-09-09,2.9490165196608407e-05,2.897432488815208e-05,calm
2004-09-13,2.9762348965613903e-05,1.434966281000752e-05,calm
2004-09-14,2.6626982154104057e-05,2.2377523033820985e-05,calm
2004-09-15,2.651309883712262e-05,1.2610326252627773e-05,calm
2004-09-16,2.487279187440496e-05,2.3171616920976163e-05,calm
2004-09-20,2.58352281701317e-05,1.5660752281588137e-05,calm
2004-09-21,2.5117536267571816e-05,5.7548189795053e-05,calm
2004-09-22,2.9814713081671567e-05,2.677975782617993e-05,calm
2004-09-23,2.9843163805934256e-05,1.723573894888711e-05,calm
2004-09-27,2.7716226587004934e-05,2.4010680108981e-05,calm
2004-09-28,2.768424487563787e-05,2.4855104597581503e-05,calm
2004-09-29,2.7599532837841227e-05,2.8325689436875165e-05,calm
2004-09-30,2.7918543654668504e-05,3.3225022488154e-05,calm
2004-10-04,2.8937622917784873e-05,2.027711933198608e-05,calm
2004-10-05,2.7461691301043574e-05,1.6897573713299464e-05,calm
2004-10-06,2.6059392391578322e-05,1.61697043963027e-05,calm
2004-10-07,2.4961840440494312e-05,2.955327722998703e-05,calm
2004-10-12,2.6863168168724016e-05,4.373260934313432e-05,calm
2004-10-13,3.0384533217466653e-05,2.6824084809833783e-05,calm
2004-10-14,3.0408179838661924e-05,5.3230498235616505e-05,calm
2004-10-18,3.474958838025275e-05,3.3589967210355955e-05,calm
2004-10-19,3.366024420644687e-05,5.379510947431661e-05,calm
2004-10-20,3.623186885840555e-05,5.0166302303134735e-05,calm
2004-10-21,3.750522328009479e-05,3.627708272348647e-05,calm
2004-10-25,3.5566436783281125e-05,3.938181052507464e-05,calm
2004-10-26,3.6076718442808485e-05,4.707750723028362e-05,calm
2004-10-27,3.76475858523441e-05,3.445948108293571e-05,calm
2004-10-28,3.5898305899940565e-05,2.9219276576608413e-05,calm
2004-11-01,3.332106309543448e-05,1.543053972137845e-05,calm
2004-11-02,2.889071368829589e-05,4.7029373562063945e-05,calm
2004-11-03,3.1992839162708676e-05,0.0002290475182417,calm
2004-11-04,4.818972837131691e-05,3.412224664175711e-05,calm
2004-11-05,4.301171163497966e-05,4.152233972752128e-05,calm
2004-11-08,3.9563385044805245e-05,2.0279031954573085e-05,calm
2004-11-09,3.257689390880973e-05,2.337577289797733e-05,calm
2004-11-10,2.9246844044560912e-05,2.72746346160913e-05,calm
2004-11-11,2.8187446170419603e-05,2.183518996113652e-05,calm
2004-11-12,2.6851731933834015e-05,1.4740762033689898e-05,calm
2004-11-15,2.472537752937969e-05,2.7330807067689407e-05,calm
2004-11-16,2.5722397349700166e-05,2.4022032195980648e-05,calm
2004-11-17,2.6000298941400895e-05,4.764547939475519e-05,calm
2004-11-18,2.9488050290179295e-05,1.807258079870548e-05,calm
2004-11-19,2.7451754312138327e-05,3.339072756184021e-05,calm
2004-11-22,2.860822288679683e-05,2.115910638294614e-05,calm
2004-11-23,2.713543057053996e-05,2.8939995465948583e-05,calm
2004-11-24,2.7329370220515142e-05,1.817375054347309e-05,calm
2004-11-26,2.56706609045147e-05,6.9294709887614594e-06,calm
2004-11-29,2.1908172817440684e-05,4.976157720190865e-05,calm
2004-11-30,2.612978718517937e-05,2.999450821740443e-05,calm
2004-12-01,2.7590293487406783e-05,3.0809521325215374e-05,calm
2004-12-02,2.8311781310003918e-05,2.6607529168391093e-05,calm
2004-12-03,2.799417506797096e-05,4.964696746638946e-05,calm
2004-12-06,3.0910845292394186e-05,2.327480025736807e-05,calm
2004-12-07,2.9038431720369725e-05,3.7054910737959184e-05,calm
2004-12-08,3.0155261782155908e-05,2.5115345603359603e-05,calm
2004-12-09,2.874878707368838e-05,4.259258668109634e-05,calm
2004-12-10,3.029922517494367e-05,2.391305135215696e-05,calm
2004-12-13,2.850575672307856e-05,3.15896106008939e-05,calm
2004-12-14,2.8450593830306224e-05,1.5006731717879218e-05,calm
2004-12-15,2.5511608863498987e-05,2.323479493696384e-05,calm
2004-12-16,2.5174609245567095e-05,3.356420948135235e-05,calm
2004-12-17,2.666262815470974e-05,4.728763038046928e-05,calm
2004-12-20,2.9436894347779554e-05,4.61617722939268e-05,calm
2004-12-21,3.1573840004190545e-05,2.2023389781050527e-05,calm
2004-12-22,2.8729176665535434e-05,1.7205482668070214e-05,calm
2004-12-23,2.568548780800666e-05,1.1091437024996344e-05,calm
2004-12-27,2.2659222550300814e-05,2.833356309595392e-05,calm
2004-12-28,2.4012351602391536e-05,1.9559380068330456e-05,calm
2004-12-29,2.3960334684148953e-05,7.845495953125145e-06,calm
2004-12-30,2.1234438929134843e-05,5.985971865798163e-06,calm
2004-12-31,1.9374638586583404e-05,8.034036374705617e-06,calm
2005-01-03,1.899982978576376e-05,4.5901741636569045e-05,calm
2005-01-04,2.3701329542634282e-05,4.811579241064164e-05,calm
2005-01-05,2.8539989388841324e-05,4.540723082624014e-05,calm
2005-01-06,3.196124856175259e-05,3.700410634180749e-05,calm
2005-01-07,3.2477480514335415e-05,3.716516076401826e-05,calm
2005-01-10,3.23763004910062e-05,2.966732963089849e-05,calm
2005-01-11,3.073113055370485e-05,2.9697495360681423e-05,calm
2005-01-12,2.958658802285902e-05,5.238506417245631e-05,calm
2005-01-13,3.181395930279275e-05,2.5234357658269245e-05,calm
2005-01-14,2.977542656100973e-05,2.4280475471344816e-05,calm
2005-01-18,2.7893771637780645e-05,2.4500495574137305e-05,calm
2005-01-19,2.6882385361071908e-05,1.9493173782438938e-05,calm
2005-01-20,2.5711544495372528e-05,5.444340367375013e-05,calm
2005-01-21,2.932577871285499e-05,3.761664613891408e-05,calm
2005-01-24,3.226465376403295e-05,4.570744942282567e-05,calm
2005-01-25,3.549439992354338e-05,3.6899261144152046e-05,calm
2005-01-26,3.5164925514535586e-05,3.8513412579391965e-05,calm
2005-01-27,3.399462564318945e-05,2.1584324942661908e-05,calm
2005-01-28,2.9381217221891477e-05,2.993117401109172e-05,calm
2005-01-31,2.8041125966736155e-05,4.431068050828149e-05,calm
2005-02-01,2.976710816682073e-05,1.4798225701036466e-05,calm
2005-02-02,2.5393638687129967e-05,1.9513862026098592e-05,calm
2005-02-03,2.327302387288353e-05,2.469461371866069e-05,calm
2005-02-04,2.3297097913838035e-05,1.8313395349065035e-05,calm
2005-02-07,2.2263183133705747e-05,1.1611466095387856e-05,calm
2005-02-08,2.038496252617723e-05,1.3232728308288593e-05,calm
2005-02-09,1.9453585371827306e-05,2.573482651804878e-05,calm
2005-02-10,2.116392289002325e-05,2.4809935186810416e-05,calm
2005-02-11,2.2433366685255348e-05,3.52411713032392e-05,calm
2005-02-14,2.4788589210454045e-05,8.127278889610916e-06,calm
2005-02-15,2.0972910261660418e-05,1.4845581397811394e-05,calm
2005-02-16,1.9761338357762926e-05,2.019044949548738e-05,calm
2005-02-17,2.017663615123221e-05,2.5371439544972893e-05,calm
2005-02-18,2.1778975877224746e-05,1.6333220822757518e-05,calm
2005-02-22,2.161743780819935e-05,3.854942116817373e-05,calm
2005-02-23,2.4927805903646423e-05,3.4154610296020106e-05,calm
2005-02-24,2.703857735311306e-05,3.543161090446478e-05,calm
2005-02-25,2.8031182626846652e-05,2.27423891499525e-05,calm
2005-02-28,2.6401874216249945e-05,2.9104739696092604e-05,calm
2005-03-01,2.6333508848414956e-05,2.795330027000681e-05,calm
2005-03-02,2.6256441713386246e-05,5.0283135564015925e-05,calm
2005-03-03,2.949456403743697e-05,3.476102448657902e-05,calm
2005-03-04,3.059906257677132e-05,3.558380653537219e-05,calm
2005-03-07,3.0300523767206687e-05,1.6634682415824848e-05,calm
2005-03-08,2.647923255629584e-05,2.1564919077918577e-05,calm
2005-03-09,2.4795899504406553e-05,3.612923278728716e-05,calm
2005-03-10,2.6369068919890375e-05,3.912634524845677e-05,calm
2005-03-11,2.844621756523916e-05,4.1900997244965184e-05,calm
2005-03-14,3.072230801665033e-05,2.455732000593863e-05,calm
2005-03-15,2.894112397337666e-05,2.7189369947552305e-05,calm
2005-03-16,2.8121211028518245e-05,3.5446681546016244e-05,calm
2005-03-17,2.915020815882313e-05,2.198304963572684e-05,calm
2005-03-18,2.7562140120626664e-05,2.9838831792945063e-05,calm
2005-03-21,2.7495295014849396e-05,3.986068960539432e-05,calm
2005-03-22,2.9579991682924925e-05,5.4828154501861945e-05,calm
2005-03-23,3.470541694026678e-05,3.629022295562797e-05,calm
2005-03-24,3.505076115112747e-05,3.007413768403363e-05,calm
2005-03-28,3.248380572887847e-05,3.997856429236904e-05,calm
2005-03-29,3.26023011697703e-05,3.314672438760096e-05,calm
2005-03-30,3.23822743704267e-05,2.339500531760073e-05,calm
2005-03-31,2.935999326700772e-05,7.812622258153005e-05,calm
2005-04-04,3.543249349973663e-05,2.999979125429709e-05,calm
2005-04-05,3.433217279625745e-05,3.059247858653413e-05,calm
2005-04-06,3.2156665931641e-05,1.9685348575702457e-05,calm
2005-04-07,2.7945706090748612e-05,2.0843878319823105e-05,calm
2005-04-11,2.5252436954261e-05,4.612551477471924e-05,calm
2005-04-12,2.761216139936388e-05,3.5082507729446465e-05,calm
2005-04-13,2.843926569527587e-05,5.496686708050335e-05,calm
2005-04-14,3.3276227594524185e-05,7.690490710534502e-05,calm
2005-04-18,4.1792722310276026e-05,4.662886915754695e-05,calm
2005-04-19,4.569983615582459e-05,6.187588958799296e-05,calm
2005-04-20,4.6933894412784016e-05,9.899925296468038e-05,calm
2005-04-21,5.592649742511336e-05,8.387154474053629e-05,calm
2005-04-25,5.627800285145691e-05,4.090027441636769e-05,calm
2005-04-26,4.745245971649979e-05,6.019719051789494e-05,calm
2005-04-27,4.504381983128672e-05,5.632380158684504e-05,calm
2005-04-28,4.570363968830575e-05,8.969823386297989e-05,calm
2005-05-02,5.428185081932156e-05,8.435956105689265e-05,calm
2005-05-03,5.86570324138811e-05,4.082708713099356e-05,calm
2005-05-04,5.1300910486178944e-05,6.433774512715805e-05,calm
2005-05-05,4.863964897055694e-05,3.8724063986449417e-05,calm
2005-05-09,4.337075051686195e-05,5.877995875066447e-05,calm
2005-05-10,4.333289706186461e-05,4.273662622014396e-05,calm
2005-05-11,4.3099280470825515e-05,4.763067827268298e-05,calm
2005-05-12,4.318334745711197e-05,8.026906814221484e-05,calm
2005-05-16,5.1585313485340085e-05,3.313599100492888e-05,calm
2005-05-17,4.792205333335205e-05,4.315829224971817e-05,calm
2005-05-18,4.406628675684283e-05,2.511539532305968e-05,calm
2005-05-19,3.636490427963232e-05,2.051845986491614e-05,calm
2005-05-23,3.0357361955886874e-05,2.849458714009533e-05,calm
2005-05-24,2.856867913587247e-05,1.923418569807457e-05,calm
2005-05-25,2.6304610313425023e-05,1.896315609791601e-05,calm
2005-05-26,2.4792896953042753e-05,6.953594843349292e-06,calm
2005-05-31,2.0711071817200433e-05,4.6049230549069547e-05,calm
2005-06-01,2.4496947686649814e-05,2.1572037012082583e-05,calm
2005-06-02,2.504799020392977e-05,2.600903120366915e-05,calm
2005-06-06,2.5323737622615214e-05,3.879277790136503e-05,calm
2005-06-07,2.705976894060247e-05,1.908267867937516e-05,calm
2005-06-08,2.5689582074591036e-05,3.383439282639542e-05,calm
2005-06-09,2.7056335898533228e-05,1.849932983329848e-05,calm
2005-06-13,2.4938117181473933e-05,2.0947875074852103e-05,calm
2005-06-14,2.3459864443054166e-05,3.092141533222931e-05,calm
2005-06-15,2.4473835949914506e-05,1.7812457179554253e-05,calm
2005-06-16,2.310343185404412e-05,3.0575434205190355e-05,calm
2005-06-20,2.3843649281740147e-05,1.8882020747211664e-05,calm
2005-06-21,2.3128445537713476e-05,3.133421211333544e-05,calm
2005-06-22,2.40852550697552e-05,3.825981399979101e-05,calm
2005-06-23,2.6179389050329097e-05,2.4366261268762982e-05,calm
2005-06-27,2.6607913734599836e-05,1.791375935592916e-05,calm
2005-06-28,2.5134620908284745e-05,1.6968793232364282e-05,calm
2005-06-29,2.2850738989770557e-05,3.111782425387137e-05,calm
2005-06-30,2.3967191566896687e-05,3.2985587000091137e-05,calm
2005-07-05,2.5909034390681104e-05,2.2667685602973467e-05,calm
2005-07-06,2.5271832855649205e-05,8.381835669036773e-05,calm
2005-07-07,3.254188432230243e-05,2.0852249796776843e-05,calm
2005-07-11,3.054102886080809e-05,2.2023717503727743e-05,calm
2005-07-12,2.6780634134614242e-05,1.4936253059586477e-05,calm
2005-07-13,2.293645008881384e-05,4.8912138019135416e-05,calm
2005-07-14,2.630541766811573e-05,1.2216940879486834e-05,calm
2005-07-18,2.3176100047780105e-05,3.368803054471808e-05,calm
2005-07-19,2.4436480976812914e-05,3.06600303744555e-05,calm
2005-07-20,2.5297740016773546e-05,5.317992325315859e-05,calm
2005-07-21,2.8603736001405008e-05,2.015624366034149e-05,calm
2005-07-25,2.665651772831472e-05,2.249484137344417e-05,calm
2005-07-26,2.537103183960781e-05,1.9861688987419822e-05,calm
2005-07-27,2.4027821269083585e-05,2.0693676357483468e-05,calm
2005-07-28,2.308172526715525e-05,1.5163854141479549e-05,calm
2005-08-01,2.166654496139238e-05,1.2862996648590173e-05,calm
2005-08-02,2.0859789322459042e-05,1.2566415835997024e-05,calm
2005-08-03,2.0166442609826556e-05,1.613325908824546e-05,calm
2005-08-04,2.042056997324157e-05,1.958530009370837e-05,calm
2005-08-08,2.1508232592523032e-05,3.086216032325034e-05,calm
2005-08-09,2.4337218157449263e-05,4.6928743703113045e-05,calm
2005-08-10,2.8296499585978768e-05,3.3728975472054104e-05,calm
2005-08-11,2.9522945754999637e-05,2.8574747264927967e-05,calm
2005-08-15,2.9017250862303617e-05,2.96828932659976e-05,calm
2005-08-16,2.848290462908254e-05,3.0370486727722663e-05,calm
2005-08-17,2.9055149782269333e-05,2.700724558616188e-05,calm
2005-08-18,2.8643958781594696e-05,1.8581822715203723e-05,calm
2005-08-22,2.6229851701410715e-05,2.179799532853289e-05,calm
2005-08-23,2.5569848300727008e-05,3.658470099731825e-05,calm
2005-08-24,2.7689758027971344e-05,1.5997436972118984e-05,calm
2005-08-25,2.6076947946031888e-05,3.063198071331879e-05,calm
2005-08-29,2.7247936664974534e-05,5.07387240882254e-05,calm
2005-08-30,3.111440430731442e-05,5.462548502244964e-05,calm
2005-08-31,3.509156247102589e-05,5.610150949666649e-05,calm
2005-09-01,3.693334797172345e-05,2.281686464852555e-05,calm
2005-09-06,3.215791807646307e-05,1.6159575246402022e-05,calm
2005-09-07,2.6942560858663708e-05,1.972800316256676e-05,calm
2005-09-08,2.4690385015255574e-05,1.8209318336989488e-05,calm
2005-09-12,2.3751972867756458e-05,2.356127647573038e-05,calm
2005-09-13,2.3644482224186905e-05,2.453604912012196e-05,calm
2005-09-14,2.4430081169492838e-05,3.164011968956482e-05,calm
2005-09-15,2.6472318628222978e-05,2.7880285094037205e-05,calm
2005-09-19,2.6988722496327024e-05,3.740111023942561e-05,calm
2005-09-20,2.838199822944079e-05,3.457724285097569e-05,calm
2005-09-21,2.937535420805957e-05,5.148428271294945e-05,calm
2005-09-22,3.347507328908164e-05,2.466406603103198e-05,calm
2005-09-26,3.1073560846567185e-05,3.200960538273306e-05,calm
2005-09-27,3.0135514345267233e-05,2.598506303239372e-05,calm
2005-09-28,2.8628225729025357e-05,4.144167384861928e-05,calm
2005-09-29,3.0246471854165415e-05,1.9014888745876485e-05,calm
2005-10-03,2.6772671841069625e-05,3.759356113683181e-05,calm
2005-10-04,2.84395578379348e-05,5.848447156697858e-05,calm
2005-10-05,3.3798077091612496e-05,0.0001003484682485,calm
2005-10-06,4.5360647847622376e-05,4.514731813742246e-05,calm
2005-10-10,4.5728210619257495e-05,5.726968858401061e-05,calm
2005-10-11,4.7526440531440596e-05,7.76256646249013e-05,calm
2005-10-12,5.168980826799899e-05,9.162665707017618e-05,calm
2005-10-13,5.803150624103777e-05,6.765931071258134e-05,calm
2005-10-17,5.832512434071647e-05,3.0089507799808705e-05,calm
2005-10-18,4.460283696628361e-05,7.918817896031006e-05,calm
2005-10-19,4.7108704865129396e-05,9.591824121340194e-05,calm
2005-10-20,5.026851579764307e-05,8.151648544295895e-05,calm
2005-10-24,5.699741179106492e-05,4.71695635441993e-05,calm
2005-10-25,5.132755493153057e-05,6.579726674142392e-05,calm
2005-10-26,5.053248922809136e-05,3.3405306250097035e-05,calm
2005-10-27,4.326752775000849e-05,7.62132467527258e-05,calm
2005-10-31,4.905353825470052e-05,3.806864662807372e-05,calm
2005-11-01,4.5166989392345796e-05,2.071472277347303e-05,calm
2005-11-02,3.6457480360251935e-05,2.78925007247656e-05,calm
2005-11-03,3.279441101845875e-05,3.846580900875449e-05,calm
2005-11-04,3.2526980260434267e-05,3.145858659111887e-05,calm
2005-11-07,3.170560284867719e-05,2.405023865787716e-05,calm
2005-11-08,2.9669550458724917e-05,2.551137965097868e-05,calm
2005-11-09,2.8594489277242695e-05,2.5009885733389208e-05,calm
2005-11-10,2.7708286160528656e-05,4.20688067707311e-05,calm
2005-11-11,2.947453662071e-05,5.921464730879728e-06,calm
2005-11-14,2.253037921688739e-05,1.5318954687525145e-05,calm
2005-11-15,2.1576542324583277e-05,2.532872748613692e-05,calm
2005-11-16,2.297162540305784e-05,2.319535882927661e-05,calm
2005-11-17,2.3731890673558324e-05,2.2121223384277625e-05,calm
2005-11-18,2.3600083969836802e-05,2.884746034356546e-05,calm
2005-11-21,2.4515296106762656e-05,1.5727193075837816e-05,calm
2005-11-22,2.2656523068381876e-05,2.136779765765257e-05,calm
2005-11-23,2.244226189102211e-05,1.3935917524098171e-05,calm
2005-11-25,2.1112613586151645e-05,5.292996952738535e-06,calm
2005-11-28,1.815056571299796e-05,1.6452394237746657e-05,calm
2005-11-29,1.91168495848666e-05,3.336847674191574e-05,calm
2005-11-30,2.225535620296997e-05,3.0834080480860925e-05,calm
2005-12-01,2.4434235911030772e-05,4.791793888147823e-05,calm
2005-12-02,2.7784278267868502e-05,1.310105167709827e-05,calm
2005-12-05,2.413723394962134e-05,1.920120215506316e-05,calm
2005-12-06,2.3296958201626804e-05,3.2799740667172914e-05,calm
2005-12-07,2.5162800603223e-05,2.8351917133695523e-05,calm
2005-12-08,2.6118444302423387e-05,4.0919003996538864e-05,calm
2005-12-09,2.8748098968485784e-05,2.210568464310617e-05,calm
2005-12-12,2.67475016992627e-05,2.0975064420046447e-05,calm
2005-12-13,2.509806862945379e-05,2.5940166378021988e-05,calm
2005-12-14,2.495360660993188e-05,1.9782026586472794e-05,calm
2005-12-15,2.353956097175538e-05,2.1261330076920137e-05,calm
2005-12-16,2.3140764103475024e-05,2.079832551752129e-05,calm
2005-12-19,2.2854485712889707e-05,2.0906488258439613e-05,calm
2005-12-20,2.299903711233921e-05,1.700886300234145e-05,calm
2005-12-21,2.2236704803458626e-05,3.322462060617423e-05,calm
2005-12-22,2.4318843529225416e-05,1.4802547841585071e-05,calm
2005-12-23,2.218157417450646e-05,6.242016936010334e-06,calm
2005-12-27,1.8722058929666598e-05,3.080193763460183e-05,calm
2005-12-28,2.178967119408843e-05,1.3347128501126844e-05,calm
2005-12-29,2.0895633301346673e-05,1.5030119589318696e-05,calm
2005-12-30,2.077755659386938e-05,2.7625515164712065e-05,calm
2006-01-03,2.3103126475600493e-05,6.550958226986926e-05,calm
2006-01-04,2.888691804606752e-05,2.99964857988114e-05,calm
2006-01-05,2.7962518568045944e-05,2.00727538030809e-05,calm
2006-01-06,2.5397889018115842e-05,5.783084066735448e-05,calm
2006-01-09,2.922403450082079e-05,1.2946303918073402e-05,calm
2006-01-10,2.418055382774617e-05,2.454498754089105e-05,calm
2006-01-11,2.3908468278148014e-05,1.9371220562194148e-05,calm
2006-01-12,2.2969838607245965e-05,1.3941632730994012e-05,calm
2006-01-13,2.1439212738577943e-05,1.803288757845814e-05,calm
2006-01-17,2.1506376472669686e-05,2.525145744680113e-05,calm
2006-01-18,2.3244275291787196e-05,3.1789174910290275e-05,calm
2006-01-19,2.5627333467114948e-05,2.2086407803363955e-05,calm
2006-01-20,2.5090931725996034e-05,4.164286758383666e-05,calm
2006-01-23,3.0156300229986224e-05,2.390481474959569e-05,calm
2006-01-24,2.9341726479773985e-05,2.696126189647672e-05,calm
2006-01-25,2.8649989285047016e-05,6.032708418760052e-05,calm
2006-01-26,3.28614302761799e-05,5.4023824152919454e-05,calm
2006-01-27,3.47739237876757e-05,2.657714534350269e-05,calm
2006-01-30,3.063704800187782e-05,1.0909909929678137e-05,calm
2006-01-31,2.441884340367956e-05,2.715620021860394e-05,calm
2006-02-01,2.5450801264751782e-05,3.478004094315291e-05,calm
2006-02-02,2.7213867291064522e-05,4.0408698199216375e-05,calm
2006-02-03,3.0171951891691852e-05,5.241333903434699e-05,calm
2006-02-06,3.343239256781106e-05,2.243148605695374e-05,calm
2006-02-07,2.9824975814790677e-05,4.118616951794815e-05,calm
2006-02-08,3.163499067369796e-05,1.9398040215845905e-05,calm
2006-02-09,2.7486247941333135e-05,2.2015184183145293e-05,calm
2006-02-10,2.5937882517818575e-05,4.1278649442193335e-05,calm
2006-02-13,2.850450430448099e-05,2.178121159393728e-05,calm
2006-02-14,2.7072235653089037e-05,2.7002608132455776e-05,calm
2006-02-15,2.638206560877324e-05,4.136803863061303e-05,calm
2006-02-16,2.86492600523122e-05,1.288318362253558e-05,calm
2006-02-17,2.3588445680764617e-05,1.078149890078717e-05,calm
2006-02-21,2.068588411394501e-05,2.613943204010344e-05,calm
2006-02-22,2.2648658144352037e-05,1.8268895804869863e-05,calm
2006-02-23,2.2249524269270947e-05,2.755517345759565e-05,calm
2006-02-24,2.3721942017159958e-05,1.349439143439122e-05,calm
2006-02-27,2.147289237999632e-05,1.580164274883552e-05,calm
2006-02-28,2.083384601804599e-05,3.50421813868333e-05,calm
2006-03-01,2.4238499145187206e-05,1.695468786804152e-05,calm
2006-03-02,2.2676354347243165e-05,3.0247823247216044e-05,calm
2006-03-03,2.430578418125433e-05,3.851043258183827e-05,calm
2006-03-06,2.694928661881765e-05,2.638660774327473e-05,calm
2006-03-07,2.7067758646466706e-05,3.0281178682311728e-05,calm
2006-03-08,2.8485267407998664e-05,3.260250452562999e-05,calm
2006-03-09,2.8510628614422996e-05,1.879239112449381e-05,calm
2006-03-10,2.6355874990406523e-05,3.3172003336672044e-05,calm
2006-03-13,2.6239897280601847e-05,1.8379906091064248e-05,calm
2006-03-14,2.3491060408893412e-05,1.7343582482868603e-05,calm
2006-03-15,2.1226035890394372e-05,1.4774229330184016e-05,calm
2006-03-16,2.05696994447993e-05,2.078524109804008e-05,calm
2006-03-17,2.2131341372231808e-05,1.1901484888850126e-05,calm
2006-03-20,2.114537754154408e-05,1.6749856394326092e-05,calm
2006-03-21,2.0986739192398452e-05,2.4461627228568748e-05,calm
2006-03-22,2.208382166709474e-05,1.8461006909594467e-05,calm
2006-03-23,2.132297952303584e-05,1.883971043070543e-05,calm
2006-03-24,2.0956230165012945e-05,1.7053066159512233e-05,calm
2006-03-27,2.0552155757637283e-05,3.095024450966714e-05,calm
2006-03-28,2.2919578243386474e-05,2.4142056492579336e-05,calm
2006-03-29,2.367013004046493e-05,3.858341530803866e-05,calm
2006-03-30,2.5243132703913737e-05,2.455841313999867e-05,calm
2006-04-03,2.5340661287534424e-05,2.7103277161483296e-05,calm
2006-04-04,2.552810244129504e-05,2.5010793987869663e-05,calm
2006-04-05,2.4645059276766044e-05,2.431446065117456e-05,calm
2006-04-06,2.4127556320304142e-05,4.921028090193077e-05,calm
2006-04-10,2.7367710151221466e-05,4.039460873516393e-05,calm
2006-04-11,3.0394826480110906e-05,2.017601665360685e-05,calm
2006-04-12,2.9235419780368446e-05,2.3542130582969885e-05,calm
2006-04-17,2.76827266171672e-05,5.889939146255047e-05,calm
2006-04-18,3.126804794195458e-05,3.358045596543012e-05,calm
2006-04-19,2.933854402908082e-05,3.70580299545061e-05,calm
2006-04-20,2.8641954890732084e-05,2.884519803163854e-05,calm
2006-04-24,2.7881609908825202e-05,3.06228595817359e-05,calm
2006-04-25,2.7743717405318187e-05,4.206147676224752e-05,calm
2006-04-26,2.9382158849517972e-05,0.0001157893059911,calm
2006-04-27,3.7837733859703905e-05,2.395760681170949e-05,calm
2006-05-01,3.3804797800143504e-05,2.6729858019605345e-05,calm
2006-05-02,3.139160316796924e-05,2.253747380875809e-05,calm
2006-05-03,2.792141355041314e-05,1.9101556159692538e-05,calm
2006-05-04,2.527497038530791e-05,3.581759893345211e-05,calm
2006-05-08,2.6351241589817283e-05,5.2811202004674094e-06,calm
2006-05-09,2.111447761940242e-05,2.545807792597465e-05,calm
2006-05-10,2.2013083647709176e-05,3.4688910732961645e-05,calm
2006-05-11,2.439221879876998e-05,7.03465158033034e-05,calm
2006-05-15,3.111780319191421e-05,2.967451301973849e-05,calm
2006-05-16,3.287626449767281e-05,8.62964180647739e-05,calm
2006-05-17,4.052372720443681e-05,5.775689710853748e-05,calm
2006-05-18,5.1139813839065976e-05,8.85207010353377e-05,calm
2006-05-22,6.333354494786435e-05,7.474737073904105e-05,calm
2006-05-23,7.067867570382356e-05,0.0001568220245815,calm
2006-05-24,8.730944293046176e-05,4.735913249411477e-05,calm
2006-05-25,7.397187078959019e-05,1.4269276366805604e-05,calm
2006-05-30,4.591472686404323e-05,6.797333263303817e-05,calm
2006-05-31,5.093776293354468e-05,4.05155030058163e-05,calm
2006-06-01,4.41521638324465e-05,5.4485833040060406e-05,calm
2006-06-05,3.880454877111905e-05,9.813495007227456e-05,calm
2006-06-06,4.97961344865065e-05,6.42049480740768e-05,calm
2006-06-07,5.754612883717723e-05,0.0001609976568298,calm
2006-06-08,7.544538438082743e-05,5.848441991708481e-05,calm
2006-06-12,7.646573070326579e-05,0.0001551810673886,calm
2006-06-13,0.00010153717588881446,8.929928043441164e-05,calm
2006-06-14,0.000122678896411154,6.837686572454833e-05,calm
2006-06-15,0.0001016123438308932,4.456046311560157e-05,calm
2006-06-19,6.08020620008574e-05,4.161435722005943e-05,calm
2006-06-20,4.931216813983027e-05,3.980550592975142e-05,calm
2006-06-21,4.1031545964720286e-05,3.907099249013956e-05,calm
2006-06-22,3.670464784522745e-05,5.182735232282784e-05,calm
2006-06-26,4.1484420601974186e-05,3.15743620689587e-05,calm
2006-06-27,4.1297639728863966e-05,2.969139376904296e-05,calm
2006-06-28,4.1908956178018266e-05,9.942451819995536e-05,calm
2006-06-29,5.214268739024955e-05,2.5934256244406105e-05,calm
2006-07-05,4.031954996903031e-05,2.973056588367171e-05,calm
2006-07-06,3.551234428947214e-05,3.229603863295765e-05,calm
2006-07-10,3.276480828172437e-05,3.95611976834746e-05,calm
2006-07-11,3.3815900447257915e-05,2.916054476288056e-05,calm
2006-07-12,3.132070172446579e-05,5.791651198532688e-05,calm
2006-07-13,3.715823585515906e-05,7.669155188587427e-05,calm
2006-07-17,5.3938808854100354e-05,7.751915591055189e-05,calm
2006-07-18,6.78679715637817e-05,8.937524434491545e-05,calm
2006-07-19,7.108731815141228e-05,3.443352985324364e-05,calm
2006-07-20,5.1255947498208835e-05,7.415385800959147e-05,calm
2006-07-24,5.007526506744072e-05,5.6479841502276246e-05,calm
2006-07-25,4.539664895697133e-05,4.4996953590506045e-05,calm
2006-07-26,4.152283460069881e-05,5.98007417014539e-05,calm
2006-07-27,4.218723214265821e-05,5.050025682248678e-05,calm
2006-07-31,4.3531626874255806e-05,3.4875652513479095e-05,calm
2006-08-01,4.127759577571642e-05,4.157416794592438e-05,calm
2006-08-02,4.1249652613238845e-05,5.576825352845317e-05,calm
2006-08-03,4.2108836557694994e-05,4.629293118546689e-05,calm
2006-08-07,4.184145964699434e-05,7.044880302316272e-05,calm
2006-08-08,4.76188932820084e-05,7.272535548833909e-05,calm
2006-08-09,5.222318946223784e-05,4.60069380914304e-05,calm
2006-08-10,4.902996235122206e-05,2.346482587576496e-05,calm
2006-08-14,3.803613084585364e-05,6.035608618960762e-05,calm
2006-08-15,3.929364868954089e-05,2.03979011558099e-05,calm
2006-08-16,3.161226534878891e-05,1.7628337647109112e-05,calm
2006-08-17,2.5853483786904957e-05,1.5944874786718075e-05,calm
2006-08-21,2.30142767549389e-05,1.79286418692486e-05,calm
2006-08-22,2.2511139484486836e-05,1.713952015572996e-05,calm
2006-08-23,2.2296592336413545e-05,2.274404560423668e-05,calm
2006-08-24,2.3619126741137834e-05,1.481886371278123e-05,calm
2006-08-28,2.2357557862163385e-05,1.8437567600561787e-05,calm
2006-08-29,2.2166794844289024e-05,1.591014999393216e-05,calm
2006-08-30,2.1577518955878515e-05,8.65709378512243e-06,calm
2006-08-31,1.913981972660641e-05,2.6818486129431844e-05,calm
2006-09-05,2.2018022632028245e-05,2.255588632588384e-05,calm
2006-09-06,2.353390074054934e-05,3.645449597785752e-05,calm
2006-09-07,2.8075184989677214e-05,1.77815129335666e-05,calm
2006-09-11,2.6359408029413286e-05,2.016111071276435e-05,calm
2006-09-12,2.4645724222699998e-05,1.2830292710308151e-05,calm
2006-09-13,2.099279640866208e-05,1.3596267154475135e-05,calm
2006-09-14,1.9224866122998284e-05,2.812030605765717e-05,calm
2006-09-18,2.1817041700864067e-05,1.9445172853326387e-05,calm
2006-09-19,2.246323518861977e-05,3.690597187038145e-05,calm
2006-09-20,2.5999448442151244e-05,3.333717340972816e-05,calm
2006-09-21,2.693134458272439e-05,1.849905728730936e-05,calm
2006-09-25,2.5159377260390392e-05,2.887975121088769e-05,calm
2006-09-26,2.594672564623558e-05,3.2985468982108414e-05,calm
2006-09-27,2.6621768444408835e-05,1.6545772860181013e-05,calm
2006-09-28,2.3750107454099304e-05,1.0293680786142047e-05,calm
2006-10-02,2.0582586004722764e-05,2.459948531719992e-05,calm
2006-10-03,2.31885466788599e-05,2.021121121287753e-05,calm
2006-10-04,2.377008537184052e-05,1.3167416455492236e-05,calm
2006-10-05,2.1711371296445825e-05,3.344378818346737e-05,calm
2006-10-09,2.462700554347552e-05,1.3741346810826676e-05,calm
2006-10-10,2.2196773047851463e-05,2.6617363814731348e-05,calm
2006-10-11,2.327988398491108e-05,1.7547872528740184e-05,calm
2006-10-12,2.243041593202565e-05,9.480284530419702e-06,calm
2006-10-16,1.934963887470269e-05,2.1669666464013374e-05,calm
2006-10-17,2.0617893240203008e-05,4.960183098900495e-05,calm
2006-10-18,2.5906811651719605e-05,1.3102452103515802e-05,calm
2006-10-19,2.2046434189337247e-05,7.90081222346207e-06,calm
2006-10-23,1.8132654823098372e-05,2.762893771212448e-05,calm
2006-10-24,2.0826685795925436e-05,2.645585013212175e-05,calm
2006-10-25,2.21663650572898e-05,2.3009711979618304e-05,calm
2006-10-26,2.2077497597408826e-05,3.3174159319324787e-05,calm
2006-10-30,2.362286143568421e-05,1.400395233979828e-05,calm
2006-10-31,2.1376710784944554e-05,2.593756798935709e-05,calm
2006-11-01,2.2577690254099952e-05,2.2409210064207608e-05,calm
2006-11-02,2.3142347587940577e-05,1.907591747092852e-05,calm
2006-11-03,2.2501117041398634e-05,3.84824497741386e-05,calm
2006-11-06,2.517450262321491e-05,2.575225841074673e-05,calm
2006-11-07,2.4735573312368143e-05,1.9582880941686183e-05,calm
2006-11-08,2.3014611716900492e-05,4.010187070325331e-05,calm
2006-11-09,2.5278222398240392e-05,2.481675346570893e-05,calm
2006-11-10,2.466320562491658e-05,1.5874688052641962e-05,calm
2006-11-13,2.198878239635857e-05,1.5851757550240773e-05,calm
2006-11-14,2.0783183879713987e-05,3.682463489218845e-05,calm
2006-11-15,2.3586688809123703e-05,1.429141470808222e-05,calm
2006-11-16,2.0937242141878176e-05,2.051446661559993e-05,calm
2006-11-17,2.0776275784088917e-05,2.3658367242021745e-05,calm
2006-11-20,2.1284288956579192e-05,1.698261692727839e-05,calm
2006-11-21,2.0328987534545823e-05,7.919128775626147e-06,calm
2006-11-22,1.7611697591452615e-05,1.2395649020698937e-05,calm
2006-11-24,1.767414072162547e-05,2.918951148667347e-05,calm
2006-11-27,2.1041167251626388e-05,3.784938065208794e-05,calm
2006-11-28,2.6159239785783224e-05,4.007236225495033e-05,calm
2006-11-29,2.8491212953607865e-05,4.1322339703193765e-05,calm
2006-11-30,2.8540759148048465e-05,5.123420871721887e-05,calm
2006-12-01,3.0139458025113287e-05,5.7338192957518384e-05,calm
2006-12-04,3.3634142518952894e-05,2.327657097184121e-05,calm
2006-12-05,2.9040921289173402e-05,2.1846295878807715e-05,calm
2006-12-06,2.5926320403430982e-05,9.790503918683016e-06,calm
2006-12-07,2.1213270205833418e-05,2.341876127661348e-05,calm
2006-12-08,2.34795067397076e-05,2.109560165167e-05,calm
2006-12-11,2.3984822485736134e-05,8.6464042193481e-06,calm
2006-12-12,1.9601092123073527e-05,2.478747087996112e-05,calm
2006-12-13,2.0792801190648215e-05,2.62868027670106e-05,calm
2006-12-14,2.1630482114828407e-05,2.005888547004301e-05,calm
2006-12-15,2.0911633634786472e-05,1.9756140469778264e-05,calm
2006-12-18,2.055103827326968e-05,1.2583725798421445e-05,calm
2006-12-19,1.93603215184968e-05,3.028768990137271e-05,calm
2006-12-20,2.1582440641649648e-05,7.206939785982116e-06,calm
2006-12-21,1.801615837252018e-05,1.9571446912611223e-05,calm
2006-12-22,1.936123137293182e-05,2.118569427641668e-05,calm
2006-12-26,2.1176292237284626e-05,6.508273715781892e-06,calm
2006-12-27,1.8194475130736884e-05,2.118140642885569e-05,calm
2006-12-28,1.9662809356680453e-05,1.0933785934001245e-05,calm
2006-12-29,1.8691674858791802e-05,2.253133446825217e-05,calm
2007-01-03,2.0958279041558833e-05,4.506079774052098e-05,calm
2007-01-04,2.6054162572368936e-05,4.229880145404546e-05,calm
2007-01-05,2.813959846467187e-05,3.960850137609532e-05,calm
2007-01-08,2.9574289405830753e-05,3.369348123099182e-05,calm
2007-01-09,2.8898328569003616e-05,3.114137600355407e-05,calm
2007-01-10,2.7756967758715253e-05,2.8498001912115327e-05,calm
2007-01-11,2.6150573144386598e-05,1.5174741643015502e-05,calm
2007-01-12,2.2071319966999892e-05,1.298669968860314e-05,calm
2007-01-16,1.9312776336448182e-05,1.4157693272464276e-05,calm
2007-01-17,1.903656844323584e-05,2.2365817187239105e-05,calm
2007-01-18,2.0574464922935467e-05,2.494821111320507e-05,calm
2007-01-19,2.2175364288453085e-05,1.1403669752408372e-05,calm
2007-01-22,1.9628542159945128e-05,1.830673551002677e-05,calm
2007-01-23,2.0117616401317552e-05,1.907113262541366e-05,calm
2007-01-24,2.014164606856822e-05,1.7021418873956373e-05,calm
2007-01-25,1.9428677284562128e-05,2.159931327926243e-05,calm
2007-01-26,2.109115627839129e-05,3.294252626735421e-05,calm
2007-01-29,2.3744447658113132e-05,2.062511217250769e-05,calm
2007-01-30,2.3374228714743816e-05,2.216011759801403e-05,calm
2007-01-31,2.2647309763860228e-05,4.128144982272786e-05,calm
2007-02-01,2.440396827852494e-05,2.226116152493081e-05,calm
2007-02-02,2.271882561495459e-05,1.2829747924856592e-05,calm
2007-02-05,1.9745875551342465e-05,9.343912885651973e-06,calm
2007-02-06,1.800047200467564e-05,1.0713033410875672e-05,calm
2007-02-07,1.777853713954476e-05,1.0814209798654906e-05,calm
2007-02-08,1.7563847069677223e-05,2.755677375575885e-05,calm
2007-02-09,2.0327380288605365e-05,2.742613083686676e-05,calm
2007-02-12,2.25933852666753e-05,1.1972466046714771e-05,calm
2007-02-13,2.096048916863752e-05,2.104434029758367e-05,calm
2007-02-14,2.0649432333092403e-05,2.4845864324328635e-05,calm
2007-02-15,2.1036845336183204e-05,9.34903373839985e-06,calm
2007-02-16,1.8289221381913436e-05,9.545006692153727e-06,calm
2007-02-20,1.710570373901754e-05,1.6204650734436462e-05,calm
2007-02-21,1.8194269403930603e-05,2.967895815031996e-05,calm
2007-02-22,2.0825065424031984e-05,2.774143405998003e-05,calm
2007-02-23,2.1848255195652006e-05,1.7617328625646743e-05,calm
2007-02-26,2.1018910998918532e-05,2.443822987611277e-05,calm
2007-02-27,2.223286012631374e-05,0.0002803240191029,calm
2007-02-28,5.6990078503844337e-05,0.0001217706927491,calm
2007-03-01,6.922331855770375e-05,0.0003799144036669,calm
2007-03-02,9.701630155416866e-05,7.439101482414818e-05,calm
2007-03-05,9.947011973165777e-05,0.0001694612082679,calm
2007-03-06,0.00011411389065779686,0.0001134689041992,calm
2007-03-07,9.150027218872146e-05,3.414279751907002e-05,calm
2007-03-08,6.447431144691719e-05,7.461909348660612e-05,calm
2007-03-09,5.529169727167125e-05,5.788944170905831e-05,calm
2007-03-12,4.884640241940445e-05,2.490229987814612e-05,calm
2007-03-13,3.905609593653305e-05,8.970738994064515e-05,calm
2007-03-14,5.1158491571276435e-05,0.0001615954400272,calm
2007-03-15,6.910620783486627e-05,4.288518133379065e-05,calm
2007-03-16,6.255412858871693e-05,2.917255993453537e-05,calm
2007-03-19,5.176559700923672e-05,5.433113053397026e-05,calm
2007-03-20,4.4582018056373556e-05,1.9093651815710383e-05,calm
2007-03-21,3.246826514380172e-05,6.634452415214046e-05,calm
2007-03-22,3.2330544564080526e-05,1.7480806335324023e-05,calm
2007-03-23,2.7581796010310576e-05,2.1752451118461235e-05,calm
2007-03-26,2.5920064954275332e-05,4.251569491510792e-05,calm
2007-03-27,2.892526810580313e-05,6.188325160527927e-05,calm
2007-03-28,3.4676145071574075e-05,7.920989026962224e-05,calm
2007-03-29,4.482918921920481e-05,4.713978316039182e-05,calm
2007-04-02,4.6248519442493835e-05,4.239278465647242e-05,calm
2007-04-03,4.2421651892621e-05,1.32252096061014e-05,calm
2007-04-04,2.9291298529674035e-05,6.868733232916942e-06,calm
2007-04-09,2.084984069010342e-05,1.000577963565332e-05,calm
2007-04-10,1.8805083317624078e-05,2.1936268931132363e-05,calm
2007-04-11,2.0657262771202843e-05,2.08138543624239e-05,calm
2007-04-12,2.2956432528545947e-05,1.881436785771979e-05,calm
2007-04-16,2.292357208435137e-05,1.4892323158757945e-05,calm
2007-04-17,2.1052497051181445e-05,1.6426867092686428e-05,calm
2007-04-18,2.0617932073528544e-05,4.2003477125710656e-05,calm
2007-04-19,2.4838870691035575e-05,7.92713588037026e-05,calm
2007-04-23,3.219547585708229e-05,2.279789723173168e-05,calm
2007-04-24,2.962393519126706e-05,3.16479437805554e-05,calm
2007-04-25,2.950274630034238e-05,1.5875027756402973e-05,calm
2007-04-26,2.5641401342814462e-05,2.114516317955485e-05,calm
2007-04-30,2.41795622764733e-05,3.8038050530442736e-05,calm
2007-05-01,2.8716416570601074e-05,1.5116602454379909e-05,calm
2007-05-02,2.5262388845174555e-05,2.01309585214887e-05,calm
2007-05-03,2.4348712871761294e-05,1.658361868375604e-05,calm
2007-05-07,2.340782271961293e-05,2.5057710327751667e-05,calm
2007-05-08,2.4905764062140024e-05,1.98600375157866e-05,calm
2007-05-09,2.4955195898116983e-05,4.513021304641341e-05,calm
2007-05-10,2.824451240406471e-05,2.7186510200428123e-05,calm
2007-05-14,2.8868620573279757e-05,5.345072788645108e-05,calm
2007-05-15,3.3447658252347256e-05,3.734598575359074e-05,calm
2007-05-16,3.380980205020499e-05,2.0005130106902142e-05,calm
2007-05-17,2.8509482597651e-05,2.0959405736388176e-05,calm
2007-05-21,2.5508197499008264e-05,1.914186404970872e-05,calm
2007-05-22,2.350128024369023e-05,3.061452407221036e-05,calm
2007-05-23,2.4703298006771377e-05,5.3517352657326345e-05,calm
2007-05-24,2.9981634579297353e-05,3.08706894850276e-05,calm
2007-05-29,3.260841474318157e-05,4.846749115723277e-05,calm
2007-05-30,3.5355285842158675e-05,1.7186289990123763e-05,calm
2007-05-31,2.851933599255906e-05,3.79232019065358e-05,calm
2007-06-04,2.8593835722630824e-05,3.114706847587333e-05,calm
2007-06-05,2.8441900851768254e-05,3.674411118648482e-05,calm
2007-06-06,3.0149141058904116e-05,7.437020870833379e-05,calm
2007-06-07,3.971922413135838e-05,5.254647567651792e-05,calm
2007-06-11,5.164576396064499e-05,6.630966155709031e-05,calm
2007-06-12,4.897632993146509e-05,6.488991320270412e-05,calm
2007-06-13,5.304919864056535e-05,2.3878967590886643e-05,calm
2007-06-14,3.828675168093087e-05,4.717931507962112e-05,calm
2007-06-18,3.2351316357539485e-05,1.830927292477324e-05,calm
2007-06-19,2.6600806459718588e-05,5.179075301605775e-05,calm
2007-06-20,2.892194381086807e-05,7.764258247053108e-05,calm
2007-06-21,4.128987901817876e-05,8.07640554469892e-05,calm
2007-06-25,5.1146247487768283e-05,8.019526718780374e-05,calm
2007-06-26,6.580595288850023e-05,7.081475749594538e-05,calm
2007-06-27,7.754298437078836e-05,6.146817526204457e-05,calm
2007-06-28,5.8005738333409966e-05,7.759919824617189e-05,calm
2007-07-02,5.0879271090087083e-05,1.002187437132428e-05,calm
2007-07-05,3.466581794534583e-05,1.816453501270346e-05,calm
2007-07-09,2.813047894202076e-05,7.456955525102637e-05,calm
2007-07-10,3.397938161142442e-05,4.903818519711789e-05,calm
2007-07-11,4.662906703923966e-05,4.911009303794304e-05,calm
2007-07-12,5.098319442647664e-05,1.8830126654505064e-05,calm
2007-07-16,3.90735197704809e-05,2.2564391445408063e-05,calm
2007-07-17,3.1921051266190174e-05,6.72490270993307e-05,calm
2007-07-18,3.4899011813718216e-05,3.541691050983973e-05,calm
2007-07-19,3.672547582016853e-05,8.039872067280962e-05,calm
2007-07-23,4.137982333386317e-05,0.0001162603927455,calm
2007-07-24,5.6113131138214955e-05,0.000170826887148,calm
2007-07-25,8.113338240041508e-05,0.0003273198301778,calm
2007-07-26,0.00010251838975448319,0.0001876647791166,calm
2007-07-30,0.00012525706907117227,0.0001350277612505,calm
2007-07-31,0.00012310946656290324,0.0002795008345358,calm
2007-08-01,0.00015135364509835566,0.0001112037418128,calm
2007-08-02,0.00014532305704057267,0.000159639829251,calm
2007-08-06,0.0001242700968263378,0.0002497237032897,calm
2007-08-07,0.00013958102416008404,0.0001386025959612,calm
2007-08-08,0.00012741889054005648,0.0004813051278125,calm
2007-08-09,0.00014139540301429161,0.0004132797014208,calm
2007-08-13,0.00019888053705949008,0.0001542464409498,calm
2007-08-14,0.00020554783848729814,0.0001984234175129,calm
2007-08-15,0.00022586941341630422,0.0005433023784139,calm
2007-08-16,0.00029948267595751734,0.0005072473750895,calm
2007-08-20,0.00033519541491410914,9.772839890120095e-05,calm
2007-08-21,0.00024910652593587067,0.0001345203911682,calm
2007-08-22,0.00021986318572941028,8.910045366440984e-05,calm
2007-08-23,0.00017028054879372404,3.5017865463786514e-05,calm
2007-08-27,0.00010508385874157458,6.202653813350613e-05,calm
2007-08-28,8.915796849690138e-05,0.0001122639373414,calm
2007-08-29,0.00010377960456958352,0.0001312747599929,calm
2007-08-30,0.00010855548288622744,0.0001759104058176,calm
2007-09-04,0.00012652521879544075,0.0001019606291986,calm
2007-09-05,0.00011511922804680641,5.636793116205445e-05,calm
2007-09-06,0.0001014754599904724,0.0001933643805261,calm
2007-09-10,0.00011546381653270037,8.059395034870322e-05,calm
2007-09-11,0.00012058697945716074,5.813860968457583e-05,calm
2007-09-12,0.00010236216136318224,6.465740856455102e-05,calm
2007-09-13,9.101862377266135e-05,6.817212806164966e-05,calm
2007-09-17,8.403997739311272e-05,0.000216888860712,calm
2007-09-18,0.00010950196175343421,8.8684110720082e-05,calm
2007-09-19,8.737129354995645e-05,4.132613602776739e-05,calm
2007-09-20,6.553621694497127e-05,4.218376809569183e-05,calm
2007-09-24,5.565706543794495e-05,4.9541548970541353e-05,calm
2007-09-25,5.1088874612473546e-05,3.7658897036419006e-05,calm
2007-09-26,4.612840218446305e-05,2.832135375099397e-05,calm
2007-09-27,4.020178762840151e-05,2.503292613843916e-05,calm
2007-10-01,3.572714495047383e-05,1.858673552084283e-05,calm
2007-10-02,3.260772243436118e-05,3.477746900281202e-05,calm
2007-10-03,3.6494870964283015e-05,1.464804799665193e-05,calm
2007-10-04,3.357903606903898e-05,5.097566845681872e-05,calm
2007-10-08,3.9785410989816594e-05,3.25817825729652e-05,calm
2007-10-09,3.92336020361774e-05,2.7141613341950145e-05,calm
2007-10-10,3.464557991833681e-05,8.54127246900643e-05,calm
2007-10-11,4.2878480577314324e-05,3.2176943246088344e-05,calm
2007-10-15,4.4435787424183214e-05,4.548034579081117e-05,calm
2007-10-16,4.719195473347993e-05,8.419462235269613e-05,calm
2007-10-17,5.758812461374991e-05,4.611410666400613e-05,calm
2007-10-18,5.26689467401601e-05,0.0001222150827914,calm
2007-10-22,6.088640050868365e-05,7.167288213119987e-05,calm
2007-10-23,6.95075503908699e-05,0.000196930286843,calm
2007-10-24,8.611281214292593e-05,0.0001423881587167,calm
2007-10-25,9.430455308500436e-05,6.542599420795634e-05,calm
2007-10-29,8.334928461658318e-05,3.715323746662883e-05,calm
2007-10-30,6.207956394247219e-05,2.902270751306723e-05,calm
2007-10-31,5.083719609901793e-05,0.0001246701984499,calm
2007-11-01,5.659561366572601e-05,0.0002100103393905,calm
2007-11-02,9.174925201548932e-05,0.0002035751446778,calm
2007-11-05,0.00012044507537128928,0.0001645746348433,calm
2007-11-06,0.00013790984216162117,7.779440094078531e-05,calm
2007-11-07,0.00010982504205367238,0.0001974550352914,calm
2007-11-08,0.0001375980196651677,0.0003510532077174,calm
2007-11-09,0.00017382916373909598,0.0002435400545023,calm
2007-11-12,0.00020263137441321188,0.000175421437543,calm
2007-11-13,0.0002207002714580628,0.000126001312416,calm
2007-11-14,0.00016413877673418433,0.0001273051341983,calm
2007-11-15,0.00014906041212010005,0.0001426643792738,calm
2007-11-16,0.00015351043907633365,0.0001701152561844,calm
2007-11-19,0.0001458109724668204,0.0001465415272457,calm
2007-11-20,0.00014165149356255854,0.0002956852681278,calm
2007-11-21,0.00015589896398599852,0.0002219214073243,calm
2007-11-23,0.00017128941871274173,9.192092041438048e-05,calm
2007-11-26,0.00014312972035596659,0.0001277612553939,calm
2007-11-27,0.00014996651198417296,0.0002037544990638,calm
2007-11-28,0.0001515052841492243,0.0001229082633789,calm
2007-11-29,0.00012989584859489532,0.000112516237812,calm
2007-11-30,0.00011653965403857883,0.0001695579189329,calm
2007-12-03,0.00011603101189504512,7.584278580989405e-05,calm
2007-12-04,0.00010088962192075982,7.505261098068671e-05,calm
2007-12-05,9.101601353924824e-05,0.0001221284902199,calm
2007-12-06,9.11499227709053e-05,4.18838726814622e-05,calm
2007-12-07,6.956541964982084e-05,3.0860227090210635e-05,calm
2007-12-10,5.441633693401628e-05,3.0892944478623696e-05,calm
2007-12-11,4.684918696680095e-05,0.0002294711277764,calm
2007-12-12,7.652172624913174e-05,0.0004568278893311,calm
2007-12-13,0.00012394493565615565,0.0001117620423162,calm
2007-12-14,0.00012586364478452014,0.000101280562519,calm
2007-12-17,0.00011965913148323772,0.0001031616654184,calm
2007-12-18,0.0001164937133799675,0.0001472817740886,calm
2007-12-19,0.0001149529950279826,9.797630486954924e-05,calm
2007-12-20,0.00010174164336640258,7.102992843675121e-05,calm
2007-12-21,8.420404391869385e-05,8.918603403997033e-05,calm
2007-12-24,7.420363803811601e-05,1.9728796270195378e-05,calm
2007-12-26,5.003996774616301e-05,2.1327826708261897e-05,calm
2007-12-27,3.928227454061587e-05,3.865129115133182e-05,calm
2007-12-28,4.139449663656484e-05,6.013352358611052e-05,calm
2007-12-31,5.036311073790629e-05,3.736944764346399e-05,calm
2008-01-02,5.435502138857364e-05,0.00011089713625,calm
2008-01-03,7.37676446773193e-05,6.541168832158663e-05,calm
2008-01-04,7.635165725552797e-05,0.0001687688641431,calm
2008-01-07,9.878839989265792e-05,0.0001906486565215,calm
2008-01-08,0.00011855914930322491,0.0002267518737647,calm
2008-01-09,0.00014143111047108632,0.0002478331118877,calm
2008-01-10,0.0001530578081938403,0.0003538678567542,calm
2008-01-11,0.0001702749939712043,0.0002235550867801,calm
2008-01-14,0.00017049658646093967,9.215386742423842e-05,calm
2008-01-15,0.0001362619866776939,0.0001488822660968,calm
2008-01-16,0.0001300697565893049,0.0002548310084881,calm
2008-01-17,0.000148472237766004,0.0002933747458008,calm
2008-01-18,0.0001916824642948885,0.000368726144566,calm
2008-01-22,0.0002201007828342253,0.0015404585421895,calm
2008-01-23,0.0003275236259229536,0.0012372071572716,calm
2008-01-24,0.0003782735955664198,0.000295631819007,calm
2008-01-25,0.00033830731326544205,0.000281020936017,calm
2008-01-28,0.00032466103156436117,0.0002021381224532,calm
2008-01-29,0.0002841552400766785,0.0001004546298116,calm
2008-01-30,0.00022298281325153942,0.0002285478149366,calm
2008-01-31,0.000221034224944168,0.0004922012019041,calm
2008-02-01,0.0002411494261405718,0.0001387000881119,calm
2008-02-04,0.00019249551931462043,6.756875544995217e-05,calm
2008-02-05,0.00015141225240398174,0.0003315916861885,calm
2008-02-06,0.00018801301042646365,0.0001396893718457,calm
2008-02-07,0.0001840633396168153,0.0002642922313555,calm
2008-02-08,0.0002070178678850438,0.0001578754998434,calm
2008-02-11,0.00019624771957485189,9.102633174229252e-05,calm
2008-02-12,0.00016376563578359896,0.0001591586569982,calm
2008-02-13,0.0001535808436748125,0.0001298904243363,calm
2008-02-14,0.0001366152097230572,0.0001180230081966,calm
2008-02-15,0.00012867796605018164,7.412769820621245e-05,calm
2008-02-19,0.00010952675545132287,0.0001367048791368,calm
2008-02-20,0.00011376893726876722,0.0002035015215746,calm
2008-02-21,0.00012431714724259592,0.000114426401142,calm
2008-02-22,0.00012196252754298736,0.0001536689382008,calm
2008-02-25,0.00012188147914171481,0.0001800907236403,calm
2008-02-26,0.00012368379757050273,9.947513803185888e-05,calm
2008-02-27,0.00010812932520415262,0.0001171559425113,calm
2008-02-28,0.00010552408741535519,0.0001044246691931,calm
2008-02-29,0.0001048185752744576,0.0001585925996658,calm
2008-03-03,0.00012643001205108937,0.0001207730587236,calm
2008-03-04,0.00013143973569872808,0.0002048538003299,calm
2008-03-05,0.00014431448226211283,0.0001618845338688,calm
2008-03-06,0.00014326474006033215,0.0001524832247095,calm
2008-03-07,0.00015542771499200956,0.000325887287972,calm
2008-03-10,0.00018630832973092688,0.0001493640906891,calm
2008-03-11,0.0001866877621582968,0.0005383950003458,calm
2008-03-12,0.00021534604223459193,0.0001161145293536,calm
2008-03-13,0.00018759120496841816,0.0004076938204742,calm
2008-03-14,0.0002139325514645519,0.0005684132100105,calm
2008-03-17,0.00027645300982352585,0.0004859960159006,calm
2008-03-18,0.00032094196782073874,0.000568591110936,calm
2008-03-19,0.00030322707304823715,0.0002587916874391,calm
2008-03-20,0.00030065447255794235,0.0001392717555806,calm
2008-03-24,0.00023671497767148556,0.0001126339769148,calm
2008-03-25,0.00018603950797313912,9.382816540429909e-05,calm
2008-03-26,0.00014937359905094886,0.0001106858901699,calm
2008-03-27,0.00013268855180496522,0.0001261013692703,calm
2008-03-28,0.00012484314333642926,8.816878296811261e-05,calm
2008-03-31,0.00011092227664829485,0.0001806108987809,calm
2008-04-01,0.00011988585286309476,7.77464379590084e-05,calm
2008-04-02,9.783637358803712e-05,7.843588749501146e-05,calm
2008-04-03,8.832838198447205e-05,7.346831122062449e-05,calm
2008-04-07,8.143957328919432e-05,7.742652436952717e-05,calm
2008-04-08,7.71454048335261e-05,5.058504802040169e-05,calm
2008-04-09,6.873979893069861e-05,7.514509513991849e-05,calm
2008-04-10,7.090162460432782e-05,0.0001402448487083,calm
2008-04-14,8.441427566478213e-05,7.110641541918169e-05,calm
2008-04-15,8.662324082951876e-05,0.0001002009778703,calm
2008-04-16,8.966658823875835e-05,5.96107690343756e-05,calm
2008-04-17,7.596809448564396e-05,0.0002640269567968,calm
2008-04-21,9.571518905879203e-05,6.364165639209611e-05,calm
2008-04-22,8.468281828679633e-05,6.366126208495815e-05,calm
2008-04-23,7.642250332670666e-05,0.000118603020548,calm
2008-04-24,8.101811605877381e-05,9.339080906554552e-05,calm
2008-04-28,8.134824676583763e-05,3.299273781226963e-05,calm
2008-04-29,6.308604360911981e-05,0.0001386805707432,calm
2008-04-30,7.480502969404108e-05,6.733874462049714e-05,calm
2008-05-01,7.473902692632368e-05,0.0001502776528744,calm
2008-05-05,8.438304296765116e-05,7.201145636903768e-05,calm
2008-05-06,7.833784936235594e-05,5.038039584607613e-05,calm
2008-05-07,6.567533359114993e-05,7.382778538611801e-05,calm
2008-05-08,6.64888979797133e-05,9.596045996769435e-05,calm
2008-05-12,7.206251759530467e-05,2.742529710385096e-05,calm
2008-05-13,5.425374523317525e-05,4.139134962339751e-05,calm
2008-05-14,4.851685323968119e-05,4.8432873078760696e-05,calm
2008-05-15,4.748581052749409e-05,3.874281770428567e-05,calm
2008-05-19,4.366720717336542e-05,6.557470260139372e-05,calm
2008-05-20,4.8688293640047396e-05,9.72393904507368e-05,calm
2008-05-21,6.025306274364033e-05,4.450876526808516e-05,calm
2008-05-22,5.772553176246516e-05,6.268106282164471e-05,calm
2008-05-27,5.791346366409168e-05,5.5619907204021457e-05,calm
2008-05-28,5.9072335902396555e-05,4.55012731383955e-05,calm
2008-05-29,5.5017688223971944e-05,3.882712073292723e-05,calm
2008-06-02,4.868811439451549e-05,7.661762837330231e-05,calm
2008-06-03,5.717214489462107e-05,0.0001054345942353,calm
2008-06-04,7.110749814037229e-05,7.18426902321329e-05,calm
2008-06-05,7.479843556140212e-05,0.0001734827840193,calm
2008-06-09,8.743319761713538e-05,0.0001347287563795,calm
2008-06-10,0.00010663408644247371,0.000106296465573,calm
2008-06-11,0.00011074343108531299,0.0001204689605372,calm
2008-06-12,0.00011649601573260004,0.0001237579434158,calm
2008-06-16,0.00011585800084864541,8.037809041307721e-05,calm
2008-06-17,9.604821727160134e-05,0.0001141563056272,calm
2008-06-18,9.32329957415434e-05,7.452010613187197e-05,calm
2008-06-19,8.724456320591256e-05,0.0001373943716104,calm
2008-06-23,9.429801302424326e-05,9.179932226530464e-05,calm
2008-06-24,9.523857559724047e-05,0.0001154336561536,calm
2008-06-25,9.916366779445131e-05,0.000133187910166,calm
2008-06-26,0.000102003461755184,0.000115807417823,calm
2008-06-30,0.00010978401665468881,0.0002322747774764,calm
2008-07-01,0.00013322960088370787,0.000141374866138,calm
2008-07-02,0.0001352995183493418,0.0001735390647574,calm
2008-07-07,0.0001500451783480144,0.0001576243434706,calm
2008-07-08,0.00015443185318292867,0.0001317425600974,calm
2008-07-09,0.0001383323633127355,0.0002851636883735,calm
2008-07-10,0.00016208610962434588,0.0005328702315315,calm
2008-07-14,0.00020635688756921044,0.0003223584094555,calm
2008-07-15,0.0002407948352876652,0.0002042541741384,calm
2008-07-16,0.00024083951629011048,0.0001786517823724,calm
2008-07-17,0.00020847446147836805,8.267270594014077e-05,calm
2008-07-21,0.00015955363962650456,0.0001158038237891,calm
2008-07-22,0.00013195132842885204,0.0001351957751882,calm
2008-07-23,0.00011549397075172542,9.510952551555592e-05,calm
2008-07-24,0.00010049228819975586,0.0001195328125213,calm
2008-07-28,0.00010424529074232274,9.511102881839604e-05,calm
2008-07-29,0.0001043998131705265,0.0001587964366992,calm
2008-07-30,0.00011001889167477157,0.0001248478585696,calm
2008-07-31,0.00010729328358861492,0.0001142599087338,calm
2008-08-04,0.00010913736998312219,7.579598616195178e-05,calm
2008-08-05,9.975134511472293e-05,6.162242720630657e-05,calm
2008-08-06,8.169490908250984e-05,0.0001299717501062,calm
2008-08-07,8.436074192719257e-05,8.068130079962601e-05,calm
2008-08-11,8.2129773322869e-05,8.195548826742887e-05,calm
2008-08-12,7.818799278525632e-05,0.0001114405322149,calm
2008-08-13,8.52083554372874e-05,8.849723318479628e-05,calm
2008-08-14,8.675059028403418e-05,7.673493976667798e-05,calm
2008-08-18,8.050049495323994e-05,9.207334187939424e-05,calm
2008-08-19,8.172427520711765e-05,0.0001073663229129,calm
2008-08-20,8.704013667549385e-05,9.772980066163752e-05,calm
2008-08-21,8.650327191982319e-05,8.560087103069072e-05,calm
2008-08-25,8.180133334391361e-05,6.77467983064974e-05,calm
2008-08-26,7.719706479975755e-05,5.948442657799379e-05,calm
2008-08-27,7.026848856655683e-05,7.726561717649786e-05,calm
2008-08-28,6.911458962387802e-05,5.619627712196335e-05,calm
2008-09-02,6.354441336483601e-05,0.0001208977865695,gfc_2008
2008-09-03,7.96291705573849e-05,0.0001449371194291,gfc_2008
2008-09-04,9.533137877167213e-05,0.000168729503677,gfc_2008
2008-09-08,0.00011908023960394677,0.000216011967701,gfc_2008
2008-09-09,0.00013545829528004665,0.0001835110249294,gfc_2008
2008-09-10,0.00015424843735024695,0.0003794295748899,gfc_2008
2008-09-11,0.00018861811604048401,0.00020784055751,gfc_2008
2008-09-15,0.00018872093557734362,0.0012480213875124,gfc_2008
2008-09-16,0.0003090396717799632,0.0009942958125928,gfc_2008
2008-09-17,0.00038343991298881027,0.0016335436240053,gfc_2008
2008-09-18,0.0005082613401961726,0.0012486070066553,gfc_2008
2008-09-22,0.000538018090503725,0.0003966866942016,gfc_2008
2008-09-23,0.0005060189985907932,0.0002433164494566,gfc_2008
2008-09-24,0.00046510271074018644,0.0002796623823909,gfc_2008
2008-09-25,0.0004274156966344472,0.0004227092734609,gfc_2008
2008-09-29,0.00040156985617096464,0.0006513352029965,gfc_2008
2008-09-30,0.00053473754386625,0.0005162220626082,gfc_2008
2008-10-01,0.0004913628878758982,0.000440958108402,gfc_2008
2008-10-02,0.0004662963552973149,0.0010858227584173,gfc_2008
2008-10-06,0.0005477603151665433,0.0009077614039338,gfc_2008
2008-10-07,0.0006164306143337298,0.0024964538323861,gfc_2008
2008-10-08,0.0006920479730271779,0.0017570304571719,gfc_2008
2008-10-09,0.000736101516781422,0.0077477397402088,gfc_2008
2008-10-13,0.0008251971788944866,0.0027430316572223,gfc_2008
2008-10-14,0.0008109549068284573,0.0017195861262214,gfc_2008
2008-10-15,0.0007885496493109207,0.0032684380137836,gfc_2008
2008-10-16,0.0008519682526529536,0.0018445033816526,gfc_2008
2008-10-20,0.001167515871242523,0.0007915843269183,gfc_2008
2008-10-21,0.0008350889881410042,0.0014365861821341,gfc_2008
2008-10-22,0.0008204231671875813,0.0031468753816831,gfc_2008
2008-10-23,0.0010795992018497818,0.003535009822953,gfc_2008
2008-10-27,0.0011215692443428157,0.0019060505338531,gfc_2008
2008-10-28,0.0011738526584565557,0.0025355608759559,gfc_2008
2008-10-29,0.0010968687040918558,0.0025140581239344,gfc_2008
2008-10-30,0.0011097090881923082,0.0013606155222735,gfc_2008
2008-10-31,0.0009929704613493866,0.0009398780984658,gfc_2008
2008-11-03,0.0008868007521741474,0.0002490648273395,gfc_2008
2008-11-04,0.0006337803308422823,0.0005622690797888,gfc_2008
2008-11-05,0.0005237442428176858,0.0007408234731923,gfc_2008
2008-11-06,0.0006356652925015062,0.0006716714472767,gfc_2008
2008-11-07,0.0007509412268827387,0.0007455725641402,gfc_2008
2008-11-10,0.000662333210231302,0.0007969240457482,gfc_2008
2008-11-11,0.0007046530900114178,0.0011311073203786,gfc_2008
2008-11-12,0.0007499749096542106,0.0006845590494661,gfc_2008
2008-11-13,0.0007772724967906387,0.0029325603219555,gfc_2008
2008-11-14,0.0008041625068604646,0.001793443414661,gfc_2008
2008-11-17,0.000889514102641534,0.0015295679355714,gfc_2008
2008-11-18,0.0009310583139890038,0.0013028916956213,gfc_2008
2008-11-19,0.0009657621070533598,0.0011720659850308,gfc_2008
2008-11-20,0.0010025934427477573,0.0025221087564937,gfc_2008
2008-11-21,0.0011049570535811835,0.0030355209014932,gfc_2008
2008-11-24,0.0011120354816077514,0.0013822926071646,gfc_2008
2008-11-25,0.0009865378991155923,0.001232863612222,gfc_2008
2008-11-26,0.0008989342642897122,0.0007203460429063,gfc_2008
2008-11-28,0.0007410986918918207,0.0001363622249286,gfc_2008
2008-12-01,0.0005645762682797018,0.0013580976460097,gfc_2008
2008-12-02,0.000810360113323121,0.0010915612935699,gfc_2008
2008-12-03,0.0007932500872412325,0.0011032317967674,gfc_2008
2008-12-04,0.0007715971026029491,0.0008938486866037,gfc_2008
2008-12-05,0.0007926125919597553,0.001129707851742,gfc_2008
2008-12-08,0.000770157588972382,0.0007646202571022,gfc_2008
2008-12-09,0.0007231959749445709,0.0007639126944479,gfc_2008
2008-12-10,0.0007158931058219467,0.000567874732105,gfc_2008
2008-12-11,0.0006431052122028426,0.0005726816453584,gfc_2008
2008-12-12,0.0006240265691907392,0.0010599588317204,gfc_2008
2008-12-15,0.00064282741454325,0.0003530642889904,gfc_2008
2008-12-16,0.0006082039723806067,0.0006238713170253,gfc_2008
2008-12-17,0.0005657789554156525,0.0005895980912585,gfc_2008
2008-12-18,0.0005229853034390052,0.0004171689001951,gfc_2008
2008-12-19,0.0004568183428071155,0.0004089836049581,gfc_2008
2008-12-22,0.000413223919073095,0.0002805994148285,gfc_2008
2008-12-23,0.0003893644941123234,0.0002468020531993,gfc_2008
2008-12-24,0.00038540772142779743,3.4008738014772853e-05,gfc_2008
2008-12-26,0.0002707251686582855,4.6095744861960446e-05,gfc_2008
2008-12-29,0.0002384748834532926,0.0001217542046205,gfc_2008
2008-12-30,0.00025360198759078487,0.0001441860731745,gfc_2008
2008-12-31,0.00022940826475154773,0.0001447787226511,gfc_2008
2009-01-02,0.00021081997155502187,0.000149140028498,gfc_2008
2009-01-05,0.00020368953051656732,0.0002174113802252,gfc_2008
2009-01-06,0.00021650794213554932,0.0002600968163487,gfc_2008
2009-01-07,0.00022547569677207257,0.0002242370720936,gfc_2008
2009-01-08,0.0002875465311839255,0.0002371556755745,gfc_2008
2009-01-09,0.00028831600367507803,0.0003026311119399,gfc_2008
2009-01-12,0.0003027711254480057,0.0002051480180101,gfc_2008
2009-01-13,0.00033123778731435495,0.0003402144929216,gfc_2008
2009-01-14,0.0003181932816798574,0.0004987188312523,gfc_2008
2009-01-15,0.0004366499444103938,0.0006066606821285,gfc_2008
2009-01-16,0.0005136775328150083,0.0006753003837148,gfc_2008
2009-01-20,0.00045387629403869045,0.0006905494104681,gfc_2008
2009-01-21,0.0006754171135334483,0.0007177948776804,gfc_2008
2009-01-22,0.0005013337071570255,0.0010857908540684,gfc_2008
2009-01-23,0.0005669810201322488,0.0010922615855154,gfc_2008
2009-01-26,0.0006044019032521444,0.0004941800273701,gfc_2008
2009-01-27,0.0005312250392521979,0.0003656651499328,gfc_2008
2009-01-28,0.00043174967029913655,0.0005864062549884,gfc_2008
2009-01-29,0.0004062694287415146,0.0002438117248325,gfc_2008
2009-01-30,0.0004081891064796307,0.00032275946709,gfc_2008
2009-02-02,0.0004468576278792013,0.0004042589863763,gfc_2008
2009-02-03,0.00045314551316359594,0.0002718084008969,gfc_2008
2009-02-04,0.0003727875872142801,0.0002679717742707,gfc_2008
2009-02-05,0.0003719326648924103,0.0004407242898541,gfc_2008
2009-02-06,0.00039080397203449283,0.0002534512295283,gfc_2008
2009-02-09,0.0003550139964812348,0.0002358063745176,gfc_2008
2009-02-10,0.000346399447356302,0.0006703590579252,gfc_2008
2009-02-11,0.0004530613829650654,0.0003317216326709,gfc_2008
2009-02-12,0.0003911695566199068,0.0007275339396561,gfc_2008
2009-02-13,0.0003888580373226801,0.0003180887347344,gfc_2008
2009-02-17,0.00038790379223149345,0.0008497744289254,gfc_2008
2009-02-18,0.0005684510273660969,0.000473195296813,gfc_2008
2009-02-19,0.0005385185814379777,0.0003966607909407,gfc_2008
2009-02-20,0.0004893241812992269,0.0006781633379464,gfc_2008
2009-02-23,0.0005570363660150527,0.00037795840299,gfc_2008
2009-02-24,0.0005697041667570357,0.0005604966611073,gfc_2008
2009-02-25,0.00047052530908699527,0.000601876558121,gfc_2008
2009-02-26,0.0004640585568747737,0.0005539449130314,gfc_2008
2009-02-27,0.00046922965671384643,0.0008733848614691,gfc_2008
2009-03-02,0.000544405395458288,0.0005627640432973,gfc_2008
2009-03-03,0.0006404043470917182,0.0006736851598661,gfc_2008
2009-03-04,0.0006246261974516573,0.0004972662118514,gfc_2008
2009-03-05,0.0005342962952215698,0.0007362876334988,gfc_2008
2009-03-06,0.0006019294245186977,0.0008559497339762,gfc_2008
2009-03-09,0.0006071800055672879,0.0005679893996431,gfc_2008
2009-03-10,0.0005898756209693657,0.0007452817580431,gfc_2008
2009-03-11,0.0005114957302931779,0.0004961879430199,gfc_2008
2009-03-12,0.0004748562606372183,0.0003063795793315,gfc_2008
2009-03-13,0.00039773700552960835,0.0003598606433598,gfc_2008
2009-03-16,0.00041325252396029173,0.000346216953716,gfc_2008
2009-03-17,0.000423794575805162,0.0003658502411083,gfc_2008
2009-03-18,0.00037423282352141193,0.0008131967724848,gfc_2008
2009-03-19,0.00041564914866745175,0.0004257817487773,gfc_2008
2009-03-20,0.0004557205973927266,0.000296997574115,gfc_2008
2009-03-23,0.0004641603311402758,0.0006230333354423,gfc_2008
2009-03-24,0.00045041840356890535,0.0003132322661054,gfc_2008
2009-03-25,0.0004016838758280461,0.0005687068405897,gfc_2008
2009-03-26,0.0004294497477985404,0.0005283050757383,gfc_2008
2009-03-27,0.0004112976512938107,0.0003152795715245,gfc_2008
2009-03-30,0.0003866725513153161,0.0003091817321521,gfc_2008
2009-03-31,0.0004243023367543547,0.000488213412347,gfc_2008
2009-04-01,0.00043008806001463326,0.0005842275953305,calm
2009-04-02,0.00042925676184293025,0.0002361907762231,calm
2009-04-06,0.0003668443860463389,0.0005411620631984,calm
2009-04-07,0.0003961689761852072,0.0002296796540618,calm
2009-04-08,0.0003349234917793707,0.0004912423552958,calm
2009-04-13,0.000355009601121152,0.000263752683541,calm
2009-04-14,0.00030935641711290454,0.0001669111767647,calm
2009-04-15,0.00026880240198647466,0.0001881813813775,calm
2009-04-16,0.00024067908978699613,0.0001401178890184,calm
2009-04-20,0.00020988790404322943,0.0002047263323735,calm
2009-04-21,0.00023973475232195017,0.0003045004045488,calm
2009-04-22,0.00024409796536273144,0.0002557694895023,calm
2009-04-23,0.0002527603586933677,0.0002104872113776,calm
2009-04-27,0.00023910405752059099,0.0001994549976249,calm
2009-04-28,0.0002418773707372912,0.0002493910821672,calm
2009-04-29,0.00024901208438810973,0.0002646752373586,calm
2009-04-30,0.00023139028593648393,0.0001513485472837,calm
2009-05-04,0.00021091486473356373,0.0001207437861515,calm
2009-05-05,0.00017644010270590895,0.0003163557178803,calm
2009-05-06,0.00019608248689820658,0.0003618515023594,calm
2009-05-07,0.00020376020628598275,0.0003215361957073,calm
2009-05-11,0.00022374663850515544,0.0001884915030222,calm
2009-05-12,0.00020121129978588993,0.000357586886238,calm
2009-05-13,0.00021877985507525,0.0001644963173798,calm
2009-05-14,0.0002086665261351226,0.0001322873018351,calm
2009-05-18,0.00017088734339710027,0.0001403786686307,calm
2009-05-19,0.0001537759444390384,0.0002798612554859,calm
2009-05-20,0.00016245312596301816,0.0002278677732319,calm
2009-05-21,0.00016463205108666743,0.0001253937101002,calm
2009-05-26,0.0001668585609112141,0.0001875232184257,calm
2009-05-27,0.00017027143725239358,0.0003065997550998,calm
2009-05-28,0.00020849632108987048,0.0002099568280739,calm
2009-06-01,0.00019233779167347853,0.0001352605191585,calm
2009-06-02,0.00015809654323870647,0.0001469834761426,calm
2009-06-03,0.00015095328690814186,8.01792630269607e-05,calm
2009-06-04,0.00013850802698146353,0.0002266565785039,calm
2009-06-08,0.00016070010613064768,9.526008681676342e-05,calm
2009-06-09,0.00013376379687498802,0.0001788265909649,calm
2009-06-10,0.00013233703315558134,0.0001427182958237,calm
2009-06-11,0.00013110766683386866,9.673849360857287e-05,calm
2009-06-15,0.00011948331360560898,0.0001081586418713,calm
2009-06-16,0.00014030392538928027,0.0001553503040355,calm
2009-06-17,0.00016582605478783637,9.226448858699006e-05,calm
2009-06-18,0.0001384790826878397,9.198485963891224e-05,calm
2009-06-22,0.0001190022502669376,0.000159686736511,calm
2009-06-23,0.00013659301885982184,0.0001388395013843,calm
2009-06-24,0.00013316494847422918,0.0001311179884326,calm
2009-06-25,0.00012104491751119388,9.899354257831976e-05,calm
2009-06-29,9.74592957219613e-05,9.73607888238758e-05,calm
2009-06-30,8.920999409206864e-05,8.455214274194966e-05,calm
2009-07-01,9.265630395259207e-05,0.0002768816203149,calm
2009-07-06,0.00011912038423247304,9.859534150625553e-05,calm
2009-07-07,0.00012957011699333654,0.000172253468878,calm
2009-07-08,0.00016093941541341943,0.0001380191574929,calm
2009-07-09,0.0001594821446316485,0.0001313224983931,calm
2009-07-13,0.00013836006317085667,6.301907511119584e-05,calm
2009-07-14,9.291836376932419e-05,0.0001054407346034,calm
2009-07-15,8.526361423633203e-05,6.722301560236572e-05,calm
2009-07-16,8.512280290732456e-05,6.230347088411907e-05,calm
2009-07-20,8.082915513923335e-05,0.0001045337570372,calm
2009-07-21,8.081728184493474e-05,8.932190532892468e-05,calm
2009-07-22,7.779340502107674e-05,0.0001205333363928,calm
2009-07-23,8.175839578249442e-05,8.088390854181997e-05,calm
2009-07-27,7.92361579377815e-05,0.0001241470205713,calm
2009-07-28,9.287056534076166e-05,0.0001309561310619,calm
2009-07-29,0.00010605827194857411,0.0002197716120891,calm
2009-07-30,0.00013183805481891574,8.937142536747645e-05,calm
2009-08-03,0.00011258424029147649,7.064742377830264e-05,calm
2009-08-04,0.00010098306473549491,9.746229764549066e-05,calm
2009-08-05,9.699438438903632e-05,8.711237641042903e-05,calm
2009-08-06,9.399874577526002e-05,0.0001501275811035,calm
2009-08-10,0.00011382537795455127,7.236329139451642e-05,calm
2009-08-11,9.651816796848657e-05,9.918846989004515e-05,calm
2009-08-12,0.00010594162853382815,0.0001027748837326,calm
2009-08-13,0.00010345504348187472,7.615641069007182e-05,calm
2009-08-17,9.042096190778164e-05,5.031804544170348e-05,calm
2009-08-18,0.00010259033855679533,0.000103997760002,calm
2009-08-19,0.00010001456550984065,3.061599830155256e-05,calm
2009-08-20,7.717081570507604e-05,9.464427561901036e-05,calm
2009-08-24,8.078646040832436e-05,0.0001004696497485,calm
2009-08-25,8.658689054393623e-05,8.510076015581672e-05,calm
2009-08-26,8.65784710431214e-05,6.73114977400487e-05,calm
2009-08-27,8.284355806063608e-05,9.21429148870638e-05,calm
2009-08-31,8.541879616501295e-05,0.0001377196295504,calm
2009-09-01,0.00010461683310861584,9.74880958318586e-05,calm
2009-09-02,0.00012607903983857832,6.27451547384748e-05,calm
2009-09-03,0.00011140162869955235,5.586774880490471e-05,calm
2009-09-08,8.92453607501146e-05,4.95268246476248e-05,calm
2009-09-09,7.429004993366385e-05,4.783327021488652e-05,calm
2009-09-10,6.534644501748964e-05,6.308903312484026e-05,calm
2009-09-14,6.420293784507004e-05,6.459774078119855e-05,calm
2009-09-15,6.713525283469665e-05,5.822266204572064e-05,calm
2009-09-16,6.604765586576708e-05,7.553754167097402e-05,calm
2009-09-17,7.078356172936568e-05,4.896517301396784e-05,calm
2009-09-21,6.686906054426814e-05,4.817151832306957e-05,calm
2009-09-22,6.595010406209597e-05,9.378144632656154e-05,calm
2009-09-23,7.050429841898008e-05,0.0001131480531676,calm
2009-09-24,8.066839010894262e-05,9.956983020164226e-05,calm
2009-09-28,9.301096238123677e-05,9.17686777796398e-05,calm
2009-09-29,9.315922377546126e-05,0.00015227257071,calm
2009-09-30,0.00010696002677957001,0.0001155347401878,calm
2009-10-01,0.00010968869211490864,0.0001684368553984,calm
2009-10-05,0.00014500482668861249,0.0001249687063013,calm
2009-10-06,0.0001296643156920118,6.514092378202485e-05,calm
2009-10-07,9.834405012942946e-05,6.050215337394551e-05,calm
2009-10-08,8.263052466806828e-05,2.515330340538024e-05,calm
2009-10-12,6.375831195888092e-05,6.0049242952248936e-05,calm
2009-10-13,6.278691140807334e-05,8.927663173250363e-05,calm
2009-10-14,6.993890010349623e-05,3.421622173907598e-05,calm
2009-10-15,6.10043691645983e-05,0.0001152383612528,calm
2009-10-19,6.865084982284171e-05,6.833972383732307e-05,calm
2009-10-20,6.640735359672859e-05,0.0001035304411275,calm
2009-10-21,7.075483496390166e-05,7.214725316841765e-05,calm
2009-10-22,7.556329732056286e-05,0.0001362068968081,calm
2009-10-26,8.116963986436383e-05,0.0001826774828523,calm
2009-10-27,0.00012365993015529334,0.0001751504764953,calm
2009-10-28,0.0001456159451369305,0.00013350484281,calm
2009-10-29,0.00016987565552901754,9.38399691114565e-05,calm
2009-10-30,0.00011964994345596222,0.0002562313013973,calm
2009-11-02,0.00021516064905705901,0.0003075216130334,calm
2009-11-03,0.00023890945072824378,0.0001854301635108,calm
2009-11-04,0.00019771235986919904,0.0001780847638665,calm
2009-11-05,0.00017700215410620723,0.0001032630241453,calm
2009-11-06,0.00012898827275808374,0.000106992172143,calm
2009-11-09,0.0001129412635576628,5.176448719093359e-05,calm
2009-11-10,8.55225327097194e-05,4.443475476821595e-05,calm
2009-11-11,7.326533565575402e-05,7.264664043943862e-05,calm
2009-11-12,7.678965274541595e-05,8.133904703969237e-05,calm
2009-11-13,8.758677068453683e-05,5.8188834050183227e-05,calm
2009-11-16,7.711070447438556e-05,0.0001053441258625,calm
2009-11-17,8.058325394695663e-05,5.432936236183187e-05,calm
2009-11-18,6.994554572215825e-05,4.760144798943937e-05,calm
2009-11-19,6.071468193761098e-05,0.0001005945811833,calm
2009-11-20,7.456409544260832e-05,4.296430249120992e-05,calm
2009-11-23,6.52685686649899e-05,0.0001114144875062,calm
2009-11-24,6.981860836674775e-05,4.319176335879371e-05,calm
2009-11-25,5.760986984973238e-05,1.836067092816696e-05,calm
2009-11-27,4.5384727932416084e-05,0.0003704642336434,calm
2009-11-30,0.00011348337170097632,5.839664322800542e-05,calm
2009-12-01,0.00010351486955020869,9.833885889615512e-05,calm
2009-12-02,8.191724062418862e-05,4.574154724287509e-05,calm
2009-12-03,6.048947065861859e-05,7.13165075604894e-05,calm
2009-12-04,7.063666548775939e-05,0.0002256214998905,calm
2009-12-07,9.299134860717387e-05,4.491975392413894e-05,calm
2009-12-08,7.888245128860727e-05,0.0001129650036139,calm
2009-12-09,0.0001016613283801036,5.9572724371194346e-05,calm
2009-12-10,8.315587989788247e-05,5.075687021303264e-05,calm
2009-12-11,7.089968674275933e-05,3.531615704439688e-05,calm
2009-12-14,5.820720295426643e-05,2.9076898584817504e-05,calm
2009-12-15,5.046971146686903e-05,4.149493421850799e-05,calm
2009-12-16,5.299134298749761e-05,4.884325325772532e-05,calm
2009-12-17,5.2179270341361144e-05,5.546077553157581e-05,calm
2009-12-18,6.424364089949579e-05,3.4219564029801446e-05,calm
2009-12-21,5.6958971781621135e-05,6.48278377889687e-05,calm
2009-12-22,5.4520924247737155e-05,2.227664693798016e-05,calm
2009-12-23,4.2254804906354674e-05,1.5857745015266226e-05,calm
2009-12-24,3.734083429102695e-05,1.2616215072563064e-05,calm
2009-12-28,3.4123455106762e-05,1.230179170752584e-05,calm
2009-12-29,3.397372991333963e-05,1.185525399184569e-05,calm
2009-12-30,3.378636871147603e-05,2.549741405209729e-05,calm
2009-12-31,3.650286705490161e-05,1.948338372339549e-05,calm
2010-01-04,4.170924151037589e-05,7.068736777339511e-05,calm
2010-01-05,4.661381641939239e-05,2.988740492563263e-05,calm
2010-01-06,4.1548804733175777e-05,1.98787078920003e-05,calm
2010-01-07,3.585733891799981e-05,2.860249093397633e-05,calm
2010-01-08,3.5816581337425813e-05,2.624910224911006e-05,calm
2010-01-11,3.399982481092178e-05,3.219193365888912e-05,calm
2010-01-12,3.383712613141229e-05,5.004569241192964e-05,calm
2010-01-13,3.970880312917056e-05,3.803424930931966e-05,calm
2010-01-14,3.973924006754286e-05,2.125270100306969e-05,calm
2010-01-15,3.4311338820138786e-05,3.204363553486456e-05,calm
2010-01-19,3.5127640212483495e-05,2.114940102243762e-05,calm
2010-01-20,3.2515475280848236e-05,8.36925972747077e-05,calm
2010-01-21,4.578015918735773e-05,0.0001566715886534,calm
2010-01-22,8.670237395535336e-05,0.0001283008300437,calm
2010-01-25,0.00014416468925755507,0.0001335139390911,calm
2010-01-26,0.00013154239960286537,9.061582557160348e-05,calm
2010-01-27,0.00010008190608512691,0.0001024423986642,calm
2010-01-28,8.642580386761702e-05,0.0001786179918677,calm
2010-01-29,0.00010986718624027576,0.0001424163032802,calm
2010-02-01,0.00012767923269963314,0.0001125996133066,calm
2010-02-02,0.00010623673136999503,5.040282731387674e-05,calm
2010-02-03,7.361741954469599e-05,5.905175506604261e-05,calm
2010-02-04,7.038270715172416e-05,0.0002072346817412,calm
2010-02-05,0.00010140523620266465,0.0002513179860859,calm
2010-02-08,0.00014052381612690934,0.0001018094090198,calm
2010-02-09,0.00013370563798933388,0.0002620930832431,calm
2010-02-10,0.00016075249220302414,8.637748021217847e-05,calm
2010-02-11,0.00013010613404929104,0.0001113683592149,calm
2010-02-12,0.00011475363154555681,0.0001830830701244,calm
2010-02-16,0.00011929941377945455,6.119549606714789e-05,calm
2010-02-17,9.109266046847202e-05,5.570793771724187e-05,calm
2010-02-18,7.349419983901933e-05,3.402546829758041e-05,calm
2010-02-19,5.625192702316611e-05,4.74652374082121e-05,calm
2010-02-22,5.1824919819595644e-05,3.750129115142184e-05,calm
2010-02-23,4.752360373053327e-05,8.573633466180725e-05,calm
2010-02-24,5.8080691011338623e-05,7.986280005734714e-05,calm
2010-02-25,6.490634984707222e-05,0.0001695492132265,calm
2010-02-26,8.632158766515809e-05,4.16890297551311e-05,calm
2010-03-01,6.856853677085626e-05,4.084589273897984e-05,calm
2010-03-02,5.662095878306915e-05,4.2875723877956856e-05,calm
2010-03-03,5.0746799738727375e-05,2.7949133572135374e-05,calm
2010-03-04,4.2804613671692115e-05,3.334333193357057e-05,calm
2010-03-05,4.042564066712343e-05,3.1488752703933044e-05,calm
2010-03-08,3.793943353340647e-05,1.913031685708334e-05,calm
2010-03-09,3.2765829782361626e-05,2.810313703268561e-05,calm
2010-03-10,3.341525513725692e-05,4.308591480119331e-05,calm
2010-03-11,3.885375110211486e-05,2.8618373409762315e-05,calm
2010-03-12,3.7120733661749906e-05,2.517416291426621e-05,calm
2010-03-15,3.420407357673105e-05,3.291166683558905e-05,calm
2010-03-16,3.5553229236746207e-05,2.996776904042681e-05,calm
2010-03-17,3.522136216491651e-05,3.3234780667740075e-05,calm
2010-03-18,3.535738405200804e-05,2.1402974839504543e-05,calm
2010-03-19,3.128609311518794e-05,3.6605281654255575e-05,calm
2010-03-22,3.416088465782002e-05,3.826204059907456e-05,calm
2010-03-23,3.648380074474805e-05,2.800487636891121e-05,calm
2010-03-24,3.404527154458629e-05,3.511155048611599e-05,calm
2010-03-25,3.584314617037784e-05,7.243773735665944e-05,calm
2010-03-26,4.7172056932146865e-05,4.548500141397002e-05,calm
2010-03-29,4.66729041806212e-05,3.161422727099561e-05,calm
2010-03-30,4.055658850725593e-05,4.354426391947145e-05,calm
2010-03-31,4.078019462832729e-05,6.699472463573251e-05,calm
2010-04-05,4.793801565419221e-05,1.9197021938540542e-05,calm
2010-04-06,3.565285862702906e-05,3.939276356660053e-05,calm
2010-04-07,3.624209829542053e-05,3.589980737961399e-05,calm
2010-04-08,3.579008947736909e-05,2.66666832338621e-05,calm
2010-04-12,3.310405117612723e-05,2.235893794294285e-05,calm
2010-04-13,2.9622292096607148e-05,2.3365974635196057e-05,calm
2010-04-14,2.8757021527634885e-05,1.7304472624483226e-05,calm
2010-04-15,2.608920797789509e-05,0.0001480673819996,calm
2010-04-19,4.568609499284855e-05,3.401201741513299e-05,calm
2010-04-20,4.2879338787304655e-05,3.469550958505275e-05,calm
2010-04-21,3.800218253661326e-05,0.0001023593852032,calm
2010-04-22,5.0417117086738785e-05,5.408670184732478e-05,calm
2010-04-26,4.9527095645157954e-05,0.0001391807960635,calm
2010-04-27,6.773963582254724e-05,0.0001009229601227,calm
2010-04-28,8.673753569266143e-05,6.351728507024934e-05,calm
2010-04-29,7.717407635261491e-05,9.441092701815295e-05,calm
2010-05-03,7.369870064930601e-05,0.0002178918197388,calm
2010-05-04,0.00010311984899785218,0.0001784551398083,calm
2010-05-05,0.00013409428986373568,0.0016450509991498,calm
2010-05-06,0.00030974876849149374,0.0008216748581765,calm
2010-05-10,0.00048293719637173166,0.0001544952876977,calm
2010-05-11,0.000302481518098066,8.257123295340683e-05,calm
2010-05-12,0.00018646115964883743,8.314734358641863e-05,calm
2010-05-13,0.00013151693172590957,0.0002398723190368,calm
2010-05-17,0.0001588388938264611,0.0002390324823173,calm
2010-05-18,0.00020322959691040254,0.0003293830329564,calm
2010-05-19,0.0002722987896336138,0.0006131682182779,calm
2010-05-20,0.000387188736275795,0.0004829901789545,calm
2010-05-24,0.0005467274067005794,0.0005695041555029,calm
2010-05-25,0.0005337881034236054,0.0002625412852905,calm
2010-05-26,0.0003772323720988267,0.0002708111733455,calm
2010-05-27,0.0003168923152148264,0.0002352691891069,calm
2010-06-01,0.00024080526526110572,0.0001027041322987,calm
2010-06-02,0.00019074023288260684,0.0001301089568407,calm
2010-06-03,0.0001548979902594609,0.0003345357703125,calm
2010-06-07,0.00018413813846196374,0.0002731967242374,calm
2010-06-08,0.00023833159198176113,0.0001696044057772,calm
2010-06-09,0.00021854254498376207,0.0003809845670213,calm
2010-06-10,0.0002596511895258551,0.0001085882021436,calm
2010-06-14,0.00018071878758329138,7.053243338052172e-05,calm
2010-06-15,0.00012144173610946828,7.683840501296567e-05,calm
2010-06-16,9.419861322376561e-05,7.72015846224818e-05,calm
2010-06-17,8.485157920488825e-05,3.644460954820722e-05,calm
2010-06-21,6.642237380314224e-05,0.0001114810330381,calm
2010-06-22,7.83758085182141e-05,0.0001450143942397,calm
2010-06-23,0.0001046234818244415,0.0001470606301471,calm
2010-06-24,0.0001190970433650579,0.0001363516993369,calm
2010-06-28,0.0001376869246539648,0.0003406883910643,calm
2010-06-29,0.00018403589195037192,0.0001142722070901,calm
2010-06-30,0.00018403306177295858,0.0002646503594157,calm
2010-07-01,0.00023002757366670786,0.0001898931857776,calm
2010-07-06,0.00020084920052499075,0.0001064831715259,calm
2010-07-07,0.0001356363908355568,0.0001160487167214,calm
2010-07-08,0.00010817521924024,5.634144179791233e-05,calm
2010-07-12,8.148438019006618e-05,0.0001263123346375,calm
2010-07-13,8.722141477074566e-05,7.595674883535913e-05,calm
2010-07-14,8.236699499039974e-05,0.0001041970405058,calm
2010-07-15,8.950671462038405e-05,0.0001265807341625,calm
2010-07-19,0.00010049666967888068,0.0001362096739849,calm
2010-07-20,0.00011278141228725702,0.000120983702921,calm
2010-07-21,0.00010399660359750477,0.0002133663688357,calm
2010-07-22,0.00013055719644944138,0.000104734610103,calm
2010-07-26,0.00011194748324671721,6.796090598956642e-05,calm
2010-07-27,8.433622020572365e-05,5.564435760020433e-05,calm
2010-07-28,7.30181386047463e-05,0.0001209961094256,calm
2010-07-29,9.041370216905261e-05,0.0001575562563883,calm
2010-08-02,0.00010360996266900982,4.6619221502654674e-05,calm
2010-08-03,7.385618147091468e-05,4.554763715711265e-05,calm
2010-08-04,6.418753601992773e-05,5.84493283723643e-05,calm
2010-08-05,6.272874564821823e-05,8.029754472901265e-05,calm
2010-08-09,6.76414349229008e-05,8.450421065232986e-05,calm
2010-08-10,7.229967521320621e-05,0.0003334287607734,calm
2010-08-11,0.00011383475788432986,7.691677858028775e-05,calm
2010-08-12,0.00011007498434634626,4.656433601024232e-05,calm
2010-08-16,8.801997371254327e-05,7.708901771610647e-05,calm
2010-08-17,8.951418875011924e-05,6.129882090094024e-05,calm
2010-08-18,7.683360614648759e-05,0.0001526646997419,calm
2010-08-19,9.447931491069091e-05,7.209500977174749e-05,calm
2010-08-23,9.513813402945004e-05,0.0001534080077357,calm
2010-08-24,0.00010934522459271794,0.0001008089155348,calm
2010-08-25,0.00011372777496943895,0.0001039563266057,calm
2010-08-26,0.00010803823490045477,0.0001315478387889,calm
2010-08-30,0.00011586603340146163,0.000179817494708,calm
2010-08-31,0.00012951982994221205,0.000333374295846,calm
2010-09-01,0.00015567919149036413,2.873177357752417e-05,calm
2010-09-02,7.935117445010832e-05,0.0001024847850497,calm
2010-09-07,7.86431845750814e-05,5.610609193887398e-05,calm
2010-09-08,7.338047107995954e-05,9.837784178919752e-05,calm
2010-09-09,7.959597808911163e-05,2.1075960190924266e-05,calm
2010-09-13,5.734310204703932e-05,4.530657847074665e-05,calm
2010-09-14,5.313349052358743e-05,4.656387674000498e-05,calm
2010-09-15,5.344326213236654e-05,2.786791210008495e-05,calm
2010-09-16,4.958179389623247e-05,4.055569618258074e-05,calm
2010-09-20,5.026603009707365e-05,5.890196376960317e-05,calm
2010-09-21,5.498376287607944e-05,5.266978706769611e-05,calm
2010-09-22,5.8629467822336314e-05,6.971976298132874e-05,calm
2010-09-23,6.480861795186528e-05,7.759608483250108e-05,calm
2010-09-27,7.429442753088366e-05,6.424317958229683e-05,calm
2010-09-28,6.952762159404032e-05,6.621375019421057e-05,calm
2010-09-29,6.746435480394679e-05,0.0001293664143013,calm
2010-09-30,8.392851673126664e-05,9.293591919354096e-05,calm
2010-10-04,8.81572304363108e-05,8.935419993238045e-05,calm
2010-10-05,8.675706022026723e-05,3.364206397674888e-05,calm
2010-10-06,6.006026713868809e-05,4.811795521191461e-05,calm
2010-10-07,5.509626983795109e-05,3.4357813074642455e-05,calm
2010-10-11,5.038828719339606e-05,6.276105779161353e-05,calm
2010-10-12,5.0337588852224756e-05,4.516517291893915e-05,calm
2010-10-13,4.809187835805272e-05,5.443168592814773e-05,calm
2010-10-14,4.8780487420755115e-05,6.259272485638092e-05,calm
2010-10-18,5.458274985969954e-05,0.0001569858857912,calm
2010-10-19,7.27293066825984e-05,7.386821583373895e-05,calm
2010-10-20,7.414304565609776e-05,7.915355732699723e-05,calm
2010-10-21,6.952766846668707e-05,2.072557849784033e-05,calm
2010-10-25,4.568848138263553e-05,5.239725198639486e-05,calm
2010-10-26,4.8620287878109655e-05,5.648894607044677e-05,calm
2010-10-27,5.4135406815585785e-05,5.387194599585441e-05,calm
2010-10-28,5.747739691105902e-05,3.171246273248196e-05,calm
2010-11-01,5.0285105864959333e-05,5.842413496681075e-05,calm
2010-11-02,5.7239788718221775e-05,3.744976257631298e-05,calm
2010-11-03,5.2899472209564564e-05,8.48525142339043e-05,calm
2010-11-04,5.6531103129161384e-05,0.0001256842833155,calm
2010-11-05,6.570640200744159e-05,3.397794235146061e-05,calm
2010-11-08,4.901067119844715e-05,2.5240456164031623e-05,calm
2010-11-09,3.9178909349244935e-05,4.558578933240107e-05,calm
2010-11-10,4.3504879355953196e-05,4.454518375378935e-05,calm
2010-11-11,4.49430525372969e-05,6.78796179677886e-05,calm
2010-11-12,5.198029193590768e-05,6.99486700956283e-05,calm
2010-11-15,6.304154210422937e-05,4.136299394388509e-05,calm
2010-11-16,5.527636809984591e-05,0.0001236250491407,calm
2010-11-17,8.138860913226697e-05,3.943440167935548e-05,calm
2010-11-18,6.410899842009762e-05,7.898437635045831e-05,calm
2010-11-19,5.81951359318061e-05,2.7699991260113743e-05,calm
2010-11-22,4.240394786166915e-05,7.805730475828755e-05,calm
2010-11-23,5.083748175330514e-05,0.0001037487334812,calm
2010-11-24,7.200006778891081e-05,6.885628415777307e-05,calm
2010-11-26,6.901900459840592e-05,3.5839018429340174e-05,calm
2010-11-29,6.09648439385967e-05,0.000147615171755,calm
2010-11-30,8.356363145859159e-05,8.381509251465771e-05,calm
2010-12-01,9.162822970803734e-05,0.0001370109243955,calm
2010-12-02,9.494215218165814e-05,2.3478865106685417e-05,calm
2010-12-03,5.212685411535335e-05,2.630178819850844e-05,calm
2010-12-06,3.9458269471583686e-05,1.5431645713917338e-05,calm
2010-12-07,3.241012396922162e-05,8.070089914649838e-05,calm
2010-12-08,4.49773467488792e-05,2.935592194189477e-05,calm
2010-12-09,4.14568146682483e-05,3.1126837107681655e-05,calm
2010-12-10,3.8298312731029425e-05,1.1573674809889885e-05,calm
2010-12-13,2.993842974576868e-05,2.251144233110128e-05,calm
2010-12-14,3.040587119411163e-05,1.9135108394929147e-05,calm
2010-12-15,3.0146629869684543e-05,2.4317835617715536e-05,calm
2010-12-16,3.2070237753532156e-05,3.313147269761218e-05,calm
2010-12-17,3.389778825697225e-05,1.2540457935085072e-05,calm
2010-12-20,2.662865395769574e-05,1.3444350721688417e-05,calm
2010-12-21,2.4389767022052656e-05,4.54917361685298e-06,calm
2010-12-22,2.0033617628343576e-05,5.519192692834588e-06,calm
2010-12-23,1.838866596275837e-05,7.499532130661632e-06,calm
2010-12-27,1.9240334056090236e-05,1.0976522845843512e-05,calm
2010-12-28,2.1828531032511274e-05,5.3661630068368535e-06,calm
2010-12-29,2.0442382277745888e-05,6.686521300306311e-06,calm
2010-12-30,2.00862239340725e-05,9.20350438401316e-06,calm
2010-12-31,2.114316549638296e-05,9.540706450760627e-06,calm
2011-01-03,2.198185490719461e-05,8.520594578118925e-05,calm
2011-01-04,3.728104269019989e-05,1.9746213903518687e-05,calm
2011-01-05,3.30693446520057e-05,1.926094106259105e-05,calm
2011-01-06,2.9084314610347724e-05,2.554804289454808e-05,calm
2011-01-07,2.9966589394998177e-05,4.789758807208127e-05,calm
2011-01-10,3.613449184909428e-05,5.245078985023271e-05,calm
2011-01-11,4.200369601411654e-05,3.0467609162303684e-05,calm
2011-01-12,3.685219283594422e-05,3.061209556625264e-05,calm
2011-01-13,3.3255093790503676e-05,1.806498927435455e-05,calm
2011-01-14,2.84009857942632e-05,1.6708129923932852e-05,calm
2011-01-18,2.528991774160896e-05,1.5240125102217514e-05,calm
2011-01-19,2.3085190415744848e-05,2.381856481755449e-05,calm
2011-01-20,2.6076472902875167e-05,5.550722566759392e-05,calm
2011-01-21,3.6099161789022115e-05,3.756513596401425e-05,calm
2011-01-24,3.8710496678839204e-05,1.531635445315959e-05,calm
2011-01-25,2.9603567212987026e-05,3.79237962656442e-05,calm
2011-01-26,3.261659176670018e-05,3.28900093254664e-05,calm
2011-01-27,3.275159783409352e-05,2.017380181032832e-05,calm
2011-01-28,2.840295691905339e-05,6.31841483895345e-05,calm
2011-01-31,4.107418724141954e-05,3.700817765223655e-05,calm
2011-02-01,4.217140159145286e-05,4.716407584131788e-05,calm
2011-02-02,4.2074258507295584e-05,2.0577533644786858e-05,calm
2011-02-03,3.277080493668021e-05,3.643164006841747e-05,calm
2011-02-04,3.3178274512855494e-05,3.122646676569274e-05,calm
2011-02-07,3.205018619024635e-05,1.820278106748465e-05,calm
2011-02-08,2.774901515426188e-05,1.4937420995194448e-05,calm
2011-02-09,2.438417834830097e-05,2.404574614087772e-05,calm
2011-02-10,2.579754681586138e-05,5.0863824770305625e-05,calm
2011-02-11,3.3129797078348556e-05,2.48407599399146e-05,calm
2011-02-14,3.058809278518374e-05,1.2014160787732131e-05,calm
2011-02-15,2.430325172740702e-05,2.4211233926983503e-05,calm
2011-02-16,2.588338219564296e-05,3.658516790264395e-05,calm
2011-02-17,3.125147817989374e-05,1.582868302703548e-05,calm
2011-02-18,2.700065582511422e-05,1.435790772207311e-05,calm
2011-02-22,2.4246359346909096e-05,0.0001458035303788,calm
2011-02-23,5.129979743232403e-05,8.842513533705177e-05,calm
2011-02-24,7.08382111133332e-05,8.387350084143883e-05,calm
2011-02-25,7.592225874131982e-05,4.4698805675268e-05,calm
2011-02-28,5.711030944933189e-05,3.0580310011967745e-05,calm
2011-03-01,4.266359391553414e-05,6.969199980526215e-05,calm
2011-03-02,5.25028490532929e-05,5.0355268985652974e-05,calm
2011-03-03,5.35634316581404e-05,9.074475694369822e-05,calm
2011-03-04,6.136599013471344e-05,5.779030829686026e-05,calm
2011-03-07,5.821093954030072e-05,7.297858750078786e-05,calm
2011-03-08,6.363243265385377e-05,4.654102515045888e-05,calm
2011-03-09,5.6005336228794674e-05,6.219610267023637e-05,calm
2011-03-10,5.778282152034738e-05,0.000203013520129,calm
2011-03-11,9.4211561627598e-05,5.088364559329599e-05,calm
2011-03-14,7.239362579990771e-05,8.247146718284295e-05,calm
2011-03-15,7.364977201808738e-05,0.0005259266245354,calm
2011-03-16,0.00015880169562290794,0.0002003886876956,calm
2011-03-17,0.0002042770202155447,0.0001814851288761,calm
2011-03-18,0.00018687372137687864,0.00013406925766,calm
2011-03-21,0.00013996380653668794,0.0001375443006583,calm
2011-03-22,0.00011039721097331169,2.545006714539485e-05,calm
2011-03-23,6.189764120455457e-05,3.442962325424006e-05,calm
2011-03-24,4.9558217594110755e-05,2.76834792876599e-05,calm
2011-03-25,4.12091804744004e-05,2.0370093417957912e-05,calm
2011-03-28,3.508948208577875e-05,2.061616413546137e-05,calm
2011-03-29,3.379505160507386e-05,2.7972965369255708e-05,calm
2011-03-30,3.4133767917808755e-05,1.705094979249867e-05,calm
2011-03-31,3.0134632359236402e-05,2.9666353172874155e-05,calm
2011-04-04,3.20861727760744e-05,1.883702726295959e-05,calm
2011-04-05,2.9586603369043182e-05,2.0060311812078146e-05,calm
2011-04-06,2.8385090174851466e-05,6.935730631865061e-05,calm
2011-04-07,3.876917422460917e-05,2.7510879531417497e-05,calm
2011-04-11,3.562967055198888e-05,6.419952436715044e-05,calm
2011-04-12,4.207761702817992e-05,5.760901620961569e-05,calm
2011-04-13,4.5892080816015345e-05,4.6200103358443615e-05,calm
2011-04-14,4.395000694454399e-05,2.5540169406701747e-05,calm
2011-04-18,3.5025385106512486e-05,2.625235904368236e-05,calm
2011-04-19,3.2361737048288745e-05,6.782599051124722e-05,calm
2011-04-20,4.0041365693910394e-05,1.79142348664616e-05,calm
2011-04-25,3.0294191083232823e-05,2.2592476955390103e-05,calm
2011-04-26,2.767632359961939e-05,2.452108981047688e-05,calm
2011-04-27,2.7531773466959397e-05,1.5099657328660752e-05,calm
2011-04-28,2.4273656422639897e-05,8.58382102700776e-06,calm
2011-05-02,1.9978566426170335e-05,3.447613294018942e-05,calm
2011-05-03,2.5956487801669494e-05,6.270218683635757e-05,calm
2011-05-04,3.730795532163234e-05,9.972172466244132e-05,calm
2011-05-05,5.3609095609200964e-05,0.0001438927830552,calm
2011-05-09,7.613552247713411e-05,1.719341455431668e-05,calm
2011-05-10,4.0603521755626955e-05,5.130003074394668e-05,calm
2011-05-11,3.838037156828129e-05,5.297219137231519e-05,calm
2011-05-12,4.151413187737879e-05,4.492979687618087e-05,calm
2011-05-16,4.0328350377591894e-05,6.79595241649972e-05,calm
2011-05-17,4.943195703804023e-05,2.9241697364447137e-05,calm
2011-05-18,4.0482178309270286e-05,3.7055280328601325e-05,calm
2011-05-19,3.6821372494742766e-05,3.942391884027123e-05,calm
2011-05-23,3.559835270869535e-05,3.4144485749644044e-05,calm
2011-05-24,3.7241424718437365e-05,4.0614319514591056e-05,calm
2011-05-25,3.9202997299624145e-05,4.204424656077055e-05,calm
2011-05-26,3.9441625266307335e-05,3.4745695253206325e-05,calm
2011-05-31,3.601046593744967e-05,6.122838668793894e-05,calm
2011-06-01,4.02870892536636e-05,7.037996923738962e-05,calm
2011-06-02,5.039836610110229e-05,0.0001582941349059,calm
2011-06-06,7.473491460275275e-05,5.674614868623032e-05,calm
2011-06-07,6.425650283365804e-05,5.514007241476984e-05,calm
2011-06-08,5.52105711487596e-05,2.5419872929761795e-05,calm
2011-06-09,4.147614308865178e-05,9.172735090604128e-05,calm
2011-06-13,5.186951121274499e-05,0.0001090587122311,calm
2011-06-14,6.957074028431891e-05,0.0001364343426889,calm
2011-06-15,8.363830348147559e-05,7.710994068011213e-05,calm
2011-06-16,8.232190132051001e-05,0.000117306288219,calm
2011-06-20,9.579608841571265e-05,3.548542263122379e-05,calm
2011-06-21,6.194783213428442e-05,3.626060591745582e-05,calm
2011-06-22,4.785424708868477e-05,0.0003592363371063,calm
2011-06-23,9.117086592628709e-05,5.082565679739707e-05,calm
2011-06-27,7.267495853021904e-05,3.2124040819697895e-05,calm
2011-06-28,5.482103017250197e-05,4.781503072112748e-05,calm
2011-06-29,5.059849891305154e-05,4.061285319996151e-05,calm
2011-06-30,4.46069120444148e-05,4.967994554796526e-05,calm
2011-07-05,4.385753413332985e-05,2.689939327279769e-05,calm
2011-07-06,3.6614001084415786e-05,7.169933840344104e-05,calm
2011-07-07,4.43833862962228e-05,0.0001108848950702,calm
2011-07-11,5.800444278799349e-05,7.409577441656873e-05,calm
2011-07-12,6.486107231388363e-05,7.722567921397407e-05,calm
2011-07-13,6.98690795780049e-05,9.361751816153733e-05,calm
2011-07-14,7.550751425062587e-05,9.632823679279616e-05,calm
2011-07-18,8.10874196884188e-05,8.872147854031476e-05,calm
2011-07-19,8.092547376070645e-05,2.549843465083299e-05,calm
2011-07-20,5.042927656233739e-05,9.197064540749034e-05,calm
2011-07-21,5.8195540012725584e-05,2.289609244205236e-05,calm
2011-07-25,4.1376446202881716e-05,2.469546219554257e-05,calm
2011-07-26,3.70123855938906e-05,0.000118913702522,calm
2011-07-27,5.851535229214883e-05,4.492033778355952e-05,calm
2011-07-28,6.199625637170566e-05,0.0002106797545272,calm
2011-08-01,0.00010415431248979702,0.0001362794758716,calm
2011-08-02,0.00011675581696561938,0.0002130799940707,calm
2011-08-03,0.0001422044843205944,0.0004396521982625,calm
2011-08-04,0.0001887827292006509,0.0010861431105571,calm
2011-08-08,0.00039044021132339697,0.0015607229988121,calm
2011-08-09,0.0009094748390279768,0.0015734198257311,calm
2011-08-10,0.0007802379329162421,0.0007446347309996,calm
2011-08-11,0.0007582496209743983,0.0003886922186,calm
2011-08-15,0.000520384584492439,0.0003033574034531,calm
2011-08-16,0.0003177058770176935,0.0001382748966214,calm
2011-08-17,0.00022073232119609754,0.0010052588777701,calm
2011-08-18,0.0003423159293793712,0.0004163771591692,calm
2011-08-22,0.0005212706337352964,0.0002394839477837,calm
2011-08-23,0.00045253790239834884,0.0001872876470081,calm
2011-08-24,0.0002794140709943494,0.0003732760674809,calm
2011-08-25,0.00028788308341799946,0.0003662589384973,calm
2011-08-29,0.00034627581213343987,0.0002176450023445,calm
2011-08-30,0.00021644470734634886,0.0001933994712384,calm
2011-08-31,0.0001898830813932562,0.000215655913859,calm
2011-09-01,0.00017979598516831263,0.0004645473706703,calm
2011-09-06,0.00022957457393814183,0.0002036261280501,calm
2011-09-07,0.0002550225040751334,0.0001893283056435,calm
2011-09-08,0.0002085685375253951,0.000383215845704,calm
2011-09-12,0.0002484624252231105,0.0001653459537123,calm
2011-09-13,0.00024810245300558036,0.0002287610291912,calm
2011-09-14,0.000239825276343612,0.0001650758775017,calm
2011-09-15,0.00019002838240706992,0.0001197666677754,calm
2011-09-19,0.0001426119372945752,0.0001135307614229,calm
2011-09-20,0.0001333971298694714,0.0002261384432634,calm
2011-09-21,0.00016082180763035093,0.0011173442663123,calm
2011-09-22,0.0003425911085885259,0.0002774400408178,calm
2011-09-26,0.0003705048637236263,0.0004870790268771,calm
2011-09-27,0.00038545505387565794,0.0002445731583342,calm
2011-09-28,0.0002921534752396238,0.000562028037221,calm
2011-09-29,0.00040175143554609094,0.0005049099895407,calm
2011-10-03,0.00038244120500841863,0.0007267240042017,calm
2011-10-04,0.0005758477915530684,0.0002843865443569,calm
2011-10-05,0.0003859617027523603,0.0001823214812192,calm
2011-10-06,0.0002578863290997321,0.0002047184326505,calm
2011-10-10,0.00021677755846000836,0.0001303310486738,calm
2011-10-11,0.00015534079972278036,0.0001687296400536,calm
2011-10-12,0.00015183313161451598,0.0001695946298074,calm
2011-10-13,0.0001442440533078982,0.000221675559531,calm
2011-10-17,0.00015397745505967,0.000231354227109,calm
2011-10-18,0.0001864583265875056,0.0001374227849837,calm
2011-10-19,0.00015844119071570608,0.0002100067651359,calm
2011-10-20,0.00019014353023742996,0.0001960088353782,calm
2011-10-24,0.00019914227563326401,0.0002155622847502,calm
2011-10-25,0.00015891673448869084,0.0003112079035346,calm
2011-10-26,0.00019526536265685831,0.0006616970760231,calm
2011-10-27,0.000244240691190692,8.637026437922611e-05,calm
2011-10-31,0.00012723988882867214,0.0002367220951013,calm
2011-11-01,0.0001687402995998913,0.0009656929184634,calm
2011-11-02,0.0003531777711218021,0.0003255793232157,calm
2011-11-03,0.0003093508940461845,0.0002501236442729,calm
2011-11-04,0.00023866558611287096,0.0001540340988926,calm
2011-11-07,0.0001864363687758211,9.450561200691156e-05,calm
2011-11-08,0.00014559831104543668,0.0001240930198906,calm
2011-11-09,0.00012700731747795628,0.0005922209667006,calm
2011-11-10,0.0002843889012099537,0.0002700224710458,calm
2011-11-11,0.00026014831373313293,0.0001858628654852,calm
2011-11-14,0.00019156013545935328,7.984105641640929e-05,calm
2011-11-15,0.0001411736292193327,0.0001038825819842,calm
2011-11-16,0.00013272287173488018,0.0002439370176897,calm
2011-11-17,0.0001815660942543976,0.000203281411876,calm
2011-11-18,0.000202111111621706,9.207688960280652e-05,calm
2011-11-21,0.00014468073736538842,0.0003289374129427,calm
2011-11-22,0.00018863437508697978,0.0001238007615842,calm
2011-11-23,0.00015419635127971427,0.0002222091514823,calm
2011-11-25,0.00018359414206782192,7.356725169968264e-05,calm
2011-11-28,0.00014498574080469892,0.0007899780140908,calm
2011-11-29,0.000229745088083402,7.870956172680729e-05,calm
2011-11-30,0.0001405249314896997,0.0007088451526677,calm
2011-12-01,0.00019221494419836211,6.870588399345685e-05,calm
2011-12-02,0.00012135264427075219,0.0001108570257137,calm
2011-12-05,0.00011467878973539033,0.0002659068549598,calm
2011-12-06,0.00014815769469281035,5.12262294417342e-05,calm
2011-12-07,0.00010811258272672185,0.000121369952746,calm
2011-12-08,0.00011678071006785958,0.0001638233556814,calm
2011-12-09,0.00014314904529643058,0.0001193666968594,calm
2011-12-12,0.00011578827111854103,0.0002102099434077,calm
2011-12-13,0.00012291600339635792,0.000184923889616,calm
2011-12-14,0.00012701589501095488,0.0001300252689424,calm
2011-12-15,0.00012321736632110614,0.0001482031157503,calm
2011-12-16,0.00012107392960536148,0.0001160943251004,calm
2011-12-19,0.00010948025701231665,9.05862687938204e-05,calm
2011-12-20,0.00010152243374233867,0.000316731032191,calm
2011-12-21,0.00013092991120959485,7.107408248239379e-05,calm
2011-12-22,9.232333649809732e-05,2.8470780834441288e-05,calm
2011-12-23,6.207687619943898e-05,2.2105238386547145e-05,calm
2011-12-27,4.7966118567691304e-05,2.1352012143961145e-05,calm
2011-12-28,4.381768198790443e-05,3.888108414857559e-05,calm
2011-12-29,5.0321368745206246e-05,3.04486502391406e-05,calm
2011-12-30,4.838368250984678e-05,1.7158468017474457e-05,calm
2012-01-03,3.761389023186096e-05,0.0003049841630565,calm
2012-01-04,8.321708360864888e-05,3.890710184958219e-05,calm
2012-01-05,6.437724163105494e-05,6.515797739667469e-05,calm
2012-01-06,6.193759245786409e-05,3.348536473204581e-05,calm
2012-01-09,4.866121071171441e-05,1.974168966755715e-05,calm
2012-01-10,3.7976183070863106e-05,0.0001274286095429,calm
2012-01-11,5.888240760923197e-05,4.084776862307181e-05,calm
2012-01-12,5.348807693560471e-05,4.106153449354368e-05,calm
2012-01-13,4.872580960607163e-05,0.000104544238332,calm
2012-01-17,6.444888186188751e-05,8.777894246988321e-05,calm
2012-01-18,7.441573909856054e-05,3.872876902864405e-05,calm
2012-01-19,5.6885385607213364e-05,2.9729950467130063e-05,calm
2012-01-20,4.418096688976029e-05,1.7813525153193508e-05,calm
2012-01-23,3.3126430905193865e-05,2.961763087372188e-05,calm
2012-01-24,3.3490157719817234e-05,4.899248892965565e-05,calm
2012-01-25,3.990319461404073e-05,5.77174667725078e-05,calm
2012-01-26,4.57139373269745e-05,4.883637370790306e-05,calm
2012-01-27,4.6639768565590495e-05,3.1998099127832774e-05,calm
2012-01-30,4.075604612205404e-05,0.0001217185709649,calm
2012-01-31,6.073357430065138e-05,7.901718404213539e-05,calm
2012-02-01,6.573228502638249e-05,8.556683889317936e-05,calm
2012-02-02,6.686335060745436e-05,2.2104800368233525e-05,calm
2012-02-03,4.2585243713219866e-05,9.6645942938878e-05,calm
2012-02-06,5.275073513098299e-05,3.622238209246629e-05,calm
2012-02-07,4.57160799827855e-05,2.982289152609981e-05,calm
2012-02-08,3.9184214130191005e-05,2.237268558021672e-05,calm
2012-02-09,3.408897225001952e-05,3.228904463423826e-05,calm
2012-02-10,3.568020627030129e-05,9.358989587712998e-05,calm
2012-02-13,5.586913196126668e-05,4.690565213574275e-05,calm
2012-02-14,5.190064106353257e-05,3.1717626309871487e-05,calm
2012-02-15,4.350313712990399e-05,5.395375282093064e-05,calm
2012-02-16,4.997345972394505e-05,3.00807661627311e-05,calm
2012-02-17,4.1735068359950424e-05,2.0916536317296205e-05,calm
2012-02-21,3.2874011143407605e-05,2.9926650902791096e-05,calm
2012-02-22,3.320177039544734e-05,2.4551182039089954e-05,calm
2012-02-23,3.2105247816599034e-05,1.993731928808601e-05,calm
2012-02-24,2.858285624418853e-05,1.692877875594198e-05,calm
2012-02-27,2.6484330669898404e-05,6.88217800402775e-05,calm
2012-02-28,3.883789710873712e-05,2.5818658088677705e-05,calm
2012-02-29,3.542414231120647e-05,4.4358475972830144e-05,calm
2012-03-01,3.9162806476338993e-05,5.52997021151936e-05,calm
2012-03-02,4.277725011733153e-05,2.479284423405272e-05,calm
2012-03-05,3.477760377875971e-05,3.208291962157205e-05,calm
2012-03-06,3.444022433132098e-05,0.0001292223877633,calm
2012-03-07,6.006557039054894e-05,2.504784109351829e-05,calm
2012-03-08,4.426798410862612e-05,6.346358216744232e-05,calm
2012-03-09,4.656692697658669e-05,2.2641260007094755e-05,calm
2012-03-12,3.533184261405145e-05,2.0281134585090364e-05,calm
2012-03-13,2.8610824686934904e-05,4.548335772533618e-05,calm
2012-03-14,3.1868349829637474e-05,2.178604596435164e-05,calm
2012-03-15,2.8757288207330295e-05,2.4231506054329194e-05,calm
2012-03-16,2.7711737744169184e-05,1.4727339980913664e-05,calm
2012-03-19,2.3551411605318665e-05,1.6638104157386555e-05,calm
2012-03-20,2.2662787956862685e-05,5.581357967756558e-05,calm
2012-03-21,3.10082328991897e-05,1.914050799625005e-05,calm
2012-03-22,2.7263627738573236e-05,6.554381363627071e-05,calm
2012-03-23,3.569163505159685e-05,1.822836193212128e-05,calm
2012-03-26,2.8315723208506874e-05,1.4486205955651356e-05,calm
2012-03-27,2.315510975056424e-05,3.343567585038475e-05,calm
2012-03-28,2.7028100486553373e-05,6.522909326620424e-05,calm
2012-03-29,3.616438748889086e-05,3.4114542105778865e-05,calm
2012-04-02,3.4743406669298154e-05,5.401224429395893e-05,calm
2012-04-03,3.8493783734628674e-05,0.0001043920155054,calm
2012-04-04,5.198419333109069e-05,2.88664387758584e-05,calm
2012-04-09,4.099209229025492e-05,6.519545757148817e-05,calm
2012-04-10,4.929558785783616e-05,0.000100789963319,calm
2012-04-11,6.760126333615969e-05,2.322062655091499e-05,calm
2012-04-12,4.66118705539344e-05,5.24132766509063e-05,calm
2012-04-16,4.3677700617231415e-05,7.035723218302853e-05,calm
2012-04-17,5.3615625550888054e-05,4.563386024921558e-05,calm
2012-04-18,4.952869133253332e-05,8.270253573773732e-05,calm
2012-04-19,5.7583139993243696e-05,4.030085771170916e-05,calm
2012-04-23,4.934917533174435e-05,3.16168218105666e-05,calm
2012-04-24,4.251731432072344e-05,0.0001329333352019,calm
2012-04-25,6.0878493599482484e-05,2.2611473617518767e-05,calm
2012-04-26,4.140280333550464e-05,2.780944214487193e-05,calm
2012-04-30,3.461656882925086e-05,4.828298259863768e-05,calm
2012-05-01,3.905341095333924e-05,5.153086874016891e-05,calm
2012-05-02,4.221790162655147e-05,4.010644912318834e-05,calm
2012-05-03,4.095409660063824e-05,7.119435687576865e-05,calm
2012-05-07,4.9021378459956344e-05,0.0001023715795135,calm
2012-05-08,6.483207263864119e-05,0.000186740057948,calm
2012-05-09,9.286792384040561e-05,0.0001030743643289,calm
2012-05-10,9.337629090703033e-05,6.997402066982703e-05,calm
2012-05-14,7.627789535166788e-05,6.232345062955374e-05,calm
2012-05-15,7.185113759167974e-05,7.900807976602752e-05,calm
2012-05-16,7.511558221690777e-05,8.598359078272735e-05,calm
2012-05-17,7.993136195301524e-05,8.786943632652968e-05,calm
2012-05-21,8.878927205256435e-05,8.606340842957042e-05,calm
2012-05-22,8.410248695778062e-05,0.000116506120944,calm
2012-05-23,9.223809332411462e-05,8.10139927381339e-05,calm
2012-05-24,8.547196001382403e-05,3.613137488977965e-05,calm
2012-05-29,6.114098609991074e-05,0.0001260042564746,calm
2012-05-30,7.525235336781734e-05,8.768275048546974e-05,calm
2012-05-31,8.552218138385706e-05,0.0002236695020505,calm
2012-06-04,0.00012280570176714613,5.389168714864125e-05,calm
2012-06-05,9.687195993289522e-05,8.9599882911639e-05,calm
2012-06-06,9.160176863461378e-05,0.0001433450163523,calm
2012-06-07,9.757232084500996e-05,4.9615283872675954e-05,calm
2012-06-11,7.245847243425897e-05,8.263207359359059e-05,calm
2012-06-12,7.644081903118579e-05,8.540430263374963e-05,calm
2012-06-13,7.706201587827596e-05,8.915835495878956e-05,calm
2012-06-14,8.448518617217783e-05,3.5724534121877355e-05,calm
2012-06-18,6.095751963510033e-05,5.8111292578117935e-05,calm
2012-06-19,5.3701147369520016e-05,7.656060070234522e-05,calm
2012-06-20,5.765290781281744e-05,6.76862166962777e-05,calm
2012-06-21,5.680622629558777e-05,4.263915162794018e-05,calm
2012-06-25,5.231950178913417e-05,4.860012022850214e-05,calm
2012-06-26,5.1569227738666454e-05,4.135767106026526e-05,calm
2012-06-27,4.814994605571836e-05,0.0001272586548154,calm
2012-06-28,6.494083714335286e-05,0.000244701141918,calm
2012-07-02,0.00010025091962034732,1.4775053544635136e-05,calm
2012-07-05,5.141590000947889e-05,0.0001033687487941,calm
2012-07-09,5.873692377537e-05,7.665336108707708e-05,calm
2012-07-10,6.11091850437848e-05,5.666221507189737e-05,calm
2012-07-11,5.804625107057243e-05,0.0001008161472533,calm
2012-07-12,6.597681697348976e-05,5.0072674235071045e-05,calm
2012-07-16,5.829955276101272e-05,9.070389177571732e-05,calm
2012-07-17,6.256676638508043e-05,2.8421573425301804e-05,calm
2012-07-18,4.606846788838704e-05,3.598985667629793e-05,calm
2012-07-19,4.03457515893956e-05,5.518798239174988e-05,calm
2012-07-23,4.194138536947937e-05,7.654682237739664e-05,calm
2012-07-24,5.147147627055414e-05,5.978383074313445e-05,calm
2012-07-25,5.653690890291518e-05,0.0003058355428357,calm
2012-07-26,9.865565211877479e-05,8.342990921611934e-05,calm
2012-07-30,8.781172712359528e-05,3.496929008963927e-05,calm
2012-07-31,5.8351188978894366e-05,6.843387634041e-05,calm
2012-08-01,6.033193799049893e-05,0.0001298245382131,calm
2012-08-02,7.727632888182169e-05,0.0002096643767229,calm
2012-08-06,9.981943255232565e-05,3.391164081453909e-05,calm
2012-08-07,6.0741830258962445e-05,2.5739623613498164e-05,calm
2012-08-08,4.296632030077831e-05,1.835847287304024e-05,calm
2012-08-09,3.2626924400934626e-05,3.89736578095405e-05,calm
2012-08-13,3.387792375395318e-05,2.365541729874731e-05,calm
2012-08-14,2.9590071812319207e-05,1.177752167494828e-05,calm
2012-08-15,2.4462337395412773e-05,1.3425341025138576e-05,calm
2012-08-16,2.228218471817822e-05,7.001791764425687e-06,calm
2012-08-20,1.8938695457627417e-05,3.3930663858682106e-05,calm
2012-08-21,2.3146135653269926e-05,3.7089232017258735e-05,calm
2012-08-22,2.838823948875149e-05,3.984932732470013e-05,calm
2012-08-23,3.187509783471203e-05,2.689926562398257e-05,calm
2012-08-27,3.0911500986330873e-05,2.5538017095215568e-05,calm
2012-08-28,2.9834934952873696e-05,1.2040171559416912e-05,calm
2012-08-29,2.4562874400229458e-05,4.755492678973102e-05,calm
2012-08-30,3.144345760314136e-05,0.0001127480578983,calm
2012-09-04,5.0143498179844854e-05,1.957833649500373e-05,calm
2012-09-05,3.763688676773449e-05,7.66222748124791e-05,calm
2012-09-06,4.577022431492234e-05,1.133639571907586e-05,calm
2012-09-10,2.9361240097259954e-05,1.5029954874582336e-05,calm
2012-09-11,2.5210802295443183e-05,2.601793789320067e-05,calm
2012-09-12,2.6981740899961792e-05,6.025276581838828e-05,calm
2012-09-13,3.453669168474262e-05,4.818068046913037e-05,calm
2012-09-17,3.578851035782107e-05,1.853772857602845e-05,calm
2012-09-18,2.9189527881942363e-05,2.38946300150818e-05,calm
2012-09-19,2.6978401611420923e-05,4.416107314989428e-05,calm
2012-09-20,3.045200009883124e-05,3.041274257982312e-05,calm
2012-09-24,3.0401565097929838e-05,3.423097793865492e-05,calm
2012-09-25,3.0926200835583395e-05,3.591889567568471e-05,calm
2012-09-26,3.327729299606108e-05,3.3672464761823935e-05,calm
2012-09-27,3.5416440348166745e-05,4.069027283187193e-05,calm
2012-10-01,3.4511962844101624e-05,4.984070856673392e-05,calm
2012-10-02,3.9284891912207446e-05,3.138067474574152e-05,calm
2012-10-03,3.592269493019004e-05,3.559074342526186e-05,calm
2012-10-04,3.451768552885148e-05,4.070417846334557e-05,calm
2012-10-08,3.441818506047154e-05,3.174823811372e-05,calm
2012-10-09,3.3425128071153725e-05,2.5290673266691225e-05,calm
2012-10-10,3.2233150261362504e-05,6.139073601278572e-05,calm
2012-10-11,3.923795285166579e-05,2.5330098632767508e-05,calm
2012-10-15,3.4809804247187644e-05,2.785233746867163e-05,calm
2012-10-16,3.187013911457731e-05,1.5745012037851736e-05,calm
2012-10-17,2.6895071567793046e-05,3.540957238847098e-05,calm
2012-10-18,2.974736505925594e-05,6.018656731008063e-05,calm
2012-10-22,3.7588751216721824e-05,0.0001765566189366,calm
2012-10-23,6.529126158820419e-05,5.429834793092829e-05,calm
2012-10-24,6.534115108806937e-05,0.0001083287131471,calm
2012-10-25,7.309440650210113e-05,6.296278117322756e-05,calm
2012-10-31,6.670013708741791e-05,5.3407105091254416e-05,calm
2012-11-01,6.084773348388401e-05,3.741028092080471e-05,calm
2012-11-02,4.7911046210421356e-05,4.516433823150892e-05,calm
2012-11-05,4.7114285003369066e-05,2.421946598864764e-05,calm
2012-11-06,4.0546432585244726e-05,4.121185366659854e-05,calm
2012-11-07,4.029670813990129e-05,0.0002762342394764,calm
2012-11-08,8.051353063216191e-05,6.673557381500837e-05,calm
2012-11-09,7.414246223191854e-05,8.893758769889924e-05,calm
2012-11-12,7.342000660713834e-05,2.352204228345602e-05,calm
2012-11-13,4.6971543762533774e-05,8.837113898340802e-05,calm
2012-11-14,5.445857757418336e-05,7.852655197722172e-05,calm
2012-11-15,6.367317957173945e-05,7.456799350022986e-05,calm
2012-11-16,6.518257201680656e-05,8.976071102457922e-05,calm
2012-11-19,6.404737570528403e-05,0.0001683007005373,calm
2012-11-20,7.706853774397562e-05,6.227230808902253e-05,calm
2012-11-21,6.666751157325894e-05,1.328067877673953e-05,calm
2012-11-23,4.0789102600645074e-05,3.335191367277284e-05,calm
2012-11-26,3.687509025801282e-05,5.280680884305069e-05,calm
2012-11-27,4.104106992827581e-05,4.583094631916258e-05,calm
2012-11-28,4.2868800986151785e-05,9.923239501647353e-05,calm
2012-11-29,5.2642203389408155e-05,8.122214576298956e-05,calm
2012-11-30,5.6882246195579496e-05,2.621522388862159e-05,calm
2012-12-03,4.4868879275726764e-05,5.716781444643248e-05,calm
2012-12-04,4.8100545252869016e-05,3.79428950117525e-05,calm
2012-12-05,4.597606532861638e-05,4.688735870652034e-05,calm
2012-12-06,4.428471472425192e-05,2.7822664154467448e-05,calm
2012-12-07,3.86432281974281e-05,3.756443941463415e-05,calm
2012-12-10,3.737336057891679e-05,1.6628014326916485e-05,calm
2012-12-11,3.086622288224872e-05,3.905595044054508e-05,calm
2012-12-12,3.2655034565216064e-05,3.2103749187647705e-05,calm
2012-12-13,3.38201127109615e-05,3.012319856349701e-05,calm
2012-12-14,3.425251143919635e-05,3.0831574839044194e-05,calm
2012-12-17,3.4715687185498374e-05,3.437120072587716e-05,calm
2012-12-18,3.459766495264707e-05,2.75084785744669e-05,calm
2012-12-19,3.173538301873246e-05,2.5230850792668583e-05,calm
2012-12-20,3.2755933381375175e-05,3.234237026769193e-05,calm
2012-12-21,3.473702988506586e-05,0.0001528189940996,calm
2012-12-24,5.5918882663097935e-05,9.387796808350876e-06,calm
2012-12-26,3.4964498855570336e-05,2.229001460692664e-05,calm
2012-12-27,3.320637881049189e-05,7.522437191522163e-05,calm
2012-12-28,4.53003739931998e-05,6.864994577711682e-05,calm
2012-12-31,6.472466012411753e-05,9.9800112962042e-05,calm
2013-01-02,6.0429226436632764e-05,0.0003998754125332,calm
2013-01-03,8.968108886173067e-05,2.877280132531701e-05,calm
2013-01-04,5.802428788683724e-05,2.059038508901497e-05,calm
2013-01-07,3.855737180816597e-05,3.326206726152528e-05,calm
2013-01-08,3.5193026240265826e-05,2.154543356157129e-05,calm
2013-01-09,3.0425555618712068e-05,1.9297589354295653e-05,calm
2013-01-10,2.7263148002174325e-05,2.0224199506513203e-05,calm
2013-01-11,2.547602767563884e-05,1.058118454845889e-05,calm
2013-01-14,2.1656028962631586e-05,1.5782705881397227e-05,calm
2013-01-15,2.1206915813790766e-05,2.837754542255928e-05,calm
2013-01-16,2.395337328099394e-05,1.355334985286304e-05,calm
2013-01-17,2.2062807852019245e-05,2.429108862798138e-05,calm
2013-01-18,2.355450682255396e-05,1.2861965032070728e-05,calm
2013-01-22,2.0828455857326152e-05,1.2411988371334658e-05,calm
2013-01-23,1.9536861604304468e-05,7.592427693681032e-06,calm
2013-01-24,1.753951409676859e-05,1.8827176710806687e-05,calm
2013-01-25,1.898284679709573e-05,3.02764226577382e-05,calm
2013-01-28,2.2224509065785317e-05,1.262825579769491e-05,calm
2013-01-29,2.099769620292457e-05,1.6187684869431636e-05,calm
2013-01-30,2.077253254761119e-05,2.09092179074234e-05,calm
2013-01-31,2.232181069557087e-05,2.9371916164567862e-05,calm
2013-02-01,2.4875728064157585e-05,4.667615910969572e-05,calm
2013-02-04,2.867106884513243e-05,5.3222324391733134e-05,calm
2013-02-05,3.489613645808197e-05,4.338277753248456e-05,calm
2013-02-06,3.597432722546983e-05,3.696884506327915e-05,calm
2013-02-07,3.497872650541361e-05,3.553096924931811e-05,calm
2013-02-08,3.4205368925317117e-05,1.4858985533263876e-05,calm
2013-02-11,2.730373997222129e-05,8.239588701751283e-06,calm
2013-02-12,2.1428411671784886e-05,7.453805186752834e-06,calm
2013-02-13,1.829421440198372e-05,1.842833059757055e-05,calm
2013-02-14,1.936478512799094e-05,2.3600096409362045e-05,calm
2013-02-15,2.1161997964526575e-05,1.883684365720955e-05,calm
2013-02-19,2.1424594443979724e-05,1.4263749582525975e-05,calm
2013-02-20,2.041966178192923e-05,2.414955318655678e-05,calm
2013-02-21,2.2800686056876635e-05,5.206624911544685e-05,calm
2013-02-22,2.94354464653439e-05,4.186252501170508e-05,calm
2013-02-25,3.15886455957586e-05,8.787405534139898e-05,calm
2013-02-26,4.714403523154121e-05,7.180103692033423e-05,calm
2013-02-27,5.152250456734088e-05,3.30599284682281e-05,calm
2013-02-28,4.2126779103359447e-05,3.1437288786903195e-05,calm
2013-03-01,3.817142810932224e-05,8.625860729561744e-05,calm
2013-03-04,4.6651908813197405e-05,2.7543344456191208e-05,calm
2013-03-05,3.825082824658406e-05,5.865733896844221e-05,calm
2013-03-06,4.0351977020690494e-05,2.3545224786428843e-05,calm
2013-03-07,3.387193351404731e-05,1.5450122880313302e-05,calm
2013-03-08,2.7286482988311068e-05,2.0637116211646523e-05,calm
2013-03-11,2.515346558767458e-05,9.153525703416009e-06,calm
2013-03-12,2.0487401346251266e-05,1.7060011026442335e-05,calm
2013-03-13,2.043891329866206e-05,1.2882094535612389e-05,calm
2013-03-14,1.935133182043695e-05,1.3870996832820092e-05,calm
2013-03-15,1.877013940548825e-05,1.526929430908865e-05,calm
2013-03-18,1.8823899725977938e-05,0.000119838337724,calm
2013-03-19,3.148625356852115e-05,7.129016940563635e-05,calm
2013-03-20,3.978535617972706e-05,5.758186616021913e-05,calm
2013-03-21,4.049683960243789e-05,5.290476289765424e-05,calm
2013-03-22,3.909001281886657e-05,3.332018065767891e-05,calm
2013-03-25,3.462825421053992e-05,4.72878450823159e-05,calm
2013-03-26,3.582704606802961e-05,2.880351498297227e-05,calm
2013-03-27,2.9686047663245577e-05,6.680165414044689e-05,calm
2013-03-28,3.595784001989792e-05,1.258246753277589e-05,calm
2013-04-01,2.6462452697312787e-05,3.444092707341793e-05,calm
2013-04-02,2.9644680554548265e-05,3.440428412456607e-05,calm
2013-04-03,2.9786180920906646e-05,4.033892637543374e-05,calm
2013-04-04,3.5883911905941955e-05,0.0001931349366465,calm
2013-04-08,5.664743171093621e-05,2.3895552756355703e-05,calm
2013-04-09,3.645142989073862e-05,3.6150123460505e-05,calm
2013-04-10,3.0084668444731518e-05,1.84645679879864e-05,calm
2013-04-11,2.5429987513011132e-05,4.448918276009261e-05,calm
2013-04-15,2.8780630838948793e-05,7.275846560740251e-05,calm
2013-04-16,6.186679304964517e-05,0.0001302344265993,calm
2013-04-17,5.78957265823446e-05,6.784704614114405e-05,calm
2013-04-18,5.8888109964345914e-05,3.899180621419903e-05,calm
2013-04-22,5.50075135616877e-05,0.0001851891684182,calm
2013-04-23,5.578222426312721e-05,1.427300166638192e-05,calm
2013-04-24,3.199806688851862e-05,2.610507571500376e-05,calm
2013-04-25,2.8940869078749434e-05,1.7877119257672902e-05,calm
2013-04-29,2.7460298095389195e-05,2.2011346143895227e-05,calm
2013-04-30,2.689053048621891e-05,3.603276479960991e-05,calm
2013-05-01,2.928224862461669e-05,2.494463825834536e-05,calm
2013-05-02,3.188458269078227e-05,0.0001080552857433,calm
2013-05-06,4.277781352339511e-05,1.6900373727138884e-05,calm
2013-05-07,2.9054817104909325e-05,1.046981371066436e-05,calm
2013-05-08,2.2184130533687107e-05,2.6764550271978384e-05,calm
2013-05-09,2.3608924653006236e-05,2.903387023421825e-05,calm
2013-05-13,2.7010985247422835e-05,1.920314015380076e-05,calm
2013-05-14,2.393042861900978e-05,2.4073426285490263e-05,calm
2013-05-15,2.4491939892052266e-05,3.1126669115749685e-05,calm
2013-05-16,2.721529995498403e-05,2.180143436279464e-05,calm
2013-05-20,2.696643955224698e-05,2.9020951579786607e-05,calm
2013-05-21,2.770125771657104e-05,0.0001168216157796,calm
2013-05-22,4.288774504364157e-05,0.0001229516073117,calm
2013-05-23,5.647272726804018e-05,3.206491142063691e-05,calm
2013-05-28,4.0453167418880876e-05,6.382454937748322e-05,calm
2013-05-29,4.239324604086385e-05,2.75371374106984e-05,calm
2013-05-30,3.771803738027539e-05,5.805129493504152e-05,calm
2013-06-03,4.0065777404664186e-05,6.504352802033943e-05,calm
2013-06-04,5.374474361401147e-05,6.130013043479401e-05,calm
2013-06-05,4.563060114434061e-05,6.73316024556623e-05,calm
2013-06-06,4.8694645613352186e-05,4.783716672954495e-05,calm
2013-06-10,4.8245523104033346e-05,0.0001185618538796,calm
2013-06-11,5.410365652892408e-05,7.663961806763483e-05,calm
2013-06-12,5.6933674735113836e-05,4.34500694535026e-05,calm
2013-06-13,5.46699868314891e-05,5.105118700065468e-05,calm
2013-06-17,5.226447257781137e-05,1.816416879585006e-05,calm
2013-06-18,4.368561241681741e-05,0.0001116591987143,calm
2013-06-19,4.8111595754584697e-05,0.0001485521246127,calm
2013-06-20,5.6560071886919025e-05,0.0001465848806463,calm
2013-06-24,6.849227286233029e-05,9.077030782176368e-05,calm
2013-06-25,7.37439608752174e-05,7.500695769578098e-05,calm
2013-06-26,7.305181722618034e-05,4.778856197437349e-05,calm
2013-06-27,6.535277718521373e-05,4.9997614505674e-05,calm
2013-07-01,5.9069026266653254e-05,3.483440749125189e-05,calm
2013-07-02,5.141669236103136e-05,3.332706049070701e-05,calm
2013-07-08,4.5775112638529195e-05,2.329325994875133e-05,calm
2013-07-09,3.9625537622322746e-05,4.5023152651635546e-05,calm
2013-07-10,3.830193082169402e-05,7.846823342796871e-05,calm
2013-07-11,4.0865548709081775e-05,1.213939712636634e-05,calm
2013-07-15,3.45381214744514e-05,1.2745217936119823e-05,calm
2013-07-16,2.525866350690096e-05,2.273870207197657e-05,calm
2013-07-17,2.6354332774924548e-05,1.4100411803922824e-05,calm
2013-07-18,2.363708653300973e-05,1.0021525079290436e-05,calm
2013-07-22,2.086820151267206e-05,9.414115774175669e-06,calm
2013-07-23,1.8404950870088897e-05,1.7825523730800247e-05,calm
2013-07-24,2.0090781762378413e-05,2.1588335771644783e-05,calm
2013-07-25,2.279399772606452e-05,2.809942874066389e-05,calm
2013-07-29,2.5040137132840576e-05,1.8720605010989987e-05,calm
2013-07-30,2.4815236877103434e-05,4.68155537409335e-05,calm
2013-07-31,2.976765940384504e-05,5.5994048253715896e-05,calm
2013-08-01,3.4932144272182414e-05,9.618943555227105e-06,calm
2013-08-05,2.476824634446797e-05,1.565664522492551e-05,calm
2013-08-06,2.161832881348998e-05,2.825318477902079e-05,calm
2013-08-07,2.4488491854635346e-05,2.3951829281094727e-05,calm
2013-08-08,2.569614813909372e-05,1.99360314838056e-05,calm
2013-08-12,2.462152943117071e-05,1.993458763119144e-05,calm
2013-08-13,2.4430971349563834e-05,1.883599974566273e-05,calm
2013-08-14,2.3667210540931246e-05,6.233391068710357e-05,calm
2013-08-15,3.176465611972126e-05,2.8891546149637337e-05,calm
2013-08-19,3.396978568618365e-05,1.5212916813074897e-05,calm
2013-08-20,2.869779185465284e-05,5.745000223594421e-05,calm
2013-08-21,3.204501699257467e-05,1.6766082942989694e-05,calm
2013-08-22,2.889737380651405e-05,1.3268962512877132e-05,calm
2013-08-26,2.4761705073821192e-05,7.525640805707829e-05,calm
2013-08-27,3.238924798020975e-05,2.261651924970445e-05,calm
2013-08-28,3.173067963529944e-05,2.413103326444652e-05,calm
2013-08-29,3.0297423971302657e-05,5.153271462479877e-05,calm
2013-09-03,3.525492565072793e-05,2.234162660140374e-05,calm
2013-09-04,3.23334832717416e-05,1.6898111084971323e-05,calm
2013-09-05,2.8190277933400808e-05,7.434182323475571e-05,calm
2013-09-09,3.563148312379777e-05,2.229045233475752e-05,calm
2013-09-10,3.240770707397195e-05,1.1983048725361513e-05,calm
2013-09-11,2.610094382951421e-05,1.252915781934448e-05,calm
2013-09-12,2.2937309448293766e-05,1.1283075281249904e-05,calm
2013-09-16,2.1230415229480836e-05,6.368149607941947e-06,calm
2013-09-17,1.8794573563980195e-05,5.711972906627449e-05,calm
2013-09-18,2.462063037435474e-05,1.7987318089862578e-05,calm
2013-09-19,2.386102954261374e-05,1.8516697182988106e-05,calm
2013-09-23,2.307363420320191e-05,1.847976451504069e-05,calm
2013-09-24,2.327998691876659e-05,3.24623538010949e-05,calm
2013-09-25,2.569440382176677e-05,2.795398775058528e-05,calm
2013-09-26,2.6724742528381768e-05,2.5725205899953305e-05,calm
2013-09-30,2.6957666911386863e-05,3.313825455835051e-05,calm
2013-10-01,3.120483428382729e-05,4.087825811056895e-05,calm
2013-10-02,3.3589696481162125e-05,7.50730846501711e-05,calm
2013-10-03,4.391310801998015e-05,1.8972115776006096e-05,calm
2013-10-07,3.634820173782712e-05,4.9340451820817575e-05,calm
2013-10-08,4.2586437859695226e-05,4.818721755251e-05,calm
2013-10-09,4.8158618094538044e-05,9.850877046576063e-05,calm
2013-10-10,6.0513285870009334e-05,2.332178400830896e-05,calm
2013-10-14,4.191773012125702e-05,5.4461087311235945e-05,calm
2013-10-15,4.249078334595428e-05,5.886075662534087e-05,calm
2013-10-16,5.026097177111877e-05,2.33430367157146e-05,calm
2013-10-17,3.5976157946324066e-05,1.6452412894633686e-05,calm
2013-10-21,2.753485892006605e-05,2.9907462655190705e-05,calm
2013-10-22,2.733341208485734e-05,2.9454228312545457e-05,calm
2013-10-23,2.7938580159295732e-05,1.299103802915796e-05,calm
2013-10-24,2.3711458042411685e-05,9.513243224253696e-06,calm
2013-10-28,2.012166711809873e-05,9.52664751961964e-06,calm
2013-10-29,1.8463904064503194e-05,1.640520228721243e-05,calm
2013-10-30,1.9344656597116253e-05,3.528202092481608e-05,calm
2013-10-31,2.3714269112260088e-05,3.061737410680147e-05,calm
2013-11-01,2.634475638602907e-05,3.289620876110868e-05,calm
2013-11-04,2.7139837138755034e-05,1.3421313021209632e-05,calm
2013-11-05,2.198727258846619e-05,2.015868145506784e-05,calm
2013-11-06,2.2475281855802675e-05,1.902453704639641e-05,calm
2013-11-07,2.1594471461124928e-05,3.858023697859154e-05,calm
2013-11-08,2.793405751459869e-05,3.4576145673068906e-05,calm
2013-11-11,2.7928736169970714e-05,1.132367533256425e-05,calm
2013-11-12,2.1128900716335272e-05,2.411372822156397e-05,calm
2013-11-13,2.2712078322487878e-05,2.0346271791553305e-05,calm
2013-11-14,2.252668527464626e-05,2.033830996724199e-05,calm
2013-11-15,2.2090324674929313e-05,6.290719167204106e-06,calm
2013-11-18,1.730536649405664e-05,2.259103607789826e-05,calm
2013-11-19,2.084041099555551e-05,3.033770148641362e-05,calm
2013-11-20,2.5095759982026417e-05,3.934409664273176e-05,calm
2013-11-21,2.8698250485912172e-05,1.867593989167085e-05,calm
2013-11-22,2.392849072104492e-05,6.013575982382761e-06,calm
2013-11-25,1.7499538598380586e-05,7.814411027034557e-06,calm
2013-11-26,1.658111995041168e-05,9.038872724685283e-06,calm
2013-11-27,1.6380429934510006e-05,5.7965562825262354e-06,calm
2013-11-29,1.5137180376470824e-05,8.007068260551874e-06,calm
2013-12-02,1.572933177634684e-05,1.342522449108462e-05,calm
2013-12-03,1.7855772650259156e-05,2.3429564339732177e-05,calm
2013-12-04,2.2342195143997252e-05,5.936140594044209e-05,calm
2013-12-05,3.154103131936338e-05,2.9109590566727915e-05,calm
2013-12-06,3.227230223642583e-05,6.818695392308636e-05,calm
2013-12-09,3.458449516687192e-05,1.1847332482892784e-05,calm
2013-12-10,2.4213575952105195e-05,1.0922272434705454e-05,calm
2013-12-11,2.0824819051576578e-05,2.782344446188182e-05,calm
2013-12-12,2.699660575462598e-05,2.9904560948995533e-05,calm
2013-12-13,2.9932202341665234e-05,2.07722015527102e-05,calm
2013-12-16,2.8075071216870354e-05,4.439311236062338e-05,calm
2013-12-17,3.345446275744931e-05,1.9321715141071185e-05,calm
2013-12-18,3.04807188903602e-05,0.0001008888549621,calm
2013-12-19,3.4577028668749426e-05,1.743028477614924e-05,calm
2013-12-20,2.8322859168208154e-05,1.210992995418827e-05,calm
2013-12-23,2.2150803509705457e-05,1.2532225610432078e-05,calm
2013-12-24,1.9079321164146447e-05,1.621000604694435e-06,calm
2013-12-26,1.3441272695982485e-05,4.391827701393773e-06,calm
2013-12-27,1.2148854035019424e-05,5.107946832032988e-06,calm
2013-12-30,1.2248487600733345e-05,3.0790409775692065e-06,calm
2013-12-31,1.2590540942342799e-05,7.969681062367858e-06,calm
2014-01-02,1.3656322856882928e-05,3.255498217488599e-05,calm
2014-01-03,1.957669990760885e-05,1.6415690871481668e-05,calm
2014-01-06,1.913894470134792e-05,2.8232603597865537e-05,calm
2014-01-07,2.1714706404287203e-05,1.5213536311641647e-05,calm
2014-01-08,1.9769922260531534e-05,2.5493329426504343e-05,calm
2014-01-09,2.1382968819240056e-05,2.006325441956697e-05,calm
2014-01-10,2.149184331731028e-05,1.74566389027895e-05,calm
2014-01-13,1.943390136411774e-05,2.2327287699645443e-05,calm
2014-01-14,2.2183505535976336e-05,2.4486920946960045e-05,calm
2014-01-15,2.170806006143435e-05,1.5194090114100053e-05,calm
2014-01-16,1.976488995320585e-05,1.383576628292614e-05,calm
2014-01-17,1.910519821663321e-05,1.3147471880133677e-05,calm
2014-01-21,1.836499517859979e-05,4.4313197711422674e-05,calm
2014-01-22,2.4683865840899782e-05,9.843199115575172e-06,calm
2014-01-23,2.0130730134749432e-05,5.075610160738533e-05,calm
2014-01-24,2.797757072197658e-05,8.223232190305382e-05,calm
2014-01-27,5.842221913105544e-05,6.582663305254619e-05,calm
2014-01-28,5.6327567388105376e-05,2.826139733786185e-05,calm
2014-01-29,3.4922455912262656e-05,0.0001086141458709,calm
2014-01-30,5.3878321107869523e-05,6.086281479405956e-05,calm
2014-01-31,5.603024112611745e-05,0.0001220234512135,calm
2014-02-03,7.289515390861484e-05,9.347750947434678e-05,calm
2014-02-04,9.846242854235569e-05,6.723097597798058e-05,calm
2014-02-05,6.693640892076752e-05,8.59228728036382e-05,calm
2014-02-06,7.523602507778136e-05,3.108233233136862e-05,calm
2014-02-07,4.4688523266979364e-05,4.273847213232206e-05,calm
2014-02-10,3.574123881668509e-05,9.764488430791248e-06,calm
2014-02-11,2.601347146014147e-05,1.7329855172087688e-05,calm
2014-02-12,2.2691689511445078e-05,2.1005101743389755e-05,calm
2014-02-13,2.2921030189481435e-05,2.4270841032429988e-05,calm
2014-02-14,2.4080015118332974e-05,1.4683413929556131e-05,calm
2014-02-18,2.1258990589191294e-05,1.2511295189463475e-05,calm
2014-02-19,2.0075709657902114e-05,2.9636052533792185e-05,calm
2014-02-20,2.698863680481719e-05,2.6279029763340085e-05,calm
2014-02-21,2.6844423275421483e-05,1.6938636396276435e-05,calm
2014-02-24,2.3794623888394752e-05,3.39708807950838e-05,calm
2014-02-25,2.559113580912394e-05,3.2277348614820194e-05,calm
2014-02-26,2.63545074374292e-05,2.9930726015769184e-05,calm
2014-02-27,2.860844355657813e-05,2.751119505590636e-05,calm
2014-02-28,2.748480698888429e-05,3.734304790226732e-05,calm
2014-03-03,2.9274049262233105e-05,8.342618306575553e-05,calm
2014-03-04,4.698396592740706e-05,9.3614935484596e-05,calm
2014-03-05,4.645428846921844e-05,1.7253413593025153e-05,calm
2014-03-06,3.0006845880794395e-05,1.632783587567663e-05,calm
2014-03-07,2.531502989111803e-05,3.0768694494235355e-05,calm
2014-03-10,2.7130117073552607e-05,2.25765886549322e-05,calm
2014-03-11,2.6497927532548797e-05,2.5070371853746097e-05,calm
2014-03-12,2.7833686538568575e-05,4.582604649869859e-05,calm
2014-03-13,3.1655141791865725e-05,5.3405591768386525e-05,calm
2014-03-14,4.272263675456027e-05,4.645109377820266e-05,calm
2014-03-17,5.034100495382302e-05,5.589180602092489e-05,calm
2014-03-18,4.076421950553916e-05,2.3263023353014805e-05,calm
2014-03-19,2.9463833452336506e-05,5.737088070832004e-05,calm
2014-03-20,3.638541501109819e-05,2.949287112236503e-05,calm
2014-03-21,3.239824857655984e-05,5.056763880684458e-05,calm
2014-03-24,3.6475986147542334e-05,4.8363864278947446e-05,calm
2014-03-25,3.895559170159112e-05,5.831252666388808e-05,calm
2014-03-26,3.765285018045635e-05,4.157790890410236e-05,calm
2014-03-27,3.891361320410362e-05,6.379952705465706e-05,calm
2014-03-28,4.186367270340042e-05,3.804033180967874e-05,calm
2014-03-31,3.713324276513198e-05,2.269375051233956e-05,calm
2014-04-01,2.9298138110240326e-05,1.3909287911723622e-05,calm
2014-04-02,2.2672719670227995e-05,1.4625970831712455e-05,calm
2014-04-03,2.0957284639411937e-05,6.011205235983724e-05,calm
2014-04-07,2.9258969842611544e-05,3.9192443304214673e-05,calm
2014-04-08,3.891790387390121e-05,2.993915332631872e-05,calm
2014-04-09,3.396074013464377e-05,6.909755602998558e-05,calm
2014-04-10,3.5726348276116825e-05,0.0001014775653329,calm
2014-04-14,5.533237843869598e-05,8.425775870122111e-05,calm
2014-04-15,5.928611054351052e-05,4.70572752713774e-05,calm
2014-04-16,4.677321872041792e-05,2.2433936352456448e-05,calm
2014-04-21,3.1437493185594445e-05,1.0764188861432677e-05,calm
2014-04-22,2.237923092266038e-05,1.3286724420686067e-05,calm
2014-04-23,2.0314994314019997e-05,3.470482849251508e-05,calm
2014-04-24,2.4094536788624306e-05,3.438580766340725e-05,calm
2014-04-28,2.7449530988082894e-05,2.5018948125162e-05,calm
2014-04-29,2.8658313564414575e-05,2.4780821503217164e-05,calm
2014-04-30,2.721746936834807e-05,2.035526524518403e-05,calm
2014-05-01,2.475063872025122e-05,3.165960800692476e-05,calm
2014-05-05,2.5980583266559425e-05,2.632450172204425e-05,calm
2014-05-06,2.6211492488200517e-05,8.045673224661617e-05,calm
2014-05-07,3.656098185622984e-05,2.6975789732296e-05,calm
2014-05-08,3.113133762350917e-05,3.1153749602300084e-05,calm
2014-05-12,2.940628451355153e-05,1.0046886386702469e-05,calm
2014-05-13,2.0556422520397526e-05,1.5017947116438884e-05,calm
2014-05-14,1.9119028885468122e-05,4.776460280175509e-05,calm
2014-05-15,2.4256428828139915e-05,2.186866437842763e-05,calm
2014-05-19,2.6166173695336248e-05,2.740339562849116e-05,calm
2014-05-20,2.480753900903561e-05,2.4424051146246227e-05,calm
2014-05-21,2.561314952445874e-05,9.102822141658089e-06,calm
2014-05-22,1.8927808193500185e-05,4.2404805931385175e-06,calm
2014-05-27,1.526608423725749e-05,8.592864800407318e-06,calm
2014-05-28,1.4130780108619515e-05,1.3170070810721676e-05,calm
2014-05-29,1.521469135258633e-05,8.388390980888676e-06,calm
2014-06-02,1.4809140867128424e-05,9.464119302739543e-06,calm
2014-06-03,1.4843326696566069e-05,8.651989023105447e-06,calm
2014-06-04,1.505901355811027e-05,1.5215754666660785e-05,calm
2014-06-05,1.67459698430797e-05,7.234254948140449e-06,calm
2014-06-09,1.5067342671031422e-05,8.821032854256658e-06,calm
2014-06-10,1.4067988233348279e-05,1.692376753719989e-05,calm
2014-06-11,1.5403481281877027e-05,1.749788437222487e-05,calm
2014-06-12,1.777995883287254e-05,1.886188346007451e-05,calm
2014-06-16,2.0758756659039407e-05,1.3773249344453452e-05,calm
2014-06-17,2.008386293423916e-05,1.7581724974053463e-05,calm
2014-06-18,1.9082561127890597e-05,8.484442864586072e-06,calm
2014-06-19,1.4847346350002337e-05,5.449514293107676e-06,calm
2014-06-23,1.3114053417168241e-05,1.863857961832542e-05,calm
2014-06-24,1.5408064500419747e-05,1.432986159269898e-05,calm
2014-06-25,1.7947758434114956e-05,2.4629849857391726e-05,calm
2014-06-26,1.9740320066813572e-05,1.2557713804722656e-05,calm
2014-06-30,1.8344530319211043e-05,1.3610707222866602e-05,calm
2014-07-01,1.7619863534783012e-05,6.839116085277049e-06,calm
2014-07-02,1.4916805709852329e-05,1.0068894848068287e-05,calm
2014-07-07,1.431258150628217e-05,3.124160500741984e-05,calm
2014-07-08,1.8774880288923644e-05,2.0993975664375785e-05,calm
2014-07-09,2.1310154667024103e-05,5.79303587850029e-05,calm
2014-07-10,2.7165608815870014e-05,1.2309458931595492e-05,calm
2014-07-14,2.3154469304383633e-05,2.903549418137704e-05,calm
2014-07-15,2.266792236911687e-05,1.998787822237521e-05,calm
2014-07-16,2.185798102149086e-05,4.120691073105928e-05,calm
2014-07-17,2.3482207434428175e-05,1.5824295009948178e-05,calm
2014-07-21,2.763245470718939e-05,1.4176089147610271e-05,calm
2014-07-22,2.1327612135951168e-05,6.378217361452572e-06,calm
2014-07-23,1.6259254597096313e-05,7.606670122782801e-06,calm
2014-07-24,1.4176543015822533e-05,1.8742695439256283e-05,calm
2014-07-28,1.644643879784365e-05,2.102882084133566e-05,calm
2014-07-29,1.993883708696408e-05,3.673981415625514e-05,calm
2014-07-30,2.5987691297797276e-05,7.498894714816631e-05,calm
2014-07-31,3.422293460622307e-05,6.929399510765835e-05,calm
2014-08-04,5.1483701120914555e-05,7.863206028977103e-05,calm
2014-08-05,4.9141108146578345e-05,4.5570976655233086e-05,calm
2014-08-06,4.81548570155701e-05,5.089090869846185e-05,calm
2014-08-07,4.4942691203173735e-05,2.661382053678212e-05,calm
2014-08-11,3.751081119099102e-05,2.188207537404568e-05,calm
2014-08-12,2.7168377779693963e-05,2.099890876524209e-05,calm
2014-08-13,2.457998053041902e-05,7.072120466657227e-06,calm
2014-08-14,1.7931563377384903e-05,5.6227623810201833e-05,calm
2014-08-18,2.351573778506327e-05,6.480536481918808e-06,calm
2014-08-19,1.805502606467768e-05,9.097529504986305e-06,calm
2014-08-20,1.6286901323747398e-05,8.385063712147303e-06,calm
2014-08-21,1.5002217453423676e-05,1.8212536754611167e-05,calm
2014-08-25,1.6740599869847286e-05,5.645300098606631e-06,calm
2014-08-26,1.4607015892154391e-05,5.8310826444656175e-06,calm
2014-08-27,1.3451174344877555e-05,1.6234288012210944e-05,calm
2014-08-28,1.5425009251423618e-05,6.446305148309068e-06,calm
2014-09-02,1.4540267980768838e-05,1.3796866691156124e-05,calm
2014-09-03,1.589675217859601e-05,1.67219452967307e-05,calm
2014-09-04,1.7523530238033024e-05,2.0915204961527645e-05,calm
2014-09-08,1.9663952221773756e-05,2.850033914434904e-05,calm
2014-09-09,2.2516522586839998e-05,2.705961954332965e-05,calm
2014-09-10,2.5638774984324653e-05,1.85173998252606e-05,calm
2014-09-11,2.2608003394651575e-05,2.251821818721897e-05,calm
2014-09-15,2.222419892018427e-05,1.941083603279793e-05,calm
2014-09-16,2.4390518332509596e-05,5.142244194020097e-05,calm
2014-09-17,2.6678877481241745e-05,1.3719309955959049e-05,calm
2014-09-18,2.1561107915110596e-05,2.09178966687388e-05,calm
2014-09-22,2.0318079254027546e-05,2.4309875219891143e-05,calm
2014-09-23,2.4898012641414016e-05,1.6788985486162414e-05,calm
2014-09-24,2.6442387073242438e-05,4.951358249980574e-05,calm
2014-09-25,2.737565279465643e-05,3.5827378454109e-05,calm
2014-09-29,3.516961223859233e-05,3.650771411318751e-05,calm
2014-09-30,3.731348994139626e-05,6.01365152988437e-05,calm
2014-10-01,4.30259698066157e-05,5.608382923733591e-05,calm
2014-10-02,4.623569203287944e-05,6.535619598575353e-05,calm
2014-10-06,4.588235643804119e-05,7.375765281718454e-05,calm
2014-10-07,4.57961517059548e-05,7.971506319761429e-05,calm
2014-10-08,5.931972848282706e-05,0.0001093480946014,calm
2014-10-09,5.433277278597591e-05,0.0001223166848744,calm
2014-10-13,8.679567819699733e-05,0.0001526990445934,calm
2014-10-14,0.00017552434975343494,0.0005307264971161,calm
2014-10-15,0.00019617193118804193,0.0002749281377898,calm
2014-10-16,0.00021711650562092187,0.000156196230029,calm
2014-10-20,0.00017849704931091614,5.620975112275648e-05,calm
2014-10-21,7.146076163438261e-05,5.541257042816844e-05,calm
2014-10-22,5.327809092753457e-05,0.0001064367330651,calm
2014-10-23,7.420060083187839e-05,3.491652911047621e-05,calm
2014-10-27,5.093878148474343e-05,3.94462981019674e-05,calm
2014-10-28,4.315013186287846e-05,2.640519783716124e-05,calm
2014-10-29,3.2034016552611995e-05,5.146028045535702e-05,calm
2014-10-30,3.7711304492448256e-05,3.1466216554577235e-05,calm
2014-10-31,3.3935057785228865e-05,5.483653212687467e-05,calm
2014-11-03,3.58808250785613e-05,2.1125208524310976e-05,calm
2014-11-04,3.18182675138933e-05,2.73830339535074e-05,calm
2014-11-05,3.102323381852252e-05,3.47817030207061e-05,calm
2014-11-06,3.0112917086274467e-05,1.597485561648219e-05,calm
2014-11-07,2.419550928874274e-05,2.016683299168648e-05,calm
2014-11-10,2.225290528162372e-05,8.090917041470939e-06,calm
2014-11-11,1.777906303217561e-05,6.695128713459507e-06,calm
2014-11-12,1.589143393423779e-05,1.645304972780246e-05,calm
2014-11-13,1.7607839790780592e-05,2.5777811880382216e-05,calm
2014-11-14,2.2064603491785923e-05,1.0501168117429346e-05,calm
2014-11-17,1.9202750718600853e-05,1.265346858573244e-05,calm
2014-11-18,1.921357656804595e-05,8.55520273583579e-06,calm
2014-11-19,1.757798942517926e-05,2.6752144224125204e-05,calm
2014-11-20,2.076177146271807e-05,1.4235862026734032e-05,calm
2014-11-21,1.9804910031544166e-05,4.36902068784148e-05,calm
2014-11-24,2.3252537851746587e-05,9.238204628444869e-06,calm
2014-11-25,1.879612855454504e-05,1.0962680270208904e-05,calm
2014-11-26,1.6756861082335247e-05,3.524644492703975e-06,calm
2014-11-28,1.3673362424573989e-05,9.071010000709348e-06,calm
2014-12-01,1.5106786254530474e-05,3.644206377736958e-05,calm
2014-12-02,2.187366833402006e-05,1.467920912453094e-05,calm
2014-12-03,1.9447201172959783e-05,7.223047718103304e-06,calm
2014-12-04,1.5834267199219223e-05,1.8450776548168065e-05,calm
2014-12-05,1.710467118809288e-05,1.3303271100312171e-05,calm
2014-12-08,1.6805423874414896e-05,3.0153752985374903e-05,calm
2014-12-09,2.3995545524361937e-05,0.0001034389972265,calm
2014-12-10,4.149489425884048e-05,6.963512134630321e-05,calm
2014-12-11,6.201187028924028e-05,7.290374212756302e-05,calm
2014-12-12,7.160515339415793e-05,8.357577012523791e-05,calm
2014-12-15,7.834238675028774e-05,0.0001632180876829,calm
2014-12-16,8.962441635424257e-05,0.0001549156706396,calm
2014-12-17,0.0001364762259923197,0.0001654281486396,calm
2014-12-18,8.869032980516411e-05,0.0001069418422587,calm
2014-12-19,6.262613142879526e-05,3.47121798508516e-05,calm
2014-12-22,4.929049571256169e-05,1.2439030651961284e-05,calm
2014-12-23,3.1922956755716614e-05,1.101391803077905e-05,calm
2014-12-24,2.4366597090856776e-05,4.629956709643552e-06,calm
2014-12-26,1.7678337718214006e-05,6.353623343252677e-06,calm
2014-12-29,1.5951603569718226e-05,5.678652635523041e-06,calm
2014-12-30,1.569029378484697e-05,9.05043589606688e-06,calm
2014-12-31,1.7287180927790523e-05,2.385971418313836e-05,calm
2015-01-02,2.833830886169604e-05,8.393689872199112e-05,calm
2015-01-05,3.681658552522472e-05,7.000254995995878e-05,calm
2015-01-06,5.3811473210651115e-05,0.0001109926003666,calm
2015-01-07,7.516837455642152e-05,8.179144119369233e-05,calm
2015-01-08,6.084967501899396e-05,7.158324341611025e-05,calm
2015-01-09,4.545521620154802e-05,6.252698796162382e-05,calm
2015-01-12,5.0242979166543634e-05,6.71807652791036e-05,calm
2015-01-13,6.818766896744759e-05,0.000218888303089,calm
2015-01-14,0.00010250074159854311,0.0001470620047225,calm
2015-01-15,0.00011106504332212004,0.0001033176826294,calm
2015-01-16,0.00010870738042669705,6.435800111118137e-05,calm
2015-01-20,7.89541188274193e-05,8.369506291613243e-05,calm
2015-01-21,7.237428848194025e-05,0.0001001386955847,calm
2015-01-22,7.116528078456085e-05,6.104666075791229e-05,calm
2015-01-23,5.1607156801807584e-05,2.490976373588993e-05,calm
2015-01-26,4.069622876400732e-05,3.0057934203207617e-05,calm
2015-01-27,3.460653225062319e-05,0.0001025980177656,calm
2015-01-28,5.452638276214162e-05,9.283647280670598e-05,calm
2015-01-29,8.636750799508215e-05,8.760700992406689e-05,calm
2015-01-30,7.121626077599587e-05,9.797752443947122e-05,calm
2015-02-02,8.828527136670802e-05,0.0001178237333231,calm
2015-02-03,8.26683189036759e-05,8.8596027653597e-05,calm
2015-02-04,6.395813495419219e-05,6.655153789020657e-05,calm
2015-02-05,6.606275812875211e-05,3.3972660537892096e-05,calm
2015-02-06,4.7259287606273645e-05,4.128598070560855e-05,calm
2015-02-09,4.616529216030237e-05,3.361651919556129e-05,calm
2015-02-10,4.81577278026757e-05,3.876286406392712e-05,calm
2015-02-11,4.121948439583528e-05,2.78865150141242e-05,calm
2015-02-12,3.5612461494774765e-05,2.6327285900889857e-05,calm
2015-02-13,2.9019074108083593e-05,1.0438278218809913e-05,calm
2015-02-17,2.192288412864789e-05,1.5039672661446071e-05,calm
2015-02-18,2.3228583957505458e-05,1.9164217712056792e-05,calm
2015-02-19,2.3483420380098413e-05,2.0193230038117703e-05,calm
2015-02-20,2.3317184131029116e-05,2.066686457517161e-05,calm
2015-02-23,2.1539899416109547e-05,1.1293218266957847e-05,calm
2015-02-24,1.9671795734132722e-05,1.0162144445371092e-05,calm
2015-02-25,1.704072392808603e-05,1.0110770873164508e-05,calm
2015-02-26,1.646194798403516e-05,1.9689896972825748e-05,calm
2015-02-27,1.8628696570180875e-05,1.2043023486016288e-05,calm
2015-03-02,1.7363135092938866e-05,7.116018987448756e-06,calm
2015-03-03,1.4963144709829938e-05,2.5070915753435683e-05,calm
2015-03-04,1.905373750691234e-05,4.459268149640231e-05,calm
2015-03-05,2.610459982848956e-05,1.2745205479720943e-05,calm
2015-03-06,2.214225697961147e-05,5.4549013368688246e-05,calm
2015-03-09,3.050462732856658e-05,1.5063698040724552e-05,calm
2015-03-10,2.623050313084566e-05,7.056664450321935e-05,calm
2015-03-11,3.9047621183393075e-05,3.489358340088534e-05,calm
2015-03-12,3.955825735342474e-05,4.255188558676436e-05,calm
2015-03-13,3.357874438179153e-05,4.969189725334651e-05,calm
2015-03-16,3.7249632004614965e-05,2.7444917209027167e-05,calm
2015-03-17,3.329579552773295e-05,3.480892587259122e-05,calm
2015-03-18,3.327486786968602e-05,0.00011055279768,calm
2015-03-19,3.857711220277311e-05,3.058922211959946e-05,calm
2015-03-20,3.351751439362454e-05,4.436875030335914e-05,calm
2015-03-23,3.165629691254589e-05,1.395834852779248e-05,calm
2015-03-24,2.4104401706338015e-05,2.033429525534712e-05,calm
2015-03-25,2.3687446498587515e-05,4.7134516609593225e-05,calm
2015-03-26,3.3376463815797056e-05,7.630798995416656e-05,calm
2015-03-27,4.4705650146823496e-05,3.439986511001091e-05,calm
2015-03-30,3.678291092026491e-05,4.181476622511771e-05,calm
2015-03-31,3.4312736354552345e-05,5.419297446997972e-05,calm
2015-04-01,3.927170541336319e-05,2.5949141038844264e-05,calm
2015-04-06,3.29375531749501e-05,1.959745779644124e-05,calm
2015-04-07,2.731808725808927e-05,5.159969699934312e-05,calm
2015-04-08,3.3249612505694825e-05,3.572380251355154e-05,calm
2015-04-09,3.1439536448066797e-05,8.039501302828337e-06,calm
2015-04-13,2.0116353388608017e-05,2.765794121412613e-05,calm
2015-04-14,2.3680140328194174e-05,2.0081054133730803e-05,calm
2015-04-15,2.3348984786101113e-05,1.6663525728630253e-05,calm
2015-04-16,2.088609440110449e-05,5.788914854298128e-05,calm
2015-04-20,2.7407279700785733e-05,2.051603514893473e-05,calm
2015-04-21,2.5210181677735197e-05,2.10586152275771e-05,calm
2015-04-22,2.3759291552833783e-05,2.4385842428039166e-05,calm
2015-04-23,2.326879259546219e-05,1.0717125546176991e-05,calm
2015-04-27,1.861269808917551e-05,4.1520945459929736e-05,calm
2015-04-28,2.489615832702946e-05,4.38421116345614e-05,calm
2015-04-29,2.7458576109268608e-05,4.952650378701195e-05,calm
2015-04-30,3.26401116836739e-05,4.525073403299557e-05,calm
2015-05-04,3.7559155359204645e-05,3.256789883624878e-05,calm
2015-05-05,2.9143814991318554e-05,8.591818382940415e-05,calm
2015-05-06,4.051237399734033e-05,3.141407626793183e-05,calm
2015-05-07,3.848396973769084e-05,7.568705464551436e-05,calm
2015-05-11,4.430568990216632e-05,6.69658147591283e-05,calm
2015-05-12,4.0182632692718464e-05,4.468006802821108e-05,calm
2015-05-13,3.5900548770602675e-05,3.0107705704906043e-05,calm
2015-05-14,3.1411285909645976e-05,1.1470029429009245e-05,calm
2015-05-18,2.164175386976166e-05,9.760751055191765e-06,calm
2015-05-19,1.8267448750602744e-05,1.754118763974536e-05,calm
2015-05-20,1.9731339152100282e-05,7.831418272656655e-06,calm
2015-05-21,1.7255363477075044e-05,1.0952655989474126e-05,calm
2015-05-26,1.5914669819116493e-05,1.6205064646370083e-05,calm
2015-05-27,2.020255715624486e-05,1.9273192356801182e-05,calm
2015-05-28,2.096714290387258e-05,2.867199437149248e-05,calm
2015-06-01,2.341480802321064e-05,3.07227423688792e-05,calm
2015-06-02,2.704841968502764e-05,1.89164373129325e-05,calm
2015-06-03,2.6491824222088608e-05,4.535150293478719e-05,calm
2015-06-04,2.8460258141329955e-05,3.431814101928034e-05,calm
2015-06-08,3.257895345268075e-05,2.216471795533316e-05,calm
2015-06-09,3.1528046138378844e-05,3.8922308277426926e-05,calm
2015-06-10,3.008233541378282e-05,1.979400300688283e-05,calm
2015-06-11,2.2896205070711252e-05,2.659360208940352e-05,calm
2015-06-15,2.220788630127493e-05,2.778301017712598e-05,calm
2015-06-16,3.170765307784656e-05,4.115871305973063e-05,calm
2015-06-17,3.4067197546451186e-05,3.1951916864025484e-05,calm
2015-06-18,3.0405362761012684e-05,1.1177589964287142e-05,calm
2015-06-22,2.031507464040486e-05,1.04942336501249e-05,calm
2015-06-23,1.7100643581879672e-05,1.428193517801018e-05,calm
2015-06-24,1.649471333321462e-05,1.679771930681694e-05,calm
2015-06-25,1.971270664838878e-05,2.311201029177642e-05,calm
2015-06-29,2.4146229144865753e-05,8.090298160519314e-05,calm
2015-06-30,5.9625066651345595e-05,5.972962644847797e-05,calm
2015-07-01,6.0457893513117804e-05,2.145616968626627e-05,calm
2015-07-06,3.1522854335877664e-05,8.967051896085895e-05,calm
2015-07-07,4.312576864602739e-05,8.680027755391248e-05,calm
2015-07-08,4.8733326396724545e-05,0.000172045206542,calm
2015-07-09,9.271424467917119e-05,0.0001261474397335,calm
2015-07-13,9.633189865825829e-05,5.898326706894606e-06,calm
2015-07-14,2.3853344215051072e-05,1.3534406511731926e-05,calm
2015-07-15,1.8187559204006425e-05,1.564003693775467e-05,calm
2015-07-16,1.8838864152890733e-05,5.875470183850092e-06,calm
2015-07-20,1.4486124954153859e-05,1.061416362282411e-05,calm
2015-07-21,1.4415053189733054e-05,1.8905256365101385e-05,calm
2015-07-22,1.6686446446447847e-05,1.5986097328116113e-05,calm
2015-07-23,1.7594135999175698e-05,1.988811303397917e-05,calm
2015-07-27,2.0009873673094246e-05,2.887604567525071e-05,calm
2015-07-28,3.160704994858387e-05,2.023068219141375e-05,calm
2015-07-29,2.45278164203386e-05,2.099638299948244e-05,calm
2015-07-30,1.9911760206634296e-05,1.4739562498244244e-05,calm
2015-08-03,1.810994254215853e-05,2.3256507331030107e-05,calm
2015-08-04,2.0907205788559243e-05,4.158276992357377e-05,calm
2015-08-05,2.6837008767302128e-05,2.929247898906699e-05,calm
2015-08-06,2.56036422363448e-05,3.3186791116096485e-05,calm
2015-08-10,2.9354795550003296e-05,6.761660146297476e-05,calm
2015-08-11,3.052937601181185e-05,0.0001146473412212,calm
2015-08-12,4.4121006218227166e-05,4.1283068586028896e-05,calm
2015-08-13,3.824835177639297e-05,1.654905366488865e-05,calm
2015-08-17,2.7077955558165287e-05,1.3557625861417415e-05,calm
2015-08-18,2.187705574801921e-05,9.018282192045208e-05,calm
2015-08-19,3.5305858635154786e-05,0.0001152339791299,calm
2015-08-20,5.480324543665915e-05,0.0002313861763627,calm
2015-08-24,0.00010644368530378259,0.0007348025234109,calm
2015-08-25,0.0007785089373723482,0.0008079402565357,calm
2015-08-26,0.0005960904988461363,0.0003596786887537,calm
2015-08-27,0.00025515836045222456,9.132358953607384e-05,calm
2015-08-31,0.0001317678539306138,0.0005039922901797,calm
2015-09-01,0.0002685840114053907,0.0002116034331781,calm
2015-09-02,0.00028814803075490205,9.859737401033296e-05,calm
2015-09-03,0.00013210521203024984,0.0002072764213693,calm
2015-09-08,0.00014881084197405868,0.0001241085372017,calm
2015-09-09,0.00012903108147651493,7.67793517954313e-05,calm
2015-09-10,0.0001238541815733658,6.484227262160301e-05,calm
2015-09-14,9.269671621359976e-05,3.1016293334707526e-05,calm
2015-09-15,7.153839326900898e-05,3.515371948414369e-05,calm
2015-09-16,5.608921339042358e-05,0.0001636573230986,calm
2015-09-17,6.52091735232002e-05,0.0001854841024235,calm
2015-09-21,7.997077922575161e-05,0.0001710237907088,calm
2015-09-22,8.247572069533936e-05,5.734748391249309e-05,calm
2015-09-23,8.321268645539123e-05,0.0001090146184684,calm
2015-09-24,8.692325606249446e-05,0.000107031304058,calm
2015-09-28,9.810098853594096e-05,0.0001396604009636,calm
2015-09-29,0.00014859062290338646,0.0002236902304275,calm
2015-09-30,0.00015337454916282796,0.0001301955432231,calm
2015-10-01,0.00010812397351661126,0.0002867937749064,calm
2015-10-05,0.0001082062530813785,4.6635916715215616e-05,calm
2015-10-06,6.278945024427217e-05,8.970934433972721e-05,calm
2015-10-07,6.300659087449335e-05,5.056069266027188e-05,calm
2015-10-08,5.314095305882457e-05,2.8545146237442994e-05,calm
2015-10-12,3.950922166231761e-05,3.782593237155144e-05,calm
2015-10-13,3.358349364340485e-05,4.69489801271934e-05,calm
2015-10-14,4.020160255645938e-05,2.882521131682417e-05,calm
2015-10-15,3.910441747739526e-05,2.62763611867428e-05,calm
2015-10-19,2.9693762913000672e-05,2.542504280458696e-05,calm
2015-10-20,2.5349898630399633e-05,5.582778529318999e-05,calm
2015-10-21,3.336240448803199e-05,5.869748797843458e-05,calm
2015-10-22,4.320604531799654e-05,7.240403077354259e-05,calm
2015-10-26,3.8903353737746536e-05,1.4609866583404836e-05,calm
2015-10-27,2.8552587339972533e-05,3.436664180704787e-05,calm
2015-10-28,3.060944105407294e-05,8.854540411661334e-05,calm
2015-10-29,3.75678386651561e-05,2.3174636266700817e-05,calm
2015-10-30,3.121315999826235e-05,2.8544039185409207e-05,calm
2015-11-02,3.1053059868620724e-05,1.767918118623745e-05,calm
2015-11-03,2.497133682808066e-05,2.3385037435400788e-05,calm
2015-11-04,2.5661487166371534e-05,3.774662625980252e-05,calm
2015-11-05,3.247321068856035e-05,3.409690389583703e-05,calm
2015-11-06,3.223656328173699e-05,3.64143064660928e-05,calm
2015-11-09,3.003859048489757e-05,5.798645347761676e-05,calm
2015-11-10,4.300852302284469e-05,3.024721906389688e-05,calm
2015-11-11,3.499593894251101e-05,2.238476663228424e-05,calm
2015-11-12,3.182690299099215e-05,7.627674966536796e-05,calm
2015-11-13,5.277880406313906e-05,4.4508000640044246e-05,calm
2015-11-16,6.256697215092834e-05,5.117436841654664e-05,calm
2015-11-17,4.801357159261314e-05,5.661560122017896e-05,calm
2015-11-18,5.074754487229395e-05,5.0406961164692486e-05,calm
2015-11-19,4.190202728992032e-05,2.157341214131059e-05,calm
2015-11-20,3.4247574543964236e-05,3.239403048710993e-05,calm
2015-11-23,2.9820664101410056e-05,1.880805872806001e-05,calm
2015-11-24,2.6810682097545867e-05,4.270956238367367e-05,calm
2015-11-25,3.220456613177821e-05,1.0244684804753443e-05,calm
2015-11-27,2.334047738966635e-05,6.171518430109994e-06,calm
2015-11-30,1.7995601259524455e-05,1.957495992814094e-05,calm
2015-12-01,2.1296230591114787e-05,3.872522470796115e-05,calm
2015-12-02,2.4433323930887493e-05,2.703080286992145e-05,calm
2015-12-03,2.7603707323078685e-05,7.105816453554806e-05,calm
2015-12-04,4.36318472848975e-05,7.14316777294948e-05,calm
2015-12-07,3.8980521069577964e-05,6.567393151636108e-05,calm
2015-12-08,4.272454099769494e-05,0.0001643245333882,calm
2015-12-09,6.850360119024042e-05,0.0001100129823886,calm
2015-12-10,8.586570846235831e-05,6.100504190334813e-05,calm
2015-12-11,6.909327397803232e-05,0.0001346940374665,calm
2015-12-14,0.00012398180432722944,0.00015360914132,calm
2015-12-15,0.00011809832547566546,0.0001125688262275,calm
2015-12-16,9.116308938212058e-05,9.666742574173168e-05,calm
2015-12-17,6.700378553786931e-05,8.192657358252532e-05,calm
2015-12-18,7.12442873495288e-05,9.51357847561858e-05,calm
2015-12-21,8.864844361440184e-05,7.86601826649533e-05,calm
2015-12-22,7.033538760311486e-05,4.096532059222434e-05,calm
2015-12-23,4.6926974630856575e-05,3.4114824881032985e-05,calm
2015-12-24,3.7551054395338724e-05,7.84666718444164e-06,calm
2015-12-28,2.5339942325006602e-05,2.968548038363876e-05,calm
2015-12-29,3.066551951938927e-05,4.030573473272693e-05,calm
2015-12-30,3.323436954672845e-05,1.907770174864376e-05,calm
2015-12-31,3.347932130023535e-05,4.822906299582498e-05,calm
2016-01-04,4.4344467676947476e-05,0.0003475967057265,calm
2016-01-05,0.00010391143302489981,6.259653966025944e-05,calm
2016-01-06,7.322903796286081e-05,0.000198654600498,calm
2016-01-07,0.0001005620136600382,0.000391136516861,calm
2016-01-08,0.00022896377907823522,0.000176278050225,calm
2016-01-11,0.00022616884834322722,0.0001621050475013,calm
2016-01-12,0.00014315952294288004,0.0001784905990147,calm
2016-01-13,0.00012528513027337197,0.0002053996293201,calm
2016-01-14,0.00019584373413828482,0.0001629029916617,calm
2016-01-15,0.00015316813268375054,0.0005090396458508,calm
2016-01-19,0.0002890211598292676,0.0001999510292112,calm
2016-01-20,0.0001922094833215796,0.0004369341691967,calm
2016-01-21,0.000280453870318895,0.0002972309481129,calm
2016-01-22,0.00022071384737194105,0.0001823074485602,calm
2016-01-25,0.00012338160963723549,7.110334489338955e-05,calm
2016-01-26,0.00012516594851263974,0.0001283479543495,calm
2016-01-27,0.00011887589415186673,0.0002011773382034,calm
2016-01-28,0.0001417184644232343,0.0002575898176599,calm
2016-01-29,0.00014209727883951524,7.439398758913607e-05,calm
2016-02-01,8.28644929703257e-05,0.0001229259695034,calm
2016-02-02,8.96571428470175e-05,0.0001200661904025,calm
2016-02-03,0.00011709757382024968,0.0002759621865031,calm
2016-02-04,0.0001391007471046807,0.0001841001755638,calm
2016-02-05,0.00013241863684262522,0.0001420476696324,calm
2016-02-08,0.00014773028666916524,0.0002934881269109,calm
2016-02-09,0.00023611122657553213,0.0002971805305516,calm
2016-02-10,0.00023735684174135927,0.0001650259148464,calm
2016-02-11,0.00018778526864924122,0.0003050485690708,calm
2016-02-12,0.0002696821151920893,9.697953334838142e-05,calm
2016-02-16,0.00013972926152832813,9.253123120172068e-05,calm
2016-02-17,0.000120506411548766,7.345017607891506e-05,calm
2016-02-18,9.101607875387907e-05,4.345827023892125e-05,calm
2016-02-19,7.282135922300269e-05,7.005928639747945e-05,calm
2016-02-22,6.637992582474534e-05,6.738230272399365e-05,calm
2016-02-23,5.7764618680546936e-05,4.971556115204992e-05,calm
2016-02-24,6.675457202961845e-05,0.0001864575596965,calm
2016-02-25,8.709414372083687e-05,6.79098782657836e-05,calm
2016-02-26,6.45188869239671e-05,5.540742603638752e-05,calm
2016-02-29,6.579967053184535e-05,4.7940565230281686e-05,calm
2016-03-01,6.853857433788567e-05,6.451451364451791e-05,calm
2016-03-02,4.803923236906799e-05,4.259606019457212e-05,calm
2016-03-03,4.0291004455668315e-05,2.813022093495985e-05,calm
2016-03-04,3.481625767032301e-05,4.067005682244326e-05,calm
2016-03-07,3.6878856000091564e-05,5.02982820512186e-05,calm
2016-03-08,4.25478450060866e-05,7.152064183856905e-05,calm
2016-03-09,5.731945786323755e-05,5.711394194005908e-05,calm
2016-03-10,5.465098984360998e-05,0.0001108592660354,calm
2016-03-11,5.98027041597772e-05,6.088452803210438e-05,calm
2016-03-14,4.688253540557505e-05,1.9523287153762725e-05,calm
2016-03-15,3.7666856069201355e-05,3.280544571710374e-05,calm
2016-03-16,3.711608553324088e-05,7.381907468114597e-05,calm
2016-03-17,3.44750337199965e-05,2.3334689487523533e-05,calm
2016-03-18,2.691245424502282e-05,2.6033392850482152e-05,calm
2016-03-21,2.523647639062975e-05,1.7468989082001204e-05,calm
2016-03-22,2.2801562975399057e-05,2.669990715551444e-05,calm
2016-03-23,2.574472992123172e-05,2.1925105581518555e-05,calm
2016-03-24,2.8350171781631798e-05,3.5851081366079726e-05,calm
2016-03-28,3.073226596458773e-05,3.098773887192196e-05,calm
2016-03-29,3.240955179983034e-05,3.053630842750358e-05,calm
2016-03-30,2.6822694849391036e-05,1.3936812466787365e-05,calm
2016-03-31,2.126510906311786e-05,5.147102759432783e-05,calm
2016-04-04,2.8354065819645537e-05,6.338468503713788e-05,calm
2016-04-05,3.608154795410743e-05,3.0698608894802305e-05,calm
2016-04-06,3.809120496322729e-05,5.9753725949703646e-05,calm
2016-04-07,3.586561639133492e-05,4.637886268112605e-05,calm
2016-04-11,4.47916363925074e-05,3.769505476020507e-05,calm
2016-04-12,4.367982519134864e-05,3.367539253759674e-05,calm
2016-04-13,3.309191572877525e-05,1.6329533830857807e-05,calm
2016-04-14,2.3344082340627147e-05,6.107152945766287e-06,calm
2016-04-18,1.673513169490616e-05,1.9993444718168988e-05,calm
2016-04-19,1.789449207300411e-05,1.539927628077866e-05,calm
2016-04-20,1.804654508750664e-05,2.387373502035176e-05,calm
2016-04-21,2.1476511160589404e-05,2.225833913960886e-05,calm
2016-04-25,2.5585582818302486e-05,1.7190182830015948e-05,calm
2016-04-26,2.560395264526296e-05,3.063169312104193e-05,calm
2016-04-27,2.806584651003939e-05,3.651301695319627e-05,calm
2016-04-28,2.9284295307634485e-05,5.225404484822984e-05,calm
2016-05-02,3.92644327726166e-05,5.191005827525416e-05,calm
2016-05-03,3.811529265420157e-05,3.552153073316082e-05,calm
2016-05-04,3.793737007003108e-05,3.409785668149905e-05,calm
2016-05-05,3.8342510474715504e-05,4.29750103538936e-05,calm
2016-05-09,3.8220337068646245e-05,2.063405173790372e-05,calm
2016-05-10,2.6919247632486244e-05,2.237954881538937e-05,calm
2016-05-11,2.1993738052650074e-05,4.735015674101967e-05,calm
2016-05-12,3.046139728968344e-05,3.3621252411176184e-05,calm
2016-05-16,3.1328680494157215e-05,3.562929499965157e-05,calm
2016-05-17,3.262813899253765e-05,9.16463168028948e-05,calm
2016-05-18,4.7042138200393134e-05,6.468078727679216e-05,calm
2016-05-19,5.0658311930855374e-05,2.623228100710626e-05,calm
2016-05-23,4.1389881667129834e-05,2.789230712825456e-05,calm
2016-05-24,3.4750630993541e-05,2.2423190213003367e-05,calm
2016-05-25,2.5871620096263552e-05,1.1679147765112862e-05,calm
2016-05-26,1.936266127572837e-05,8.904894900733696e-06,calm
2016-05-31,1.5481316901968673e-05,2.956508778975588e-05,calm
2016-06-01,2.165620766687323e-05,1.801140354708861e-05,calm
2016-06-02,2.319370529342068e-05,3.529406331157628e-05,calm
2016-06-06,2.6227817462789315e-05,6.753289771714669e-06,calm
2016-06-07,1.901861200419845e-05,1.0233005694294088e-05,calm
2016-06-08,1.8251981352136494e-05,1.98808902235397e-05,calm
2016-06-09,2.0377611584064016e-05,3.8341849816767207e-05,calm
2016-06-13,2.753223631080728e-05,3.885858617657656e-05,calm
2016-06-14,7.199903359781157e-05,2.430816530778107e-05,calm
2016-06-15,6.068826768938923e-05,5.508774344729761e-05,calm
2016-06-16,5.1938115471418326e-05,2.960091348099072e-05,calm
2016-06-20,4.138244493864457e-05,2.3581708539552984e-05,calm
2016-06-21,3.24309802010816e-05,2.5795354756515714e-05,calm
2016-06-22,3.0825755195199904e-05,3.4166858198260447e-05,calm
2016-06-23,4.365967224562144e-05,0.0006284184050862,calm
2016-06-27,4.851155776585313e-05,8.358302692898736e-05,calm
2016-06-28,0.000114222181904493,6.329879997328406e-05,calm
2016-06-29,5.648310759786937e-05,3.438876799265057e-05,calm
2016-06-30,3.567708481580893e-05,1.5139825171255358e-05,calm
2016-07-05,2.545740192123114e-05,4.77397963307738e-05,calm
2016-07-06,2.842139252714493e-05,2.9502306145696484e-05,calm
2016-07-07,2.6409959498453588e-05,1.534174700728773e-05,calm
2016-07-11,2.2418516080022678e-05,3.135653845505276e-05,calm
2016-07-12,2.1576690706561422e-05,1.3150336227977444e-05,calm
2016-07-13,1.890825691891023e-05,2.7210435858482568e-05,calm
2016-07-14,2.0603630709273287e-05,1.1151789583542314e-05,calm
2016-07-18,1.7659824220503624e-05,6.950281161817598e-06,calm
2016-07-19,1.4364519398219258e-05,5.1183205331206256e-06,calm
2016-07-20,1.1720775046509806e-05,1.1359397135156038e-05,calm
2016-07-21,1.2676118980994543e-05,6.998118488551874e-06,calm
2016-07-25,1.3813464678417262e-05,2.029149116150981e-05,calm
2016-07-26,1.86767283433235e-05,2.297246028335027e-05,calm
2016-07-27,2.3003900717064322e-05,2.396518086269989e-05,calm
2016-07-28,2.4058841231631567e-05,1.605941703878963e-05,calm
2016-08-01,2.1688648811972846e-05,2.487293884826826e-05,calm
2016-08-02,2.21618378587152e-05,1.1804944741306884e-05,calm
2016-08-03,2.1215341578048374e-05,1.1243968837289251e-05,calm
2016-08-04,1.8517386429231603e-05,9.667065320642549e-06,calm
2016-08-08,1.5799768199561904e-05,5.1507033654786015e-06,calm
2016-08-09,1.1656927234245155e-05,1.0564564637076138e-05,calm
2016-08-10,1.2419534540337101e-05,1.1655439447779651e-05,calm
2016-08-11,1.4330006691460547e-05,5.264460706917094e-06,calm
2016-08-15,1.2387732911260143e-05,1.1543003686773754e-05,calm
2016-08-16,1.4094137775095834e-05,1.643444292619871e-05,calm
2016-08-17,1.8292227473705074e-05,6.159094914011146e-06,calm
2016-08-18,1.5215631342638947e-05,1.4103673472250133e-05,calm
2016-08-22,1.518944010416253e-05,6.627962136852071e-06,calm
2016-08-23,1.4485297276369825e-05,1.071380553792379e-05,calm
2016-08-24,1.5644407649332572e-05,1.5375372156370595e-05,calm
2016-08-25,1.9829723069926236e-05,3.758426645531877e-05,calm
2016-08-29,2.6965838806035325e-05,1.4056886819698014e-05,calm
2016-08-30,2.1625371880219758e-05,1.26924698803353e-05,calm
2016-08-31,1.9580688617885864e-05,2.4379186421612232e-05,calm
2016-09-01,2.1340798197078124e-05,1.4669019832483964e-05,calm
2016-09-06,2.005046747905251e-05,7.12813414680022e-06,calm
2016-09-07,1.3769474730245166e-05,8.7164287313989e-06,calm
2016-09-08,1.2259795367407524e-05,4.4102584875997005e-05,calm
2016-09-12,1.8952933999932765e-05,9.403217173237495e-05,calm
2016-09-13,4.073616236725835e-05,4.682864722911128e-05,calm
2016-09-14,5.9591928481854016e-05,3.725055788990922e-05,calm
2016-09-15,5.379495777682284e-05,4.274386051782572e-05,calm
2016-09-19,3.8457651994811244e-05,1.951401243251184e-05,calm
2016-09-20,2.7914028240572987e-05,3.346809913478899e-05,calm
2016-09-21,3.027907395330233e-05,2.320596239394876e-05,calm
2016-09-22,2.0973564436188663e-05,1.1696005493721547e-05,calm
2016-09-26,1.4701892803329171e-05,2.464059425376755e-05,calm
2016-09-27,2.1716048373312612e-05,2.301518124293408e-05,calm
2016-09-28,2.105422881049301e-05,4.629919727047816e-05,calm
2016-09-29,2.4056509661809556e-05,3.082941526653865e-05,calm
2016-10-03,2.9726921338517767e-05,4.3308781808249256e-05,calm
2016-10-04,3.196712486473775e-05,1.2280211270317902e-05,calm
2016-10-05,2.3642107627564066e-05,1.774025656547172e-05,calm
2016-10-06,2.099638170728765e-05,2.74157941623287e-05,calm
2016-10-10,2.2485729158758308e-05,3.422516253398621e-05,calm
2016-10-11,2.7181497670136373e-05,1.8305628748461104e-05,calm
2016-10-12,3.0652132738909034e-05,3.793605936238357e-05,calm
2016-10-13,3.772956751868084e-05,2.6476063796525742e-05,calm
2016-10-17,3.8163371340728546e-05,1.6656376574742825e-05,calm
2016-10-18,2.9843664326786238e-05,7.419008937437337e-06,calm
2016-10-19,1.966639183273075e-05,2.933646960425307e-05,calm
2016-10-20,2.0535589662954677e-05,2.0314790640537784e-05,calm
2016-10-24,1.9468113240463563e-05,1.0436957101181183e-05,calm
2016-10-25,1.5691200705184364e-05,2.291962845320422e-05,calm
2016-10-26,1.8798536541871776e-05,2.2815251791584925e-05,calm
2016-10-27,2.2923123299354332e-05,5.8803994148997966e-05,calm
2016-10-31,3.5814930401523565e-05,1.4053857553146364e-05,calm
2016-11-01,3.429384436027228e-05,3.538076805489435e-05,calm
2016-11-02,4.37465459153505e-05,4.398327123570008e-05,calm
2016-11-03,4.976259122302529e-05,1.825675463840205e-05,calm
2016-11-04,5.251509499828811e-05,3.1676612866815504e-05,calm
2016-11-07,5.199608988319835e-05,5.81788346196305e-05,calm
2016-11-08,3.676951889993246e-05,3.161488857989053e-05,calm
2016-11-09,3.378881918870103e-05,0.0001216853112382,calm
2016-11-10,2.8701442610167818e-05,0.0001126297926288,calm
2016-11-11,3.654823008173647e-05,3.143515896113161e-05,calm
2016-11-14,2.9933323900401393e-05,2.735145203620469e-05,calm
2016-11-15,2.8070522585522843e-05,1.11279623108643e-05,calm
2016-11-16,1.925382485099848e-05,1.4536616204313543e-05,calm
2016-11-17,1.894909605131083e-05,6.825718147760081e-06,calm
2016-11-18,1.5059784080768251e-05,9.493052843207066e-06,calm
2016-11-21,1.3888467176420252e-05,9.257212610933407e-06,calm
2016-11-22,1.3110616091888082e-05,8.50623113178578e-06,calm
2016-11-23,1.2921446175567316e-05,7.503065640927057e-06,calm
2016-11-25,1.2638283348789066e-05,1.993045388154618e-06,calm
2016-11-28,9.267794218228886e-06,9.72092895238111e-06,calm
2016-11-29,1.201098635018729e-05,9.150174039960871e-06,calm
2016-11-30,1.2821833835761736e-05,2.8017222821861937e-05,calm
2016-12-01,1.8568699244312028e-05,2.1306747519352884e-05,calm
2016-12-02,2.2742336076040397e-05,1.4623593397839818e-05,calm
2016-12-05,2.1470635265782594e-05,8.43231556667906e-06,calm
2016-12-06,1.4004435324246287e-05,8.861215550129153e-06,calm
2016-12-07,1.2080335984857315e-05,2.268667047760707e-05,calm
2016-12-08,1.5616935176097332e-05,1.6155961444061298e-05,calm
2016-12-09,1.7304998115696145e-05,8.397497332696216e-06,calm
2016-12-12,1.3500923559137422e-05,1.4526868952010185e-05,calm
2016-12-13,1.5868261704670312e-05,1.5207222411221524e-05,calm
2016-12-14,1.6656847637268716e-05,7.82849558983664e-05,calm
2016-12-15,2.8375880967004376e-05,2.869014108279807e-05,calm
2016-12-16,2.5781272156880585e-05,2.1016833261276737e-05,calm
2016-12-19,2.0876392880527087e-05,9.537053552497278e-06,calm
2016-12-20,1.5342274341142844e-05,8.155500508814728e-06,calm
2016-12-21,1.2833469460013828e-05,3.81966704921707e-06,calm
2016-12-22,9.766882779592505e-06,6.424925463570126e-06,calm
2016-12-23,1.0047329299499221e-05,2.609473286644902e-06,calm
2016-12-27,8.216268549636996e-06,5.589826606184361e-06,calm
2016-12-28,9.479180154817663e-06,1.2391144492659291e-05,calm
2016-12-29,1.3636445106273367e-05,1.1561926881236435e-05,calm
2016-12-30,1.620910934875766e-05,2.2035693328963653e-05,calm
2017-01-03,2.201088347303572e-05,3.530082554881368e-05,calm
2017-01-04,2.3364887046995527e-05,1.3258026097284536e-05,calm
2017-01-05,1.7028258913910328e-05,1.178482830740815e-05,calm
2017-01-06,1.4737662542424184e-05,1.4969657392208488e-05,calm
2017-01-09,1.4281832497126007e-05,8.063359033437074e-06,calm
2017-01-10,1.2604091838551546e-05,1.2563080178720623e-05,calm
2017-01-11,1.3153351353012634e-05,2.8820522383153456e-05,calm
2017-01-12,1.6828106975875853e-05,2.3747477731196367e-05,calm
2017-01-13,1.9050865116750473e-05,8.459343076259831e-06,calm
2017-01-17,1.499534542586444e-05,9.541272883018732e-06,calm
2017-01-18,1.4650900331540489e-05,1.115529785092641e-05,calm
2017-01-19,1.5905922645074993e-05,1.5401237970675128e-05,calm
2017-01-20,1.803344318845536e-05,2.0624291935011244e-05,calm
2017-01-23,1.7630419455666282e-05,1.831288575416317e-05,calm
2017-01-24,1.8126297827121444e-05,7.742267073350394e-06,calm
2017-01-25,1.3695588338196683e-05,8.639567067979128e-06,calm
2017-01-26,1.2288080065787603e-05,8.716921054753547e-06,calm
2017-01-27,1.1816361457576723e-05,6.599146181684205e-06,calm
2017-01-30,1.0950813501611455e-05,2.007743604567609e-05,calm
2017-01-31,1.6345018288494922e-05,1.7117882252420035e-05,calm
2017-02-01,1.8669536645724966e-05,2.058079775677697e-05,calm
2017-02-02,1.968786139776329e-05,1.6156560255120758e-05,calm
2017-02-03,1.8999110053063327e-05,8.04652559173343e-06,calm
2017-02-06,1.3906993673282178e-05,6.24749500737074e-06,calm
2017-02-07,1.2143210685179825e-05,7.596372125171352e-06,calm
2017-02-08,1.1784611534020479e-05,1.2176839872403404e-05,calm
2017-02-09,1.3387934758573392e-05,6.330125180114206e-06,calm
2017-02-10,1.139191401051827e-05,4.6908385960384204e-06,calm
2017-02-13,9.862788027420876e-06,4.917305478029624e-06,calm
2017-02-14,9.521746794659763e-06,1.079192327125345e-05,calm
2017-02-15,1.0729272944003001e-05,9.0879428334082e-06,calm
2017-02-16,1.2767537611591153e-05,2.2197313332101e-05,calm
2017-02-17,1.6429440210851087e-05,8.14978238996161e-06,calm
2017-02-21,1.3871846428132543e-05,1.115227435658522e-05,calm
2017-02-22,1.3693007696269536e-05,6.905035815576451e-06,calm
2017-02-23,1.2403633397595053e-05,1.0676083468818336e-05,calm
2017-02-24,1.285202379139833e-05,1.484820825386242e-05,calm
2017-02-27,1.4018872337613527e-05,8.364149569720683e-06,calm
2017-02-28,1.3707955478236156e-05,8.160604373456629e-06,calm
2017-03-01,1.4170119906084238e-05,1.423165281252227e-05,calm
2017-03-02,1.5167412092842672e-05,1.4972072555817631e-05,calm
2017-03-03,1.485540046499577e-05,9.854526728551376e-06,calm
2017-03-06,1.2538052982365942e-05,9.354071028511452e-06,calm
2017-03-07,1.2189284554319267e-05,9.59480276521889e-06,calm
2017-03-08,1.2479388220456627e-05,1.131798827708678e-05,calm
2017-03-09,1.3664569923622937e-05,1.2186180666889531e-05,calm
2017-03-10,1.50305273437758e-05,1.385892531857754e-05,calm
2017-03-13,1.4837849652872531e-05,5.461830069868128e-06,calm
2017-03-14,1.1557063259381558e-05,1.4428728694724083e-05,calm
2017-03-15,1.427028730096696e-05,1.845940163264653e-05,calm
2017-03-16,1.574934489865737e-05,1.0412375887641516e-05,calm
2017-03-17,1.3398078810691901e-05,6.386087516878014e-06,calm
2017-03-20,1.1458475162308481e-05,1.2038693008286105e-05,calm
2017-03-21,1.2532565618151038e-05,4.198479801938434e-05,calm
2017-03-22,2.135385460853352e-05,2.873986723295791e-05,calm
2017-03-23,2.4919255569997863e-05,2.6084969089896136e-05,calm
2017-03-24,2.509185876172553e-05,2.563312425962748e-05,calm
2017-03-27,2.386369512714537e-05,2.173073494206829e-05,calm
2017-03-28,2.1243528807094535e-05,1.044726844515106e-05,calm
2017-03-29,1.5249762183968213e-05,8.98985543259254e-06,calm
2017-03-30,1.3223105398007037e-05,1.17465019184805e-05,calm
2017-04-03,1.3844573038868217e-05,1.3100950098603844e-05,calm
2017-04-04,1.636554093978144e-05,3.860427130308475e-05,calm
2017-04-05,2.122706841902941e-05,2.620642750159066e-05,calm
2017-04-06,2.5409711387238332e-05,2.020967123305064e-05,calm
2017-04-10,2.2288891761611634e-05,3.173276335396676e-05,calm
2017-04-11,2.9853800953881456e-05,2.2844534550322504e-05,calm
2017-04-12,3.312177193842623e-05,2.38872774601896e-05,calm
2017-04-17,3.418521449576148e-05,1.841060979573559e-05,calm
2017-04-18,2.5748646984568992e-05,1.3064525717148812e-05,calm
2017-04-19,2.1153873560713545e-05,1.2627890397638288e-05,calm
2017-04-20,2.1046781057905992e-05,1.4473397003087707e-05,calm
2017-04-24,1.806051839527117e-05,7.227291713214016e-06,calm
2017-04-25,1.085182545997532e-05,2.2241304035310253e-05,calm
2017-04-26,1.2528824982571468e-05,1.07626100166163e-05,calm
2017-04-27,1.2395961072523653e-05,8.861551405906131e-06,calm
2017-05-01,1.1172368119474638e-05,5.837677226865868e-06,calm
2017-05-02,9.621138917673187e-06,8.218916782662081e-06,calm
2017-05-03,1.0301776333915836e-05,1.367521899549252e-05,calm
2017-05-04,1.2170054377162302e-05,5.581949847931758e-06,calm
2017-05-08,1.0267304450638936e-05,6.504059435629894e-06,calm
2017-05-09,9.169453931391e-06,4.802453281190964e-06,calm
2017-05-10,8.519719293425692e-06,1.158952216165951e-05,calm
2017-05-11,1.028427691167526e-05,5.474865980580471e-06,calm
2017-05-15,9.78826678123132e-06,7.586803050969945e-06,calm
2017-05-16,9.834855963227897e-06,3.252463044860232e-05,calm
2017-05-17,1.478809375409753e-05,4.333624274918461e-05,calm
2017-05-18,3.403096398877745e-05,1.3441363631925554e-05,calm
2017-05-22,2.5851188403570984e-05,5.317225716601514e-06,calm
2017-05-23,1.1467259360516124e-05,4.924107547085021e-06,calm
2017-05-24,8.94332327003686e-06,8.541006874870385e-06,calm
2017-05-25,8.919519076536728e-06,3.642491773618956e-06,calm
2017-05-30,7.784703848210757e-06,1.4444833948179025e-05,calm
2017-05-31,1.0729691042260915e-05,8.025300491823776e-06,calm
2017-06-01,1.0857608039945397e-05,7.170377215055924e-06,calm
2017-06-05,1.010684982344703e-05,8.525341347402811e-06,calm
2017-06-06,1.0506828437124245e-05,8.590761982609548e-06,calm
2017-06-07,1.1098741103381135e-05,1.2969702552996304e-05,calm
2017-06-08,1.2578212235179337e-05,3.597250411329846e-05,calm
2017-06-12,1.7675649936938174e-05,8.019608367875839e-06,calm
2017-06-13,1.4806552685057929e-05,2.0436335256390773e-05,calm
2017-06-14,1.567901631351246e-05,1.664885299917536e-05,calm
2017-06-15,1.5911814582056234e-05,1.1202471928335315e-05,calm
2017-06-19,1.4518033271104956e-05,1.0224699131574804e-05,calm
2017-06-20,1.2913528003094744e-05,1.2921542766538894e-05,calm
2017-06-21,1.3870938054586817e-05,7.233627910287446e-06,calm
2017-06-22,1.20401851974182e-05,8.25680019504135e-06,calm
2017-06-26,1.1416903344396748e-05,1.953407818005006e-05,calm
2017-06-27,1.3718075015342753e-05,1.6327837153197737e-05,calm
2017-06-28,1.5995152933749525e-05,4.7791161373866496e-05,calm
2017-06-29,2.1154200610885066e-05,1.921835107404792e-05,calm
2017-07-05,2.07828817583354e-05,1.999703046341511e-05,calm
2017-07-06,1.9317432803011974e-05,9.219661441690568e-06,calm
2017-07-10,1.6977278855448793e-05,2.041884303077295e-05,calm
2017-07-11,1.7278082934861926e-05,9.836286466070126e-06,calm
2017-07-12,1.4265397188288186e-05,4.753232310690548e-06,calm
2017-07-13,1.0463801170642762e-05,4.738712524362805e-06,calm
2017-07-17,9.094212906838726e-06,8.866225463259536e-06,calm
2017-07-18,1.0140428997981729e-05,3.930936263621172e-06,calm
2017-07-19,8.91796139653415e-06,8.155892610920884e-06,calm
2017-07-20,9.890845258675009e-06,4.650471052539611e-06,calm
2017-07-24,9.005157412628889e-06,3.939355455073604e-06,calm
2017-07-25,8.216417983528827e-06,5.843983180511742e-06,calm
2017-07-26,8.648462084814625e-06,2.626454240835038e-05,calm
2017-07-27,1.3343038521200992e-05,7.675756124414517e-06,calm
2017-07-31,1.2187384047210688e-05,6.852959625954329e-06,calm
2017-08-01,1.1113941541661414e-05,1.3243215086709916e-05,calm
2017-08-02,1.252257134805062e-05,7.124957786695563e-06,calm
2017-08-03,1.141430850188308e-05,7.718977368245543e-06,calm
2017-08-07,1.1175801890476606e-05,1.0657166552350724e-05,calm
2017-08-08,1.1609781760401345e-05,1.826262794536436e-05,calm
2017-08-09,1.5013697705122643e-05,3.068419155357714e-05,calm
2017-08-10,1.9662448411724618e-05,1.6235490524315244e-05,calm
2017-08-14,2.731510418402996e-05,7.597027387428061e-06,calm
2017-08-15,1.589503180006575e-05,9.602566942447369e-06,calm
2017-08-16,1.3361519077688093e-05,3.21140013636011e-05,calm
2017-08-17,1.780183169953049e-05,2.912622168032675e-05,calm
2017-08-21,2.7484414768594947e-05,1.1059448213068393e-05,calm
2017-08-22,1.8885583520557177e-05,1.1210745665674774e-05,calm
2017-08-23,1.4003001787107132e-05,1.6657840209925543e-05,calm
2017-08-24,1.5560432444700207e-05,1.240530735094806e-05,calm
2017-08-28,1.5242124928709974e-05,9.14134822030488e-06,calm
2017-08-29,1.2961988737504397e-05,7.94708805665742e-06,calm
2017-08-30,1.2147331504238882e-05,8.27995494714268e-06,calm
2017-08-31,1.160874615399922e-05,6.812995408461733e-06,calm
2017-09-05,1.0503031266728313e-05,7.194976454707857e-06,calm
2017-09-06,1.1498218663736685e-05,1.2168437608919624e-05,calm
2017-09-07,1.2975852796458739e-05,6.872057016941768e-06,calm
2017-09-11,1.1723520555093103e-05,4.604428305690069e-06,calm
2017-09-12,9.6025394873958e-06,3.4559374748527843e-06,calm
2017-09-13,8.30244258070933e-06,4.198882458671138e-06,calm
2017-09-14,8.150020585113881e-06,3.5608100012003555e-06,calm
2017-09-18,7.844673055033375e-06,4.386818036639344e-06,calm
2017-09-19,7.934462948245435e-06,1.0201951351476597e-05,calm
2017-09-20,9.77833220954433e-06,7.743973112850879e-06,calm
2017-09-21,9.9181055138418e-06,3.481922266008804e-06,calm
2017-09-25,8.499847606223767e-06,6.559197722896502e-06,calm
2017-09-26,9.294463978818005e-06,1.1001876570215672e-05,calm
2017-09-27,1.1049159936352037e-05,5.151294935902915e-06,calm
2017-09-28,9.761274194722656e-06,4.896712048314635e-06,calm
2017-10-02,8.980226020248552e-06,4.274704580519075e-06,calm
2017-10-03,8.42803886417296e-06,5.115843528488577e-06,calm
2017-10-04,8.574694687713634e-06,4.0123077997400185e-06,calm
2017-10-05,8.272851261749607e-06,4.670294476407286e-06,calm
2017-10-09,8.223104222243224e-06,7.180574169401431e-06,calm
2017-10-10,9.5915046965438e-06,3.4645731406485937e-06,calm
2017-10-11,8.5796352282328e-06,3.947287258453006e-06,calm
2017-10-12,8.236779048497071e-06,3.566298547099304e-06,calm
2017-10-16,7.966711121451034e-06,2.342903383090148e-06,calm
2017-10-17,7.239402628863505e-06,3.0866777809557538e-06,calm
2017-10-18,7.398620334821104e-06,5.472727319487298e-06,calm
2017-10-19,8.282327308739089e-06,4.282498494816701e-06,calm
2017-10-23,8.296497780297301e-06,6.354013627900999e-06,calm
2017-10-24,9.492062751961035e-06,2.205369649753281e-05,calm
2017-10-25,1.3977189179073218e-05,1.2439427969827716e-05,calm
2017-10-26,1.4348269265621073e-05,1.2852335898770177e-05,calm
2017-10-30,1.4490292741969515e-05,1.0190473770679576e-05,calm
2017-10-31,1.3126240033588013e-05,3.844075565737857e-06,calm
2017-11-01,9.767024863131663e-06,9.89368395522742e-06,calm
2017-11-02,1.0787871534895934e-05,1.6102995433989458e-05,calm
2017-11-03,1.2935617374084583e-05,4.471086574744166e-06,calm
2017-11-06,9.795155391512078e-06,3.08508695023499e-06,calm
2017-11-07,8.17002026865942e-06,8.325939854062812e-06,calm
2017-11-08,9.662923653081869e-06,5.652371085663188e-06,calm
2017-11-09,9.574430337775131e-06,2.767443583524494e-05,calm
2017-11-10,1.4991653657405408e-05,6.876456679156106e-06,calm
2017-11-13,1.3235166225365901e-05,4.789063194644555e-06,calm
2017-11-14,1.1181783009895512e-05,1.9274928979575017e-05,calm
2017-11-15,1.4795371439052838e-05,2.2325419200682783e-05,calm
2017-11-16,1.982489726727823e-05,8.051411632137276e-06,calm
2017-11-17,1.4784262563740587e-05,5.4455940880412325e-06,calm
2017-11-20,1.1477534127921404e-05,4.597282928434352e-06,calm
2017-11-21,9.609385143403663e-06,4.813483210377632e-06,calm
2017-11-22,8.722629415181335e-06,2.818742482927139e-06,calm
2017-11-24,7.722083819112428e-06,1.218059268025056e-06,calm
2017-11-27,6.352597336430175e-06,4.6620195125725e-06,calm
2017-11-28,7.336994780828316e-06,1.1049063256237762e-05,calm
2017-11-29,9.818983743390206e-06,1.6148250139225744e-05,calm
2017-11-30,1.2576240634885246e-05,2.732316514645123e-05,calm
2017-12-01,1.758547422371681e-05,8.878526153603566e-05,calm
2017-12-04,2.88814514291029e-05,2.2659116198128083e-05,calm
2017-12-05,2.4463674343508953e-05,1.636164890858776e-05,calm
2017-12-06,1.9291876303054577e-05,1.3038106015238966e-05,calm
2017-12-07,1.612046188203749e-05,8.912262992352853e-06,calm
2017-12-08,1.2716910055151512e-05,7.157952923588582e-06,calm
2017-12-11,1.0619440684962403e-05,6.28610596713131e-06,calm
2017-12-12,9.593448275086762e-06,6.536597935707063e-06,calm
2017-12-13,9.842845850881058e-06,1.2149563391690132e-05,calm
2017-12-14,1.193630940394247e-05,1.1651827415373304e-05,calm
2017-12-15,1.3239307002701996e-05,1.2545611847702714e-05,calm
2017-12-18,1.277478989963582e-05,8.446383803682566e-06,calm
2017-12-19,1.1608318229760351e-05,8.499256965557588e-06,calm
2017-12-20,1.1625602155796694e-05,1.3496620660201293e-05,calm
2017-12-21,1.2782767252654928e-05,8.027997619826864e-06,calm
2017-12-22,1.1610726650886051e-05,4.40157794917856e-06,calm
2017-12-26,9.7429645519181e-06,3.030899041887512e-06,calm
2017-12-27,8.420868264984988e-06,2.709995458511272e-06,calm
2017-12-28,7.736404761342344e-06,1.600500283502711e-06,calm
2017-12-29,6.582530672197159e-06,6.703570866219266e-06,calm
2018-01-02,8.61243697030977e-06,6.614951624958542e-06,calm
2018-01-03,9.056420437176886e-06,5.71847519323922e-06,calm
2018-01-04,8.696109502940667e-06,7.308547842727639e-06,calm
2018-01-05,9.201316924179268e-06,7.888586235726555e-06,calm
2018-01-08,9.741710982739693e-06,6.09844119244572e-06,calm
2018-01-09,9.627728543606427e-06,1.0587500304570517e-05,calm
2018-01-10,1.1358716885240583e-05,1.1667978354241348e-05,calm
2018-01-11,1.2314670886943263e-05,6.977268385323447e-06,calm
2018-01-12,1.1177412786022662e-05,1.0305350153288946e-05,calm
2018-01-16,1.1981611718612562e-05,3.171103484184363e-05,calm
2018-01-17,1.9124820837387825e-05,1.7473471234424658e-05,calm
2018-01-18,1.984607420305509e-05,2.141279362261225e-05,calm
2018-01-19,2.0995039506674914e-05,1.2927845371988949e-05,calm
2018-01-22,1.692566531475221e-05,1.2361764689323807e-05,calm
2018-01-23,1.5012587211227522e-05,1.0516214125313828e-05,calm
2018-01-24,1.3935653339657404e-05,3.761788161072697e-05,calm
2018-01-25,2.018250042252053e-05,3.039692870677867e-05,calm
2018-01-26,2.2996070809525034e-05,9.102114425420824e-06,calm
2018-01-29,1.614351173708186e-05,2.2349371869295257e-05,calm
2018-01-30,2.2299727948757925e-05,3.4929776497839115e-05,calm
2018-01-31,3.0935488413065906e-05,3.271678149527722e-05,calm
2018-02-01,2.8371544195851847e-05,3.341903194596238e-05,calm
2018-02-02,2.7556385236477604e-05,7.015573151725725e-05,calm
2018-02-05,4.9879049842503674e-05,0.0004551799233295,calm
2018-02-06,0.00043357999320348047,0.0006652118347677,calm
2018-02-07,0.0003340701382731159,0.0001972164402289,calm
2018-02-08,0.00019180756776763738,0.000364028297806,calm
2018-02-09,0.0003581862765537606,0.0006393205842826,calm
2018-02-12,0.0002903352793736371,0.0001658825181395,calm
2018-02-13,0.0001581083567023986,7.113636897879899e-05,calm
2018-02-14,0.00011466438747092489,9.89923055024988e-05,calm
2018-02-15,7.078588213463649e-05,7.355126662727743e-05,calm
2018-02-16,6.288396878956215e-05,7.211206530778424e-05,calm
2018-02-20,6.404204381909833e-05,5.786675576998364e-05,calm
2018-02-21,6.680073138541078e-05,7.737946210594005e-05,calm
2018-02-22,6.716812474516613e-05,9.652090932117766e-05,calm
2018-02-23,6.439681436153656e-05,4.30592984360934e-05,calm
2018-02-26,4.278465057075749e-05,3.1198675427699144e-05,calm
2018-02-27,3.322332680387525e-05,8.018621425927186e-05,calm
2018-02-28,5.417883822679983e-05,7.684882115591153e-05,calm
2018-03-01,6.95884993381014e-05,0.0002355839938478,calm
2018-03-02,0.00012485045028309502,0.0001190283660968,calm
2018-03-05,9.162699189067393e-05,5.8839391575838e-05,calm
2018-03-06,6.415471444525561e-05,4.5990117960412656e-05,calm
2018-03-07,5.197094280425424e-05,4.697114005697994e-05,calm
2018-03-08,4.673806518413149e-05,4.3424621822541743e-05,calm
2018-03-09,4.0741140392649554e-05,1.431971019703371e-05,calm
2018-03-12,2.449758282946628e-05,2.8399877176607223e-05,calm
2018-03-13,2.718687332409837e-05,4.9113389469572345e-05,calm
2018-03-14,3.639701638903907e-05,6.596320011655736e-05,calm
2018-03-15,4.793523868498548e-05,2.947954790915389e-05,calm
2018-03-16,3.791875104660107e-05,1.8657054776395223e-05,calm
2018-03-19,2.764156522882392e-05,6.32718404727625e-05,calm
2018-03-20,4.635692358383125e-05,3.359572098801225e-05,calm
2018-03-21,4.223714003375871e-05,6.197007099274223e-05,calm
2018-03-22,4.646977934103704e-05,0.0001147312858884,calm
2018-03-23,9.09024138543502e-05,0.0001544169488096,calm
2018-03-26,0.00012617581639649047,0.000176556349365,calm
2018-03-27,0.00010222795139884875,0.0002688692630993,calm
2018-03-28,0.00013229902299422312,9.621811814917288e-05,calm
2018-04-02,0.0001082491960872607,0.0001788462002333,calm
2018-04-03,0.00012609221135108386,0.0001308391634871,calm
2018-04-04,0.0001003858723467699,8.622249476007186e-05,calm
2018-04-05,7.908878301966334e-05,0.000134196094826,calm
2018-04-09,8.009512581801497e-05,0.0001106799023618,calm
2018-04-10,0.00010393406476371946,7.535300253347774e-05,calm
2018-04-11,8.238880502629767e-05,4.996598321838943e-05,calm
2018-04-12,6.669946278412609e-05,6.225191328259691e-05,calm
2018-04-16,5.684456151308624e-05,1.6500104238470782e-05,calm
2018-04-17,3.1401897263871336e-05,2.258786574667965e-05,calm
2018-04-18,2.4958935243229304e-05,3.606030958477396e-05,calm
2018-04-19,2.904844332393533e-05,5.216582244584812e-05,calm
2018-04-23,3.744913211480725e-05,0.0001407534082741,calm
2018-04-24,5.922066567226378e-05,0.0001005632290713,calm
2018-04-25,7.380565358357133e-05,3.784146714232963e-05,calm
2018-04-26,5.3740755390985044e-05,3.349606704611639e-05,calm
2018-04-30,3.892488287134423e-05,4.747248022629809e-05,calm
2018-05-01,3.901644655229261e-05,4.787963713161233e-05,calm
2018-05-02,3.8743648095769005e-05,0.0001010027703401,calm
2018-05-03,5.256583617085233e-05,4.463663451205776e-05,calm
2018-05-07,4.523177347324806e-05,4.524455803516075e-05,calm
2018-05-08,3.804901779285647e-05,2.9659279793236104e-05,calm
2018-05-09,3.234403513224195e-05,2.010849529280787e-05,calm
2018-05-10,2.409202472840222e-05,2.0617447204891485e-05,calm
2018-05-14,2.173293216224085e-05,3.939174727281433e-05,calm
2018-05-15,2.5850612278849154e-05,1.61998087489785e-05,calm
2018-05-16,2.484630711779413e-05,1.980609056514736e-05,calm
2018-05-17,2.2306118497660295e-05,2.127363185940765e-05,calm
2018-05-21,2.221032993646513e-05,1.421697742964394e-05,calm
2018-05-22,1.910840316570561e-05,2.8522418571391115e-05,calm
2018-05-23,2.2666600982196947e-05,3.2755518112654295e-05,calm
2018-05-24,2.4329174301581405e-05,1.6197009873600785e-05,calm
2018-05-29,2.0237020409157918e-05,2.1225392793408687e-05,calm
2018-05-30,3.0448666020643866e-05,4.003025152578256e-05,calm
2018-05-31,3.258758598259906e-05,2.009443308400909e-05,calm
2018-06-04,2.791464189104626e-05,1.6125956049530178e-05,calm
2018-06-05,1.9012893608459968e-05,1.5098667468390588e-05,calm
2018-06-06,1.640308840077037e-05,2.9526820758843683e-05,calm
2018-06-07,1.848819227932352e-05,1.3072953972051688e-05,calm
2018-06-11,1.659031496129616e-05,8.469779576886225e-06,calm
2018-06-12,1.4217910577670211e-05,1.6929324875534576e-05,calm
2018-06-13,1.6227433475278972e-05,1.1211965779949244e-05,calm
2018-06-14,1.6135745587784357e-05,2.5513147656398672e-05,calm
2018-06-18,1.882182308838864e-05,2.156809256993061e-05,calm
2018-06-19,1.9826415943675285e-05,8.010943352619005e-06,calm
2018-06-20,1.6495764602385577e-05,3.0362929554109723e-05,calm
2018-06-21,2.0769752615323447e-05,1.526536110131513e-05,calm
2018-06-25,2.2437088996567188e-05,2.898905200072649e-05,calm
2018-06-26,3.379994960002115e-05,7.422572422614897e-05,calm
2018-06-27,4.164634028840928e-05,5.787980432085696e-05,calm
2018-06-28,5.0804158488932004e-05,2.4756918927332547e-05,calm
2018-07-02,3.56823137862526e-05,1.4196731639339e-05,calm
2018-07-05,2.3579622451956144e-05,2.2771367019504736e-05,calm
2018-07-09,2.2022884691733344e-05,1.1413431824406982e-05,calm
2018-07-10,1.5099604302350382e-05,1.942270107970797e-05,calm
2018-07-11,1.5570350737183534e-05,1.653476145784446e-05,calm
2018-07-12,1.7253588807034833e-05,9.407491987610213e-06,calm
2018-07-16,1.4065763134390307e-05,1.2264668832116362e-05,calm
2018-07-17,1.439703112897533e-05,5.991402370987766e-06,calm
2018-07-18,1.1540947090456824e-05,1.5393012576390907e-05,calm
2018-07-19,1.3680074353696832e-05,9.524884436916564e-06,calm
2018-07-23,1.4191859262203111e-05,2.1146940703454864e-05,calm
2018-07-24,1.7360430346760282e-05,2.178914876628423e-05,calm
2018-07-25,1.900257357057896e-05,1.193431253459892e-05,calm
2018-07-26,1.642087009121223e-05,3.067783781486831e-05,calm
2018-07-30,2.007961063380622e-05,1.923819402508662e-05,calm
2018-07-31,2.3096333104143166e-05,1.1862521679934258e-05,calm
2018-08-01,1.7952752564668376e-05,1.4204832295020936e-05,calm
2018-08-02,1.7543348488150183e-05,9.043144868161178e-06,calm
2018-08-06,1.4281726304531797e-05,8.975279272696583e-06,calm
2018-08-07,1.2489267222230175e-05,7.626604472685813e-06,calm
2018-08-08,1.1342884788636282e-05,7.5290472724648515e-06,calm
2018-08-09,1.0999976910523732e-05,2.287484759334325e-05,calm
2018-08-13,1.5504426698881187e-05,1.7785372736627628e-05,calm
2018-08-14,2.1582710429994355e-05,4.493497828651328e-05,calm
2018-08-15,2.8052187147947098e-05,1.637066864741043e-05,calm
2018-08-16,2.4766626579534917e-05,1.750479894701991e-05,calm
2018-08-20,2.1119786914475566e-05,8.955606977887712e-06,calm
2018-08-21,1.5289058716965466e-05,9.847143313368516e-06,calm
2018-08-22,1.4364191224761788e-05,1.2849475604154614e-05,calm
2018-08-23,1.4631794417813107e-05,8.778607505618296e-06,calm
2018-08-27,1.3578830524720622e-05,9.343115575934486e-06,calm
2018-08-28,1.3206328159308347e-05,6.731406980853608e-06,calm
2018-08-29,1.2303891046365724e-05,2.0100691969823984e-05,calm
2018-08-30,1.5949709664078332e-05,1.4892996244859516e-05,calm
2018-09-04,1.8040154484588065e-05,3.5053643854095e-05,calm
2018-09-05,2.355464506590017e-05,3.489150337542833e-05,calm
2018-09-06,2.7573350366384534e-05,3.814183321768991e-05,calm
2018-09-10,3.2274558824069914e-05,1.472110611614496e-05,calm
2018-09-11,2.3791753317760706e-05,2.4884567411449644e-05,calm
2018-09-12,2.1737966526429718e-05,1.2726204387781622e-05,calm
2018-09-13,1.7737499635271307e-05,1.2757677608114882e-05,calm
2018-09-17,1.5081567025530503e-05,1.4245041404083616e-05,calm
2018-09-18,1.6986890352861292e-05,1.063457610737335e-05,calm
2018-09-19,1.4802226321728568e-05,8.311673890179496e-06,calm
2018-09-20,1.2076682323949e-05,6.777642726152144e-06,calm
2018-09-24,1.0939110000055597e-05,8.021425312253984e-06,calm
2018-09-25,1.1468324428781751e-05,2.3740820653048544e-05,calm
2018-09-26,1.6034346024767595e-05,9.74386359942428e-06,calm
2018-09-27,1.5552373320373255e-05,1.1656450480853398e-05,calm
2018-10-01,1.4922994664939618e-05,1.5789160675991803e-05,calm
2018-10-02,1.5410826572021044e-05,1.610845094820653e-05,calm
2018-10-03,1.6094853370079827e-05,4.413037786646963e-05,calm
2018-10-04,2.1114623100100672e-05,4.2350197050377066e-05,calm
2018-10-08,3.186547858474182e-05,4.212508379178483e-05,calm
2018-10-09,4.049283704979949e-05,0.0001483015168757,calm
2018-10-10,6.0250320442730795e-05,0.0003819383668723,calm
2018-10-11,0.0001795009950509778,0.0001981396788324,calm
2018-10-15,0.00018481870087997976,4.6229122638354096e-05,calm
2018-10-16,8.258443230837387e-05,0.0001059740238844,calm
2018-10-17,6.516229936528354e-05,0.0001256818832433,calm
2018-10-18,6.860145088156143e-05,8.80717567564226e-05,calm
2018-10-22,8.101549002518037e-05,0.0001286478708651,calm
2018-10-23,8.794203753808032e-05,0.0001776456907556,calm
2018-10-24,0.00011146683653918705,0.0001010515723094,calm
2018-10-25,0.00014506604818467618,0.0003221444567771,calm
2018-10-29,0.0001752929928112334,0.0003020764729368,calm
2018-10-30,0.00019412825679402046,0.0002369290928385,calm
2018-10-31,0.00016698549298831193,8.267753088956122e-05,calm
2018-11-01,0.00010303237522071685,6.926351424220781e-05,calm
2018-11-02,7.494045445545524e-05,0.0001625799095452,calm
2018-11-05,9.299714261927683e-05,3.526037727885601e-05,calm
2018-11-06,6.436105464265786e-05,3.699906255462284e-05,calm
2018-11-07,5.550429036752063e-05,4.081668561237299e-05,calm
2018-11-08,3.951647771447445e-05,4.4635716622966265e-05,calm
2018-11-09,3.982425887253913e-05,5.518134697250357e-05,calm
2018-11-12,4.628901381169733e-05,9.255630065272847e-05,calm
2018-11-13,7.647540965111674e-05,0.0001678628106496,calm
2018-11-14,9.716942602797858e-05,0.0001279313287046,calm
2018-11-15,0.00010803872221300104,0.0001864117526916,calm
2018-11-16,0.00010768535113995176,8.18173872137005e-05,calm
2018-11-19,7.375852538205242e-05,0.0001150169734721,calm
2018-11-20,9.100435531228434e-05,0.00018558809343,calm
2018-11-21,0.00013437611437827214,3.7224155417686575e-05,calm
2018-11-23,7.25575926256374e-05,2.5933451961723595e-05,calm
2018-11-26,5.655213626904451e-05,5.437867057759013e-05,calm
2018-11-27,4.9969315198444394e-05,6.372690297495023e-05,calm
2018-11-28,5.423195386735674e-05,8.900977788165231e-05,calm
2018-11-29,6.063678520139437e-05,4.564721364675897e-05,calm
2018-11-30,5.382681072697413e-05,2.767887935184395e-05,calm
2018-12-03,4.0658896018405145e-05,6.643940999694947e-05,calm
2018-12-04,4.240495300770416e-05,0.0001392376408075,calm
2018-12-06,8.631472733710645e-05,0.0002403845847243,calm
2018-12-07,0.00012350652494783472,0.0002527775982023,calm
2018-12-10,0.00016079873280252767,0.0003018428112379,calm
2018-12-11,0.00016411097492296479,0.0001643873544086,calm
2018-12-12,0.0001305506713011951,9.282158360717827e-05,calm
2018-12-13,0.00010326769717133077,0.0001091534493643,calm
2018-12-14,9.497886871887686e-05,0.0001096802923251,calm
2018-12-17,0.00010269399678308476,0.0001512170086518,calm
2018-12-18,0.00014336884338795377,0.0001686396469448,calm
2018-12-19,0.00016292301677983765,0.0006539019029923,calm
2018-12-20,0.0002350711453715791,0.0004018814208597,calm
2018-12-21,0.00028764103527401336,0.0003524798741646,calm
2018-12-24,0.00030943180933666603,0.0002260503233298,calm
2018-12-26,0.0004078984711188084,0.0004178136887276,calm
2018-12-27,0.0002837349076405145,0.0004643961519002,calm
2018-12-28,0.0002952568562571877,0.0002105675308974,calm
2018-12-31,0.00021858481217971586,0.0001258257144179,calm
2019-01-02,0.00014439562754033574,0.0001668253479766,calm
2019-01-03,0.0001241192423086792,0.0002587113321085,calm
2019-01-04,0.0001724605351816943,0.0001645285173802,calm
2019-01-07,0.00011609137800470673,8.030980974785394e-05,calm
2019-01-08,9.209582149478143e-05,0.0001052644650267,calm
2019-01-09,8.63688684676805e-05,7.801788473840017e-05,calm
2019-01-10,7.574800841668953e-05,6.492440384048161e-05,calm
2019-01-11,6.645165048299923e-05,3.468394301253793e-05,calm
2019-01-14,4.698358480359693e-05,4.09595854650613e-05,calm
2019-01-15,4.775295939018325e-05,5.340043197228902e-05,calm
2019-01-16,4.9441978893895504e-05,2.770195188227369e-05,calm
2019-01-17,4.2657147738207215e-05,5.893762478047133e-05,calm
2019-01-18,4.6578172797195417e-05,4.0144172880598936e-05,calm
2019-01-22,4.282138630337985e-05,8.780514065108032e-05,calm
2019-01-23,7.052656125578979e-05,6.593254023523633e-05,calm
2019-01-24,6.316911077143146e-05,3.2706566708394006e-05,calm
2019-01-25,4.666661882037305e-05,2.250399193358918e-05,calm
2019-01-28,3.2905641617927175e-05,6.213898471280582e-05,calm
2019-01-29,4.5691952244392123e-05,3.662907017836939e-05,calm
2019-01-30,4.443762754418121e-05,7.509750023112143e-05,calm
2019-01-31,4.7205271244516505e-05,4.1500860666368855e-05,calm
2019-02-01,3.8654401259078196e-05,4.199372771820832e-05,calm
2019-02-04,3.593774736890209e-05,2.507437133470585e-05,calm
2019-02-05,2.949148159963e-05,1.7727278297650365e-05,calm
2019-02-06,2.447303136177033e-05,2.102748338479428e-05,calm
2019-02-07,2.36601442226716e-05,6.599110406731149e-05,calm
2019-02-08,3.7200584127820064e-05,3.2914284912599464e-05,calm
2019-02-11,3.389701119682964e-05,2.553217394982135e-05,calm
2019-02-12,3.0890935541256874e-05,2.0570622976763845e-05,calm
2019-02-13,2.633144774822338e-05,1.9755869959153703e-05,calm
2019-02-14,2.4944185000556666e-05,4.428795066043402e-05,calm
2019-02-15,3.281893495145699e-05,2.071402405687916e-05,calm
2019-02-19,2.5742177392779704e-05,1.1950575613738447e-05,calm
2019-02-20,2.0343386132356434e-05,2.514542621268149e-05,calm
2019-02-21,2.120862640560837e-05,2.272265582400513e-05,calm
2019-02-22,2.2833369115360408e-05,1.4473439647915826e-05,calm
2019-02-25,1.8833743130357036e-05,1.5239956908093902e-05,calm
2019-02-26,2.054716559692293e-05,2.644040039318712e-05,calm
2019-02-27,2.5186338085260707e-05,2.3039010436822018e-05,calm
2019-02-28,2.4754397087889826e-05,1.5511555138740784e-05,calm
2019-03-01,2.212139305181777e-05,2.4135830431795576e-05,calm
2019-03-04,2.1278002469419497e-05,5.940186593650029e-05,calm
2019-03-05,3.204332000561604e-05,2.4235784820175425e-05,calm
2019-03-06,2.8904587558345913e-05,2.616778056911092e-05,calm
2019-03-07,3.068975357218588e-05,4.802754343421124e-05,calm
2019-03-08,3.9713021301289716e-05,5.227404082347487e-05,calm
2019-03-11,4.103362604719107e-05,1.896441892981445e-05,calm
2019-03-12,2.5835332295522986e-05,2.126787074109617e-05,calm
2019-03-13,2.2117153969521396e-05,1.7641207956350988e-05,calm
2019-03-14,1.9660924462252794e-05,1.3265116182026764e-05,calm
2019-03-15,1.778142112923117e-05,1.7821691152403773e-05,calm
2019-03-18,1.7768091266485614e-05,1.7932445034055174e-05,calm
2019-03-19,1.878159297438198e-05,4.908176167438477e-05,calm
2019-03-20,2.7773195150237654e-05,6.297439459653093e-05,calm
2019-03-21,3.491126060518948e-05,2.6906450338502708e-05,calm
2019-03-22,2.8908414892982192e-05,8.70143017837112e-05,calm
2019-03-25,5.210220377124595e-05,7.523799956294942e-05,calm
2019-03-26,5.53836907084024e-05,4.537807081026542e-05,calm
2019-03-27,3.9500503030879976e-05,5.563405669048456e-05,calm
2019-03-28,4.151588620938993e-05,2.7382233160932063e-05,calm
2019-03-29,3.139892767554947e-05,2.362094297605962e-05,calm
2019-04-01,2.5382184334246552e-05,1.3105025409360363e-05,calm
2019-04-02,1.949621136616738e-05,1.686467840406591e-05,calm
2019-04-03,1.914166863398533e-05,1.975498008778704e-05,calm
2019-04-04,2.098866878289182e-05,9.35930464116955e-06,calm
2019-04-08,1.7108619588417186e-05,2.2462168515747017e-05,calm
2019-04-09,1.9485093951815153e-05,1.0028182177471996e-05,calm
2019-04-10,1.8414960706356153e-05,1.2515713436184244e-05,calm
2019-04-11,1.6771026710904084e-05,1.1817480991767444e-05,calm
2019-04-15,1.5727157827949966e-05,1.0526727704282431e-05,calm
2019-04-16,1.4094780370502922e-05,1.730532931481047e-05,calm
2019-04-17,1.559634942590421e-05,1.3117969424760523e-05,calm
2019-04-22,1.599940550664994e-05,1.3576240500851447e-05,calm
2019-04-23,1.592217340895599e-05,1.0800234974915144e-05,calm
2019-04-24,1.4780393997320816e-05,2.902328722285359e-05,calm
2019-04-25,2.0522863266441666e-05,1.547226773012098e-05,calm
2019-04-29,1.9524088820976305e-05,1.7567096484939778e-05,calm
2019-04-30,1.9143209891927606e-05,3.397951059730998e-05,calm
2019-05-01,2.316791709986207e-05,4.40206705474332e-05,calm
2019-05-02,3.312404173904123e-05,1.2596988664457823e-05,calm
2019-05-06,2.3240396877211824e-05,0.0001032199177762,calm
2019-05-07,4.175737450873725e-05,4.7243118843934905e-05,calm
2019-05-08,6.335214326269489e-05,0.0001004886189159,calm
2019-05-09,7.379996969392428e-05,0.0001064546189021,calm
2019-05-13,7.30920607139776e-05,5.259654062131538e-05,calm
2019-05-14,7.153758616256349e-05,5.082868843501586e-05,calm
2019-05-15,4.881330391809952e-05,2.945001272015039e-05,calm
2019-05-16,3.3097794678100714e-05,5.314382901115532e-05,calm
2019-05-20,3.207009533571428e-05,1.7285222806834182e-05,calm
2019-05-21,2.7478364780025756e-05,1.9454712809871885e-05,calm
2019-05-22,2.2066945084003886e-05,6.036974802537541e-05,calm
2019-05-23,2.96190078811798e-05,2.786128815786744e-05,calm
2019-05-28,3.59041442875973e-05,7.085343977751259e-05,calm
2019-05-29,5.029490264058546e-05,3.571958869288087e-05,calm
2019-05-30,4.646894715568137e-05,4.60766889648562e-05,calm
2019-06-03,4.360413956937924e-05,4.2782735705413526e-05,calm
2019-06-04,5.251656657856486e-05,4.040021247038711e-05,calm
2019-06-05,3.910344823555533e-05,3.631495686227189e-05,calm
2019-06-06,3.307556239310534e-05,3.423559994746755e-05,calm
2019-06-10,3.1979989854198174e-05,3.490024249742831e-05,calm
2019-06-11,3.2231159146888705e-05,1.814033607684509e-05,calm
2019-06-12,2.695450653442742e-05,2.683158334355361e-05,calm
2019-06-13,2.7470969671710954e-05,1.912292301386122e-05,calm
2019-06-17,2.493912863694489e-05,3.681001397393642e-05,calm
2019-06-18,2.7335025298411683e-05,3.21078105099889e-05,calm
2019-06-19,2.7741301535609e-05,2.714099091381327e-05,calm
2019-06-20,2.4500177610385173e-05,1.7202974350033096e-05,calm
2019-06-24,2.2713613369960726e-05,2.873537073500063e-05,calm
2019-06-25,2.6775670605321596e-05,2.102663760894733e-05,calm
2019-06-26,2.892989712303551e-05,1.3104702028366556e-05,calm
2019-06-27,2.401932087962438e-05,9.943580798373684e-06,calm
2019-07-01,1.9237539609186492e-05,2.3478002859429457e-05,calm
2019-07-02,1.770158936793133e-05,4.697047250172807e-06,calm
2019-07-08,1.1121960756481519e-05,7.449747467573047e-06,calm
2019-07-09,1.1878000735112092e-05,2.07908372817478e-05,calm
2019-07-10,1.571792410273738e-05,1.0046560624089676e-05,calm
2019-07-11,1.3124206579425947e-05,5.162526014713094e-06,calm
2019-07-15,1.0650959036565582e-05,1.1211932110585954e-05,calm
2019-07-16,1.1603272693629895e-05,1.48283459510587e-05,calm
2019-07-17,1.3576931856307186e-05,1.562226177776598e-05,calm
2019-07-18,1.6868907545833062e-05,2.512128168713926e-05,calm
2019-07-22,1.930255652123142e-05,1.4335776887564914e-05,calm
2019-07-23,1.772726736453458e-05,8.753692128270211e-06,calm
2019-07-24,1.3451690458789539e-05,2.3172848952208548e-05,calm
2019-07-25,1.5293270282823386e-05,6.093366842320574e-06,calm
2019-07-29,1.2503450443884361e-05,1.6922286142658608e-05,calm
2019-07-30,1.4978569830270705e-05,7.345354521941546e-05,calm
2019-07-31,2.855691450841309e-05,0.0001996619929246,calm
2019-08-01,6.259044940639581e-05,7.497106558483183e-05,calm
2019-08-05,7.03107729768393e-05,0.0001019194984869,calm
2019-08-06,0.00015453680054282158,0.0001796903412615,calm
2019-08-07,9.343587663803281e-05,3.606328170118972e-05,calm
2019-08-08,5.952006192075011e-05,7.883650088058323e-05,calm
2019-08-12,4.884798087411915e-05,0.000209593892745,calm
2019-08-13,0.00011442051350092107,0.0001298435058053,calm
2019-08-14,6.974384140861467e-05,9.471466183743376e-05,calm
2019-08-15,0.00011554752914524613,4.698525799930084e-05,calm
2019-08-19,7.840980182775838e-05,3.3853321842745626e-05,calm
2019-08-20,4.1693167336772174e-05,1.3320721431842305e-05,calm
2019-08-21,2.837665440624574e-05,5.1665225158630334e-05,calm
2019-08-22,3.3028914299905286e-05,0.0002320061666315,calm
2019-08-26,6.720206213814875e-05,5.549093571483972e-05,calm
2019-08-27,6.881671425922544e-05,3.898577156381297e-05,calm
2019-08-28,6.037319937024964e-05,4.2825722812424014e-05,calm
2019-08-29,5.19448353190343e-05,3.160548515500316e-05,calm
2019-09-03,4.000247004834112e-05,1.265979841420094e-05,calm
2019-09-04,3.1716956181044945e-05,2.1469383850037155e-05,calm
2019-09-05,2.7078521106591415e-05,1.5298727793750398e-05,calm
2019-09-09,2.237388316432695e-05,3.925456486967616e-05,calm
2019-09-10,2.659315262038783e-05,1.512477472425608e-05,calm
2019-09-11,2.214716246605004e-05,3.3003247142837e-05,calm
2019-09-12,2.4998026062039452e-05,1.4888719088927452e-05,calm
2019-09-16,2.054237362787836e-05,9.761804908782494e-06,calm
2019-09-17,1.7279568139566207e-05,3.53777220692871e-05,calm
2019-09-18,2.3243964395762607e-05,1.8225292847557523e-05,calm
2019-09-19,2.11443120714182e-05,5.867431026768935e-05,calm
2019-09-23,2.990621535569595e-05,9.25119932530509e-05,calm
2019-09-24,4.385760434788801e-05,2.48411785245902e-05,calm
2019-09-25,3.8218546929912207e-05,3.918849310244307e-05,calm
2019-09-26,3.5621669835845526e-05,7.109855488239981e-05,calm
2019-09-30,4.350946960424425e-05,6.851338580875686e-05,calm
2019-10-01,4.757058620722763e-05,7.322633779958432e-05,calm
2019-10-02,6.356603384118682e-05,0.0001380329002744,calm
2019-10-03,9.600724996297739e-05,2.448524410424813e-05,calm
2019-10-07,5.042872522847267e-05,7.098206703319046e-05,calm
2019-10-08,5.0456256317968104e-05,3.792137388964542e-05,calm
2019-10-09,5.677743988115525e-05,5.043025019785123e-05,calm
2019-10-10,4.941976877835126e-05,4.9124116132029766e-05,calm
2019-10-14,4.3840678518715254e-05,1.6589261558868172e-05,calm
2019-10-15,2.3411619177069022e-05,1.1188297457003333e-05,calm
2019-10-16,1.6214349471267823e-05,1.7743857845377015e-05,calm
2019-10-17,1.720357664521477e-05,2.42083599446448e-05,calm
2019-10-21,2.0287703985411036e-05,1.500334463712479e-05,calm
2019-10-22,1.916575710966236e-05,1.050792542613491e-05,calm
2019-10-23,1.7368303917784718e-05,1.562835528695733e-05,calm
2019-10-24,1.7739619255506273e-05,1.3469011452015322e-05,calm
2019-10-28,1.674766705407471e-05,1.1672254546816704e-05,calm
2019-10-29,1.4947377427103591e-05,1.2491225192943363e-05,calm
2019-10-30,1.492376812962143e-05,1.7716750142129736e-05,calm
2019-10-31,1.5372441612758956e-05,3.3698428573605046e-05,calm
2019-11-01,2.1511383932549274e-05,1.120081948751908e-05,calm
2019-11-04,1.5654737617077443e-05,9.065528063991875e-06,calm
2019-11-05,1.3846458278131515e-05,9.433773393333282e-06,calm
2019-11-06,1.3505886768096082e-05,1.3665168588464985e-05,calm
2019-11-07,1.398804603085057e-05,2.082069122562048e-05,calm
2019-11-08,1.6648169461514662e-05,1.1127480326848302e-05,calm
2019-11-11,1.3933960214081373e-05,4.36836926766004e-06,calm
2019-11-12,1.0752169298421815e-05,1.1138476767106625e-05,calm
2019-11-13,1.2105981108721382e-05,1.554605482443375e-05,calm
2019-11-14,1.4682039022643377e-05,1.0173373597189418e-05,calm
2019-11-15,1.3992395128134416e-05,6.257428902307333e-06,calm
2019-11-19,1.071531667738972e-05,1.157928539843674e-05,calm
2019-11-20,1.257554190494964e-05,2.81103598915551e-05,calm
2019-11-21,1.7271392040431383e-05,1.881411727324705e-05,calm
2019-11-22,1.827715963083981e-05,9.504200555933884e-06,calm
2019-11-25,1.3802740286841936e-05,8.403049745545805e-06,calm
2019-11-26,1.1539617177666686e-05,5.838695723704584e-06,calm
2019-11-27,9.621285877037624e-06,3.019774206215128e-06,calm
2019-11-29,7.842586952010138e-06,4.064683817858975e-06,calm
2019-12-02,8.267257599189915e-06,3.7741710520913023e-05,calm
2019-12-03,1.901257126081407e-05,4.469570999547762e-05,calm
2019-12-04,2.979866042152221e-05,1.3528832653276542e-05,calm
2019-12-05,2.0399526811356663e-05,1.6677415594692022e-05,calm
2019-12-06,1.8668659200816503e-05,9.877697503318428e-06,calm
2019-12-09,1.4475285745271175e-05,5.983517794197846e-06,calm
2019-12-10,1.4474970911698391e-05,2.0326764500337258e-05,calm
2019-12-11,1.8749814907563934e-05,8.389742371123895e-06,calm
2019-12-12,1.507297759250239e-05,8.232112992746497e-05,calm
2019-12-13,2.4255990888803878e-05,4.513146124028768e-05,calm
2019-12-17,2.332658486183004e-05,5.536840746629056e-06,calm
2019-12-18,1.2582929652228385e-05,7.436259624046638e-06,calm
2019-12-19,1.1143491304652355e-05,7.715559911999179e-06,calm
2019-12-20,1.0720401361890176e-05,4.71074751314502e-06,calm
2019-12-23,9.310899575229317e-06,2.007677535947584e-06,calm
2019-12-24,7.297010310679646e-06,1.9708074661030005e-06,calm
2019-12-26,6.652981436105514e-06,4.043394394638682e-06,calm
2019-12-27,7.480210724601127e-06,8.048738726933601e-06,calm
2019-12-30,9.921871980801985e-06,2.1934431884034832e-05,calm
2019-12-31,1.629774819516545e-05,1.0054046099627608e-05,calm
2020-01-02,1.405909065173697e-05,1.535818321197111e-05,calm
2020-01-03,1.3278072033714004e-05,3.3386040996003455e-05,calm
2020-01-06,2.0026301713586926e-05,1.058169510038822e-05,calm
2020-01-07,1.5886219523002027e-05,1.1886631103644898e-05,calm
2020-01-08,1.4808016586988842e-05,2.449472595551089e-05,calm
2020-01-09,1.756530000227731e-05,1.3731123346031617e-05,calm
2020-01-10,1.4681008886671188e-05,1.6046829718827466e-05,calm
2020-01-13,1.473993464619137e-05,5.598573977966467e-06,calm
2020-01-14,1.068383903313696e-05,1.5127789592750574e-05,calm
2020-01-15,1.2817166974408818e-05,1.642960405588678e-05,calm
2020-01-16,1.4326577481238752e-05,6.989138860954526e-06,calm
2020-01-17,1.138044523601836e-05,9.291305794310842e-06,calm
2020-01-21,1.1153862328952429e-05,1.164060212347313e-05,calm
2020-01-22,1.2783883465287797e-05,1.239969823598987e-05,calm
2020-01-23,1.3617044385170874e-05,2.466492060737853e-05,calm
2020-01-24,1.7396754116354758e-05,5.4148092680642136e-05,calm
2020-01-27,2.8871020181313853e-05,4.1737160258468405e-05,calm
2020-01-28,4.392393035750422e-05,2.048911048328732e-05,calm
2020-01-29,2.9454094762476823e-05,2.553788729134618e-05,calm
2020-01-30,2.8314061856597163e-05,5.302696331151869e-05,calm
2020-01-31,3.263218724170327e-05,8.601276283564497e-05,calm
2020-02-03,5.7981616536367775e-05,4.467513656114683e-05,calm
2020-02-04,4.757275782631797e-05,2.093786397039005e-05,calm
2020-02-05,2.8975181021348352e-05,2.6018154605913545e-05,calm
2020-02-06,2.444166681317209e-05,1.9401847633628207e-05,calm
2020-02-07,2.165615999525885e-05,2.7983350362091603e-05,calm
2020-02-10,2.464347846257225e-05,1.7929805366934333e-05,calm
2020-02-11,2.1117748481733567e-05,2.318419979871149e-05,calm
2020-02-12,2.229067399315269e-05,1.428973783804798e-05,calm
2020-02-13,1.6648866898725057e-05,2.513147753343672e-05,calm
2020-02-14,1.9995088270838675e-05,1.3083251827235844e-05,calm
2020-02-18,1.6615299210883588e-05,2.3007081384388515e-05,calm
2020-02-19,2.1719456908649567e-05,6.098339421629991e-06,calm
2020-02-20,1.4445268027763143e-05,8.94488999226194e-05,covid_2020
2020-02-21,3.278494282225248e-05,5.549565573167341e-05,covid_2020
2020-02-24,4.478082673695312e-05,0.0001187294660305,covid_2020
2020-02-25,0.00013882195896832255,0.0002460975593633,covid_2020
2020-02-26,0.00020067094340995732,0.0002759633387767,covid_2020
2020-02-27,0.0001883518667941451,0.0007192585684411,covid_2020
2020-02-28,0.0006130769066949749,0.0014046653125629,covid_2020
2020-03-02,0.0006878734820078803,0.0006274042690806,covid_2020
2020-03-03,0.0003501835061641123,0.0018438945507696,covid_2020
2020-03-04,0.0006648678003453,0.0002672030443305,covid_2020
2020-03-05,0.0002803890725970382,0.0003660614597655,covid_2020
2020-03-06,0.0005736831800013612,0.0005555304534498,covid_2020
2020-03-09,0.0006181838834267086,0.0023004465149658,covid_2020
2020-03-10,0.001464756713888206,0.0010931449720194,covid_2020
2020-03-11,0.000915917111472976,0.0005231715342311,covid_2020
2020-03-12,0.0011377566823265824,0.0041530389114315,covid_2020
2020-03-13,0.002822199465063153,0.0026286393307086,covid_2020
2020-03-16,0.0017171687657196698,0.0041210577284822,covid_2020
2020-03-17,0.0035579186011600074,0.0022720311368001,covid_2020
2020-03-18,0.0030142259609515823,0.0024878011455451,covid_2020
2020-03-19,0.003007557998757633,0.0020876651794065,covid_2020
2020-03-20,0.0024950759012372535,0.0015386572469939,covid_2020
2020-03-23,0.0018617111365810102,0.0028603795571004,covid_2020
2020-03-24,0.0016918519630395013,0.0009238718839428,covid_2020
2020-03-25,0.0013204894673250148,0.0013243062082831,covid_2020
2020-03-26,0.0014437469671601145,0.0010927357746016,covid_2020
2020-03-27,0.0011634948459020927,0.000569896235157,covid_2020
2020-03-30,0.0011892593732144303,0.000402790363323,covid_2020
2020-03-31,0.0007118758670964681,0.000322112363326,covid_2020
2020-04-01,0.0005557277637419504,0.0007577293880755,covid_2020
2020-04-02,0.0007181997938953963,0.0003636440526063,covid_2020
2020-04-06,0.0004677291093769534,0.0006460316642928,covid_2020
2020-04-07,0.0003797885747745392,0.0002220915863307,covid_2020
2020-04-08,0.0003278228321099352,0.0003547630217978,covid_2020
2020-04-13,0.0002755261620841686,0.0001609695003167,covid_2020
2020-04-14,0.00021568308201839657,0.0002034095116318,covid_2020
2020-04-15,0.000175388015285006,0.0001853909716879,covid_2020
2020-04-16,0.00021033032835070988,0.0001371431897698,covid_2020
2020-04-20,0.00019430465114405414,0.0002807114859611,covid_2020
2020-04-21,0.0002611374564671028,8.385459838723181e-05,covid_2020
2020-04-22,0.00024838680625373653,0.000193835085873,covid_2020
2020-04-23,0.00022057474689949385,8.825351969463739e-05,covid_2020
2020-04-27,0.0001952995147384417,0.0001483098777894,covid_2020
2020-04-28,0.00012769421753161729,6.874891170214791e-05,covid_2020
2020-04-29,0.00012383552893781776,0.0001640663526379,covid_2020
2020-04-30,0.00011645914628184732,0.0001383846130357,covid_2020
2020-05-04,0.00014874134984066648,8.737595325859279e-05,calm
2020-05-05,0.0001571885337343139,0.0001076282426851,calm
2020-05-06,0.00013529274363529987,6.928241516691661e-05,calm
2020-05-07,0.00013093230083563353,3.493052321055395e-05,calm
2020-05-11,9.635287355774231e-05,9.254978884272516e-05,calm
2020-05-12,7.979434076780834e-05,0.0003055976336489,calm
2020-05-13,0.00014521504915618772,0.0002527474932341,calm
2020-05-14,0.00019402986640349102,0.0001538720151598,calm
2020-05-18,0.00016113159041520036,0.0001374663711738,calm
2020-05-19,0.0001243765983965272,5.184289561160323e-05,calm
2020-05-20,0.00011281135336121823,9.945151668623746e-05,calm
2020-05-21,9.660432583263432e-05,4.7964911100726e-05,calm
2020-05-26,9.612335338769922e-05,0.0001311293840419,calm
2020-05-27,9.678065453168885e-05,0.0001039860134638,calm
2020-05-28,9.807277158301538e-05,0.0002140245318283,calm
2020-06-01,0.00012194449439708287,4.463974143317444e-05,calm
2020-06-02,9.879227287393926e-05,3.364267192512235e-05,calm
2020-06-03,7.483918562635654e-05,6.588658726446698e-05,calm
2020-06-04,7.06183383817623e-05,7.772121236108856e-05,calm
2020-06-08,7.5966218106015e-05,7.12606002799758e-05,calm
2020-06-09,7.788593957324243e-05,0.0001652964900332,calm
2020-06-10,0.00010423339681935877,0.0002947131631139,calm
2020-06-11,0.0001286029652088735,0.0005370909293607,calm
2020-06-15,0.00037776440096361403,0.0002984500404081,calm
2020-06-16,0.0002446112186327648,7.836506060326633e-05,calm
2020-06-17,0.00017164306735236836,7.435351620084829e-05,calm
2020-06-18,0.00014399374791574025,0.0001845770727339,calm
2020-06-22,0.00014974009554919883,4.4991544069681983e-05,calm
2020-06-23,0.00011235685284990342,0.0002325984131621,calm
2020-06-24,0.0001358244802829877,0.0001585836317816,calm
2020-06-25,0.00016805441065246258,0.0001417447775985,calm
2020-06-29,0.0001500924866308301,8.134269074861536e-05,calm
2020-06-30,0.0001319074875690146,7.674504157836615e-05,calm
2020-07-01,0.00011304825604087987,8.369163388353996e-05,calm
2020-07-06,9.895187621116949e-05,4.932219573738567e-05,calm
2020-07-07,8.675360281786788e-05,7.271051668497684e-05,calm
2020-07-08,9.775336255155197e-05,0.0001494709682402,calm
2020-07-09,0.00010233470430459162,8.041823046969235e-05,calm
2020-07-13,0.00010986991072004689,0.0001980537305065,calm
2020-07-14,0.00015373501137870771,0.0001199937970587,calm
2020-07-15,0.0001257349756247635,5.575018662711132e-05,calm
2020-07-16,9.587214110740525e-05,2.6277162066045865e-05,calm
2020-07-20,7.927961071324851e-05,4.4821792799947744e-05,calm
2020-07-21,6.013287712837416e-05,4.1505151037387936e-05,calm
2020-07-22,6.081345959845267e-05,8.210175761997506e-05,calm
2020-07-23,6.590903193118691e-05,7.721705295737938e-05,calm
2020-07-27,8.15290108418995e-05,3.3596936451612125e-05,calm
2020-07-28,6.532450941838203e-05,3.421152762239013e-05,calm
2020-07-29,6.381609909201766e-05,6.627927925200805e-05,calm
2020-07-30,6.213908261653435e-05,9.382567842813984e-05,calm
2020-08-03,7.380925289122277e-05,2.6884913484115697e-05,calm
2020-08-04,5.794013644130941e-05,1.7879698955358604e-05,calm
2020-08-05,4.555090602057899e-05,2.5601158178138605e-05,calm
2020-08-06,4.217660092463916e-05,5.11789850149717e-05,calm
2020-08-10,4.772850017048033e-05,9.28155914461042e-05,calm
2020-08-11,5.7621322340651576e-05,3.104410760916782e-05,calm
2020-08-12,5.693763681387581e-05,2.653068523521795e-05,calm
2020-08-13,4.521280705621366e-05,3.3362828740994555e-05,calm
2020-08-17,4.395550469887545e-05,3.304154236360309e-05,calm
2020-08-18,4.152330995224674e-05,3.01152784299246e-05,calm
2020-08-19,4.0944655796444316e-05,1.8073576814746308e-05,calm
2020-08-20,3.888078857667194e-05,1.947432694048474e-05,calm
2020-08-24,3.787474769997329e-05,1.892561379013808e-05,calm
2020-08-25,3.583712593920175e-05,2.6796579095160505e-05,calm
2020-08-26,3.712570350946323e-05,6.753630536552151e-05,calm
2020-08-27,5.2306053710481514e-05,1.9898177493274488e-05,calm
2020-08-31,4.8638778305176036e-05,3.0289108801083148e-05,calm
2020-09-01,5.636974924567709e-05,4.5848321394645935e-05,calm
2020-09-02,6.128776970283444e-05,0.0004466029072313,calm
2020-09-03,0.00010989314203445854,0.000528240843047,calm
2020-09-08,0.00023745224605493644,0.0001127965403919,calm
2020-09-09,0.0001645591224091493,0.0002773562290203,calm
2020-09-10,0.0001465186977711764,0.0001683476469891,calm
2020-09-14,0.00015170208776732214,3.774104373707017e-05,calm
2020-09-15,8.048060584042663e-05,6.615314657930894e-05,calm
2020-09-16,7.667513468033594e-05,0.0001323579293337,calm
2020-09-17,9.209678983245777e-05,0.0001084947778282,calm
2020-09-21,9.864388099890215e-05,7.781766951524045e-05,calm
2020-09-22,0.00010268975028840616,0.0001227565539986,calm
2020-09-23,0.00010130546428930684,0.000215304301445,calm
2020-09-24,0.0001348687529007717,0.000116855330636,calm
2020-09-28,0.0001266361942109504,5.258906684972024e-05,calm
2020-09-29,8.608358989680946e-05,0.0001278650723093,calm
2020-09-30,9.578537331530278e-05,7.328048082412484e-05,calm
2020-10-01,9.12086236701385e-05,0.0001521186295056,calm
2020-10-05,0.0001058668530001174,0.0001955387974632,calm
2020-10-06,0.00013197865226647173,5.389300812629073e-05,calm
2020-10-07,0.00011723123239436215,3.276271837389301e-05,calm
2020-10-08,8.283620889582141e-05,2.951109904686509e-05,calm
2020-10-12,6.401930418495202e-05,5.9492758892514347e-05,calm
2020-10-13,6.267668967264566e-05,6.66838247228369e-05,calm
2020-10-14,7.237882014093365e-05,4.951877239479944e-05,calm
2020-10-15,7.317988961312771e-05,4.080771314167797e-05,calm
2020-10-19,7.188903474215092e-05,0.0001051543808722,calm
2020-10-20,9.818115465655276e-05,9.11667588006882e-05,calm
2020-10-21,0.00010472385271382211,7.433695800916833e-05,calm
2020-10-22,9.653209433486395e-05,3.423347638373936e-05,calm
2020-10-26,7.80196843532208e-05,0.000113579209334,calm
2020-10-27,0.00011862105529583222,5.834479742963298e-05,calm
2020-10-28,0.00011906357820018772,0.000199862617533,calm
2020-10-29,0.00020696953258858984,0.0001575475974957,calm
2020-10-30,0.00018982852983040943,0.000276284215114,calm
2020-11-02,0.00021254339523394257,0.0001164584430833,calm
2020-11-03,0.00018036273656498432,0.0001214116055037,calm
2020-11-04,0.0001564572251967913,0.0001932086072511,calm
2020-11-05,0.00011924570758438738,9.501223434864e-05,calm
2020-11-06,9.620241642937765e-05,9.121390432811506e-05,calm
2020-11-09,7.881781085447021e-05,0.0004320155270632,calm
2020-11-10,0.00011727850397576497,0.0001549841328875,calm
2020-11-11,0.0001097607802263925,3.786906653055408e-05,calm
2020-11-12,7.16905030200887e-05,7.361330166928761e-05,calm
2020-11-13,8.309462146462812e-05,3.6868267692669375e-05,calm
2020-11-16,6.0689950369613696e-05,5.333698852319379e-05,calm
2020-11-17,5.7479951224210405e-05,3.3117367086166546e-05,calm
2020-11-18,5.371219007196688e-05,4.767741618286679e-05,calm
2020-11-19,6.060370838775564e-05,5.642310539963253e-05,calm
2020-11-20,5.9694692067030136e-05,3.234469279722991e-05,calm
2020-11-23,5.747687153912921e-05,6.286200687800076e-05,calm
2020-11-24,5.702277771608062e-05,2.457678750802176e-05,calm
2020-11-25,4.574336407449509e-05,2.8004950183136943e-05,calm
2020-11-27,4.190666058462466e-05,7.581074244517271e-06,calm
2020-11-30,3.047485391669127e-05,5.343974496026069e-05,calm
2020-12-01,3.757098262925963e-05,4.127460278256987e-05,calm
2020-12-02,4.173050659851963e-05,2.493315076782388e-05,calm
2020-12-03,4.074434865915152e-05,4.2798466233126216e-05,calm
2020-12-04,4.497857591230155e-05,1.8511557198377515e-05,calm
2020-12-07,3.734002739961284e-05,1.9960211592068304e-05,calm
2020-12-08,3.694147386817041e-05,1.3653434745004585e-05,calm
2020-12-09,3.1180914946073105e-05,6.158723625032016e-05,calm
2020-12-10,4.7102480973199295e-05,6.562439560071342e-05,calm
2020-12-11,5.586465095422742e-05,3.770830016888652e-05,calm
2020-12-14,5.6829333150940877e-05,5.6914554800908086e-05,calm
2020-12-15,6.7428380103683e-05,2.850646918856208e-05,calm
2020-12-16,5.139457511225104e-05,2.120788738551952e-05,calm
2020-12-17,4.280520660611008e-05,2.116312941424712e-05,calm
2020-12-18,3.8318383631910617e-05,4.316586998019164e-05,calm
2020-12-21,4.24100701722818e-05,7.790965549313342e-05,calm
2020-12-22,6.834948146916588e-05,3.933241809328295e-05,calm
2020-12-23,6.057655076016739e-05,1.743131764438956e-05,calm
2020-12-24,4.555883325076325e-05,9.839720837014678e-06,calm
2020-12-28,3.164146914679851e-05,7.82628644780017e-06,calm
2020-12-29,2.6658301311372847e-05,3.674875007292851e-05,calm
2020-12-30,3.845846123657239e-05,1.1019308568722036e-05,calm
2020-12-31,3.295866623603447e-05,1.3464711619847874e-05,calm
2021-01-04,3.2131782032215794e-05,0.0001273337648734,calm
2021-01-05,7.10750701666828e-05,6.671771375198702e-05,calm
2021-01-06,7.00411895654163e-05,0.0001242172929139,calm
2021-01-07,8.062724791957769e-05,4.871737383758866e-05,calm
2021-01-08,5.8752286000234735e-05,6.204511019819588e-05,calm
2021-01-12,5.5223113994265006e-05,3.8356666615701024e-05,calm
2021-01-13,5.763082339922309e-05,2.450362713147212e-05,calm
2021-01-14,4.590339974286954e-05,2.194863762386764e-05,calm
2021-01-15,4.490616541621354e-05,6.94226766049533e-05,calm
2021-01-19,6.03957672512545e-05,3.131134609776751e-05,calm
2021-01-20,5.159128857595779e-05,2.19571072044416e-05,calm
2021-01-21,3.910090510686081e-05,1.5656938951223573e-05,calm
2021-01-22,3.2546746033363324e-05,2.277641912651425e-05,calm
2021-01-25,3.5063903734757676e-05,0.0001212226931331,calm
2021-01-26,6.243736837714412e-05,2.679437922883485e-05,calm
2021-01-27,5.008733455083454e-05,0.0002566317241467,calm
2021-01-28,0.00019017953766020635,0.0001463661787123,calm
2021-01-29,0.0001460462117976519,0.0002565847765521,calm
2021-02-01,0.000184560931593636,0.0001012262665154,calm
2021-02-02,0.0001311987022987618,7.661875489384855e-05,calm
2021-02-03,8.337824407211411e-05,3.357182634761036e-05,calm
2021-02-04,5.33286303557847e-05,2.0252677563845744e-05,calm
2021-02-05,3.9133091479311423e-05,2.2534807840900018e-05,calm
2021-02-08,3.460126773995053e-05,2.231851562198731e-05,calm
2021-02-09,3.459862914210728e-05,9.386921404520109e-06,calm
2021-02-10,2.832834396987423e-05,7.793511118171113e-05,calm
2021-02-11,4.776030678267386e-05,4.2971804578401895e-05,calm
2021-02-12,4.713958027615818e-05,1.4517692680906511e-05,calm
2021-02-16,3.1996337371638435e-05,4.223490701608808e-05,calm
2021-02-17,4.1961552744989415e-05,4.005374372390875e-05,calm
2021-02-18,4.5429901638488644e-05,4.36045928684429e-05,calm
2021-02-19,5.101064288579546e-05,2.815635554290462e-05,calm
2021-02-22,4.416179061145664e-05,3.537893749466648e-05,calm
2021-02-23,4.9415117957284525e-05,0.0001450558358643,calm
2021-02-24,7.113992412967937e-05,5.0005018163275e-05,calm
2021-02-25,5.474649054198696e-05,0.0001364867376194,calm
2021-02-26,0.00011473675535556853,0.0002771715538038,calm
2021-03-01,0.0001437703141938855,8.495049204576004e-05,calm
2021-03-02,8.30888985358708e-05,7.249876334360952e-05,calm
2021-03-03,7.65059549984132e-05,0.0001213788792926,calm
2021-03-04,0.00010250852128757954,0.0003855135354915,calm
2021-03-05,0.00016404467590297719,0.0002434694285022,calm
2021-03-08,0.0001265460150100929,0.000161324435454,calm
2021-03-09,0.00012213320109980664,5.5586375225240906e-05,calm
2021-03-10,8.137601706432867e-05,8.607038656934875e-05,calm
2021-03-11,7.314122099733768e-05,3.928187647642177e-05,calm
2021-03-12,5.614857365168284e-05,2.8735499481851003e-05,calm
2021-03-15,4.313486659147896e-05,2.6072173439860388e-05,calm
2021-03-16,3.691541581212224e-05,2.127820688789947e-05,calm
2021-03-17,3.275145385965419e-05,6.558327021615637e-05,calm
2021-03-18,4.2404830194202516e-05,5.473245559052156e-05,calm
2021-03-19,5.516688223546812e-05,6.89737091433628e-05,calm
2021-03-22,5.926212612334973e-05,1.5048698914522186e-05,calm
2021-03-23,3.339524226201961e-05,3.914827415340234e-05,calm
2021-03-24,4.123591498300598e-05,6.672759023927827e-05,calm
2021-03-25,5.5438494891616464e-05,0.0001013250281365,calm
2021-03-26,6.151042257537369e-05,8.356303612791502e-05,calm
2021-03-29,5.7547549397952435e-05,3.394869749018731e-05,calm
2021-03-30,5.150825056538399e-05,1.5010896224353178e-05,calm
2021-03-31,3.389004540087573e-05,1.5474190687546738e-05,calm
2021-04-05,2.8827896854297716e-05,1.31856516217403e-05,calm
2021-04-06,2.2876374640899354e-05,1.3969931704806398e-05,calm
2021-04-07,2.2093450401931602e-05,8.0506303485583e-06,calm
2021-04-08,1.7236301474449248e-05,9.896455462448367e-06,calm
2021-04-12,1.6555486405675116e-05,7.229899053097587e-06,calm
2021-04-13,1.4790298758561297e-05,3.272274702008801e-05,calm
2021-04-14,2.2944103848584875e-05,2.278113269288076e-05,calm
2021-04-15,2.4279908176306963e-05,1.3104330745515952e-05,calm
2021-04-19,1.9885737107628942e-05,3.552342675883333e-05,calm
2021-04-20,2.8320604483789053e-05,1.778850598586463e-05,calm
2021-04-21,2.747304594896617e-05,8.074495764386004e-05,calm
2021-04-22,4.1013384540504326e-05,1.803288386582267e-05,calm
2021-04-26,3.10625073748807e-05,1.5143302912074993e-05,calm
2021-04-27,2.4424438186714112e-05,1.894435645249391e-05,calm
2021-04-28,2.422676602887686e-05,3.0026113656434087e-05,calm
2021-04-29,2.7582388346205787e-05,2.927537705067475e-05,calm
2021-05-03,2.94622947761838e-05,5.972814604774194e-05,calm
2021-05-04,4.052921085401424e-05,2.350048282313268e-05,calm
2021-05-05,3.573909912651673e-05,5.821577077843215e-05,calm
2021-05-06,4.432971688350227e-05,2.4929876179163583e-05,calm
2021-05-10,3.387482786417255e-05,0.0001355145540832,calm
2021-05-11,6.066089877495376e-05,7.275191543804649e-05,calm
2021-05-12,6.998270790281625e-05,0.000117362887941,calm
2021-05-13,0.00012548545811127596,3.836346257473453e-05,calm
2021-05-17,6.725906592034312e-05,3.745603462585221e-05,calm
2021-05-18,4.3892498268897096e-05,0.0001357784103004,calm
2021-05-19,6.874598397853054e-05,3.095313898108256e-05,calm
2021-05-20,5.4404308402452816e-05,4.2740135400671605e-05,calm
2021-05-24,4.841529165589508e-05,2.1061782466102745e-05,calm
2021-05-25,3.234661091608932e-05,1.1854273288280844e-05,calm
2021-05-26,2.5266935519208885e-05,1.0479052213237546e-05,calm
2021-05-27,2.0005851756160597e-05,7.587755545834326e-06,calm
2021-06-01,1.619272738277849e-05,1.14500425911897e-05,calm
2021-06-02,1.861870048727128e-05,3.351225358868178e-05,calm
2021-06-03,2.697301779188786e-05,9.216553542173696e-06,calm
2021-06-07,2.0484383642623524e-05,1.627455596826424e-05,calm
2021-06-08,2.0159861642978397e-05,5.232172368265843e-06,calm
2021-06-09,1.4504920812925587e-05,2.620038893883176e-05,calm
2021-06-10,2.3125777654730158e-05,7.178118703655237e-06,calm
2021-06-14,1.5490511820108382e-05,1.051745512674122e-05,calm
2021-06-15,1.572756134514323e-05,6.896946573777087e-05,calm
2021-06-16,3.177078661199134e-05,4.69630722351972e-05,calm
2021-06-17,3.737635390244853e-05,7.463480353050188e-05,calm
2021-06-21,4.503800144833469e-05,9.122564671395817e-06,calm
2021-06-22,2.349089142621849e-05,1.2620145856199508e-05,calm
2021-06-23,1.9495303478095368e-05,9.807920809531591e-06,calm
2021-06-24,1.6603278333641007e-05,2.7895689994746843e-06,calm
2021-06-28,1.0585370953918054e-05,6.323526792163192e-06,calm
2021-06-29,1.1341014957055992e-05,5.897339698229372e-06,calm
2021-06-30,1.1462907609122884e-05,7.793323739258101e-06,calm
2021-07-01,1.2386534329689806e-05,5.008962042957298e-06,calm
2021-07-06,1.0725483691440904e-05,2.824526965725836e-05,calm
2021-07-07,1.9461261725540484e-05,7.543406172627109e-05,calm
2021-07-08,3.276919606763296e-05,1.768033135022103e-05,calm
2021-07-12,2.741758732678346e-05,1.9218362912371888e-05,calm
2021-07-13,2.2040551755931945e-05,2.5630436498269584e-05,calm
2021-07-14,2.560600617993786e-05,3.599091085712917e-05,calm
2021-07-15,2.7912049660113136e-05,2.621008734990812e-05,calm
2021-07-19,2.7673524064384524e-05,4.222713248957708e-05,calm
2021-07-20,4.954163654089875e-05,1.6909519016854468e-05,calm
2021-07-21,3.276380772464192e-05,1.3855226070480944e-05,calm
2021-07-22,2.4057712488345686e-05,1.180443330961232e-05,calm
2021-07-26,2.0701213853757362e-05,4.803011944600596e-05,calm
2021-07-27,3.0335671460535346e-05,2.876437227429487e-05,calm
2021-07-28,3.4101294447292534e-05,1.8603205633705564e-05,calm
2021-07-29,2.8187805037250386e-05,2.037206668632396e-05,calm
2021-08-02,2.618597381060334e-05,3.441473999584544e-05,calm
2021-08-03,3.459781770703418e-05,1.244755385138402e-05,calm
2021-08-04,2.4641345358399407e-05,5.946261783787432e-06,calm
2021-08-05,1.7800303958405062e-05,1.3327408153973269e-05,calm
2021-08-09,1.8893695761939253e-05,1.0870064418366274e-05,calm
2021-08-10,1.7592171546080584e-05,7.186790105153241e-06,calm
2021-08-11,1.5365610014266083e-05,5.583176283897592e-06,calm
2021-08-12,1.3008750067970359e-05,5.783550911054716e-06,calm
2021-08-16,1.1896817658230944e-05,4.496535365965476e-05,calm
2021-08-17,2.3303237195295432e-05,4.175928525180641e-05,calm
2021-08-18,3.249377500809715e-05,6.119747550277308e-05,calm
2021-08-19,5.1354707590163745e-05,1.8715490756372084e-05,calm
2021-08-23,3.7902694073923244e-05,3.4238325620368543e-06,calm
2021-08-24,1.5049521974740279e-05,4.907262240534328e-06,calm
2021-08-25,1.239970057668555e-05,1.7819744547097922e-05,calm
2021-08-26,1.6660454506592525e-05,1.462399819553436e-05,calm
2021-08-30,2.024930726782934e-05,1.249158346120711e-05,calm
2021-08-31,1.7126640523850117e-05,7.445936817510287e-06,calm
2021-09-01,1.423067305069937e-05,1.041578564362436e-05,calm
2021-09-02,1.4495047865137236e-05,9.429934699667262e-06,calm
2021-09-07,1.4417817073090672e-05,2.7754048469058288e-05,calm
2021-09-08,2.3315813940588878e-05,2.5512264983936844e-05,calm
2021-09-09,2.5819381645149597e-05,2.984539695826889e-05,calm
2021-09-13,2.9890114251287894e-05,2.936837230010387e-05,calm
2021-09-14,3.212596730651577e-05,3.440444206909714e-05,calm
2021-09-15,3.460707215509732e-05,3.576426779713838e-05,calm
2021-09-16,3.2785837286021066e-05,3.98332233839064e-05,calm
2021-09-20,3.537586103748968e-05,9.497098104243789e-05,calm
2021-09-21,7.922842860135546e-05,6.653195055357099e-05,calm
2021-09-22,7.501720746012264e-05,3.401142864376917e-05,calm
2021-09-23,4.628245752833124e-05,2.92981957461834e-05,calm
2021-09-27,3.3666893008769836e-05,7.687528105732677e-05,calm
2021-09-28,4.403578795707872e-05,5.238021047540545e-05,calm
2021-09-29,6.0446059546175686e-05,0.0001037008829827,calm
2021-09-30,7.482912136230143e-05,8.300900361269278e-05,calm
2021-10-04,7.754508023172766e-05,4.057487699541446e-05,calm
2021-10-05,6.0825097717197155e-05,0.0001116803593763,calm
2021-10-06,6.827438080462734e-05,5.594094025261698e-05,calm
2021-10-07,5.8137947324395546e-05,2.907100761954048e-05,calm
2021-10-11,4.085145316781426e-05,5.239317929079183e-05,calm
2021-10-12,4.64783078429968e-05,5.051804733168037e-05,calm
2021-10-13,4.820717032444624e-05,2.947472552035289e-05,calm
2021-10-14,3.771026317427209e-05,2.004762057197119e-05,calm
2021-10-18,2.7292576659187865e-05,1.2801420313121508e-05,calm
2021-10-19,2.06925036225511e-05,1.2238511383906043e-05,calm
2021-10-20,1.7903918084254742e-05,9.856512100608924e-06,calm
2021-10-21,1.5765934396615382e-05,3.0300152656377063e-05,calm
2021-10-25,2.209458391784409e-05,2.7593013685281537e-05,calm
2021-10-26,2.4699823287441918e-05,2.654297796745142e-05,calm
2021-10-27,2.6671416756604734e-05,2.278323813316448e-05,calm
2021-10-28,2.7477055874503105e-05,1.4625002329309056e-05,calm
2021-11-01,2.225766531728526e-05,2.458513744922353e-05,calm
2021-11-02,2.485834021405956e-05,1.2510730400070851e-05,calm
2021-11-03,2.0031537790322463e-05,2.185986073340245e-05,calm
2021-11-04,2.1450493015048382e-05,1.895854447931373e-05,calm
2021-11-05,2.147303075270871e-05,3.077542709606228e-05,calm
2021-11-08,2.774124553270734e-05,2.046133425190469e-05,calm
2021-11-09,2.6733180181848835e-05,3.5250181659345806e-05,calm
2021-11-10,3.323437321541004e-05,3.176647257945738e-05,calm
2021-11-11,3.57984634765963e-05,9.926129057536772e-06,calm
2021-11-12,2.1873953319787846e-05,1.6059783504241175e-05,calm
2021-11-15,2.0178613606083735e-05,1.9541266031902844e-05,calm
2021-11-16,2.174554532096084e-05,1.3969252326911067e-05,calm
2021-11-17,1.9735291806398814e-05,1.580140785991509e-05,calm
2021-11-18,2.099823621312145e-05,2.252383089733889e-05,calm
2021-11-19,2.510936637766967e-05,2.220702723992191e-05,calm
2021-11-22,2.674979247652225e-05,4.320479314552695e-05,calm
2021-11-23,3.75454644045214e-05,6.500523587141369e-05,calm
2021-11-24,4.8468419795128635e-05,3.1077735396366924e-05,calm
2021-11-26,3.723861119145987e-05,0.0001077826983346,calm
2021-11-29,9.981405883892561e-05,3.687379906458531e-05,calm
2021-11-30,6.017036477042961e-05,0.0001164925085963,calm
2021-12-01,9.546750628576587e-05,0.0001631100920523,calm
2021-12-02,0.00014686802882663395,0.0001761627034999,calm
2021-12-03,0.0001288919480232173,0.0002175857690352,calm
2021-12-06,0.00015829361767527093,8.734356911643506e-05,calm
2021-12-07,0.00010289393979588217,4.882219931894198e-05,calm
2021-12-08,5.677226682881004e-05,2.910529442435925e-05,calm
2021-12-09,3.846908995094593e-05,2.5094287329516195e-05,calm
2021-12-10,3.763143149536318e-05,4.448454591221564e-05,calm
2021-12-13,3.740492508423825e-05,3.530757623014814e-05,calm
2021-12-14,4.006586848790108e-05,4.806361223400596e-05,calm
2021-12-15,5.025193613435678e-05,0.0001095772878333,calm
2021-12-16,5.8540981987773735e-05,8.993419385790401e-05,calm
2021-12-17,6.455890084996502e-05,0.0001573270026768,calm
2021-12-20,8.577147677235937e-05,0.0001159166597093,calm
2021-12-21,9.211433796309008e-05,6.129127098743919e-05,calm
2021-12-22,6.622294326600245e-05,2.206827429717416e-05,calm
2021-12-23,3.721041754621056e-05,2.347591962240604e-05,calm
2021-12-27,3.0676615980566314e-05,1.7890394679107298e-05,calm
2021-12-28,2.6264280390730258e-05,3.0328017214922435e-05,calm
2021-12-29,2.9942712082559573e-05,1.8252761495829176e-05,calm
2021-12-30,2.5529282417201478e-05,1.4736215753472094e-05,calm
2021-12-31,2.31007751560557e-05,2.799027080906818e-05,calm
2022-01-03,2.7677559113274592e-05,5.461787824359261e-05,calm
2022-01-04,3.6410336346990494e-05,3.141185057999625e-05,calm
2022-01-05,3.320624628124304e-05,4.61835543624375e-05,calm
2022-01-06,4.447271976656607e-05,7.82858201733552e-05,calm
2022-01-07,5.753353141421506e-05,4.369214039985998e-05,calm
2022-01-10,4.682424862053617e-05,0.000122715494944,calm
2022-01-11,6.685019535312005e-05,6.490428713781232e-05,calm
2022-01-12,5.598617693400368e-05,3.742384440258127e-05,calm
2022-01-13,4.1669666802775576e-05,6.733658614627738e-05,calm
2022-01-14,5.642743139137147e-05,0.0001110885086845,calm
2022-01-18,6.854855360438706e-05,0.000124887132371,calm
2022-01-19,9.578306816991801e-05,8.606554424776691e-05,calm
2022-01-20,9.552987803339196e-05,9.775623629999742e-05,calm
2022-01-21,0.00010658986561070131,0.0002308353863043,calm
2022-01-24,0.0001694190238471895,0.0006564505516145,calm
2022-01-25,0.00026269228181437264,0.0004014730321667,calm
2022-01-26,0.0002755529805672863,0.0005064344586374,calm
2022-01-27,0.00030568857905050864,0.000299184362496,calm
2022-01-28,0.0002482833228779167,0.0002625988643216,calm
2022-02-01,0.0001928540114953038,0.0001057807404602,calm
2022-02-02,9.972214737394685e-05,7.900375042754942e-05,calm
2022-02-03,7.981324917713733e-05,0.0001092049004392,calm
2022-02-04,0.00010210816427079183,0.0001336401313811,calm
2022-02-07,0.0001065377629874174,9.890117697452616e-05,calm
2022-02-08,9.624530304785035e-05,6.203778077973017e-05,calm
2022-02-09,7.24784091734915e-05,4.819711826619469e-05,calm
2022-02-10,5.583519460889876e-05,0.0001565664685695,calm
2022-02-11,0.00010349844615608226,0.0002094318507023,calm
2022-02-14,0.00016427273621241013,0.0001392275227592,calm
2022-02-15,0.00016230863487099617,9.315476021027872e-05,calm
2022-02-16,0.00011305893880056734,7.101313599650871e-05,calm
2022-02-17,8.534284974729146e-05,6.574837290499602e-05,calm
2022-02-18,9.932011372108716e-05,0.0001324816324507,calm
2022-02-22,0.00011944804709410612,0.0002151742267837,calm
2022-02-23,0.00015383137865125694,0.0001306989690878,calm
2022-02-24,0.00015938064172191647,0.0004893690620139,calm
2022-02-25,0.00021326514988501285,0.0001458657691331,calm
