date,forecast,actual,regime
2004-01-02,4.162765446853136e-05,4.746692947241121e-05,calm
2004-01-05,4.498462708885906e-05,3.5042980315462e-05,calm
2004-01-06,4.587407284658292e-05,1.996860427759956e-05,calm
2004-01-07,4.398786487508683e-05,2.894911799578962e-05,calm
2004-01-08,4.276631418206858e-05,3.1764671407365824e-05,calm
2004-01-09,4.2678698396755684e-05,6.887760581914288e-05,calm
2004-01-14,4.6569651427853684e-05,2.1453890090610127e-05,calm
2004-01-15,4.495206917141439e-05,5.030325056194925e-05,calm
2004-01-16,4.561111740617326e-05,3.557575245891007e-05,calm
2004-01-20,4.474308279011866e-05,2.318480978541345e-05,calm
2004-01-21,4.299113457067107e-05,3.622873754930808e-05,calm
2004-01-22,4.265914199424403e-05,3.344119684036042e-05,calm
2004-01-23,4.2912390736877145e-05,3.714446672730906e-05,calm
2004-01-26,4.35093854897327e-05,2.9493382477689325e-05,calm
2004-01-27,4.3078570872411744e-05,2.8899870826598297e-05,calm
2004-01-28,4.3299318050447856e-05,9.465898688401444e-05,calm
2004-01-29,4.9649226131550075e-05,8.060087997667982e-05,calm
2004-01-30,5.502769936705625e-05,5.2655363186854285e-05,calm
2004-02-02,5.468760433215569e-05,8.276496145781176e-05,calm
2004-02-03,5.7218304873544447e-05,3.468135072140051e-05,calm
2004-02-04,5.316609351639144e-05,5.854818895978196e-05,calm
2004-02-05,4.7210416932360825e-05,4.500600047418261e-05,calm
2004-02-06,4.5603819162093026e-05,4.4750861202062913e-05,calm
2004-02-09,4.3046812782479444e-05,1.758705003074006e-05,calm
2004-02-10,3.945221071375855e-05,2.396465451835885e-05,calm
2004-02-11,3.78661418160098e-05,4.493386620434971e-05,calm
2004-02-12,3.881802883662048e-05,2.165582981415501e-05,calm
2004-02-13,3.815773164690861e-05,4.805695896248099e-05,calm
2004-02-17,3.988297028982364e-05,4.373560722222403e-05,calm
2004-02-18,4.098091689488508e-05,1.7099794146549574e-05,calm
2004-02-19,3.901174051195143e-05,5.643173723016871e-05,calm
2004-02-20,4.085211200661569e-05,4.8976177165165696e-05,calm
2004-02-23,4.228424476004145e-05,3.072271007076642e-05,calm
2004-02-24,4.132715301514464e-05,4.1801528184928e-05,calm
2004-02-25,4.1013326953411903e-05,1.814413350414673e-05,calm
2004-02-26,3.7881244622606106e-05,1.812134613660537e-05,calm
2004-02-27,3.596219219490717e-05,3.457720143099171e-05,calm
2004-03-01,3.6170049494258126e-05,3.30084047095964e-05,calm
2004-03-02,3.654251210645608e-05,3.633605420624729e-05,calm
2004-03-03,3.746023747191837e-05,2.449546262963568e-05,calm
2004-03-04,3.693674887521756e-05,1.2639581072143253e-05,calm
2004-03-05,3.522548784017608e-05,0.0001092408875262,calm
2004-03-08,3.7050166253755526e-05,2.5753194154617617e-05,calm
2004-03-09,3.6478936046757234e-05,5.865012042754661e-05,calm
2004-03-10,3.956938585371886e-05,5.0182507177007154e-05,calm
2004-03-11,4.2664382162559245e-05,0.0001092176859828,calm
2004-03-12,5.3269482260741176e-05,6.976664386808508e-05,calm
2004-03-15,5.3961809225273556e-05,8.201414029738411e-05,calm
2004-03-16,5.980392213606584e-05,8.455166175668443e-05,calm
2004-03-17,6.14687835984867e-05,4.4586957281568565e-05,calm
2004-03-18,5.235576960233082e-05,7.043889686593408e-05,calm
2004-03-19,5.0356759043701255e-05,3.9519041663780586e-05,calm
2004-03-22,4.634302610845998e-05,0.0001255501692582,calm
2004-03-23,5.6632641477224925e-05,6.745227909794062e-05,calm
2004-03-24,5.885898766526324e-05,8.841276147938639e-05,calm
2004-03-25,6.027699373170316e-05,6.424823288974736e-05,calm
2004-03-26,5.493032880059764e-05,3.2835975217664794e-05,calm
2004-03-29,4.7585904063161396e-05,3.178590567856294e-05,calm
2004-03-30,4.255561530335342e-05,3.857241432637164e-05,calm
2004-03-31,4.1704974722844856e-05,3.750687919434624e-05,calm
2004-04-01,4.235274481809784e-05,8.258610605993663e-05,calm
2004-04-05,4.716067034199131e-05,2.769297575464312e-05,calm
2004-04-06,4.38759923288705e-05,3.418841263492474e-05,calm
2004-04-07,4.0791294695673046e-05,9.234176137282728e-05,calm
2004-04-12,4.6018099681562564e-05,4.071674296421818e-05,calm
2004-04-13,4.423567274242201e-05,6.425772176980446e-05,calm
2004-04-14,4.714375518462633e-05,5.9177641799387486e-05,calm
2004-04-15,4.7447927137219626e-05,3.233748624242546e-05,calm
2004-04-19,4.355199174828504e-05,4.292417009478386e-05,calm
2004-04-20,4.179780427382891e-05,5.630832095346389e-05,calm
2004-04-21,4.322532714253572e-05,6.294623535973745e-05,calm
2004-04-22,4.5232646946663155e-05,3.0357593841097723e-05,calm
2004-04-26,4.150151986446721e-05,4.660480074811698e-05,calm
2004-04-27,4.1872645577538505e-05,5.451483881392403e-05,calm
2004-04-28,4.331382188935295e-05,8.081043888820069e-05,calm
2004-04-29,4.806866145197876e-05,9.538382372455228e-05,calm
2004-05-03,5.424206268474589e-05,9.427150373557812e-05,calm
2004-05-04,5.868753051351077e-05,3.836488845782484e-05,calm
2004-05-05,5.3258081033830725e-05,7.60281335211063e-05,calm
2004-05-06,5.246601421351741e-05,9.961025442733376e-05,calm
2004-05-10,5.620826402436129e-05,4.024072319311001e-05,calm
2004-05-11,5.4445080102101355e-05,0.0001274551552618,calm
2004-05-12,6.0987529692949886e-05,8.209932131170614e-05,calm
2004-05-13,6.1009972035408204e-05,9.621926843907416e-05,calm
2004-05-17,6.624274935437133e-05,3.9395953194299815e-05,calm
2004-05-18,5.7205707452650246e-05,9.86686537030104e-05,calm
2004-05-19,6.018606876017549e-05,4.035178359879427e-05,calm
2004-05-20,5.205463496261618e-05,4.179290790636993e-05,calm
2004-05-24,4.6852520869439056e-05,5.1230153682229495e-05,calm
2004-05-25,4.509907194520273e-05,2.7863456427608657e-05,calm
2004-05-26,3.889266534044791e-05,5.251121758073374e-05,calm
2004-05-27,4.024434029943444e-05,1.2069237764693068e-05,calm
2004-06-01,3.3918947205909596e-05,3.385568310187234e-05,calm
2004-06-02,3.511295318908551e-05,3.8072541896442985e-05,calm
2004-06-03,3.6733136088872534e-05,6.317875897821396e-05,calm
2004-06-07,4.1496474578651426e-05,2.672914921510409e-05,calm
2004-06-08,3.8131353963749104e-05,2.046498510355124e-05,calm
2004-06-09,3.505076192269876e-05,1.821254634582509e-05,calm
2004-06-14,3.308641821475428e-05,6.083380699398143e-05,calm
2004-06-15,3.8298935154348074e-05,1.517046656254418e-05,calm
2004-06-16,3.467773622086346e-05,2.073575942602274e-05,calm
2004-06-17,3.3395126375494584e-05,2.381136068270356e-05,calm
2004-06-21,3.3441889334609137e-05,2.6962590883066065e-05,calm
2004-06-22,3.396436557878186e-05,2.09011844040862e-05,calm
2004-06-23,3.272088164153778e-05,1.9973600548683364e-05,calm
2004-06-24,3.181896038676587e-05,1.902370532555758e-05,calm
2004-06-28,3.132420961006668e-05,1.5675630722967488e-05,calm
2004-06-29,3.0759796461512934e-05,2.9324422786989645e-05,calm
2004-06-30,3.1058095188523974e-05,4.558847742042023e-05,calm
2004-07-01,3.2091986986742445e-05,2.965733230799156e-05,calm
2004-07-06,3.216283244722542e-05,1.8665553469806154e-05,calm
2004-07-07,3.188459464066985e-05,4.254086159008393e-05,calm
2004-07-08,3.321889135616342e-05,4.270728226870934e-05,calm
2004-07-12,3.443337669110588e-05,8.971083163326272e-06,calm
2004-07-13,3.215099785520375e-05,6.267228165025885e-05,calm
2004-07-14,3.362922387954357e-05,2.9659089386180835e-05,calm
2004-07-15,3.3276120271445755e-05,3.768872433914414e-05,calm
2004-07-19,3.341077457448576e-05,3.930473556811868e-05,calm
2004-07-20,3.3793140554658515e-05,5.874017661897356e-05,calm
2004-07-21,3.49643326041289e-05,8.039336687104356e-05,calm
2004-07-22,3.8107620712948366e-05,5.332088284227309e-05,calm
2004-07-26,4.0153159521033576e-05,4.178087958711557e-05,calm
2004-07-27,4.079638922529692e-05,7.185965149762403e-05,calm
2004-07-28,4.307029651290649e-05,4.283496445307457e-05,calm
2004-07-29,4.269366789084872e-05,2.8759359970082107e-05,calm
2004-08-02,4.041201242324081e-05,2.559403484988062e-05,calm
2004-08-03,3.318668042832632e-05,4.649421378265179e-05,calm
2004-08-04,3.525871084580786e-05,5.089524964613041e-05,calm
2004-08-05,3.8352895399661766e-05,9.310910478276804e-05,calm
2004-08-09,4.8480681697171216e-05,4.235918848575945e-05,calm
2004-08-10,4.9082030781366824e-05,0.000106615456384,calm
2004-08-11,5.6910112996541874e-05,5.057373518265611e-05,calm
2004-08-12,5.3854688439548414e-05,4.433847293301378e-05,calm
2004-08-16,4.955217470064268e-05,3.1006703684964066e-05,calm
2004-08-17,4.195639965165543e-05,4.686626960269624e-05,calm
2004-08-18,4.098199012609744e-05,3.815873751643198e-05,calm
2004-08-19,3.880747701895356e-05,2.6390427188093405e-05,calm
2004-08-23,3.594867995269796e-05,3.4231125747722495e-05,calm
2004-08-24,3.54016717273349e-05,2.759731053481776e-05,calm
2004-08-25,3.3647643621433966e-05,1.5073402594493956e-05,calm
2004-08-26,2.93067569583249e-05,9.574371923892922e-06,calm
2004-08-30,2.5537459883441092e-05,2.8047606015009595e-05,calm
2004-08-31,2.7871001734409333e-05,3.0425982182419896e-05,calm
2004-09-01,3.030065017741784e-05,1.9551714467397137e-05,calm
2004-09-02,2.9190581658846278e-05,2.60606055105332e-05,calm
2004-09-07,2.9378619072488015e-05,2.274243297806097e-05,calm
2004-09-08,2.9008821362004507e-05,3.1993060329525735e-05,calm
2004-09-09,3.012514395487497e-05,2.897432488815208e-05,calm
2004-09-13,3.039078930627936e-05,1.434966281000752e-05,calm
2004-09-14,2.6562573249033594e-05,2.2377523033820985e-05,calm
2004-09-15,2.6232605773463495e-05,1.2610326252627773e-05,calm
2004-09-16,2.4377048006950568e-05,2.3171616920976163e-05,calm
2004-09-20,2.553921564395264e-05,1.5660752281588137e-05,calm
2004-09-21,2.481987819161014e-05,5.7548189795053e-05,calm
2004-09-22,3.0085727704126545e-05,2.677975782617993e-05,calm
2004-09-23,3.0292241986994964e-05,1.723573894888711e-05,calm
2004-09-27,2.822181988581082e-05,2.4010680108981e-05,calm
2004-09-28,2.802720288437745e-05,2.4855104597581503e-05,calm
2004-09-29,2.7822553310880145e-05,2.8325689436875165e-05,calm
2004-09-30,2.8059660597926225e-05,3.3225022488154e-05,calm
2004-10-04,2.914476631354911e-05,2.027711933198608e-05,calm
2004-10-05,2.7302353410372843e-05,1.6897573713299464e-05,calm
2004-10-06,2.5488093055593176e-05,1.61697043963027e-05,calm
2004-10-07,2.4064187666333305e-05,2.955327722998703e-05,calm
2004-10-12,2.6219879212481263e-05,4.373260934313432e-05,calm
2004-10-13,3.066596020810722e-05,2.6824084809833783e-05,calm
2004-10-14,3.0856015173722654e-05,5.3230498235616505e-05,calm
2004-10-18,3.578332896020524e-05,3.3589967210355955e-05,calm
2004-10-19,3.573538260123418e-05,5.379510947431661e-05,calm
2004-10-20,3.783684593643273e-05,5.0166302303134735e-05,calm
2004-10-21,3.878859086233119e-05,3.627708272348647e-05,calm
2004-10-25,3.60501727620114e-05,3.938181052507464e-05,calm
2004-10-26,3.607866930769923e-05,4.707750723028362e-05,calm
2004-10-27,3.696770379780378e-05,3.445948108293571e-05,calm
2004-10-28,3.598918935756555e-05,2.9219276576608413e-05,calm
2004-11-01,3.384978008317821e-05,1.543053972137845e-05,calm
2004-11-02,2.9299867791107827e-05,4.7029373562063945e-05,calm
2004-11-03,3.2062387642471994e-05,0.0002290475182417,calm
2004-11-04,4.796525975205013e-05,3.412224664175711e-05,calm
2004-11-05,4.427242385887635e-05,4.152233972752128e-05,calm
2004-11-08,4.094093610670773e-05,2.0279031954573085e-05,calm
2004-11-09,3.31305994516461e-05,2.337577289797733e-05,calm
2004-11-10,2.9084045773675894e-05,2.72746346160913e-05,calm
2004-11-11,2.7756078924695728e-05,2.183518996113652e-05,calm
2004-11-12,2.654449861590085e-05,1.4740762033689898e-05,calm
2004-11-15,2.4773743973237964e-05,2.7330807067689407e-05,calm
2004-11-16,2.6084966279920817e-05,2.4022032195980648e-05,calm
2004-11-17,2.6638239428468776e-05,4.764547939475519e-05,calm
2004-11-18,3.061012724426293e-05,1.807258079870548e-05,calm
2004-11-19,2.8393920093043233e-05,3.339072756184021e-05,calm
2004-11-22,2.921963247568688e-05,2.115910638294614e-05,calm
2004-11-23,2.7986658283432734e-05,2.8939995465948583e-05,calm
2004-11-24,2.7894218091645838e-05,1.817375054347309e-05,calm
2004-11-26,2.6095613151373638e-05,6.9294709887614594e-06,calm
2004-11-29,2.217938036371972e-05,4.976157720190865e-05,calm
2004-11-30,2.5653004568308002e-05,2.999450821740443e-05,calm
2004-12-01,2.757785840430489e-05,3.0809521325215374e-05,calm
2004-12-02,2.850760896619851e-05,2.6607529168391093e-05,calm
2004-12-03,2.876883828745813e-05,4.964696746638946e-05,calm
2004-12-06,3.159537522425423e-05,2.327480025736807e-05,calm
2004-12-07,2.9953745539977382e-05,3.7054910737959184e-05,calm
2004-12-08,3.063395661877883e-05,2.5115345603359603e-05,calm
2004-12-09,2.94147765348041e-05,4.259258668109634e-05,calm
2004-12-10,3.068109819069096e-05,2.391305135215696e-05,calm
2004-12-13,2.8972834464525402e-05,3.15896106008939e-05,calm
2004-12-14,2.8558631530814395e-05,1.5006731717879218e-05,calm
2004-12-15,2.5926633804237807e-05,2.323479493696384e-05,calm
2004-12-16,2.523253592780376e-05,3.356420948135235e-05,calm
2004-12-17,2.655859797000626e-05,4.728763038046928e-05,calm
2004-12-20,2.9355800345563853e-05,4.61617722939268e-05,calm
2004-12-21,3.212310337984514e-05,2.2023389781050527e-05,calm
2004-12-22,2.9322450901133615e-05,1.7205482668070214e-05,calm
2004-12-23,2.6144431056946355e-05,1.1091437024996344e-05,calm
2004-12-27,2.287705225474029e-05,2.833356309595392e-05,calm
2004-12-28,2.4043914628867313e-05,1.9559380068330456e-05,calm
2004-12-29,2.4012971653583296e-05,7.845495953125145e-06,calm
2004-12-30,2.136447465814294e-05,5.985971865798163e-06,calm
2004-12-31,1.94329205870634e-05,8.034036374705617e-06,calm
2005-01-03,1.892629980636148e-05,4.5901741636569045e-05,calm
2005-01-04,2.335681419863119e-05,4.811579241064164e-05,calm
2005-01-05,2.8316549430544943e-05,4.540723082624014e-05,calm
2005-01-06,3.271159118569508e-05,3.700410634180749e-05,calm
2005-01-07,3.365469414526508e-05,3.716516076401826e-05,calm
2005-01-10,3.3347654430220184e-05,2.966732963089849e-05,calm
2005-01-11,3.111946865973538e-05,2.9697495360681423e-05,calm
2005-01-12,2.9488350640584923e-05,5.238506417245631e-05,calm
2005-01-13,3.151135549356175e-05,2.5234357658269245e-05,calm
2005-01-14,2.9435592001611624e-05,2.4280475471344816e-05,calm
2005-01-18,2.764111176675201e-05,2.4500495574137305e-05,calm
2005-01-19,2.6646766696394013e-05,1.9493173782438938e-05,calm
2005-01-20,2.5777685361583445e-05,5.444340367375013e-05,calm
2005-01-21,2.9812905908583688e-05,3.761664613891408e-05,calm
2005-01-24,3.283207623650577e-05,4.570744942282567e-05,calm
2005-01-25,3.5888615780178434e-05,3.6899261144152046e-05,calm
2005-01-26,3.5211135625413304e-05,3.8513412579391965e-05,calm
2005-01-27,3.3566714360759345e-05,2.1584324942661908e-05,calm
2005-01-28,2.893631039983631e-05,2.993117401109172e-05,calm
2005-01-31,2.7343665261696634e-05,4.431068050828149e-05,calm
2005-02-01,2.8598085497875306e-05,1.4798225701036466e-05,calm
2005-02-02,2.4979430182945685e-05,1.9513862026098592e-05,calm
2005-02-03,2.3239401027378557e-05,2.469461371866069e-05,calm
2005-02-04,2.3340386665769763e-05,1.8313395349065035e-05,calm
2005-02-07,2.253793159426415e-05,1.1611466095387856e-05,calm
2005-02-08,2.114150928382811e-05,1.3232728308288593e-05,calm
2005-02-09,2.0287752326274802e-05,2.573482651804878e-05,calm
2005-02-10,2.1780986271703828e-05,2.4809935186810416e-05,calm
2005-02-11,2.3150653009217423e-05,3.52411713032392e-05,calm
2005-02-14,2.544059001616113e-05,8.127278889610916e-06,calm
2005-02-15,2.2167115865786983e-05,1.4845581397811394e-05,calm
2005-02-16,2.079805277081823e-05,2.019044949548738e-05,calm
2005-02-17,2.1029688345105424e-05,2.5371439544972893e-05,calm
2005-02-18,2.2422851593434306e-05,1.6333220822757518e-05,calm
2005-02-22,2.2603913271630975e-05,3.854942116817373e-05,calm
2005-02-23,2.577864890155662e-05,3.4154610296020106e-05,calm
2005-02-24,2.864954523031311e-05,3.543161090446478e-05,calm
2005-02-25,3.0031909688647155e-05,2.27423891499525e-05,calm
2005-02-28,2.8362765820998034e-05,2.9104739696092604e-05,calm
2005-03-01,2.8203566881685915e-05,2.795330027000681e-05,calm
2005-03-02,2.7944528972682035e-05,5.0283135564015925e-05,calm
2005-03-03,3.105174045877017e-05,3.476102448657902e-05,calm
2005-03-04,3.195126059673487e-05,3.558380653537219e-05,calm
2005-03-07,3.133074341182795e-05,1.6634682415824848e-05,calm
2005-03-08,2.7698018617662897e-05,2.1564919077918577e-05,calm
2005-03-09,2.5797487543865147e-05,3.612923278728716e-05,calm
2005-03-10,2.7167463991624486e-05,3.912634524845677e-05,calm
2005-03-11,2.956404377299661e-05,4.1900997244965184e-05,calm
2005-03-14,3.1964364661656876e-05,2.455732000593863e-05,calm
2005-03-15,3.027971454324485e-05,2.7189369947552305e-05,calm
2005-03-16,2.9306434129595242e-05,3.5446681546016244e-05,calm
2005-03-17,3.023588021987637e-05,2.198304963572684e-05,calm
2005-03-18,2.8658126382478758e-05,2.9838831792945063e-05,calm
2005-03-21,2.8373686884961745e-05,3.986068960539432e-05,calm
2005-03-22,3.0358180287776627e-05,5.4828154501861945e-05,calm
2005-03-23,3.4756036045642034e-05,3.629022295562797e-05,calm
2005-03-24,3.521392400214966e-05,3.007413768403363e-05,calm
2005-03-28,3.268546757845089e-05,3.997856429236904e-05,calm
2005-03-29,3.25545617492034e-05,3.314672438760096e-05,calm
2005-03-30,3.19255505735193e-05,2.339500531760073e-05,calm
2005-03-31,2.906782476280939e-05,7.812622258153005e-05,calm
2005-04-04,3.532940968330998e-05,2.999979125429709e-05,calm
2005-04-05,3.41761851063173e-05,3.059247858653413e-05,calm
2005-04-06,3.198105016718389e-05,1.9685348575702457e-05,calm
2005-04-07,2.7919416291590638e-05,2.0843878319823105e-05,calm
2005-04-11,2.5395094884297335e-05,4.612551477471924e-05,calm
2005-04-12,2.7727390770557698e-05,3.5082507729446465e-05,calm
2005-04-13,2.8594674450309083e-05,5.496686708050335e-05,calm
2005-04-14,3.2944185996725774e-05,7.690490710534502e-05,calm
2005-04-18,4.089181451282413e-05,4.662886915754695e-05,calm
2005-04-19,4.457413470548329e-05,6.187588958799296e-05,calm
2005-04-20,4.562564357309619e-05,9.899925296468038e-05,calm
2005-04-21,5.32414977989992e-05,8.387154474053629e-05,calm
2005-04-25,5.4542933395447556e-05,4.090027441636769e-05,calm
2005-04-26,4.776669819296182e-05,6.019719051789494e-05,calm
2005-04-27,4.5631412526165684e-05,5.632380158684504e-05,calm
2005-04-28,4.443417378614818e-05,8.969823386297989e-05,calm
2005-05-02,5.185944434943066e-05,8.435956105689265e-05,calm
2005-05-03,5.60206886865281e-05,4.082708713099356e-05,calm
2005-05-04,4.898867432357297e-05,6.433774512715805e-05,calm
2005-05-05,4.602074556403454e-05,3.8724063986449417e-05,calm
2005-05-09,4.124879110235185e-05,5.877995875066447e-05,calm
2005-05-10,4.1237407670448775e-05,4.273662622014396e-05,calm
2005-05-11,4.1337002599435404e-05,4.763067827268298e-05,calm
2005-05-12,4.19212623690745e-05,8.026906814221484e-05,calm
2005-05-16,4.9788356245315194e-05,3.313599100492888e-05,calm
2005-05-17,4.6629705459854355e-05,4.315829224971817e-05,calm
2005-05-18,4.289467700357532e-05,2.511539532305968e-05,calm
2005-05-19,3.559145160985651e-05,2.051845986491614e-05,calm
2005-05-23,3.0234160272933148e-05,2.849458714009533e-05,calm
2005-05-24,2.8701357570113887e-05,1.923418569807457e-05,calm
2005-05-25,2.676546051814833e-05,1.896315609791601e-05,calm
2005-05-26,2.5406489691394205e-05,6.953594843349292e-06,calm
2005-05-31,2.1623884751176347e-05,4.6049230549069547e-05,calm
2005-06-01,2.5193323088745405e-05,2.1572037012082583e-05,calm
2005-06-02,2.5823730911492006e-05,2.600903120366915e-05,calm
2005-06-06,2.620617735219526e-05,3.879277790136503e-05,calm
2005-06-07,2.7955551380904882e-05,1.908267867937516e-05,calm
2005-06-08,2.6330914821824014e-05,3.383439282639542e-05,calm
2005-06-09,2.743137202609505e-05,1.849932983329848e-05,calm
2005-06-13,2.5282875318333213e-05,2.0947875074852103e-05,calm
2005-06-14,2.397441109768151e-05,3.092141533222931e-05,calm
2005-06-15,2.4950790608091e-05,1.7812457179554253e-05,calm
2005-06-16,2.3639523534333695e-05,3.0575434205190355e-05,calm
2005-06-20,2.4471343117088286e-05,1.8882020747211664e-05,calm
2005-06-21,2.3732304731320743e-05,3.133421211333544e-05,calm
2005-06-22,2.47679484679553e-05,3.825981399979101e-05,calm
2005-06-23,2.680172118664253e-05,2.4366261268762982e-05,calm
2005-06-27,2.6914826221888185e-05,1.791375935592916e-05,calm
2005-06-28,2.6047363728520816e-05,1.6968793232364282e-05,calm
2005-06-29,2.4054159184362717e-05,3.111782425387137e-05,calm
2005-06-30,2.523379593215295e-05,3.2985587000091137e-05,calm
2005-07-05,2.689795180590396e-05,2.2667685602973467e-05,calm
2005-07-06,2.6168055951790816e-05,8.381835669036773e-05,calm
2005-07-07,3.3194061718670885e-05,2.0852249796776843e-05,calm
2005-07-11,3.1011479305927e-05,2.2023717503727743e-05,calm
2005-07-12,2.753847095838937e-05,1.4936253059586477e-05,calm
2005-07-13,2.3793417833042407e-05,4.8912138019135416e-05,calm
2005-07-14,2.6387402716501405e-05,1.2216940879486834e-05,calm
2005-07-18,2.3477111599552633e-05,3.368803054471808e-05,calm
2005-07-19,2.4608274830050077e-05,3.06600303744555e-05,calm
2005-07-20,2.5574345256718674e-05,5.317992325315859e-05,calm
2005-07-21,2.8934032239598894e-05,2.015624366034149e-05,calm
2005-07-25,2.7303384553285082e-05,2.249484137344417e-05,calm
2005-07-26,2.605566955078122e-05,1.9861688987419822e-05,calm
2005-07-27,2.4647710413909953e-05,2.0693676357483468e-05,calm
2005-07-28,2.359679164613623e-05,1.5163854141479549e-05,calm
2005-08-01,2.2225727635312712e-05,1.2862996648590173e-05,calm
2005-08-02,2.1552542286344986e-05,1.2566415835997024e-05,calm
2005-08-03,2.0817927780731867e-05,1.613325908824546e-05,calm
2005-08-04,2.1071299025400573e-05,1.958530009370837e-05,calm
2005-08-08,2.2168825346626277e-05,3.086216032325034e-05,calm
2005-08-09,2.5171672705452923e-05,4.6928743703113045e-05,calm
2005-08-10,2.9044847531187093e-05,3.3728975472054104e-05,calm
2005-08-11,3.038943036866039e-05,2.8574747264927967e-05,calm
2005-08-15,2.974888313167902e-05,2.96828932659976e-05,calm
2005-08-16,2.9020997445568367e-05,3.0370486727722663e-05,calm
2005-08-17,2.9533913344281987e-05,2.700724558616188e-05,calm
2005-08-18,2.9646614170576833e-05,1.8581822715203723e-05,calm
2005-08-22,2.6909552227924585e-05,2.179799532853289e-05,calm
2005-08-23,2.593127704600807e-05,3.658470099731825e-05,calm
2005-08-24,2.7609366121733136e-05,1.5997436972118984e-05,calm
2005-08-25,2.6041984698410116e-05,3.063198071331879e-05,calm
2005-08-29,2.7180392202950883e-05,5.07387240882254e-05,calm
2005-08-30,3.0709099017101e-05,5.462548502244964e-05,calm
2005-08-31,3.450696751361209e-05,5.610150949666649e-05,calm
2005-09-01,3.60846847824985e-05,2.281686464852555e-05,calm
2005-09-06,3.212948589675147e-05,1.6159575246402022e-05,calm
2005-09-07,2.6991702113218266e-05,1.972800316256676e-05,calm
2005-09-08,2.4868539594055195e-05,1.8209318336989488e-05,calm
2005-09-12,2.3876607828889007e-05,2.356127647573038e-05,calm
2005-09-13,2.3578298474820008e-05,2.453604912012196e-05,calm
2005-09-14,2.4312736129991572e-05,3.164011968956482e-05,calm
2005-09-15,2.636734569571669e-05,2.7880285094037205e-05,calm
2005-09-19,2.693241476169828e-05,3.740111023942561e-05,calm
2005-09-20,2.820218473236312e-05,3.457724285097569e-05,calm
2005-09-21,2.9197598689230913e-05,5.148428271294945e-05,calm
2005-09-22,3.335243271695757e-05,2.466406603103198e-05,calm
2005-09-26,3.143153280606863e-05,3.200960538273306e-05,calm
2005-09-27,3.0317075984870134e-05,2.598506303239372e-05,calm
2005-09-28,2.8315253525900464e-05,4.144167384861928e-05,calm
2005-09-29,2.9724409913721644e-05,1.9014888745876485e-05,calm
2005-10-03,2.6407073505957373e-05,3.759356113683181e-05,calm
2005-10-04,2.8095542569595942e-05,5.848447156697858e-05,calm
2005-10-05,3.297075278275859e-05,0.0001003484682485,calm
2005-10-06,4.3779823324985597e-05,4.514731813742246e-05,calm
2005-10-10,4.465730681641985e-05,5.726968858401061e-05,calm
2005-10-11,4.576637400152565e-05,7.76256646249013e-05,calm
2005-10-12,4.9184548914065984e-05,9.162665707017618e-05,calm
2005-10-13,5.371783579454974e-05,6.765931071258134e-05,calm
2005-10-17,5.2902319334910514e-05,3.0089507799808705e-05,calm
2005-10-18,4.029124466883227e-05,7.918817896031006e-05,calm
2005-10-19,4.204205113706419e-05,9.591824121340194e-05,calm
2005-10-20,4.547534528919469e-05,8.151648544295895e-05,calm
2005-10-24,5.2075133060736195e-05,4.71695635441993e-05,calm
2005-10-25,4.8664549516907286e-05,6.579726674142392e-05,calm
2005-10-26,4.9164291748227226e-05,3.3405306250097035e-05,calm
2005-10-27,4.2146503397533035e-05,7.62132467527258e-05,calm
2005-10-31,4.712860417252033e-05,3.806864662807372e-05,calm
2005-11-01,4.357916521717357e-05,2.071472277347303e-05,calm
2005-11-02,3.533128566635837e-05,2.78925007247656e-05,calm
2005-11-03,3.253142448934076e-05,3.846580900875449e-05,calm
2005-11-04,3.276774328457903e-05,3.145858659111887e-05,calm
2005-11-07,3.2379595885936646e-05,2.405023865787716e-05,calm
2005-11-08,3.0456650400706086e-05,2.551137965097868e-05,calm
2005-11-09,2.9387758107217822e-05,2.5009885733389208e-05,calm
2005-11-10,2.8408405697158335e-05,4.20688067707311e-05,calm
2005-11-11,3.0149994500011007e-05,5.921464730879728e-06,calm
2005-11-14,2.285658379822464e-05,1.5318954687525145e-05,calm
2005-11-15,2.195977835959742e-05,2.532872748613692e-05,calm
2005-11-16,2.3483799112613658e-05,2.319535882927661e-05,calm
2005-11-17,2.434156955040464e-05,2.2121223384277625e-05,calm
2005-11-18,2.4082245019588902e-05,2.884746034356546e-05,calm
2005-11-21,2.5178710776975337e-05,1.5727193075837816e-05,calm
2005-11-22,2.3138423336481038e-05,2.136779765765257e-05,calm
2005-11-23,2.2861229821287208e-05,1.3935917524098171e-05,calm
2005-11-25,2.1423990209378612e-05,5.292996952738535e-06,calm
2005-11-28,1.8286894686446054e-05,1.6452394237746657e-05,calm
2005-11-29,1.934617044586927e-05,3.336847674191574e-05,calm
2005-11-30,2.2811589668417978e-05,3.0834080480860925e-05,calm
2005-12-01,2.5136855974028404e-05,4.791793888147823e-05,calm
2005-12-02,2.8560716209095914e-05,1.310105167709827e-05,calm
2005-12-05,2.4800034125661613e-05,1.920120215506316e-05,calm
2005-12-06,2.372605802321349e-05,3.2799740667172914e-05,calm
2005-12-07,2.5476404424775768e-05,2.8351917133695523e-05,calm
2005-12-08,2.6325849320603616e-05,4.0919003996538864e-05,calm
2005-12-09,2.8927671625170724e-05,2.210568464310617e-05,calm
2005-12-12,2.6663809932233825e-05,2.0975064420046447e-05,calm
2005-12-13,2.4795738700984814e-05,2.5940166378021988e-05,calm
2005-12-14,2.450310413771443e-05,1.9782026586472794e-05,calm
2005-12-15,2.3208043172365316e-05,2.1261330076920137e-05,calm
2005-12-16,2.28902531778768e-05,2.079832551752129e-05,calm
2005-12-19,2.2654834831360532e-05,2.0906488258439613e-05,calm
2005-12-20,2.309482495162757e-05,1.700886300234145e-05,calm
2005-12-21,2.2414933150033907e-05,3.322462060617423e-05,calm
2005-12-22,2.4438424146346983e-05,1.4802547841585071e-05,calm
2005-12-23,2.2191261623590774e-05,6.242016936010334e-06,calm
2005-12-27,1.8716622009616016e-05,3.080193763460183e-05,calm
2005-12-28,2.178310837901885e-05,1.3347128501126844e-05,calm
2005-12-29,2.121669738642026e-05,1.5030119589318696e-05,calm
2005-12-30,2.108658629718986e-05,2.7625515164712065e-05,calm
2006-01-03,2.344065125870687e-05,6.550958226986926e-05,calm
2006-01-04,2.9258227394813174e-05,2.99964857988114e-05,calm
2006-01-05,2.9941418357474162e-05,2.00727538030809e-05,calm
2006-01-06,2.7314169809536793e-05,5.783084066735448e-05,calm
2006-01-09,3.09388406658787e-05,1.2946303918073402e-05,calm
2006-01-10,2.5485544254336122e-05,2.454498754089105e-05,calm
2006-01-11,2.47939009168012e-05,1.9371220562194148e-05,calm
2006-01-12,2.357728548326714e-05,1.3941632730994012e-05,calm
2006-01-13,2.1889675290342972e-05,1.803288757845814e-05,calm
2006-01-17,2.190308280576135e-05,2.525145744680113e-05,calm
2006-01-18,2.3602030115840406e-05,3.1789174910290275e-05,calm
2006-01-19,2.5962603267690085e-05,2.2086407803363955e-05,calm
2006-01-20,2.545306679239602e-05,4.164286758383666e-05,calm
2006-01-23,3.0115955243300532e-05,2.390481474959569e-05,calm
2006-01-24,3.071138073946406e-05,2.696126189647672e-05,calm
2006-01-25,3.0204150922352887e-05,6.032708418760052e-05,calm
2006-01-26,3.431027613253493e-05,5.4023824152919454e-05,calm
2006-01-27,3.586774726956421e-05,2.657714534350269e-05,calm
2006-01-30,3.126987380824138e-05,1.0909909929678137e-05,calm
2006-01-31,2.4834843385960153e-05,2.715620021860394e-05,calm
2006-02-01,2.558106121578181e-05,3.478004094315291e-05,calm
2006-02-02,2.7432905861576828e-05,4.0408698199216375e-05,calm
2006-02-03,3.055064740332322e-05,5.241333903434699e-05,calm
2006-02-06,3.405495394742267e-05,2.243148605695374e-05,calm
2006-02-07,3.0520797078706104e-05,4.118616951794815e-05,calm
2006-02-08,3.2085130217242807e-05,1.9398040215845905e-05,calm
2006-02-09,2.7773597647377927e-05,2.2015184183145293e-05,calm
2006-02-10,2.6293321902163203e-05,4.1278649442193335e-05,calm
2006-02-13,2.860300721545484e-05,2.178121159393728e-05,calm
2006-02-14,2.707137578916584e-05,2.7002608132455776e-05,calm
2006-02-15,2.606083891131877e-05,4.136803863061303e-05,calm
2006-02-16,2.8427998930788426e-05,1.288318362253558e-05,calm
2006-02-17,2.345166437973541e-05,1.078149890078717e-05,calm
2006-02-21,2.0785520549520787e-05,2.613943204010344e-05,calm
2006-02-22,2.277738526796811e-05,1.8268895804869863e-05,calm
2006-02-23,2.2273482137516202e-05,2.755517345759565e-05,calm
2006-02-24,2.3701645218372497e-05,1.349439143439122e-05,calm
2006-02-27,2.1380752173874186e-05,1.580164274883552e-05,calm
2006-02-28,2.0706558160609686e-05,3.50421813868333e-05,calm
2006-03-01,2.402331379885998e-05,1.695468786804152e-05,calm
2006-03-02,2.269515465812423e-05,3.0247823247216044e-05,calm
2006-03-03,2.454566432231249e-05,3.851043258183827e-05,calm
2006-03-06,2.7126688880444636e-05,2.638660774327473e-05,calm
2006-03-07,2.729605261352245e-05,3.0281178682311728e-05,calm
2006-03-08,2.8679390518902522e-05,3.260250452562999e-05,calm
2006-03-09,2.863682911846099e-05,1.879239112449381e-05,calm
2006-03-10,2.6304115271326742e-05,3.3172003336672044e-05,calm
2006-03-13,2.6820688066057788e-05,1.8379906091064248e-05,calm
2006-03-14,2.439864495988855e-05,1.7343582482868603e-05,calm
2006-03-15,2.2270193204202103e-05,1.4774229330184016e-05,calm
2006-03-16,2.174114291395537e-05,2.078524109804008e-05,calm
2006-03-17,2.3273432245398856e-05,1.1901484888850126e-05,calm
2006-03-20,2.185411668449158e-05,1.6749856394326092e-05,calm
2006-03-21,2.1668429324324088e-05,2.4461627228568748e-05,calm
2006-03-22,2.2743262454245767e-05,1.8461006909594467e-05,calm
2006-03-23,2.197541938877262e-05,1.883971043070543e-05,calm
2006-03-24,2.1722507095443933e-05,1.7053066159512233e-05,calm
2006-03-27,2.13151192795052e-05,3.095024450966714e-05,calm
2006-03-28,2.372209469941025e-05,2.4142056492579336e-05,calm
2006-03-29,2.4194007095352666e-05,3.858341530803866e-05,calm
2006-03-30,2.5960141706937538e-05,2.455841313999867e-05,calm
2006-04-03,2.5801832843895458e-05,2.7103277161483296e-05,calm
2006-04-04,2.593430097586631e-05,2.5010793987869663e-05,calm
2006-04-05,2.5074691620120028e-05,2.431446065117456e-05,calm
2006-04-06,2.4700885176980973e-05,4.921028090193077e-05,calm
2006-04-10,2.7306686899576518e-05,4.039460873516393e-05,calm
2006-04-11,2.929333705619455e-05,2.017601665360685e-05,calm
2006-04-12,2.7788012140912406e-05,2.3542130582969885e-05,calm
2006-04-17,2.7131310696336404e-05,5.889939146255047e-05,calm
2006-04-18,3.053783580781293e-05,3.358045596543012e-05,calm
2006-04-19,2.85524008794709e-05,3.70580299545061e-05,calm
2006-04-20,2.8928198054117616e-05,2.884519803163854e-05,calm
2006-04-24,2.8222607999682486e-05,3.06228595817359e-05,calm
2006-04-25,2.7844171610057927e-05,4.206147676224752e-05,calm
2006-04-26,2.8954169131082228e-05,0.0001157893059911,calm
2006-04-27,3.558677550302855e-05,2.395760681170949e-05,calm
2006-05-01,3.12049903858231e-05,2.6729858019605345e-05,calm
2006-05-02,2.9120433750320023e-05,2.253747380875809e-05,calm
2006-05-03,2.6829936295292142e-05,1.9101556159692538e-05,calm
2006-05-04,2.5094177318483756e-05,3.581759893345211e-05,calm
2006-05-08,2.6417272001574643e-05,5.2811202004674094e-06,calm
2006-05-09,2.1259753512806358e-05,2.545807792597465e-05,calm
2006-05-10,2.2490155175205242e-05,3.4688910732961645e-05,calm
2006-05-11,2.45886997548049e-05,7.03465158033034e-05,calm
2006-05-15,3.01268351406888e-05,2.967451301973849e-05,calm
2006-05-16,3.1776083325379754e-05,8.62964180647739e-05,calm
2006-05-17,3.772942752253509e-05,5.775689710853748e-05,calm
2006-05-18,4.426158316705941e-05,8.85207010353377e-05,calm
2006-05-22,5.5521343552618116e-05,7.474737073904105e-05,calm
2006-05-23,6.130017634853042e-05,0.0001568220245815,calm
2006-05-24,7.217552089087689e-05,4.735913249411477e-05,calm
2006-05-25,6.0443858517711414e-05,1.4269276366805604e-05,calm
2006-05-30,3.908500267834603e-05,6.797333263303817e-05,calm
2006-05-31,4.705510069049249e-05,4.05155030058163e-05,calm
2006-06-01,4.47349254828815e-05,5.4485833040060406e-05,calm
2006-06-05,4.0629498218816877e-05,9.813495007227456e-05,calm
2006-06-06,5.119688786005221e-05,6.42049480740768e-05,calm
2006-06-07,5.855473448900692e-05,0.0001609976568298,calm
2006-06-08,7.188278959263557e-05,5.848441991708481e-05,calm
2006-06-12,7.100486348721531e-05,0.0001551810673886,calm
2006-06-13,9.06419685202968e-05,8.929928043441164e-05,calm
2006-06-14,0.00011189428069150165,6.837686572454833e-05,calm
2006-06-15,9.497272500686091e-05,4.456046311560157e-05,calm
2006-06-19,5.4139758275578515e-05,4.161435722005943e-05,calm
2006-06-20,4.298679076559321e-05,3.980550592975142e-05,calm
2006-06-21,3.438466453943486e-05,3.907099249013956e-05,calm
2006-06-22,3.081203270870296e-05,5.182735232282784e-05,calm
2006-06-26,4.0579105457217597e-05,3.15743620689587e-05,calm
2006-06-27,4.0081617332902826e-05,2.969139376904296e-05,calm
2006-06-28,3.991732071864422e-05,9.942451819995536e-05,calm
2006-06-29,4.975040655551246e-05,2.5934256244406105e-05,calm
2006-07-05,3.932085837180385e-05,2.973056588367171e-05,calm
2006-07-06,3.6337722099309154e-05,3.229603863295765e-05,calm
2006-07-10,3.465823097148278e-05,3.95611976834746e-05,calm
2006-07-11,3.6047259381261175e-05,2.916054476288056e-05,calm
2006-07-12,3.372657603320835e-05,5.791651198532688e-05,calm
2006-07-13,3.9322490540738035e-05,7.669155188587427e-05,calm
2006-07-17,5.4624879729125306e-05,7.751915591055189e-05,calm
2006-07-18,6.922642055568391e-05,8.937524434491545e-05,calm
2006-07-19,7.400869714521321e-05,3.443352985324364e-05,calm
2006-07-20,5.439613577084638e-05,7.415385800959147e-05,calm
2006-07-24,5.218468174631863e-05,5.6479841502276246e-05,calm
2006-07-25,4.702330835548561e-05,4.4996953590506045e-05,calm
2006-07-26,4.389186868071737e-05,5.98007417014539e-05,calm
2006-07-27,4.4788523721311726e-05,5.050025682248678e-05,calm
2006-07-31,4.54480351266115e-05,3.4875652513479095e-05,calm
2006-08-01,4.2374495061942244e-05,4.157416794592438e-05,calm
2006-08-02,4.137199048466398e-05,5.576825352845317e-05,calm
2006-08-03,4.174387790492651e-05,4.629293118546689e-05,calm
2006-08-07,4.1280680609979696e-05,7.044880302316272e-05,calm
2006-08-08,4.596869150232979e-05,7.272535548833909e-05,calm
2006-08-09,4.963501485936168e-05,4.60069380914304e-05,calm
2006-08-10,4.644683035718617e-05,2.346482587576496e-05,calm
2006-08-14,3.6518486020966e-05,6.035608618960762e-05,calm
2006-08-15,3.741528959516012e-05,2.03979011558099e-05,calm
2006-08-16,3.0219041464526213e-05,1.7628337647109112e-05,calm
2006-08-17,2.514016292486173e-05,1.5944874786718075e-05,calm
2006-08-21,2.2613181223721456e-05,1.79286418692486e-05,calm
2006-08-22,2.2149100144102664e-05,1.713952015572996e-05,calm
2006-08-23,2.1984647477833222e-05,2.274404560423668e-05,calm
2006-08-24,2.329287741808766e-05,1.481886371278123e-05,calm
2006-08-28,2.211119664375598e-05,1.8437567600561787e-05,calm
2006-08-29,2.1976645747196533e-05,1.591014999393216e-05,calm
2006-08-30,2.144253800596402e-05,8.65709378512243e-06,calm
2006-08-31,1.9074724473019855e-05,2.6818486129431844e-05,calm
2006-09-05,2.2002379734390224e-05,2.255588632588384e-05,calm
2006-09-06,2.337986396702309e-05,3.645449597785752e-05,calm
2006-09-07,2.772967173616715e-05,1.77815129335666e-05,calm
2006-09-11,2.6394370082852017e-05,2.016111071276435e-05,calm
2006-09-12,2.5450497437081213e-05,1.2830292710308151e-05,calm
2006-09-13,2.2218061431028358e-05,1.3596267154475135e-05,calm
2006-09-14,2.091539795178894e-05,2.812030605765717e-05,calm
2006-09-18,2.363338063806658e-05,1.9445172853326387e-05,calm
2006-09-19,2.371273830689579e-05,3.690597187038145e-05,calm
2006-09-20,2.681736762515526e-05,3.333717340972816e-05,calm
2006-09-21,2.7362853393730225e-05,1.849905728730936e-05,calm
2006-09-25,2.5279727704870307e-05,2.887975121088769e-05,calm
2006-09-26,2.6295504957619465e-05,3.2985468982108414e-05,calm
2006-09-27,2.7224454494280826e-05,1.6545772860181013e-05,calm
2006-09-28,2.4315710594041935e-05,1.0293680786142047e-05,calm
2006-10-02,2.1209469358273506e-05,2.459948531719992e-05,calm
2006-10-03,2.3961506747655248e-05,2.021121121287753e-05,calm
2006-10-04,2.4379609713559895e-05,1.3167416455492236e-05,calm
2006-10-05,2.225222968615791e-05,3.344378818346737e-05,calm
2006-10-09,2.567461307516546e-05,1.3741346810826676e-05,calm
2006-10-10,2.3031646460376448e-05,2.6617363814731348e-05,calm
2006-10-11,2.421380753270333e-05,1.7547872528740184e-05,calm
2006-10-12,2.31278617359998e-05,9.480284530419702e-06,calm
2006-10-16,2.0041790104292386e-05,2.1669666464013374e-05,calm
2006-10-17,2.1725025420744116e-05,4.960183098900495e-05,calm
2006-10-18,2.640581958750805e-05,1.3102452103515802e-05,calm
2006-10-19,2.2731076442971998e-05,7.90081222346207e-06,calm
2006-10-23,1.903789714187134e-05,2.762893771212448e-05,calm
2006-10-24,2.1597595043125034e-05,2.645585013212175e-05,calm
2006-10-25,2.3026642978811262e-05,2.3009711979618304e-05,calm
2006-10-26,2.309143060840518e-05,3.3174159319324787e-05,calm
2006-10-30,2.4768472886328214e-05,1.400395233979828e-05,calm
2006-10-31,2.225418190197327e-05,2.593756798935709e-05,calm
2006-11-01,2.3423408391611513e-05,2.2409210064207608e-05,calm
2006-11-02,2.377167626998919e-05,1.907591747092852e-05,calm
2006-11-03,2.3349579913368963e-05,3.84824497741386e-05,calm
2006-11-06,2.623316988900793e-05,2.575225841074673e-05,calm
2006-11-07,2.5848088361703785e-05,1.9582880941686183e-05,calm
2006-11-08,2.4530727378273634e-05,4.010187070325331e-05,calm
2006-11-09,2.708475934745485e-05,2.481675346570893e-05,calm
2006-11-10,2.613784863983215e-05,1.5874688052641962e-05,calm
2006-11-13,2.3358274079141468e-05,1.5851757550240773e-05,calm
2006-11-14,2.1979287285599793e-05,3.682463489218845e-05,calm
2006-11-15,2.4791790020627558e-05,1.429141470808222e-05,calm
2006-11-16,2.2232492621327272e-05,2.051446661559993e-05,calm
2006-11-17,2.2126932484958872e-05,2.3658367242021745e-05,calm
2006-11-20,2.201772398420342e-05,1.698261692727839e-05,calm
2006-11-21,2.09972930661686e-05,7.919128775626147e-06,calm
2006-11-22,1.8278936823405194e-05,1.2395649020698937e-05,calm
2006-11-24,1.822126659876846e-05,2.918951148667347e-05,calm
2006-11-27,2.1195363102862406e-05,3.784938065208794e-05,calm
2006-11-28,2.5313791744645004e-05,4.007236225495033e-05,calm
2006-11-29,2.858358653580122e-05,4.1322339703193765e-05,calm
2006-11-30,2.9677968814617584e-05,5.123420871721887e-05,calm
2006-12-01,3.203368851987475e-05,5.7338192957518384e-05,calm
2006-12-04,3.4997448422024655e-05,2.327657097184121e-05,calm
2006-12-05,2.978023733055319e-05,2.1846295878807715e-05,calm
2006-12-06,2.6503372332246598e-05,9.790503918683016e-06,calm
2006-12-07,2.166804738300292e-05,2.341876127661348e-05,calm
2006-12-08,2.3267830428914082e-05,2.109560165167e-05,calm
2006-12-11,2.368864827907733e-05,8.6464042193481e-06,calm
2006-12-12,1.9905417311422136e-05,2.478747087996112e-05,calm
2006-12-13,2.1275430001482858e-05,2.62868027670106e-05,calm
2006-12-14,2.218987565231256e-05,2.005888547004301e-05,calm
2006-12-15,2.149412121214638e-05,1.9756140469778264e-05,calm
2006-12-18,2.1235020296394396e-05,1.2583725798421445e-05,calm
2006-12-19,1.9888627136445026e-05,3.028768990137271e-05,calm
2006-12-20,2.2077876976986086e-05,7.206939785982116e-06,calm
2006-12-21,1.852385973318883e-05,1.9571446912611223e-05,calm
2006-12-22,1.968603720179009e-05,2.118569427641668e-05,calm
2006-12-26,2.118019021649343e-05,6.508273715781892e-06,calm
2006-12-27,1.8372010470598773e-05,2.118140642885569e-05,calm
2006-12-28,1.998413980500744e-05,1.0933785934001245e-05,calm
2006-12-29,1.9055176634034435e-05,2.253133446825217e-05,calm
2007-01-03,2.102114883345266e-05,4.506079774052098e-05,calm
2007-01-04,2.5697433891424137e-05,4.229880145404546e-05,calm
2007-01-05,2.7955944465655775e-05,3.960850137609532e-05,calm
2007-01-08,2.9267609053858934e-05,3.369348123099182e-05,calm
2007-01-09,2.9157303464144075e-05,3.114137600355407e-05,calm
2007-01-10,2.8385241682760163e-05,2.8498001912115327e-05,calm
2007-01-11,2.7043496337743795e-05,1.5174741643015502e-05,calm
2007-01-12,2.3087508437494202e-05,1.298669968860314e-05,calm
2007-01-16,2.0463285695202207e-05,1.4157693272464276e-05,calm
2007-01-17,1.997600687983173e-05,2.2365817187239105e-05,calm
2007-01-18,2.1252447914933926e-05,2.494821111320507e-05,calm
2007-01-19,2.2539510972587815e-05,1.1403669752408372e-05,calm
2007-01-22,2.0117278196269827e-05,1.830673551002677e-05,calm
2007-01-23,2.0522114922144766e-05,1.907113262541366e-05,calm
2007-01-24,2.062503476313083e-05,1.7021418873956373e-05,calm
2007-01-25,2.0215890292100162e-05,2.159931327926243e-05,calm
2007-01-26,2.1524674908234425e-05,3.294252626735421e-05,calm
2007-01-29,2.4444066750823583e-05,2.062511217250769e-05,calm
2007-01-30,2.389635447684457e-05,2.216011759801403e-05,calm
2007-01-31,2.3338598614595304e-05,4.128144982272786e-05,calm
2007-02-01,2.574619112274331e-05,2.226116152493081e-05,calm
2007-02-02,2.4195896100590867e-05,1.2829747924856592e-05,calm
2007-02-05,2.0983890667536234e-05,9.343912885651973e-06,calm
2007-02-06,1.8689516516164072e-05,1.0713033410875672e-05,calm
2007-02-07,1.800311232694049e-05,1.0814209798654906e-05,calm
2007-02-08,1.761291654279542e-05,2.755677375575885e-05,calm
2007-02-09,2.0217529392818174e-05,2.742613083686676e-05,calm
2007-02-12,2.230717111709152e-05,1.1972466046714771e-05,calm
2007-02-13,2.0685298473880556e-05,2.104434029758367e-05,calm
2007-02-14,2.105662511926103e-05,2.4845864324328635e-05,calm
2007-02-15,2.204060805866898e-05,9.34903373839985e-06,calm
2007-02-16,1.9224723779340156e-05,9.545006692153727e-06,calm
2007-02-20,1.779560425140331e-05,1.6204650734436462e-05,calm
2007-02-21,1.8532543102268735e-05,2.967895815031996e-05,calm
2007-02-22,2.105601480381863e-05,2.774143405998003e-05,calm
2007-02-23,2.1979189107897826e-05,1.7617328625646743e-05,calm
2007-02-26,2.1024243729748014e-05,2.443822987611277e-05,calm
2007-02-27,2.2012725079259558e-05,0.0002803240191029,calm
2007-02-28,4.580134758246653e-05,0.0001217706927491,calm
2007-03-01,6.85462656355453e-05,0.0003799144036669,calm
2007-03-02,0.00010920368287838671,7.439101482414818e-05,calm
2007-03-05,0.00010740163036413693,0.0001694612082679,calm
2007-03-06,0.0001206074537249777,0.0001134689041992,calm
2007-03-07,9.999608159100737e-05,3.414279751907002e-05,calm
2007-03-08,6.845035019057658e-05,7.461909348660612e-05,calm
2007-03-09,5.8450440054889085e-05,5.788944170905831e-05,calm
2007-03-12,5.123819611652094e-05,2.490229987814612e-05,calm
2007-03-13,4.0328838815281283e-05,8.970738994064515e-05,calm
2007-03-14,5.0077995956041206e-05,0.0001615954400272,calm
2007-03-15,6.867815184078155e-05,4.288518133379065e-05,calm
2007-03-16,6.21641404411537e-05,2.917255993453537e-05,calm
2007-03-19,5.108635294843282e-05,5.433113053397026e-05,calm
2007-03-20,4.6019847979720026e-05,1.9093651815710383e-05,calm
2007-03-21,3.503236675281167e-05,6.634452415214046e-05,calm
2007-03-22,3.6277247601375944e-05,1.7480806335324023e-05,calm
2007-03-23,3.1269812393042806e-05,2.1752451118461235e-05,calm
2007-03-26,2.827961737821788e-05,4.251569491510792e-05,calm
2007-03-27,3.0933074593787944e-05,6.188325160527927e-05,calm
2007-03-28,3.632221857189815e-05,7.920989026962224e-05,calm
2007-03-29,4.518723171437418e-05,4.713978316039182e-05,calm
2007-04-02,4.568303560743895e-05,4.239278465647242e-05,calm
2007-04-03,4.21322077135475e-05,1.32252096061014e-05,calm
2007-04-04,2.9703454696235464e-05,6.868733232916942e-06,calm
2007-04-09,2.197484724365487e-05,1.000577963565332e-05,calm
2007-04-10,1.978895176459477e-05,2.1936268931132363e-05,calm
2007-04-11,2.105910435400888e-05,2.08138543624239e-05,calm
2007-04-12,2.23179598380846e-05,1.881436785771979e-05,calm
2007-04-16,2.2065337728485186e-05,1.4892323158757945e-05,calm
2007-04-17,2.056608495808939e-05,1.6426867092686428e-05,calm
2007-04-18,2.033738194501681e-05,4.2003477125710656e-05,calm
2007-04-19,2.433752489210816e-05,7.92713588037026e-05,calm
2007-04-23,3.1607244186477513e-05,2.279789723173168e-05,calm
2007-04-24,2.839597466485729e-05,3.16479437805554e-05,calm
2007-04-25,2.8191493576707915e-05,1.5875027756402973e-05,calm
2007-04-26,2.4456758944484533e-05,2.114516317955485e-05,calm
2007-04-30,2.3721834369735462e-05,3.8038050530442736e-05,calm
2007-05-01,2.7600074506973474e-05,1.5116602454379909e-05,calm
2007-05-02,2.4118748900719455e-05,2.01309585214887e-05,calm
2007-05-03,2.3151742278627126e-05,1.658361868375604e-05,calm
2007-05-07,2.1975003770966407e-05,2.5057710327751667e-05,calm
2007-05-08,2.3220108579371427e-05,1.98600375157866e-05,calm
2007-05-09,2.301516193240775e-05,4.513021304641341e-05,calm
2007-05-10,2.6792194616619793e-05,2.7186510200428123e-05,calm
2007-05-14,2.7161525467953187e-05,5.345072788645108e-05,calm
2007-05-15,3.252553798665994e-05,3.734598575359074e-05,calm
2007-05-16,3.307844262190263e-05,2.0005130106902142e-05,calm
2007-05-17,2.7855352462780428e-05,2.0959405736388176e-05,calm
2007-05-21,2.538954005114914e-05,1.914186404970872e-05,calm
2007-05-22,2.376907843319876e-05,3.061452407221036e-05,calm
2007-05-23,2.523043850267594e-05,5.3517352657326345e-05,calm
2007-05-24,3.0194310000387837e-05,3.08706894850276e-05,calm
2007-05-29,3.0776657717686526e-05,4.846749115723277e-05,calm
2007-05-30,3.364043876023915e-05,1.7186289990123763e-05,calm
2007-05-31,2.728595489529772e-05,3.79232019065358e-05,calm
2007-06-04,2.8528116632275447e-05,3.114706847587333e-05,calm
2007-06-05,2.870062316110582e-05,3.674411118648482e-05,calm
2007-06-06,3.018274590320738e-05,7.437020870833379e-05,calm
2007-06-07,3.853559579321457e-05,5.254647567651792e-05,calm
2007-06-11,4.7667590011144247e-05,6.630966155709031e-05,calm
2007-06-12,5.020077504959705e-05,6.488991320270412e-05,calm
2007-06-13,5.2548240457012814e-05,2.3878967590886643e-05,calm
2007-06-14,3.8162623727564434e-05,4.717931507962112e-05,calm
2007-06-18,3.3887735608998955e-05,1.830927292477324e-05,calm
2007-06-19,2.7239897883846387e-05,5.179075301605775e-05,calm
2007-06-20,2.91928101230921e-05,7.764258247053108e-05,calm
2007-06-21,3.8604073599168947e-05,8.07640554469892e-05,calm
2007-06-25,4.747677696834212e-05,8.019526718780374e-05,calm
2007-06-26,5.832776184289207e-05,7.081475749594538e-05,calm
2007-06-27,6.639032483823405e-05,6.146817526204457e-05,calm
2007-06-28,5.431244974086532e-05,7.759919824617189e-05,calm
2007-07-02,4.9609379507275464e-05,1.002187437132428e-05,calm
2007-07-05,3.20868138905267e-05,1.816453501270346e-05,calm
2007-07-09,2.673029462195096e-05,7.456955525102637e-05,calm
2007-07-10,3.315148643561281e-05,4.903818519711789e-05,calm
2007-07-11,4.181377581209423e-05,4.911009303794304e-05,calm
2007-07-12,4.6203603810815486e-05,1.8830126654505064e-05,calm
2007-07-16,3.5871987579587914e-05,2.2564391445408063e-05,calm
2007-07-17,3.075149101767637e-05,6.72490270993307e-05,calm
2007-07-18,3.518045145848935e-05,3.541691050983973e-05,calm
2007-07-19,3.615179004208646e-05,8.039872067280962e-05,calm
2007-07-23,4.1742481191776184e-05,0.0001162603927455,calm
2007-07-24,5.465266807684224e-05,0.000170826887148,calm
2007-07-25,7.577248897965968e-05,0.0003273198301778,calm
2007-07-26,0.00010468880252980843,0.0001876647791166,calm
2007-07-30,0.00011843635862236851,0.0001350277612505,calm
2007-07-31,0.00011720431676779202,0.0002795008345358,calm
2007-08-01,0.00014168479452258143,0.0001112037418128,calm
2007-08-02,0.00013153013833594216,0.000159639829251,calm
2007-08-06,0.00011665111772731561,0.0002497237032897,calm
2007-08-07,0.00012718977169022994,0.0001386025959612,calm
2007-08-08,0.00011775779340696558,0.0004813051278125,calm
2007-08-09,0.0001398900713107559,0.0004132797014208,calm
2007-08-13,0.00018551976175192481,0.0001542464409498,calm
2007-08-14,0.00019629932354916173,0.0001984234175129,calm
2007-08-15,0.00020974006179607746,0.0005433023784139,calm
2007-08-16,0.00027403585307159844,0.0005072473750895,calm
2007-08-20,0.00031673987024357817,9.772839890120095e-05,calm
2007-08-21,0.00023570837590068173,0.0001345203911682,calm
2007-08-22,0.00019403540068197643,8.910045366440984e-05,calm
2007-08-23,0.00014323659738120403,3.5017865463786514e-05,calm
2007-08-27,8.428468981660611e-05,6.202653813350613e-05,calm
2007-08-28,7.11477778832363e-05,0.0001122639373414,calm
2007-08-29,8.354883519931905e-05,0.0001312747599929,calm
2007-08-30,9.422408871856334e-05,0.0001759104058176,calm
2007-09-04,0.00011502338363149277,0.0001019606291986,calm
2007-09-05,0.00010686796889059012,5.636793116205445e-05,calm
2007-09-06,9.237926418634183e-05,0.0001933643805261,calm
2007-09-10,0.00010397019485687297,8.059395034870322e-05,calm
2007-09-11,0.0001056338599197281,5.813860968457583e-05,calm
2007-09-12,8.93583707850203e-05,6.465740856455102e-05,calm
2007-09-13,7.977293613045067e-05,6.817212806164966e-05,calm
2007-09-17,7.444617110651222e-05,0.000216888860712,calm
2007-09-18,9.790418082331202e-05,8.8684110720082e-05,calm
2007-09-19,8.227707755059905e-05,4.132613602776739e-05,calm
2007-09-20,6.522356133781523e-05,4.218376809569183e-05,calm
2007-09-24,5.615312909402584e-05,4.9541548970541353e-05,calm
2007-09-25,5.1994339782925785e-05,3.7658897036419006e-05,calm
2007-09-26,4.707624681500254e-05,2.832135375099397e-05,calm
2007-09-27,4.108792094363409e-05,2.503292613843916e-05,calm
2007-10-01,3.649539740327014e-05,1.858673552084283e-05,calm
2007-10-02,3.313363771708319e-05,3.477746900281202e-05,calm
2007-10-03,3.6988421176706886e-05,1.464804799665193e-05,calm
2007-10-04,3.373047291873261e-05,5.097566845681872e-05,calm
2007-10-08,3.9381896028852794e-05,3.25817825729652e-05,calm
2007-10-09,3.848155924050938e-05,2.7141613341950145e-05,calm
2007-10-10,3.411587416387439e-05,8.54127246900643e-05,calm
2007-10-11,4.2099650827240805e-05,3.2176943246088344e-05,calm
2007-10-15,4.2429747375308596e-05,4.548034579081117e-05,calm
2007-10-16,4.453946683707545e-05,8.419462235269613e-05,calm
2007-10-17,5.430470045184172e-05,4.611410666400613e-05,calm
2007-10-18,5.019994127023305e-05,0.0001222150827914,calm
2007-10-22,5.805833798135712e-05,7.167288213119987e-05,calm
2007-10-23,6.35615365916275e-05,0.000196930286843,calm
2007-10-24,7.940722517608114e-05,0.0001423881587167,calm
2007-10-25,8.635262314387845e-05,6.542599420795634e-05,calm
2007-10-29,7.365749986106648e-05,3.715323746662883e-05,calm
2007-10-30,5.3503444992127645e-05,2.902270751306723e-05,calm
2007-10-31,4.2898070210393605e-05,0.0001246701984499,calm
2007-11-01,4.978963579490394e-05,0.0002100103393905,calm
2007-11-02,7.988012981186956e-05,0.0002035751446778,calm
2007-11-05,0.00011405326270974949,0.0001645746348433,calm
2007-11-06,0.00013141058360551953,7.779440094078531e-05,calm
2007-11-07,0.00010378513391975266,0.0001974550352914,calm
2007-11-08,0.00012417058903975537,0.0003510532077174,calm
2007-11-09,0.00016372215535185707,0.0002435400545023,calm
2007-11-12,0.00019165320419743605,0.000175421437543,calm
2007-11-13,0.00020776208720393142,0.000126001312416,calm
2007-11-14,0.00015564683178987377,0.0001273051341983,calm
2007-11-15,0.00014180159833349182,0.0001426643792738,calm
2007-11-16,0.00014346374206091852,0.0001701152561844,calm
2007-11-19,0.00013657599221377276,0.0001465415272457,calm
2007-11-20,0.00013084813519475538,0.0002956852681278,calm
2007-11-21,0.00014232446892551229,0.0002219214073243,calm
2007-11-23,0.0001543081774100831,9.192092041438048e-05,calm
2007-11-26,0.0001322408089839205,0.0001277612553939,calm
2007-11-27,0.0001382637634831719,0.0002037544990638,calm
2007-11-28,0.0001436120929067483,0.0001229082633789,calm
2007-11-29,0.00012589848965801066,0.000112516237812,calm
2007-11-30,0.0001167097809712207,0.0001695579189329,calm
2007-12-03,0.00011556179775600275,7.584278580989405e-05,calm
2007-12-04,0.00010257617154591251,7.505261098068671e-05,calm
2007-12-05,9.355291450089298e-05,0.0001221284902199,calm
2007-12-06,9.298772000893322e-05,4.18838726814622e-05,calm
2007-12-07,7.578848983435672e-05,3.0860227090210635e-05,calm
2007-12-10,6.20449224258513e-05,3.0892944478623696e-05,calm
2007-12-11,5.436621765073172e-05,0.0002294711277764,calm
2007-12-12,8.290306318134258e-05,0.0004568278893311,calm
2007-12-13,0.0001318790704417296,0.0001117620423162,calm
2007-12-14,0.00013536478737647526,0.000101280562519,calm
2007-12-17,0.00012735348030198514,0.0001031616654184,calm
2007-12-18,0.0001227304524569649,0.0001472817740886,calm
2007-12-19,0.00011923679321179839,9.797630486954924e-05,calm
2007-12-20,0.00010514109212707301,7.102992843675121e-05,calm
2007-12-21,8.743457943997836e-05,8.918603403997033e-05,calm
2007-12-24,7.64359846720961e-05,1.9728796270195378e-05,calm
2007-12-26,5.4815196187665014e-05,2.1327826708261897e-05,calm
2007-12-27,4.423211593396516e-05,3.865129115133182e-05,calm
2007-12-28,4.5903154714294135e-05,6.013352358611052e-05,calm
2007-12-31,5.508971864879598e-05,3.736944764346399e-05,calm
2008-01-02,5.935986874141146e-05,0.00011089713625,calm
2008-01-03,7.79928914703428e-05,6.541168832158663e-05,calm
2008-01-04,7.918259749829763e-05,0.0001687688641431,calm
2008-01-07,9.826332269146165e-05,0.0001906486565215,calm
2008-01-08,0.00011982285867040974,0.0002267518737647,calm
2008-01-09,0.00014072680694166302,0.0002478331118877,calm
2008-01-10,0.00015100892987574406,0.0003538678567542,calm
2008-01-11,0.00016388091366066607,0.0002235550867801,calm
2008-01-14,0.00015937771737145056,9.215386742423842e-05,calm
2008-01-15,0.00012462391079196109,0.0001488822660968,calm
2008-01-16,0.00011529777106385331,0.0002548310084881,calm
2008-01-17,0.0001336585742633966,0.0002933747458008,calm
2008-01-18,0.00017408764357924883,0.000368726144566,calm
2008-01-22,0.00020815343741580945,0.0015404585421895,calm
2008-01-23,0.00031017369064206964,0.0012372071572716,calm
2008-01-24,0.00035894619314115353,0.000295631819007,calm
2008-01-25,0.00032577261585834153,0.000281020936017,calm
2008-01-28,0.0003086433459559182,0.0002021381224532,calm
2008-01-29,0.0002682511846675042,0.0001004546298116,calm
2008-01-30,0.00020979032942316446,0.0002285478149366,calm
2008-01-31,0.00020409216159944271,0.0004922012019041,calm
2008-02-01,0.00022105869047670543,0.0001387000881119,calm
2008-02-04,0.00017788686933294275,6.756875544995217e-05,calm
2008-02-05,0.00014040828018105494,0.0003315916861885,calm
2008-02-06,0.00017271690417725925,0.0001396893718457,calm
2008-02-07,0.00017511887514933108,0.0002642922313555,calm
2008-02-08,0.00019085765621331584,0.0001578754998434,calm
2008-02-11,0.00018200352552294105,9.102633174229252e-05,calm
2008-02-12,0.00015250157039644867,0.0001591586569982,calm
2008-02-13,0.00014116851754903987,0.0001298904243363,calm
2008-02-14,0.00012521875359229606,0.0001180230081966,calm
2008-02-15,0.00011764467512577217,7.412769820621245e-05,calm
2008-02-19,0.00010124157530775261,0.0001367048791368,calm
2008-02-20,0.00010453049947076606,0.0002035015215746,calm
2008-02-21,0.00011409012702261583,0.000114426401142,calm
2008-02-22,0.00011209875463110642,0.0001536689382008,calm
2008-02-25,0.00011223266771141335,0.0001800907236403,calm
2008-02-26,0.0001133199826331014,9.947513803185888e-05,calm
2008-02-27,0.00010002114782423095,0.0001171559425113,calm
2008-02-28,9.705305517339123e-05,0.0001044246691931,calm
2008-02-29,9.554241448834588e-05,0.0001585925996658,calm
2008-03-03,0.00011426565886811383,0.0001207730587236,calm
2008-03-04,0.00012440397218428908,0.0002048538003299,calm
2008-03-05,0.00013770728808530625,0.0001618845338688,calm
2008-03-06,0.00013517793351307036,0.0001524832247095,calm
2008-03-07,0.0001429825657612525,0.000325887287972,calm
2008-03-10,0.0001732211608212398,0.0001493640906891,calm
2008-03-11,0.00018455318636806275,0.0005383950003458,calm
2008-03-12,0.0002088673980415004,0.0001161145293536,calm
2008-03-13,0.0001924664625145775,0.0004076938204742,calm
2008-03-14,0.00021820799318328994,0.0005684132100105,calm
2008-03-17,0.00028316090271682926,0.0004859960159006,calm
2008-03-18,0.0003317329310838364,0.000568591110936,calm
2008-03-19,0.0003023882098272199,0.0002587916874391,calm
2008-03-20,0.00030899489448778196,0.0001392717555806,calm
2008-03-24,0.00024308230123529684,0.0001126339769148,calm
2008-03-25,0.00018854962208324994,9.382816540429909e-05,calm
2008-03-26,0.0001545045028962541,0.0001106858901699,calm
2008-03-27,0.00013867029785616253,0.0001261013692703,calm
2008-03-28,0.00013064841543862342,8.816878296811261e-05,calm
2008-03-31,0.00011776887317732714,0.0001806108987809,calm
2008-04-01,0.0001235373017805777,7.77464379590084e-05,calm
2008-04-02,0.00010151819267651084,7.843588749501146e-05,calm
2008-04-03,9.578301606628636e-05,7.346831122062449e-05,calm
2008-04-07,9.032067195565788e-05,7.742652436952717e-05,calm
2008-04-08,8.54205866026719e-05,5.058504802040169e-05,calm
2008-04-09,7.755051300737982e-05,7.514509513991849e-05,calm
2008-04-10,7.894507081694036e-05,0.0001402448487083,calm
2008-04-14,8.876735401319114e-05,7.110641541918169e-05,calm
2008-04-15,9.155184370992226e-05,0.0001002009778703,calm
2008-04-16,9.280430854625754e-05,5.96107690343756e-05,calm
2008-04-17,7.886517471131732e-05,0.0002640269567968,calm
2008-04-21,9.728199042963015e-05,6.364165639209611e-05,calm
2008-04-22,8.902898542672456e-05,6.366126208495815e-05,calm
2008-04-23,8.127185987051156e-05,0.000118603020548,calm
2008-04-24,8.363319435002112e-05,9.339080906554552e-05,calm
2008-04-28,8.277950543050705e-05,3.299273781226963e-05,calm
2008-04-29,6.609807522288396e-05,0.0001386805707432,calm
2008-04-30,7.492688659399998e-05,6.733874462049714e-05,calm
2008-05-01,7.456372074899584e-05,0.0001502776528744,calm
2008-05-05,8.132699890620223e-05,7.201145636903768e-05,calm
2008-05-06,7.788782114813218e-05,5.038039584607613e-05,calm
2008-05-07,6.643372564964231e-05,7.382778538611801e-05,calm
2008-05-08,6.704725395501758e-05,9.596045996769435e-05,calm
2008-05-12,7.320654799053316e-05,2.742529710385096e-05,calm
2008-05-13,5.6891227211585675e-05,4.139134962339751e-05,calm
2008-05-14,5.10485376336544e-05,4.8432873078760696e-05,calm
2008-05-15,4.922226032748368e-05,3.874281770428567e-05,calm
2008-05-19,4.4786833594392706e-05,6.557470260139372e-05,calm
2008-05-20,5.0165049596076545e-05,9.72393904507368e-05,calm
2008-05-21,6.129655124260414e-05,4.450876526808516e-05,calm
2008-05-22,5.8835535748163215e-05,6.268106282164471e-05,calm
2008-05-27,5.963082059998266e-05,5.5619907204021457e-05,calm
2008-05-28,6.032478029958741e-05,4.55012731383955e-05,calm
2008-05-29,5.5489031608029396e-05,3.882712073292723e-05,calm
2008-06-02,4.841285311801796e-05,7.661762837330231e-05,calm
2008-06-03,5.59315672836045e-05,0.0001054345942353,calm
2008-06-04,6.960955346013068e-05,7.18426902321329e-05,calm
2008-06-05,7.270038848674718e-05,0.0001734827840193,calm
2008-06-09,8.177755589016082e-05,0.0001347287563795,calm
2008-06-10,0.00010190616354087947,0.000106296465573,calm
2008-06-11,0.00010442678896893758,0.0001204689605372,calm
2008-06-12,0.00010697761878767457,0.0001237579434158,calm
2008-06-16,0.00010582657163836224,8.037809041307721e-05,calm
2008-06-17,8.631817735099108e-05,0.0001141563056272,calm
2008-06-18,8.213435080585829e-05,7.452010613187197e-05,calm
2008-06-19,7.689915434167156e-05,0.0001373943716104,calm
2008-06-23,8.383918159614808e-05,9.179932226530464e-05,calm
2008-06-24,8.505895076973712e-05,0.0001154336561536,calm
2008-06-25,8.78793478877002e-05,0.000133187910166,calm
2008-06-26,8.926416794632494e-05,0.000115807417823,calm
2008-06-30,9.51795912602059e-05,0.0002322747774764,calm
2008-07-01,0.00012426110468665867,0.000141374866138,calm
2008-07-02,0.00012806799462734486,0.0001735390647574,calm
2008-07-07,0.00014018059287719938,0.0001576243434706,calm
2008-07-08,0.0001443697447730189,0.0001317425600974,calm
2008-07-09,0.00012698954505796907,0.0002851636883735,calm
2008-07-10,0.00014883646179202322,0.0005328702315315,calm
2008-07-14,0.0001908245041336145,0.0003223584094555,calm
2008-07-15,0.0002217338327649044,0.0002042541741384,calm
2008-07-16,0.00021949654098924923,0.0001786517823724,calm
2008-07-17,0.00018667465118035766,8.267270594014077e-05,calm
2008-07-21,0.00014724773086446076,0.0001158038237891,calm
2008-07-22,0.00012325343709896982,0.0001351957751882,calm
2008-07-23,0.00010845002065675161,9.510952551555592e-05,calm
2008-07-24,9.680175372636295e-05,0.0001195328125213,calm
2008-07-28,0.00010159490258583885,9.511102881839604e-05,calm
2008-07-29,0.00010533680275256444,0.0001587964366992,calm
2008-07-30,0.00011087234784958222,0.0001248478585696,calm
2008-07-31,0.00010974065493430597,0.0001142599087338,calm
2008-08-04,0.00011362515736386388,7.579598616195178e-05,calm
2008-08-05,0.0001069370640488506,6.162242720630657e-05,calm
2008-08-06,8.935006635312631e-05,0.0001299717501062,calm
2008-08-07,9.262503955934471e-05,8.068130079962601e-05,calm
2008-08-11,9.081531001387978e-05,8.195548826742887e-05,calm
2008-08-12,8.679237204441552e-05,0.0001114405322149,calm
2008-08-13,9.296223462257442e-05,8.849723318479628e-05,calm
2008-08-14,9.414224473241824e-05,7.673493976667798e-05,calm
2008-08-18,8.718355128731476e-05,9.207334187939424e-05,calm
2008-08-19,8.736166442661547e-05,0.0001073663229129,calm
2008-08-20,9.206787334135586e-05,9.772980066163752e-05,calm
2008-08-21,9.10642422915017e-05,8.560087103069072e-05,calm
2008-08-25,8.566510866070655e-05,6.77467983064974e-05,calm
2008-08-26,8.07517903523481e-05,5.948442657799379e-05,calm
2008-08-27,7.555989833890073e-05,7.726561717649786e-05,calm
2008-08-28,7.402940311769217e-05,5.619627712196335e-05,calm
2008-09-02,6.840593957570162e-05,0.0001208977865695,gfc_2008
2008-09-03,8.39904289734962e-05,0.0001449371194291,gfc_2008
2008-09-04,9.802509283757168e-05,0.000168729503677,gfc_2008
2008-09-08,0.00011935548329994291,0.000216011967701,gfc_2008
2008-09-09,0.00013850647719991518,0.0001835110249294,gfc_2008
2008-09-10,0.00015920695066967404,0.0003794295748899,gfc_2008
2008-09-11,0.00019600688636006242,0.00020784055751,gfc_2008
2008-09-15,0.00019321660415914037,0.0012480213875124,gfc_2008
2008-09-16,0.00031098376534019077,0.0009942958125928,gfc_2008
2008-09-17,0.00038953528458454185,0.0016335436240053,gfc_2008
2008-09-18,0.0005163659636035105,0.0012486070066553,gfc_2008
2008-09-22,0.0005523531637217425,0.0003966866942016,gfc_2008
2008-09-23,0.0005182709274756282,0.0002433164494566,gfc_2008
2008-09-24,0.0004742012947490876,0.0002796623823909,gfc_2008
2008-09-25,0.00043245330295589015,0.0004227092734609,gfc_2008
2008-09-29,0.0003985507939073562,0.0006513352029965,gfc_2008
2008-09-30,0.0005393919836208271,0.0005162220626082,gfc_2008
2008-10-01,0.0005017730047966855,0.000440958108402,gfc_2008
2008-10-02,0.00045845479355305986,0.0010858227584173,gfc_2008
2008-10-06,0.0005349469450746259,0.0009077614039338,gfc_2008
2008-10-07,0.0006133753779971973,0.0024964538323861,gfc_2008
2008-10-08,0.0007220043683524391,0.0017570304571719,gfc_2008
2008-10-09,0.0007910889376311179,0.0077477397402088,gfc_2008
2008-10-13,0.0009236487364055242,0.0027430316572223,gfc_2008
2008-10-14,0.0009256991747157665,0.0017195861262214,gfc_2008
2008-10-15,0.0008993125332213726,0.0032684380137836,gfc_2008
2008-10-16,0.0009680309168491011,0.0018445033816526,gfc_2008
2008-10-20,0.0011680819654913762,0.0007915843269183,gfc_2008
2008-10-21,0.0009568833467685948,0.0014365861821341,gfc_2008
2008-10-22,0.0009079977033002659,0.0031468753816831,gfc_2008
2008-10-23,0.00109120281119115,0.003535009822953,gfc_2008
2008-10-27,0.0011579244651078453,0.0019060505338531,gfc_2008
2008-10-28,0.001213386352333488,0.0025355608759559,gfc_2008
2008-10-29,0.0012090127794078269,0.0025140581239344,gfc_2008
2008-10-30,0.0012187364782296596,0.0013606155222735,gfc_2008
2008-10-31,0.0011427736268237385,0.0009398780984658,gfc_2008
2008-11-03,0.001043164009972573,0.0002490648273395,gfc_2008
2008-11-04,0.0007917604771146569,0.0005622690797888,gfc_2008
2008-11-05,0.000659056611816505,0.0007408234731923,gfc_2008
2008-11-06,0.0007082307684028626,0.0006716714472767,gfc_2008
2008-11-07,0.0007960596309060987,0.0007455725641402,gfc_2008
2008-11-10,0.0007436936990542451,0.0007969240457482,gfc_2008
2008-11-11,0.0007693445512799035,0.0011311073203786,gfc_2008
2008-11-12,0.0008240352518128598,0.0006845590494661,gfc_2008
2008-11-13,0.0008539030919124276,0.0029325603219555,gfc_2008
2008-11-14,0.0009240062880235145,0.001793443414661,gfc_2008
2008-11-17,0.0009966409038386144,0.0015295679355714,gfc_2008
2008-11-18,0.001043320113232115,0.0013028916956213,gfc_2008
2008-11-19,0.0011319026357879988,0.0011720659850308,gfc_2008
2008-11-20,0.0011958012193203729,0.0025221087564937,gfc_2008
2008-11-21,0.0013357475349287178,0.0030355209014932,gfc_2008
2008-11-24,0.001377746921132383,0.0013822926071646,gfc_2008
2008-11-25,0.0012591317317962568,0.001232863612222,gfc_2008
2008-11-26,0.0011469600775983583,0.0007203460429063,gfc_2008
2008-11-28,0.0009404958749904067,0.0001363622249286,gfc_2008
2008-12-01,0.000683409182956788,0.0013580976460097,gfc_2008
2008-12-02,0.0009372417655777919,0.0010915612935699,gfc_2008
2008-12-03,0.000934105123120804,0.0011032317967674,gfc_2008
2008-12-04,0.0009044036812857287,0.0008938486866037,gfc_2008
2008-12-05,0.0009174423696868782,0.001129707851742,gfc_2008
2008-12-08,0.0008932710334760552,0.0007646202571022,gfc_2008
2008-12-09,0.0008293543028965719,0.0007639126944479,gfc_2008
2008-12-10,0.0008084353689480266,0.000567874732105,gfc_2008
2008-12-11,0.0007193928054693244,0.0005726816453584,gfc_2008
2008-12-12,0.0006862113814864552,0.0010599588317204,gfc_2008
2008-12-15,0.0007050279408549074,0.0003530642889904,gfc_2008
2008-12-16,0.0006549425562577736,0.0006238713170253,gfc_2008
2008-12-17,0.0006076379001913207,0.0005895980912585,gfc_2008
2008-12-18,0.0005586719258406307,0.0004171689001951,gfc_2008
2008-12-19,0.000495708666554159,0.0004089836049581,gfc_2008
2008-12-22,0.0004457419689252736,0.0002805994148285,gfc_2008
2008-12-23,0.0004082240050482438,0.0002468020531993,gfc_2008
2008-12-24,0.0003920462233799121,3.4008738014772853e-05,gfc_2008
2008-12-26,0.0002969309637510075,4.6095744861960446e-05,gfc_2008
2008-12-29,0.000260793483977542,0.0001217542046205,gfc_2008
2008-12-30,0.0002696099476901578,0.0001441860731745,gfc_2008
2008-12-31,0.00025518985646145337,0.0001447787226511,gfc_2008
2009-01-02,0.00024085091068040248,0.000149140028498,gfc_2008
2009-01-05,0.00023160138580942418,0.0002174113802252,gfc_2008
2009-01-06,0.00024142015889193916,0.0002600968163487,gfc_2008
2009-01-07,0.0002475615719337241,0.0002242370720936,gfc_2008
2009-01-08,0.000289924885177992,0.0002371556755745,gfc_2008
2009-01-09,0.0002950086958379166,0.0003026311119399,gfc_2008
2009-01-12,0.00031045134261587583,0.0002051480180101,gfc_2008
2009-01-13,0.0003299470411928673,0.0003402144929216,gfc_2008
2009-01-14,0.000331377426640738,0.0004987188312523,gfc_2008
2009-01-15,0.0004308430694783814,0.0006066606821285,gfc_2008
2009-01-16,0.0005165443964172066,0.0006753003837148,gfc_2008
2009-01-20,0.0005009965085391394,0.0006905494104681,gfc_2008
2009-01-21,0.0006824613275638946,0.0007177948776804,gfc_2008
2009-01-22,0.0005751138932908247,0.0010857908540684,gfc_2008
2009-01-23,0.0006363539664647121,0.0010922615855154,gfc_2008
2009-01-26,0.0006696089376736575,0.0004941800273701,gfc_2008
2009-01-27,0.0005806601363402367,0.0003656651499328,gfc_2008
2009-01-28,0.00046794077552074584,0.0005864062549884,gfc_2008
2009-01-29,0.00043594320507745545,0.0002438117248325,gfc_2008
2009-01-30,0.0004168591777244288,0.00032275946709,gfc_2008
2009-02-02,0.0004433358693586182,0.0004042589863763,gfc_2008
2009-02-03,0.0004536333423499629,0.0002718084008969,gfc_2008
2009-02-04,0.00038526696308766766,0.0002679717742707,gfc_2008
2009-02-05,0.0003782665470998279,0.0004407242898541,gfc_2008
2009-02-06,0.00039804265419877787,0.0002534512295283,gfc_2008
2009-02-09,0.0003657525958796489,0.0002358063745176,gfc_2008
2009-02-10,0.0003567293318528901,0.0006703590579252,gfc_2008
2009-02-11,0.0004555000160921443,0.0003317216326709,gfc_2008
2009-02-12,0.0004119527201914588,0.0007275339396561,gfc_2008
2009-02-13,0.0004119922672248384,0.0003180887347344,gfc_2008
2009-02-17,0.00039653905921122734,0.0008497744289254,gfc_2008
2009-02-18,0.000554111721278164,0.000473195296813,gfc_2008
2009-02-19,0.0005469510418352601,0.0003966607909407,gfc_2008
2009-02-20,0.000503025917746783,0.0006781633379464,gfc_2008
2009-02-23,0.0005815931172405371,0.00037795840299,gfc_2008
2009-02-24,0.0005992016781023937,0.0005604966611073,gfc_2008
2009-02-25,0.0005192353863367938,0.000601876558121,gfc_2008
2009-02-26,0.0005092011275560855,0.0005539449130314,gfc_2008
2009-02-27,0.0005044567134336414,0.0008733848614691,gfc_2008
2009-03-02,0.0005775850882501607,0.0005627640432973,gfc_2008
2009-03-03,0.000671524516708616,0.0006736851598661,gfc_2008
2009-03-04,0.000672816183473188,0.0004972662118514,gfc_2008
2009-03-05,0.0005798159937452224,0.0007362876334988,gfc_2008
2009-03-06,0.0006418731038650048,0.0008559497339762,gfc_2008
2009-03-09,0.0006604069959792103,0.0005679893996431,gfc_2008
2009-03-10,0.0006335575785511341,0.0007452817580431,gfc_2008
2009-03-11,0.0005575374674963631,0.0004961879430199,gfc_2008
2009-03-12,0.0005120381673795282,0.0003063795793315,gfc_2008
2009-03-13,0.00041860882329514614,0.0003598606433598,gfc_2008
2009-03-16,0.00042130951986372593,0.000346216953716,gfc_2008
2009-03-17,0.000423563629660158,0.0003658502411083,gfc_2008
2009-03-18,0.0003787618226493987,0.0008131967724848,gfc_2008
2009-03-19,0.00041678642950566236,0.0004257817487773,gfc_2008
2009-03-20,0.00044422264143327464,0.000296997574115,gfc_2008
2009-03-23,0.00044610162042167597,0.0006230333354423,gfc_2008
2009-03-24,0.0004424021207084047,0.0003132322661054,gfc_2008
2009-03-25,0.0004017061055133886,0.0005687068405897,gfc_2008
2009-03-26,0.00041983732437810456,0.0005283050757383,gfc_2008
2009-03-27,0.0004039851957320909,0.0003152795715245,gfc_2008
2009-03-30,0.00037381442291219445,0.0003091817321521,gfc_2008
2009-03-31,0.0003989051172619281,0.000488213412347,gfc_2008
2009-04-01,0.00041711987584708255,0.0005842275953305,calm
2009-04-02,0.0004217578709325209,0.0002361907762231,calm
2009-04-06,0.0003629700059500089,0.0005411620631984,calm
2009-04-07,0.0003875504747003268,0.0002296796540618,calm
2009-04-08,0.0003361990169967858,0.0004912423552958,calm
2009-04-13,0.00035266871642520317,0.000263752683541,calm
2009-04-14,0.00031334549395693214,0.0001669111767647,calm
2009-04-15,0.00027287867332401346,0.0001881813813775,calm
2009-04-16,0.00024967756722814674,0.0001401178890184,calm
2009-04-20,0.0002232405881994211,0.0002047263323735,calm
2009-04-21,0.00024895686491538497,0.0003045004045488,calm
2009-04-22,0.00026110695846411563,0.0002557694895023,calm
2009-04-23,0.0002658103743247048,0.0002104872113776,calm
2009-04-27,0.00024891618256628925,0.0001994549976249,calm
2009-04-28,0.0002472550956781293,0.0002493910821672,calm
2009-04-29,0.000247366127158933,0.0002646752373586,calm
2009-04-30,0.0002346188879686916,0.0001513485472837,calm
2009-05-04,0.00021455852955331898,0.0001207437861515,calm
2009-05-05,0.00018365906505530226,0.0003163557178803,calm
2009-05-06,0.00020266526730642844,0.0003618515023594,calm
2009-05-07,0.00021137084898669123,0.0003215361957073,calm
2009-05-11,0.00022507335883721158,0.0001884915030222,calm
2009-05-12,0.0002042847898470177,0.000357586886238,calm
2009-05-13,0.00021883227369865992,0.0001644963173798,calm
2009-05-14,0.00020634432302169,0.0001322873018351,calm
2009-05-18,0.00017610861342695093,0.0001403786686307,calm
2009-05-19,0.00015935448142306293,0.0002798612554859,calm
2009-05-20,0.00016904582634741545,0.0002278677732319,calm
2009-05-21,0.0001694822156839948,0.0001253937101002,calm
2009-05-26,0.00016591249319167014,0.0001875232184257,calm
2009-05-27,0.00016882265699808672,0.0003065997550998,calm
2009-05-28,0.00020285437896352506,0.0002099568280739,calm
2009-06-01,0.000193414343552819,0.0001352605191585,calm
2009-06-02,0.0001626531772058074,0.0001469834761426,calm
2009-06-03,0.0001550791536129638,8.01792630269607e-05,calm
2009-06-04,0.00014208312072000378,0.0002266565785039,calm
2009-06-08,0.00015517956005863984,9.526008681676342e-05,calm
2009-06-09,0.00013451445248763983,0.0001788265909649,calm
2009-06-10,0.00013230548194257446,0.0001427182958237,calm
2009-06-11,0.00012922189649256966,9.673849360857287e-05,calm
2009-06-15,0.0001170809140465179,0.0001081586418713,calm
2009-06-16,0.00012933395270456246,0.0001553503040355,calm
2009-06-17,0.00015644155947396073,9.226448858699006e-05,calm
2009-06-18,0.00013888683629935806,9.198485963891224e-05,calm
2009-06-22,0.00012061061511762174,0.000159686736511,calm
2009-06-23,0.00013370156778196919,0.0001388395013843,calm
2009-06-24,0.00013853261623637307,0.0001311179884326,calm
2009-06-25,0.00012796090245648068,9.899354257831976e-05,calm
2009-06-29,0.00010468324690229897,9.73607888238758e-05,calm
2009-06-30,9.660722092902664e-05,8.455214274194966e-05,calm
2009-07-01,9.732345192832299e-05,0.0002768816203149,calm
2009-07-06,0.00012325453701124292,9.859534150625553e-05,calm
2009-07-07,0.00012706875311178418,0.000172253468878,calm
2009-07-08,0.00015213637118876439,0.0001380191574929,calm
2009-07-09,0.0001569127620489265,0.0001313224983931,calm
2009-07-13,0.00014058994850188494,6.301907511119584e-05,calm
2009-07-14,9.670307966200804e-05,0.0001054407346034,calm
2009-07-15,8.94411996846476e-05,6.722301560236572e-05,calm
2009-07-16,8.678696870567868e-05,6.230347088411907e-05,calm
2009-07-20,8.68200190459744e-05,0.0001045337570372,calm
2009-07-21,8.860309757814945e-05,8.932190532892468e-05,calm
2009-07-22,8.548222020635022e-05,0.0001205333363928,calm
2009-07-23,8.760499335493348e-05,8.088390854181997e-05,calm
2009-07-27,8.317663740042915e-05,0.0001241470205713,calm
2009-07-28,9.557003464720344e-05,0.0001309561310619,calm
2009-07-29,0.00010644587264269313,0.0002197716120891,calm
2009-07-30,0.00012776819445042402,8.937142536747645e-05,calm
2009-08-03,0.00011181974543681542,7.064742377830264e-05,calm
2009-08-04,9.897830228939488e-05,9.746229764549066e-05,calm
2009-08-05,9.671504501422324e-05,8.711237641042903e-05,calm
2009-08-06,9.32450636534559e-05,0.0001501275811035,calm
2009-08-10,0.00010843811430012859,7.236329139451642e-05,calm
2009-08-11,9.382048725957498e-05,9.918846989004515e-05,calm
2009-08-12,9.964016028703945e-05,0.0001027748837326,calm
2009-08-13,0.00010081564236125483,7.615641069007182e-05,calm
2009-08-17,9.065665097593405e-05,5.031804544170348e-05,calm
2009-08-18,9.50268669308152e-05,0.000103997760002,calm
2009-08-19,0.00010325501432286954,3.061599830155256e-05,calm
2009-08-20,8.069154677879142e-05,9.464427561901036e-05,calm
2009-08-24,8.257043858175967e-05,0.0001004696497485,calm
2009-08-25,8.685191088597134e-05,8.510076015581672e-05,calm
2009-08-26,8.444550733652065e-05,6.73114977400487e-05,calm
2009-08-27,7.894279913939724e-05,9.21429148870638e-05,calm
2009-08-31,8.127656847696233e-05,0.0001377196295504,calm
2009-09-01,9.977939151518318e-05,9.74880958318586e-05,calm
2009-09-02,0.0001183458389000272,6.27451547384748e-05,calm
2009-09-03,0.00011045551200392255,5.586774880490471e-05,calm
2009-09-08,8.896322774103352e-05,4.95268246476248e-05,calm
2009-09-09,7.238436804387897e-05,4.783327021488652e-05,calm
2009-09-10,6.257554866499612e-05,6.308903312484026e-05,calm
2009-09-14,6.185337010659817e-05,6.459774078119855e-05,calm
2009-09-15,6.553535955132905e-05,5.822266204572064e-05,calm
2009-09-16,6.453291101179816e-05,7.553754167097402e-05,calm
2009-09-17,6.966873138886439e-05,4.896517301396784e-05,calm
2009-09-21,6.597440110929029e-05,4.817151832306957e-05,calm
2009-09-22,6.438272361813119e-05,9.378144632656154e-05,calm
2009-09-23,6.924900929556604e-05,0.0001131480531676,calm
2009-09-24,7.867040998787926e-05,9.956983020164226e-05,calm
2009-09-28,8.932919656669761e-05,9.17686777796398e-05,calm
2009-09-29,9.188483528374553e-05,0.00015227257071,calm
2009-09-30,0.00011205383429351563,0.0001155347401878,calm
2009-10-01,0.00011334321910802376,0.0001684368553984,calm
2009-10-05,0.00014845848838558048,0.0001249687063013,calm
2009-10-06,0.00014199845937481247,6.514092378202485e-05,calm
2009-10-07,0.00010730003751092993,6.050215337394551e-05,calm
2009-10-08,8.957878150956976e-05,2.515330340538024e-05,calm
2009-10-12,6.709908860398961e-05,6.0049242952248936e-05,calm
2009-10-13,6.663996294741314e-05,8.927663173250363e-05,calm
2009-10-14,7.162944519576255e-05,3.421622173907598e-05,calm
2009-10-15,5.9579139296196444e-05,0.0001152383612528,calm
2009-10-19,6.881519216090973e-05,6.833972383732307e-05,calm
2009-10-20,6.446114672218166e-05,0.0001035304411275,calm
2009-10-21,6.773882113144415e-05,7.214725316841765e-05,calm
2009-10-22,7.00858734459296e-05,0.0001362068968081,calm
2009-10-26,7.53839963800714e-05,0.0001826774828523,calm
2009-10-27,0.0001088241142197628,0.0001751504764953,calm
2009-10-28,0.0001268115597067982,0.00013350484281,calm
2009-10-29,0.0001463225977024923,9.38399691114565e-05,calm
2009-10-30,0.00011459487308319951,0.0002562313013973,calm
2009-11-02,0.00020892775751909154,0.0003075216130334,calm
2009-11-03,0.0002678122135097635,0.0001854301635108,calm
2009-11-04,0.0002253393820313804,0.0001780847638665,calm
2009-11-05,0.0001952981753472196,0.0001032630241453,calm
2009-11-06,0.0001418855530151318,0.000106992172143,calm
2009-11-09,0.00012701541066233448,5.176448719093359e-05,calm
2009-11-10,9.442838574882611e-05,4.443475476821595e-05,calm
2009-11-11,8.28899902673851e-05,7.264664043943862e-05,calm
2009-11-12,8.658972853428285e-05,8.133904703969237e-05,calm
2009-11-13,9.197917525773234e-05,5.8188834050183227e-05,calm
2009-11-16,7.837855857695287e-05,0.0001053441258625,calm
2009-11-17,7.956365552553736e-05,5.432936236183187e-05,calm
2009-11-18,6.895185923011761e-05,4.760144798943937e-05,calm
2009-11-19,6.112288064001016e-05,0.0001005945811833,calm
2009-11-20,7.261076639678474e-05,4.296430249120992e-05,calm
2009-11-23,6.523230897787341e-05,0.0001114144875062,calm
2009-11-24,7.12998011659287e-05,4.319176335879371e-05,calm
2009-11-25,6.0223160944065694e-05,1.836067092816696e-05,calm
2009-11-27,4.7671441665244726e-05,0.0003704642336434,calm
2009-11-30,0.00010892333698484752,5.839664322800542e-05,calm
2009-12-01,9.99210321622054e-05,9.833885889615512e-05,calm
2009-12-02,8.580391226092538e-05,4.574154724287509e-05,calm
2009-12-03,6.247807483029438e-05,7.13165075604894e-05,calm
2009-12-04,6.808522415173866e-05,0.0002256214998905,calm
2009-12-07,9.465435935670141e-05,4.491975392413894e-05,calm
2009-12-08,7.67612807052579e-05,0.0001129650036139,calm
2009-12-09,9.495036178485758e-05,5.9572724371194346e-05,calm
2009-12-10,8.021864493411592e-05,5.075687021303264e-05,calm
2009-12-11,6.760993635133285e-05,3.531615704439688e-05,calm
2009-12-14,5.4625148917539595e-05,2.9076898584817504e-05,calm
2009-12-15,4.7204245806599505e-05,4.149493421850799e-05,calm
2009-12-16,5.024334376043814e-05,4.884325325772532e-05,calm
2009-12-17,5.065285136158356e-05,5.546077553157581e-05,calm
2009-12-18,5.931220682960918e-05,3.4219564029801446e-05,calm
2009-12-21,5.2798670025334774e-05,6.48278377889687e-05,calm
2009-12-22,5.366041857026327e-05,2.227664693798016e-05,calm
2009-12-23,4.085515700133509e-05,1.5857745015266226e-05,calm
2009-12-24,3.50863153727391e-05,1.2616215072563064e-05,calm
2009-12-28,3.1533721071439054e-05,1.230179170752584e-05,calm
2009-12-29,3.107958541755765e-05,1.185525399184569e-05,calm
2009-12-30,3.062066046354281e-05,2.549741405209729e-05,calm
2009-12-31,3.451164933006059e-05,1.948338372339549e-05,calm
2010-01-04,3.789414637668704e-05,7.068736777339511e-05,calm
2010-01-05,4.580081406484305e-05,2.988740492563263e-05,calm
2010-01-06,4.2196986458860615e-05,1.98787078920003e-05,calm
2010-01-07,3.5186299018425395e-05,2.860249093397633e-05,calm
2010-01-08,3.457860543076893e-05,2.624910224911006e-05,calm
2010-01-11,3.27108264892282e-05,3.219193365888912e-05,calm
2010-01-12,3.2765302211556895e-05,5.004569241192964e-05,calm
2010-01-13,3.865097381766353e-05,3.803424930931966e-05,calm
2010-01-14,3.902580900769615e-05,2.125270100306969e-05,calm
2010-01-15,3.3260589738742964e-05,3.204363553486456e-05,calm
2010-01-19,3.394742504580361e-05,2.114940102243762e-05,calm
2010-01-20,3.187370573594974e-05,8.36925972747077e-05,calm
2010-01-21,4.702705043425125e-05,0.0001566715886534,calm
2010-01-22,8.791966447386395e-05,0.0001283008300437,calm
2010-01-25,0.0001406820547362549,0.0001335139390911,calm
2010-01-26,0.00013626375946105678,9.061582557160348e-05,calm
2010-01-27,0.00010439361126196325,0.0001024423986642,calm
2010-01-28,8.958199549964718e-05,0.0001786179918677,calm
2010-01-29,0.0001099600128555705,0.0001424163032802,calm
2010-02-01,0.00012367707711979939,0.0001125996133066,calm
2010-02-02,0.00010503205954732987,5.040282731387674e-05,calm
2010-02-03,7.437185332844994e-05,5.905175506604261e-05,calm
2010-02-04,7.035049951880937e-05,0.0002072346817412,calm
2010-02-05,9.733747785731178e-05,0.0002513179860859,calm
2010-02-08,0.0001394978380146737,0.0001018094090198,calm
2010-02-09,0.0001362970941454392,0.0002620930832431,calm
2010-02-10,0.00016263228914034343,8.637748021217847e-05,calm
2010-02-11,0.00013315752176924108,0.0001113683592149,calm
2010-02-12,0.00011556127299122475,0.0001830830701244,calm
2010-02-16,0.00011749500679544977,6.119549606714789e-05,calm
2010-02-17,8.939644735908571e-05,5.570793771724187e-05,calm
2010-02-18,7.243919140325969e-05,3.402546829758041e-05,calm
2010-02-19,5.579310128750338e-05,4.74652374082121e-05,calm
2010-02-22,5.11361398550021e-05,3.750129115142184e-05,calm
2010-02-23,4.673128256588701e-05,8.573633466180725e-05,calm
2010-02-24,5.584034096178617e-05,7.986280005734714e-05,calm
2010-02-25,6.252745720507673e-05,0.0001695492132265,calm
2010-02-26,8.286064371797591e-05,4.16890297551311e-05,calm
2010-03-01,6.73401883513926e-05,4.084589273897984e-05,calm
2010-03-02,5.5911474852689064e-05,4.2875723877956856e-05,calm
2010-03-03,5.0172440400494617e-05,2.7949133572135374e-05,calm
2010-03-04,4.23211511078373e-05,3.334333193357057e-05,calm
2010-03-05,3.965140398058893e-05,3.1488752703933044e-05,calm
2010-03-08,3.6958341329008224e-05,1.913031685708334e-05,calm
2010-03-09,3.249678955215961e-05,2.810313703268561e-05,calm
2010-03-10,3.315634367840988e-05,4.308591480119331e-05,calm
2010-03-11,3.826235560502356e-05,2.8618373409762315e-05,calm
2010-03-12,3.626674218675992e-05,2.517416291426621e-05,calm
2010-03-15,3.3246166140646914e-05,3.291166683558905e-05,calm
2010-03-16,3.440907140380103e-05,2.996776904042681e-05,calm
2010-03-17,3.3981365077764e-05,3.3234780667740075e-05,calm
2010-03-18,3.426654399026732e-05,2.1402974839504543e-05,calm
2010-03-19,3.045014157090801e-05,3.6605281654255575e-05,calm
2010-03-22,3.315751883345604e-05,3.826204059907456e-05,calm
2010-03-23,3.573276751409856e-05,2.800487636891121e-05,calm
2010-03-24,3.331790641262122e-05,3.511155048611599e-05,calm
2010-03-25,3.5092035065140714e-05,7.243773735665944e-05,calm
2010-03-26,4.606657707452327e-05,4.548500141397002e-05,calm
2010-03-29,4.512847415908337e-05,3.161422727099561e-05,calm
2010-03-30,3.8863306969659887e-05,4.354426391947145e-05,calm
2010-03-31,3.9241474330161736e-05,6.699472463573251e-05,calm
2010-04-05,4.6222729824210546e-05,1.9197021938540542e-05,calm
2010-04-06,3.4299048223337234e-05,3.939276356660053e-05,calm
2010-04-07,3.521221021801104e-05,3.589980737961399e-05,calm
2010-04-08,3.535128230897011e-05,2.66666832338621e-05,calm
2010-04-12,3.268939470040474e-05,2.235893794294285e-05,calm
2010-04-13,2.9222842334044193e-05,2.3365974635196057e-05,calm
2010-04-14,2.8358042873717497e-05,1.7304472624483226e-05,calm
2010-04-15,2.568522380649464e-05,0.0001480673819996,calm
2010-04-19,4.64345410580887e-05,3.401201741513299e-05,calm
2010-04-20,4.257340089863932e-05,3.469550958505275e-05,calm
2010-04-21,3.7196555851922136e-05,0.0001023593852032,calm
2010-04-22,5.016703240473154e-05,5.408670184732478e-05,calm
2010-04-26,4.879261469245415e-05,0.0001391807960635,calm
2010-04-27,6.620361277613965e-05,0.0001009229601227,calm
2010-04-28,8.217401452351125e-05,6.351728507024934e-05,calm
2010-04-29,7.865164803822957e-05,9.441092701815295e-05,calm
2010-05-03,7.707619448017067e-05,0.0002178918197388,calm
2010-05-04,0.00010928488499963264,0.0001784551398083,calm
2010-05-05,0.00013915846161507774,0.0016450509991498,calm
2010-05-06,0.0003279505016085903,0.0008216748581765,calm
2010-05-10,0.0004894727241256353,0.0001544952876977,calm
2010-05-11,0.00032674326185814877,8.257123295340683e-05,calm
2010-05-12,0.00020584280271334016,8.314734358641863e-05,calm
2010-05-13,0.00014180509849331493,0.0002398723190368,calm
2010-05-17,0.0001662139503838,0.0002390324823173,calm
2010-05-18,0.00020830719672677785,0.0003293830329564,calm
2010-05-19,0.00026461426518115523,0.0006131682182779,calm
2010-05-20,0.0003580047190295786,0.0004829901789545,calm
2010-05-24,0.000486417616396043,0.0005695041555029,calm
2010-05-25,0.00046503390791116476,0.0002625412852905,calm
2010-05-26,0.0003197587090038836,0.0002708111733455,calm
2010-05-27,0.000268424843749514,0.0002352691891069,calm
2010-06-01,0.00020826088190037813,0.0001027041322987,calm
2010-06-02,0.0001771183050814022,0.0001301089568407,calm
2010-06-03,0.0001503427553695798,0.0003345357703125,calm
2010-06-07,0.00018434689817046357,0.0002731967242374,calm
2010-06-08,0.00023927416510102,0.0001696044057772,calm
2010-06-09,0.0002144655649440639,0.0003809845670213,calm
2010-06-10,0.00024892022708837764,0.0001085882021436,calm
2010-06-14,0.00017123547773989495,7.053243338052172e-05,calm
2010-06-15,0.00011882237965087756,7.683840501296567e-05,calm
2010-06-16,9.47548960888856e-05,7.72015846224818e-05,calm
2010-06-17,8.834374566410754e-05,3.644460954820722e-05,calm
2010-06-21,7.12984912760896e-05,0.0001114810330381,calm
2010-06-22,8.238689578082085e-05,0.0001450143942397,calm
2010-06-23,0.00010514992794122402,0.0001470606301471,calm
2010-06-24,0.0001184332710781554,0.0001363516993369,calm
2010-06-28,0.0001320558370225417,0.0003406883910643,calm
2010-06-29,0.00017607857504925998,0.0001142722070901,calm
2010-06-30,0.00017353464031883917,0.0002646503594157,calm
2010-07-01,0.00022119215013844686,0.0001898931857776,calm
2010-07-06,0.00020547843969730904,0.0001064831715259,calm
2010-07-07,0.00014389275330308344,0.0001160487167214,calm
2010-07-08,0.00011429755600502093,5.634144179791233e-05,calm
2010-07-12,8.872078170504961e-05,0.0001263123346375,calm
2010-07-13,9.372680435302646e-05,7.595674883535913e-05,calm
2010-07-14,8.747824390900526e-05,0.0001041970405058,calm
2010-07-15,9.255599795167865e-05,0.0001265807341625,calm
2010-07-19,0.00010103011914470864,0.0001362096739849,calm
2010-07-20,0.00011029910504629701,0.000120983702921,calm
2010-07-21,0.00010368653025114613,0.0002133663688357,calm
2010-07-22,0.00012605951604757287,0.000104734610103,calm
2010-07-26,0.00011160530086832834,6.796090598956642e-05,calm
2010-07-27,8.80284473275187e-05,5.564435760020433e-05,calm
2010-07-28,7.565218662002414e-05,0.0001209961094256,calm
2010-07-29,8.957808708880291e-05,0.0001575562563883,calm
2010-08-02,0.00010566214212852285,4.6619221502654674e-05,calm
2010-08-03,7.626144135857059e-05,4.554763715711265e-05,calm
2010-08-04,6.757317220807153e-05,5.84493283723643e-05,calm
2010-08-05,6.645194574164772e-05,8.029754472901265e-05,calm
2010-08-09,7.134209837379114e-05,8.450421065232986e-05,calm
2010-08-10,7.525833646034639e-05,0.0003334287607734,calm
2010-08-11,0.00011613523624209496,7.691677858028775e-05,calm
2010-08-12,0.00011228369619632533,4.656433601024232e-05,calm
2010-08-16,9.487754035575559e-05,7.708901771610647e-05,calm
2010-08-17,9.591627420651792e-05,6.129882090094024e-05,calm
2010-08-18,8.053066472731836e-05,0.0001526646997419,calm
2010-08-19,9.776773881367239e-05,7.209500977174749e-05,calm
2010-08-23,9.599231145166014e-05,0.0001534080077357,calm
2010-08-24,0.00011285378157218613,0.0001008089155348,calm
2010-08-25,0.00011641187214982683,0.0001039563266057,calm
2010-08-26,0.00011151817933634837,0.0001315478387889,calm
2010-08-30,0.00011841850849339776,0.000179817494708,calm
2010-08-31,0.00013288403590059461,0.000333374295846,calm
2010-09-01,0.0001651736531629334,2.873177357752417e-05,calm
2010-09-02,8.030041791051357e-05,0.0001024847850497,calm
2010-09-07,8.359382137729749e-05,5.610609193887398e-05,calm
2010-09-08,7.64045076461069e-05,9.837784178919752e-05,calm
2010-09-09,8.31255831259784e-05,2.1075960190924266e-05,calm
2010-09-13,5.8613410704149925e-05,4.530657847074665e-05,calm
2010-09-14,5.373093015668219e-05,4.656387674000498e-05,calm
2010-09-15,5.4408994581518094e-05,2.786791210008495e-05,calm
2010-09-16,5.0341774171143504e-05,4.055569618258074e-05,calm
2010-09-20,5.0795767883715344e-05,5.890196376960317e-05,calm
2010-09-21,5.522560558128804e-05,5.266978706769611e-05,calm
2010-09-22,5.9504066511278606e-05,6.971976298132874e-05,calm
2010-09-23,6.548506840316883e-05,7.759608483250108e-05,calm
2010-09-27,7.449849354248546e-05,6.424317958229683e-05,calm
2010-09-28,7.016191273942951e-05,6.621375019421057e-05,calm
2010-09-29,6.789996912284284e-05,0.0001293664143013,calm
2010-09-30,8.491399425348594e-05,9.293591919354096e-05,calm
2010-10-04,8.910089022713564e-05,8.935419993238045e-05,calm
2010-10-05,8.6936866868466e-05,3.364206397674888e-05,calm
2010-10-06,5.823534948954539e-05,4.811795521191461e-05,calm
2010-10-07,5.629860997735471e-05,3.4357813074642455e-05,calm
2010-10-11,5.145485125552421e-05,6.276105779161353e-05,calm
2010-10-12,5.14071237638975e-05,4.516517291893915e-05,calm
2010-10-13,4.7915334986387836e-05,5.443168592814773e-05,calm
2010-10-14,4.921108548664134e-05,6.259272485638092e-05,calm
2010-10-18,5.420942220662259e-05,0.0001569858857912,calm
2010-10-19,7.590777177269406e-05,7.386821583373895e-05,calm
2010-10-20,7.369034344214284e-05,7.915355732699723e-05,calm
2010-10-21,7.097346706699389e-05,2.072557849784033e-05,calm
2010-10-25,4.435595051362756e-05,5.239725198639486e-05,calm
2010-10-26,4.776672133792322e-05,5.648894607044677e-05,calm
2010-10-27,5.316611889161721e-05,5.387194599585441e-05,calm
2010-10-28,5.520979178376478e-05,3.171246273248196e-05,calm
2010-11-01,4.658928404401779e-05,5.842413496681075e-05,calm
2010-11-02,5.3198088361891203e-05,3.744976257631298e-05,calm
2010-11-03,4.892348629271085e-05,8.48525142339043e-05,calm
2010-11-04,5.698803896932515e-05,0.0001256842833155,calm
2010-11-05,6.977275709155996e-05,3.397794235146061e-05,calm
2010-11-08,5.166256145993065e-05,2.5240456164031623e-05,calm
2010-11-09,3.9126793456034896e-05,4.558578933240107e-05,calm
2010-11-10,4.2760184816154396e-05,4.454518375378935e-05,calm
2010-11-11,4.4284445462729175e-05,6.78796179677886e-05,calm
2010-11-12,5.1198603874983425e-05,6.99486700956283e-05,calm
2010-11-15,5.9525953283631216e-05,4.136299394388509e-05,calm
2010-11-16,5.2578051579859426e-05,0.0001236250491407,calm
2010-11-17,7.71560224859895e-05,3.943440167935548e-05,calm
2010-11-18,6.25619214691169e-05,7.898437635045831e-05,calm
2010-11-19,5.740325066060674e-05,2.7699991260113743e-05,calm
2010-11-22,4.173323252187908e-05,7.805730475828755e-05,calm
2010-11-23,5.019201551991232e-05,0.0001037487334812,calm
2010-11-24,6.982089534893635e-05,6.885628415777307e-05,calm
2010-11-26,6.718816651368803e-05,3.5839018429340174e-05,calm
2010-11-29,5.79926447636862e-05,0.000147615171755,calm
2010-11-30,8.147083834060437e-05,8.381509251465771e-05,calm
2010-12-01,8.727099514658578e-05,0.0001370109243955,calm
2010-12-02,9.027017839671879e-05,2.3478865106685417e-05,calm
2010-12-03,5.02957490634588e-05,2.630178819850844e-05,calm
2010-12-06,3.854560139415437e-05,1.5431645713917338e-05,calm
2010-12-07,3.217255263845263e-05,8.070089914649838e-05,calm
2010-12-08,4.550270450915585e-05,2.935592194189477e-05,calm
2010-12-09,4.089422285898011e-05,3.1126837107681655e-05,calm
2010-12-10,3.6933689749144255e-05,1.1573674809889885e-05,calm
2010-12-13,2.8798184324184958e-05,2.251144233110128e-05,calm
2010-12-14,2.9592877385725485e-05,1.9135108394929147e-05,calm
2010-12-15,2.9397108158521036e-05,2.4317835617715536e-05,calm
2010-12-16,3.103029339254442e-05,3.313147269761218e-05,calm
2010-12-17,3.303791311656231e-05,1.2540457935085072e-05,calm
2010-12-20,2.6169756147998097e-05,1.3444350721688417e-05,calm
2010-12-21,2.4062955243045147e-05,4.54917361685298e-06,calm
2010-12-22,1.9868129776521598e-05,5.519192692834588e-06,calm
2010-12-23,1.829475726772162e-05,7.499532130661632e-06,calm
2010-12-27,1.9123343158971697e-05,1.0976522845843512e-05,calm
2010-12-28,2.144242092386924e-05,5.3661630068368535e-06,calm
2010-12-29,1.9945218863812134e-05,6.686521300306311e-06,calm
2010-12-30,1.947388489966414e-05,9.20350438401316e-06,calm
2010-12-31,2.0392200456447286e-05,9.540706450760627e-06,calm
2011-01-03,2.109595020813989e-05,8.520594578118925e-05,calm
2011-01-04,3.5316776305022285e-05,1.9746213903518687e-05,calm
2011-01-05,3.232059748147141e-05,1.926094106259105e-05,calm
2011-01-06,2.8319757257582318e-05,2.554804289454808e-05,calm
2011-01-07,2.9275176255320797e-05,4.789758807208127e-05,calm
2011-01-10,3.535131677206045e-05,5.245078985023271e-05,calm
2011-01-11,4.1027513328874625e-05,3.0467609162303684e-05,calm
2011-01-12,3.5790231863227106e-05,3.061209556625264e-05,calm
2011-01-13,3.238286366361616e-05,1.806498927435455e-05,calm
2011-01-14,2.8117615103061945e-05,1.6708129923932852e-05,calm
2011-01-18,2.501829115798846e-05,1.5240125102217514e-05,calm
2011-01-19,2.2949636673061246e-05,2.381856481755449e-05,calm
2011-01-20,2.5818156872288514e-05,5.550722566759392e-05,calm
2011-01-21,3.610466715863244e-05,3.756513596401425e-05,calm
2011-01-24,3.795814422381892e-05,1.531635445315959e-05,calm
2011-01-25,2.8480915114724166e-05,3.79237962656442e-05,calm
2011-01-26,3.160626868554e-05,3.28900093254664e-05,calm
2011-01-27,3.1726741123270495e-05,2.017380181032832e-05,calm
2011-01-28,2.7435236352164474e-05,6.31841483895345e-05,calm
2011-01-31,3.977661908566361e-05,3.700817765223655e-05,calm
2011-02-01,4.295267266685346e-05,4.716407584131788e-05,calm
2011-02-02,4.263827350187595e-05,2.0577533644786858e-05,calm
2011-02-03,3.3526895083692885e-05,3.643164006841747e-05,calm
2011-02-04,3.371744825331272e-05,3.122646676569274e-05,calm
2011-02-07,3.208614426200532e-05,1.820278106748465e-05,calm
2011-02-08,2.7443250215487e-05,1.4937420995194448e-05,calm
2011-02-09,2.416117502478897e-05,2.404574614087772e-05,calm
2011-02-10,2.5590982879966242e-05,5.0863824770305625e-05,calm
2011-02-11,3.256700482713559e-05,2.48407599399146e-05,calm
2011-02-14,2.9654326199648166e-05,1.2014160787732131e-05,calm
2011-02-15,2.3683642857629817e-05,2.4211233926983503e-05,calm
2011-02-16,2.534755426201236e-05,3.658516790264395e-05,calm
2011-02-17,3.063987172842183e-05,1.582868302703548e-05,calm
2011-02-18,2.648625495434965e-05,1.435790772207311e-05,calm
2011-02-22,2.366724674283808e-05,0.0001458035303788,calm
2011-02-23,5.147949082741564e-05,8.842513533705177e-05,calm
2011-02-24,7.725725112760089e-05,8.387350084143883e-05,calm
2011-02-25,7.851014277970096e-05,4.4698805675268e-05,calm
2011-02-28,5.429518505412254e-05,3.0580310011967745e-05,calm
2011-03-01,4.008820457561001e-05,6.969199980526215e-05,calm
2011-03-02,5.23970436462907e-05,5.0355268985652974e-05,calm
2011-03-03,5.587477219005784e-05,9.074475694369822e-05,calm
2011-03-04,6.128338076433857e-05,5.779030829686026e-05,calm
2011-03-07,5.753082992955369e-05,7.297858750078786e-05,calm
2011-03-08,6.267482842988217e-05,4.654102515045888e-05,calm
2011-03-09,5.393367046229373e-05,6.219610267023637e-05,calm
2011-03-10,5.52799999188384e-05,0.000203013520129,calm
2011-03-11,9.127677933671045e-05,5.088364559329599e-05,calm
2011-03-14,6.910803843555605e-05,8.247146718284295e-05,calm
2011-03-15,6.922081863716891e-05,0.0005259266245354,calm
2011-03-16,0.0001583459415590863,0.0002003886876956,calm
2011-03-17,0.00021056758257974637,0.0001814851288761,calm
2011-03-18,0.0001858275718337141,0.00013406925766,calm
2011-03-21,0.0001363149571565204,0.0001375443006583,calm
2011-03-22,0.00010526395864806943,2.545006714539485e-05,calm
2011-03-23,5.79423129043396e-05,3.442962325424006e-05,calm
2011-03-24,4.7431529492796126e-05,2.76834792876599e-05,calm
2011-03-25,4.051757241422281e-05,2.0370093417957912e-05,calm
2011-03-28,3.5065819481134546e-05,2.061616413546137e-05,calm
2011-03-29,3.436444912512888e-05,2.7972965369255708e-05,calm
2011-03-30,3.455209672442638e-05,1.705094979249867e-05,calm
2011-03-31,3.0210931792174845e-05,2.9666353172874155e-05,calm
2011-04-04,3.2239764735218714e-05,1.883702726295959e-05,calm
2011-04-05,2.95678133602856e-05,2.0060311812078146e-05,calm
2011-04-06,2.8234844144306296e-05,6.935730631865061e-05,calm
2011-04-07,3.8263192384880395e-05,2.7510879531417497e-05,calm
2011-04-11,3.467765018025277e-05,6.419952436715044e-05,calm
2011-04-12,4.037601536255359e-05,5.760901620961569e-05,calm
2011-04-13,4.383732020941197e-05,4.6200103358443615e-05,calm
2011-04-14,4.1992343955054204e-05,2.5540169406701747e-05,calm
2011-04-18,3.305893945464604e-05,2.625235904368236e-05,calm
2011-04-19,3.0721771316174e-05,6.782599051124722e-05,calm
2011-04-20,3.954866539410514e-05,1.79142348664616e-05,calm
2011-04-25,2.948912825667503e-05,2.2592476955390103e-05,calm
2011-04-26,2.8324553662382378e-05,2.452108981047688e-05,calm
2011-04-27,2.81540235332922e-05,1.5099657328660752e-05,calm
2011-04-28,2.4849758954476467e-05,8.58382102700776e-06,calm
2011-05-02,2.0503124069358974e-05,3.447613294018942e-05,calm
2011-05-03,2.6609439845348795e-05,6.270218683635757e-05,calm
2011-05-04,3.780905612765012e-05,9.972172466244132e-05,calm
2011-05-05,5.320353877407249e-05,0.0001438927830552,calm
2011-05-09,7.489858743274549e-05,1.719341455431668e-05,calm
2011-05-10,3.9309602000230264e-05,5.130003074394668e-05,calm
2011-05-11,3.7217642808931754e-05,5.297219137231519e-05,calm
2011-05-12,4.2035155338178017e-05,4.492979687618087e-05,calm
2011-05-16,4.1438063016417854e-05,6.79595241649972e-05,calm
2011-05-17,5.098580032181209e-05,2.9241697364447137e-05,calm
2011-05-18,4.064005102171144e-05,3.7055280328601325e-05,calm
2011-05-19,3.590475346660757e-05,3.942391884027123e-05,calm
2011-05-23,3.4948019392734934e-05,3.4144485749644044e-05,calm
2011-05-24,3.7272445654609304e-05,4.0614319514591056e-05,calm
2011-05-25,3.986158571655172e-05,4.204424656077055e-05,calm
2011-05-26,3.922638060995102e-05,3.4745695253206325e-05,calm
2011-05-31,3.496178180836453e-05,6.122838668793894e-05,calm
2011-06-01,3.8906133315225826e-05,7.037996923738962e-05,calm
2011-06-02,4.926728164612213e-05,0.0001582941349059,calm
2011-06-06,7.753736113991628e-05,5.674614868623032e-05,calm
2011-06-07,6.591670799346825e-05,5.514007241476984e-05,calm
2011-06-08,5.548203596352037e-05,2.5419872929761795e-05,calm
2011-06-09,4.0969502277072615e-05,9.172735090604128e-05,calm
2011-06-13,5.1040494414955746e-05,0.0001090587122311,calm
2011-06-14,6.84949863843032e-05,0.0001364343426889,calm
2011-06-15,8.072424991648221e-05,7.710994068011213e-05,calm
2011-06-16,7.979391917380483e-05,0.000117306288219,calm
2011-06-20,9.589340650310258e-05,3.548542263122379e-05,calm
2011-06-21,6.0868626681179566e-05,3.626060591745582e-05,calm
2011-06-22,4.607629655103386e-05,0.0003592363371063,calm
2011-06-23,9.121703871639644e-05,5.082565679739707e-05,calm
2011-06-27,7.249321691767679e-05,3.2124040819697895e-05,calm
2011-06-28,5.2717705111273314e-05,4.781503072112748e-05,calm
2011-06-29,4.8508387991675426e-05,4.061285319996151e-05,calm
2011-06-30,4.337319389025961e-05,4.967994554796526e-05,calm
2011-07-05,4.296016697652741e-05,2.689939327279769e-05,calm
2011-07-06,3.597846265370531e-05,7.169933840344104e-05,calm
2011-07-07,4.356145854743928e-05,0.0001108848950702,calm
2011-07-11,5.637351239747676e-05,7.409577441656873e-05,calm
2011-07-12,6.270163707894946e-05,7.722567921397407e-05,calm
2011-07-13,7.041950036504609e-05,9.361751816153733e-05,calm
2011-07-14,7.44485870289457e-05,9.632823679279616e-05,calm
2011-07-18,7.839036061501985e-05,8.872147854031476e-05,calm
2011-07-19,7.710821132779263e-05,2.549843465083299e-05,calm
2011-07-20,4.639967112714277e-05,9.197064540749034e-05,calm
2011-07-21,5.5238229695549245e-05,2.289609244205236e-05,calm
2011-07-25,3.9309119115269635e-05,2.469546219554257e-05,calm
2011-07-26,3.701462605976018e-05,0.000118913702522,calm
2011-07-27,6.0546214678161355e-05,4.492033778355952e-05,calm
2011-07-28,6.49795794013399e-05,0.0002106797545272,calm
2011-08-01,0.00010722311275532447,0.0001362794758716,calm
2011-08-02,0.00011291315201994009,0.0002130799940707,calm
2011-08-03,0.0001325189932231923,0.0004396521982625,calm
2011-08-04,0.00018219339864782453,0.0010861431105571,calm
2011-08-08,0.00043397266064911373,0.0015607229988121,calm
2011-08-09,0.0012696386459865694,0.0015734198257311,calm
2011-08-10,0.0009184779943671084,0.0007446347309996,calm
2011-08-11,0.0008354436342814832,0.0003886922186,calm
2011-08-15,0.0004845071497438302,0.0003033574034531,calm
2011-08-16,0.000271540988434606,0.0001382748966214,calm
2011-08-17,0.00019712017231777204,0.0010052588777701,calm
2011-08-18,0.00028085911743754125,0.0004163771591692,calm
2011-08-22,0.0004042404952712271,0.0002394839477837,calm
2011-08-23,0.0003730247594737639,0.0001872876470081,calm
2011-08-24,0.00025325433753201743,0.0003732760674809,calm
2011-08-25,0.00026239984898136494,0.0003662589384973,calm
2011-08-29,0.0003125733548553432,0.0002176450023445,calm
2011-08-30,0.00021919555789516837,0.0001933994712384,calm
2011-08-31,0.00019272193411498298,0.000215655913859,calm
2011-09-01,0.00018108521724989436,0.0004645473706703,calm
2011-09-06,0.00021753422971645795,0.0002036261280501,calm
2011-09-07,0.00023709713787243187,0.0001893283056435,calm
2011-09-08,0.00020445801518707463,0.000383215845704,calm
2011-09-12,0.00023760711668971093,0.0001653459537123,calm
2011-09-13,0.00024034822682234453,0.0002287610291912,calm
2011-09-14,0.00023520150031663368,0.0001650758775017,calm
2011-09-15,0.00019299882303544887,0.0001197666677754,calm
2011-09-19,0.00014923546342705544,0.0001135307614229,calm
2011-09-20,0.0001380998442003543,0.0002261384432634,calm
2011-09-21,0.00015882833745008582,0.0011173442663123,calm
2011-09-22,0.0003061509380465529,0.0002774400408178,calm
2011-09-26,0.0003617488071759947,0.0004870790268771,calm
2011-09-27,0.0003976575141480928,0.0002445731583342,calm
2011-09-28,0.00031770962649700846,0.000562028037221,calm
2011-09-29,0.00040650946419773287,0.0005049099895407,calm
2011-10-03,0.000402719377191016,0.0007267240042017,calm
2011-10-04,0.0005647710215744256,0.0002843865443569,calm
2011-10-05,0.00041323429683061115,0.0001823214812192,calm
2011-10-06,0.0002758197794456306,0.0002047184326505,calm
2011-10-10,0.00022750336309238964,0.0001303310486738,calm
2011-10-11,0.000167255047729495,0.0001687296400536,calm
2011-10-12,0.00016216025349006092,0.0001695946298074,calm
2011-10-13,0.00015409901476093305,0.000221675559531,calm
2011-10-17,0.00016089212901399522,0.000231354227109,calm
2011-10-18,0.00018565396264672013,0.0001374227849837,calm
2011-10-19,0.00016325870684621955,0.0002100067651359,calm
2011-10-20,0.00018784470805657306,0.0001960088353782,calm
2011-10-24,0.00019750329683524906,0.0002155622847502,calm
2011-10-25,0.00016629336735665072,0.0003112079035346,calm
2011-10-26,0.0001940166755495837,0.0006616970760231,calm
2011-10-27,0.00024387346301717668,8.637026437922611e-05,calm
2011-10-31,0.00013876316192242168,0.0002367220951013,calm
2011-11-01,0.00016692070449198169,0.0009656929184634,calm
2011-11-02,0.0003258292158789453,0.0003255793232157,calm
2011-11-03,0.00031422259527744936,0.0002501236442729,calm
2011-11-04,0.00024902873625759654,0.0001540340988926,calm
2011-11-07,0.00019129942076206763,9.450561200691156e-05,calm
2011-11-08,0.00014622282758476463,0.0001240930198906,calm
2011-11-09,0.00012678569919083975,0.0005922209667006,calm
2011-11-10,0.0002453260163761219,0.0002700224710458,calm
2011-11-11,0.00025140514227870836,0.0001858628654852,calm
2011-11-14,0.00019685814102944534,7.984105641640929e-05,calm
2011-11-15,0.0001460885259289481,0.0001038825819842,calm
2011-11-16,0.0001335859598815826,0.0002439370176897,calm
2011-11-17,0.0001703173013662441,0.000203281411876,calm
2011-11-18,0.00019025225623550966,9.207688960280652e-05,calm
2011-11-21,0.0001466513898904999,0.0003289374129427,calm
2011-11-22,0.0001807980863945154,0.0001238007615842,calm
2011-11-23,0.00015543713594049115,0.0002222091514823,calm
2011-11-25,0.0001764785003388988,7.356725169968264e-05,calm
2011-11-28,0.00014505330168179914,0.0007899780140908,calm
2011-11-29,0.00021901613527916135,7.870956172680729e-05,calm
2011-11-30,0.00014936107553433796,0.0007088451526677,calm
2011-12-01,0.00019598711797794589,6.870588399345685e-05,calm
2011-12-02,0.00013523673476364847,0.0001108570257137,calm
2011-12-05,0.00012461187843348684,0.0002659068549598,calm
2011-12-06,0.0001507928896364615,5.12262294417342e-05,calm
2011-12-07,0.00011494604889580251,0.000121369952746,calm
2011-12-08,0.0001193768522760036,0.0001638233556814,calm
2011-12-09,0.00013948408676934312,0.0001193666968594,calm
2011-12-12,0.00012078459851425799,0.0002102099434077,calm
2011-12-13,0.0001277017688692374,0.000184923889616,calm
2011-12-14,0.0001310283707530541,0.0001300252689424,calm
2011-12-15,0.00012580076605110647,0.0001482031157503,calm
2011-12-16,0.00012231700490716353,0.0001160943251004,calm
2011-12-19,0.00011066029792667388,9.05862687938204e-05,calm
2011-12-20,0.00010164105252328925,0.000316731032191,calm
2011-12-21,0.00012631626322515314,7.107408248239379e-05,calm
2011-12-22,9.864854289140157e-05,2.8470780834441288e-05,calm
2011-12-23,7.004680556698016e-05,2.2105238386547145e-05,calm
2011-12-27,5.622641819035706e-05,2.1352012143961145e-05,calm
2011-12-28,5.2308499724626345e-05,3.888108414857559e-05,calm
2011-12-29,5.7861214996947e-05,3.04486502391406e-05,calm
2011-12-30,5.6332597732410235e-05,1.7158468017474457e-05,calm
2012-01-03,4.399881539116729e-05,0.0003049841630565,calm
2012-01-04,8.473393607821938e-05,3.890710184958219e-05,calm
2012-01-05,6.794834394980704e-05,6.515797739667469e-05,calm
2012-01-06,6.442829430154468e-05,3.348536473204581e-05,calm
2012-01-09,5.143257512371952e-05,1.974168966755715e-05,calm
2012-01-10,4.101339664836203e-05,0.0001274286095429,calm
2012-01-11,5.9381724327278704e-05,4.084776862307181e-05,calm
2012-01-12,5.3930359537817846e-05,4.106153449354368e-05,calm
2012-01-13,4.866399721631498e-05,0.000104544238332,calm
2012-01-17,6.22643065127349e-05,8.777894246988321e-05,calm
2012-01-18,7.09047180869275e-05,3.872876902864405e-05,calm
2012-01-19,5.41555086563001e-05,2.9729950467130063e-05,calm
2012-01-20,4.2646519368615767e-05,1.7813525153193508e-05,calm
2012-01-23,3.242279578916734e-05,2.961763087372188e-05,calm
2012-01-24,3.298493538682701e-05,4.899248892965565e-05,calm
2012-01-25,3.909839293173786e-05,5.77174667725078e-05,calm
2012-01-26,4.4116163340854333e-05,4.883637370790306e-05,calm
2012-01-27,4.4777819196469836e-05,3.1998099127832774e-05,calm
2012-01-30,3.888752364460044e-05,0.0001217185709649,calm
2012-01-31,5.80306383450676e-05,7.901718404213539e-05,calm
2012-02-01,6.26967120272105e-05,8.556683889317936e-05,calm
2012-02-02,6.253260238578825e-05,2.2104800368233525e-05,calm
2012-02-03,3.895531157059778e-05,9.6645942938878e-05,calm
2012-02-06,5.1465922981479314e-05,3.622238209246629e-05,calm
2012-02-07,4.688312352089214e-05,2.982289152609981e-05,calm
2012-02-08,3.9858121504070176e-05,2.237268558021672e-05,calm
2012-02-09,3.4309079925020845e-05,3.228904463423826e-05,calm
2012-02-10,3.607708694389881e-05,9.358989587712998e-05,calm
2012-02-13,5.719713631833531e-05,4.690565213574275e-05,calm
2012-02-14,4.94532729837553e-05,3.1717626309871487e-05,calm
2012-02-15,4.0369096963339585e-05,5.395375282093064e-05,calm
2012-02-16,4.7999715491807836e-05,3.00807661627311e-05,calm
2012-02-17,3.945032207808162e-05,2.0916536317296205e-05,calm
2012-02-21,3.100671810725709e-05,2.9926650902791096e-05,calm
2012-02-22,3.2171288624365755e-05,2.4551182039089954e-05,calm
2012-02-23,3.138604750469766e-05,1.993731928808601e-05,calm
2012-02-24,2.729730409865488e-05,1.692877875594198e-05,calm
2012-02-27,2.5389472729703283e-05,6.88217800402775e-05,calm
2012-02-28,3.752222494862377e-05,2.5818658088677705e-05,calm
2012-02-29,3.390381063788671e-05,4.4358475972830144e-05,calm
2012-03-01,3.685985151351867e-05,5.52997021151936e-05,calm
2012-03-02,4.014364161753418e-05,2.479284423405272e-05,calm
2012-03-05,3.317722170548817e-05,3.208291962157205e-05,calm
2012-03-06,3.2516442367555955e-05,0.0001292223877633,calm
2012-03-07,5.216687414474732e-05,2.504784109351829e-05,calm
2012-03-08,4.2670372161986703e-05,6.346358216744232e-05,calm
2012-03-09,4.686712074069061e-05,2.2641260007094755e-05,calm
2012-03-12,3.643201532065477e-05,2.0281134585090364e-05,calm
2012-03-13,2.9487943547199686e-05,4.548335772533618e-05,calm
2012-03-14,3.200526585006993e-05,2.178604596435164e-05,calm
2012-03-15,2.9320492259041984e-05,2.4231506054329194e-05,calm
2012-03-16,2.811258944848891e-05,1.4727339980913664e-05,calm
2012-03-19,2.4068628248492214e-05,1.6638104157386555e-05,calm
2012-03-20,2.2807396303316414e-05,5.581357967756558e-05,calm
2012-03-21,2.9907764009309356e-05,1.914050799625005e-05,calm
2012-03-22,2.651445470317445e-05,6.554381363627071e-05,calm
2012-03-23,3.40197704774076e-05,1.822836193212128e-05,calm
2012-03-26,2.7921722796234607e-05,1.4486205955651356e-05,calm
2012-03-27,2.3300738684482035e-05,3.343567585038475e-05,calm
2012-03-28,2.6816448241637843e-05,6.522909326620424e-05,calm
2012-03-29,3.4937178457316044e-05,3.4114542105778865e-05,calm
2012-04-02,3.4011447959054545e-05,5.401224429395893e-05,calm
2012-04-03,3.757164162627893e-05,0.0001043920155054,calm
2012-04-04,5.195773872956449e-05,2.88664387758584e-05,calm
2012-04-09,4.1051140923585285e-05,6.519545757148817e-05,calm
2012-04-10,4.808236739789025e-05,0.000100789963319,calm
2012-04-11,6.492929983384864e-05,2.322062655091499e-05,calm
2012-04-12,4.8282168695718455e-05,5.24132766509063e-05,calm
2012-04-16,4.7317143987207555e-05,7.035723218302853e-05,calm
2012-04-17,5.564733178815762e-05,4.563386024921558e-05,calm
2012-04-18,5.11292520020022e-05,8.270253573773732e-05,calm
2012-04-19,5.9593591640286984e-05,4.030085771170916e-05,calm
2012-04-23,5.0914174697907955e-05,3.16168218105666e-05,calm
2012-04-24,4.3077986244944274e-05,0.0001329333352019,calm
2012-04-25,6.098439613269602e-05,2.2611473617518767e-05,calm
2012-04-26,4.230289356496832e-05,2.780944214487193e-05,calm
2012-04-30,3.602678801906319e-05,4.828298259863768e-05,calm
2012-05-01,3.956342633667078e-05,5.153086874016891e-05,calm
2012-05-02,4.2374361888693015e-05,4.010644912318834e-05,calm
2012-05-03,4.096417791795582e-05,7.119435687576865e-05,calm
2012-05-07,4.8085337882360746e-05,0.0001023715795135,calm
2012-05-08,6.209927952195422e-05,0.000186740057948,calm
2012-05-09,8.807043440103621e-05,0.0001030743643289,calm
2012-05-10,8.917841777905502e-05,6.997402066982703e-05,calm
2012-05-14,7.356335583955933e-05,6.232345062955374e-05,calm
2012-05-15,6.712874980697542e-05,7.900807976602752e-05,calm
2012-05-16,7.086523305361733e-05,8.598359078272735e-05,calm
2012-05-17,7.605304564742021e-05,8.786943632652968e-05,calm
2012-05-21,8.330703186095411e-05,8.606340842957042e-05,calm
2012-05-22,8.392339368200714e-05,0.000116506120944,calm
2012-05-23,9.594381178222412e-05,8.10139927381339e-05,calm
2012-05-24,8.904263822817523e-05,3.613137488977965e-05,calm
2012-05-29,6.249189167176139e-05,0.0001260042564746,calm
2012-05-30,7.484533814191652e-05,8.768275048546974e-05,calm
2012-05-31,8.342317631177122e-05,0.0002236695020505,calm
2012-06-04,0.00012220475429211686,5.389168714864125e-05,calm
2012-06-05,9.657902770945607e-05,8.9599882911639e-05,calm
2012-06-06,9.027764176662154e-05,0.0001433450163523,calm
2012-06-07,9.726224759339054e-05,4.9615283872675954e-05,calm
2012-06-11,7.60255321276599e-05,8.263207359359059e-05,calm
2012-06-12,7.846042004397735e-05,8.540430263374963e-05,calm
2012-06-13,7.980329894113137e-05,8.915835495878956e-05,calm
2012-06-14,8.611850404577291e-05,3.5724534121877355e-05,calm
2012-06-18,6.234643791630275e-05,5.8111292578117935e-05,calm
2012-06-19,5.5549002202834885e-05,7.656060070234522e-05,calm
2012-06-20,5.7502401065128956e-05,6.76862166962777e-05,calm
2012-06-21,5.6516940808740414e-05,4.263915162794018e-05,calm
2012-06-25,5.140142768418355e-05,4.860012022850214e-05,calm
2012-06-26,5.279828919030255e-05,4.135767106026526e-05,calm
2012-06-27,5.1004950568218175e-05,0.0001272586548154,calm
2012-06-28,6.831086506976636e-05,0.000244701141918,calm
2012-07-02,0.00010270180357470789,1.4775053544635136e-05,calm
2012-07-05,5.327194809714315e-05,0.0001033687487941,calm
2012-07-09,5.914675305454894e-05,7.665336108707708e-05,calm
2012-07-10,6.053521261124527e-05,5.666221507189737e-05,calm
2012-07-11,5.6671214573334144e-05,0.0001008161472533,calm
2012-07-12,6.392745875918494e-05,5.0072674235071045e-05,calm
2012-07-16,5.632305559402724e-05,9.070389177571732e-05,calm
2012-07-17,6.005823619845099e-05,2.8421573425301804e-05,calm
2012-07-18,4.442999166462848e-05,3.598985667629793e-05,calm
2012-07-19,3.9111606183234575e-05,5.518798239174988e-05,calm
2012-07-23,4.09545335544396e-05,7.654682237739664e-05,calm
2012-07-24,4.970985359253013e-05,5.978383074313445e-05,calm
2012-07-25,5.476162486881944e-05,0.0003058355428357,calm
2012-07-26,9.482553338871452e-05,8.342990921611934e-05,calm
2012-07-30,8.483770187525144e-05,3.496929008963927e-05,calm
2012-07-31,6.15980908060161e-05,6.843387634041e-05,calm
2012-08-01,5.9786168485845724e-05,0.0001298245382131,calm
2012-08-02,7.267051901505509e-05,0.0002096643767229,calm
2012-08-06,9.381934253500605e-05,3.391164081453909e-05,calm
2012-08-07,6.197263174112714e-05,2.5739623613498164e-05,calm
2012-08-08,4.3147641080417e-05,1.835847287304024e-05,calm
2012-08-09,3.229054279093732e-05,3.89736578095405e-05,calm
2012-08-13,3.277919927279518e-05,2.365541729874731e-05,calm
2012-08-14,2.9218353338055836e-05,1.177752167494828e-05,calm
2012-08-15,2.4063196969324853e-05,1.3425341025138576e-05,calm
2012-08-16,2.2036789295305974e-05,7.001791764425687e-06,calm
2012-08-20,1.8878811816491917e-05,3.3930663858682106e-05,calm
2012-08-21,2.2928637167679053e-05,3.7089232017258735e-05,calm
2012-08-22,2.7015480917696675e-05,3.984932732470013e-05,calm
2012-08-23,3.0474581388121185e-05,2.689926562398257e-05,calm
2012-08-27,2.9901355799113327e-05,2.5538017095215568e-05,calm
2012-08-28,2.9514355570255015e-05,1.2040171559416912e-05,calm
2012-08-29,2.4576540104156803e-05,4.755492678973102e-05,calm
2012-08-30,3.0349323296247917e-05,0.0001127480578983,calm
2012-09-04,4.531458928658044e-05,1.957833649500373e-05,calm
2012-09-05,3.64168592050151e-05,7.66222748124791e-05,calm
2012-09-06,4.5142061438100615e-05,1.133639571907586e-05,calm
2012-09-10,3.043334659649153e-05,1.5029954874582336e-05,calm
2012-09-11,2.7069217080987996e-05,2.601793789320067e-05,calm
2012-09-12,2.8338316447100886e-05,6.025276581838828e-05,calm
2012-09-13,3.572473331948519e-05,4.818068046913037e-05,calm
2012-09-17,3.815136274172637e-05,1.853772857602845e-05,calm
2012-09-18,3.1837561740704144e-05,2.38946300150818e-05,calm
2012-09-19,2.944877870609462e-05,4.416107314989428e-05,calm
2012-09-20,3.2399549659374954e-05,3.041274257982312e-05,calm
2012-09-24,3.1498541291567296e-05,3.423097793865492e-05,calm
2012-09-25,3.1662916680745176e-05,3.591889567568471e-05,calm
2012-09-26,3.273013537043982e-05,3.3672464761823935e-05,calm
2012-09-27,3.4096609962020664e-05,4.069027283187193e-05,calm
2012-10-01,3.5402256862470554e-05,4.984070856673392e-05,calm
2012-10-02,3.9526046120496556e-05,3.138067474574152e-05,calm
2012-10-03,3.664741983840688e-05,3.559074342526186e-05,calm
2012-10-04,3.545522699784782e-05,4.070417846334557e-05,calm
2012-10-08,3.549857101294779e-05,3.174823811372e-05,calm
2012-10-09,3.3855496286258664e-05,2.5290673266691225e-05,calm
2012-10-10,3.150972464845012e-05,6.139073601278572e-05,calm
2012-10-11,3.841431731926298e-05,2.5330098632767508e-05,calm
2012-10-15,3.5002802127673366e-05,2.785233746867163e-05,calm
2012-10-16,3.2760580550048354e-05,1.5745012037851736e-05,calm
2012-10-17,2.7771214388077216e-05,3.540957238847098e-05,calm
2012-10-18,2.9997560656798905e-05,6.018656731008063e-05,calm
2012-10-22,3.634194773493485e-05,0.0001765566189366,calm
2012-10-23,5.7699819550633965e-05,5.429834793092829e-05,calm
2012-10-24,5.8981011041356506e-05,0.0001083287131471,calm
2012-10-25,7.170119609327364e-05,6.296278117322756e-05,calm
2012-10-31,6.829482048135475e-05,5.3407105091254416e-05,calm
2012-11-01,6.140561386100914e-05,3.741028092080471e-05,calm
2012-11-02,4.956438186779096e-05,4.516433823150892e-05,calm
2012-11-05,4.6295497133323795e-05,2.421946598864764e-05,calm
2012-11-06,3.891208752716362e-05,4.121185366659854e-05,calm
2012-11-07,3.880722893574248e-05,0.0002762342394764,calm
2012-11-08,6.839856395008051e-05,6.673557381500837e-05,calm
2012-11-09,7.37102730610742e-05,8.893758769889924e-05,calm
2012-11-12,8.026110050512984e-05,2.352204228345602e-05,calm
2012-11-13,5.525156704265324e-05,8.837113898340802e-05,calm
2012-11-14,5.849815669510889e-05,7.852655197722172e-05,calm
2012-11-15,6.132911988830232e-05,7.456799350022986e-05,calm
2012-11-16,6.368845221303525e-05,8.976071102457922e-05,calm
2012-11-19,6.756915120324974e-05,0.0001683007005373,calm
2012-11-20,8.06201559246661e-05,6.227230808902253e-05,calm
2012-11-21,7.2480583680815e-05,1.328067877673953e-05,calm
2012-11-23,4.501706407733303e-05,3.335191367277284e-05,calm
2012-11-26,3.920989878255337e-05,5.280680884305069e-05,calm
2012-11-27,4.142554076659292e-05,4.583094631916258e-05,calm
2012-11-28,4.2511240783705766e-05,9.923239501647353e-05,calm
2012-11-29,5.27492585009431e-05,8.122214576298956e-05,calm
2012-11-30,5.86271437942156e-05,2.621522388862159e-05,calm
2012-12-03,4.685169884450581e-05,5.716781444643248e-05,calm
2012-12-04,4.78797335783082e-05,3.79428950117525e-05,calm
2012-12-05,4.456361511372722e-05,4.688735870652034e-05,calm
2012-12-06,4.409643759976654e-05,2.7822664154467448e-05,calm
2012-12-07,3.874240446125649e-05,3.756443941463415e-05,calm
2012-12-10,3.768122517545286e-05,1.6628014326916485e-05,calm
2012-12-11,3.109715806726347e-05,3.905595044054508e-05,calm
2012-12-12,3.276120449219801e-05,3.2103749187647705e-05,calm
2012-12-13,3.324987121005697e-05,3.012319856349701e-05,calm
2012-12-14,3.326728507782168e-05,3.0831574839044194e-05,calm
2012-12-17,3.37896448017381e-05,3.437120072587716e-05,calm
2012-12-18,3.4689863904529585e-05,2.75084785744669e-05,calm
2012-12-19,3.2990605129705595e-05,2.5230850792668583e-05,calm
2012-12-20,3.259100615546206e-05,3.234237026769193e-05,calm
2012-12-21,3.4394630628020476e-05,0.0001528189940996,calm
2012-12-24,5.52216080949748e-05,9.387796808350876e-06,calm
2012-12-26,3.6170027232504596e-05,2.229001460692664e-05,calm
2012-12-27,3.382087918417255e-05,7.522437191522163e-05,calm
2012-12-28,4.4733218069360475e-05,6.864994577711682e-05,calm
2012-12-31,5.5914536286983104e-05,9.9800112962042e-05,calm
2013-01-02,6.627708187420921e-05,0.0003998754125332,calm
2013-01-03,0.00010764906205939592,2.877280132531701e-05,calm
2013-01-04,7.162839289216649e-05,2.059038508901497e-05,calm
2013-01-07,4.686380116493003e-05,3.326206726152528e-05,calm
2013-01-08,4.0026444443263136e-05,2.154543356157129e-05,calm
2013-01-09,3.3136405767581186e-05,1.9297589354295653e-05,calm
2013-01-10,2.9082044000736005e-05,2.0224199506513203e-05,calm
2013-01-11,2.7118806516336538e-05,1.058118454845889e-05,calm
2013-01-14,2.3106882059906457e-05,1.5782705881397227e-05,calm
2013-01-15,2.2612387374094312e-05,2.837754542255928e-05,calm
2013-01-16,2.513224840600915e-05,1.355334985286304e-05,calm
2013-01-17,2.2962867403856164e-05,2.429108862798138e-05,calm
2013-01-18,2.4442243653621446e-05,1.2861965032070728e-05,calm
2013-01-22,2.1824969987639224e-05,1.2411988371334658e-05,calm
2013-01-23,2.0463768003902546e-05,7.592427693681032e-06,calm
2013-01-24,1.836133149715498e-05,1.8827176710806687e-05,calm
2013-01-25,1.9545056138941027e-05,3.02764226577382e-05,calm
2013-01-28,2.2317623304968704e-05,1.262825579769491e-05,calm
2013-01-29,2.105510116676323e-05,1.6187684869431636e-05,calm
2013-01-30,2.0953244456455157e-05,2.09092179074234e-05,calm
2013-01-31,2.207270920983251e-05,2.9371916164567862e-05,calm
2013-02-01,2.4453931606033535e-05,4.667615910969572e-05,calm
2013-02-04,2.857728458816388e-05,5.3222324391733134e-05,calm
2013-02-05,3.4176144427594375e-05,4.338277753248456e-05,calm
2013-02-06,3.679996894387034e-05,3.696884506327915e-05,calm
2013-02-07,3.6825211958376185e-05,3.553096924931811e-05,calm
2013-02-08,3.5831350703285886e-05,1.4858985533263876e-05,calm
2013-02-11,2.8707855440549544e-05,8.239588701751283e-06,calm
2013-02-12,2.2505609530647586e-05,7.453805186752834e-06,calm
2013-02-13,1.9169499040791308e-05,1.842833059757055e-05,calm
2013-02-14,1.9902019592222495e-05,2.3600096409362045e-05,calm
2013-02-15,2.140435116736163e-05,1.883684365720955e-05,calm
2013-02-19,2.1585521958613844e-05,1.4263749582525975e-05,calm
2013-02-20,2.0636293184174645e-05,2.414955318655678e-05,calm
2013-02-21,2.2236175032522217e-05,5.206624911544685e-05,calm
2013-02-22,2.8912662715360884e-05,4.186252501170508e-05,calm
2013-02-25,3.255889229643325e-05,8.787405534139898e-05,calm
2013-02-26,4.588885943842764e-05,7.180103692033423e-05,calm
2013-02-27,5.5913080710877805e-05,3.30599284682281e-05,calm
2013-02-28,4.841016348663722e-05,3.1437288786903195e-05,calm
2013-03-01,4.281957053749025e-05,8.625860729561744e-05,calm
2013-03-04,5.0246553157840835e-05,2.7543344456191208e-05,calm
2013-03-05,4.1145585676140676e-05,5.865733896844221e-05,calm
2013-03-06,4.237487901879963e-05,2.3545224786428843e-05,calm
2013-03-07,3.515931137523157e-05,1.5450122880313302e-05,calm
2013-03-08,2.8058114358069954e-05,2.0637116211646523e-05,calm
2013-03-11,2.5638677751179273e-05,9.153525703416009e-06,calm
2013-03-12,2.0995240007417974e-05,1.7060011026442335e-05,calm
2013-03-13,2.070654469409067e-05,1.2882094535612389e-05,calm
2013-03-14,1.962029993562451e-05,1.3870996832820092e-05,calm
2013-03-15,1.909315553424922e-05,1.526929430908865e-05,calm
2013-03-18,1.911605322875764e-05,0.000119838337724,calm
2013-03-19,3.0206791617893404e-05,7.129016940563635e-05,calm
2013-03-20,3.85348275238273e-05,5.758186616021913e-05,calm
2013-03-21,4.157490106256661e-05,5.290476289765424e-05,calm
2013-03-22,4.044262343397982e-05,3.332018065767891e-05,calm
2013-03-25,3.619716454637429e-05,4.72878450823159e-05,calm
2013-03-26,3.831341496557233e-05,2.880351498297227e-05,calm
2013-03-27,3.2111468338931525e-05,6.680165414044689e-05,calm
2013-03-28,3.882328889763651e-05,1.258246753277589e-05,calm
2013-04-01,2.6755487743550725e-05,3.444092707341793e-05,calm
2013-04-02,2.92891506273942e-05,3.440428412456607e-05,calm
2013-04-03,2.9560874190065495e-05,4.033892637543374e-05,calm
2013-04-04,3.354391815636659e-05,0.0001931349366465,calm
2013-04-08,5.520307899489963e-05,2.3895552756355703e-05,calm
2013-04-09,3.6291619139155135e-05,3.6150123460505e-05,calm
2013-04-10,3.2324386650160474e-05,1.84645679879864e-05,calm
2013-04-11,2.668130555671136e-05,4.448918276009261e-05,calm
2013-04-15,3.0684102546109834e-05,7.275846560740251e-05,calm
2013-04-16,5.297328775364357e-05,0.0001302344265993,calm
2013-04-17,6.18043323551083e-05,6.784704614114405e-05,calm
2013-04-18,6.555124753399831e-05,3.899180621419903e-05,calm
2013-04-22,6.051256825485652e-05,0.0001851891684182,calm
2013-04-23,6.988996560706965e-05,1.427300166638192e-05,calm
2013-04-24,3.790077972022427e-05,2.610507571500376e-05,calm
2013-04-25,3.2561429554132365e-05,1.7877119257672902e-05,calm
2013-04-29,3.071519992600619e-05,2.2011346143895227e-05,calm
2013-04-30,2.9869293542340332e-05,3.603276479960991e-05,calm
2013-05-01,3.153888673404208e-05,2.494463825834536e-05,calm
2013-05-02,3.336485801715666e-05,0.0001080552857433,calm
2013-05-06,4.044463298983726e-05,1.6900373727138884e-05,calm
2013-05-07,3.178702334554209e-05,1.046981371066436e-05,calm
2013-05-08,2.3904265972823437e-05,2.6764550271978384e-05,calm
2013-05-09,2.3433046413715767e-05,2.903387023421825e-05,calm
2013-05-13,2.596502938669006e-05,1.920314015380076e-05,calm
2013-05-14,2.3107935648210572e-05,2.4073426285490263e-05,calm
2013-05-15,2.298120944678931e-05,3.1126669115749685e-05,calm
2013-05-16,2.5315832626307044e-05,2.180143436279464e-05,calm
2013-05-20,2.5125706891023273e-05,2.9020951579786607e-05,calm
2013-05-21,2.6014385401145814e-05,0.0001168216157796,calm
2013-05-22,4.061839687432407e-05,0.0001229516073117,calm
2013-05-23,5.2046670482086426e-05,3.206491142063691e-05,calm
2013-05-28,3.782210647113882e-05,6.382454937748322e-05,calm
2013-05-29,4.0846393280606217e-05,2.75371374106984e-05,calm
2013-05-30,3.511676478363526e-05,5.805129493504152e-05,calm
2013-06-03,3.83426486824737e-05,6.504352802033943e-05,calm
2013-06-04,4.90766674723968e-05,6.130013043479401e-05,calm
2013-06-05,4.668728921288224e-05,6.73316024556623e-05,calm
2013-06-06,5.0430293119217304e-05,4.783716672954495e-05,calm
2013-06-10,4.863118772223652e-05,0.0001185618538796,calm
2013-06-11,5.7487787611147275e-05,7.663961806763483e-05,calm
2013-06-12,6.112210647717095e-05,4.34500694535026e-05,calm
2013-06-13,5.666290958576652e-05,5.105118700065468e-05,calm
2013-06-17,5.0855532336005036e-05,1.816416879585006e-05,calm
2013-06-18,4.003227149872109e-05,0.0001116591987143,calm
2013-06-19,5.0109866091047585e-05,0.0001485521246127,calm
2013-06-20,6.43757614851996e-05,0.0001465848806463,calm
2013-06-24,8.767775959391984e-05,9.077030782176368e-05,calm
2013-06-25,9.255915132465161e-05,7.500695769578098e-05,calm
2013-06-26,8.45248385756792e-05,4.778856197437349e-05,calm
2013-06-27,6.890134808054371e-05,4.9997614505674e-05,calm
2013-07-01,5.980800424036183e-05,3.483440749125189e-05,calm
2013-07-02,4.9634025865627226e-05,3.332706049070701e-05,calm
2013-07-08,4.350477741723623e-05,2.329325994875133e-05,calm
2013-07-09,3.593678596791769e-05,4.5023152651635546e-05,calm
2013-07-10,3.603717225345267e-05,7.846823342796871e-05,calm
2013-07-11,4.1583261798312736e-05,1.213939712636634e-05,calm
2013-07-15,3.18972383581111e-05,1.2745217936119823e-05,calm
2013-07-16,2.5496785189903488e-05,2.273870207197657e-05,calm
2013-07-17,2.68293650320045e-05,1.4100411803922824e-05,calm
2013-07-18,2.39419835229002e-05,1.0021525079290436e-05,calm
2013-07-22,2.0641817766307003e-05,9.414115774175669e-06,calm
2013-07-23,1.7477295471176794e-05,1.7825523730800247e-05,calm
2013-07-24,1.8748105957383154e-05,2.1588335771644783e-05,calm
2013-07-25,2.1079570050498575e-05,2.809942874066389e-05,calm
2013-07-29,2.3264763856128285e-05,1.8720605010989987e-05,calm
2013-07-30,2.2829458622480675e-05,4.68155537409335e-05,calm
2013-07-31,2.8175434190483674e-05,5.5994048253715896e-05,calm
2013-08-01,3.4800897519253944e-05,9.618943555227105e-06,calm
2013-08-05,2.345070967757811e-05,1.565664522492551e-05,calm
2013-08-06,2.0880775701325733e-05,2.825318477902079e-05,calm
2013-08-07,2.4853688400526108e-05,2.3951829281094727e-05,calm
2013-08-08,2.6080486369045076e-05,1.99360314838056e-05,calm
2013-08-12,2.4492243877194398e-05,1.993458763119144e-05,calm
2013-08-13,2.3898151030395588e-05,1.883599974566273e-05,calm
2013-08-14,2.2816591612478282e-05,6.233391068710357e-05,calm
2013-08-15,3.187846187767664e-05,2.8891546149637337e-05,calm
2013-08-19,3.3351337870596504e-05,1.5212916813074897e-05,calm
2013-08-20,2.8420337732453666e-05,5.745000223594421e-05,calm
2013-08-21,3.610412363281111e-05,1.6766082942989694e-05,calm
2013-08-22,3.119223221609496e-05,1.3268962512877132e-05,calm
2013-08-26,2.5125117552618973e-05,7.525640805707829e-05,calm
2013-08-27,3.593337787592679e-05,2.261651924970445e-05,calm
2013-08-28,3.49761166464479e-05,2.413103326444652e-05,calm
2013-08-29,3.368430994059165e-05,5.153271462479877e-05,calm
2013-09-03,4.055357735268421e-05,2.234162660140374e-05,calm
2013-09-04,3.4487791330722063e-05,1.6898111084971323e-05,calm
2013-09-05,2.835700401001861e-05,7.434182323475571e-05,calm
2013-09-09,3.793586976412359e-05,2.229045233475752e-05,calm
2013-09-10,3.2626658219151244e-05,1.1983048725361513e-05,calm
2013-09-11,2.4985787564576135e-05,1.252915781934448e-05,calm
2013-09-12,2.1969491873711438e-05,1.1283075281249904e-05,calm
2013-09-16,2.1049323827744426e-05,6.368149607941947e-06,calm
2013-09-17,1.8664428853211186e-05,5.711972906627449e-05,calm
2013-09-18,2.6923369871735785e-05,1.7987318089862578e-05,calm
2013-09-19,2.4555478557044007e-05,1.8516697182988106e-05,calm
2013-09-23,2.3506031286810614e-05,1.847976451504069e-05,calm
2013-09-24,2.4671483081016424e-05,3.24623538010949e-05,calm
2013-09-25,2.780975190050648e-05,2.795398775058528e-05,calm
2013-09-26,2.8199355007678374e-05,2.5725205899953305e-05,calm
2013-09-30,2.6759557711854362e-05,3.313825455835051e-05,calm
2013-10-01,3.3281878857514055e-05,4.087825811056895e-05,calm
2013-10-02,3.411773806173529e-05,7.50730846501711e-05,calm
2013-10-03,4.441011208480235e-05,1.8972115776006096e-05,calm
2013-10-07,3.537685664551104e-05,4.9340451820817575e-05,calm
2013-10-08,4.587697502091202e-05,4.818721755251e-05,calm
2013-10-09,5.281596956451604e-05,9.850877046576063e-05,calm
2013-10-10,6.371974420127025e-05,2.332178400830896e-05,calm
2013-10-14,3.661143001638161e-05,5.4461087311235945e-05,calm
2013-10-15,4.169562945203978e-05,5.886075662534087e-05,calm
2013-10-16,5.9125703157188604e-05,2.33430367157146e-05,calm
2013-10-17,3.5429315930957816e-05,1.6452412894633686e-05,calm
2013-10-21,2.6556816093588945e-05,2.9907462655190705e-05,calm
2013-10-22,2.7260156836203292e-05,2.9454228312545457e-05,calm
2013-10-23,2.8186271285190073e-05,1.299103802915796e-05,calm
2013-10-24,2.3754027854546404e-05,9.513243224253696e-06,calm
2013-10-28,1.958430705031462e-05,9.52664751961964e-06,calm
2013-10-29,1.7725235451444393e-05,1.640520228721243e-05,calm
2013-10-30,1.8528346145888116e-05,3.528202092481608e-05,calm
2013-10-31,2.3365532810140586e-05,3.061737410680147e-05,calm
2013-11-01,2.6344971696165202e-05,3.289620876110868e-05,calm
2013-11-04,2.693683924832219e-05,1.3421313021209632e-05,calm
2013-11-05,2.1593240636239296e-05,2.015868145506784e-05,calm
2013-11-06,2.1897182065997523e-05,1.902453704639641e-05,calm
2013-11-07,2.131969574414723e-05,3.858023697859154e-05,calm
2013-11-08,2.7441218971433156e-05,3.4576145673068906e-05,calm
2013-11-11,2.877270804251589e-05,1.132367533256425e-05,calm
2013-11-12,2.2054750262901338e-05,2.411372822156397e-05,calm
2013-11-13,2.3561791055630526e-05,2.0346271791553305e-05,calm
2013-11-14,2.305955802663005e-05,2.033830996724199e-05,calm
2013-11-15,2.255785886988396e-05,6.290719167204106e-06,calm
2013-11-18,1.7426470155049623e-05,2.259103607789826e-05,calm
2013-11-19,2.075220813261604e-05,3.033770148641362e-05,calm
2013-11-20,2.4927886038589585e-05,3.934409664273176e-05,calm
2013-11-21,2.86121367577926e-05,1.867593989167085e-05,calm
2013-11-22,2.3931588248965884e-05,6.013575982382761e-06,calm
2013-11-25,1.7418366238172207e-05,7.814411027034557e-06,calm
2013-11-26,1.6491425311301757e-05,9.038872724685283e-06,calm
2013-11-27,1.642279462048529e-05,5.7965562825262354e-06,calm
2013-11-29,1.5147071328638394e-05,8.007068260551874e-06,calm
2013-12-02,1.568448946500438e-05,1.342522449108462e-05,calm
2013-12-03,1.7848694632198095e-05,2.3429564339732177e-05,calm
2013-12-04,2.1736122416433513e-05,5.936140594044209e-05,calm
2013-12-05,3.105631560333815e-05,2.9109590566727915e-05,calm
2013-12-06,3.0529865570491576e-05,6.818695392308636e-05,calm
2013-12-09,3.487343082869011e-05,1.1847332482892784e-05,calm
2013-12-10,2.3932008101404754e-05,1.0922272434705454e-05,calm
2013-12-11,2.0362562010855184e-05,2.782344446188182e-05,calm
2013-12-12,2.653593533274488e-05,2.9904560948995533e-05,calm
2013-12-13,3.0577700367161336e-05,2.07722015527102e-05,calm
2013-12-16,2.8508597834658093e-05,4.439311236062338e-05,calm
2013-12-17,3.3810693424432115e-05,1.9321715141071185e-05,calm
2013-12-18,2.9518947791174544e-05,0.0001008888549621,calm
2013-12-19,3.683776922325497e-05,1.743028477614924e-05,calm
2013-12-20,2.9099186087972174e-05,1.210992995418827e-05,calm
2013-12-23,2.2428447914214355e-05,1.2532225610432078e-05,calm
2013-12-24,1.965363793638341e-05,1.621000604694435e-06,calm
2013-12-26,1.3598158045350901e-05,4.391827701393773e-06,calm
2013-12-27,1.2506964281752708e-05,5.107946832032988e-06,calm
2013-12-30,1.2687620728940293e-05,3.0790409775692065e-06,calm
2013-12-31,1.249291179446131e-05,7.969681062367858e-06,calm
2014-01-02,1.361505068423055e-05,3.255498217488599e-05,calm
2014-01-03,1.9747769127332047e-05,1.6415690871481668e-05,calm
2014-01-06,2.0218039517155687e-05,2.8232603597865537e-05,calm
2014-01-07,2.246098317414734e-05,1.5213536311641647e-05,calm
2014-01-08,1.9958223120033823e-05,2.5493329426504343e-05,calm
2014-01-09,2.1636791997757606e-05,2.006325441956697e-05,calm
2014-01-10,2.1644291276203045e-05,1.74566389027895e-05,calm
2014-01-13,1.9770311231424546e-05,2.2327287699645443e-05,calm
2014-01-14,2.2309875058075543e-05,2.4486920946960045e-05,calm
2014-01-15,2.2845638246535503e-05,1.5194090114100053e-05,calm
2014-01-16,2.094605939101306e-05,1.383576628292614e-05,calm
2014-01-17,1.994325722167626e-05,1.3147471880133677e-05,calm
2014-01-21,1.9015361514731738e-05,4.4313197711422674e-05,calm
2014-01-22,2.550538774357819e-05,9.843199115575172e-06,calm
2014-01-23,2.039169701930392e-05,5.075610160738533e-05,calm
2014-01-24,2.7762630999654135e-05,8.223232190305382e-05,calm
2014-01-27,5.46514613592535e-05,6.582663305254619e-05,calm
2014-01-28,5.7707398409751135e-05,2.826139733786185e-05,calm
2014-01-29,3.6408686302310115e-05,0.0001086141458709,calm
2014-01-30,5.59000365459624e-05,6.086281479405956e-05,calm
2014-01-31,5.645880396125372e-05,0.0001220234512135,calm
2014-02-03,7.385068485785506e-05,9.347750947434678e-05,calm
2014-02-04,9.659432601087607e-05,6.723097597798058e-05,calm
2014-02-05,7.19812073931444e-05,8.59228728036382e-05,calm
2014-02-06,8.032583058303932e-05,3.108233233136862e-05,calm
2014-02-07,4.6700634962130845e-05,4.273847213232206e-05,calm
2014-02-10,3.724400902607772e-05,9.764488430791248e-06,calm
2014-02-11,2.7234411976944062e-05,1.7329855172087688e-05,calm
2014-02-12,2.3462689310507172e-05,2.1005101743389755e-05,calm
2014-02-13,2.357338160023831e-05,2.4270841032429988e-05,calm
2014-02-14,2.442282951377787e-05,1.4683413929556131e-05,calm
2014-02-18,2.1814250138203497e-05,1.2511295189463475e-05,calm
2014-02-19,2.0189296750720323e-05,2.9636052533792185e-05,calm
2014-02-20,2.5420484181951372e-05,2.6279029763340085e-05,calm
2014-02-21,2.596569140068673e-05,1.6938636396276435e-05,calm
2014-02-24,2.3417348039706795e-05,3.39708807950838e-05,calm
2014-02-25,2.4866794205455804e-05,3.2277348614820194e-05,calm
2014-02-26,2.5636309180075093e-05,2.9930726015769184e-05,calm
2014-02-27,2.7187404184640793e-05,2.751119505590636e-05,calm
2014-02-28,2.5916345780625057e-05,3.734304790226732e-05,calm
2014-03-03,2.7763900640393998e-05,8.342618306575553e-05,calm
2014-03-04,4.3939648053748055e-05,9.3614935484596e-05,calm
2014-03-05,4.572551686874807e-05,1.7253413593025153e-05,calm
2014-03-06,2.9093892928905466e-05,1.632783587567663e-05,calm
2014-03-07,2.4602129836378715e-05,3.0768694494235355e-05,calm
2014-03-10,2.7199186942644844e-05,2.25765886549322e-05,calm
2014-03-11,2.671449178645698e-05,2.5070371853746097e-05,calm
2014-03-12,2.7642679417629816e-05,4.582604649869859e-05,calm
2014-03-13,3.1307202915336034e-05,5.3405591768386525e-05,calm
2014-03-14,4.0746339452949676e-05,4.645109377820266e-05,calm
2014-03-17,4.809484896620903e-05,5.589180602092489e-05,calm
2014-03-18,4.0454035842549505e-05,2.3263023353014805e-05,calm
2014-03-19,2.9368169550077595e-05,5.737088070832004e-05,calm
2014-03-20,3.655201950780418e-05,2.949287112236503e-05,calm
2014-03-21,3.2784532258337356e-05,5.056763880684458e-05,calm
2014-03-24,3.6739513533326453e-05,4.8363864278947446e-05,calm
2014-03-25,3.9188437414742466e-05,5.831252666388808e-05,calm
2014-03-26,3.783109829120972e-05,4.157790890410236e-05,calm
2014-03-27,3.808819529058518e-05,6.379952705465706e-05,calm
2014-03-28,4.11556298761889e-05,3.804033180967874e-05,calm
2014-03-31,3.645795693450525e-05,2.269375051233956e-05,calm
2014-04-01,2.8678069175630436e-05,1.3909287911723622e-05,calm
2014-04-02,2.253303586682633e-05,1.4625970831712455e-05,calm
2014-04-03,2.1135891142944302e-05,6.011205235983724e-05,calm
2014-04-07,2.9330681170730626e-05,3.9192443304214673e-05,calm
2014-04-08,3.8032562001593054e-05,2.993915332631872e-05,calm
2014-04-09,3.411699261783391e-05,6.909755602998558e-05,calm
2014-04-10,3.657285284649306e-05,0.0001014775653329,calm
2014-04-14,5.43281888487288e-05,8.425775870122111e-05,calm
2014-04-15,6.228785899676304e-05,4.70572752713774e-05,calm
2014-04-16,4.9321318648231144e-05,2.2433936352456448e-05,calm
2014-04-21,3.283383479753054e-05,1.0764188861432677e-05,calm
2014-04-22,2.4054251089314973e-05,1.3286724420686067e-05,calm
2014-04-23,2.2275854276029354e-05,3.470482849251508e-05,calm
2014-04-24,2.5666420609420646e-05,3.438580766340725e-05,calm
2014-04-28,2.822775963240785e-05,2.5018948125162e-05,calm
2014-04-29,2.887920060013531e-05,2.4780821503217164e-05,calm
2014-04-30,2.7179887887709368e-05,2.035526524518403e-05,calm
2014-05-01,2.473148592138968e-05,3.165960800692476e-05,calm
2014-05-05,2.5828333658110005e-05,2.632450172204425e-05,calm
2014-05-06,2.5904802970407574e-05,8.045673224661617e-05,calm
2014-05-07,3.559779720112438e-05,2.6975789732296e-05,calm
2014-05-08,3.058112191388784e-05,3.1153749602300084e-05,calm
2014-05-12,2.8793903027843684e-05,1.0046886386702469e-05,calm
2014-05-13,2.030337675054228e-05,1.5017947116438884e-05,calm
2014-05-14,1.9453255934826122e-05,4.776460280175509e-05,calm
2014-05-15,2.4970439006914852e-05,2.186866437842763e-05,calm
2014-05-19,2.6296333600612907e-05,2.740339562849116e-05,calm
2014-05-20,2.5292156501203945e-05,2.4424051146246227e-05,calm
2014-05-21,2.577813163730875e-05,9.102822141658089e-06,calm
2014-05-22,1.922245073785641e-05,4.2404805931385175e-06,calm
2014-05-27,1.5405938769340776e-05,8.592864800407318e-06,calm
2014-05-28,1.4542659254832647e-05,1.3170070810721676e-05,calm
2014-05-29,1.580982803565909e-05,8.388390980888676e-06,calm
2014-06-02,1.5252138653746578e-05,9.464119302739543e-06,calm
2014-06-03,1.5177980363110696e-05,8.651989023105447e-06,calm
2014-06-04,1.52403457359142e-05,1.5215754666660785e-05,calm
2014-06-05,1.690972956659203e-05,7.234254948140449e-06,calm
2014-06-09,1.5264734394225247e-05,8.821032854256658e-06,calm
2014-06-10,1.4497936786462496e-05,1.692376753719989e-05,calm
2014-06-11,1.6090098834640623e-05,1.749788437222487e-05,calm
2014-06-12,1.829090179704175e-05,1.886188346007451e-05,calm
2014-06-16,2.0892503788100957e-05,1.3773249344453452e-05,calm
2014-06-17,2.035254279123458e-05,1.7581724974053463e-05,calm
2014-06-18,1.9860282871957313e-05,8.484442864586072e-06,calm
2014-06-19,1.585319346345613e-05,5.449514293107676e-06,calm
2014-06-23,1.3923353000146204e-05,1.863857961832542e-05,calm
2014-06-24,1.600970029592487e-05,1.432986159269898e-05,calm
2014-06-25,1.81163219463195e-05,2.4629849857391726e-05,calm
2014-06-26,2.0017267747565074e-05,1.2557713804722656e-05,calm
2014-06-30,1.851656306395551e-05,1.3610707222866602e-05,calm
2014-07-01,1.7882035231274762e-05,6.839116085277049e-06,calm
2014-07-02,1.5242222837869135e-05,1.0068894848068287e-05,calm
2014-07-07,1.48716239139384e-05,3.124160500741984e-05,calm
2014-07-08,1.9398603841994147e-05,2.0993975664375785e-05,calm
2014-07-09,2.1390271148510153e-05,5.79303587850029e-05,calm
2014-07-10,2.7224222238677052e-05,1.2309458931595492e-05,calm
2014-07-14,2.2791780819950993e-05,2.903549418137704e-05,calm
2014-07-15,2.2915477691297817e-05,1.998787822237521e-05,calm
2014-07-16,2.215218803232767e-05,4.120691073105928e-05,calm
2014-07-17,2.4051643849875203e-05,1.5824295009948178e-05,calm
2014-07-21,2.669546588322822e-05,1.4176089147610271e-05,calm
2014-07-22,2.1846635634736388e-05,6.378217361452572e-06,calm
2014-07-23,1.6865951862784382e-05,7.606670122782801e-06,calm
2014-07-24,1.4895025044307139e-05,1.8742695439256283e-05,calm
2014-07-28,1.7259368980291777e-05,2.102882084133566e-05,calm
2014-07-29,2.030097885241976e-05,3.673981415625514e-05,calm
2014-07-30,2.569988437344467e-05,7.498894714816631e-05,calm
2014-07-31,3.417804568501944e-05,6.929399510765835e-05,calm
2014-08-04,4.985092655751383e-05,7.863206028977103e-05,calm
2014-08-05,5.0713383862789334e-05,4.5570976655233086e-05,calm
2014-08-06,4.995836751459675e-05,5.089090869846185e-05,calm
2014-08-07,4.6831456287450544e-05,2.661382053678212e-05,calm
2014-08-11,3.850443270553716e-05,2.188207537404568e-05,calm
2014-08-12,2.7227462548363773e-05,2.099890876524209e-05,calm
2014-08-13,2.4771859847895657e-05,7.072120466657227e-06,calm
2014-08-14,1.7831660183502456e-05,5.6227623810201833e-05,calm
2014-08-18,2.3312397539077384e-05,6.480536481918808e-06,calm
2014-08-19,1.8029217360859092e-05,9.097529504986305e-06,calm
2014-08-20,1.616437559193855e-05,8.385063712147303e-06,calm
2014-08-21,1.4920995352709501e-05,1.8212536754611167e-05,calm
2014-08-25,1.6588746077389618e-05,5.645300098606631e-06,calm
2014-08-26,1.4557124494207052e-05,5.8310826444656175e-06,calm
2014-08-27,1.335227749712074e-05,1.6234288012210944e-05,calm
2014-08-28,1.527888119930903e-05,6.446305148309068e-06,calm
2014-09-02,1.4533171688676545e-05,1.3796866691156124e-05,calm
2014-09-03,1.5837802463980117e-05,1.67219452967307e-05,calm
2014-09-04,1.7535713373079447e-05,2.0915204961527645e-05,calm
2014-09-08,1.9716759218190034e-05,2.850033914434904e-05,calm
2014-09-09,2.2363580205491056e-05,2.705961954332965e-05,calm
2014-09-10,2.489073949540394e-05,1.85173998252606e-05,calm
2014-09-11,2.258605524379643e-05,2.251821818721897e-05,calm
2014-09-15,2.260443239031483e-05,1.941083603279793e-05,calm
2014-09-16,2.4026254753956703e-05,5.142244194020097e-05,calm
2014-09-17,2.7477983667817788e-05,1.3719309955959049e-05,calm
2014-09-18,2.214942924808135e-05,2.09178966687388e-05,calm
2014-09-22,2.1158133885106275e-05,2.4309875219891143e-05,calm
2014-09-23,2.4720521151034356e-05,1.6788985486162414e-05,calm
2014-09-24,2.563145616382089e-05,4.951358249980574e-05,calm
2014-09-25,2.8528800766191e-05,3.5827378454109e-05,calm
2014-09-29,3.4521753716442303e-05,3.650771411318751e-05,calm
2014-09-30,3.7965232163806144e-05,6.01365152988437e-05,calm
2014-10-01,4.397547911519467e-05,5.608382923733591e-05,calm
2014-10-02,4.6051101707839406e-05,6.535619598575353e-05,calm
2014-10-06,4.745183554218733e-05,7.375765281718454e-05,calm
2014-10-07,4.737364956488672e-05,7.971506319761429e-05,calm
2014-10-08,5.8235504299788575e-05,0.0001093480946014,calm
2014-10-09,5.7697110366285575e-05,0.0001223166848744,calm
2014-10-13,9.263003702644635e-05,0.0001526990445934,calm
2014-10-14,0.00018673777703050854,0.0005307264971161,calm
2014-10-15,0.00021929581904789946,0.0002749281377898,calm
2014-10-16,0.0002178456726576732,0.000156196230029,calm
2014-10-20,0.0001652849008496004,5.620975112275648e-05,calm
2014-10-21,6.309910035708992e-05,5.541257042816844e-05,calm
2014-10-22,4.7797127578838095e-05,0.0001064367330651,calm
2014-10-23,7.465463033948237e-05,3.491652911047621e-05,calm
2014-10-27,5.1253639835104494e-05,3.94462981019674e-05,calm
2014-10-28,4.276090288413073e-05,2.640519783716124e-05,calm
2014-10-29,3.147432399700912e-05,5.146028045535702e-05,calm
2014-10-30,3.674611558234217e-05,3.1466216554577235e-05,calm
2014-10-31,3.3262800322588645e-05,5.483653212687467e-05,calm
2014-11-03,3.474237103869446e-05,2.1125208524310976e-05,calm
2014-11-04,3.214470458054498e-05,2.73830339535074e-05,calm
2014-11-05,3.095110791421675e-05,3.47817030207061e-05,calm
2014-11-06,2.9629978191703437e-05,1.597485561648219e-05,calm
2014-11-07,2.404398778723017e-05,2.016683299168648e-05,calm
2014-11-10,2.179442861745492e-05,8.090917041470939e-06,calm
2014-11-11,1.740879772911718e-05,6.695128713459507e-06,calm
2014-11-12,1.5340200706046264e-05,1.645304972780246e-05,calm
2014-11-13,1.6773974594153945e-05,2.5777811880382216e-05,calm
2014-11-14,2.097581060930429e-05,1.0501168117429346e-05,calm
2014-11-17,1.845368495744128e-05,1.265346858573244e-05,calm
2014-11-18,1.8437143898152596e-05,8.55520273583579e-06,calm
2014-11-19,1.6922586648631046e-05,2.6752144224125204e-05,calm
2014-11-20,2.0330484719327305e-05,1.4235862026734032e-05,calm
2014-11-21,1.9422321865598726e-05,4.36902068784148e-05,calm
2014-11-24,2.301044797998886e-05,9.238204628444869e-06,calm
2014-11-25,1.8536930539275683e-05,1.0962680270208904e-05,calm
2014-11-26,1.6675790127606753e-05,3.524644492703975e-06,calm
2014-11-28,1.3564614452539275e-05,9.071010000709348e-06,calm
2014-12-01,1.5268208066873372e-05,3.644206377736958e-05,calm
2014-12-02,2.240912753827122e-05,1.467920912453094e-05,calm
2014-12-03,1.998148315115307e-05,7.223047718103304e-06,calm
2014-12-04,1.6215435485077957e-05,1.8450776548168065e-05,calm
2014-12-05,1.786074683270712e-05,1.3303271100312171e-05,calm
2014-12-08,1.751084945452906e-05,3.0153752985374903e-05,calm
2014-12-09,2.437830975316597e-05,0.0001034389972265,calm
2014-12-10,4.146648761280981e-05,6.963512134630321e-05,calm
2014-12-11,5.805646473909595e-05,7.290374212756302e-05,calm
2014-12-12,7.120782161319288e-05,8.357577012523791e-05,calm
2014-12-15,7.754878142919386e-05,0.0001632180876829,calm
2014-12-16,9.284687983433024e-05,0.0001549156706396,calm
2014-12-17,0.00012741472917524266,0.0001654281486396,calm
2014-12-18,9.129057620860389e-05,0.0001069418422587,calm
2014-12-19,6.590107093267532e-05,3.47121798508516e-05,calm
2014-12-22,5.2734941777151477e-05,1.2439030651961284e-05,calm
2014-12-23,3.5483941088951104e-05,1.101391803077905e-05,calm
2014-12-24,2.768028860160253e-05,4.629956709643552e-06,calm
2014-12-26,2.0122531804489383e-05,6.353623343252677e-06,calm
2014-12-29,1.7498983153463806e-05,5.678652635523041e-06,calm
2014-12-30,1.6602400359510672e-05,9.05043589606688e-06,calm
2014-12-31,1.7448643763600455e-05,2.385971418313836e-05,calm
2015-01-02,2.5684775364481533e-05,8.393689872199112e-05,calm
2015-01-05,3.600071547471929e-05,7.000254995995878e-05,calm
2015-01-06,5.24595633288342e-05,0.0001109926003666,calm
2015-01-07,7.794715182637129e-05,8.179144119369233e-05,calm
2015-01-08,6.892323606296912e-05,7.158324341611025e-05,calm
2015-01-09,5.22576080956886e-05,6.252698796162382e-05,calm
2015-01-12,5.4095541737500226e-05,6.71807652791036e-05,calm
2015-01-13,6.847077283636942e-05,0.000218888303089,calm
2015-01-14,0.00010428653706403372,0.0001470620047225,calm
2015-01-15,0.0001095726415163084,0.0001033176826294,calm
2015-01-16,0.00010051177650998503,6.435800111118137e-05,calm
2015-01-20,7.364183641560668e-05,8.369506291613243e-05,calm
2015-01-21,6.772643610265618e-05,0.0001001386955847,calm
2015-01-22,6.662661666631436e-05,6.104666075791229e-05,calm
2015-01-23,4.8035711112088996e-05,2.490976373588993e-05,calm
2015-01-26,3.921680887619684e-05,3.0057934203207617e-05,calm
2015-01-27,3.441947604232929e-05,0.0001025980177656,calm
2015-01-28,5.3126113963935354e-05,9.283647280670598e-05,calm
2015-01-29,8.380905771956658e-05,8.760700992406689e-05,calm
2015-01-30,7.068894208113296e-05,9.797752443947122e-05,calm
2015-02-02,8.604265695566738e-05,0.0001178237333231,calm
2015-02-03,8.102343497404226e-05,8.8596027653597e-05,calm
2015-02-04,6.240238622169749e-05,6.655153789020657e-05,calm
2015-02-05,6.545172879759185e-05,3.3972660537892096e-05,calm
2015-02-06,4.7619426486760085e-05,4.128598070560855e-05,calm
2015-02-09,4.604925662117823e-05,3.361651919556129e-05,calm
2015-02-10,4.748602766181855e-05,3.876286406392712e-05,calm
2015-02-11,4.0210963650205615e-05,2.78865150141242e-05,calm
2015-02-12,3.511109255478125e-05,2.6327285900889857e-05,calm
2015-02-13,2.8920334344314906e-05,1.0438278218809913e-05,calm
2015-02-17,2.249060200400924e-05,1.5039672661446071e-05,calm
2015-02-18,2.3347426742147653e-05,1.9164217712056792e-05,calm
2015-02-19,2.231164356111672e-05,2.0193230038117703e-05,calm
2015-02-20,2.2244653639921925e-05,2.066686457517161e-05,calm
2015-02-23,2.081647330354724e-05,1.1293218266957847e-05,calm
2015-02-24,1.867442907319705e-05,1.0162144445371092e-05,calm
2015-02-25,1.629069727553655e-05,1.0110770873164508e-05,calm
2015-02-26,1.565394303303848e-05,1.9689896972825748e-05,calm
2015-02-27,1.7606548880539253e-05,1.2043023486016288e-05,calm
2015-03-02,1.6487341297499417e-05,7.116018987448756e-06,calm
2015-03-03,1.4452985895548141e-05,2.5070915753435683e-05,calm
2015-03-04,1.8602286718623957e-05,4.459268149640231e-05,calm
2015-03-05,2.5379954860026014e-05,1.2745205479720943e-05,calm
2015-03-06,2.1431885166326496e-05,5.4549013368688246e-05,calm
2015-03-09,2.9681045940951455e-05,1.5063698040724552e-05,calm
2015-03-10,2.6059187728851723e-05,7.056664450321935e-05,calm
2015-03-11,3.930610192889984e-05,3.489358340088534e-05,calm
2015-03-12,4.0808871975046265e-05,4.255188558676436e-05,calm
2015-03-13,3.601835550805517e-05,4.969189725334651e-05,calm
2015-03-16,3.9283941557741425e-05,2.7444917209027167e-05,calm
2015-03-17,3.387130250258764e-05,3.480892587259122e-05,calm
2015-03-18,3.4096552548609264e-05,0.00011055279768,calm
2015-03-19,4.1063438202124756e-05,3.058922211959946e-05,calm
2015-03-20,3.423467803480056e-05,4.436875030335914e-05,calm
2015-03-23,3.145780556712876e-05,1.395834852779248e-05,calm
2015-03-24,2.437435729046027e-05,2.033429525534712e-05,calm
2015-03-25,2.350882058180273e-05,4.7134516609593225e-05,calm
2015-03-26,3.332646896506024e-05,7.630798995416656e-05,calm
2015-03-27,4.585959399257398e-05,3.439986511001091e-05,calm
2015-03-30,3.722045525855182e-05,4.181476622511771e-05,calm
2015-03-31,3.332700617391587e-05,5.419297446997972e-05,calm
2015-04-01,3.936621988741044e-05,2.5949141038844264e-05,calm
2015-04-06,3.4169635350807106e-05,1.959745779644124e-05,calm
2015-04-07,2.7603457303311165e-05,5.159969699934312e-05,calm
2015-04-08,3.25495194311699e-05,3.572380251355154e-05,calm
2015-04-09,3.051952667802088e-05,8.039501302828337e-06,calm
2015-04-13,1.946886742702488e-05,2.765794121412613e-05,calm
2015-04-14,2.2634156263223773e-05,2.0081054133730803e-05,calm
2015-04-15,2.2711309988793545e-05,1.6663525728630253e-05,calm
2015-04-16,1.9956896445292763e-05,5.788914854298128e-05,calm
2015-04-20,2.5671345903100022e-05,2.051603514893473e-05,calm
2015-04-21,2.4605927638746e-05,2.10586152275771e-05,calm
2015-04-22,2.3636336748123014e-05,2.4385842428039166e-05,calm
2015-04-23,2.310640137908186e-05,1.0717125546176991e-05,calm
2015-04-27,1.8771115891213872e-05,4.1520945459929736e-05,calm
2015-04-28,2.4955568408655184e-05,4.38421116345614e-05,calm
2015-04-29,2.7860151579209556e-05,4.952650378701195e-05,calm
2015-04-30,3.2380144243202043e-05,4.525073403299557e-05,calm
2015-05-04,3.629499339340809e-05,3.256789883624878e-05,calm
2015-05-05,2.959965485986321e-05,8.591818382940415e-05,calm
2015-05-06,4.083796495280991e-05,3.141407626793183e-05,calm
2015-05-07,3.9422230636217735e-05,7.568705464551436e-05,calm
2015-05-11,4.5441449064644195e-05,6.69658147591283e-05,calm
2015-05-12,4.1239026754078014e-05,4.468006802821108e-05,calm
2015-05-13,3.6215555685948825e-05,3.0107705704906043e-05,calm
2015-05-14,3.125388710869909e-05,1.1470029429009245e-05,calm
2015-05-18,2.1445111534340854e-05,9.760751055191765e-06,calm
2015-05-19,1.8443543869440236e-05,1.754118763974536e-05,calm
2015-05-20,2.0228118137615613e-05,7.831418272656655e-06,calm
2015-05-21,1.766895720037366e-05,1.0952655989474126e-05,calm
2015-05-26,1.640088962241702e-05,1.6205064646370083e-05,calm
2015-05-27,2.0348060458297537e-05,1.9273192356801182e-05,calm
2015-05-28,2.174925363775825e-05,2.867199437149248e-05,calm
2015-06-01,2.4626795578074415e-05,3.07227423688792e-05,calm
2015-06-02,2.76973251906294e-05,1.89164373129325e-05,calm
2015-06-03,2.5307584002139467e-05,4.535150293478719e-05,calm
2015-06-04,2.8692264249276986e-05,3.431814101928034e-05,calm
2015-06-08,3.114873702200057e-05,2.216471795533316e-05,calm
2015-06-09,2.9426160863037537e-05,3.8922308277426926e-05,calm
2015-06-10,3.0747834472407226e-05,1.979400300688283e-05,calm
2015-06-11,2.4512342228954314e-05,2.659360208940352e-05,calm
2015-06-15,2.4376571350227433e-05,2.778301017712598e-05,calm
2015-06-16,3.0316304805432144e-05,4.115871305973063e-05,calm
2015-06-17,3.355582159830267e-05,3.1951916864025484e-05,calm
2015-06-18,3.0936994136031325e-05,1.1177589964287142e-05,calm
2015-06-22,2.099075637431573e-05,1.04942336501249e-05,calm
2015-06-23,1.7974228920467036e-05,1.428193517801018e-05,calm
2015-06-24,1.7951243623563795e-05,1.679771930681694e-05,calm
2015-06-25,2.0218239715737276e-05,2.311201029177642e-05,calm
2015-06-29,2.375374695303177e-05,8.090298160519314e-05,calm
2015-06-30,4.9026788565453185e-05,5.972962644847797e-05,calm
2015-07-01,5.7539130695312096e-05,2.145616968626627e-05,calm
2015-07-06,3.475719363340081e-05,8.967051896085895e-05,calm
2015-07-07,4.70833635496722e-05,8.680027755391248e-05,calm
2015-07-08,5.291252632346067e-05,0.000172045206542,calm
2015-07-09,8.902654433530712e-05,0.0001261474397335,calm
2015-07-13,9.801403582088229e-05,5.898326706894606e-06,calm
2015-07-14,2.5535026561146063e-05,1.3534406511731926e-05,calm
2015-07-15,1.899950576487897e-05,1.564003693775467e-05,calm
2015-07-16,1.944022306280892e-05,5.875470183850092e-06,calm
2015-07-20,1.4973808142481737e-05,1.061416362282411e-05,calm
2015-07-21,1.4772883465518998e-05,1.8905256365101385e-05,calm
2015-07-22,1.6784085819367635e-05,1.5986097328116113e-05,calm
2015-07-23,1.733694771701654e-05,1.988811303397917e-05,calm
2015-07-27,1.9009201136860897e-05,2.887604567525071e-05,calm
2015-07-28,2.7347452207605086e-05,2.023068219141375e-05,calm
2015-07-29,2.314338823039492e-05,2.099638299948244e-05,calm
2015-07-30,2.0458831027916745e-05,1.4739562498244244e-05,calm
2015-08-03,1.851749711626336e-05,2.3256507331030107e-05,calm
2015-08-04,2.0615403303220696e-05,4.158276992357377e-05,calm
2015-08-05,2.617142540535906e-05,2.929247898906699e-05,calm
2015-08-06,2.5309981961882824e-05,3.3186791116096485e-05,calm
2015-08-10,2.8045314857750664e-05,6.761660146297476e-05,calm
2015-08-11,3.1223511041077764e-05,0.0001146473412212,calm
2015-08-12,4.621957804388158e-05,4.1283068586028896e-05,calm
2015-08-13,4.037173000336602e-05,1.654905366488865e-05,calm
2015-08-17,2.7612140315462482e-05,1.3557625861417415e-05,calm
2015-08-18,2.1917384456371744e-05,9.018282192045208e-05,calm
2015-08-19,3.568759995196443e-05,0.0001152339791299,calm
2015-08-20,5.3489360764675534e-05,0.0002313861763627,calm
2015-08-24,9.674874608991704e-05,0.0007348025234109,calm
2015-08-25,0.0006067654714527815,0.0008079402565357,calm
2015-08-26,0.0006569699946260002,0.0003596786887537,calm
2015-08-27,0.0003103395226999845,9.132358953607384e-05,calm
2015-08-31,0.00014893173746988422,0.0005039922901797,calm
2015-09-01,0.0002657871812476985,0.0002116034331781,calm
2015-09-02,0.00029758664431530805,9.859737401033296e-05,calm
2015-09-03,0.00015318347446321298,0.0002072764213693,calm
2015-09-08,0.00014891822195935595,0.0001241085372017,calm
2015-09-09,0.00012669512542300238,7.67793517954313e-05,calm
2015-09-10,0.00011636225011718596,6.484227262160301e-05,calm
2015-09-14,9.37134028299299e-05,3.1016293334707526e-05,calm
2015-09-15,7.469030399221228e-05,3.515371948414369e-05,calm
2015-09-16,6.303218251212326e-05,0.0001636573230986,calm
2015-09-17,7.386212626553819e-05,0.0001854841024235,calm
2015-09-21,8.680377249323443e-05,0.0001710237907088,calm
2015-09-22,8.873795836736209e-05,5.734748391249309e-05,calm
2015-09-23,8.348219181067112e-05,0.0001090146184684,calm
2015-09-24,8.693962721040165e-05,0.000107031304058,calm
2015-09-28,9.477757543871525e-05,0.0001396604009636,calm
2015-09-29,0.00013303966428372893,0.0002236902304275,calm
2015-09-30,0.00015101048822813512,0.0001301955432231,calm
2015-10-01,0.00011675679056001692,0.0002867937749064,calm
2015-10-05,0.0001129955296267512,4.6635916715215616e-05,calm
2015-10-06,6.81274156063614e-05,8.970934433972721e-05,calm
2015-10-07,6.544187905052024e-05,5.056069266027188e-05,calm
2015-10-08,5.633170638003728e-05,2.8545146237442994e-05,calm
2015-10-12,4.4163691474981315e-05,3.782593237155144e-05,calm
2015-10-13,3.837574341053761e-05,4.69489801271934e-05,calm
2015-10-14,4.3559060725577826e-05,2.882521131682417e-05,calm
2015-10-15,4.173760593568255e-05,2.62763611867428e-05,calm
2015-10-19,3.254982892256535e-05,2.542504280458696e-05,calm
2015-10-20,2.786806974245141e-05,5.582778529318999e-05,calm
2015-10-21,3.453243360061229e-05,5.869748797843458e-05,calm
2015-10-22,4.330988024070144e-05,7.240403077354259e-05,calm
2015-10-26,4.031946009732926e-05,1.4609866583404836e-05,calm
2015-10-27,3.00296305645783e-05,3.436664180704787e-05,calm
2015-10-28,3.11828388751425e-05,8.854540411661334e-05,calm
2015-10-29,3.802963526109366e-05,2.3174636266700817e-05,calm
2015-10-30,3.094564776554911e-05,2.8544039185409207e-05,calm
2015-11-02,2.9948002610020136e-05,1.767918118623745e-05,calm
2015-11-03,2.3902356000144775e-05,2.3385037435400788e-05,calm
2015-11-04,2.4606295354102122e-05,3.774662625980252e-05,calm
2015-11-05,3.081488899567338e-05,3.409690389583703e-05,calm
2015-11-06,3.048795327368773e-05,3.64143064660928e-05,calm
2015-11-09,2.8235372932749467e-05,5.798645347761676e-05,calm
2015-11-10,3.938843314191861e-05,3.024721906389688e-05,calm
2015-11-11,3.3059200869626396e-05,2.238476663228424e-05,calm
2015-11-12,2.9783655316779868e-05,7.627674966536796e-05,calm
2015-11-13,4.9320913576641775e-05,4.4508000640044246e-05,calm
2015-11-16,6.087662471093413e-05,5.117436841654664e-05,calm
2015-11-17,4.868792384358447e-05,5.661560122017896e-05,calm
2015-11-18,5.1881617098253546e-05,5.0406961164692486e-05,calm
2015-11-19,4.266513000444041e-05,2.157341214131059e-05,calm
2015-11-20,3.4760265303537724e-05,3.239403048710993e-05,calm
2015-11-23,3.0467435787615265e-05,1.880805872806001e-05,calm
2015-11-24,2.675249637137864e-05,4.270956238367367e-05,calm
2015-11-25,3.1202194772152735e-05,1.0244684804753443e-05,calm
2015-11-27,2.2278972995467487e-05,6.171518430109994e-06,calm
2015-11-30,1.6961341528808648e-05,1.957495992814094e-05,calm
2015-12-01,1.9939413903147657e-05,3.872522470796115e-05,calm
2015-12-02,2.26505651695857e-05,2.703080286992145e-05,calm
2015-12-03,2.6252125667382545e-05,7.105816453554806e-05,calm
2015-12-04,4.3480445749060354e-05,7.14316777294948e-05,calm
2015-12-07,3.9252217640750877e-05,6.567393151636108e-05,calm
2015-12-08,4.450457427937654e-05,0.0001643245333882,calm
2015-12-09,7.248651732463236e-05,0.0001100129823886,calm
2015-12-10,8.998717029974881e-05,6.100504190334813e-05,calm
2015-12-11,6.95413690500744e-05,0.0001346940374665,calm
2015-12-14,0.00012395046244774774,0.00015360914132,calm
2015-12-15,0.00012182782146602118,0.0001125688262275,calm
2015-12-16,8.798400155781478e-05,9.666742574173168e-05,calm
2015-12-17,6.083447908536707e-05,8.192657358252532e-05,calm
2015-12-18,6.768768483009018e-05,9.51357847561858e-05,calm
2015-12-21,9.132115256521017e-05,7.86601826649533e-05,calm
2015-12-22,7.56626747020575e-05,4.096532059222434e-05,calm
2015-12-23,4.896353551500849e-05,3.4114824881032985e-05,calm
2015-12-24,3.8015035289389176e-05,7.84666718444164e-06,calm
2015-12-28,2.6644036266655136e-05,2.968548038363876e-05,calm
2015-12-29,3.086838378812561e-05,4.030573473272693e-05,calm
2015-12-30,3.232666820785731e-05,1.907770174864376e-05,calm
2015-12-31,3.204121087643614e-05,4.822906299582498e-05,calm
2016-01-04,4.088373680357412e-05,0.0003475967057265,calm
2016-01-05,9.866154808154264e-05,6.259653966025944e-05,calm
2016-01-06,7.559144034895533e-05,0.000198654600498,calm
2016-01-07,0.00010084621508276127,0.000391136516861,calm
2016-01-08,0.000209824942361103,0.000176278050225,calm
2016-01-11,0.00022858279258843554,0.0001621050475013,calm
2016-01-12,0.00015648078880122325,0.0001784905990147,calm
2016-01-13,0.000128969275475946,0.0002053996293201,calm
2016-01-14,0.0001790728065257556,0.0001629029916617,calm
2016-01-15,0.0001628654262564128,0.0005090396458508,calm
2016-01-19,0.00028709298855609177,0.0001999510292112,calm
2016-01-20,0.0002203208029822015,0.0004369341691967,calm
2016-01-21,0.0002799796075444731,0.0002972309481129,calm
2016-01-22,0.00023965128422819367,0.0001823074485602,calm
2016-01-25,0.000136485225655512,7.110334489338955e-05,calm
2016-01-26,0.00011883602625928503,0.0001283479543495,calm
2016-01-27,0.00011819471287966032,0.0002011773382034,calm
2016-01-28,0.0001449945205817978,0.0002575898176599,calm
2016-01-29,0.0001539340134214928,7.439398758913607e-05,calm
2016-02-01,9.169171888352947e-05,0.0001229259695034,calm
2016-02-02,8.811439158101438e-05,0.0001200661904025,calm
2016-02-03,0.00011622212128486892,0.0002759621865031,calm
2016-02-04,0.00014269575556770603,0.0001841001755638,calm
2016-02-05,0.00013811713332755716,0.0001420476696324,calm
2016-02-08,0.00014496706906052265,0.0002934881269109,calm
2016-02-09,0.00022455955609504533,0.0002971805305516,calm
2016-02-10,0.00024440417548231866,0.0001650259148464,calm
2016-02-11,0.00018914240387586228,0.0003050485690708,calm
2016-02-12,0.00024064969789770524,9.697953334838142e-05,calm
2016-02-16,0.00013837397255144423,9.253123120172068e-05,calm
2016-02-17,0.00011026703683127817,7.345017607891506e-05,calm
2016-02-18,8.911642944977346e-05,4.345827023892125e-05,calm
2016-02-19,7.30770225911684e-05,7.005928639747945e-05,calm
2016-02-22,6.80692961221729e-05,6.738230272399365e-05,calm
2016-02-23,6.0374131481631784e-05,4.971556115204992e-05,calm
2016-02-24,6.658361776028623e-05,0.0001864575596965,calm
2016-02-25,8.960646505609343e-05,6.79098782657836e-05,calm
2016-02-26,6.828550513057657e-05,5.540742603638752e-05,calm
2016-02-29,6.477564640299167e-05,4.7940565230281686e-05,calm
2016-03-01,6.491543970613309e-05,6.451451364451791e-05,calm
2016-03-02,4.9866949884347895e-05,4.259606019457212e-05,calm
2016-03-03,4.4912392831585105e-05,2.813022093495985e-05,calm
2016-03-04,3.938044681448533e-05,4.067005682244326e-05,calm
2016-03-07,4.05027167966374e-05,5.02982820512186e-05,calm
2016-03-08,4.496758176376077e-05,7.152064183856905e-05,calm
2016-03-09,5.766800135056137e-05,5.711394194005908e-05,calm
2016-03-10,5.626668835327783e-05,0.0001108592660354,calm
2016-03-11,6.27225316440084e-05,6.088452803210438e-05,calm
2016-03-14,4.928079580760886e-05,1.9523287153762725e-05,calm
2016-03-15,3.795950971264859e-05,3.280544571710374e-05,calm
2016-03-16,3.713091728799966e-05,7.381907468114597e-05,calm
2016-03-17,3.686232841181101e-05,2.3334689487523533e-05,calm
2016-03-18,2.8638522567459776e-05,2.6033392850482152e-05,calm
2016-03-21,2.5793549675465096e-05,1.7468989082001204e-05,calm
2016-03-22,2.2534139226245944e-05,2.669990715551444e-05,calm
2016-03-23,2.4578108335994707e-05,2.1925105581518555e-05,calm
2016-03-24,2.6374162949848617e-05,3.5851081366079726e-05,calm
2016-03-28,2.9181248621723554e-05,3.098773887192196e-05,calm
2016-03-29,3.100074115847692e-05,3.053630842750358e-05,calm
2016-03-30,2.65226537669696e-05,1.3936812466787365e-05,calm
2016-03-31,2.1401544628273077e-05,5.147102759432783e-05,calm
2016-04-04,2.908010355820306e-05,6.338468503713788e-05,calm
2016-04-05,3.683219335522951e-05,3.0698608894802305e-05,calm
2016-04-06,3.732636035757776e-05,5.9753725949703646e-05,calm
2016-04-07,3.597889958097868e-05,4.637886268112605e-05,calm
2016-04-11,4.4367601829685267e-05,3.769505476020507e-05,calm
2016-04-12,4.439556066606838e-05,3.367539253759674e-05,calm
2016-04-13,3.430022148735786e-05,1.6329533830857807e-05,calm
2016-04-14,2.42350109091674e-05,6.107152945766287e-06,calm
2016-04-18,1.7460739319069783e-05,1.9993444718168988e-05,calm
2016-04-19,1.8914176567239683e-05,1.539927628077866e-05,calm
2016-04-20,1.9041014172397034e-05,2.387373502035176e-05,calm
2016-04-21,2.1366621428288133e-05,2.225833913960886e-05,calm
2016-04-25,2.3905307751897245e-05,1.7190182830015948e-05,calm
2016-04-26,2.3220405391136985e-05,3.063169312104193e-05,calm
2016-04-27,2.5461221608148243e-05,3.651301695319627e-05,calm
2016-04-28,2.7426754212868654e-05,5.225404484822984e-05,calm
2016-05-02,3.632242721715469e-05,5.191005827525416e-05,calm
2016-05-03,3.712244497341217e-05,3.552153073316082e-05,calm
2016-05-04,3.703163880675949e-05,3.409785668149905e-05,calm
2016-05-05,3.767494921645528e-05,4.29750103538936e-05,calm
2016-05-09,3.841942670521502e-05,2.063405173790372e-05,calm
2016-05-10,2.748465200132139e-05,2.237954881538937e-05,calm
2016-05-11,2.2929767683807206e-05,4.735015674101967e-05,calm
2016-05-12,3.13174535183728e-05,3.3621252411176184e-05,calm
2016-05-16,3.234901921063453e-05,3.562929499965157e-05,calm
2016-05-17,3.291879343419113e-05,9.16463168028948e-05,calm
2016-05-18,4.605370812130555e-05,6.468078727679216e-05,calm
2016-05-19,4.953312912016237e-05,2.623228100710626e-05,calm
2016-05-23,4.003375703185375e-05,2.789230712825456e-05,calm
2016-05-24,3.378502582974314e-05,2.2423190213003367e-05,calm
2016-05-25,2.5942086982933172e-05,1.1679147765112862e-05,calm
2016-05-26,2.016588480032638e-05,8.904894900733696e-06,calm
2016-05-31,1.652003840875658e-05,2.956508778975588e-05,calm
2016-06-01,2.2187208564752934e-05,1.801140354708861e-05,calm
2016-06-02,2.2818750347298876e-05,3.529406331157628e-05,calm
2016-06-06,2.4893352581546113e-05,6.753289771714669e-06,calm
2016-06-07,1.7950989670144077e-05,1.0233005694294088e-05,calm
2016-06-08,1.7316009063440585e-05,1.98808902235397e-05,calm
2016-06-09,2.0258413286093124e-05,3.8341849816767207e-05,calm
2016-06-13,2.759987788958687e-05,3.885858617657656e-05,calm
2016-06-14,6.177985130952941e-05,2.430816530778107e-05,calm
2016-06-15,5.442994811554487e-05,5.508774344729761e-05,calm
2016-06-16,4.993717216838922e-05,2.960091348099072e-05,calm
2016-06-20,3.888553947620717e-05,2.3581708539552984e-05,calm
2016-06-21,3.1354821212824086e-05,2.5795354756515714e-05,calm
2016-06-22,3.0514488184143964e-05,3.4166858198260447e-05,calm
2016-06-23,4.166703188572921e-05,0.0006284184050862,calm
2016-06-27,5.4887707337934994e-05,8.358302692898736e-05,calm
2016-06-28,9.294030780610085e-05,6.329879997328406e-05,calm
2016-06-29,5.509542069783903e-05,3.438876799265057e-05,calm
2016-06-30,3.613336988496155e-05,1.5139825171255358e-05,calm
2016-07-05,2.6324146174842827e-05,4.77397963307738e-05,calm
2016-07-06,3.213473440591591e-05,2.9502306145696484e-05,calm
2016-07-07,2.959174732334834e-05,1.534174700728773e-05,calm
2016-07-11,2.3353733307375676e-05,3.135653845505276e-05,calm
2016-07-12,2.1884406920118866e-05,1.3150336227977444e-05,calm
2016-07-13,1.8371729639706656e-05,2.7210435858482568e-05,calm
2016-07-14,1.9564090296515888e-05,1.1151789583542314e-05,calm
2016-07-18,1.6627805929971067e-05,6.950281161817598e-06,calm
2016-07-19,1.325804740667947e-05,5.1183205331206256e-06,calm
2016-07-20,1.0745735991056414e-05,1.1359397135156038e-05,calm
2016-07-21,1.1590665668217924e-05,6.998118488551874e-06,calm
2016-07-25,1.2325777471705303e-05,2.029149116150981e-05,calm
2016-07-26,1.6488837392365873e-05,2.297246028335027e-05,calm
2016-07-27,2.072961664999457e-05,2.396518086269989e-05,calm
2016-07-28,2.2624418891246176e-05,1.605941703878963e-05,calm
2016-08-01,2.097929750824637e-05,2.487293884826826e-05,calm
2016-08-02,2.1753205167846674e-05,1.1804944741306884e-05,calm
2016-08-03,2.0654207355111945e-05,1.1243968837289251e-05,calm
2016-08-04,1.8414731383049447e-05,9.667065320642549e-06,calm
2016-08-08,1.6273698260647563e-05,5.1507033654786015e-06,calm
2016-08-09,1.2588144993596579e-05,1.0564564637076138e-05,calm
2016-08-10,1.3511115698758479e-05,1.1655439447779651e-05,calm
2016-08-11,1.5335414811105276e-05,5.264460706917094e-06,calm
2016-08-15,1.3412429384711402e-05,1.1543003686773754e-05,calm
2016-08-16,1.4915315727472228e-05,1.643444292619871e-05,calm
2016-08-17,1.8560624449870513e-05,6.159094914011146e-06,calm
2016-08-18,1.578070731722904e-05,1.4103673472250133e-05,calm
2016-08-22,1.5906632366103017e-05,6.627962136852071e-06,calm
2016-08-23,1.5203303268477886e-05,1.071380553792379e-05,calm
2016-08-24,1.6242058848277466e-05,1.5375372156370595e-05,calm
2016-08-25,1.988426171310901e-05,3.758426645531877e-05,calm
2016-08-29,2.622474918529393e-05,1.4056886819698014e-05,calm
2016-08-30,2.1920958026778758e-05,1.26924698803353e-05,calm
2016-08-31,1.9860590284123416e-05,2.4379186421612232e-05,calm
2016-09-01,2.2654031043845615e-05,1.4669019832483964e-05,calm
2016-09-06,2.1662746523145035e-05,7.12813414680022e-06,calm
2016-09-07,1.574933039709759e-05,8.7164287313989e-06,calm
2016-09-08,1.463369335867957e-05,4.4102584875997005e-05,calm
2016-09-12,2.2235032155270755e-05,9.403217173237495e-05,calm
2016-09-13,4.037141422286889e-05,4.682864722911128e-05,calm
2016-09-14,5.44275836730907e-05,3.725055788990922e-05,calm
2016-09-15,5.187077118322366e-05,4.274386051782572e-05,calm
2016-09-19,3.945360947460694e-05,1.951401243251184e-05,calm
2016-09-20,2.8244700115636976e-05,3.346809913478899e-05,calm
2016-09-21,3.095819897231632e-05,2.320596239394876e-05,calm
2016-09-22,2.2726851859664763e-05,1.1696005493721547e-05,calm
2016-09-26,1.6041703801169282e-05,2.464059425376755e-05,calm
2016-09-27,2.272046477723164e-05,2.301518124293408e-05,calm
2016-09-28,2.247201242326271e-05,4.629919727047816e-05,calm
2016-09-29,2.510762510297128e-05,3.082941526653865e-05,calm
2016-10-03,2.8992615774669058e-05,4.3308781808249256e-05,calm
2016-10-04,3.106979665906201e-05,1.2280211270317902e-05,calm
2016-10-05,2.290607664599987e-05,1.774025656547172e-05,calm
2016-10-06,2.0474655983911316e-05,2.74157941623287e-05,calm
2016-10-10,2.254727371569214e-05,3.422516253398621e-05,calm
2016-10-11,2.677947784728409e-05,1.8305628748461104e-05,calm
2016-10-12,2.9463561029379087e-05,3.793605936238357e-05,calm
2016-10-13,3.6876192387693766e-05,2.6476063796525742e-05,calm
2016-10-17,3.732766102291571e-05,1.6656376574742825e-05,calm
2016-10-18,2.92955518509751e-05,7.419008937437337e-06,calm
2016-10-19,1.968166115243689e-05,2.933646960425307e-05,calm
2016-10-20,2.1377307960974405e-05,2.0314790640537784e-05,calm
2016-10-24,2.0233511721602098e-05,1.0436957101181183e-05,calm
2016-10-25,1.6061360710352644e-05,2.291962845320422e-05,calm
2016-10-26,1.8989027858477607e-05,2.2815251791584925e-05,calm
2016-10-27,2.2793298245216467e-05,5.8803994148997966e-05,calm
2016-10-31,3.471441985434123e-05,1.4053857553146364e-05,calm
2016-11-01,3.242844704857791e-05,3.538076805489435e-05,calm
2016-11-02,4.154090366586422e-05,4.398327123570008e-05,calm
2016-11-03,4.891183132224024e-05,1.825675463840205e-05,calm
2016-11-04,5.00654505661513e-05,3.1676612866815504e-05,calm
2016-11-07,5.1875227713229987e-05,5.81788346196305e-05,calm
2016-11-08,3.935762250028959e-05,3.161488857989053e-05,calm
2016-11-09,3.6008311296286937e-05,0.0001216853112382,calm
2016-11-10,3.2360854841293816e-05,0.0001126297926288,calm
2016-11-11,3.875704642173287e-05,3.143515896113161e-05,calm
2016-11-14,3.20729425527971e-05,2.735145203620469e-05,calm
2016-11-15,2.8678034749823335e-05,1.11279623108643e-05,calm
2016-11-16,1.9540647547987046e-05,1.4536616204313543e-05,calm
2016-11-17,1.8934996076533835e-05,6.825718147760081e-06,calm
2016-11-18,1.5065608953429195e-05,9.493052843207066e-06,calm
2016-11-21,1.4050477373686487e-05,9.257212610933407e-06,calm
2016-11-22,1.3395752733953043e-05,8.50623113178578e-06,calm
2016-11-23,1.3093454914372434e-05,7.503065640927057e-06,calm
2016-11-25,1.2694482310462938e-05,1.993045388154618e-06,calm
2016-11-28,9.466531187982665e-06,9.72092895238111e-06,calm
2016-11-29,1.1940592869193295e-05,9.150174039960871e-06,calm
2016-11-30,1.2985971853300923e-05,2.8017222821861937e-05,calm
2016-12-01,1.834861450025789e-05,2.1306747519352884e-05,calm
2016-12-02,2.1687156561472138e-05,1.4623593397839818e-05,calm
2016-12-05,2.062964058990403e-05,8.43231556667906e-06,calm
2016-12-06,1.4709016305293427e-05,8.861215550129153e-06,calm
2016-12-07,1.3192674691527443e-05,2.268667047760707e-05,calm
2016-12-08,1.7056796852599775e-05,1.6155961444061298e-05,calm
2016-12-09,1.8490276418594662e-05,8.397497332696216e-06,calm
2016-12-12,1.4675146275053431e-05,1.4526868952010185e-05,calm
2016-12-13,1.652245008858736e-05,1.5207222411221524e-05,calm
2016-12-14,1.717806216999811e-05,7.82849558983664e-05,calm
2016-12-15,2.8685571389492572e-05,2.869014108279807e-05,calm
2016-12-16,2.6177588393480298e-05,2.1016833261276737e-05,calm
2016-12-19,2.0853727845097945e-05,9.537053552497278e-06,calm
2016-12-20,1.5323367918399725e-05,8.155500508814728e-06,calm
2016-12-21,1.3070521267270605e-05,3.81966704921707e-06,calm
2016-12-22,1.0315978979879256e-05,6.424925463570126e-06,calm
2016-12-23,1.0739077180599006e-05,2.609473286644902e-06,calm
2016-12-27,9.057689092167579e-06,5.589826606184361e-06,calm
2016-12-28,1.0205430404497746e-05,1.2391144492659291e-05,calm
2016-12-29,1.4067252400383416e-05,1.1561926881236435e-05,calm
2016-12-30,1.6151328493901712e-05,2.2035693328963653e-05,calm
2017-01-03,2.084300733824691e-05,3.530082554881368e-05,calm
2017-01-04,2.312734625111082e-05,1.3258026097284536e-05,calm
2017-01-05,1.7283008589433266e-05,1.178482830740815e-05,calm
2017-01-06,1.4933050726103001e-05,1.4969657392208488e-05,calm
2017-01-09,1.5033175692268115e-05,8.063359033437074e-06,calm
2017-01-10,1.3491115615214005e-05,1.2563080178720623e-05,calm
2017-01-11,1.4281510897234075e-05,2.8820522383153456e-05,calm
2017-01-12,1.824149884108855e-05,2.3747477731196367e-05,calm
2017-01-13,2.007342084055909e-05,8.459343076259831e-06,calm
2017-01-17,1.5216379360617574e-05,9.541272883018732e-06,calm
2017-01-18,1.4708896455029364e-05,1.115529785092641e-05,calm
2017-01-19,1.6056129479105365e-05,1.5401237970675128e-05,calm
2017-01-20,1.8337891004120607e-05,2.0624291935011244e-05,calm
2017-01-23,1.8432204371126815e-05,1.831288575416317e-05,calm
2017-01-24,1.8676058109174667e-05,7.742267073350394e-06,calm
2017-01-25,1.4383645620772738e-05,8.639567067979128e-06,calm
2017-01-26,1.2977149841332416e-05,8.716921054753547e-06,calm
2017-01-27,1.2532331905161723e-05,6.599146181684205e-06,calm
2017-01-30,1.1617828844823869e-05,2.007743604567609e-05,calm
2017-01-31,1.63824168560894e-05,1.7117882252420035e-05,calm
2017-02-01,1.8493229220469866e-05,2.058079775677697e-05,calm
2017-02-02,1.9325187058460737e-05,1.6156560255120758e-05,calm
2017-02-03,1.8579174107961568e-05,8.04652559173343e-06,calm
2017-02-06,1.4087787023596194e-05,6.24749500737074e-06,calm
2017-02-07,1.24054109488442e-05,7.596372125171352e-06,calm
2017-02-08,1.2275596824124949e-05,1.2176839872403404e-05,calm
2017-02-09,1.396854650761349e-05,6.330125180114206e-06,calm
2017-02-10,1.2206394488043566e-05,4.6908385960384204e-06,calm
2017-02-13,1.0674327577032751e-05,4.917305478029624e-06,calm
2017-02-14,1.0332683035534713e-05,1.079192327125345e-05,calm
2017-02-15,1.1681425238503625e-05,9.0879428334082e-06,calm
2017-02-16,1.3328550933259608e-05,2.2197313332101e-05,calm
2017-02-17,1.6741299125790165e-05,8.14978238996161e-06,calm
2017-02-21,1.4244306825289484e-05,1.115227435658522e-05,calm
2017-02-22,1.4157939357343978e-05,6.905035815576451e-06,calm
2017-02-23,1.3032169325856555e-05,1.0676083468818336e-05,calm
2017-02-24,1.370726127294405e-05,1.484820825386242e-05,calm
2017-02-27,1.5012321282398907e-05,8.364149569720683e-06,calm
2017-02-28,1.4488311160152243e-05,8.160604373456629e-06,calm
2017-03-01,1.4857764016645189e-05,1.423165281252227e-05,calm
2017-03-02,1.6231986658168972e-05,1.4972072555817631e-05,calm
2017-03-03,1.6224794305066856e-05,9.854526728551376e-06,calm
2017-03-06,1.3651813537212936e-05,9.354071028511452e-06,calm
2017-03-07,1.291296939582209e-05,9.59480276521889e-06,calm
2017-03-08,1.299111317345565e-05,1.131798827708678e-05,calm
2017-03-09,1.3974285523258984e-05,1.2186180666889531e-05,calm
2017-03-10,1.511146063077261e-05,1.385892531857754e-05,calm
2017-03-13,1.5062123287113509e-05,5.461830069868128e-06,calm
2017-03-14,1.1940859445267616e-05,1.4428728694724083e-05,calm
2017-03-15,1.4616637490069749e-05,1.845940163264653e-05,calm
2017-03-16,1.6310274961247386e-05,1.0412375887641516e-05,calm
2017-03-17,1.4565522525568797e-05,6.386087516878014e-06,calm
2017-03-20,1.2356755154028856e-05,1.2038693008286105e-05,calm
2017-03-21,1.3518153731960342e-05,4.198479801938434e-05,calm
2017-03-22,2.2016207045972612e-05,2.873986723295791e-05,calm
2017-03-23,2.5514196639480903e-05,2.6084969089896136e-05,calm
2017-03-24,2.4999294043593137e-05,2.563312425962748e-05,calm
2017-03-27,2.3425671319412017e-05,2.173073494206829e-05,calm
2017-03-28,2.092742325500645e-05,1.044726844515106e-05,calm
2017-03-29,1.534515325677531e-05,8.98985543259254e-06,calm
2017-03-30,1.3402776306431276e-05,1.17465019184805e-05,calm
2017-04-03,1.4171913285745655e-05,1.3100950098603844e-05,calm
2017-04-04,1.644405914486039e-05,3.860427130308475e-05,calm
2017-04-05,2.15095926931759e-05,2.620642750159066e-05,calm
2017-04-06,2.461310229445477e-05,2.020967123305064e-05,calm
2017-04-10,2.1758876346079912e-05,3.173276335396676e-05,calm
2017-04-11,2.7625321697558346e-05,2.2844534550322504e-05,calm
2017-04-12,3.0249041252709115e-05,2.38872774601896e-05,calm
2017-04-17,3.123883480287312e-05,1.841060979573559e-05,calm
2017-04-18,2.5163720894096184e-05,1.3064525717148812e-05,calm
2017-04-19,2.1456616210582126e-05,1.2627890397638288e-05,calm
2017-04-20,2.1608630653927074e-05,1.4473397003087707e-05,calm
2017-04-24,1.958630378513778e-05,7.227291713214016e-06,calm
2017-04-25,1.2480152991791593e-05,2.2241304035310253e-05,calm
2017-04-26,1.4297082290430923e-05,1.07626100166163e-05,calm
2017-04-27,1.3657906743038577e-05,8.861551405906131e-06,calm
2017-05-01,1.2101752936199225e-05,5.837677226865868e-06,calm
2017-05-02,1.038082260788644e-05,8.218916782662081e-06,calm
2017-05-03,1.0966972886865185e-05,1.367521899549252e-05,calm
2017-05-04,1.2848127516802821e-05,5.581949847931758e-06,calm
2017-05-08,1.1014536344365327e-05,6.504059435629894e-06,calm
2017-05-09,1.0069020722391894e-05,4.802453281190964e-06,calm
2017-05-10,9.45304925143438e-06,1.158952216165951e-05,calm
2017-05-11,1.1368195968555846e-05,5.474865980580471e-06,calm
2017-05-15,1.0851829769120076e-05,7.586803050969945e-06,calm
2017-05-16,1.105217223506063e-05,3.252463044860232e-05,calm
2017-05-17,1.623431948902588e-05,4.333624274918461e-05,calm
2017-05-18,3.1980056460581634e-05,1.3441363631925554e-05,calm
2017-05-22,2.6352922895417787e-05,5.317225716601514e-06,calm
2017-05-23,1.2721932731191417e-05,4.924107547085021e-06,calm
2017-05-24,9.819807770380087e-06,8.541006874870385e-06,calm
2017-05-25,9.74889671929191e-06,3.642491773618956e-06,calm
2017-05-30,8.393053455211843e-06,1.4444833948179025e-05,calm
2017-05-31,1.1079906626674768e-05,8.025300491823776e-06,calm
2017-06-01,1.0944564272063642e-05,7.170377215055924e-06,calm
2017-06-05,1.0242548128575624e-05,8.525341347402811e-06,calm
2017-06-06,1.058280405833492e-05,8.590761982609548e-06,calm
2017-06-07,1.1046868579654177e-05,1.2969702552996304e-05,calm
2017-06-08,1.243711100061662e-05,3.597250411329846e-05,calm
2017-06-12,1.734698062420191e-05,8.019608367875839e-06,calm
2017-06-13,1.4410517952823785e-05,2.0436335256390773e-05,calm
2017-06-14,1.5683959323142828e-05,1.664885299917536e-05,calm
2017-06-15,1.6053916822198127e-05,1.1202471928335315e-05,calm
2017-06-19,1.4817704767714854e-05,1.0224699131574804e-05,calm
2017-06-20,1.3545040026984216e-05,1.2921542766538894e-05,calm
2017-06-21,1.446537878760024e-05,7.233627910287446e-06,calm
2017-06-22,1.2661568305497305e-05,8.25680019504135e-06,calm
2017-06-26,1.2052544817857118e-05,1.953407818005006e-05,calm
2017-06-27,1.4421511244065152e-05,1.6327837153197737e-05,calm
2017-06-28,1.6229259055303996e-05,4.7791161373866496e-05,calm
2017-06-29,2.149426693764473e-05,1.921835107404792e-05,calm
2017-07-05,2.064513542078275e-05,1.999703046341511e-05,calm
2017-07-06,1.931848665586881e-05,9.219661441690568e-06,calm
2017-07-10,1.6543745722513085e-05,2.041884303077295e-05,calm
2017-07-11,1.763974630303634e-05,9.836286466070126e-06,calm
2017-07-12,1.4533309701623382e-05,4.753232310690548e-06,calm
2017-07-13,1.0627628614511529e-05,4.738712524362805e-06,calm
2017-07-17,9.176596576037226e-06,8.866225463259536e-06,calm
2017-07-18,1.0086289870974564e-05,3.930936263621172e-06,calm
2017-07-19,8.833271813710657e-06,8.155892610920884e-06,calm
2017-07-20,9.761882763658664e-06,4.650471052539611e-06,calm
2017-07-24,8.949656118965923e-06,3.939355455073604e-06,calm
2017-07-25,8.242240274160967e-06,5.843983180511742e-06,calm
2017-07-26,8.721262250501932e-06,2.626454240835038e-05,calm
2017-07-27,1.3325688570087593e-05,7.675756124414517e-06,calm
2017-07-31,1.2324875477761295e-05,6.852959625954329e-06,calm
2017-08-01,1.1475697337047487e-05,1.3243215086709916e-05,calm
2017-08-02,1.3071815349664957e-05,7.124957786695563e-06,calm
2017-08-03,1.2122671146550092e-05,7.718977368245543e-06,calm
2017-08-07,1.2023245187010336e-05,1.0657166552350724e-05,calm
2017-08-08,1.2579994346312377e-05,1.826262794536436e-05,calm
2017-08-09,1.5970121684202554e-05,3.068419155357714e-05,calm
2017-08-10,2.0415902528565955e-05,1.6235490524315244e-05,calm
2017-08-14,2.7428399959159585e-05,7.597027387428061e-06,calm
2017-08-15,1.7423540646985713e-05,9.602566942447369e-06,calm
2017-08-16,1.4600922614854386e-05,3.21140013636011e-05,calm
2017-08-17,1.9022128828653517e-05,2.912622168032675e-05,calm
2017-08-21,2.8171400041726492e-05,1.1059448213068393e-05,calm
2017-08-22,1.9625575652745486e-05,1.1210745665674774e-05,calm
2017-08-23,1.4501252651910378e-05,1.6657840209925543e-05,calm
2017-08-24,1.5831357791742026e-05,1.240530735094806e-05,calm
2017-08-28,1.529045678918864e-05,9.14134822030488e-06,calm
2017-08-29,1.2848349738312612e-05,7.94708805665742e-06,calm
2017-08-30,1.1905013476185715e-05,8.27995494714268e-06,calm
2017-08-31,1.1348403727586229e-05,6.812995408461733e-06,calm
2017-09-05,1.0329345535120407e-05,7.194976454707857e-06,calm
2017-09-06,1.1229478974099234e-05,1.2168437608919624e-05,calm
2017-09-07,1.2659073795380507e-05,6.872057016941768e-06,calm
2017-09-11,1.1563600598563429e-05,4.604428305690069e-06,calm
2017-09-12,9.634270675598163e-06,3.4559374748527843e-06,calm
2017-09-13,8.42702958688689e-06,4.198882458671138e-06,calm
2017-09-14,8.268857760764707e-06,3.5608100012003555e-06,calm
2017-09-18,7.967531104084023e-06,4.386818036639344e-06,calm
2017-09-19,8.043231299995163e-06,1.0201951351476597e-05,calm
2017-09-20,9.783662633967815e-06,7.743973112850879e-06,calm
2017-09-21,9.993324029211687e-06,3.481922266008804e-06,calm
2017-09-25,8.897318849337115e-06,6.559197722896502e-06,calm
2017-09-26,9.686101813416393e-06,1.1001876570215672e-05,calm
2017-09-27,1.1434919635115964e-05,5.151294935902915e-06,calm
2017-09-28,1.0251148494391004e-05,4.896712048314635e-06,calm
2017-10-02,9.562276911768498e-06,4.274704580519075e-06,calm
2017-10-03,9.059759150633162e-06,5.115843528488577e-06,calm
2017-10-04,9.23119407749848e-06,4.0123077997400185e-06,calm
2017-10-05,8.927162056674132e-06,4.670294476407286e-06,calm
2017-10-09,8.941999681545912e-06,7.180574169401431e-06,calm
2017-10-10,1.0221011261982003e-05,3.4645731406485937e-06,calm
2017-10-11,9.208692850112614e-06,3.947287258453006e-06,calm
2017-10-12,8.915895897691301e-06,3.566298547099304e-06,calm
2017-10-16,8.668675115933612e-06,2.342903383090148e-06,calm
2017-10-17,7.951556946418462e-06,3.0866777809557538e-06,calm
2017-10-18,8.130033418451954e-06,5.472727319487298e-06,calm
2017-10-19,9.104006953297053e-06,4.282498494816701e-06,calm
2017-10-23,9.159728674847635e-06,6.354013627900999e-06,calm
2017-10-24,1.0336113317731476e-05,2.205369649753281e-05,calm
2017-10-25,1.4840512924195722e-05,1.2439427969827716e-05,calm
2017-10-26,1.5244111178793341e-05,1.2852335898770177e-05,calm
2017-10-30,1.5413516846424467e-05,1.0190473770679576e-05,calm
2017-10-31,1.3940520791790073e-05,3.844075565737857e-06,calm
2017-11-01,1.0582263335715983e-05,9.89368395522742e-06,calm
2017-11-02,1.1636244795486465e-05,1.6102995433989458e-05,calm
2017-11-03,1.375899838863254e-05,4.471086574744166e-06,calm
2017-11-06,1.0551917847161106e-05,3.08508695023499e-06,calm
2017-11-07,8.86914035539553e-06,8.325939854062812e-06,calm
2017-11-08,1.0492591406453805e-05,5.652371085663188e-06,calm
2017-11-09,1.0435895059826705e-05,2.767443583524494e-05,calm
2017-11-10,1.578016167484821e-05,6.876456679156106e-06,calm
2017-11-13,1.4341785718726148e-05,4.789063194644555e-06,calm
2017-11-14,1.2343856933547082e-05,1.9274928979575017e-05,calm
2017-11-15,1.603061678657544e-05,2.2325419200682783e-05,calm
2017-11-16,2.11794636578565e-05,8.051411632137276e-06,calm
2017-11-17,1.6145585558891745e-05,5.4455940880412325e-06,calm
2017-11-20,1.263007195697621e-05,4.597282928434352e-06,calm
2017-11-21,1.045393567535389e-05,4.813483210377632e-06,calm
2017-11-22,9.28952640634582e-06,2.818742482927139e-06,calm
2017-11-24,8.11387691699796e-06,1.218059268025056e-06,calm
2017-11-27,6.578095910381366e-06,4.6620195125725e-06,calm
2017-11-28,7.539310616519175e-06,1.1049063256237762e-05,calm
2017-11-29,9.990354642262894e-06,1.6148250139225744e-05,calm
2017-11-30,1.377821083986229e-05,2.732316514645123e-05,calm
2017-12-01,1.8347615024677164e-05,8.878526153603566e-05,calm
2017-12-04,3.052013165633166e-05,2.2659116198128083e-05,calm
2017-12-05,2.5189949329199926e-05,1.636164890858776e-05,calm
2017-12-06,1.9985035754670813e-05,1.3038106015238966e-05,calm
2017-12-07,1.6952126852076847e-05,8.912262992352853e-06,calm
2017-12-08,1.3980145600277669e-05,7.157952923588582e-06,calm
2017-12-11,1.2100865923349915e-05,6.28610596713131e-06,calm
2017-12-12,1.1062377193398348e-05,6.536597935707063e-06,calm
2017-12-13,1.0991498133345382e-05,1.2149563391690132e-05,calm
2017-12-14,1.2863562952249484e-05,1.1651827415373304e-05,calm
2017-12-15,1.38637675907197e-05,1.2545611847702714e-05,calm
2017-12-18,1.400812996592462e-05,8.446383803682566e-06,calm
2017-12-19,1.2828518318952752e-05,8.499256965557588e-06,calm
2017-12-20,1.2591424135039271e-05,1.3496620660201293e-05,calm
2017-12-21,1.3873703852804856e-05,8.027997619826864e-06,calm
2017-12-22,1.267172178354859e-05,4.40157794917856e-06,calm
2017-12-26,1.0699452921334945e-05,3.030899041887512e-06,calm
2017-12-27,9.357391017081717e-06,2.709995458511272e-06,calm
2017-12-28,8.72167992501755e-06,1.600500283502711e-06,calm
2017-12-29,7.708302509272795e-06,6.703570866219266e-06,calm
2018-01-02,9.624007374665252e-06,6.614951624958542e-06,calm
2018-01-03,1.0361954868142383e-05,5.71847519323922e-06,calm
2018-01-04,1.0178440666536818e-05,7.308547842727639e-06,calm
2018-01-05,1.067344077941392e-05,7.888586235726555e-06,calm
2018-01-08,1.1113283574598641e-05,6.09844119244572e-06,calm
2018-01-09,1.0776244283735857e-05,1.0587500304570517e-05,calm
2018-01-10,1.2242180557537577e-05,1.1667978354241348e-05,calm
2018-01-11,1.3197986245625589e-05,6.977268385323447e-06,calm
2018-01-12,1.2041325773669893e-05,1.0305350153288946e-05,calm
2018-01-16,1.2802592968732554e-05,3.171103484184363e-05,calm
2018-01-17,1.902563810984822e-05,1.7473471234424658e-05,calm
2018-01-18,1.9378465848867192e-05,2.141279362261225e-05,calm
2018-01-19,2.059066380867129e-05,1.2927845371988949e-05,calm
2018-01-22,1.736638385646035e-05,1.2361764689323807e-05,calm
2018-01-23,1.5717836790468316e-05,1.0516214125313828e-05,calm
2018-01-24,1.463769862483287e-05,3.761788161072697e-05,calm
2018-01-25,2.0750772250940214e-05,3.039692870677867e-05,calm
2018-01-26,2.323205670939999e-05,9.102114425420824e-06,calm
2018-01-29,1.655386712660357e-05,2.2349371869295257e-05,calm
2018-01-30,2.068279284038735e-05,3.4929776497839115e-05,calm
2018-01-31,2.7679809275704796e-05,3.271678149527722e-05,calm
2018-02-01,2.9327135061449155e-05,3.341903194596238e-05,calm
2018-02-02,2.8272602462886e-05,7.015573151725725e-05,calm
2018-02-05,4.68513641748e-05,0.0004551799233295,calm
2018-02-06,0.00036571031506242314,0.0006652118347677,calm
2018-02-07,0.00039822548456956003,0.0001972164402289,calm
2018-02-08,0.00022720344923079895,0.000364028297806,calm
2018-02-09,0.00033441237567657863,0.0006393205842826,calm
2018-02-12,0.0003264847924211526,0.0001658825181395,calm
2018-02-13,0.00018333567838900986,7.113636897879899e-05,calm
2018-02-14,0.00011969775959646616,9.89923055024988e-05,calm
2018-02-15,7.631309542858032e-05,7.355126662727743e-05,calm
2018-02-16,6.533309199784965e-05,7.211206530778424e-05,calm
2018-02-20,6.638438387448189e-05,5.786675576998364e-05,calm
2018-02-21,6.862145313301679e-05,7.737946210594005e-05,calm
2018-02-22,7.008634717356024e-05,9.652090932117766e-05,calm
2018-02-23,6.87502766597442e-05,4.30592984360934e-05,calm
2018-02-26,4.849309813807583e-05,3.1198675427699144e-05,calm
2018-02-27,3.7368973974792065e-05,8.018621425927186e-05,calm
2018-02-28,5.343074664978927e-05,7.684882115591153e-05,calm
2018-03-01,6.856978584350453e-05,0.0002355839938478,calm
2018-03-02,0.00012196879718385872,0.0001190283660968,calm
2018-03-05,9.573270528642503e-05,5.8839391575838e-05,calm
2018-03-06,6.631943832059644e-05,4.5990117960412656e-05,calm
2018-03-07,5.4291556188092e-05,4.697114005697994e-05,calm
2018-03-08,4.857410602822103e-05,4.3424621822541743e-05,calm
2018-03-09,4.134748673597173e-05,1.431971019703371e-05,calm
2018-03-12,2.428179983888409e-05,2.8399877176607223e-05,calm
2018-03-13,2.7431510413296768e-05,4.9113389469572345e-05,calm
2018-03-14,3.763045415345549e-05,6.596320011655736e-05,calm
2018-03-15,5.0731908020607386e-05,2.947954790915389e-05,calm
2018-03-16,3.94190519961455e-05,1.8657054776395223e-05,calm
2018-03-19,2.765912772317397e-05,6.32718404727625e-05,calm
2018-03-20,4.941017127390165e-05,3.359572098801225e-05,calm
2018-03-21,4.5807901354822015e-05,6.197007099274223e-05,calm
2018-03-22,4.844012589032789e-05,0.0001147312858884,calm
2018-03-23,0.00010503674476149174,0.0001544169488096,calm
2018-03-26,0.00014953796662494265,0.000176556349365,calm
2018-03-27,0.00010965452187131253,0.0002688692630993,calm
2018-03-28,0.00014870739981619668,9.621811814917288e-05,calm
2018-04-02,0.000126367527599758,0.0001788462002333,calm
2018-04-03,0.00014691948256657776,0.0001308391634871,calm
2018-04-04,0.00011047971683871942,8.622249476007186e-05,calm
2018-04-05,8.254167297195179e-05,0.000134196094826,calm
2018-04-09,8.123921658677797e-05,0.0001106799023618,calm
2018-04-10,0.00010569089812379593,7.535300253347774e-05,calm
2018-04-11,8.407658146704576e-05,4.996598321838943e-05,calm
2018-04-12,6.867275152132207e-05,6.225191328259691e-05,calm
2018-04-16,5.8728851958824476e-05,1.6500104238470782e-05,calm
2018-04-17,3.2613344183225995e-05,2.258786574667965e-05,calm
2018-04-18,2.5762281146362384e-05,3.606030958477396e-05,calm
2018-04-19,2.994528398325985e-05,5.216582244584812e-05,calm
2018-04-23,3.8490428747519996e-05,0.0001407534082741,calm
2018-04-24,6.088850998392551e-05,0.0001005632290713,calm
2018-04-25,7.618869765155143e-05,3.784146714232963e-05,calm
2018-04-26,5.578779977645023e-05,3.349606704611639e-05,calm
2018-04-30,3.950673244818656e-05,4.747248022629809e-05,calm
2018-05-01,3.951649338703173e-05,4.787963713161233e-05,calm
2018-05-02,3.957312826170149e-05,0.0001010027703401,calm
2018-05-03,5.377360196553353e-05,4.463663451205776e-05,calm
2018-05-07,4.6181576015598647e-05,4.524455803516075e-05,calm
2018-05-08,3.785220503224066e-05,2.9659279793236104e-05,calm
2018-05-09,3.1944316554411255e-05,2.010849529280787e-05,calm
2018-05-10,2.375447207455276e-05,2.0617447204891485e-05,calm
2018-05-14,2.192197877365562e-05,3.939174727281433e-05,calm
2018-05-15,2.6302777753491394e-05,1.61998087489785e-05,calm
2018-05-16,2.5200755670932264e-05,1.980609056514736e-05,calm
2018-05-17,2.246300147906497e-05,2.127363185940765e-05,calm
2018-05-21,2.222745271165198e-05,1.421697742964394e-05,calm
2018-05-22,1.913519360588658e-05,2.8522418571391115e-05,calm
2018-05-23,2.25625327339134e-05,3.2755518112654295e-05,calm
2018-05-24,2.441784071346379e-05,1.6197009873600785e-05,calm
2018-05-29,2.03729777785905e-05,2.1225392793408687e-05,calm
2018-05-30,2.9530457332251296e-05,4.003025152578256e-05,calm
2018-05-31,3.262781050203361e-05,2.009443308400909e-05,calm
2018-06-04,2.867493097431491e-05,1.6125956049530178e-05,calm
2018-06-05,1.9782654211517446e-05,1.5098667468390588e-05,calm
2018-06-06,1.6851825736935932e-05,2.9526820758843683e-05,calm
2018-06-07,1.8809278012424248e-05,1.3072953972051688e-05,calm
2018-06-11,1.6768549240086662e-05,8.469779576886225e-06,calm
2018-06-12,1.4087068248078586e-05,1.6929324875534576e-05,calm
2018-06-13,1.5898246818739796e-05,1.1211965779949244e-05,calm
2018-06-14,1.585398022788849e-05,2.5513147656398672e-05,calm
2018-06-18,1.8650251707153112e-05,2.156809256993061e-05,calm
2018-06-19,1.9850878179748096e-05,8.010943352619005e-06,calm
2018-06-20,1.6592649320465688e-05,3.0362929554109723e-05,calm
2018-06-21,2.1154429937782212e-05,1.526536110131513e-05,calm
2018-06-25,2.1687075191324945e-05,2.898905200072649e-05,calm
2018-06-26,3.027873577335357e-05,7.422572422614897e-05,calm
2018-06-27,4.203085323972462e-05,5.787980432085696e-05,calm
2018-06-28,5.013337266709086e-05,2.4756918927332547e-05,calm
2018-07-02,3.6833014725616015e-05,1.4196731639339e-05,calm
2018-07-05,2.475608465888307e-05,2.2771367019504736e-05,calm
2018-07-09,2.3237510361173083e-05,1.1413431824406982e-05,calm
2018-07-10,1.7005591556332918e-05,1.942270107970797e-05,calm
2018-07-11,1.763147230630947e-05,1.653476145784446e-05,calm
2018-07-12,1.8492887474078108e-05,9.407491987610213e-06,calm
2018-07-16,1.5314799374311254e-05,1.2264668832116362e-05,calm
2018-07-17,1.541295385280439e-05,5.991402370987766e-06,calm
2018-07-18,1.2423166489740454e-05,1.5393012576390907e-05,calm
2018-07-19,1.4503938980358255e-05,9.524884436916564e-06,calm
2018-07-23,1.4426429270022036e-05,2.1146940703454864e-05,calm
2018-07-24,1.7677804817861627e-05,2.178914876628423e-05,calm
2018-07-25,1.9593235484574166e-05,1.193431253459892e-05,calm
2018-07-26,1.715137329193847e-05,3.067783781486831e-05,calm
2018-07-30,2.115858549170321e-05,1.923819402508662e-05,calm
2018-07-31,2.340322839347765e-05,1.1862521679934258e-05,calm
2018-08-01,1.8138738018869255e-05,1.4204832295020936e-05,calm
2018-08-02,1.7729845849402855e-05,9.043144868161178e-06,calm
2018-08-06,1.4453808613142614e-05,8.975279272696583e-06,calm
2018-08-07,1.2613749438502169e-05,7.626604472685813e-06,calm
2018-08-08,1.1473011809946106e-05,7.5290472724648515e-06,calm
2018-08-09,1.115283134566227e-05,2.287484759334325e-05,calm
2018-08-13,1.563777286503248e-05,1.7785372736627628e-05,calm
2018-08-14,2.2074986499364303e-05,4.493497828651328e-05,calm
2018-08-15,2.7909451992378936e-05,1.637066864741043e-05,calm
2018-08-16,2.5049545384873958e-05,1.750479894701991e-05,calm
2018-08-20,2.156247331358653e-05,8.955606977887712e-06,calm
2018-08-21,1.5831288065233747e-05,9.847143313368516e-06,calm
2018-08-22,1.4858692688752217e-05,1.2849475604154614e-05,calm
2018-08-23,1.4964347597098941e-05,8.778607505618296e-06,calm
2018-08-27,1.3873095285299073e-05,9.343115575934486e-06,calm
2018-08-28,1.3493439183097744e-05,6.731406980853608e-06,calm
2018-08-29,1.2681695708411769e-05,2.0100691969823984e-05,calm
2018-08-30,1.625856807807139e-05,1.4892996244859516e-05,calm
2018-09-04,1.848409960301265e-05,3.5053643854095e-05,calm
2018-09-05,2.371839978202957e-05,3.489150337542833e-05,calm
2018-09-06,2.795412921911335e-05,3.814183321768991e-05,calm
2018-09-10,3.1500069931638456e-05,1.472110611614496e-05,calm
2018-09-11,2.336681342002196e-05,2.4884567411449644e-05,calm
2018-09-12,2.2668997694441914e-05,1.2726204387781622e-05,calm
2018-09-13,1.8813616834546156e-05,1.2757677608114882e-05,calm
2018-09-17,1.681743157608464e-05,1.4245041404083616e-05,calm
2018-09-18,1.8374549597297716e-05,1.063457610737335e-05,calm
2018-09-19,1.654499327298264e-05,8.311673890179496e-06,calm
2018-09-20,1.399670946413153e-05,6.777642726152144e-06,calm
2018-09-24,1.2621972712690361e-05,8.021425312253984e-06,calm
2018-09-25,1.2979778394025792e-05,2.3740820653048544e-05,calm
2018-09-26,1.7901989017439e-05,9.74386359942428e-06,calm
2018-09-27,1.645915878638351e-05,1.1656450480853398e-05,calm
2018-10-01,1.592920316684707e-05,1.5789160675991803e-05,calm
2018-10-02,1.6756520837095397e-05,1.610845094820653e-05,calm
2018-10-03,1.742574438115447e-05,4.413037786646963e-05,calm
2018-10-04,2.3279778064885506e-05,4.2350197050377066e-05,calm
2018-10-08,3.11277282748427e-05,4.212508379178483e-05,calm
2018-10-09,3.7595812452321384e-05,0.0001483015168757,calm
2018-10-10,5.759804891635622e-05,0.0003819383668723,calm
2018-10-11,0.00013905601618331573,0.0001981396788324,calm
2018-10-15,0.00018089103038815738,4.6229122638354096e-05,calm
2018-10-16,9.148563008623729e-05,0.0001059740238844,calm
2018-10-17,7.216742045497054e-05,0.0001256818832433,calm
2018-10-18,7.521306516468148e-05,8.80717567564226e-05,calm
2018-10-22,8.12705061702922e-05,0.0001286478708651,calm
2018-10-23,8.878549038991964e-05,0.0001776456907556,calm
2018-10-24,0.00010869796186686803,0.0001010515723094,calm
2018-10-25,0.00012584723400209353,0.0003221444567771,calm
2018-10-29,0.0001724252585106045,0.0003020764729368,calm
2018-10-30,0.0001951134900858957,0.0002369290928385,calm
2018-10-31,0.000168376909731622,8.267753088956122e-05,calm
2018-11-01,0.00010253581408862253,6.926351424220781e-05,calm
2018-11-02,7.304963473320448e-05,0.0001625799095452,calm
2018-11-05,8.940969077277707e-05,3.526037727885601e-05,calm
2018-11-06,6.180736848339138e-05,3.699906255462284e-05,calm
2018-11-07,5.1534977449179015e-05,4.081668561237299e-05,calm
2018-11-08,3.986339670511461e-05,4.4635716622966265e-05,calm
2018-11-09,4.06817348481483e-05,5.518134697250357e-05,calm
2018-11-12,4.651228655358871e-05,9.255630065272847e-05,calm
2018-11-13,7.182942875829363e-05,0.0001678628106496,calm
2018-11-14,0.00010010947995456394,0.0001279313287046,calm
2018-11-15,0.00011576434466936623,0.0001864117526916,calm
2018-11-16,0.0001145284531364002,8.18173872137005e-05,calm
2018-11-19,7.814149852870882e-05,0.0001150169734721,calm
2018-11-20,9.109908609381867e-05,0.00018558809343,calm
2018-11-21,0.00013455340580084173,3.7224155417686575e-05,calm
2018-11-23,7.722002804583315e-05,2.5933451961723595e-05,calm
2018-11-26,5.936099752353865e-05,5.437867057759013e-05,calm
2018-11-27,5.227438225527232e-05,6.372690297495023e-05,calm
2018-11-28,5.69024515473561e-05,8.900977788165231e-05,calm
2018-11-29,6.38267508851134e-05,4.564721364675897e-05,calm
2018-11-30,5.829999592693587e-05,2.767887935184395e-05,calm
2018-12-03,4.4242136727364654e-05,6.643940999694947e-05,calm
2018-12-04,4.5880968110587655e-05,0.0001392376408075,calm
2018-12-06,8.921877677258008e-05,0.0002403845847243,calm
2018-12-07,0.0001386088805190777,0.0002527775982023,calm
2018-12-10,0.00018205765714053983,0.0003018428112379,calm
2018-12-11,0.00018743798035223764,0.0001643873544086,calm
2018-12-12,0.00014445586111389223,9.282158360717827e-05,calm
2018-12-13,0.00010810024553711184,0.0001091534493643,calm
2018-12-14,9.568764357168305e-05,0.0001096802923251,calm
2018-12-17,0.00010075706997332234,0.0001512170086518,calm
2018-12-18,0.00014668222835659676,0.0001686396469448,calm
2018-12-19,0.0001742241692172119,0.0006539019029923,calm
2018-12-20,0.00024868792612332813,0.0004018814208597,calm
2018-12-21,0.00029470512905373957,0.0003524798741646,calm
2018-12-24,0.0003187795755280579,0.0002260503233298,calm
2018-12-26,0.00041833555049955624,0.0004178136887276,calm
2018-12-27,0.0003111703885138624,0.0004643961519002,calm
2018-12-28,0.0003221137682336272,0.0002105675308974,calm
2018-12-31,0.0002345011699367358,0.0001258257144179,calm
2019-01-02,0.00015298712136984808,0.0001668253479766,calm
2019-01-03,0.0001262747594213764,0.0002587113321085,calm
2019-01-04,0.00016423193250449998,0.0001645285173802,calm
2019-01-07,0.00011874614577745234,8.030980974785394e-05,calm
2019-01-08,9.998611075388172e-05,0.0001052644650267,calm
2019-01-09,9.607214064716537e-05,7.801788473840017e-05,calm
2019-01-10,8.599561239758481e-05,6.492440384048161e-05,calm
2019-01-11,7.63534150796045e-05,3.468394301253793e-05,calm
2019-01-14,5.6003687067504e-05,4.09595854650613e-05,calm
2019-01-15,5.569366363139186e-05,5.340043197228902e-05,calm
2019-01-16,5.6745747291025995e-05,2.770195188227369e-05,calm
2019-01-17,4.941454629408138e-05,5.893762478047133e-05,calm
2019-01-18,5.0765636043508944e-05,4.0144172880598936e-05,calm
2019-01-22,4.6637326675749474e-05,8.780514065108032e-05,calm
2019-01-23,6.88292934042347e-05,6.593254023523633e-05,calm
2019-01-24,6.728147285619514e-05,3.2706566708394006e-05,calm
2019-01-25,5.03766864911208e-05,2.250399193358918e-05,calm
2019-01-28,3.5654672523627344e-05,6.213898471280582e-05,calm
2019-01-29,4.6486700624627245e-05,3.662907017836939e-05,calm
2019-01-30,4.5558104309581304e-05,7.509750023112143e-05,calm
2019-01-31,5.01081861224232e-05,4.1500860666368855e-05,calm
2019-02-01,4.1899287935323086e-05,4.199372771820832e-05,calm
2019-02-04,3.8326149579385206e-05,2.507437133470585e-05,calm
2019-02-05,3.0631635172331146e-05,1.7727278297650365e-05,calm
2019-02-06,2.4834775956274593e-05,2.102748338479428e-05,calm
2019-02-07,2.3823331418991428e-05,6.599110406731149e-05,calm
2019-02-08,3.74835734434569e-05,3.2914284912599464e-05,calm
2019-02-11,3.461785491168061e-05,2.553217394982135e-05,calm
2019-02-12,3.0409061564628446e-05,2.0570622976763845e-05,calm
2019-02-13,2.562958706037301e-05,1.9755869959153703e-05,calm
2019-02-14,2.4517490359950655e-05,4.428795066043402e-05,calm
2019-02-15,3.2849339096126575e-05,2.071402405687916e-05,calm
2019-02-19,2.5914810479825634e-05,1.1950575613738447e-05,calm
2019-02-20,1.9925232211769022e-05,2.514542621268149e-05,calm
2019-02-21,2.094895724975713e-05,2.272265582400513e-05,calm
2019-02-22,2.234468710277593e-05,1.4473439647915826e-05,calm
2019-02-25,1.8517667302135894e-05,1.5239956908093902e-05,calm
2019-02-26,1.9871132653217878e-05,2.644040039318712e-05,calm
2019-02-27,2.441530334905242e-05,2.3039010436822018e-05,calm
2019-02-28,2.4153298559145265e-05,1.5511555138740784e-05,calm
2019-03-01,2.151374878090376e-05,2.4135830431795576e-05,calm
2019-03-04,2.1191478129344508e-05,5.940186593650029e-05,calm
2019-03-05,3.169325821589165e-05,2.4235784820175425e-05,calm
2019-03-06,2.851490456361295e-05,2.616778056911092e-05,calm
2019-03-07,2.966229663147882e-05,4.802754343421124e-05,calm
2019-03-08,3.8383190572704395e-05,5.227404082347487e-05,calm
2019-03-11,4.0612176428549535e-05,1.896441892981445e-05,calm
2019-03-12,2.591208475716737e-05,2.126787074109617e-05,calm
2019-03-13,2.278714800843712e-05,1.7641207956350988e-05,calm
2019-03-14,2.025794322406504e-05,1.3265116182026764e-05,calm
2019-03-15,1.8067318298928893e-05,1.7821691152403773e-05,calm
2019-03-18,1.7867959112701413e-05,1.7932445034055174e-05,calm
2019-03-19,1.8560324179023596e-05,4.908176167438477e-05,calm
2019-03-20,2.70642645611392e-05,6.297439459653093e-05,calm
2019-03-21,3.4903047486726744e-05,2.6906450338502708e-05,calm
2019-03-22,2.8250828345545865e-05,8.70143017837112e-05,calm
2019-03-25,4.922309393859376e-05,7.523799956294942e-05,calm
2019-03-26,5.615469220397149e-05,4.537807081026542e-05,calm
2019-03-27,4.0234678971182684e-05,5.563405669048456e-05,calm
2019-03-28,4.107779444789459e-05,2.7382233160932063e-05,calm
2019-03-29,3.1020251336797496e-05,2.362094297605962e-05,calm
2019-04-01,2.497216790449323e-05,1.3105025409360363e-05,calm
2019-04-02,1.913752776248163e-05,1.686467840406591e-05,calm
2019-04-03,1.885968272992422e-05,1.975498008778704e-05,calm
2019-04-04,2.0487494454166832e-05,9.35930464116955e-06,calm
2019-04-08,1.649379627797923e-05,2.2462168515747017e-05,calm
2019-04-09,1.8855172674310856e-05,1.0028182177471996e-05,calm
2019-04-10,1.7574084487103367e-05,1.2515713436184244e-05,calm
2019-04-11,1.6342306005160644e-05,1.1817480991767444e-05,calm
2019-04-15,1.5548538225540783e-05,1.0526727704282431e-05,calm
2019-04-16,1.4184300292794581e-05,1.730532931481047e-05,calm
2019-04-17,1.5947242706525984e-05,1.3117969424760523e-05,calm
2019-04-22,1.6355911336709105e-05,1.3576240500851447e-05,calm
2019-04-23,1.640618397339982e-05,1.0800234974915144e-05,calm
2019-04-24,1.5365326207750214e-05,2.902328722285359e-05,calm
2019-04-25,2.1328561026086783e-05,1.547226773012098e-05,calm
2019-04-29,2.0100746108894703e-05,1.7567096484939778e-05,calm
2019-04-30,1.976995698572286e-05,3.397951059730998e-05,calm
2019-05-01,2.4206654419423025e-05,4.40206705474332e-05,calm
2019-05-02,3.213976859823016e-05,1.2596988664457823e-05,calm
2019-05-06,2.3012220090509707e-05,0.0001032199177762,calm
2019-05-07,4.118247166923134e-05,4.7243118843934905e-05,calm
2019-05-08,5.3333272141071314e-05,0.0001004886189159,calm
2019-05-09,7.007108183862325e-05,0.0001064546189021,calm
2019-05-13,7.258186109176562e-05,5.259654062131538e-05,calm
2019-05-14,6.355820700591339e-05,5.082868843501586e-05,calm
2019-05-15,5.090102202114853e-05,2.945001272015039e-05,calm
2019-05-16,3.526356745679989e-05,5.314382901115532e-05,calm
2019-05-20,3.550181419775831e-05,1.7285222806834182e-05,calm
2019-05-21,2.737524393919482e-05,1.9454712809871885e-05,calm
2019-05-22,2.268697409132618e-05,6.036974802537541e-05,calm
2019-05-23,3.179101172867326e-05,2.786128815786744e-05,calm
2019-05-28,3.376788303199718e-05,7.085343977751259e-05,calm
2019-05-29,4.828441091260862e-05,3.571958869288087e-05,calm
2019-05-30,4.401426376326321e-05,4.60766889648562e-05,calm
2019-06-03,4.229884864531635e-05,4.2782735705413526e-05,calm
2019-06-04,5.0140630526148137e-05,4.040021247038711e-05,calm
2019-06-05,3.90126689197919e-05,3.631495686227189e-05,calm
2019-06-06,3.4455031788829145e-05,3.423559994746755e-05,calm
2019-06-10,3.352536039791664e-05,3.490024249742831e-05,calm
2019-06-11,3.334169366732144e-05,1.814033607684509e-05,calm
2019-06-12,2.6785845174026036e-05,2.683158334355361e-05,calm
2019-06-13,2.6839576593676476e-05,1.912292301386122e-05,calm
2019-06-17,2.4150440624249527e-05,3.681001397393642e-05,calm
2019-06-18,2.730581916108146e-05,3.21078105099889e-05,calm
2019-06-19,2.8115285246573016e-05,2.714099091381327e-05,calm
2019-06-20,2.5505468005131597e-05,1.7202974350033096e-05,calm
2019-06-24,2.2880909688169158e-05,2.873537073500063e-05,calm
2019-06-25,2.687745962514834e-05,2.102663760894733e-05,calm
2019-06-26,2.8211461381154292e-05,1.3104702028366556e-05,calm
2019-06-27,2.3294415044144582e-05,9.943580798373684e-06,calm
2019-07-01,1.854527211230681e-05,2.3478002859429457e-05,calm
2019-07-02,1.8335678673470842e-05,4.697047250172807e-06,calm
2019-07-08,1.153671260845078e-05,7.449747467573047e-06,calm
2019-07-09,1.2016009540109449e-05,2.07908372817478e-05,calm
2019-07-10,1.6262845497119455e-05,1.0046560624089676e-05,calm
2019-07-11,1.3787280718814622e-05,5.162526014713094e-06,calm
2019-07-15,1.1088234203292791e-05,1.1211932110585954e-05,calm
2019-07-16,1.2173431248131047e-05,1.48283459510587e-05,calm
2019-07-17,1.428658728570888e-05,1.562226177776598e-05,calm
2019-07-18,1.731744344175653e-05,2.512128168713926e-05,calm
2019-07-22,2.0212888073823297e-05,1.4335776887564914e-05,calm
2019-07-23,1.827754078908009e-05,8.753692128270211e-06,calm
2019-07-24,1.4045113160409705e-05,2.3172848952208548e-05,calm
2019-07-25,1.6415459833468667e-05,6.093366842320574e-06,calm
2019-07-29,1.325698956196079e-05,1.6922286142658608e-05,calm
2019-07-30,1.589888306208222e-05,7.345354521941546e-05,calm
2019-07-31,2.980947858922834e-05,0.0001996619929246,calm
2019-08-01,6.122563867220956e-05,7.497106558483183e-05,calm
2019-08-05,6.458886167339866e-05,0.0001019194984869,calm
2019-08-06,0.0001267930884066339,0.0001796903412615,calm
2019-08-07,0.00010357915081535447,3.606328170118972e-05,calm
2019-08-08,6.0968382568957236e-05,7.883650088058323e-05,calm
2019-08-12,5.195197060026953e-05,0.000209593892745,calm
2019-08-13,0.00011438147212169418,0.0001298435058053,calm
2019-08-14,7.787548257179757e-05,9.471466183743376e-05,calm
2019-08-15,0.00010541268941884223,4.698525799930084e-05,calm
2019-08-19,7.851922581355736e-05,3.3853321842745626e-05,calm
2019-08-20,4.367927127548664e-05,1.3320721431842305e-05,calm
2019-08-21,2.8727256829483846e-05,5.1665225158630334e-05,calm
2019-08-22,3.274865960159086e-05,0.0002320061666315,calm
2019-08-26,6.702557584275755e-05,5.549093571483972e-05,calm
2019-08-27,7.046383137301693e-05,3.898577156381297e-05,calm
2019-08-28,6.224841934851578e-05,4.2825722812424014e-05,calm
2019-08-29,5.318243198803392e-05,3.160548515500316e-05,calm
2019-09-03,4.068527472923068e-05,1.265979841420094e-05,calm
2019-09-04,3.2486037179790714e-05,2.1469383850037155e-05,calm
2019-09-05,2.7595547102228636e-05,1.5298727793750398e-05,calm
2019-09-09,2.3010942818563718e-05,3.925456486967616e-05,calm
2019-09-10,2.7645267989250183e-05,1.512477472425608e-05,calm
2019-09-11,2.2997484665001726e-05,3.3003247142837e-05,calm
2019-09-12,2.550815017984107e-05,1.4888719088927452e-05,calm
2019-09-16,2.0780492299833946e-05,9.761804908782494e-06,calm
2019-09-17,1.707786234819467e-05,3.53777220692871e-05,calm
2019-09-18,2.2722056924274932e-05,1.8225292847557523e-05,calm
2019-09-19,2.069178105451861e-05,5.867431026768935e-05,calm
2019-09-23,2.9500909834381235e-05,9.25119932530509e-05,calm
2019-09-24,4.384569809633226e-05,2.48411785245902e-05,calm
2019-09-25,3.7687854931383784e-05,3.918849310244307e-05,calm
2019-09-26,3.4772432959657857e-05,7.109855488239981e-05,calm
2019-09-30,4.2813283187639745e-05,6.851338580875686e-05,calm
2019-10-01,4.657240469034406e-05,7.322633779958432e-05,calm
2019-10-02,5.9737470626019324e-05,0.0001380329002744,calm
2019-10-03,9.177714052283267e-05,2.448524410424813e-05,calm
2019-10-07,5.038660474839287e-05,7.098206703319046e-05,calm
2019-10-08,5.071528367277202e-05,3.792137388964542e-05,calm
2019-10-09,5.492475739193634e-05,5.043025019785123e-05,calm
2019-10-10,4.9559924774376235e-05,4.9124116132029766e-05,calm
2019-10-14,4.3435409850578626e-05,1.6589261558868172e-05,calm
2019-10-15,2.2621103457085966e-05,1.1188297457003333e-05,calm
2019-10-16,1.536772981291845e-05,1.7743857845377015e-05,calm
2019-10-17,1.6462727341076625e-05,2.42083599446448e-05,calm
2019-10-21,1.9456272582966623e-05,1.500334463712479e-05,calm
2019-10-22,1.818045565861039e-05,1.050792542613491e-05,calm
2019-10-23,1.6306202721266517e-05,1.562835528695733e-05,calm
2019-10-24,1.681205675938514e-05,1.3469011452015322e-05,calm
2019-10-28,1.6021954234677e-05,1.1672254546816704e-05,calm
2019-10-29,1.4442930113117783e-05,1.2491225192943363e-05,calm
2019-10-30,1.4549164818965373e-05,1.7716750142129736e-05,calm
2019-10-31,1.5277330500826023e-05,3.3698428573605046e-05,calm
2019-11-01,2.1753155740902007e-05,1.120081948751908e-05,calm
2019-11-04,1.6004584741004746e-05,9.065528063991875e-06,calm
2019-11-05,1.4082032529543644e-05,9.433773393333282e-06,calm
2019-11-06,1.387733716043707e-05,1.3665168588464985e-05,calm
2019-11-07,1.470588142026011e-05,2.082069122562048e-05,calm
2019-11-08,1.7514483884644622e-05,1.1127480326848302e-05,calm
2019-11-11,1.4671381913405754e-05,4.36836926766004e-06,calm
2019-11-12,1.1146795088488044e-05,1.1138476767106625e-05,calm
2019-11-13,1.2986197557266897e-05,1.554605482443375e-05,calm
2019-11-14,1.5860987445807766e-05,1.0173373597189418e-05,calm
2019-11-15,1.5043844510477208e-05,6.257428902307333e-06,calm
2019-11-19,1.1811223952425848e-05,1.157928539843674e-05,calm
2019-11-20,1.3900945902868604e-05,2.81103598915551e-05,calm
2019-11-21,1.9117989411424095e-05,1.881411727324705e-05,calm
2019-11-22,1.9721480837256872e-05,9.504200555933884e-06,calm
2019-11-25,1.4992311434684048e-05,8.403049745545805e-06,calm
2019-11-26,1.280413280481169e-05,5.838695723704584e-06,calm
2019-11-27,1.0912745078732554e-05,3.019774206215128e-06,calm
2019-11-29,8.855593340189473e-06,4.064683817858975e-06,calm
2019-12-02,9.263799577207515e-06,3.7741710520913023e-05,calm
2019-12-03,2.0765295692643665e-05,4.469570999547762e-05,calm
2019-12-04,3.1291462836464415e-05,1.3528832653276542e-05,calm
2019-12-05,2.1407063449988387e-05,1.6677415594692022e-05,calm
2019-12-06,1.9048097387486033e-05,9.877697503318428e-06,calm
2019-12-09,1.477362640856346e-05,5.983517794197846e-06,calm
2019-12-10,1.4713837611901422e-05,2.0326764500337258e-05,calm
2019-12-11,1.9079379816380544e-05,8.389742371123895e-06,calm
2019-12-12,1.532046213999574e-05,8.232112992746497e-05,calm
2019-12-13,2.4361024580831978e-05,4.513146124028768e-05,calm
2019-12-17,2.334146058648763e-05,5.536840746629056e-06,calm
2019-12-18,1.2584308633255368e-05,7.436259624046638e-06,calm
2019-12-19,1.1205395103937755e-05,7.715559911999179e-06,calm
2019-12-20,1.1093310378446094e-05,4.71074751314502e-06,calm
2019-12-23,9.844274723049674e-06,2.007677535947584e-06,calm
2019-12-24,7.809858507524923e-06,1.9708074661030005e-06,calm
2019-12-26,7.187443552918488e-06,4.043394394638682e-06,calm
2019-12-27,8.070677228187834e-06,8.048738726933601e-06,calm
2019-12-30,1.0556650362264262e-05,2.1934431884034832e-05,calm
2019-12-31,1.701452700828851e-05,1.0054046099627608e-05,calm
2020-01-02,1.495294889521682e-05,1.535818321197111e-05,calm
2020-01-03,1.416775111178385e-05,3.3386040996003455e-05,calm
2020-01-06,2.0993979134901163e-05,1.058169510038822e-05,calm
2020-01-07,1.6260896093796865e-05,1.1886631103644898e-05,calm
2020-01-08,1.4906962132621823e-05,2.449472595551089e-05,calm
2020-01-09,1.7142248242865652e-05,1.3731123346031617e-05,calm
2020-01-10,1.427550857860339e-05,1.6046829718827466e-05,calm
2020-01-13,1.4338939644407681e-05,5.598573977966467e-06,calm
2020-01-14,1.0580365071679784e-05,1.5127789592750574e-05,calm
2020-01-15,1.255020251603503e-05,1.642960405588678e-05,calm
2020-01-16,1.3977514601047706e-05,6.989138860954526e-06,calm
2020-01-17,1.1206529123689105e-05,9.291305794310842e-06,calm
2020-01-21,1.1001758671613885e-05,1.164060212347313e-05,calm
2020-01-22,1.2684228329195866e-05,1.239969823598987e-05,calm
2020-01-23,1.348218690970133e-05,2.466492060737853e-05,calm
2020-01-24,1.6913788800682997e-05,5.4148092680642136e-05,calm
2020-01-27,2.7703314213834644e-05,4.1737160258468405e-05,calm
2020-01-28,4.351398800631256e-05,2.048911048328732e-05,calm
2020-01-29,2.9489834122156076e-05,2.553788729134618e-05,calm
2020-01-30,2.8399186112783076e-05,5.302696331151869e-05,calm
2020-01-31,3.2024546238079925e-05,8.601276283564497e-05,calm
2020-02-03,5.772998427603909e-05,4.467513656114683e-05,calm
2020-02-04,4.716728570137119e-05,2.093786397039005e-05,calm
2020-02-05,2.777827960079184e-05,2.6018154605913545e-05,calm
2020-02-06,2.444609396686945e-05,1.9401847633628207e-05,calm
2020-02-07,2.1816621757839315e-05,2.7983350362091603e-05,calm
2020-02-10,2.4783917857870847e-05,1.7929805366934333e-05,calm
2020-02-11,2.117797469914458e-05,2.318419979871149e-05,calm
2020-02-12,2.2209054274491748e-05,1.428973783804798e-05,calm
2020-02-13,1.6789532075500194e-05,2.513147753343672e-05,calm
2020-02-14,1.9991058113071476e-05,1.3083251827235844e-05,calm
2020-02-18,1.6704029906125212e-05,2.3007081384388515e-05,calm
2020-02-19,2.1388279984540068e-05,6.098339421629991e-06,calm
2020-02-20,1.4232040328577444e-05,8.94488999226194e-05,covid_2020
2020-02-21,3.3410582654749766e-05,5.549565573167341e-05,covid_2020
2020-02-24,4.580328155285006e-05,0.0001187294660305,covid_2020
2020-02-25,0.00013284076185006517,0.0002460975593633,covid_2020
2020-02-26,0.00023607310962233332,0.0002759633387767,covid_2020
2020-02-27,0.00023519899095129928,0.0007192585684411,covid_2020
2020-02-28,0.0006470520648396981,0.0014046653125629,covid_2020
2020-03-02,0.0007259735706914813,0.0006274042690806,covid_2020
2020-03-03,0.00038383000758735315,0.0018438945507696,covid_2020
2020-03-04,0.0006106903784084338,0.0002672030443305,covid_2020
2020-03-05,0.00030340796232812886,0.0003660614597655,covid_2020
2020-03-06,0.00047277854616217894,0.0005555304534498,covid_2020
2020-03-09,0.0005427197780689096,0.0023004465149658,covid_2020
2020-03-10,0.0012610648069582508,0.0010931449720194,covid_2020
2020-03-11,0.0008557896651336342,0.0005231715342311,covid_2020
2020-03-12,0.001032850267756654,0.0041530389114315,covid_2020
2020-03-13,0.0026197694440212435,0.0026286393307086,covid_2020
2020-03-16,0.0018793608666242277,0.0041210577284822,covid_2020
2020-03-17,0.003453403892955619,0.0022720311368001,covid_2020
2020-03-18,0.0030971206178846238,0.0024878011455451,covid_2020
2020-03-19,0.0029470659186686056,0.0020876651794065,covid_2020
2020-03-20,0.00249820959562074,0.0015386572469939,covid_2020
2020-03-23,0.0018884622895464411,0.0028603795571004,covid_2020
2020-03-24,0.0017280001407667376,0.0009238718839428,covid_2020
2020-03-25,0.0013714049917348567,0.0013243062082831,covid_2020
2020-03-26,0.0014190243157542084,0.0010927357746016,covid_2020
2020-03-27,0.0011388939150638485,0.000569896235157,covid_2020
2020-03-30,0.0010899445355293063,0.000402790363323,covid_2020
2020-03-31,0.0007177157064079722,0.000322112363326,covid_2020
2020-04-01,0.00057728433759823,0.0007577293880755,covid_2020
2020-04-02,0.0007181237751024952,0.0003636440526063,covid_2020
2020-04-06,0.0005113475327807316,0.0006460316642928,covid_2020
2020-04-07,0.0004302057644420032,0.0002220915863307,covid_2020
2020-04-08,0.0003908413495444602,0.0003547630217978,covid_2020
2020-04-13,0.00033393023932282867,0.0001609695003167,covid_2020
2020-04-14,0.0002499121132715099,0.0002034095116318,covid_2020
2020-04-15,0.00019575808215548988,0.0001853909716879,covid_2020
2020-04-16,0.00020360570388624046,0.0001371431897698,covid_2020
2020-04-20,0.00018162939417867328,0.0002807114859611,covid_2020
2020-04-21,0.0002266104743920604,8.385459838723181e-05,covid_2020
2020-04-22,0.00021859220509016678,0.000193835085873,covid_2020
2020-04-23,0.00021451096021348368,8.825351969463739e-05,covid_2020
2020-04-27,0.00020074531758321914,0.0001483098777894,covid_2020
2020-04-28,0.00015620356568220076,6.874891170214791e-05,covid_2020
2020-04-29,0.0001474712579212575,0.0001640663526379,covid_2020
2020-04-30,0.00014379038577219677,0.0001383846130357,covid_2020
2020-05-04,0.00016943137891503384,8.737595325859279e-05,calm
2020-05-05,0.00017584258687150113,0.0001076282426851,calm
2020-05-06,0.00015830649574446586,6.928241516691661e-05,calm
2020-05-07,0.00014921548548229064,3.493052321055395e-05,calm
2020-05-11,0.00011666391191702647,9.254978884272516e-05,calm
2020-05-12,9.933774124644269e-05,0.0003055976336489,calm
2020-05-13,0.00015139936436395427,0.0002527474932341,calm
2020-05-14,0.00019482314451889859,0.0001538720151598,calm
2020-05-18,0.00016812270497900336,0.0001374663711738,calm
2020-05-19,0.00013525612304698644,5.184289561160323e-05,calm
2020-05-20,0.0001245472457541785,9.945151668623746e-05,calm
2020-05-21,0.00011054028369729752,4.7964911100726e-05,calm
2020-05-26,0.00010786950891598714,0.0001311293840419,calm
2020-05-27,0.00010783344347234687,0.0001039860134638,calm
2020-05-28,0.0001071271302031837,0.0002140245318283,calm
2020-06-01,0.00012686252101288048,4.463974143317444e-05,calm
2020-06-02,0.00010460519269199365,3.364267192512235e-05,calm
2020-06-03,8.214971922424932e-05,6.588658726446698e-05,calm
2020-06-04,7.595305011483545e-05,7.772121236108856e-05,calm
2020-06-08,7.905304723264842e-05,7.12606002799758e-05,calm
2020-06-09,7.915756445355073e-05,0.0001652964900332,calm
2020-06-10,0.00010221443111405942,0.0002947131631139,calm
2020-06-11,0.0001234715661336535,0.0005370909293607,calm
2020-06-15,0.00032420509545085104,0.0002984500404081,calm
2020-06-16,0.0002710478543534866,7.836506060326633e-05,calm
2020-06-17,0.00019749511036113294,7.435351620084829e-05,calm
2020-06-18,0.0001625415577176934,0.0001845770727339,calm
2020-06-22,0.00016195853135021223,4.4991544069681983e-05,calm
2020-06-23,0.00012170784268599781,0.0002325984131621,calm
2020-06-24,0.00013434367933503602,0.0001585836317816,calm
2020-06-25,0.0001572576103723257,0.0001417447775985,calm
2020-06-29,0.00014857784895280752,8.134269074861536e-05,calm
2020-06-30,0.0001313815956357553,7.674504157836615e-05,calm
2020-07-01,0.0001152819769635651,8.369163388353996e-05,calm
2020-07-06,0.00010299852026960129,4.932219573738567e-05,calm
2020-07-07,8.974154603704645e-05,7.271051668497684e-05,calm
2020-07-08,9.72549153873541e-05,0.0001494709682402,calm
2020-07-09,0.0001041379748269854,8.041823046969235e-05,calm
2020-07-13,0.00010691875504203544,0.0001980537305065,calm
2020-07-14,0.00014231383036309684,0.0001199937970587,calm
2020-07-15,0.00012206816950841048,5.575018662711132e-05,calm
2020-07-16,9.341900438808512e-05,2.6277162066045865e-05,calm
2020-07-20,7.494195795175994e-05,4.4821792799947744e-05,calm
2020-07-21,5.9412980206038664e-05,4.1505151037387936e-05,calm
2020-07-22,5.819534434146519e-05,8.210175761997506e-05,calm
2020-07-23,6.32223977549144e-05,7.721705295737938e-05,calm
2020-07-27,7.503019661984788e-05,3.3596936451612125e-05,calm
2020-07-28,6.11759794751909e-05,3.421152762239013e-05,calm
2020-07-29,5.890311126476742e-05,6.627927925200805e-05,calm
2020-07-30,5.9028082014263177e-05,9.382567842813984e-05,calm
2020-08-03,7.013922520467008e-05,2.6884913484115697e-05,calm
2020-08-04,5.484141958047395e-05,1.7879698955358604e-05,calm
2020-08-05,4.3440969069438685e-05,2.5601158178138605e-05,calm
2020-08-06,3.980084431717621e-05,5.11789850149717e-05,calm
2020-08-10,4.426328160078083e-05,9.28155914461042e-05,calm
2020-08-11,5.282527120992638e-05,3.104410760916782e-05,calm
2020-08-12,5.2706840963595365e-05,2.653068523521795e-05,calm
2020-08-13,4.1344150572219416e-05,3.3362828740994555e-05,calm
2020-08-17,4.141624936837729e-05,3.304154236360309e-05,calm
2020-08-18,3.8809316920596185e-05,3.01152784299246e-05,calm
2020-08-19,3.804055169945129e-05,1.8073576814746308e-05,calm
2020-08-20,3.591341346229873e-05,1.947432694048474e-05,calm
2020-08-24,3.4812197926923554e-05,1.892561379013808e-05,calm
2020-08-25,3.272266481124597e-05,2.6796579095160505e-05,calm
2020-08-26,3.433377449393731e-05,6.753630536552151e-05,calm
2020-08-27,4.953599695378205e-05,1.9898177493274488e-05,calm
2020-08-31,4.4681409154485535e-05,3.0289108801083148e-05,calm
2020-09-01,5.226512206574524e-05,4.5848321394645935e-05,calm
2020-09-02,5.6060796934413035e-05,0.0004466029072313,calm
2020-09-03,0.00010552714188265522,0.000528240843047,calm
2020-09-08,0.00022654272229021577,0.0001127965403919,calm
2020-09-09,0.00016246627123207074,0.0002773562290203,calm
2020-09-10,0.00015770220564552328,0.0001683476469891,calm
2020-09-14,0.00015694281891402787,3.774104373707017e-05,calm
2020-09-15,7.877156442840287e-05,6.615314657930894e-05,calm
2020-09-16,7.180053532888772e-05,0.0001323579293337,calm
2020-09-17,8.385116648958706e-05,0.0001084947778282,calm
2020-09-21,9.0686534033146e-05,7.781766951524045e-05,calm
2020-09-22,9.600607875651242e-05,0.0001227565539986,calm
2020-09-23,9.588418675660399e-05,0.000215304301445,calm
2020-09-24,0.00012425043606757236,0.000116855330636,calm
2020-09-28,0.00012075368676619552,5.258906684972024e-05,calm
2020-09-29,8.693321285594305e-05,0.0001278650723093,calm
2020-09-30,9.343478072136065e-05,7.328048082412484e-05,calm
2020-10-01,8.902486217444509e-05,0.0001521186295056,calm
2020-10-05,9.973249139162348e-05,0.0001955387974632,calm
2020-10-06,0.00011998448575949115,5.389300812629073e-05,calm
2020-10-07,0.00010933390742410032,3.276271837389301e-05,calm
2020-10-08,8.162965993915462e-05,2.951109904686509e-05,calm
2020-10-12,6.555023862977705e-05,5.9492758892514347e-05,calm
2020-10-13,6.344706610425166e-05,6.66838247228369e-05,calm
2020-10-14,7.261863020569595e-05,4.951877239479944e-05,calm
2020-10-15,7.34064459964605e-05,4.080771314167797e-05,calm
2020-10-19,7.1711759337994e-05,0.0001051543808722,calm
2020-10-20,9.3334283420849e-05,9.11667588006882e-05,calm
2020-10-21,0.00010041697523192521,7.433695800916833e-05,calm
2020-10-22,9.290190458718432e-05,3.423347638373936e-05,calm
2020-10-26,7.487242068002525e-05,0.000113579209334,calm
2020-10-27,0.00010867456378714387,5.834479742963298e-05,calm
2020-10-28,0.00011161811101186412,0.000199862617533,calm
2020-10-29,0.00019015573966681883,0.0001575475974957,calm
2020-10-30,0.0001907851097584911,0.000276284215114,calm
2020-11-02,0.00021569020412307927,0.0001164584430833,calm
2020-11-03,0.00017858870630459476,0.0001214116055037,calm
2020-11-04,0.000151495378460775,0.0001932086072511,calm
2020-11-05,0.00011632051128172929,9.501223434864e-05,calm
2020-11-06,9.595889611227208e-05,9.121390432811506e-05,calm
2020-11-09,8.096788299702196e-05,0.0004320155270632,calm
2020-11-10,0.00011508821195911474,0.0001549841328875,calm
2020-11-11,0.00010762259520015669,3.786906653055408e-05,calm
2020-11-12,7.409855722086067e-05,7.361330166928761e-05,calm
2020-11-13,8.120210453592119e-05,3.6868267692669375e-05,calm
2020-11-16,6.167917132811129e-05,5.333698852319379e-05,calm
2020-11-17,5.85645859764044e-05,3.3117367086166546e-05,calm
2020-11-18,5.49555839189584e-05,4.767741618286679e-05,calm
2020-11-19,6.088295953792189e-05,5.642310539963253e-05,calm
2020-11-20,6.106999691356602e-05,3.234469279722991e-05,calm
2020-11-23,5.76774071111527e-05,6.286200687800076e-05,calm
2020-11-24,5.77098579118557e-05,2.457678750802176e-05,calm
2020-11-25,4.6076863651120615e-05,2.8004950183136943e-05,calm
2020-11-27,4.287056749894965e-05,7.581074244517271e-06,calm
2020-11-30,3.1792583950030674e-05,5.343974496026069e-05,calm
2020-12-01,3.898107156618878e-05,4.127460278256987e-05,calm
2020-12-02,4.238895707411895e-05,2.493315076782388e-05,calm
2020-12-03,4.112369818550435e-05,4.2798466233126216e-05,calm
2020-12-04,4.495343597512386e-05,1.8511557198377515e-05,calm
2020-12-07,3.687734696315426e-05,1.9960211592068304e-05,calm
2020-12-08,3.592650918284767e-05,1.3653434745004585e-05,calm
2020-12-09,3.045918803260574e-05,6.158723625032016e-05,calm
2020-12-10,4.556965630691417e-05,6.562439560071342e-05,calm
2020-12-11,5.464953803276302e-05,3.770830016888652e-05,calm
2020-12-14,5.3850067537462e-05,5.6914554800908086e-05,calm
2020-12-15,6.347996153818395e-05,2.850646918856208e-05,calm
2020-12-16,4.6937824183355984e-05,2.120788738551952e-05,calm
2020-12-17,4.0207877906966534e-05,2.116312941424712e-05,calm
2020-12-18,3.608174136252806e-05,4.316586998019164e-05,calm
2020-12-21,4.094274897139764e-05,7.790965549313342e-05,calm
2020-12-22,6.758116971700987e-05,3.933241809328295e-05,calm
2020-12-23,5.7377002835184334e-05,1.743131764438956e-05,calm
2020-12-24,4.0830473662742574e-05,9.839720837014678e-06,calm
2020-12-28,2.7972562929558615e-05,7.82628644780017e-06,calm
2020-12-29,2.392219221621062e-05,3.674875007292851e-05,calm
2020-12-30,3.6874077180694656e-05,1.1019308568722036e-05,calm
2020-12-31,3.0451588302311414e-05,1.3464711619847874e-05,calm
2021-01-04,2.9479410404141742e-05,0.0001273337648734,calm
2021-01-05,6.79846350007857e-05,6.671771375198702e-05,calm
2021-01-06,6.76090867177891e-05,0.0001242172929139,calm
2021-01-07,7.811244646396629e-05,4.871737383758866e-05,calm
2021-01-08,5.383733900186775e-05,6.204511019819588e-05,calm
2021-01-12,5.2574334635955375e-05,3.8356666615701024e-05,calm
2021-01-13,5.416485033951275e-05,2.450362713147212e-05,calm
2021-01-14,4.210408088846567e-05,2.194863762386764e-05,calm
2021-01-15,4.079137333940466e-05,6.94226766049533e-05,calm
2021-01-19,5.782316482008486e-05,3.131134609776751e-05,calm
2021-01-20,4.763449327210177e-05,2.19571072044416e-05,calm
2021-01-21,3.5901736448286814e-05,1.5656938951223573e-05,calm
2021-01-22,3.120091924362766e-05,2.277641912651425e-05,calm
2021-01-25,3.3869140985771015e-05,0.0001212226931331,calm
2021-01-26,5.9500313595146686e-05,2.679437922883485e-05,calm
2021-01-27,4.6658126166913884e-05,0.0002566317241467,calm
2021-01-28,0.00020647617280737085,0.0001463661787123,calm
2021-01-29,0.0001399478283856416,0.0002565847765521,calm
2021-02-01,0.0001904939213874841,0.0001012262665154,calm
2021-02-02,0.0001293165076787314,7.661875489384855e-05,calm
2021-02-03,7.876252405193348e-05,3.357182634761036e-05,calm
2021-02-04,5.03085498403156e-05,2.0252677563845744e-05,calm
2021-02-05,3.712848338231194e-05,2.2534807840900018e-05,calm
2021-02-08,3.31827569372826e-05,2.231851562198731e-05,calm
2021-02-09,3.38802485138291e-05,9.386921404520109e-06,calm
2021-02-10,2.931548910484954e-05,7.793511118171113e-05,calm
2021-02-11,4.5101384152036476e-05,4.2971804578401895e-05,calm
2021-02-12,4.4442803400863196e-05,1.4517692680906511e-05,calm
2021-02-16,3.1769373685221276e-05,4.223490701608808e-05,calm
2021-02-17,4.082857618799266e-05,4.005374372390875e-05,calm
2021-02-18,4.319489833220245e-05,4.36045928684429e-05,calm
2021-02-19,4.863073637495891e-05,2.815635554290462e-05,calm
2021-02-22,4.223499661782118e-05,3.537893749466648e-05,calm
2021-02-23,4.7575853692137094e-05,0.0001450558358643,calm
2021-02-24,6.959121182993596e-05,5.0005018163275e-05,calm
2021-02-25,5.200642904159772e-05,0.0001364867376194,calm
2021-02-26,0.0001204523805061588,0.0002771715538038,calm
2021-03-01,0.0001555538462385777,8.495049204576004e-05,calm
2021-03-02,8.520786095141534e-05,7.249876334360952e-05,calm
2021-03-03,8.067446812192735e-05,0.0001213788792926,calm
2021-03-04,0.00010832143146027543,0.0003855135354915,calm
2021-03-05,0.0001750997782378412,0.0002434694285022,calm
2021-03-08,0.00012753472861424522,0.000161324435454,calm
2021-03-09,0.0001249446326359209,5.5586375225240906e-05,calm
2021-03-10,8.10917607101968e-05,8.607038656934875e-05,calm
2021-03-11,7.230394544752827e-05,3.928187647642177e-05,calm
2021-03-12,5.5224459391319966e-05,2.8735499481851003e-05,calm
2021-03-15,4.2320067371653586e-05,2.6072173439860388e-05,calm
2021-03-16,3.6152217314948347e-05,2.127820688789947e-05,calm
2021-03-17,3.21046694488441e-05,6.558327021615637e-05,calm
2021-03-18,4.117212822387735e-05,5.473245559052156e-05,calm
2021-03-19,5.479254558022368e-05,6.89737091433628e-05,calm
2021-03-22,5.971940659422468e-05,1.5048698914522186e-05,calm
2021-03-23,3.4349723231461365e-05,3.914827415340234e-05,calm
2021-03-24,4.214069162977354e-05,6.672759023927827e-05,calm
2021-03-25,5.511624039433855e-05,0.0001013250281365,calm
2021-03-26,5.8048926541540666e-05,8.356303612791502e-05,calm
2021-03-29,5.436191727623737e-05,3.394869749018731e-05,calm
2021-03-30,5.3909427252681776e-05,1.5010896224353178e-05,calm
2021-03-31,3.5286273643969714e-05,1.5474190687546738e-05,calm
2021-04-05,2.952706734344537e-05,1.31856516217403e-05,calm
2021-04-06,2.281167574108051e-05,1.3969931704806398e-05,calm
2021-04-07,2.2556001358307573e-05,8.0506303485583e-06,calm
2021-04-08,1.7596395090631807e-05,9.896455462448367e-06,calm
2021-04-12,1.664151856700269e-05,7.229899053097587e-06,calm
2021-04-13,1.49005971031192e-05,3.272274702008801e-05,calm
2021-04-14,2.1459984826253888e-05,2.278113269288076e-05,calm
2021-04-15,2.30657106305334e-05,1.3104330745515952e-05,calm
2021-04-19,1.936639680510894e-05,3.552342675883333e-05,calm
2021-04-20,2.7615315889339645e-05,1.778850598586463e-05,calm
2021-04-21,2.8106648599812786e-05,8.074495764386004e-05,calm
2021-04-22,3.9314317757003086e-05,1.803288386582267e-05,calm
2021-04-26,3.221985595787346e-05,1.5143302912074993e-05,calm
2021-04-27,2.5126726097932485e-05,1.894435645249391e-05,calm
2021-04-28,2.346100772780798e-05,3.0026113656434087e-05,calm
2021-04-29,2.6655525897425662e-05,2.927537705067475e-05,calm
2021-05-03,2.851135756881535e-05,5.972814604774194e-05,calm
2021-05-04,3.9996988192728846e-05,2.350048282313268e-05,calm
2021-05-05,3.487062425931755e-05,5.821577077843215e-05,calm
2021-05-06,4.3598446842651996e-05,2.4929876179163583e-05,calm
2021-05-10,3.258506901765458e-05,0.0001355145540832,calm
2021-05-11,6.0848148854245184e-05,7.275191543804649e-05,calm
2021-05-12,7.08189749384652e-05,0.000117362887941,calm
2021-05-13,0.00012752221296982277,3.836346257473453e-05,calm
2021-05-17,6.716768467167167e-05,3.745603462585221e-05,calm
2021-05-18,4.3097692956888e-05,0.0001357784103004,calm
2021-05-19,6.892372694443498e-05,3.095313898108256e-05,calm
2021-05-20,5.252817038282075e-05,4.2740135400671605e-05,calm
2021-05-24,4.507505321613491e-05,2.1061782466102745e-05,calm
2021-05-25,2.945542748159347e-05,1.1854273288280844e-05,calm
2021-05-26,2.329124349098902e-05,1.0479052213237546e-05,calm
2021-05-27,1.818970785194504e-05,7.587755545834326e-06,calm
2021-06-01,1.4657498388636983e-05,1.14500425911897e-05,calm
2021-06-02,1.71583815161258e-05,3.351225358868178e-05,calm
2021-06-03,2.5087353280736288e-05,9.216553542173696e-06,calm
2021-06-07,1.9590284443224793e-05,1.627455596826424e-05,calm
2021-06-08,1.9025273557858445e-05,5.232172368265843e-06,calm
2021-06-09,1.403136478387123e-05,2.620038893883176e-05,calm
2021-06-10,2.2011583700481e-05,7.178118703655237e-06,calm
2021-06-14,1.4882624283027726e-05,1.051745512674122e-05,calm
2021-06-15,1.5098608590355083e-05,6.896946573777087e-05,calm
2021-06-16,2.969260614803073e-05,4.69630722351972e-05,calm
2021-06-17,3.530331224727e-05,7.463480353050188e-05,calm
2021-06-21,4.238604185821004e-05,9.122564671395817e-06,calm
2021-06-22,2.269393303284111e-05,1.2620145856199508e-05,calm
2021-06-23,1.961444061376444e-05,9.807920809531591e-06,calm
2021-06-24,1.6676033474250885e-05,2.7895689994746843e-06,calm
2021-06-28,1.0461782661269809e-05,6.323526792163192e-06,calm
2021-06-29,1.109296335681571e-05,5.897339698229372e-06,calm
2021-06-30,1.1191499022247163e-05,7.793323739258101e-06,calm
2021-07-01,1.1958010181572322e-05,5.008962042957298e-06,calm
2021-07-06,1.0423386878979011e-05,2.824526965725836e-05,calm
2021-07-07,1.838684388016249e-05,7.543406172627109e-05,calm
2021-07-08,3.027394338951813e-05,1.768033135022103e-05,calm
2021-07-12,2.674365121425409e-05,1.9218362912371888e-05,calm
2021-07-13,2.1472619862177924e-05,2.5630436498269584e-05,calm
2021-07-14,2.464530282040786e-05,3.599091085712917e-05,calm
2021-07-15,2.5751897398833983e-05,2.621008734990812e-05,calm
2021-07-19,2.6486331493669825e-05,4.222713248957708e-05,calm
2021-07-20,5.6291618784038786e-05,1.6909519016854468e-05,calm
2021-07-21,3.2219446838312666e-05,1.3855226070480944e-05,calm
2021-07-22,2.379403149058297e-05,1.180443330961232e-05,calm
2021-07-26,2.070474628445156e-05,4.803011944600596e-05,calm
2021-07-27,2.8940872377163974e-05,2.876437227429487e-05,calm
2021-07-28,3.405185704391509e-05,1.8603205633705564e-05,calm
2021-07-29,2.6259956662182788e-05,2.037206668632396e-05,calm
2021-08-02,2.376200673995356e-05,3.441473999584544e-05,calm
2021-08-03,3.330586812451849e-05,1.244755385138402e-05,calm
2021-08-04,2.2334889508673238e-05,5.946261783787432e-06,calm
2021-08-05,1.6721147608471634e-05,1.3327408153973269e-05,calm
2021-08-09,1.734153275901695e-05,1.0870064418366274e-05,calm
2021-08-10,1.600064054088547e-05,7.186790105153241e-06,calm
2021-08-11,1.4209760753591718e-05,5.583176283897592e-06,calm
2021-08-12,1.190913023095916e-05,5.783550911054716e-06,calm
2021-08-16,1.0759356551749029e-05,4.496535365965476e-05,calm
2021-08-17,2.039685003513835e-05,4.175928525180641e-05,calm
2021-08-18,2.9416927726642542e-05,6.119747550277308e-05,calm
2021-08-19,5.1710556567958135e-05,1.8715490756372084e-05,calm
2021-08-23,3.945192800611521e-05,3.4238325620368543e-06,calm
2021-08-24,1.5183839273833512e-05,4.907262240534328e-06,calm
2021-08-25,1.3068268033611388e-05,1.7819744547097922e-05,calm
2021-08-26,1.683068424493763e-05,1.462399819553436e-05,calm
2021-08-30,2.091894054179256e-05,1.249158346120711e-05,calm
2021-08-31,1.6489001170858265e-05,7.445936817510287e-06,calm
2021-09-01,1.415251917715122e-05,1.041578564362436e-05,calm
2021-09-02,1.4299912284445452e-05,9.429934699667262e-06,calm
2021-09-07,1.4355185462904581e-05,2.7754048469058288e-05,calm
2021-09-08,2.3266913332937994e-05,2.5512264983936844e-05,calm
2021-09-09,2.5042877009153113e-05,2.984539695826889e-05,calm
2021-09-13,2.914570098634402e-05,2.936837230010387e-05,calm
2021-09-14,3.1726872383856934e-05,3.440444206909714e-05,calm
2021-09-15,3.384420200623563e-05,3.576426779713838e-05,calm
2021-09-16,3.13057853227395e-05,3.98332233839064e-05,calm
2021-09-20,3.514690861601881e-05,9.497098104243789e-05,calm
2021-09-21,8.709653778111876e-05,6.653195055357099e-05,calm
2021-09-22,7.500161007552029e-05,3.401142864376917e-05,calm
2021-09-23,4.329194673990423e-05,2.92981957461834e-05,calm
2021-09-27,3.2116993269015115e-05,7.687528105732677e-05,calm
2021-09-28,4.3884844366476364e-05,5.238021047540545e-05,calm
2021-09-29,6.374776737641733e-05,0.0001037008829827,calm
2021-09-30,7.488804977361576e-05,8.300900361269278e-05,calm
2021-10-04,7.488399185929682e-05,4.057487699541446e-05,calm
2021-10-05,5.918121915611894e-05,0.0001116803593763,calm
2021-10-06,6.446305367805295e-05,5.594094025261698e-05,calm
2021-10-07,5.508277474557996e-05,2.907100761954048e-05,calm
2021-10-11,3.8345580096207e-05,5.239317929079183e-05,calm
2021-10-12,4.422528259496135e-05,5.051804733168037e-05,calm
2021-10-13,4.536397717781024e-05,2.947472552035289e-05,calm
2021-10-14,3.485943787930543e-05,2.004762057197119e-05,calm
2021-10-18,2.5010747077153652e-05,1.2801420313121508e-05,calm
2021-10-19,2.0172949638379186e-05,1.2238511383906043e-05,calm
2021-10-20,1.7515961465319386e-05,9.856512100608924e-06,calm
2021-10-21,1.5516767998933653e-05,3.0300152656377063e-05,calm
2021-10-25,2.090695942694454e-05,2.7593013685281537e-05,calm
2021-10-26,2.3739271783268387e-05,2.654297796745142e-05,calm
2021-10-27,2.6481074070158518e-05,2.278323813316448e-05,calm
2021-10-28,2.798484012304426e-05,1.4625002329309056e-05,calm
2021-11-01,2.2496011528824346e-05,2.458513744922353e-05,calm
2021-11-02,2.5301098845698578e-05,1.2510730400070851e-05,calm
2021-11-03,1.9554191183265714e-05,2.185986073340245e-05,calm
2021-11-04,2.0664173107222222e-05,1.895854447931373e-05,calm
2021-11-05,2.0969007827575314e-05,3.077542709606228e-05,calm
2021-11-08,2.7278022245433264e-05,2.046133425190469e-05,calm
2021-11-09,2.636474723824573e-05,3.5250181659345806e-05,calm
2021-11-10,3.245842454247789e-05,3.176647257945738e-05,calm
2021-11-11,3.522283916166212e-05,9.926129057536772e-06,calm
2021-11-12,2.176822597112598e-05,1.6059783504241175e-05,calm
2021-11-15,1.9902165431560124e-05,1.9541266031902844e-05,calm
2021-11-16,2.18117063128397e-05,1.3969252326911067e-05,calm
2021-11-17,1.961912146426954e-05,1.580140785991509e-05,calm
2021-11-18,2.0852074497896407e-05,2.252383089733889e-05,calm
2021-11-19,2.4737649428225942e-05,2.220702723992191e-05,calm
2021-11-22,2.6172282373384918e-05,4.320479314552695e-05,calm
2021-11-23,3.6565710471102915e-05,6.500523587141369e-05,calm
2021-11-24,4.6286258181649884e-05,3.1077735396366924e-05,calm
2021-11-26,3.533389507681398e-05,0.0001077826983346,calm
2021-11-29,0.0001012716669226762,3.687379906458531e-05,calm
2021-11-30,6.230572515553709e-05,0.0001164925085963,calm
2021-12-01,0.0001034411755339948,0.0001631100920523,calm
2021-12-02,0.00016215564134894613,0.0001761627034999,calm
2021-12-03,0.000135825476789253,0.0002175857690352,calm
2021-12-06,0.0001683924311145903,8.734356911643506e-05,calm
2021-12-07,0.00010353854216585961,4.882219931894198e-05,calm
2021-12-08,5.4762759920867974e-05,2.910529442435925e-05,calm
2021-12-09,3.7095067644633794e-05,2.5094287329516195e-05,calm
2021-12-10,3.600647065690217e-05,4.448454591221564e-05,calm
2021-12-13,3.533459754945803e-05,3.530757623014814e-05,calm
2021-12-14,3.855095779646623e-05,4.806361223400596e-05,calm
2021-12-15,4.903159767343701e-05,0.0001095772878333,calm
2021-12-16,5.698715818883863e-05,8.993419385790401e-05,calm
2021-12-17,6.556930221444675e-05,0.0001573270026768,calm
2021-12-20,8.823534147406433e-05,0.0001159166597093,calm
2021-12-21,9.650428450935973e-05,6.129127098743919e-05,calm
2021-12-22,6.880693884630282e-05,2.206827429717416e-05,calm
2021-12-23,3.8911403452574376e-05,2.347591962240604e-05,calm
2021-12-27,3.1664625619324345e-05,1.7890394679107298e-05,calm
2021-12-28,2.6891564566021642e-05,3.0328017214922435e-05,calm
2021-12-29,3.0495512469235137e-05,1.8252761495829176e-05,calm
2021-12-30,2.62122867756867e-05,1.4736215753472094e-05,calm
2021-12-31,2.348442507813277e-05,2.799027080906818e-05,calm
2022-01-03,2.7265883286925766e-05,5.461787824359261e-05,calm
2022-01-04,3.5148575129761926e-05,3.141185057999625e-05,calm
2022-01-05,3.263783425878112e-05,4.61835543624375e-05,calm
2022-01-06,4.4051179267900053e-05,7.82858201733552e-05,calm
2022-01-07,5.852939406616564e-05,4.369214039985998e-05,calm
2022-01-10,4.7303845290100086e-05,0.000122715494944,calm
2022-01-11,6.634052071114886e-05,6.490428713781232e-05,calm
2022-01-12,5.458315303544625e-05,3.742384440258127e-05,calm
2022-01-13,4.0355987918299246e-05,6.733658614627738e-05,calm
2022-01-14,5.590908257971837e-05,0.0001110885086845,calm
2022-01-18,6.813766136389089e-05,0.000124887132371,calm
2022-01-19,9.641553265414353e-05,8.606554424776691e-05,calm
2022-01-20,9.756056237937681e-05,9.775623629999742e-05,calm
2022-01-21,0.00010798116728624564,0.0002308353863043,calm
2022-01-24,0.00017157744151677517,0.0006564505516145,calm
2022-01-25,0.0002677258328262548,0.0004014730321667,calm
2022-01-26,0.0002708233890051473,0.0005064344586374,calm
2022-01-27,0.0002949844977110668,0.000299184362496,calm
2022-01-28,0.0002312458292212128,0.0002625988643216,calm
2022-02-01,0.00017475622165228464,0.0001057807404602,calm
2022-02-02,9.23332235140711e-05,7.900375042754942e-05,calm
2022-02-03,7.490984898330047e-05,0.0001092049004392,calm
2022-02-04,0.0001007824029814779,0.0001336401313811,calm
2022-02-07,0.00010580749045448346,9.890117697452616e-05,calm
2022-02-08,9.40651787924558e-05,6.203778077973017e-05,calm
2022-02-09,6.998064598593535e-05,4.819711826619469e-05,calm
2022-02-10,5.3835246337587294e-05,0.0001565664685695,calm
2022-02-11,0.00010524581557734615,0.0002094318507023,calm
2022-02-14,0.00017084225108104047,0.0001392275227592,calm
2022-02-15,0.0001678384348596256,9.315476021027872e-05,calm
2022-02-16,0.00011396158126577732,7.101313599650871e-05,calm
2022-02-17,8.745492123964119e-05,6.574837290499602e-05,calm
2022-02-18,0.00010398601885692595,0.0001324816324507,calm
2022-02-22,0.00012401931576067236,0.0002151742267837,calm
2022-02-23,0.0001549700879535256,0.0001306989690878,calm
2022-02-24,0.0001603846082137165,0.0004893690620139,calm
2022-02-25,0.00021120541805936575,0.0001458657691331,calm
