date,forecast,actual,regime
2004-01-02,2.7126582568142673e-05,4.746692947241121e-05,calm
2004-01-05,3.310315813415258e-05,3.5042980315462e-05,calm
2004-01-06,3.5463570392730866e-05,1.996860427759956e-05,calm
2004-01-07,3.2806784006867894e-05,2.894911799578962e-05,calm
2004-01-08,3.2018524272836655e-05,3.1764671407365824e-05,calm
2004-01-09,3.227331912816142e-05,6.887760581914288e-05,calm
2004-01-14,3.949696724034644e-05,2.1453890090610127e-05,calm
2004-01-15,3.5752780491850334e-05,5.030325056194925e-05,calm
2004-01-16,3.7946095769775755e-05,3.557575245891007e-05,calm
2004-01-20,3.6399521539195174e-05,2.318480978541345e-05,calm
2004-01-21,3.300454744696385e-05,3.622873754930808e-05,calm
2004-01-22,3.267214806410922e-05,3.344119684036042e-05,calm
2004-01-23,3.249017781331748e-05,3.714446672730906e-05,calm
2004-01-26,3.317943685636161e-05,2.9493382477689325e-05,calm
2004-01-27,3.213209305115806e-05,2.8899870826598297e-05,calm
2004-01-28,3.193208877334112e-05,9.465898688401444e-05,calm
2004-01-29,4.2494421773661234e-05,8.060087997667982e-05,calm
2004-01-30,5.1377526365934434e-05,5.2655363186854285e-05,calm
2004-02-02,5.155729461731656e-05,8.276496145781176e-05,calm
2004-02-03,5.835321531228167e-05,3.468135072140051e-05,calm
2004-02-04,5.10022000120403e-05,5.854818895978196e-05,calm
2004-02-05,5.24684471487079e-05,4.500600047418261e-05,calm
2004-02-06,5.0325568544873944e-05,4.4750861202062913e-05,calm
2004-02-09,4.63039147381758e-05,1.758705003074006e-05,calm
2004-02-10,3.737113379336629e-05,2.396465451835885e-05,calm
2004-02-11,3.3737832920813496e-05,4.493386620434971e-05,calm
2004-02-12,3.4964170882943564e-05,2.165582981415501e-05,calm
2004-02-13,3.203416727790347e-05,4.805695896248099e-05,calm
2004-02-17,3.4764776132371575e-05,4.373560722222403e-05,calm
2004-02-18,3.6373072063146505e-05,1.7099794146549574e-05,calm
2004-02-19,3.218822868175107e-05,5.643173723016871e-05,calm
2004-02-20,3.6266874886457126e-05,4.8976177165165696e-05,calm
2004-02-23,3.905532508319695e-05,3.072271007076642e-05,calm
2004-02-24,3.771982142485905e-05,4.1801528184928e-05,calm
2004-02-25,3.8416960903574015e-05,1.814413350414673e-05,calm
2004-02-26,3.291123261555294e-05,1.812134613660537e-05,calm
2004-02-27,2.9613278643101152e-05,3.457720143099171e-05,calm
2004-03-01,3.0222416037876763e-05,3.30084047095964e-05,calm
2004-03-02,3.067993743466221e-05,3.633605420624729e-05,calm
2004-03-03,3.190215872577897e-05,2.449546262963568e-05,calm
2004-03-04,3.060817477631204e-05,1.2639581072143253e-05,calm
2004-03-05,2.7227162740257097e-05,0.0001092408875262,calm
2004-03-08,3.48121267884785e-05,2.5753194154617617e-05,calm
2004-03-09,3.44364415735216e-05,5.865012042754661e-05,calm
2004-03-10,3.93960696181205e-05,5.0182507177007154e-05,calm
2004-03-11,4.520163919751833e-05,0.0001092176859828,calm
2004-03-12,6.411556203054198e-05,6.976664386808508e-05,calm
2004-03-15,6.761469991287743e-05,8.201414029738411e-05,calm
2004-03-16,7.897754202826018e-05,8.455166175668443e-05,calm
2004-03-17,8.424793155900681e-05,4.4586957281568565e-05,calm
2004-03-18,6.840137563489925e-05,7.043889686593408e-05,calm
2004-03-19,6.636558164992288e-05,3.9519041663780586e-05,calm
2004-03-22,5.830541071428215e-05,0.0001255501692582,calm
2004-03-23,7.747644901528206e-05,6.745227909794062e-05,calm
2004-03-24,7.8397428246114e-05,8.841276147938639e-05,calm
2004-03-25,8.107750832392677e-05,6.424823288974736e-05,calm
2004-03-26,7.118113193185653e-05,3.2835975217664794e-05,calm
2004-03-29,5.524282823031746e-05,3.178590567856294e-05,calm
2004-03-30,4.519109614083301e-05,3.857241432637164e-05,calm
2004-03-31,4.1061308819991334e-05,3.750687919434624e-05,calm
2004-04-01,3.943048276450328e-05,8.258610605993663e-05,calm
2004-04-05,4.5796094279968354e-05,2.769297575464312e-05,calm
2004-04-06,3.994705340401189e-05,3.418841263492474e-05,calm
2004-04-07,3.6172380241523996e-05,9.234176137282728e-05,calm
2004-04-12,4.28879587888774e-05,4.071674296421818e-05,calm
2004-04-13,4.121332564786232e-05,6.425772176980446e-05,calm
2004-04-14,4.584918379893454e-05,5.9177641799387486e-05,calm
2004-04-15,4.644882730460071e-05,3.233748624242546e-05,calm
2004-04-19,4.155474459301955e-05,4.292417009478386e-05,calm
2004-04-20,3.9759602971262116e-05,5.630832095346389e-05,calm
2004-04-21,4.237047992128385e-05,6.294623535973745e-05,calm
2004-04-22,4.440202373362745e-05,3.0357593841097723e-05,calm
2004-04-26,3.902498792289862e-05,4.660480074811698e-05,calm
2004-04-27,3.817142691199127e-05,5.451483881392403e-05,calm
2004-04-28,3.9452125247560615e-05,8.081043888820069e-05,calm
2004-04-29,4.5733646675680816e-05,9.538382372455228e-05,calm
2004-05-03,5.383233746545661e-05,9.427150373557812e-05,calm
2004-05-04,6.007561035238075e-05,3.836488845782484e-05,calm
2004-05-05,5.2273829182691116e-05,7.60281335211063e-05,calm
2004-05-06,5.272692038965863e-05,9.961025442733376e-05,calm
2004-05-10,5.943297816376232e-05,4.024072319311001e-05,calm
2004-05-11,5.7086576613153555e-05,0.0001274551552618,calm
2004-05-12,6.928805093828793e-05,8.209932131170614e-05,calm
2004-05-13,7.032690462534873e-05,9.621926843907416e-05,calm
2004-05-17,7.869381168338179e-05,3.9395953194299815e-05,calm
2004-05-18,6.661597413855804e-05,9.86686537030104e-05,calm
2004-05-19,7.328495636388718e-05,4.035178359879427e-05,calm
2004-05-20,6.151066160490469e-05,4.179290790636993e-05,calm
2004-05-24,5.4569835540611104e-05,5.1230153682229495e-05,calm
2004-05-25,5.2314311355306894e-05,2.7863456427608657e-05,calm
2004-05-26,4.2721670439111556e-05,5.251121758073374e-05,calm
2004-05-27,4.2829677756475724e-05,1.2069237764693068e-05,calm
2004-06-01,3.350168334786235e-05,3.385568310187234e-05,calm
2004-06-02,3.377476247714441e-05,3.8072541896442985e-05,calm
2004-06-03,3.543679761529584e-05,6.317875897821396e-05,calm
2004-06-07,4.206520962884832e-05,2.672914921510409e-05,calm
2004-06-08,3.8054765369537176e-05,2.046498510355124e-05,calm
2004-06-09,3.349365985706776e-05,1.821254634582509e-05,calm
2004-06-14,3.063168722796105e-05,6.083380699398143e-05,calm
2004-06-15,3.612494821163751e-05,1.517046656254418e-05,calm
2004-06-16,3.1746564495869825e-05,2.073575942602274e-05,calm
2004-06-17,2.9856201909735764e-05,2.381136068270356e-05,calm
2004-06-21,2.9702155376522264e-05,2.6962590883066065e-05,calm
2004-06-22,3.0365672253977316e-05,2.09011844040862e-05,calm
2004-06-23,2.926234985428834e-05,1.9973600548683364e-05,calm
2004-06-24,2.8123689326325602e-05,1.902370532555758e-05,calm
2004-06-28,2.773816413927899e-05,1.5675630722967488e-05,calm
2004-06-29,2.7531797957892373e-05,2.9324422786989645e-05,calm
2004-06-30,2.9674632242912762e-05,4.558847742042023e-05,calm
2004-07-01,3.313548857617725e-05,2.965733230799156e-05,calm
2004-07-06,3.355727175384667e-05,1.8665553469806154e-05,calm
2004-07-07,3.1709197502438155e-05,4.254086159008393e-05,calm
2004-07-08,3.481711108157683e-05,4.270728226870934e-05,calm
2004-07-12,3.78299322522557e-05,8.971083163326272e-06,calm
2004-07-13,2.9844381994897463e-05,6.267228165025885e-05,calm
2004-07-14,3.4230429610982066e-05,2.9659089386180835e-05,calm
2004-07-15,3.2923395589284444e-05,3.768872433914414e-05,calm
2004-07-19,3.398922785042179e-05,3.930473556811868e-05,calm
2004-07-20,3.554759891919871e-05,5.874017661897356e-05,calm
2004-07-21,3.8751400129381616e-05,8.039336687104356e-05,calm
2004-07-22,4.743381052903554e-05,5.332088284227309e-05,calm
2004-07-26,4.754494622036713e-05,4.178087958711557e-05,calm
2004-07-27,4.6321304346935e-05,7.185965149762403e-05,calm
2004-07-28,5.031905887731648e-05,4.283496445307457e-05,calm
2004-07-29,4.625403598861239e-05,2.8759359970082107e-05,calm
2004-08-02,3.950876536015512e-05,2.559403484988062e-05,calm
2004-08-03,3.368394039462142e-05,4.649421378265179e-05,calm
2004-08-04,3.628012777337806e-05,5.089524964613041e-05,calm
2004-08-05,3.9739736672727316e-05,9.310910478276804e-05,calm
2004-08-09,5.289807785507508e-05,4.235918848575945e-05,calm
2004-08-10,5.2187375054249194e-05,0.000106615456384,calm
2004-08-11,6.171392785103005e-05,5.057373518265611e-05,calm
2004-08-12,5.669525108211275e-05,4.433847293301378e-05,calm
2004-08-16,5.270217908564612e-05,3.1006703684964066e-05,calm
2004-08-17,4.38901202848663e-05,4.686626960269624e-05,calm
2004-08-18,4.2693303955115525e-05,3.815873751643198e-05,calm
2004-08-19,3.990978929515249e-05,2.6390427188093405e-05,calm
2004-08-23,3.630914896472324e-05,3.4231125747722495e-05,calm
2004-08-24,3.5356912410347415e-05,2.759731053481776e-05,calm
2004-08-25,3.3210034356728266e-05,1.5073402594493956e-05,calm
2004-08-26,2.8786556819930725e-05,9.574371923892922e-06,calm
2004-08-30,2.5099680656752784e-05,2.8047606015009595e-05,calm
2004-08-31,2.717561841263426e-05,3.0425982182419896e-05,calm
2004-09-01,2.9541463494170037e-05,1.9551714467397137e-05,calm
2004-09-02,2.8558490654711013e-05,2.60606055105332e-05,calm
2004-09-07,2.8707446023004837e-05,2.274243297806097e-05,calm
2004-09-08,2.811601620775464e-05,3.1993060329525735e-05,calm
2004-09-09,2.7455671312470017e-05,2.897432488815208e-05,calm
2004-09-13,2.7861116798237866e-05,1.434966281000752e-05,calm
2004-09-14,2.4779787910055994e-05,2.2377523033820985e-05,calm
2004-09-15,2.457115692883692e-05,1.2610326252627773e-05,calm
2004-09-16,2.298036538910433e-05,2.3171616920976163e-05,calm
2004-09-20,2.3842603716390698e-05,1.5660752281588137e-05,calm
2004-09-21,2.3195053699131825e-05,5.7548189795053e-05,calm
2004-09-22,2.7971718894287785e-05,2.677975782617993e-05,calm
2004-09-23,2.827881451219998e-05,1.723573894888711e-05,calm
2004-09-27,2.6223166412525466e-05,2.4010680108981e-05,calm
2004-09-28,2.6188286963340643e-05,2.4855104597581503e-05,calm
2004-09-29,2.6092046774293464e-05,2.8325689436875165e-05,calm
2004-09-30,2.6387758899149147e-05,3.3225022488154e-05,calm
2004-10-04,2.7455587237524064e-05,2.027711933198608e-05,calm
2004-10-05,2.5945750766870567e-05,1.6897573713299464e-05,calm
2004-10-06,2.4442470734570255e-05,1.61697043963027e-05,calm
2004-10-07,2.3218183120630445e-05,2.955327722998703e-05,calm
2004-10-12,2.5032099053124054e-05,4.373260934313432e-05,calm
2004-10-13,2.8838292575537915e-05,2.6824084809833783e-05,calm
2004-10-14,2.9141615772581895e-05,5.3230498235616505e-05,calm
2004-10-18,3.4264331565462324e-05,3.3589967210355955e-05,calm
2004-10-19,3.389603422922353e-05,5.379510947431661e-05,calm
2004-10-20,3.70818256935416e-05,5.0166302303134735e-05,calm
2004-10-21,3.852511459263066e-05,3.627708272348647e-05,calm
2004-10-25,3.616188913070584e-05,3.938181052507464e-05,calm
2004-10-26,3.6926589148945394e-05,4.707750723028362e-05,calm
2004-10-27,3.89475459094387e-05,3.445948108293571e-05,calm
2004-10-28,3.683945849371055e-05,2.9219276576608413e-05,calm
2004-11-01,3.382889412560507e-05,1.543053972137845e-05,calm
2004-11-02,2.8733354524457027e-05,4.7029373562063945e-05,calm
2004-11-03,3.241984280319666e-05,0.0002290475182417,calm
2004-11-04,5.184775227973588e-05,3.412224664175711e-05,calm
2004-11-05,4.397754313727364e-05,4.152233972752128e-05,calm
2004-11-08,3.998579430396015e-05,2.0279031954573085e-05,calm
2004-11-09,3.209989541117137e-05,2.337577289797733e-05,calm
2004-11-10,2.8570643745399962e-05,2.72746346160913e-05,calm
2004-11-11,2.7351075659908554e-05,2.183518996113652e-05,calm
2004-11-12,2.5756657247812912e-05,1.4740762033689898e-05,calm
2004-11-15,2.340043391174814e-05,2.7330807067689407e-05,calm
2004-11-16,2.4399627210340022e-05,2.4022032195980648e-05,calm
2004-11-17,2.4627581121985324e-05,4.764547939475519e-05,calm
2004-11-18,2.83764997470511e-05,1.807258079870548e-05,calm
2004-11-19,2.643051184156747e-05,3.339072756184021e-05,calm
2004-11-22,2.7764485255750665e-05,2.115910638294614e-05,calm
2004-11-23,2.6179258076687074e-05,2.8939995465948583e-05,calm
2004-11-24,2.6363508768067313e-05,1.817375054347309e-05,calm
2004-11-26,2.4543574194891523e-05,6.9294709887614594e-06,calm
2004-11-29,2.060774593536411e-05,4.976157720190865e-05,calm
2004-11-30,2.4920868785842928e-05,2.999450821740443e-05,calm
2004-12-01,2.649598158041019e-05,3.0809521325215374e-05,calm
2004-12-02,2.7398491944056635e-05,2.6607529168391093e-05,calm
2004-12-03,2.7128361221029632e-05,4.964696746638946e-05,calm
2004-12-06,3.0448897794782386e-05,2.327480025736807e-05,calm
2004-12-07,2.8426269508208782e-05,3.7054910737959184e-05,calm
2004-12-08,2.9784268076279865e-05,2.5115345603359603e-05,calm
2004-12-09,2.8212736977982862e-05,4.259258668109634e-05,calm
2004-12-10,2.9945950204612386e-05,2.391305135215696e-05,calm
2004-12-13,2.786542047965064e-05,3.15896106008939e-05,calm
2004-12-14,2.7766449165445802e-05,1.5006731717879218e-05,calm
2004-12-15,2.452120922528769e-05,2.323479493696384e-05,calm
2004-12-16,2.4077101765034415e-05,3.356420948135235e-05,calm
2004-12-17,2.5569760681316336e-05,4.728763038046928e-05,calm
2004-12-20,2.8531675471666327e-05,4.61617722939268e-05,calm
2004-12-21,3.1452819718291356e-05,2.2023389781050527e-05,calm
2004-12-22,2.831772839194865e-05,1.7205482668070214e-05,calm
2004-12-23,2.5180457939825037e-05,1.1091437024996344e-05,calm
2004-12-27,2.206337333785099e-05,2.833356309595392e-05,calm
2004-12-28,2.336478660556666e-05,1.9559380068330456e-05,calm
2004-12-29,2.324404723773204e-05,7.845495953125145e-06,calm
2004-12-30,2.0532943786429348e-05,5.985971865798163e-06,calm
2004-12-31,1.8686721201085834e-05,8.034036374705617e-06,calm
2005-01-03,1.8255569585452836e-05,4.5901741636569045e-05,calm
2005-01-04,2.289475861185312e-05,4.811579241064164e-05,calm
2005-01-05,2.800803616667136e-05,4.540723082624014e-05,calm
2005-01-06,3.1863079780213316e-05,3.700410634180749e-05,calm
2005-01-07,3.26291891658629e-05,3.716516076401826e-05,calm
2005-01-10,3.274970821604066e-05,2.966732963089849e-05,calm
2005-01-11,3.1046945497679364e-05,2.9697495360681423e-05,calm
2005-01-12,2.9871999539096337e-05,5.238506417245631e-05,calm
2005-01-13,3.243293219575041e-05,2.5234357658269245e-05,calm
2005-01-14,2.9978911878979102e-05,2.4280475471344816e-05,calm
2005-01-18,2.7895203924638633e-05,2.4500495574137305e-05,calm
2005-01-19,2.6749006442178606e-05,1.9493173782438938e-05,calm
2005-01-20,2.5432880284919973e-05,5.444340367375013e-05,calm
2005-01-21,2.923088620186547e-05,3.761664613891408e-05,calm
2005-01-24,3.205594343022832e-05,4.570744942282567e-05,calm
2005-01-25,3.5224274470506436e-05,3.6899261144152046e-05,calm
2005-01-26,3.4438312869964783e-05,3.8513412579391965e-05,calm
2005-01-27,3.3067110384149074e-05,2.1584324942661908e-05,calm
2005-01-28,2.8369410506041346e-05,2.993117401109172e-05,calm
2005-01-31,2.7348321875866458e-05,4.431068050828149e-05,calm
2005-02-01,2.9270474035186832e-05,1.4798225701036466e-05,calm
2005-02-02,2.4606030617062675e-05,1.9513862026098592e-05,calm
2005-02-03,2.253065141135801e-05,2.469461371866069e-05,calm
2005-02-04,2.259971315470828e-05,1.8313395349065035e-05,calm
2005-02-07,2.1566017950585154e-05,1.1611466095387856e-05,calm
2005-02-08,1.9790303385487148e-05,1.3232728308288593e-05,calm
2005-02-09,1.894222085679957e-05,2.573482651804878e-05,calm
2005-02-10,2.0660449087814728e-05,2.4809935186810416e-05,calm
2005-02-11,2.190945452807422e-05,3.52411713032392e-05,calm
2005-02-14,2.414041630003222e-05,8.127278889610916e-06,calm
2005-02-15,2.043945819444031e-05,1.4845581397811394e-05,calm
2005-02-16,1.926526736309039e-05,2.019044949548738e-05,calm
2005-02-17,1.971122336230521e-05,2.5371439544972893e-05,calm
2005-02-18,2.1310126856306995e-05,1.6333220822757518e-05,calm
2005-02-22,2.0719402873145593e-05,3.854942116817373e-05,calm
2005-02-23,2.431877806287125e-05,3.4154610296020106e-05,calm
2005-02-24,2.6462109601741188e-05,3.543161090446478e-05,calm
2005-02-25,2.739153003937594e-05,2.27423891499525e-05,calm
2005-02-28,2.5502648054236136e-05,2.9104739696092604e-05,calm
2005-03-01,2.5578012284097267e-05,2.795330027000681e-05,calm
2005-03-02,2.5571720391184815e-05,5.0283135564015925e-05,calm
2005-03-03,2.9257091119405882e-05,3.476102448657902e-05,calm
2005-03-04,3.014924226617553e-05,3.558380653537219e-05,calm
2005-03-07,2.977225924366305e-05,1.6634682415824848e-05,calm
2005-03-08,2.5621162317872255e-05,2.1564919077918577e-05,calm
2005-03-09,2.414643771558464e-05,3.612923278728716e-05,calm
2005-03-10,2.6081947656366346e-05,3.912634524845677e-05,calm
2005-03-11,2.8258214680867538e-05,4.1900997244965184e-05,calm
2005-03-14,3.0531040685789965e-05,2.455732000593863e-05,calm
2005-03-15,2.8294157524308742e-05,2.7189369947552305e-05,calm
2005-03-16,2.7555134828359594e-05,3.5446681546016244e-05,calm
2005-03-17,2.8893098744909753e-05,2.198304963572684e-05,calm
2005-03-18,2.7080026561412946e-05,2.9838831792945063e-05,calm
2005-03-21,2.7196175774901804e-05,3.986068960539432e-05,calm
2005-03-22,2.9570077219954453e-05,5.4828154501861945e-05,calm
2005-03-23,3.513600767105235e-05,3.629022295562797e-05,calm
2005-03-24,3.5325868085093424e-05,3.007413768403363e-05,calm
2005-03-28,3.250451538228969e-05,3.997856429236904e-05,calm
2005-03-29,3.279591982570323e-05,3.314672438760096e-05,calm
2005-03-30,3.266622741918825e-05,2.339500531760073e-05,calm
2005-03-31,2.9370536637946325e-05,7.812622258153005e-05,calm
2005-04-04,3.629707477613022e-05,2.999979125429709e-05,calm
2005-04-05,3.462203823844237e-05,3.059247858653413e-05,calm
2005-04-06,3.221295673552144e-05,1.9685348575702457e-05,calm
2005-04-07,2.769521782575864e-05,2.0843878319823105e-05,calm
2005-04-11,2.4796659092461605e-05,4.612551477471924e-05,calm
2005-04-12,2.7087304109477475e-05,3.5082507729446465e-05,calm
2005-04-13,2.76340233515235e-05,5.496686708050335e-05,calm
2005-04-14,3.270875476441842e-05,7.690490710534502e-05,calm
2005-04-18,4.208434012614897e-05,4.662886915754695e-05,calm
2005-04-19,4.648926835679723e-05,6.187588958799296e-05,calm
2005-04-20,4.808642550543842e-05,9.899925296468038e-05,calm
2005-04-21,5.938027180539457e-05,8.387154474053629e-05,calm
2005-04-25,5.8664016586654026e-05,4.090027441636769e-05,calm
2005-04-26,4.8138692186257434e-05,6.019719051789494e-05,calm
2005-04-27,4.6368915665839945e-05,5.632380158684504e-05,calm
2005-04-28,4.624790929037767e-05,8.969823386297989e-05,calm
2005-05-02,5.576578457108638e-05,8.435956105689265e-05,calm
2005-05-03,5.93716068875171e-05,4.082708713099356e-05,calm
2005-05-04,5.0095721839860834e-05,6.433774512715805e-05,calm
2005-05-05,4.796640104230115e-05,3.8724063986449417e-05,calm
2005-05-09,4.2394147904418586e-05,5.877995875066447e-05,calm
2005-05-10,4.264038013312646e-05,4.273662622014396e-05,calm
2005-05-11,4.197369368131206e-05,4.763067827268298e-05,calm
2005-05-12,4.17981691539124e-05,8.026906814221484e-05,calm
2005-05-16,5.042869084063098e-05,3.313599100492888e-05,calm
2005-05-17,4.5532112393941475e-05,4.315829224971817e-05,calm
2005-05-18,4.212327762665573e-05,2.511539532305968e-05,calm
2005-05-19,3.4881411981264635e-05,2.051845986491614e-05,calm
2005-05-23,2.930588548537505e-05,2.849458714009533e-05,calm
2005-05-24,2.7703158885099747e-05,1.923418569807457e-05,calm
2005-05-25,2.5417378472014424e-05,1.896315609791601e-05,calm
2005-05-26,2.3869553775735783e-05,6.953594843349292e-06,calm
2005-05-31,2.0103859134817952e-05,4.6049230549069547e-05,calm
2005-06-01,2.354480470264218e-05,2.1572037012082583e-05,calm
2005-06-02,2.4220665781980276e-05,2.600903120366915e-05,calm
2005-06-06,2.4567415292404825e-05,3.879277790136503e-05,calm
2005-06-07,2.725887364580283e-05,1.908267867937516e-05,calm
2005-06-08,2.5695856569813763e-05,3.383439282639542e-05,calm
2005-06-09,2.701067988535997e-05,1.849932983329848e-05,calm
2005-06-13,2.4837687730418142e-05,2.0947875074852103e-05,calm
2005-06-14,2.331882984363871e-05,3.092141533222931e-05,calm
2005-06-15,2.4364985653714516e-05,1.7812457179554253e-05,calm
2005-06-16,2.2951271654435465e-05,3.0575434205190355e-05,calm
2005-06-20,2.3706283325493505e-05,1.8882020747211664e-05,calm
2005-06-21,2.2880041083179123e-05,3.133421211333544e-05,calm
2005-06-22,2.3870366372559136e-05,3.825981399979101e-05,calm
2005-06-23,2.607568385344421e-05,2.4366261268762982e-05,calm
2005-06-27,2.6163147397030762e-05,1.791375935592916e-05,calm
2005-06-28,2.4423932624862876e-05,1.6968793232364282e-05,calm
2005-06-29,2.228444972098102e-05,3.111782425387137e-05,calm
2005-06-30,2.3526271157963346e-05,3.2985587000091137e-05,calm
2005-07-05,2.5630572166671274e-05,2.2667685602973467e-05,calm
2005-07-06,2.5007538233948587e-05,8.381835669036773e-05,calm
2005-07-07,3.2818912423143906e-05,2.0852249796776843e-05,calm
2005-07-11,3.010202895038271e-05,2.2023717503727743e-05,calm
2005-07-12,2.6201323526682165e-05,1.4936253059586477e-05,calm
2005-07-13,2.236094513224115e-05,4.8912138019135416e-05,calm
2005-07-14,2.5264351671285284e-05,1.2216940879486834e-05,calm
2005-07-18,2.2322642965400838e-05,3.368803054471808e-05,calm
2005-07-19,2.3327272214744014e-05,3.06600303744555e-05,calm
2005-07-20,2.4297068887698004e-05,5.317992325315859e-05,calm
2005-07-21,2.7760330423499893e-05,2.015624366034149e-05,calm
2005-07-25,2.6022234319025513e-05,2.249484137344417e-05,calm
2005-07-26,2.4600370979235604e-05,1.9861688987419822e-05,calm
2005-07-27,2.31494178755232e-05,2.0693676357483468e-05,calm
2005-07-28,2.2059953009704907e-05,1.5163854141479549e-05,calm
2005-08-01,2.059403330428544e-05,1.2862996648590173e-05,calm
2005-08-02,1.9743936735877492e-05,1.2566415835997024e-05,calm
2005-08-03,1.897544634981061e-05,1.613325908824546e-05,calm
2005-08-04,1.914044154267971e-05,1.958530009370837e-05,calm
2005-08-08,2.029933456923777e-05,3.086216032325034e-05,calm
2005-08-09,2.342071309721262e-05,4.6928743703113045e-05,calm
2005-08-10,2.7901026496120045e-05,3.3728975472054104e-05,calm
2005-08-11,2.948945136038119e-05,2.8574747264927967e-05,calm
2005-08-15,2.8920923193662366e-05,2.96828932659976e-05,calm
2005-08-16,2.820374394920202e-05,3.0370486727722663e-05,calm
2005-08-17,2.8868381106072636e-05,2.700724558616188e-05,calm
2005-08-18,2.8429544128032787e-05,1.8581822715203723e-05,calm
2005-08-22,2.5798020910786763e-05,2.179799532853289e-05,calm
2005-08-23,2.492989305347235e-05,3.658470099731825e-05,calm
2005-08-24,2.733902129144301e-05,1.5997436972118984e-05,calm
2005-08-25,2.5600861740769036e-05,3.063198071331879e-05,calm
2005-08-29,2.685099473899067e-05,5.07387240882254e-05,calm
2005-08-30,3.150973882741558e-05,5.462548502244964e-05,calm
2005-08-31,3.643289233043861e-05,5.610150949666649e-05,calm
2005-09-01,3.860062784071082e-05,2.281686464852555e-05,calm
2005-09-06,3.255027440150859e-05,1.6159575246402022e-05,calm
2005-09-07,2.6406937690648738e-05,1.972800316256676e-05,calm
2005-09-08,2.3777008126278296e-05,1.8209318336989488e-05,calm
2005-09-12,2.265573893275584e-05,2.356127647573038e-05,calm
2005-09-13,2.2572859051374967e-05,2.453604912012196e-05,calm
2005-09-14,2.3475126133515736e-05,3.164011968956482e-05,calm
2005-09-15,2.584325623622071e-05,2.7880285094037205e-05,calm
2005-09-19,2.664709695679098e-05,3.740111023942561e-05,calm
2005-09-20,2.837095845218957e-05,3.457724285097569e-05,calm
2005-09-21,2.958637162572924e-05,5.148428271294945e-05,calm
2005-09-22,3.4359960602523335e-05,2.466406603103198e-05,calm
2005-09-26,3.146870644222983e-05,3.200960538273306e-05,calm
2005-09-27,3.02343273568972e-05,2.598506303239372e-05,calm
2005-09-28,2.8856841558936842e-05,4.144167384861928e-05,calm
2005-09-29,3.0418155919084067e-05,1.9014888745876485e-05,calm
2005-10-03,2.709486574180705e-05,3.759356113683181e-05,calm
2005-10-04,2.842943936402528e-05,5.848447156697858e-05,calm
2005-10-05,3.373051334947079e-05,0.0001003484682485,calm
2005-10-06,4.583187029665286e-05,4.514731813742246e-05,calm
2005-10-10,4.626807853022345e-05,5.726968858401061e-05,calm
2005-10-11,4.832485063422595e-05,7.76256646249013e-05,calm
2005-10-12,5.338731459602348e-05,9.162665707017618e-05,calm
2005-10-13,6.072938249214017e-05,6.765931071258134e-05,calm
2005-10-17,6.10670768984865e-05,3.0089507799808705e-05,calm
2005-10-18,4.680462673578485e-05,7.918817896031006e-05,calm
2005-10-19,5.0377680648458306e-05,9.591824121340194e-05,calm
2005-10-20,5.454752751340334e-05,8.151648544295895e-05,calm
2005-10-24,6.083709534583558e-05,4.71695635441993e-05,calm
2005-10-25,5.3996812016648735e-05,6.579726674142392e-05,calm
2005-10-26,5.3189921305812526e-05,3.3405306250097035e-05,calm
2005-10-27,4.5172836509216707e-05,7.62132467527258e-05,calm
2005-10-31,5.131485789990997e-05,3.806864662807372e-05,calm
2005-11-01,4.695929637253149e-05,2.071472277347303e-05,calm
2005-11-02,3.765340801737921e-05,2.78925007247656e-05,calm
2005-11-03,3.2286635730618466e-05,3.846580900875449e-05,calm
2005-11-04,3.2137542074575576e-05,3.145858659111887e-05,calm
2005-11-07,3.139208652926406e-05,2.405023865787716e-05,calm
2005-11-08,2.929107239689388e-05,2.551137965097868e-05,calm
2005-11-09,2.8237024859191017e-05,2.5009885733389208e-05,calm
2005-11-10,2.7390338886423718e-05,4.20688067707311e-05,calm
2005-11-11,2.921326333267046e-05,5.921464730879728e-06,calm
2005-11-14,2.2393276342147886e-05,1.5318954687525145e-05,calm
2005-11-15,2.1154021511866667e-05,2.532872748613692e-05,calm
2005-11-16,2.2548365532326966e-05,2.319535882927661e-05,calm
2005-11-17,2.3525854613855353e-05,2.2121223384277625e-05,calm
2005-11-18,2.3446524632957322e-05,2.884746034356546e-05,calm
2005-11-21,2.435334884438922e-05,1.5727193075837816e-05,calm
2005-11-22,2.257806009475986e-05,2.136779765765257e-05,calm
2005-11-23,2.222737334558557e-05,1.3935917524098171e-05,calm
2005-11-25,2.0996170139841052e-05,5.292996952738535e-06,calm
2005-11-28,1.826395064907154e-05,1.6452394237746657e-05,calm
2005-11-29,1.883729163005141e-05,3.336847674191574e-05,calm
2005-11-30,2.1961368066916794e-05,3.0834080480860925e-05,calm
2005-12-01,2.4493870346839745e-05,4.791793888147823e-05,calm
2005-12-02,2.803105524439957e-05,1.310105167709827e-05,calm
2005-12-05,2.3721613448988105e-05,1.920120215506316e-05,calm
2005-12-06,2.2711648590820855e-05,3.2799740667172914e-05,calm
2005-12-07,2.4662162588972734e-05,2.8351917133695523e-05,calm
2005-12-08,2.5789404650127618e-05,4.0919003996538864e-05,calm
2005-12-09,2.8706945328304862e-05,2.210568464310617e-05,calm
2005-12-12,2.6518076732720857e-05,2.0975064420046447e-05,calm
2005-12-13,2.4667656027786286e-05,2.5940166378021988e-05,calm
2005-12-14,2.4441663250837127e-05,1.9782026586472794e-05,calm
2005-12-15,2.290558310155941e-05,2.1261330076920137e-05,calm
2005-12-16,2.244465136194536e-05,2.079832551752129e-05,calm
2005-12-19,2.213993272515845e-05,2.0906488258439613e-05,calm
2005-12-20,2.232930918642305e-05,1.700886300234145e-05,calm
2005-12-21,2.1570314486416718e-05,3.322462060617423e-05,calm
2005-12-22,2.37067051468837e-05,1.4802547841585071e-05,calm
2005-12-23,2.1522699382339834e-05,6.242016936010334e-06,calm
2005-12-27,1.7984359032592325e-05,3.080193763460183e-05,calm
2005-12-28,2.0937883189065145e-05,1.3347128501126844e-05,calm
2005-12-29,2.020238058852681e-05,1.5030119589318696e-05,calm
2005-12-30,2.007654240548289e-05,2.7625515164712065e-05,calm
2006-01-03,2.2517861361718895e-05,6.550958226986926e-05,calm
2006-01-04,2.8794160534278307e-05,2.99964857988114e-05,calm
2006-01-05,2.8277888030560962e-05,2.00727538030809e-05,calm
2006-01-06,2.542636384360496e-05,5.783084066735448e-05,calm
2006-01-09,2.9432446048916877e-05,1.2946303918073402e-05,calm
2006-01-10,2.4023122156994772e-05,2.454498754089105e-05,calm
2006-01-11,2.3478534605704582e-05,1.9371220562194148e-05,calm
2006-01-12,2.244602363222307e-05,1.3941632730994012e-05,calm
2006-01-13,2.0834739490566188e-05,1.803288757845814e-05,calm
2006-01-17,2.081193600459163e-05,2.525145744680113e-05,calm
2006-01-18,2.2528684753681124e-05,3.1789174910290275e-05,calm
2006-01-19,2.5084024923236793e-05,2.2086407803363955e-05,calm
2006-01-20,2.4725481909585626e-05,4.164286758383666e-05,calm
2006-01-23,2.983681118209427e-05,2.390481474959569e-05,calm
2006-01-24,2.9142870012470317e-05,2.696126189647672e-05,calm
2006-01-25,2.857159821112414e-05,6.032708418760052e-05,calm
2006-01-26,3.350581319889253e-05,5.4023824152919454e-05,calm
2006-01-27,3.598258703359099e-05,2.657714534350269e-05,calm
2006-01-30,3.1262487842506504e-05,1.0909909929678137e-05,calm
2006-01-31,2.431409919463061e-05,2.715620021860394e-05,calm
2006-02-01,2.501532740523183e-05,3.478004094315291e-05,calm
2006-02-02,2.691964544648323e-05,4.0408698199216375e-05,calm
2006-02-03,3.0096002409271497e-05,5.241333903434699e-05,calm
2006-02-06,3.4438076027903385e-05,2.243148605695374e-05,calm
2006-02-07,3.0321885883669932e-05,4.118616951794815e-05,calm
2006-02-08,3.239493757025078e-05,1.9398040215845905e-05,calm
2006-02-09,2.7978548752352913e-05,2.2015184183145293e-05,calm
2006-02-10,2.6476031779049717e-05,4.1278649442193335e-05,calm
2006-02-13,2.935245879683282e-05,2.178121159393728e-05,calm
2006-02-14,2.7713518880700234e-05,2.7002608132455776e-05,calm
2006-02-15,2.7068071069270317e-05,4.136803863061303e-05,calm
2006-02-16,2.9491702150803984e-05,1.288318362253558e-05,calm
2006-02-17,2.403685191923642e-05,1.078149890078717e-05,calm
2006-02-21,2.1022719244895097e-05,2.613943204010344e-05,calm
2006-02-22,2.3029922054092196e-05,1.8268895804869863e-05,calm
2006-02-23,2.2674874825113995e-05,2.755517345759565e-05,calm
2006-02-24,2.424980901851016e-05,1.349439143439122e-05,calm
2006-02-27,2.1938811029859867e-05,1.580164274883552e-05,calm
2006-02-28,2.1266737320732707e-05,3.50421813868333e-05,calm
2006-03-01,2.47991358549285e-05,1.695468786804152e-05,calm
2006-03-02,2.3197063316063596e-05,3.0247823247216044e-05,calm
2006-03-03,2.4900741951401703e-05,3.851043258183827e-05,calm
2006-03-06,2.765084536996724e-05,2.638660774327473e-05,calm
2006-03-07,2.764390430986239e-05,3.0281178682311728e-05,calm
2006-03-08,2.847050979917626e-05,3.260250452562999e-05,calm
2006-03-09,2.869721853045901e-05,1.879239112449381e-05,calm
2006-03-10,2.6322471055946636e-05,3.3172003336672044e-05,calm
2006-03-13,2.6700373630275053e-05,1.8379906091064248e-05,calm
2006-03-14,2.39443082972364e-05,1.7343582482868603e-05,calm
2006-03-15,2.1795188944449805e-05,1.4774229330184016e-05,calm
2006-03-16,2.083476932261635e-05,2.078524109804008e-05,calm
2006-03-17,2.2060174732498777e-05,1.1901484888850126e-05,calm
2006-03-20,2.0937147783281397e-05,1.6749856394326092e-05,calm
2006-03-21,2.1026778042873033e-05,2.4461627228568748e-05,calm
2006-03-22,2.2439409930683162e-05,1.8461006909594467e-05,calm
2006-03-23,2.1915141023430976e-05,1.883971043070543e-05,calm
2006-03-24,2.1650033370943075e-05,1.7053066159512233e-05,calm
2006-03-27,2.120803001082971e-05,3.095024450966714e-05,calm
2006-03-28,2.355649160417733e-05,2.4142056492579336e-05,calm
2006-03-29,2.4143587365864025e-05,3.858341530803866e-05,calm
2006-03-30,2.5980043846149776e-05,2.455841313999867e-05,calm
2006-04-03,2.5668446329773988e-05,2.7103277161483296e-05,calm
2006-04-04,2.57252291428205e-05,2.5010793987869663e-05,calm
2006-04-05,2.4893018723230096e-05,2.431446065117456e-05,calm
2006-04-06,2.434066256473228e-05,4.921028090193077e-05,calm
2006-04-10,2.8364566195657882e-05,4.039460873516393e-05,calm
2006-04-11,3.141762936964719e-05,2.017601665360685e-05,calm
2006-04-12,2.9761382884145513e-05,2.3542130582969885e-05,calm
2006-04-17,2.8207215955474128e-05,5.889939146255047e-05,calm
2006-04-18,3.260520890449741e-05,3.358045596543012e-05,calm
2006-04-19,2.9599985681514046e-05,3.70580299545061e-05,calm
2006-04-20,2.8931368377060082e-05,2.884519803163854e-05,calm
2006-04-24,2.8220430165301587e-05,3.06228595817359e-05,calm
2006-04-25,2.8199152915796547e-05,4.206147676224752e-05,calm
2006-04-26,3.0076948991603373e-05,0.0001157893059911,calm
2006-04-27,3.957066243469535e-05,2.395760681170949e-05,calm
2006-05-01,3.347198351779561e-05,2.6729858019605345e-05,calm
2006-05-02,3.1367779503306026e-05,2.253747380875809e-05,calm
2006-05-03,2.7925490258142393e-05,1.9101556159692538e-05,calm
2006-05-04,2.5352669929310747e-05,3.581759893345211e-05,calm
2006-05-08,2.6880988521930243e-05,5.2811202004674094e-06,calm
2006-05-09,2.0713050199674973e-05,2.545807792597465e-05,calm
2006-05-10,2.215967144991271e-05,3.4688910732961645e-05,calm
2006-05-11,2.472147870661296e-05,7.03465158033034e-05,calm
2006-05-15,3.227319316305855e-05,2.967451301973849e-05,calm
2006-05-16,3.342429941976409e-05,8.62964180647739e-05,calm
2006-05-17,4.157163448420364e-05,5.775689710853748e-05,calm
2006-05-18,5.090506961035578e-05,8.85207010353377e-05,calm
2006-05-22,6.267272163491274e-05,7.474737073904105e-05,calm
2006-05-23,6.766305999011512e-05,0.0001568220245815,calm
2006-05-24,8.471576708950135e-05,4.735913249411477e-05,calm
2006-05-25,6.541765196070568e-05,1.4269276366805604e-05,calm
2006-05-30,3.828589186691826e-05,6.797333263303817e-05,calm
2006-05-31,4.746315770916725e-05,4.05155030058163e-05,calm
2006-06-01,4.3790161780891905e-05,5.4485833040060406e-05,calm
2006-06-05,4.083330031397895e-05,9.813495007227456e-05,calm
2006-06-06,5.409391694754912e-05,6.42049480740768e-05,calm
2006-06-07,5.977293410331721e-05,0.0001609976568298,calm
2006-06-08,7.97834329195744e-05,5.848441991708481e-05,calm
2006-06-12,7.317506049750893e-05,0.0001551810673886,calm
2006-06-13,0.0001002366860536141,8.929928043441164e-05,calm
2006-06-14,0.0001174445018258898,6.837686572454833e-05,calm
2006-06-15,9.439380850358243e-05,4.456046311560157e-05,calm
2006-06-19,5.513139080437315e-05,4.161435722005943e-05,calm
2006-06-20,4.7580451935431856e-05,3.980550592975142e-05,calm
2006-06-21,4.2267539176344475e-05,3.907099249013956e-05,calm
2006-06-22,3.860199346627765e-05,5.182735232282784e-05,calm
2006-06-26,4.025727728085819e-05,3.15743620689587e-05,calm
2006-06-27,3.8031628157852396e-05,2.969139376904296e-05,calm
2006-06-28,3.736807709360203e-05,9.942451819995536e-05,calm
2006-06-29,4.635115131847865e-05,2.5934256244406105e-05,calm
2006-07-05,3.455906337041501e-05,2.973056588367171e-05,calm
2006-07-06,3.1347687255833755e-05,3.229603863295765e-05,calm
2006-07-10,2.9820300912445354e-05,3.95611976834746e-05,calm
2006-07-11,3.152251926315017e-05,2.916054476288056e-05,calm
2006-07-12,2.9479951185719124e-05,5.791651198532688e-05,calm
2006-07-13,3.5446298858587264e-05,7.669155188587427e-05,calm
2006-07-17,5.3613142333404235e-05,7.751915591055189e-05,calm
2006-07-18,6.794950387875343e-05,8.937524434491545e-05,calm
2006-07-19,6.960191991098988e-05,3.443352985324364e-05,calm
2006-07-20,4.761252744315005e-05,7.415385800959147e-05,calm
2006-07-24,4.7657935223978475e-05,5.6479841502276246e-05,calm
2006-07-25,4.4094353968416415e-05,4.4996953590506045e-05,calm
2006-07-26,4.093396298026473e-05,5.98007417014539e-05,calm
2006-07-27,4.189128812295546e-05,5.050025682248678e-05,calm
2006-07-31,4.2957537265459866e-05,3.4875652513479095e-05,calm
2006-08-01,3.979942573843995e-05,4.157416794592438e-05,calm
2006-08-02,3.9002779653231675e-05,5.576825352845317e-05,calm
2006-08-03,4.120917981148024e-05,4.629293118546689e-05,calm
2006-08-07,4.1084969345106856e-05,7.044880302316272e-05,calm
2006-08-08,4.7065366473405256e-05,7.272535548833909e-05,calm
2006-08-09,5.171054552080554e-05,4.60069380914304e-05,calm
2006-08-10,4.800040570660641e-05,2.346482587576496e-05,calm
2006-08-14,3.7100269592187706e-05,6.035608618960762e-05,calm
2006-08-15,3.899186374954014e-05,2.03979011558099e-05,calm
2006-08-16,3.1617666928833644e-05,1.7628337647109112e-05,calm
2006-08-17,2.595273563144651e-05,1.5944874786718075e-05,calm
2006-08-21,2.3118216297968277e-05,1.79286418692486e-05,calm
2006-08-22,2.2470221656732316e-05,1.713952015572996e-05,calm
2006-08-23,2.225309878804395e-05,2.274404560423668e-05,calm
2006-08-24,2.3524521038492327e-05,1.481886371278123e-05,calm
2006-08-28,2.2676859476638783e-05,1.8437567600561787e-05,calm
2006-08-29,2.2582461258100395e-05,1.591014999393216e-05,calm
2006-08-30,2.219596324765108e-05,8.65709378512243e-06,calm
2006-08-31,2.005521886535041e-05,2.6818486129431844e-05,calm
2006-09-05,2.2334145379160157e-05,2.255588632588384e-05,calm
2006-09-06,2.4004805914180134e-05,3.645449597785752e-05,calm
2006-09-07,2.8427737487241696e-05,1.77815129335666e-05,calm
2006-09-11,2.726833659803475e-05,2.016111071276435e-05,calm
2006-09-12,2.554653975691075e-05,1.2830292710308151e-05,calm
2006-09-13,2.1901516000042278e-05,1.3596267154475135e-05,calm
2006-09-14,1.9980160890878987e-05,2.812030605765717e-05,calm
2006-09-18,2.2264709223402458e-05,1.9445172853326387e-05,calm
2006-09-19,2.2972270412751317e-05,3.690597187038145e-05,calm
2006-09-20,2.61816283073158e-05,3.333717340972816e-05,calm
2006-09-21,2.7095503118597433e-05,1.849905728730936e-05,calm
2006-09-25,2.5514806104020476e-05,2.887975121088769e-05,calm
2006-09-26,2.6122851577009607e-05,3.2985468982108414e-05,calm
2006-09-27,2.677260185349792e-05,1.6545772860181013e-05,calm
2006-09-28,2.4060587498436727e-05,1.0293680786142047e-05,calm
2006-10-02,2.0960219487648233e-05,2.459948531719992e-05,calm
2006-10-03,2.3281818061383394e-05,2.021121121287753e-05,calm
2006-10-04,2.3937816111790863e-05,1.3167416455492236e-05,calm
2006-10-05,2.1977302720363652e-05,3.344378818346737e-05,calm
2006-10-09,2.46207965560771e-05,1.3741346810826676e-05,calm
2006-10-10,2.261207333292799e-05,2.6617363814731348e-05,calm
2006-10-11,2.345287210087822e-05,1.7547872528740184e-05,calm
2006-10-12,2.2840469355264345e-05,9.480284530419702e-06,calm
2006-10-16,1.9906657796493465e-05,2.1669666464013374e-05,calm
2006-10-17,2.0827787138300285e-05,4.960183098900495e-05,calm
2006-10-18,2.5261431527264125e-05,1.3102452103515802e-05,calm
2006-10-19,2.2204697661684415e-05,7.90081222346207e-06,calm
2006-10-23,1.8442416930397478e-05,2.762893771212448e-05,calm
2006-10-24,2.0360093937379476e-05,2.645585013212175e-05,calm
2006-10-25,2.1717641668376527e-05,2.3009711979618304e-05,calm
2006-10-26,2.1757650155455798e-05,3.3174159319324787e-05,calm
2006-10-30,2.3141396972020456e-05,1.400395233979828e-05,calm
2006-10-31,2.142304394240311e-05,2.593756798935709e-05,calm
2006-11-01,2.2279553925561952e-05,2.2409210064207608e-05,calm
2006-11-02,2.3003075549552223e-05,1.907591747092852e-05,calm
2006-11-03,2.2458266037650084e-05,3.84824497741386e-05,calm
2006-11-06,2.4832859085656368e-05,2.575225841074673e-05,calm
2006-11-07,2.462735864013747e-05,1.9582880941686183e-05,calm
2006-11-08,2.2986880602408586e-05,4.010187070325331e-05,calm
2006-11-09,2.4884531600548972e-05,2.481675346570893e-05,calm
2006-11-10,2.4513000156821087e-05,1.5874688052641962e-05,calm
2006-11-13,2.1939546126669123e-05,1.5851757550240773e-05,calm
2006-11-14,2.0679503762480654e-05,3.682463489218845e-05,calm
2006-11-15,2.308168963119402e-05,1.429141470808222e-05,calm
2006-11-16,2.0897255581560266e-05,2.051446661559993e-05,calm
2006-11-17,2.053708267033565e-05,2.3658367242021745e-05,calm
2006-11-20,2.113021806731526e-05,1.698261692727839e-05,calm
2006-11-21,2.0273346428965972e-05,7.919128775626147e-06,calm
2006-11-22,1.7791465795970923e-05,1.2395649020698937e-05,calm
2006-11-24,1.764678865347126e-05,2.918951148667347e-05,calm
2006-11-27,2.0743883230847273e-05,3.784938065208794e-05,calm
2006-11-28,2.5986047365826588e-05,4.007236225495033e-05,calm
2006-11-29,2.8375695635039984e-05,4.1322339703193765e-05,calm
2006-11-30,2.8444204036615746e-05,5.123420871721887e-05,calm
2006-12-01,3.0003241865414277e-05,5.7338192957518384e-05,calm
2006-12-04,3.336791540005935e-05,2.327657097184121e-05,calm
2006-12-05,2.8460527813219362e-05,2.1846295878807715e-05,calm
2006-12-06,2.5348851035203695e-05,9.790503918683016e-06,calm
2006-12-07,2.096610669470172e-05,2.341876127661348e-05,calm
2006-12-08,2.3187367315308906e-05,2.109560165167e-05,calm
2006-12-11,2.381419491312896e-05,8.6464042193481e-06,calm
2006-12-12,1.9762178804704558e-05,2.478747087996112e-05,calm
2006-12-13,2.081007950346325e-05,2.62868027670106e-05,calm
2006-12-14,2.171608250039821e-05,2.005888547004301e-05,calm
2006-12-15,2.1101796656900526e-05,1.9756140469778264e-05,calm
2006-12-18,2.0719207262495804e-05,1.2583725798421445e-05,calm
2006-12-19,1.9628056553275032e-05,3.028768990137271e-05,calm
2006-12-20,2.1567702834496584e-05,7.206939785982116e-06,calm
2006-12-21,1.8287767987083226e-05,1.9571446912611223e-05,calm
2006-12-22,1.932360872475932e-05,2.118569427641668e-05,calm
2006-12-26,2.1113515715165023e-05,6.508273715781892e-06,calm
2006-12-27,1.8366490590672355e-05,2.118140642885569e-05,calm
2006-12-28,1.956205814999527e-05,1.0933785934001245e-05,calm
2006-12-29,1.8801623927977692e-05,2.253133446825217e-05,calm
2007-01-03,2.0879482929803682e-05,4.506079774052098e-05,calm
2007-01-04,2.6058810400490916e-05,4.229880145404546e-05,calm
2007-01-05,2.8479563074181106e-05,3.960850137609532e-05,calm
2007-01-08,3.0139943512067355e-05,3.369348123099182e-05,calm
2007-01-09,2.9575064585543684e-05,3.114137600355407e-05,calm
2007-01-10,2.8490501734558197e-05,2.8498001912115327e-05,calm
2007-01-11,2.6873945174145505e-05,1.5174741643015502e-05,calm
2007-01-12,2.2577618701774625e-05,1.298669968860314e-05,calm
2007-01-16,1.9629162569861718e-05,1.4157693272464276e-05,calm
2007-01-17,1.9113856471796586e-05,2.2365817187239105e-05,calm
2007-01-18,2.042498021918284e-05,2.494821111320507e-05,calm
2007-01-19,2.1972387890088612e-05,1.1403669752408372e-05,calm
2007-01-22,1.9614957710957873e-05,1.830673551002677e-05,calm
2007-01-23,2.0031537180036e-05,1.907113262541366e-05,calm
2007-01-24,2.0018156644095448e-05,1.7021418873956373e-05,calm
2007-01-25,1.9438664047142637e-05,2.159931327926243e-05,calm
2007-01-26,2.0973464317094414e-05,3.294252626735421e-05,calm
2007-01-29,2.35446393231921e-05,2.062511217250769e-05,calm
2007-01-30,2.3357465238576488e-05,2.216011759801403e-05,calm
2007-01-31,2.2715656027507944e-05,4.128144982272786e-05,calm
2007-02-01,2.4636960434822258e-05,2.226116152493081e-05,calm
2007-02-02,2.316003610892589e-05,1.2829747924856592e-05,calm
2007-02-05,2.012560199410622e-05,9.343912885651973e-06,calm
2007-02-06,1.8193298207401254e-05,1.0713033410875672e-05,calm
2007-02-07,1.7689241274389444e-05,1.0814209798654906e-05,calm
2007-02-08,1.7375450088613256e-05,2.755677375575885e-05,calm
2007-02-09,1.982996551366584e-05,2.742613083686676e-05,calm
2007-02-12,2.2249074984920887e-05,1.1972466046714771e-05,calm
2007-02-13,2.092098543467639e-05,2.104434029758367e-05,calm
2007-02-14,2.0574505807737413e-05,2.4845864324328635e-05,calm
2007-02-15,2.1126947540919216e-05,9.34903373839985e-06,calm
2007-02-16,1.8644573488308518e-05,9.545006692153727e-06,calm
2007-02-20,1.7270498401362393e-05,1.6204650734436462e-05,calm
2007-02-21,1.801481021970473e-05,2.967895815031996e-05,calm
2007-02-22,2.0453871302261625e-05,2.774143405998003e-05,calm
2007-02-23,2.1607897704773468e-05,1.7617328625646743e-05,calm
2007-02-26,2.087585265133971e-05,2.443822987611277e-05,calm
2007-02-27,2.2026867357875937e-05,0.0002803240191029,calm
2007-02-28,5.7831071255716275e-05,0.0001217706927491,calm
2007-03-01,6.884942636900684e-05,0.0003799144036669,calm
2007-03-02,9.961704692994587e-05,7.439101482414818e-05,calm
2007-03-05,9.056541073770447e-05,0.0001694612082679,calm
2007-03-06,0.00010666283486207005,0.0001134689041992,calm
2007-03-07,8.359625172823813e-05,3.414279751907002e-05,calm
2007-03-08,5.431970166686152e-05,7.461909348660612e-05,calm
2007-03-09,4.956423683977671e-05,5.788944170905831e-05,calm
2007-03-12,4.569805098446643e-05,2.490229987814612e-05,calm
2007-03-13,3.60662245342635e-05,8.970738994064515e-05,calm
2007-03-14,5.289373454691485e-05,0.0001615954400272,calm
2007-03-15,7.568502972162618e-05,4.288518133379065e-05,calm
2007-03-16,6.099215452201705e-05,2.917255993453537e-05,calm
2007-03-19,4.76702045837943e-05,5.433113053397026e-05,calm
2007-03-20,4.2402214696988044e-05,1.9093651815710383e-05,calm
2007-03-21,3.032074995183869e-05,6.634452415214046e-05,calm
2007-03-22,3.192842449210372e-05,1.7480806335324023e-05,calm
2007-03-23,2.6607659819512654e-05,2.1752451118461235e-05,calm
2007-03-26,2.416255151685984e-05,4.251569491510792e-05,calm
2007-03-27,2.7082190847916422e-05,6.188325160527927e-05,calm
2007-03-28,3.2862423937742094e-05,7.920989026962224e-05,calm
2007-03-29,4.370664957140149e-05,4.713978316039182e-05,calm
2007-04-02,4.5202868009688566e-05,4.239278465647242e-05,calm
2007-04-03,4.1364481087665066e-05,1.32252096061014e-05,calm
2007-04-04,2.8756176991942973e-05,6.868733232916942e-06,calm
2007-04-09,2.099044335610765e-05,1.000577963565332e-05,calm
2007-04-10,1.8847960394206356e-05,2.1936268931132363e-05,calm
2007-04-11,2.0105484245760567e-05,2.08138543624239e-05,calm
2007-04-12,2.2394733683822998e-05,1.881436785771979e-05,calm
2007-04-16,2.2407183521476357e-05,1.4892323158757945e-05,calm
2007-04-17,2.0783350910279872e-05,1.6426867092686428e-05,calm
2007-04-18,2.0544689926297606e-05,4.2003477125710656e-05,calm
2007-04-19,2.451041777040758e-05,7.92713588037026e-05,calm
2007-04-23,3.174527651597348e-05,2.279789723173168e-05,calm
2007-04-24,2.939296675481866e-05,3.16479437805554e-05,calm
2007-04-25,2.9263234712852355e-05,1.5875027756402973e-05,calm
2007-04-26,2.5955074332495117e-05,2.114516317955485e-05,calm
2007-04-30,2.4680196374268986e-05,3.8038050530442736e-05,calm
2007-05-01,2.992317544344592e-05,1.5116602454379909e-05,calm
2007-05-02,2.6824354398143816e-05,2.01309585214887e-05,calm
2007-05-03,2.5388570651527047e-05,1.658361868375604e-05,calm
2007-05-07,2.4132705766976713e-05,2.5057710327751667e-05,calm
2007-05-08,2.5392474620312717e-05,1.98600375157866e-05,calm
2007-05-09,2.5371980093951152e-05,4.513021304641341e-05,calm
2007-05-10,2.8918986734547145e-05,2.7186510200428123e-05,calm
2007-05-14,2.9660513578715048e-05,5.345072788645108e-05,calm
2007-05-15,3.478040449208641e-05,3.734598575359074e-05,calm
2007-05-16,3.5228457995869205e-05,2.0005130106902142e-05,calm
2007-05-17,2.9708198567933327e-05,2.0959405736388176e-05,calm
2007-05-21,2.7112245352834557e-05,1.914186404970872e-05,calm
2007-05-22,2.545230054794308e-05,3.061452407221036e-05,calm
2007-05-23,2.680126923072994e-05,5.3517352657326345e-05,calm
2007-05-24,3.191242380020074e-05,3.08706894850276e-05,calm
2007-05-29,3.312794337613016e-05,4.846749115723277e-05,calm
2007-05-30,3.515895041617548e-05,1.7186289990123763e-05,calm
2007-05-31,2.8220073945477624e-05,3.79232019065358e-05,calm
2007-06-04,2.925197401145979e-05,3.114706847587333e-05,calm
2007-06-05,2.9846434761504228e-05,3.674411118648482e-05,calm
2007-06-06,3.189106096929741e-05,7.437020870833379e-05,calm
2007-06-07,4.2150203833385535e-05,5.254647567651792e-05,calm
2007-06-11,4.837820001266268e-05,6.630966155709031e-05,calm
2007-06-12,4.7798194882396643e-05,6.488991320270412e-05,calm
2007-06-13,5.222707802043508e-05,2.3878967590886643e-05,calm
2007-06-14,3.795748864101122e-05,4.717931507962112e-05,calm
2007-06-18,3.48422666879475e-05,1.830927292477324e-05,calm
2007-06-19,2.7782750880306225e-05,5.179075301605775e-05,calm
2007-06-20,3.0054444404530652e-05,7.764258247053108e-05,calm
2007-06-21,3.975913233450114e-05,8.07640554469892e-05,calm
2007-06-25,4.653058942207668e-05,8.019526718780374e-05,calm
2007-06-26,5.7523854478989414e-05,7.081475749594538e-05,calm
2007-06-27,6.844654701940045e-05,6.146817526204457e-05,calm
2007-06-28,5.6548832056681545e-05,7.759919824617189e-05,calm
2007-07-02,5.4053265576989754e-05,1.002187437132428e-05,calm
2007-07-05,3.320847977829712e-05,1.816453501270346e-05,calm
2007-07-09,2.7906923899823105e-05,7.456955525102637e-05,calm
2007-07-10,3.532838563424592e-05,4.903818519711789e-05,calm
2007-07-11,4.3775594382890766e-05,4.911009303794304e-05,calm
2007-07-12,4.597162265207756e-05,1.8830126654505064e-05,calm
2007-07-16,3.476069264183281e-05,2.2564391445408063e-05,calm
2007-07-17,3.043466942441661e-05,6.72490270993307e-05,calm
2007-07-18,3.6943756364591986e-05,3.541691050983973e-05,calm
2007-07-19,3.7107523196134334e-05,8.039872067280962e-05,calm
2007-07-23,4.336055511008158e-05,0.0001162603927455,calm
2007-07-24,5.956227422286497e-05,0.000170826887148,calm
2007-07-25,8.74756797386003e-05,0.0003273198301778,calm
2007-07-26,0.00011456958505989827,0.0001876647791166,calm
2007-07-30,0.00012762084622261897,0.0001350277612505,calm
2007-07-31,0.00011831621532381329,0.0002795008345358,calm
2007-08-01,0.00015799368910904033,0.0001112037418128,calm
2007-08-02,0.00013904160671882585,0.000159639829251,calm
2007-08-06,0.0001241476356801929,0.0002497237032897,calm
2007-08-07,0.00014891512693084936,0.0001386025959612,calm
2007-08-08,0.00012868575919099812,0.0004813051278125,calm
2007-08-09,0.0001626559786048854,0.0004132797014208,calm
2007-08-13,0.0002227028569090332,0.0001542464409498,calm
2007-08-14,0.00019532050585112495,0.0001984234175129,calm
2007-08-15,0.00021175869901193122,0.0005433023784139,calm
2007-08-16,0.000311438375726618,0.0005072473750895,calm
2007-08-20,0.00031889343538504117,9.772839890120095e-05,calm
2007-08-21,0.00017623848582987015,0.0001345203911682,calm
2007-08-22,0.00015775090621338917,8.910045366440984e-05,calm
2007-08-23,0.00012153081643359923,3.5017865463786514e-05,calm
2007-08-27,9.061204199834133e-05,6.202653813350613e-05,calm
2007-08-28,9.028645445305205e-05,0.0001122639373414,calm
2007-08-29,0.0001359364182137858,0.0001312747599929,calm
2007-08-30,0.00013879511034094226,0.0001759104058176,calm
2007-09-04,0.0001601602194212984,0.0001019606291986,calm
2007-09-05,0.0001240798764290539,5.636793116205445e-05,calm
2007-09-06,0.00010909408294462408,0.0001933643805261,calm
2007-09-10,0.00013620963572918494,8.059395034870322e-05,calm
2007-09-11,0.0001504560996435359,5.813860968457583e-05,calm
2007-09-12,0.00011768409746883414,6.465740856455102e-05,calm
2007-09-13,0.0001048717127583968,6.817212806164966e-05,calm
2007-09-17,9.919496064398783e-05,0.000216888860712,calm
2007-09-18,0.0001500055319272729,8.8684110720082e-05,calm
2007-09-19,9.150367317112902e-05,4.132613602776739e-05,calm
2007-09-20,6.228325174651307e-05,4.218376809569183e-05,calm
2007-09-24,5.5353400981990135e-05,4.9541548970541353e-05,calm
2007-09-25,5.2405294580091796e-05,3.7658897036419006e-05,calm
2007-09-26,4.674338141139055e-05,2.832135375099397e-05,calm
2007-09-27,3.957926889197271e-05,2.503292613843916e-05,calm
2007-10-01,3.4718829887785664e-05,1.858673552084283e-05,calm
2007-10-02,3.25609887346054e-05,3.477746900281202e-05,calm
2007-10-03,3.5931413616174506e-05,1.464804799665193e-05,calm
2007-10-04,3.38485626164371e-05,5.097566845681872e-05,calm
2007-10-08,3.911530385597369e-05,3.25817825729652e-05,calm
2007-10-09,3.7263270733056666e-05,2.7141613341950145e-05,calm
2007-10-10,3.191547481006442e-05,8.54127246900643e-05,calm
2007-10-11,3.965314831222884e-05,3.2176943246088344e-05,calm
2007-10-15,4.387777744517394e-05,4.548034579081117e-05,calm
2007-10-16,4.795288802016967e-05,8.419462235269613e-05,calm
2007-10-17,5.928804196203746e-05,4.611410666400613e-05,calm
2007-10-18,5.096713313443298e-05,0.0001222150827914,calm
2007-10-22,5.8472613462931514e-05,7.167288213119987e-05,calm
2007-10-23,7.199455159784057e-05,0.000196930286843,calm
2007-10-24,9.026259348097434e-05,0.0001423881587167,calm
2007-10-25,9.587318378038872e-05,6.542599420795634e-05,calm
2007-10-29,8.12577937186559e-05,3.715323746662883e-05,calm
2007-10-30,5.8734635044687236e-05,2.902270751306723e-05,calm
2007-10-31,5.052712456776855e-05,0.0001246701984499,calm
2007-11-01,5.813888473382068e-05,0.0002100103393905,calm
2007-11-02,0.00011095860890179506,0.0002035751446778,calm
2007-11-05,0.00013971568974589446,0.0001645746348433,calm
2007-11-06,0.0001454927173702328,7.779440094078531e-05,calm
2007-11-07,0.00010236180353585987,0.0001974550352914,calm
2007-11-08,0.0001487788974333726,0.0003510532077174,calm
2007-11-09,0.00019546042224013243,0.0002435400545023,calm
2007-11-12,0.00021696321944075564,0.000175421437543,calm
2007-11-13,0.00023076054489007582,0.000126001312416,calm
2007-11-14,0.00014889477982363096,0.0001273051341983,calm
2007-11-15,0.00014450525628117804,0.0001426643792738,calm
2007-11-16,0.0001665913701496775,0.0001701152561844,calm
2007-11-19,0.0001576158594973601,0.0001465415272457,calm
2007-11-20,0.00015327306806186915,0.0002956852681278,calm
2007-11-21,0.00017193954965773352,0.0002219214073243,calm
2007-11-23,0.0001862334689638518,9.192092041438048e-05,calm
2007-11-26,0.0001419271399874025,0.0001277612553939,calm
2007-11-27,0.0001651720850119428,0.0002037544990638,calm
2007-11-28,0.00016769585603458142,0.0001229082633789,calm
2007-11-29,0.0001320404190084056,0.000112516237812,calm
2007-11-30,0.00011871798927967398,0.0001695579189329,calm
2007-12-03,0.00012230433271976594,7.584278580989405e-05,calm
2007-12-04,0.00010501553742436884,7.505261098068671e-05,calm
2007-12-05,9.667588543518942e-05,0.0001221284902199,calm
2007-12-06,9.712778510495366e-05,4.18838726814622e-05,calm
2007-12-07,6.943920825314205e-05,3.0860227090210635e-05,calm
2007-12-10,5.343289975149079e-05,3.0892944478623696e-05,calm
2007-12-11,4.6862360137951734e-05,0.0002294711277764,calm
2007-12-12,8.836421787764779e-05,0.0004568278893311,calm
2007-12-13,0.00014463595085406215,0.0001117620423162,calm
2007-12-14,0.00012352338183367484,0.000101280562519,calm
2007-12-17,0.00010983709516562917,0.0001031616654184,calm
2007-12-18,0.00011115484349845904,0.0001472817740886,calm
2007-12-19,0.00011172874047269866,9.797630486954924e-05,calm
2007-12-20,9.710948992740368e-05,7.102992843675121e-05,calm
2007-12-21,8.003189783130195e-05,8.918603403997033e-05,calm
2007-12-24,7.077892468027402e-05,1.9728796270195378e-05,calm
2007-12-26,4.751223030074885e-05,2.1327826708261897e-05,calm
2007-12-27,3.868082099558316e-05,3.865129115133182e-05,calm
2007-12-28,4.4247623511500574e-05,6.013352358611052e-05,calm
2007-12-31,5.6689027721253704e-05,3.736944764346399e-05,calm
2008-01-02,6.196072904253395e-05,0.00011089713625,calm
2008-01-03,8.444708121348224e-05,6.541168832158663e-05,calm
2008-01-04,8.037191448818576e-05,0.0001687688641431,calm
2008-01-07,0.00010504062207607212,0.0001906486565215,calm
2008-01-08,0.00012182594117117701,0.0002267518737647,calm
2008-01-09,0.0001475966946918927,0.0002478331118877,calm
2008-01-10,0.00014838646503427373,0.0003538678567542,calm
2008-01-11,0.00015941567252833843,0.0002235550867801,calm
2008-01-14,0.00015297609472006584,9.215386742423842e-05,calm
2008-01-15,0.00011759798376072741,0.0001488822660968,calm
2008-01-16,0.0001236699805482989,0.0002548310084881,calm
2008-01-17,0.00015694732902905712,0.0002933747458008,calm
2008-01-18,0.00022032945234540545,0.000368726144566,calm
2008-01-22,0.0002290407457611361,0.0015404585421895,calm
2008-01-23,0.0003574918811791324,0.0012372071572716,calm
2008-01-24,0.0003308960696904653,0.000295631819007,calm
2008-01-25,0.00024171743581340586,0.000281020936017,calm
2008-01-28,0.00024741992644472586,0.0002021381224532,calm
2008-01-29,0.0002184333816765478,0.0001004546298116,calm
2008-01-30,0.00017700628971777308,0.0002285478149366,calm
2008-01-31,0.00020548790278497402,0.0004922012019041,calm
2008-02-01,0.00023304186198604493,0.0001387000881119,calm
2008-02-04,0.0001619972618071862,6.756875544995217e-05,calm
2008-02-05,0.00013716539055242552,0.0003315916861885,calm
2008-02-06,0.00021576580003279628,0.0001396893718457,calm
2008-02-07,0.0002047626081380532,0.0002642922313555,calm
2008-02-08,0.00022242162399943957,0.0001578754998434,calm
2008-02-11,0.0002024743405036903,9.102633174229252e-05,calm
2008-02-12,0.00016777122025028545,0.0001591586569982,calm
2008-02-13,0.0001665418123991228,0.0001298904243363,calm
2008-02-14,0.00014505464297056566,0.0001180230081966,calm
2008-02-15,0.00014285854070827806,7.412769820621245e-05,calm
2008-02-19,0.00012144491981361648,0.0001367048791368,calm
2008-02-20,0.00013750535489997682,0.0002035015215746,calm
2008-02-21,0.00014800752256316306,0.000114426401142,calm
2008-02-22,0.0001377664014304305,0.0001536689382008,calm
2008-02-25,0.0001306380807647425,0.0001800907236403,calm
2008-02-26,0.00012080430320900374,9.947513803185888e-05,calm
2008-02-27,9.898870380105875e-05,0.0001171559425113,calm
2008-02-28,0.00010209139617311895,0.0001044246691931,calm
2008-02-29,0.00010785743111914549,0.0001585925996658,calm
2008-03-03,0.00015037728966635553,0.0001207730587236,calm
2008-03-04,0.0001463000965789011,0.0002048538003299,calm
2008-03-05,0.00014965219115745855,0.0001618845338688,calm
2008-03-06,0.00013714236529747988,0.0001524832247095,calm
2008-03-07,0.00016286730089365865,0.000325887287972,calm
2008-03-10,0.00020079793515420208,0.0001493640906891,calm
2008-03-11,0.0002042685071228536,0.0005383950003458,calm
2008-03-12,0.000224380507092595,0.0001161145293536,calm
2008-03-13,0.000174243291260696,0.0004076938204742,calm
2008-03-14,0.0002222685847911919,0.0005684132100105,calm
2008-03-17,0.0003102933713221722,0.0004859960159006,calm
2008-03-18,0.0003303719158064787,0.000568591110936,calm
2008-03-19,0.00024224575322109664,0.0002587916874391,calm
2008-03-20,0.00025043265945143305,0.0001392717555806,calm
2008-03-24,0.00018622094133230718,0.0001126339769148,calm
2008-03-25,0.00015838570406446657,9.382816540429909e-05,calm
2008-03-26,0.0001442331991667269,0.0001106858901699,calm
2008-03-27,0.00014724451290415338,0.0001261013692703,calm
2008-03-28,0.00014925343284661626,8.816878296811261e-05,calm
2008-03-31,0.00013407559067945776,0.0001806108987809,calm
2008-04-01,0.00015250639192511357,7.77464379590084e-05,calm
2008-04-02,0.00010805998141976019,7.843588749501146e-05,calm
2008-04-03,0.00010050316855792017,7.346831122062449e-05,calm
2008-04-07,9.535977989586232e-05,7.742652436952717e-05,calm
2008-04-08,8.991938246389374e-05,5.058504802040169e-05,calm
2008-04-09,7.893313964298644e-05,7.514509513991849e-05,calm
2008-04-10,8.413926135348389e-05,0.0001402448487083,calm
2008-04-14,9.607619381614347e-05,7.110641541918169e-05,calm
2008-04-15,9.979773968553363e-05,0.0001002009778703,calm
2008-04-16,9.713049023544275e-05,5.96107690343756e-05,calm
2008-04-17,7.36938464859288e-05,0.0002640269567968,calm
2008-04-21,9.577689170504625e-05,6.364165639209611e-05,calm
2008-04-22,8.201078857126571e-05,6.366126208495815e-05,calm
2008-04-23,7.529240170189988e-05,0.000118603020548,calm
2008-04-24,8.081991240020164e-05,9.339080906554552e-05,calm
2008-04-28,8.197056797297101e-05,3.299273781226963e-05,calm
2008-04-29,6.194055925167917e-05,0.0001386805707432,calm
2008-04-30,7.894106564181473e-05,6.733874462049714e-05,calm
2008-05-01,8.092271623536874e-05,0.0001502776528744,calm
2008-05-05,8.72507349557922e-05,7.201145636903768e-05,calm
2008-05-06,7.779217657654689e-05,5.038039584607613e-05,calm
2008-05-07,6.35722281704557e-05,7.382778538611801e-05,calm
2008-05-08,6.929983503658877e-05,9.596045996769435e-05,calm
2008-05-12,7.759210956569885e-05,2.742529710385096e-05,calm
2008-05-13,5.452620367961767e-05,4.139134962339751e-05,calm
2008-05-14,4.8812475398485016e-05,4.8432873078760696e-05,calm
2008-05-15,4.832591538901625e-05,3.874281770428567e-05,calm
2008-05-19,4.321353824233316e-05,6.557470260139372e-05,calm
2008-05-20,5.0848838433761734e-05,9.72393904507368e-05,calm
2008-05-21,6.438260906014304e-05,4.450876526808516e-05,calm
2008-05-22,6.137367221656343e-05,6.268106282164471e-05,calm
2008-05-27,6.0660682351471094e-05,5.5619907204021457e-05,calm
2008-05-28,6.29703205244308e-05,4.55012731383955e-05,calm
2008-05-29,5.7848001110679046e-05,3.882712073292723e-05,calm
2008-06-02,5.004524431180477e-05,7.661762837330231e-05,calm
2008-06-03,6.142700775882586e-05,0.0001054345942353,calm
2008-06-04,7.852160802242279e-05,7.18426902321329e-05,calm
2008-06-05,8.1147190778221e-05,0.0001734827840193,calm
2008-06-09,9.125338314812021e-05,0.0001347287563795,calm
2008-06-10,0.00011548360349700353,0.000106296465573,calm
2008-06-11,0.00011695221218562092,0.0001204689605372,calm
2008-06-12,0.00012411098841172194,0.0001237579434158,calm
2008-06-16,0.00012199831400331478,8.037809041307721e-05,calm
2008-06-17,9.587866089037759e-05,0.0001141563056272,calm
2008-06-18,9.708157176695365e-05,7.452010613187197e-05,calm
2008-06-19,9.420253910469095e-05,0.0001373943716104,calm
2008-06-23,0.00010651102327608574,9.179932226530464e-05,calm
2008-06-24,0.00010800924785217254,0.0001154336561536,calm
2008-06-25,0.00011271706212411671,0.000133187910166,calm
2008-06-26,0.0001083961978179455,0.000115807417823,calm
2008-06-30,0.00012197577999259793,0.0002322747774764,calm
2008-07-01,0.0001507744230632928,0.000141374866138,calm
2008-07-02,0.00014250636776199846,0.0001735390647574,calm
2008-07-07,0.00016303389427118942,0.0001576243434706,calm
2008-07-08,0.00016422179911537802,0.0001317425600974,calm
2008-07-09,0.00013635576391122058,0.0002851636883735,calm
2008-07-10,0.00017357361362801776,0.0005328702315315,calm
2008-07-14,0.0002216568311761579,0.0003223584094555,calm
2008-07-15,0.0002459746369817612,0.0002042541741384,calm
2008-07-16,0.00022738846564112036,0.0001786517823724,calm
2008-07-17,0.00018077880014509177,8.267270594014077e-05,calm
2008-07-21,0.00014080413039530777,0.0001158038237891,calm
2008-07-22,0.00012508066615014155,0.0001351957751882,calm
2008-07-23,0.00011484089306444534,9.510952551555592e-05,calm
2008-07-24,0.00010491362984870497,0.0001195328125213,calm
2008-07-28,0.0001203829123498468,9.511102881839604e-05,calm
2008-07-29,0.00012435943350154092,0.0001587964366992,calm
2008-07-30,0.0001251228433991268,0.0001248478585696,calm
2008-07-31,0.00011473081246520481,0.0001142599087338,calm
2008-08-04,0.00011935082253706712,7.579598616195178e-05,calm
2008-08-05,0.00011335214848862295,6.162242720630657e-05,calm
2008-08-06,8.959373981133668e-05,0.0001299717501062,calm
2008-08-07,9.44949294187888e-05,8.068130079962601e-05,calm
2008-08-11,9.290543503311579e-05,8.195548826742887e-05,calm
2008-08-12,8.67908446901115e-05,0.0001114405322149,calm
2008-08-13,9.750923804395048e-05,8.849723318479628e-05,calm
2008-08-14,9.861381606860675e-05,7.673493976667798e-05,calm
2008-08-18,8.734331986022088e-05,9.207334187939424e-05,calm
2008-08-19,8.977360333178183e-05,0.0001073663229129,calm
2008-08-20,9.668452617304938e-05,9.772980066163752e-05,calm
2008-08-21,9.310908508645805e-05,8.560087103069072e-05,calm
2008-08-25,8.580449379025784e-05,6.77467983064974e-05,calm
2008-08-26,8.316914544583005e-05,5.948442657799379e-05,calm
2008-08-27,7.629438726428825e-05,7.726561717649786e-05,calm
2008-08-28,7.508327084584725e-05,5.619627712196335e-05,calm
2008-09-02,6.793937900684627e-05,0.0001208977865695,gfc_2008
2008-09-03,9.308303032748263e-05,0.0001449371194291,gfc_2008
2008-09-04,0.00010927449057048957,0.000168729503677,gfc_2008
2008-09-08,0.0001378908166086024,0.000216011967701,gfc_2008
2008-09-09,0.00014337454669562414,0.0001835110249294,gfc_2008
2008-09-10,0.00016219505209453898,0.0003794295748899,gfc_2008
2008-09-11,0.00018975835935558727,0.00020784055751,gfc_2008
2008-09-15,0.00017359672838905974,0.0012480213875124,gfc_2008
2008-09-16,0.0003372255116362885,0.0009942958125928,gfc_2008
2008-09-17,0.00034553193559770505,0.0016335436240053,gfc_2008
2008-09-18,0.00046691530074637283,0.0012486070066553,gfc_2008
2008-09-22,0.00042265332476764967,0.0003966866942016,gfc_2008
2008-09-23,0.0003690221084871236,0.0002433164494566,gfc_2008
2008-09-24,0.000368453236110262,0.0002796623823909,gfc_2008
2008-09-25,0.0003671268420798784,0.0004227092734609,gfc_2008
2008-09-29,0.0003486166442975772,0.0006513352029965,gfc_2008
2008-09-30,0.0006365834689388648,0.0005162220626082,gfc_2008
2008-10-01,0.0004966399807466529,0.000440958108402,gfc_2008
2008-10-02,0.0004717024486278988,0.0010858227584173,gfc_2008
2008-10-06,0.000638756063255332,0.0009077614039338,gfc_2008
2008-10-07,0.0007370961201176262,0.0024964538323861,gfc_2008
2008-10-08,0.000833559698987842,0.0017570304571719,gfc_2008
2008-10-09,0.000864065122258897,0.0077477397402088,gfc_2008
2008-10-13,0.0010184984302009556,0.0027430316572223,gfc_2008
2008-10-14,0.0008794649815993724,0.0017195861262214,gfc_2008
2008-10-15,0.0008184708871846172,0.0032684380137836,gfc_2008
2008-10-16,0.0009628478801965403,0.0018445033816526,gfc_2008
2008-10-20,0.0011312979316795166,0.0007915843269183,gfc_2008
2008-10-21,0.0007862197662298063,0.0014365861821341,gfc_2008
2008-10-22,0.0008075093096662885,0.0031468753816831,gfc_2008
2008-10-23,0.001095173510815325,0.003535009822953,gfc_2008
2008-10-27,0.001141269917002721,0.0019060505338531,gfc_2008
2008-10-28,0.0011800917208333978,0.0025355608759559,gfc_2008
2008-10-29,0.00112178056782151,0.0025140581239344,gfc_2008
2008-10-30,0.0011332911205335812,0.0013606155222735,gfc_2008
2008-10-31,0.001001586109212382,0.0009398780984658,gfc_2008
2008-11-03,0.0008910479321405113,0.0002490648273395,gfc_2008
2008-11-04,0.00062922542504689,0.0005622690797888,gfc_2008
2008-11-05,0.0005507450724634138,0.0007408234731923,gfc_2008
2008-11-06,0.0006849518064656921,0.0006716714472767,gfc_2008
2008-11-07,0.0008049574918010654,0.0007455725641402,gfc_2008
2008-11-10,0.0007121578815027996,0.0007969240457482,gfc_2008
2008-11-11,0.0007659074037915616,0.0011311073203786,gfc_2008
2008-11-12,0.0008162301621632241,0.0006845590494661,gfc_2008
2008-11-13,0.0008416207186388349,0.0029325603219555,gfc_2008
2008-11-14,0.0008806478000602007,0.001793443414661,gfc_2008
2008-11-17,0.0009392432172507891,0.0015295679355714,gfc_2008
2008-11-18,0.000970374654282636,0.0013028916956213,gfc_2008
2008-11-19,0.0011577128273757983,0.0011720659850308,gfc_2008
2008-11-20,0.00121875087398804,0.0025221087564937,gfc_2008
2008-11-21,0.0013800954285792088,0.0030355209014932,gfc_2008
2008-11-24,0.001389264887381035,0.0013822926071646,gfc_2008
2008-11-25,0.0011816029238342317,0.001232863612222,gfc_2008
2008-11-26,0.0010612474451206937,0.0007203460429063,gfc_2008
2008-11-28,0.0008292968612891799,0.0001363622249286,gfc_2008
2008-12-01,0.0006224521425379845,0.0013580976460097,gfc_2008
2008-12-02,0.0010399962533954644,0.0010915612935699,gfc_2008
2008-12-03,0.0009852277961181666,0.0011032317967674,gfc_2008
2008-12-04,0.0009357319954616047,0.0008938486866037,gfc_2008
2008-12-05,0.0009648967541105201,0.001129707851742,gfc_2008
2008-12-08,0.0009287311336878716,0.0007646202571022,gfc_2008
2008-12-09,0.0008499215629526,0.0007639126944479,gfc_2008
2008-12-10,0.0008481206140755216,0.000567874732105,gfc_2008
2008-12-11,0.000743783870290586,0.0005726816453584,gfc_2008
2008-12-12,0.0007297935779124168,0.0010599588317204,gfc_2008
2008-12-15,0.0007533442558503253,0.0003530642889904,gfc_2008
2008-12-16,0.0007002408781300885,0.0006238713170253,gfc_2008
2008-12-17,0.0006514219974032148,0.0005895980912585,gfc_2008
2008-12-18,0.0005846256982037331,0.0004171689001951,gfc_2008
2008-12-19,0.0005153127136412338,0.0004089836049581,gfc_2008
2008-12-22,0.00046155674954153296,0.0002805994148285,gfc_2008
2008-12-23,0.0004249403042741527,0.0002468020531993,gfc_2008
2008-12-24,0.00042032536743374807,3.4008738014772853e-05,gfc_2008
2008-12-26,0.000283109057618632,4.6095744861960446e-05,gfc_2008
2008-12-29,0.0002559582314830236,0.0001217542046205,gfc_2008
2008-12-30,0.00027886941855860634,0.0001441860731745,gfc_2008
2008-12-31,0.0002522803568887554,0.0001447787226511,gfc_2008
2009-01-02,0.00022997604455020113,0.000149140028498,gfc_2008
2009-01-05,0.0002205255352996384,0.0002174113802252,gfc_2008
2009-01-06,0.00023390561918338595,0.0002600968163487,gfc_2008
2009-01-07,0.00024174927989219428,0.0002242370720936,gfc_2008
2009-01-08,0.00030261743576015504,0.0002371556755745,gfc_2008
2009-01-09,0.00030392698283844414,0.0003026311119399,gfc_2008
2009-01-12,0.00032138753133206327,0.0002051480180101,gfc_2008
2009-01-13,0.0003484106056812716,0.0003402144929216,gfc_2008
2009-01-14,0.000342746986124232,0.0004987188312523,gfc_2008
2009-01-15,0.0004742988205304846,0.0006066606821285,gfc_2008
2009-01-16,0.0005602204065059254,0.0006753003837148,gfc_2008
2009-01-20,0.0004912329195521244,0.0006905494104681,gfc_2008
2009-01-21,0.0007255798502265731,0.0007177948776804,gfc_2008
2009-01-22,0.0005089721333447799,0.0010857908540684,gfc_2008
2009-01-23,0.0005651728314788338,0.0010922615855154,gfc_2008
2009-01-26,0.0005949717030108509,0.0004941800273701,gfc_2008
2009-01-27,0.0005136487394052699,0.0003656651499328,gfc_2008
2009-01-28,0.0004265235600576304,0.0005864062549884,gfc_2008
2009-01-29,0.00040903744908784895,0.0002438117248325,gfc_2008
2009-01-30,0.00039873666667443713,0.00032275946709,gfc_2008
2009-02-02,0.00044480584575481985,0.0004042589863763,gfc_2008
2009-02-03,0.00045848905930452556,0.0002718084008969,gfc_2008
2009-02-04,0.00037864515365565183,0.0002679717742707,gfc_2008
2009-02-05,0.00037733511735856315,0.0004407242898541,gfc_2008
2009-02-06,0.0004021578084831023,0.0002534512295283,gfc_2008
2009-02-09,0.0003601282112781951,0.0002358063745176,gfc_2008
2009-02-10,0.00035108943194833096,0.0006703590579252,gfc_2008
2009-02-11,0.0004639861602715524,0.0003317216326709,gfc_2008
2009-02-12,0.0003941164230075526,0.0007275339396561,gfc_2008
2009-02-13,0.00039574713157144407,0.0003180887347344,gfc_2008
2009-02-17,0.00038070114569630826,0.0008497744289254,gfc_2008
2009-02-18,0.0005607549275040149,0.000473195296813,gfc_2008
2009-02-19,0.000526454040677623,0.0003966607909407,gfc_2008
2009-02-20,0.00048130755728020385,0.0006781633379464,gfc_2008
2009-02-23,0.0005892310654581522,0.00037795840299,gfc_2008
2009-02-24,0.0006040870717503876,0.0005604966611073,gfc_2008
2009-02-25,0.0004820065894735403,0.000601876558121,gfc_2008
2009-02-26,0.0004689462966551821,0.0005539449130314,gfc_2008
2009-02-27,0.0004734152255099538,0.0008733848614691,gfc_2008
2009-03-02,0.0005638936211437757,0.0005627640432973,gfc_2008
2009-03-03,0.0006750174656914283,0.0006736851598661,gfc_2008
2009-03-04,0.0006560752386156544,0.0004972662118514,gfc_2008
2009-03-05,0.0005372795019217131,0.0007362876334988,gfc_2008
2009-03-06,0.0006347220516264064,0.0008559497339762,gfc_2008
2009-03-09,0.0006360906063224187,0.0005679893996431,gfc_2008
2009-03-10,0.0006047711209718864,0.0007452817580431,gfc_2008
2009-03-11,0.0005055122516604762,0.0004961879430199,gfc_2008
2009-03-12,0.000457011091388611,0.0003063795793315,gfc_2008
2009-03-13,0.0003764564203712988,0.0003598606433598,gfc_2008
2009-03-16,0.00041296342516423945,0.000346216953716,gfc_2008
2009-03-17,0.00043419456278399464,0.0003658502411083,gfc_2008
2009-03-18,0.0003714500077581802,0.0008131967724848,gfc_2008
2009-03-19,0.0004123664965973202,0.0004257817487773,gfc_2008
2009-03-20,0.0004499001793031742,0.000296997574115,gfc_2008
2009-03-23,0.00046899754058175294,0.0006230333354423,gfc_2008
2009-03-24,0.0004697915094436459,0.0003132322661054,gfc_2008
2009-03-25,0.00039912662588776905,0.0005687068405897,gfc_2008
2009-03-26,0.00043730443119877635,0.0005283050757383,gfc_2008
2009-03-27,0.0003885744201195938,0.0003152795715245,gfc_2008
2009-03-30,0.00037313900483456437,0.0003091817321521,gfc_2008
2009-03-31,0.00046963509873632514,0.000488213412347,gfc_2008
2009-04-01,0.0004644536045700593,0.0005842275953305,calm
2009-04-02,0.00042939672161431796,0.0002361907762231,calm
2009-04-06,0.00035960683293073887,0.0005411620631984,calm
2009-04-07,0.00040263508422053564,0.0002296796540618,calm
2009-04-08,0.0003282389406373549,0.0004912423552958,calm
2009-04-13,0.00035258055450244127,0.000263752683541,calm
2009-04-14,0.0002935938184803053,0.0001669111767647,calm
2009-04-15,0.0002681027029767063,0.0001881813813775,calm
2009-04-16,0.00024570021728367863,0.0001401178890184,calm
2009-04-20,0.00021949040748842817,0.0002047263323735,calm
2009-04-21,0.00027495434053317327,0.0003045004045488,calm
2009-04-22,0.0002613313564842524,0.0002557694895023,calm
2009-04-23,0.00026468975383844476,0.0002104872113776,calm
2009-04-27,0.0002429672236484236,0.0001994549976249,calm
2009-04-28,0.00025408218167028384,0.0002493910821672,calm
2009-04-29,0.0002532125591038828,0.0002646752373586,calm
2009-04-30,0.00023327226398673267,0.0001513485472837,calm
2009-05-04,0.0002121863983330283,0.0001207437861515,calm
2009-05-05,0.00017850578479598547,0.0003163557178803,calm
2009-05-06,0.0001978778810394293,0.0003618515023594,calm
2009-05-07,0.00020318518097536443,0.0003215361957073,calm
2009-05-11,0.00021915473527581777,0.0001884915030222,calm
2009-05-12,0.00019622679952798145,0.000357586886238,calm
2009-05-13,0.00021170826186364664,0.0001644963173798,calm
2009-05-14,0.00020350392359092586,0.0001322873018351,calm
2009-05-18,0.0001673470772115858,0.0001403786686307,calm
2009-05-19,0.00015144203483588733,0.0002798612554859,calm
2009-05-20,0.00016024381541440274,0.0002278677732319,calm
2009-05-21,0.00016166531524442444,0.0001253937101002,calm
2009-05-26,0.00016507895014627902,0.0001875232184257,calm
2009-05-27,0.0001701520991222543,0.0003065997550998,calm
2009-05-28,0.0002097270800490823,0.0002099568280739,calm
2009-06-01,0.00019194265613147024,0.0001352605191585,calm
2009-06-02,0.00015597796355316904,0.0001469834761426,calm
2009-06-03,0.0001501787872773541,8.01792630269607e-05,calm
2009-06-04,0.00014091699445237374,0.0002266565785039,calm
2009-06-08,0.0001591678093469792,9.526008681676342e-05,calm
2009-06-09,0.00013264786442944703,0.0001788265909649,calm
2009-06-10,0.00013187903984998128,0.0001427182958237,calm
2009-06-11,0.00012995294248105342,9.673849360857287e-05,calm
2009-06-15,0.000117701226542597,0.0001081586418713,calm
2009-06-16,0.00013679942011067577,0.0001553503040355,calm
2009-06-17,0.00016377108790392503,9.226448858699006e-05,calm
2009-06-18,0.0001388783779716724,9.198485963891224e-05,calm
2009-06-22,0.000120307715955247,0.000159686736511,calm
2009-06-23,0.0001380490994643049,0.0001388395013843,calm
2009-06-24,0.00013533446667423845,0.0001311179884326,calm
2009-06-25,0.00012273925257916287,9.899354257831976e-05,calm
2009-06-29,9.860347292996814e-05,9.73607888238758e-05,calm
2009-06-30,8.91571358757039e-05,8.455214274194966e-05,calm
2009-07-01,9.136408566591142e-05,0.0002768816203149,calm
2009-07-06,0.00011724381373513699,9.859534150625553e-05,calm
2009-07-07,0.0001240327576523186,0.000172253468878,calm
2009-07-08,0.00015252490401544304,0.0001380191574929,calm
2009-07-09,0.00015282621868532707,0.0001313224983931,calm
2009-07-13,0.00013513561103251242,6.301907511119584e-05,calm
2009-07-14,9.290453247356939e-05,0.0001054407346034,calm
2009-07-15,8.821701561151115e-05,6.722301560236572e-05,calm
2009-07-16,8.586694541495672e-05,6.230347088411907e-05,calm
2009-07-20,8.144600426481422e-05,0.0001045337570372,calm
2009-07-21,8.237385056580028e-05,8.932190532892468e-05,calm
2009-07-22,7.929450207119347e-05,0.0001205333363928,calm
2009-07-23,8.25411884569243e-05,8.088390854181997e-05,calm
2009-07-27,7.870557099676296e-05,0.0001241470205713,calm
2009-07-28,9.018791648248568e-05,0.0001309561310619,calm
2009-07-29,0.0001011683470895866,0.0002197716120891,calm
2009-07-30,0.0001237725727235032,8.937142536747645e-05,calm
2009-08-03,0.00010496630504801747,7.064742377830264e-05,calm
2009-08-04,9.516150643468964e-05,9.746229764549066e-05,calm
2009-08-05,9.398328882866002e-05,8.711237641042903e-05,calm
2009-08-06,9.14709784221133e-05,0.0001501275811035,calm
2009-08-10,0.00010961166060581085,7.236329139451642e-05,calm
2009-08-11,9.29941676189516e-05,9.918846989004515e-05,calm
2009-08-12,0.00010175753791283287,0.0001027748837326,calm
2009-08-13,0.00010129587271206311,7.615641069007182e-05,calm
2009-08-17,8.990225257252395e-05,5.031804544170348e-05,calm
2009-08-18,0.00010035152418815076,0.000103997760002,calm
2009-08-19,0.00010487248805849197,3.061599830155256e-05,calm
2009-08-20,8.094393747829733e-05,9.464427561901036e-05,calm
2009-08-24,8.451349678944953e-05,0.0001004696497485,calm
2009-08-25,8.954732580116345e-05,8.510076015581672e-05,calm
2009-08-26,8.771435789924353e-05,6.73114977400487e-05,calm
2009-08-27,8.318664273129954e-05,9.21429148870638e-05,calm
2009-08-31,8.504444686896542e-05,0.0001377196295504,calm
2009-09-01,0.00010336382304884603,9.74880958318586e-05,calm
2009-09-02,0.00012603096236835277,6.27451547384748e-05,calm
2009-09-03,0.00011116937231712257,5.586774880490471e-05,calm
2009-09-08,8.937824753181786e-05,4.95268246476248e-05,calm
2009-09-09,7.467033869345871e-05,4.783327021488652e-05,calm
2009-09-10,6.550056549203537e-05,6.308903312484026e-05,calm
2009-09-14,6.32886617886288e-05,6.459774078119855e-05,calm
2009-09-15,6.587729839484294e-05,5.822266204572064e-05,calm
2009-09-16,6.466782536651286e-05,7.553754167097402e-05,calm
2009-09-17,6.873088151622685e-05,4.896517301396784e-05,calm
2009-09-21,6.57240946264768e-05,4.817151832306957e-05,calm
2009-09-22,6.552868982508323e-05,9.378144632656154e-05,calm
2009-09-23,6.792756595148186e-05,0.0001131480531676,calm
2009-09-24,7.592409766330786e-05,9.956983020164226e-05,calm
2009-09-28,8.774900259464076e-05,9.17686777796398e-05,calm
2009-09-29,9.13635803149992e-05,0.00015227257071,calm
2009-09-30,0.00010492560771432059,0.0001155347401878,calm
2009-10-01,0.00010668113737178665,0.0001684368553984,calm
2009-10-05,0.0001418234240737704,0.0001249687063013,calm
2009-10-06,0.00012561685512136952,6.514092378202485e-05,calm
2009-10-07,9.485737394245432e-05,6.050215337394551e-05,calm
2009-10-08,8.060712569994126e-05,2.515330340538024e-05,calm
2009-10-12,6.253842021555832e-05,6.0049242952248936e-05,calm
2009-10-13,6.202573428430277e-05,8.927663173250363e-05,calm
2009-10-14,6.980850287400159e-05,3.421622173907598e-05,calm
2009-10-15,5.999333255636706e-05,0.0001152383612528,calm
2009-10-19,6.787376152711924e-05,6.833972383732307e-05,calm
2009-10-20,6.509299249066817e-05,0.0001035304411275,calm
2009-10-21,6.905210651959289e-05,7.214725316841765e-05,calm
2009-10-22,7.405676856154193e-05,0.0001362068968081,calm
2009-10-26,7.953719574922688e-05,0.0001826774828523,calm
2009-10-27,0.00012408486275212958,0.0001751504764953,calm
2009-10-28,0.0001434338090927171,0.00013350484281,calm
2009-10-29,0.0001663482828704751,9.38399691114565e-05,calm
2009-10-30,0.0001151435662392269,0.0002562313013973,calm
2009-11-02,0.00022190568220116836,0.0003075216130334,calm
2009-11-03,0.00023451852133800631,0.0001854301635108,calm
2009-11-04,0.00019013773867662017,0.0001780847638665,calm
2009-11-05,0.00017029783486385424,0.0001032630241453,calm
2009-11-06,0.00012638643256594656,0.000106992172143,calm
2009-11-09,0.0001123447399097525,5.176448719093359e-05,calm
2009-11-10,8.534240066598688e-05,4.443475476821595e-05,calm
2009-11-11,7.365127799437039e-05,7.264664043943862e-05,calm
2009-11-12,7.998564116409701e-05,8.133904703969237e-05,calm
2009-11-13,9.267535517027624e-05,5.8188834050183227e-05,calm
2009-11-16,8.087526525409259e-05,0.0001053441258625,calm
2009-11-17,8.565873652163834e-05,5.432936236183187e-05,calm
2009-11-18,7.240579747337347e-05,4.760144798943937e-05,calm
2009-11-19,6.212595773940978e-05,0.0001005945811833,calm
2009-11-20,7.796391675530224e-05,4.296430249120992e-05,calm
2009-11-23,6.656752876534328e-05,0.0001114144875062,calm
2009-11-24,7.28319940104472e-05,4.319176335879371e-05,calm
2009-11-25,5.8195869207194875e-05,1.836067092816696e-05,calm
2009-11-27,4.446483796678067e-05,0.0003704642336434,calm
2009-11-30,0.00011651983341079205,5.839664322800542e-05,calm
2009-12-01,0.00010313641603148468,9.833885889615512e-05,calm
2009-12-02,8.357991298816906e-05,4.574154724287509e-05,calm
2009-12-03,5.943575521614728e-05,7.13165075604894e-05,calm
2009-12-04,6.965806582861502e-05,0.0002256214998905,calm
2009-12-07,9.473076399414701e-05,4.491975392413894e-05,calm
2009-12-08,7.742221769993128e-05,0.0001129650036139,calm
2009-12-09,0.00010268902079232232,5.9572724371194346e-05,calm
2009-12-10,8.386981636641448e-05,5.075687021303264e-05,calm
2009-12-11,7.114070450497771e-05,3.531615704439688e-05,calm
2009-12-14,5.776311377116481e-05,2.9076898584817504e-05,calm
2009-12-15,4.958121170509683e-05,4.149493421850799e-05,calm
2009-12-16,5.2741557867829956e-05,4.884325325772532e-05,calm
2009-12-17,5.2558750323841166e-05,5.546077553157581e-05,calm
2009-12-18,6.551110026595625e-05,3.4219564029801446e-05,calm
2009-12-21,5.750968294735825e-05,6.48278377889687e-05,calm
2009-12-22,5.5520418702681166e-05,2.227664693798016e-05,calm
2009-12-23,4.1678397262295965e-05,1.5857745015266226e-05,calm
2009-12-24,3.615136228882398e-05,1.2616215072563064e-05,calm
2009-12-28,3.2816826732573926e-05,1.230179170752584e-05,calm
2009-12-29,3.270269007015849e-05,1.185525399184569e-05,calm
2009-12-30,3.265853909260176e-05,2.549741405209729e-05,calm
2009-12-31,3.5974187570052384e-05,1.948338372339549e-05,calm
2010-01-04,4.143782273974046e-05,7.068736777339511e-05,calm
2010-01-05,4.77824115348387e-05,2.988740492563263e-05,calm
2010-01-06,4.317590473203928e-05,1.98787078920003e-05,calm
2010-01-07,3.731814592758613e-05,2.860249093397633e-05,calm
2010-01-08,3.705344925458596e-05,2.624910224911006e-05,calm
2010-01-11,3.4808436965982674e-05,3.219193365888912e-05,calm
2010-01-12,3.4529569453145575e-05,5.004569241192964e-05,calm
2010-01-13,4.0867841820809526e-05,3.803424930931966e-05,calm
2010-01-14,4.1317412333874494e-05,2.125270100306969e-05,calm
2010-01-15,3.566905859575817e-05,3.204363553486456e-05,calm
2010-01-19,3.6441114550654836e-05,2.114940102243762e-05,calm
2010-01-20,3.3349234783302055e-05,8.36925972747077e-05,calm
2010-01-21,4.7569150061893783e-05,0.0001566715886534,calm
2010-01-22,9.271041995750124e-05,0.0001283008300437,calm
2010-01-25,0.00015637491184430013,0.0001335139390911,calm
2010-01-26,0.00013957766618919183,9.061582557160348e-05,calm
2010-01-27,0.00010926649432600107,0.0001024423986642,calm
2010-01-28,9.654467708598738e-05,0.0001786179918677,calm
2010-01-29,0.00011795574010494156,0.0001424163032802,calm
2010-02-01,0.0001306366709762863,0.0001125996133066,calm
2010-02-02,0.00010899226308325638,5.040282731387674e-05,calm
2010-02-03,7.84252797942455e-05,5.905175506604261e-05,calm
2010-02-04,7.242841485212762e-05,0.0002072346817412,calm
2010-02-05,0.00015153258137555318,0.0002513179860859,calm
2010-02-08,0.000191124606896582,0.0001018094090198,calm
2010-02-09,0.00014813489690937277,0.0002620930832431,calm
2010-02-10,0.0001749248359470897,8.637748021217847e-05,calm
2010-02-11,0.00012736027903174332,0.0001113683592149,calm
2010-02-12,0.00011559303611850924,0.0001830830701244,calm
2010-02-16,0.0001224841878755664,6.119549606714789e-05,calm
2010-02-17,9.051311318942785e-05,5.570793771724187e-05,calm
2010-02-18,7.729636103341122e-05,3.402546829758041e-05,calm
2010-02-19,5.853990271559484e-05,4.74652374082121e-05,calm
2010-02-22,5.4449390700785757e-05,3.750129115142184e-05,calm
2010-02-23,5.0375332069404165e-05,8.573633466180725e-05,calm
2010-02-24,6.897366908933176e-05,7.986280005734714e-05,calm
2010-02-25,7.119147341776403e-05,0.0001695492132265,calm
2010-02-26,8.947623817286332e-05,4.16890297551311e-05,calm
2010-03-01,6.264034379622109e-05,4.084589273897984e-05,calm
2010-03-02,5.174434528264722e-05,4.2875723877956856e-05,calm
2010-03-03,4.86801813777149e-05,2.7949133572135374e-05,calm
2010-03-04,4.2523313909497726e-05,3.334333193357057e-05,calm
2010-03-05,4.151544493570553e-05,3.1488752703933044e-05,calm
2010-03-08,3.649453289866615e-05,1.913031685708334e-05,calm
2010-03-09,3.289451271160874e-05,2.810313703268561e-05,calm
2010-03-10,3.449658302666198e-05,4.308591480119331e-05,calm
2010-03-11,4.1533903610791766e-05,2.8618373409762315e-05,calm
2010-03-12,3.92716510279214e-05,2.517416291426621e-05,calm
2010-03-15,3.4965647769561686e-05,3.291166683558905e-05,calm
2010-03-16,3.661135276549483e-05,2.996776904042681e-05,calm
2010-03-17,3.6154253057269414e-05,3.3234780667740075e-05,calm
2010-03-18,3.468142993784218e-05,2.1402974839504543e-05,calm
2010-03-19,3.09246591893649e-05,3.6605281654255575e-05,calm
2010-03-22,3.408790836488033e-05,3.826204059907456e-05,calm
2010-03-23,3.6617130800453515e-05,2.800487636891121e-05,calm
2010-03-24,3.3696414684826e-05,3.511155048611599e-05,calm
2010-03-25,3.723322450596307e-05,7.243773735665944e-05,calm
2010-03-26,5.038495679803871e-05,4.548500141397002e-05,calm
2010-03-29,4.773185577233468e-05,3.161422727099561e-05,calm
2010-03-30,4.005569744906912e-05,4.354426391947145e-05,calm
2010-03-31,3.8747814764824836e-05,6.699472463573251e-05,calm
2010-04-05,4.624558424302334e-05,1.9197021938540542e-05,calm
2010-04-06,3.5346110408330234e-05,3.939276356660053e-05,calm
2010-04-07,3.398434117650571e-05,3.589980737961399e-05,calm
2010-04-08,3.6516844599606305e-05,2.66666832338621e-05,calm
2010-04-12,3.361361800996062e-05,2.235893794294285e-05,calm
2010-04-13,2.9994020620214877e-05,2.3365974635196057e-05,calm
2010-04-14,2.9176197775150257e-05,1.7304472624483226e-05,calm
2010-04-15,2.6358778340764145e-05,0.0001480673819996,calm
2010-04-19,4.699962213950334e-05,3.401201741513299e-05,calm
2010-04-20,4.3124253045028164e-05,3.469550958505275e-05,calm
2010-04-21,3.8256740698228305e-05,0.0001023593852032,calm
2010-04-22,5.1670441863028885e-05,5.408670184732478e-05,calm
2010-04-26,5.028355162775969e-05,0.0001391807960635,calm
2010-04-27,6.942975203259256e-05,0.0001009229601227,calm
2010-04-28,8.877720174458058e-05,6.351728507024934e-05,calm
2010-04-29,7.839799311248723e-05,9.441092701815295e-05,calm
2010-05-03,7.588199262122171e-05,0.0002178918197388,calm
2010-05-04,0.00010741084892992855,0.0001784551398083,calm
2010-05-05,0.00013687997770440568,0.0016450509991498,calm
2010-05-06,0.0003047574020197306,0.0008216748581765,calm
2010-05-10,0.0004418413967610949,0.0001544952876977,calm
2010-05-11,0.00027983272148508764,8.257123295340683e-05,calm
2010-05-12,0.00017846117294482582,8.314734358641863e-05,calm
2010-05-13,0.0001297807423041543,0.0002398723190368,calm
2010-05-17,0.00015660787119852712,0.0002390324823173,calm
2010-05-18,0.00020051755606663048,0.0003293830329564,calm
2010-05-19,0.0002627057861663295,0.0006131682182779,calm
2010-05-20,0.00036207085354149457,0.0004829901789545,calm
2010-05-24,0.0004896673131889748,0.0005695041555029,calm
2010-05-25,0.00046553614301813673,0.0002625412852905,calm
2010-05-26,0.0003252076616497863,0.0002708111733455,calm
2010-05-27,0.0002824421577077468,0.0002352691891069,calm
2010-06-01,0.00021723675763742198,0.0001027041322987,calm
2010-06-02,0.00017675215193096918,0.0001301089568407,calm
2010-06-03,0.00014641932029477495,0.0003345357703125,calm
2010-06-07,0.00017678240433060497,0.0002731967242374,calm
2010-06-08,0.00022307076101395952,0.0001696044057772,calm
2010-06-09,0.00019623198301749935,0.0003809845670213,calm
2010-06-10,0.0002325013064744065,0.0001085882021436,calm
2010-06-14,0.0001588152795634566,7.053243338052172e-05,calm
2010-06-15,0.00011108386697094594,7.683840501296567e-05,calm
2010-06-16,9.024017339738638e-05,7.72015846224818e-05,calm
2010-06-17,8.345908791177969e-05,3.644460954820722e-05,calm
2010-06-21,6.557907462324239e-05,0.0001114810330381,calm
2010-06-22,7.87278433249219e-05,0.0001450143942397,calm
2010-06-23,0.00010421400455253446,0.0001470606301471,calm
2010-06-24,0.00011779956155277068,0.0001363516993369,calm
2010-06-28,0.00013286485395051407,0.0003406883910643,calm
2010-06-29,0.00017571019255920581,0.0001142722070901,calm
2010-06-30,0.0001709066387649949,0.0002646503594157,calm
2010-07-01,0.0002102352924697003,0.0001898931857776,calm
2010-07-06,0.0001906022211675607,0.0001064831715259,calm
2010-07-07,0.00013710489138828836,0.0001160487167214,calm
2010-07-08,0.00011292800756854812,5.634144179791233e-05,calm
2010-07-12,8.48674261356983e-05,0.0001263123346375,calm
2010-07-13,9.003602478266076e-05,7.595674883535913e-05,calm
2010-07-14,8.341926828704695e-05,0.0001041970405058,calm
2010-07-15,8.937600758899647e-05,0.0001265807341625,calm
2010-07-19,9.94649413762124e-05,0.0001362096739849,calm
2010-07-20,0.00011051744944146629,0.000120983702921,calm
2010-07-21,0.00010350084404508236,0.0002133663688357,calm
2010-07-22,0.0001275263791231301,0.000104734610103,calm
2010-07-26,0.00010950754201221981,6.796090598956642e-05,calm
2010-07-27,8.367538290186591e-05,5.564435760020433e-05,calm
2010-07-28,7.16568203596213e-05,0.0001209961094256,calm
2010-07-29,8.760211464529947e-05,0.0001575562563883,calm
2010-08-02,0.00011376269082225975,4.6619221502654674e-05,calm
2010-08-03,7.735293229375356e-05,4.554763715711265e-05,calm
2010-08-04,6.518427696037791e-05,5.84493283723643e-05,calm
2010-08-05,6.434611486936983e-05,8.029754472901265e-05,calm
2010-08-09,7.135799516935571e-05,8.450421065232986e-05,calm
2010-08-10,7.724488872591484e-05,0.0003334287607734,calm
2010-08-11,0.00012917043834028552,7.691677858028775e-05,calm
2010-08-12,0.00011400145892139933,4.656433601024232e-05,calm
2010-08-16,8.728815392689225e-05,7.708901771610647e-05,calm
2010-08-17,9.092334091459275e-05,6.129882090094024e-05,calm
2010-08-18,8.008551707611171e-05,0.0001526646997419,calm
2010-08-19,0.00010361268380755998,7.209500977174749e-05,calm
2010-08-23,0.00010006386263886906,0.0001534080077357,calm
2010-08-24,0.00011821018225389155,0.0001008089155348,calm
2010-08-25,0.00011962312506435533,0.0001039563266057,calm
2010-08-26,0.00011408396733902184,0.0001315478387889,calm
2010-08-30,0.00012351543745945244,0.000179817494708,calm
2010-08-31,0.0001407285864529171,0.000333374295846,calm
2010-09-01,0.00017457596282797284,2.873177357752417e-05,calm
2010-09-02,8.144153823709341e-05,0.0001024847850497,calm
2010-09-07,8.298234892904209e-05,5.610609193887398e-05,calm
2010-09-08,7.27649480447661e-05,9.837784178919752e-05,calm
2010-09-09,8.054499698962991e-05,2.1075960190924266e-05,calm
2010-09-13,5.534587051915339e-05,4.530657847074665e-05,calm
2010-09-14,5.1635679732058233e-05,4.656387674000498e-05,calm
2010-09-15,5.249620001194221e-05,2.786791210008495e-05,calm
2010-09-16,4.798346737211035e-05,4.055569618258074e-05,calm
2010-09-20,4.913222635758675e-05,5.890196376960317e-05,calm
2010-09-21,5.48915357584625e-05,5.266978706769611e-05,calm
2010-09-22,5.869524857932736e-05,6.971976298132874e-05,calm
2010-09-23,6.544465845422127e-05,7.759608483250108e-05,calm
2010-09-27,7.536010602549895e-05,6.424317958229683e-05,calm
2010-09-28,6.986464223161759e-05,6.621375019421057e-05,calm
2010-09-29,6.757896954163697e-05,0.0001293664143013,calm
2010-09-30,8.58442941402796e-05,9.293591919354096e-05,calm
2010-10-04,8.916415446325564e-05,8.935419993238045e-05,calm
2010-10-05,8.722321924383874e-05,3.364206397674888e-05,calm
2010-10-06,5.908697946648725e-05,4.811795521191461e-05,calm
2010-10-07,5.447516644311698e-05,3.4357813074642455e-05,calm
2010-10-11,4.9441957071098754e-05,6.276105779161353e-05,calm
2010-10-12,5.020605096663161e-05,4.516517291893915e-05,calm
2010-10-13,4.761521926691658e-05,5.443168592814773e-05,calm
2010-10-14,4.845578112524294e-05,6.259272485638092e-05,calm
2010-10-18,5.452744509527171e-05,0.0001569858857912,calm
2010-10-19,7.264498124421898e-05,7.386821583373895e-05,calm
2010-10-20,7.310843238418349e-05,7.915355732699723e-05,calm
2010-10-21,6.827532804444323e-05,2.072557849784033e-05,calm
2010-10-25,4.486043734985267e-05,5.239725198639486e-05,calm
2010-10-26,4.8735785394101636e-05,5.648894607044677e-05,calm
2010-10-27,5.4845924213628094e-05,5.387194599585441e-05,calm
2010-10-28,5.8406683859437566e-05,3.171246273248196e-05,calm
2010-11-01,5.081430337004763e-05,5.842413496681075e-05,calm
2010-11-02,5.8781587961400336e-05,3.744976257631298e-05,calm
2010-11-03,5.4084945428785084e-05,8.48525142339043e-05,calm
2010-11-04,5.742705993917891e-05,0.0001256842833155,calm
2010-11-05,6.5820426947205e-05,3.397794235146061e-05,calm
2010-11-08,4.786797079561049e-05,2.5240456164031623e-05,calm
2010-11-09,3.8649880660934e-05,4.558578933240107e-05,calm
2010-11-10,4.3742584181838804e-05,4.454518375378935e-05,calm
2010-11-11,4.523103811082664e-05,6.78796179677886e-05,calm
2010-11-12,5.237894492027555e-05,6.99486700956283e-05,calm
2010-11-15,6.417728668323173e-05,4.136299394388509e-05,calm
2010-11-16,5.572942268973198e-05,0.0001236250491407,calm
2010-11-17,8.329445972356322e-05,3.943440167935548e-05,calm
2010-11-18,6.446827410746087e-05,7.898437635045831e-05,calm
2010-11-19,5.984511462979689e-05,2.7699991260113743e-05,calm
2010-11-22,4.251609357783024e-05,7.805730475828755e-05,calm
2010-11-23,5.178153777858571e-05,0.0001037487334812,calm
2010-11-24,7.339811119791191e-05,6.885628415777307e-05,calm
2010-11-26,6.979283355628557e-05,3.5839018429340174e-05,calm
2010-11-29,6.046530478415053e-05,0.000147615171755,calm
2010-11-30,8.637758750785457e-05,8.381509251465771e-05,calm
2010-12-01,9.32443518483662e-05,0.0001370109243955,calm
2010-12-02,9.778052117337998e-05,2.3478865106685417e-05,calm
2010-12-03,5.1491652192831525e-05,2.630178819850844e-05,calm
2010-12-06,3.906019337959734e-05,1.5431645713917338e-05,calm
2010-12-07,3.186491620302487e-05,8.070089914649838e-05,calm
2010-12-08,4.592499848536443e-05,2.935592194189477e-05,calm
2010-12-09,4.168141847194463e-05,3.1126837107681655e-05,calm
2010-12-10,3.8398149625187295e-05,1.1573674809889885e-05,calm
2010-12-13,2.9486867474571124e-05,2.251144233110128e-05,calm
2010-12-14,3.0240627218834052e-05,1.9135108394929147e-05,calm
2010-12-15,3.0053606050903047e-05,2.4317835617715536e-05,calm
2010-12-16,3.213282601550047e-05,3.313147269761218e-05,calm
2010-12-17,3.473036253066711e-05,1.2540457935085072e-05,calm
2010-12-20,2.6855311148178836e-05,1.3444350721688417e-05,calm
2010-12-21,2.4673343191653677e-05,4.54917361685298e-06,calm
2010-12-22,2.0353474414633104e-05,5.519192692834588e-06,calm
2010-12-23,1.8686110980235984e-05,7.499532130661632e-06,calm
2010-12-27,1.9741404013834092e-05,1.0976522845843512e-05,calm
2010-12-28,2.2678239704895915e-05,5.3661630068368535e-06,calm
2010-12-29,2.1340968391440807e-05,6.686521300306311e-06,calm
2010-12-30,2.0950664184347536e-05,9.20350438401316e-06,calm
2010-12-31,2.2091349702744853e-05,9.540706450760627e-06,calm
2011-01-03,2.303587252592664e-05,8.520594578118925e-05,calm
2011-01-04,3.8948675131178075e-05,1.9746213903518687e-05,calm
2011-01-05,3.437542858670841e-05,1.926094106259105e-05,calm
2011-01-06,3.0016097857895603e-05,2.554804289454808e-05,calm
2011-01-07,3.095468761092408e-05,4.789758807208127e-05,calm
2011-01-10,3.7249830848935694e-05,5.245078985023271e-05,calm
2011-01-11,4.31679235193574e-05,3.0467609162303684e-05,calm
2011-01-12,3.742617004887462e-05,3.061209556625264e-05,calm
2011-01-13,3.359198582087474e-05,1.806498927435455e-05,calm
2011-01-14,2.875231507211087e-05,1.6708129923932852e-05,calm
2011-01-18,2.559474266796665e-05,1.5240125102217514e-05,calm
2011-01-19,2.2961527790274548e-05,2.381856481755449e-05,calm
2011-01-20,2.5976941181885385e-05,5.550722566759392e-05,calm
2011-01-21,3.6141547076903695e-05,3.756513596401425e-05,calm
2011-01-24,3.870481587197663e-05,1.531635445315959e-05,calm
2011-01-25,2.9475247803228195e-05,3.79237962656442e-05,calm
2011-01-26,3.2541736755449264e-05,3.28900093254664e-05,calm
2011-01-27,3.256031117077465e-05,2.017380181032832e-05,calm
2011-01-28,2.8155876572334244e-05,6.31841483895345e-05,calm
2011-01-31,4.124244347344498e-05,3.700817765223655e-05,calm
2011-02-01,4.22349928299879e-05,4.716407584131788e-05,calm
2011-02-02,4.192986034025517e-05,2.0577533644786858e-05,calm
2011-02-03,3.244506324304027e-05,3.643164006841747e-05,calm
2011-02-04,3.290550499914107e-05,3.122646676569274e-05,calm
2011-02-07,3.169828083925258e-05,1.820278106748465e-05,calm
2011-02-08,2.743023764277087e-05,1.4937420995194448e-05,calm
2011-02-09,2.4145408183532913e-05,2.404574614087772e-05,calm
2011-02-10,2.55543328635292e-05,5.0863824770305625e-05,calm
2011-02-11,3.287668596344346e-05,2.48407599399146e-05,calm
2011-02-14,3.0239913124930337e-05,1.2014160787732131e-05,calm
2011-02-15,2.409518237077764e-05,2.4211233926983503e-05,calm
2011-02-16,2.5705730159902472e-05,3.658516790264395e-05,calm
2011-02-17,3.074994146982183e-05,1.582868302703548e-05,calm
2011-02-18,2.644891275149151e-05,1.435790772207311e-05,calm
2011-02-22,2.373646675944872e-05,0.0001458035303788,calm
2011-02-23,5.1698013454318563e-05,8.842513533705177e-05,calm
2011-02-24,7.128977504812881e-05,8.387350084143883e-05,calm
2011-02-25,7.542297820729975e-05,4.4698805675268e-05,calm
2011-02-28,5.537234736789022e-05,3.0580310011967745e-05,calm
2011-03-01,4.095022378881776e-05,6.969199980526215e-05,calm
2011-03-02,5.1643147961661986e-05,5.0355268985652974e-05,calm
2011-03-03,5.285505766510779e-05,9.074475694369822e-05,calm
2011-03-04,6.0560340373113114e-05,5.779030829686026e-05,calm
2011-03-07,5.6810726359450946e-05,7.297858750078786e-05,calm
2011-03-08,6.252519654958644e-05,4.654102515045888e-05,calm
2011-03-09,5.4582895468261174e-05,6.219610267023637e-05,calm
2011-03-10,5.6704805628662676e-05,0.000203013520129,calm
2011-03-11,9.491287178901492e-05,5.088364559329599e-05,calm
2011-03-14,7.029965476993216e-05,8.247146718284295e-05,calm
2011-03-15,7.198900486875302e-05,0.0005259266245354,calm
2011-03-16,0.00016169321879596694,0.0002003886876956,calm
2011-03-17,0.00020361641290031273,0.0001814851288761,calm
2011-03-18,0.000180375634843529,0.00013406925766,calm
2011-03-21,0.00014225450173402786,0.0001375443006583,calm
2011-03-22,0.00011424457165842847,2.545006714539485e-05,calm
2011-03-23,6.18250234886164e-05,3.442962325424006e-05,calm
2011-03-24,4.880282959142123e-05,2.76834792876599e-05,calm
2011-03-25,4.029107942263446e-05,2.0370093417957912e-05,calm
2011-03-28,3.398799873843118e-05,2.061616413546137e-05,calm
2011-03-29,3.2449433055012545e-05,2.7972965369255708e-05,calm
2011-03-30,3.318515647163123e-05,1.705094979249867e-05,calm
2011-03-31,2.929123331289044e-05,2.9666353172874155e-05,calm
2011-04-04,3.135075105789978e-05,1.883702726295959e-05,calm
2011-04-05,2.8832386264186222e-05,2.0060311812078146e-05,calm
2011-04-06,2.7674089770102975e-05,6.935730631865061e-05,calm
2011-04-07,3.818966437521699e-05,2.7510879531417497e-05,calm
2011-04-11,3.4941184998382244e-05,6.419952436715044e-05,calm
2011-04-12,4.164986528515339e-05,5.760901620961569e-05,calm
2011-04-13,4.525370292391965e-05,4.6200103358443615e-05,calm
2011-04-14,4.3298120024895545e-05,2.5540169406701747e-05,calm
2011-04-18,3.448262542201002e-05,2.625235904368236e-05,calm
2011-04-19,3.164819601101931e-05,6.782599051124722e-05,calm
2011-04-20,3.95514420318738e-05,1.79142348664616e-05,calm
2011-04-25,2.9811975869546253e-05,2.2592476955390103e-05,calm
2011-04-26,2.818621341312176e-05,2.452108981047688e-05,calm
2011-04-27,2.7903593723592494e-05,1.5099657328660752e-05,calm
2011-04-28,2.4534503980392686e-05,8.58382102700776e-06,calm
2011-05-02,2.0179695341606618e-05,3.447613294018942e-05,calm
2011-05-03,2.5949571858606287e-05,6.270218683635757e-05,calm
2011-05-04,3.672624141750954e-05,9.972172466244132e-05,calm
2011-05-05,5.2503254952142225e-05,0.0001438927830552,calm
2011-05-09,7.443081452753128e-05,1.719341455431668e-05,calm
2011-05-10,4.1586636050882426e-05,5.130003074394668e-05,calm
2011-05-11,4.035546120835546e-05,5.297219137231519e-05,calm
2011-05-12,4.2806162131778275e-05,4.492979687618087e-05,calm
2011-05-16,4.1372166613727036e-05,6.79595241649972e-05,calm
2011-05-17,4.959596125607944e-05,2.9241697364447137e-05,calm
2011-05-18,4.0834002459726944e-05,3.7055280328601325e-05,calm
2011-05-19,3.777273999879692e-05,3.942391884027123e-05,calm
2011-05-23,3.664878218485494e-05,3.4144485749644044e-05,calm
2011-05-24,3.739678538404145e-05,4.0614319514591056e-05,calm
2011-05-25,3.929298632795455e-05,4.204424656077055e-05,calm
2011-05-26,3.988341299756887e-05,3.4745695253206325e-05,calm
2011-05-31,3.683490082764094e-05,6.122838668793894e-05,calm
2011-06-01,4.139033110701961e-05,7.037996923738962e-05,calm
2011-06-02,5.157974978790854e-05,0.0001582941349059,calm
2011-06-06,7.619179148470612e-05,5.674614868623032e-05,calm
2011-06-07,6.389748993329291e-05,5.514007241476984e-05,calm
2011-06-08,5.504533211121608e-05,2.5419872929761795e-05,calm
2011-06-09,4.1947120740921774e-05,9.172735090604128e-05,calm
2011-06-13,5.333188642295748e-05,0.0001090587122311,calm
2011-06-14,7.207543311191816e-05,0.0001364343426889,calm
2011-06-15,8.368675464138725e-05,7.710994068011213e-05,calm
2011-06-16,8.265578107244111e-05,0.000117306288219,calm
2011-06-20,9.857403299927982e-05,3.548542263122379e-05,calm
2011-06-21,6.179349604414061e-05,3.626060591745582e-05,calm
2011-06-22,4.79621074595729e-05,0.0003592363371063,calm
2011-06-23,9.431904620040295e-05,5.082565679739707e-05,calm
2011-06-27,7.169909817076222e-05,3.2124040819697895e-05,calm
2011-06-28,5.494694456393761e-05,4.781503072112748e-05,calm
2011-06-29,5.135265381811798e-05,4.061285319996151e-05,calm
2011-06-30,4.450501031080455e-05,4.967994554796526e-05,calm
2011-07-05,4.3468563243040015e-05,2.689939327279769e-05,calm
2011-07-06,3.592600816811168e-05,7.169933840344104e-05,calm
2011-07-07,4.4356998086744106e-05,0.0001108848950702,calm
2011-07-11,5.782095178387866e-05,7.409577441656873e-05,calm
2011-07-12,6.338955613508639e-05,7.722567921397407e-05,calm
2011-07-13,6.854638518719199e-05,9.361751816153733e-05,calm
2011-07-14,7.479835742141813e-05,9.632823679279616e-05,calm
2011-07-18,8.076723299368822e-05,8.872147854031476e-05,calm
2011-07-19,8.089532357038817e-05,2.549843465083299e-05,calm
2011-07-20,4.967185109815447e-05,9.197064540749034e-05,calm
2011-07-21,5.900921315884776e-05,2.289609244205236e-05,calm
2011-07-25,4.077362623037675e-05,2.469546219554257e-05,calm
2011-07-26,3.654396594825602e-05,0.000118913702522,calm
2011-07-27,5.9735166766565e-05,4.492033778355952e-05,calm
2011-07-28,6.234531103542975e-05,0.0002106797545272,calm
2011-08-01,0.00010787771039652708,0.0001362794758716,calm
2011-08-02,0.00011888650816767546,0.0002130799940707,calm
2011-08-03,0.00014500798935549272,0.0004396521982625,calm
2011-08-04,0.00019177262224507035,0.0010861431105571,calm
2011-08-08,0.0003890891459154929,0.0015607229988121,calm
2011-08-09,0.0008779684200729734,0.0015734198257311,calm
2011-08-10,0.0007238669909864963,0.0007446347309996,calm
2011-08-11,0.0007171520454955869,0.0003886922186,calm
2011-08-15,0.0005083127642421974,0.0003033574034531,calm
2011-08-16,0.0003208563374505425,0.0001382748966214,calm
2011-08-17,0.00021460056600655148,0.0010052588777701,calm
2011-08-18,0.00033892476987134603,0.0004163771591692,calm
2011-08-22,0.0004864954369618563,0.0002394839477837,calm
2011-08-23,0.0004329896595003296,0.0001872876470081,calm
2011-08-24,0.0002794530806172683,0.0003732760674809,calm
2011-08-25,0.00029120368815004435,0.0003662589384973,calm
2011-08-29,0.0003437835902925644,0.0002176450023445,calm
2011-08-30,0.00021948886537738536,0.0001933994712384,calm
2011-08-31,0.00018946067022628207,0.000215655913859,calm
2011-09-01,0.0001791578631099715,0.0004645473706703,calm
2011-09-06,0.00022878308035382996,0.0002036261280501,calm
2011-09-07,0.00024680452445164253,0.0001893283056435,calm
2011-09-08,0.00020770492304909575,0.000383215845704,calm
2011-09-12,0.0002493914735522627,0.0001653459537123,calm
2011-09-13,0.00024487924432339456,0.0002287610291912,calm
2011-09-14,0.00024196926906372638,0.0001650758775017,calm
2011-09-15,0.00019330910916379792,0.0001197666677754,calm
2011-09-19,0.00014464096869623997,0.0001135307614229,calm
2011-09-20,0.00013308251765096964,0.0002261384432634,calm
2011-09-21,0.00016082400199351948,0.0011173442663123,calm
2011-09-22,0.0003371072513450026,0.0002774400408178,calm
2011-09-26,0.00036394504017308574,0.0004870790268771,calm
2011-09-27,0.0003808764710641604,0.0002445731583342,calm
2011-09-28,0.00028791499582093657,0.000562028037221,calm
2011-09-29,0.00038736392270809943,0.0005049099895407,calm
2011-10-03,0.0003780125978990359,0.0007267240042017,calm
2011-10-04,0.0005416290272504434,0.0002843865443569,calm
2011-10-05,0.0003761419251246781,0.0001823214812192,calm
2011-10-06,0.00025232875233545225,0.0002047184326505,calm
2011-10-10,0.00021408896171437575,0.0001303310486738,calm
2011-10-11,0.00015613708225645147,0.0001687296400536,calm
2011-10-12,0.00015335397189046704,0.0001695946298074,calm
2011-10-13,0.00014828233462105156,0.000221675559531,calm
2011-10-17,0.00016025862745596542,0.000231354227109,calm
2011-10-18,0.00019085619875054677,0.0001374227849837,calm
2011-10-19,0.00016112086715877402,0.0002100067651359,calm
2011-10-20,0.00019102478614031306,0.0001960088353782,calm
2011-10-24,0.00020126918507419657,0.0002155622847502,calm
2011-10-25,0.00016721900867629216,0.0003112079035346,calm
2011-10-26,0.00020087404205362388,0.0006616970760231,calm
2011-10-27,0.0002554070197838401,8.637026437922611e-05,calm
2011-10-31,0.00012913365637512233,0.0002367220951013,calm
2011-11-01,0.00016217459439310788,0.0009656929184634,calm
2011-11-02,0.00035207711889893677,0.0003255793232157,calm
2011-11-03,0.00029805025482283114,0.0002501236442729,calm
2011-11-04,0.00022536347192513026,0.0001540340988926,calm
2011-11-07,0.00017697812744023162,9.450561200691156e-05,calm
2011-11-08,0.0001411119591035454,0.0001240930198906,calm
2011-11-09,0.00012695513390532633,0.0005922209667006,calm
2011-11-10,0.0002956323635767706,0.0002700224710458,calm
2011-11-11,0.0002629890113669464,0.0001858628654852,calm
2011-11-14,0.00018643069395282155,7.984105641640929e-05,calm
2011-11-15,0.00013557624486939737,0.0001038825819842,calm
2011-11-16,0.00013146833064279728,0.0002439370176897,calm
2011-11-17,0.00018695438244796585,0.000203281411876,calm
2011-11-18,0.0002072986024856829,9.207688960280652e-05,calm
2011-11-21,0.00014395729511373543,0.0003289374129427,calm
2011-11-22,0.00019065604607758704,0.0001238007615842,calm
2011-11-23,0.00015246136432926153,0.0002222091514823,calm
2011-11-25,0.00018269887951954724,7.356725169968264e-05,calm
2011-11-28,0.00014243949575338836,0.0007899780140908,calm
2011-11-29,0.00023472620512850475,7.870956172680729e-05,calm
2011-11-30,0.00013584584719730582,0.0007088451526677,calm
2011-12-01,0.00020555732496452386,6.870588399345685e-05,calm
2011-12-02,0.00011937123922035195,0.0001108570257137,calm
2011-12-05,0.00011293934911087637,0.0002659068549598,calm
2011-12-06,0.00015262011753859042,5.12262294417342e-05,calm
2011-12-07,0.00010542795363921412,0.000121369952746,calm
2011-12-08,0.00011731105815130146,0.0001638233556814,calm
2011-12-09,0.00014656645028929857,0.0001193666968594,calm
2011-12-12,0.00012068236387448768,0.0002102099434077,calm
2011-12-13,0.00013031472399730734,0.000184923889616,calm
2011-12-14,0.0001321808646474104,0.0001300252689424,calm
2011-12-15,0.00012414792120548035,0.0001482031157503,calm
2011-12-16,0.00012274779790644738,0.0001160943251004,calm
2011-12-19,0.00011085802811803972,9.05862687938204e-05,calm
2011-12-20,0.00010140483883268534,0.000316731032191,calm
2011-12-21,0.00013890754052150087,7.107408248239379e-05,calm
2011-12-22,9.349895182288461e-05,2.8470780834441288e-05,calm
2011-12-23,5.9483960675449536e-05,2.2105238386547145e-05,calm
2011-12-27,4.476890189981401e-05,2.1352012143961145e-05,calm
2011-12-28,4.032816358469847e-05,3.888108414857559e-05,calm
2011-12-29,4.753455352074386e-05,3.04486502391406e-05,calm
2011-12-30,4.642428059054028e-05,1.7158468017474457e-05,calm
2012-01-03,4.247632937329333e-05,0.0003049841630565,calm
2012-01-04,8.1665654034556e-05,3.890710184958219e-05,calm
2012-01-05,6.46718118442227e-05,6.515797739667469e-05,calm
2012-01-06,6.047019228236589e-05,3.348536473204581e-05,calm
2012-01-09,4.929720945477369e-05,1.974168966755715e-05,calm
2012-01-10,4.069140766804728e-05,0.0001274286095429,calm
2012-01-11,5.8703836792185196e-05,4.084776862307181e-05,calm
2012-01-12,5.434120140819028e-05,4.106153449354368e-05,calm
2012-01-13,4.852225085306344e-05,0.000104544238332,calm
2012-01-17,6.386957164709271e-05,8.777894246988321e-05,calm
2012-01-18,7.67710069539704e-05,3.872876902864405e-05,calm
2012-01-19,5.710720379064739e-05,2.9729950467130063e-05,calm
2012-01-20,4.345522442792523e-05,1.7813525153193508e-05,calm
2012-01-23,3.244684131041783e-05,2.961763087372188e-05,calm
2012-01-24,3.346469281432127e-05,4.899248892965565e-05,calm
2012-01-25,4.052915141671528e-05,5.77174667725078e-05,calm
2012-01-26,4.546336788412082e-05,4.883637370790306e-05,calm
2012-01-27,4.6788991331494785e-05,3.1998099127832774e-05,calm
2012-01-30,4.169298996126092e-05,0.0001217185709649,calm
2012-01-31,6.243382379691101e-05,7.901718404213539e-05,calm
2012-02-01,6.704406484461066e-05,8.556683889317936e-05,calm
2012-02-02,6.359522754916264e-05,2.2104800368233525e-05,calm
2012-02-03,4.127291575223401e-05,9.6645942938878e-05,calm
2012-02-06,4.944265916721496e-05,3.622238209246629e-05,calm
2012-02-07,4.5730516033517035e-05,2.982289152609981e-05,calm
2012-02-08,3.980571702571743e-05,2.237268558021672e-05,calm
2012-02-09,3.55176158856694e-05,3.228904463423826e-05,calm
2012-02-10,3.770901223111736e-05,9.358989587712998e-05,calm
2012-02-13,6.20195954806905e-05,4.690565213574275e-05,calm
2012-02-14,5.3748075965044e-05,3.1717626309871487e-05,calm
2012-02-15,4.431732356196203e-05,5.395375282093064e-05,calm
2012-02-16,5.2961871816026696e-05,3.00807661627311e-05,calm
2012-02-17,4.212403363543697e-05,2.0916536317296205e-05,calm
2012-02-21,3.189046656083741e-05,2.9926650902791096e-05,calm
2012-02-22,3.3101675480272696e-05,2.4551182039089954e-05,calm
2012-02-23,3.306070846608329e-05,1.993731928808601e-05,calm
2012-02-24,2.8751573380347653e-05,1.692877875594198e-05,calm
2012-02-27,2.7355291569692592e-05,6.88217800402775e-05,calm
2012-02-28,4.08412906481161e-05,2.5818658088677705e-05,calm
2012-02-29,3.7641308950572103e-05,4.4358475972830144e-05,calm
2012-03-01,4.079833594504218e-05,5.52997021151936e-05,calm
2012-03-02,4.232072215702221e-05,2.479284423405272e-05,calm
2012-03-05,3.437292793215976e-05,3.208291962157205e-05,calm
2012-03-06,3.461063474088269e-05,0.0001292223877633,calm
2012-03-07,6.481859850789774e-05,2.504784109351829e-05,calm
2012-03-08,4.475726866331319e-05,6.346358216744232e-05,calm
2012-03-09,4.5903236430180505e-05,2.2641260007094755e-05,calm
2012-03-12,3.416987809328342e-05,2.0281134585090364e-05,calm
2012-03-13,2.756471661221577e-05,4.548335772533618e-05,calm
2012-03-14,3.108137320198319e-05,2.178604596435164e-05,calm
2012-03-15,2.8449451057797068e-05,2.4231506054329194e-05,calm
2012-03-16,2.7712975020479653e-05,1.4727339980913664e-05,calm
2012-03-19,2.3445769623041525e-05,1.6638104157386555e-05,calm
2012-03-20,2.2850955164986784e-05,5.581357967756558e-05,calm
2012-03-21,3.200756088165882e-05,1.914050799625005e-05,calm
2012-03-22,2.7752784694216392e-05,6.554381363627071e-05,calm
2012-03-23,3.656273394018576e-05,1.822836193212128e-05,calm
2012-03-26,2.8263633293530315e-05,1.4486205955651356e-05,calm
2012-03-27,2.2884508982366694e-05,3.343567585038475e-05,calm
2012-03-28,2.748922754780143e-05,6.522909326620424e-05,calm
2012-03-29,3.738636755264273e-05,3.4114542105778865e-05,calm
2012-04-02,3.5306125615114546e-05,5.401224429395893e-05,calm
2012-04-03,3.88461317865952e-05,0.0001043920155054,calm
2012-04-04,5.273280301000509e-05,2.88664387758584e-05,calm
2012-04-09,4.070941646522177e-05,6.519545757148817e-05,calm
2012-04-10,5.0006201433194535e-05,0.000100789963319,calm
2012-04-11,7.024641828481098e-05,2.322062655091499e-05,calm
2012-04-12,4.685951526862413e-05,5.24132766509063e-05,calm
2012-04-16,4.337292429564087e-05,7.035723218302853e-05,calm
2012-04-17,5.4355691598101274e-05,4.563386024921558e-05,calm
2012-04-18,4.98118337612087e-05,8.270253573773732e-05,calm
2012-04-19,5.829914280760972e-05,4.030085771170916e-05,calm
2012-04-23,4.9136223578931693e-05,3.16168218105666e-05,calm
2012-04-24,4.222353259325772e-05,0.0001329333352019,calm
2012-04-25,6.21965403576094e-05,2.2611473617518767e-05,calm
2012-04-26,4.076769447305551e-05,2.780944214487193e-05,calm
2012-04-30,3.3824373306386176e-05,4.828298259863768e-05,calm
2012-05-01,3.891254546206311e-05,5.153086874016891e-05,calm
2012-05-02,4.2400947517318635e-05,4.010644912318834e-05,calm
2012-05-03,4.099334754903066e-05,7.119435687576865e-05,calm
2012-05-07,4.9616281333371124e-05,0.0001023715795135,calm
2012-05-08,6.659517288671599e-05,0.000186740057948,calm
2012-05-09,9.570073527756604e-05,0.0001030743643289,calm
2012-05-10,9.323604707953897e-05,6.997402066982703e-05,calm
2012-05-14,7.531035764679665e-05,6.232345062955374e-05,calm
2012-05-15,7.059714055965398e-05,7.900807976602752e-05,calm
2012-05-16,7.44154718367507e-05,8.598359078272735e-05,calm
2012-05-17,7.968403199731206e-05,8.786943632652968e-05,calm
2012-05-21,8.849958605852093e-05,8.606340842957042e-05,calm
2012-05-22,8.4413426908412e-05,0.000116506120944,calm
2012-05-23,9.294372311414743e-05,8.10139927381339e-05,calm
2012-05-24,8.570779743319165e-05,3.613137488977965e-05,calm
2012-05-29,6.064534309934616e-05,0.0001260042564746,calm
2012-05-30,7.631061489688003e-05,8.768275048546974e-05,calm
2012-05-31,8.619156825632091e-05,0.0002236695020505,calm
2012-06-04,0.00012570730406017628,5.389168714864125e-05,calm
2012-06-05,9.647810809099063e-05,8.9599882911639e-05,calm
2012-06-06,9.201021453464662e-05,0.0001433450163523,calm
2012-06-07,9.960612952113758e-05,4.9615283872675954e-05,calm
2012-06-11,7.260043397446818e-05,8.263207359359059e-05,calm
2012-06-12,7.693501848438635e-05,8.540430263374963e-05,calm
2012-06-13,7.808502323043393e-05,8.915835495878956e-05,calm
2012-06-14,8.550296370935451e-05,3.5724534121877355e-05,calm
2012-06-18,6.0818608716395404e-05,5.8111292578117935e-05,calm
2012-06-19,5.39539621298853e-05,7.656060070234522e-05,calm
2012-06-20,5.6106041003821176e-05,6.76862166962777e-05,calm
2012-06-21,5.508230342703259e-05,4.263915162794018e-05,calm
2012-06-25,5.3053081053810285e-05,4.860012022850214e-05,calm
2012-06-26,5.308807477324608e-05,4.135767106026526e-05,calm
2012-06-27,4.865829010128304e-05,0.0001272586548154,calm
2012-06-28,6.576837699396163e-05,0.000244701141918,calm
2012-07-02,0.00010311548261106769,1.4775053544635136e-05,calm
2012-07-05,4.893296443935014e-05,0.0001033687487941,calm
2012-07-09,5.694135524328524e-05,7.665336108707708e-05,calm
2012-07-10,6.171764582654477e-05,5.666221507189737e-05,calm
2012-07-11,5.9341552827125074e-05,0.0001008161472533,calm
2012-07-12,6.666936454571308e-05,5.0072674235071045e-05,calm
2012-07-16,5.878345259916977e-05,9.070389177571732e-05,calm
2012-07-17,6.235738163422035e-05,2.8421573425301804e-05,calm
2012-07-18,4.5419074013752924e-05,3.598985667629793e-05,calm
2012-07-19,3.995587336885954e-05,5.518798239174988e-05,calm
2012-07-23,4.191838702932196e-05,7.654682237739664e-05,calm
2012-07-24,5.469076661452172e-05,5.978383074313445e-05,calm
2012-07-25,6.187825333659052e-05,0.0003058355428357,calm
2012-07-26,0.00010398531032616239,8.342990921611934e-05,calm
2012-07-30,8.569841764744228e-05,3.496929008963927e-05,calm
2012-07-31,5.6532985451204796e-05,6.843387634041e-05,calm
2012-08-01,6.035594981645444e-05,0.0001298245382131,calm
2012-08-02,7.912663192910734e-05,0.0002096643767229,calm
2012-08-06,0.00010044120234388371,3.391164081453909e-05,calm
2012-08-07,5.8746186009657705e-05,2.5739623613498164e-05,calm
2012-08-08,4.175896932988836e-05,1.835847287304024e-05,calm
2012-08-09,3.2010837115220926e-05,3.89736578095405e-05,calm
2012-08-13,3.3694743950902726e-05,2.365541729874731e-05,calm
2012-08-14,2.9242919410592333e-05,1.177752167494828e-05,calm
2012-08-15,2.4254289346904396e-05,1.3425341025138576e-05,calm
2012-08-16,2.220451911949715e-05,7.001791764425687e-06,calm
2012-08-20,1.8908982027320013e-05,3.3930663858682106e-05,calm
2012-08-21,2.3248506324292225e-05,3.7089232017258735e-05,calm
2012-08-22,2.883617399230407e-05,3.984932732470013e-05,calm
2012-08-23,3.259869961556813e-05,2.689926562398257e-05,calm
2012-08-27,3.173169349889256e-05,2.5538017095215568e-05,calm
2012-08-28,3.058379434391348e-05,1.2040171559416912e-05,calm
2012-08-29,2.503948469607971e-05,4.755492678973102e-05,calm
2012-08-30,3.224164477977296e-05,0.0001127480578983,calm
2012-09-04,5.198767703773516e-05,1.957833649500373e-05,calm
2012-09-05,3.870788473409511e-05,7.66222748124791e-05,calm
2012-09-06,4.6082475133152817e-05,1.133639571907586e-05,calm
2012-09-10,2.9238057169911292e-05,1.5029954874582336e-05,calm
2012-09-11,2.4850153512421485e-05,2.601793789320067e-05,calm
2012-09-12,2.640259744468212e-05,6.025276581838828e-05,calm
2012-09-13,3.439232433991866e-05,4.818068046913037e-05,calm
2012-09-17,3.6443014248240205e-05,1.853772857602845e-05,calm
2012-09-18,2.9105982306920098e-05,2.38946300150818e-05,calm
2012-09-19,2.7020730860229157e-05,4.416107314989428e-05,calm
2012-09-20,3.060672065144525e-05,3.041274257982312e-05,calm
2012-09-24,3.006845256869811e-05,3.423097793865492e-05,calm
2012-09-25,3.0624334284959147e-05,3.591889567568471e-05,calm
2012-09-26,3.232768620322551e-05,3.3672464761823935e-05,calm
2012-09-27,3.366284106973449e-05,4.069027283187193e-05,calm
2012-10-01,3.439361005848892e-05,4.984070856673392e-05,calm
2012-10-02,3.857470174725529e-05,3.138067474574152e-05,calm
2012-10-03,3.523022464035532e-05,3.559074342526186e-05,calm
2012-10-04,3.425686503212852e-05,4.070417846334557e-05,calm
2012-10-08,3.452711784446893e-05,3.174823811372e-05,calm
2012-10-09,3.2935691739079736e-05,2.5290673266691225e-05,calm
2012-10-10,3.0933686584885886e-05,6.139073601278572e-05,calm
2012-10-11,3.835821558194366e-05,2.5330098632767508e-05,calm
2012-10-15,3.2929332531813875e-05,2.785233746867163e-05,calm
2012-10-16,3.072267754490399e-05,1.5745012037851736e-05,calm
2012-10-17,2.5736631371229077e-05,3.540957238847098e-05,calm
2012-10-18,2.8330102313735285e-05,6.018656731008063e-05,calm
2012-10-22,3.526148910200712e-05,0.0001765566189366,calm
2012-10-23,5.9811664816824876e-05,5.429834793092829e-05,calm
2012-10-24,5.8730029300865555e-05,0.0001083287131471,calm
2012-10-25,6.97435371250123e-05,6.296278117322756e-05,calm
2012-10-31,6.390617328678452e-05,5.3407105091254416e-05,calm
2012-11-01,5.748097996086705e-05,3.741028092080471e-05,calm
2012-11-02,4.6490639898167606e-05,4.516433823150892e-05,calm
2012-11-05,4.4508901653053904e-05,2.421946598864764e-05,calm
2012-11-06,3.7269026865540214e-05,4.121185366659854e-05,calm
2012-11-07,3.823279732541939e-05,0.0002762342394764,calm
2012-11-08,7.517500605705243e-05,6.673557381500837e-05,calm
2012-11-09,7.108007734013953e-05,8.893758769889924e-05,calm
2012-11-12,7.28212927085519e-05,2.352204228345602e-05,calm
2012-11-13,4.6770958101946956e-05,8.837113898340802e-05,calm
2012-11-14,5.3112017431917565e-05,7.852655197722172e-05,calm
2012-11-15,5.868927731880276e-05,7.456799350022986e-05,calm
2012-11-16,6.148614903183357e-05,8.976071102457922e-05,calm
2012-11-19,6.348620459276194e-05,0.0001683007005373,calm
2012-11-20,7.687646869709202e-05,6.227230808902253e-05,calm
2012-11-21,6.389408897271812e-05,1.328067877673953e-05,calm
2012-11-23,3.774454682817378e-05,3.335191367277284e-05,calm
2012-11-26,3.499444160859068e-05,5.280680884305069e-05,calm
2012-11-27,3.995007292649941e-05,4.583094631916258e-05,calm
2012-11-28,4.200874935967106e-05,9.923239501647353e-05,calm
2012-11-29,5.240806790772221e-05,8.122214576298956e-05,calm
2012-11-30,5.5867128117225066e-05,2.621522388862159e-05,calm
2012-12-03,4.225534183616629e-05,5.716781444643248e-05,calm
2012-12-04,4.578534224891286e-05,3.79428950117525e-05,calm
2012-12-05,4.419042542216637e-05,4.688735870652034e-05,calm
2012-12-06,4.309491905461701e-05,2.7822664154467448e-05,calm
2012-12-07,3.745348297080979e-05,3.756443941463415e-05,calm
2012-12-10,3.618087518181911e-05,1.6628014326916485e-05,calm
2012-12-11,2.98033869347866e-05,3.905595044054508e-05,calm
2012-12-12,3.1849971276563e-05,3.2103749187647705e-05,calm
2012-12-13,3.309949506408831e-05,3.012319856349701e-05,calm
2012-12-14,3.3474276658202103e-05,3.0831574839044194e-05,calm
2012-12-17,3.396252611199724e-05,3.437120072587716e-05,calm
2012-12-18,3.3848734377767295e-05,2.75084785744669e-05,calm
2012-12-19,3.17545841789495e-05,2.5230850792668583e-05,calm
2012-12-20,3.335323146736716e-05,3.234237026769193e-05,calm
2012-12-21,3.608665999117345e-05,0.0001528189940996,calm
2012-12-24,6.016880266390924e-05,9.387796808350876e-06,calm
2012-12-26,3.544554144272926e-05,2.229001460692664e-05,calm
2012-12-27,3.3495761404339037e-05,7.522437191522163e-05,calm
2012-12-28,4.8456081867612934e-05,6.864994577711682e-05,calm
2012-12-31,7.316432485969526e-05,9.9800112962042e-05,calm
2013-01-02,6.307223107968492e-05,0.0003998754125332,calm
2013-01-03,8.76046247688676e-05,2.877280132531701e-05,calm
2013-01-04,5.327055977655979e-05,2.059038508901497e-05,calm
2013-01-07,3.532500048492645e-05,3.326206726152528e-05,calm
2013-01-08,3.3255331786880806e-05,2.154543356157129e-05,calm
2013-01-09,2.937133635037625e-05,1.9297589354295653e-05,calm
2013-01-10,2.6474688747216023e-05,2.0224199506513203e-05,calm
2013-01-11,2.4810794544163276e-05,1.058118454845889e-05,calm
2013-01-14,2.1025215590783903e-05,1.5782705881397227e-05,calm
2013-01-15,2.0667135214506615e-05,2.837754542255928e-05,calm
2013-01-16,2.3863179178431788e-05,1.355334985286304e-05,calm
2013-01-17,2.1986856784534775e-05,2.429108862798138e-05,calm
2013-01-18,2.3465915351129732e-05,1.2861965032070728e-05,calm
2013-01-22,2.025331922200299e-05,1.2411988371334658e-05,calm
2013-01-23,1.883442983346359e-05,7.592427693681032e-06,calm
2013-01-24,1.7043945375168725e-05,1.8827176710806687e-05,calm
2013-01-25,1.8675668345353185e-05,3.02764226577382e-05,calm
2013-01-28,2.2549361698950864e-05,1.262825579769491e-05,calm
2013-01-29,2.1597940406438766e-05,1.6187684869431636e-05,calm
2013-01-30,2.0757861176855475e-05,2.09092179074234e-05,calm
2013-01-31,2.302033782100494e-05,2.9371916164567862e-05,calm
2013-02-01,2.5862410587614866e-05,4.667615910969572e-05,calm
2013-02-04,2.833965555864507e-05,5.3222324391733134e-05,calm
2013-02-05,3.600954908876404e-05,4.338277753248456e-05,calm
2013-02-06,3.56224949938202e-05,3.696884506327915e-05,calm
2013-02-07,3.330555198378676e-05,3.553096924931811e-05,calm
2013-02-08,3.278976942299002e-05,1.4858985533263876e-05,calm
2013-02-11,2.6272683255759596e-05,8.239588701751283e-06,calm
2013-02-12,2.0745711014827356e-05,7.453805186752834e-06,calm
2013-02-13,1.775730351017162e-05,1.842833059757055e-05,calm
2013-02-14,1.9235779692267145e-05,2.3600096409362045e-05,calm
2013-02-15,2.138693244292456e-05,1.883684365720955e-05,calm
2013-02-19,2.1498597116394354e-05,1.4263749582525975e-05,calm
2013-02-20,2.0203765011028903e-05,2.414955318655678e-05,calm
2013-02-21,2.7718081565500056e-05,5.206624911544685e-05,calm
2013-02-22,3.845854244205079e-05,4.186252501170508e-05,calm
2013-02-25,3.49654784260437e-05,8.787405534139898e-05,calm
2013-02-26,6.767102430663807e-05,7.180103692033423e-05,calm
2013-02-27,6.103232348639374e-05,3.30599284682281e-05,calm
2013-02-28,3.411291809764264e-05,3.1437288786903195e-05,calm
2013-03-01,3.3910562393761104e-05,8.625860729561744e-05,calm
2013-03-04,4.881031886684261e-05,2.7543344456191208e-05,calm
2013-03-05,3.5054450221725156e-05,5.865733896844221e-05,calm
2013-03-06,3.36160951892134e-05,2.3545224786428843e-05,calm
2013-03-07,3.051545117356922e-05,1.5450122880313302e-05,calm
2013-03-08,2.4878456295605163e-05,2.0637116211646523e-05,calm
2013-03-11,2.298172099450956e-05,9.153525703416009e-06,calm
2013-03-12,1.8074312828481662e-05,1.7060011026442335e-05,calm
2013-03-13,1.942688557159625e-05,1.2882094535612389e-05,calm
2013-03-14,1.88522472426701e-05,1.3870996832820092e-05,calm
2013-03-15,1.7883040593667857e-05,1.526929430908865e-05,calm
2013-03-18,1.8310219938689598e-05,0.000119838337724,calm
2013-03-19,3.7650348428462915e-05,7.129016940563635e-05,calm
2013-03-20,5.034386532936238e-05,5.758186616021913e-05,calm
2013-03-21,3.817816222617368e-05,5.290476289765424e-05,calm
2013-03-22,4.0618771009884345e-05,3.332018065767891e-05,calm
2013-03-25,3.566173454928118e-05,4.72878450823159e-05,calm
2013-03-26,3.711313482481281e-05,2.880351498297227e-05,calm
2013-03-27,3.056521655456867e-05,6.680165414044689e-05,calm
2013-03-28,3.70494442443979e-05,1.258246753277589e-05,calm
2013-04-01,2.6213551219565958e-05,3.444092707341793e-05,calm
2013-04-02,2.9539737177694372e-05,3.440428412456607e-05,calm
2013-04-03,2.9586587161992442e-05,4.033892637543374e-05,calm
2013-04-04,3.503947936703892e-05,0.0001931349366465,calm
2013-04-08,5.7329095543448125e-05,2.3895552756355703e-05,calm
2013-04-09,3.593593107347044e-05,3.6150123460505e-05,calm
2013-04-10,3.134219308692123e-05,1.84645679879864e-05,calm
2013-04-11,2.590670722130343e-05,4.448918276009261e-05,calm
2013-04-15,2.918917502911646e-05,7.275846560740251e-05,calm
2013-04-16,5.760087371721135e-05,0.0001302344265993,calm
2013-04-17,5.838796605501022e-05,6.784704614114405e-05,calm
2013-04-18,5.966298896221616e-05,3.899180621419903e-05,calm
2013-04-22,5.4948036949476996e-05,0.0001851891684182,calm
2013-04-23,6.164206465552874e-05,1.427300166638192e-05,calm
2013-04-24,3.237812083314776e-05,2.610507571500376e-05,calm
2013-04-25,2.912590780453262e-05,1.7877119257672902e-05,calm
2013-04-29,2.737899141220436e-05,2.2011346143895227e-05,calm
2013-04-30,2.7275934122367544e-05,3.603276479960991e-05,calm
2013-05-01,2.9898088700346375e-05,2.494463825834536e-05,calm
2013-05-02,3.221229381536342e-05,0.0001080552857433,calm
2013-05-06,4.2707361687587354e-05,1.6900373727138884e-05,calm
2013-05-07,2.8716931395398416e-05,1.046981371066436e-05,calm
2013-05-08,2.261212400469649e-05,2.6764550271978384e-05,calm
2013-05-09,2.4257529522146923e-05,2.903387023421825e-05,calm
2013-05-13,2.7608415644311098e-05,1.920314015380076e-05,calm
2013-05-14,2.4742945519834155e-05,2.4073426285490263e-05,calm
2013-05-15,2.5422352530712336e-05,3.1126669115749685e-05,calm
2013-05-16,2.788770981416758e-05,2.180143436279464e-05,calm
2013-05-20,2.750927659193854e-05,2.9020951579786607e-05,calm
2013-05-21,2.8231229374752117e-05,0.0001168216157796,calm
2013-05-22,4.2944787991428016e-05,0.0001229516073117,calm
2013-05-23,5.629774065497808e-05,3.206491142063691e-05,calm
2013-05-28,4.130414106133641e-05,6.382454937748322e-05,calm
2013-05-29,4.397762321499028e-05,2.75371374106984e-05,calm
2013-05-30,3.905504065645586e-05,5.805129493504152e-05,calm
2013-06-03,4.117294572817663e-05,6.504352802033943e-05,calm
2013-06-04,5.427046791144339e-05,6.130013043479401e-05,calm
2013-06-05,5.377430835896642e-05,6.73316024556623e-05,calm
2013-06-06,6.0665307586699474e-05,4.783716672954495e-05,calm
2013-06-10,5.10046693683881e-05,0.0001185618538796,calm
2013-06-11,5.554745848283605e-05,7.663961806763483e-05,calm
2013-06-12,6.663422956028532e-05,4.34500694535026e-05,calm
2013-06-13,6.623648641551519e-05,5.105118700065468e-05,calm
2013-06-17,4.912539712678617e-05,1.816416879585006e-05,calm
2013-06-18,3.6571617647265906e-05,0.0001116591987143,calm
2013-06-19,5.236224946307486e-05,0.0001485521246127,calm
2013-06-20,7.328921310158885e-05,0.0001465848806463,calm
2013-06-24,0.00011713984746831966,9.077030782176368e-05,calm
2013-06-25,9.720052669230475e-05,7.500695769578098e-05,calm
2013-06-26,7.132763976814045e-05,4.778856197437349e-05,calm
2013-06-27,5.520999529870392e-05,4.9997614505674e-05,calm
2013-07-01,5.141003464143361e-05,3.483440749125189e-05,calm
2013-07-02,4.2934925769376455e-05,3.332706049070701e-05,calm
2013-07-08,3.889512144884671e-05,2.329325994875133e-05,calm
2013-07-09,2.918933825292872e-05,4.5023152651635546e-05,calm
2013-07-10,3.122054147262208e-05,7.846823342796871e-05,calm
2013-07-11,4.1484617705920774e-05,1.213939712636634e-05,calm
2013-07-15,2.887863127891589e-05,1.2745217936119823e-05,calm
2013-07-16,2.318443306459089e-05,2.273870207197657e-05,calm
2013-07-17,2.6029507047445573e-05,1.4100411803922824e-05,calm
2013-07-18,2.295895767083774e-05,1.0021525079290436e-05,calm
2013-07-22,1.9952234180364212e-05,9.414115774175669e-06,calm
2013-07-23,1.6263964486849798e-05,1.7825523730800247e-05,calm
2013-07-24,1.8638816739817054e-05,2.1588335771644783e-05,calm
2013-07-25,2.2915541839602578e-05,2.809942874066389e-05,calm
2013-07-29,2.5520249074216787e-05,1.8720605010989987e-05,calm
2013-07-30,2.5323203162016688e-05,4.68155537409335e-05,calm
2013-07-31,3.0828068030157825e-05,5.5994048253715896e-05,calm
2013-08-01,3.6009749231104906e-05,9.618943555227105e-06,calm
2013-08-05,2.3761953748817826e-05,1.565664522492551e-05,calm
2013-08-06,1.965314383889655e-05,2.825318477902079e-05,calm
2013-08-07,2.4378430654994273e-05,2.3951829281094727e-05,calm
2013-08-08,2.6529665538230104e-05,1.99360314838056e-05,calm
2013-08-12,2.461797424647858e-05,1.993458763119144e-05,calm
2013-08-13,2.4260054763161875e-05,1.883599974566273e-05,calm
2013-08-14,2.3022416090165856e-05,6.233391068710357e-05,calm
2013-08-15,3.3040479598094313e-05,2.8891546149637337e-05,calm
2013-08-19,3.77103926172971e-05,1.5212916813074897e-05,calm
2013-08-20,3.132925686388421e-05,5.745000223594421e-05,calm
2013-08-21,3.50426660327077e-05,1.6766082942989694e-05,calm
2013-08-22,3.273316043489302e-05,1.3268962512877132e-05,calm
2013-08-26,2.6557741853387348e-05,7.525640805707829e-05,calm
2013-08-27,3.488959532459117e-05,2.261651924970445e-05,calm
2013-08-28,3.7171942575451786e-05,2.413103326444652e-05,calm
2013-08-29,3.402959606229118e-05,5.153271462479877e-05,calm
2013-09-03,3.9363894833026344e-05,2.234162660140374e-05,calm
2013-09-04,3.536910944021978e-05,1.6898111084971323e-05,calm
2013-09-05,2.953867574224083e-05,7.434182323475571e-05,calm
2013-09-09,3.7079753875590977e-05,2.229045233475752e-05,calm
2013-09-10,3.386376593792577e-05,1.1983048725361513e-05,calm
2013-09-11,2.5937577297015848e-05,1.252915781934448e-05,calm
2013-09-12,2.2386431705850174e-05,1.1283075281249904e-05,calm
2013-09-16,2.1346468777148486e-05,6.368149607941947e-06,calm
2013-09-17,1.895735118845536e-05,5.711972906627449e-05,calm
2013-09-18,2.5077690298615148e-05,1.7987318089862578e-05,calm
2013-09-19,2.3814853472978254e-05,1.8516697182988106e-05,calm
2013-09-23,2.2603408945944216e-05,1.847976451504069e-05,calm
2013-09-24,2.4581644496371562e-05,3.24623538010949e-05,calm
2013-09-25,2.7183202941379878e-05,2.795398775058528e-05,calm
2013-09-26,2.786510897413144e-05,2.5725205899953305e-05,calm
2013-09-30,2.5943731213291483e-05,3.313825455835051e-05,calm
2013-10-01,3.338906476280911e-05,4.087825811056895e-05,calm
2013-10-02,3.4034207492296185e-05,7.50730846501711e-05,calm
2013-10-03,4.3905235923130594e-05,1.8972115776006096e-05,calm
2013-10-07,3.732964882944868e-05,4.9340451820817575e-05,calm
2013-10-08,4.6839128078698705e-05,4.818721755251e-05,calm
2013-10-09,5.311529721417049e-05,9.850877046576063e-05,calm
2013-10-10,6.0362936739620357e-05,2.332178400830896e-05,calm
2013-10-14,3.670562818274457e-05,5.4461087311235945e-05,calm
2013-10-15,3.851633217695804e-05,5.886075662534087e-05,calm
2013-10-16,5.429430133068508e-05,2.33430367157146e-05,calm
2013-10-17,3.3131224400472486e-05,1.6452412894633686e-05,calm
2013-10-21,2.3606466123272366e-05,2.9907462655190705e-05,calm
2013-10-22,2.4467553980052303e-05,2.9454228312545457e-05,calm
2013-10-23,2.6434574603873195e-05,1.299103802915796e-05,calm
2013-10-24,2.2479106645553817e-05,9.513243224253696e-06,calm
2013-10-28,1.885532898629307e-05,9.52664751961964e-06,calm
2013-10-29,1.7461841144623268e-05,1.640520228721243e-05,calm
2013-10-30,1.8540720071372858e-05,3.528202092481608e-05,calm
2013-10-31,2.3409317828655036e-05,3.061737410680147e-05,calm
2013-11-01,2.6212786159397105e-05,3.289620876110868e-05,calm
2013-11-04,2.7625313851963137e-05,1.3421313021209632e-05,calm
2013-11-05,2.3377369110695164e-05,2.015868145506784e-05,calm
2013-11-06,2.3793395448577923e-05,1.902453704639641e-05,calm
2013-11-07,2.2274308706217938e-05,3.858023697859154e-05,calm
2013-11-08,2.8000735620551824e-05,3.4576145673068906e-05,calm
2013-11-11,2.7908545791719123e-05,1.132367533256425e-05,calm
2013-11-12,2.1947342317157803e-05,2.411372822156397e-05,calm
2013-11-13,2.3710938653897456e-05,2.0346271791553305e-05,calm
2013-11-14,2.3774834160362518e-05,2.033830996724199e-05,calm
2013-11-15,2.311415481668557e-05,6.290719167204106e-06,calm
2013-11-18,1.8584267624769287e-05,2.259103607789826e-05,calm
2013-11-19,2.1742712101396736e-05,3.033770148641362e-05,calm
2013-11-20,2.6010080941347666e-05,3.934409664273176e-05,calm
2013-11-21,2.9536334146762563e-05,1.867593989167085e-05,calm
2013-11-22,2.5132067878518916e-05,6.013575982382761e-06,calm
2013-11-25,1.931701628165145e-05,7.814411027034557e-06,calm
2013-11-26,1.8010998277353836e-05,9.038872724685283e-06,calm
2013-11-27,1.6994626258528143e-05,5.7965562825262354e-06,calm
2013-11-29,1.5394786067567512e-05,8.007068260551874e-06,calm
2013-12-02,1.574977257777763e-05,1.342522449108462e-05,calm
2013-12-03,1.7666918168625277e-05,2.3429564339732177e-05,calm
2013-12-04,2.063758654531915e-05,5.936140594044209e-05,calm
2013-12-05,2.967282451196486e-05,2.9109590566727915e-05,calm
2013-12-06,3.0398367287106432e-05,6.818695392308636e-05,calm
2013-12-09,3.494612532097581e-05,1.1847332482892784e-05,calm
2013-12-10,2.4553033541579003e-05,1.0922272434705454e-05,calm
2013-12-11,2.063075016944859e-05,2.782344446188182e-05,calm
2013-12-12,2.537426063853451e-05,2.9904560948995533e-05,calm
2013-12-13,2.860605065816425e-05,2.07722015527102e-05,calm
2013-12-16,2.7345641089846662e-05,4.439311236062338e-05,calm
2013-12-17,3.271791476966232e-05,1.9321715141071185e-05,calm
2013-12-18,2.9307551069118315e-05,0.0001008888549621,calm
2013-12-19,3.683731703351043e-05,1.743028477614924e-05,calm
2013-12-20,2.883989106181245e-05,1.210992995418827e-05,calm
2013-12-23,2.2459924828024105e-05,1.2532225610432078e-05,calm
2013-12-24,1.948341223957674e-05,1.621000604694435e-06,calm
2013-12-26,1.380367419801825e-05,4.391827701393773e-06,calm
2013-12-27,1.237017338557661e-05,5.107946832032988e-06,calm
2013-12-30,1.226057836269193e-05,3.0790409775692065e-06,calm
2013-12-31,1.2042213119483322e-05,7.969681062367858e-06,calm
2014-01-02,1.297973210418359e-05,3.255498217488599e-05,calm
2014-01-03,1.8454992892228962e-05,1.6415690871481668e-05,calm
2014-01-06,1.89259306833826e-05,2.8232603597865537e-05,calm
2014-01-07,2.1413390845459855e-05,1.5213536311641647e-05,calm
2014-01-08,1.9506769173037877e-05,2.5493329426504343e-05,calm
2014-01-09,2.1112100361389735e-05,2.006325441956697e-05,calm
2014-01-10,2.1320910769479602e-05,1.74566389027895e-05,calm
2014-01-13,1.9445480162542523e-05,2.2327287699645443e-05,calm
2014-01-14,2.2159148310589066e-05,2.4486920946960045e-05,calm
2014-01-15,2.1839599752897948e-05,1.5194090114100053e-05,calm
2014-01-16,1.9935918201957675e-05,1.383576628292614e-05,calm
2014-01-17,1.9220298407855804e-05,1.3147471880133677e-05,calm
2014-01-21,1.8469345431469946e-05,4.4313197711422674e-05,calm
2014-01-22,2.4693752486110622e-05,9.843199115575172e-06,calm
2014-01-23,2.0262158616735452e-05,5.075610160738533e-05,calm
2014-01-24,2.794581011302073e-05,8.223232190305382e-05,calm
2014-01-27,5.756343469207533e-05,6.582663305254619e-05,calm
2014-01-28,5.654419979156355e-05,2.826139733786185e-05,calm
2014-01-29,3.514970723106924e-05,0.0001086141458709,calm
2014-01-30,5.358588781124143e-05,6.086281479405956e-05,calm
2014-01-31,5.607987962416142e-05,0.0001220234512135,calm
2014-02-03,7.265064449485908e-05,9.347750947434678e-05,calm
2014-02-04,9.72183247469481e-05,6.723097597798058e-05,calm
2014-02-05,6.922634623551855e-05,8.59228728036382e-05,calm
2014-02-06,7.808135958305936e-05,3.108233233136862e-05,calm
2014-02-07,4.582136658412012e-05,4.273847213232206e-05,calm
2014-02-10,3.495752104953245e-05,9.764488430791248e-06,calm
2014-02-11,2.5569602939242823e-05,1.7329855172087688e-05,calm
2014-02-12,2.16926480090369e-05,2.1005101743389755e-05,calm
2014-02-13,2.1869770843475632e-05,2.4270841032429988e-05,calm
2014-02-14,2.317356142094911e-05,1.4683413929556131e-05,calm
2014-02-18,2.054397161608209e-05,1.2511295189463475e-05,calm
2014-02-19,1.9594923689810748e-05,2.9636052533792185e-05,calm
2014-02-20,2.7075524717773196e-05,2.6279029763340085e-05,calm
2014-02-21,2.6877154246525604e-05,1.6938636396276435e-05,calm
2014-02-24,2.3601603772233774e-05,3.39708807950838e-05,calm
2014-02-25,2.5362205443787147e-05,3.2277348614820194e-05,calm
2014-02-26,2.6038771016813583e-05,2.9930726015769184e-05,calm
2014-02-27,2.8466370377711107e-05,2.751119505590636e-05,calm
2014-02-28,2.7393789741166102e-05,3.734304790226732e-05,calm
2014-03-03,2.9100406050860916e-05,8.342618306575553e-05,calm
2014-03-04,4.7635831316373345e-05,9.3614935484596e-05,calm
2014-03-05,4.6017311734372694e-05,1.7253413593025153e-05,calm
2014-03-06,2.9211011927211547e-05,1.632783587567663e-05,calm
2014-03-07,2.509991510033291e-05,3.0768694494235355e-05,calm
2014-03-10,2.690598964994454e-05,2.25765886549322e-05,calm
2014-03-11,2.6298186282150947e-05,2.5070371853746097e-05,calm
2014-03-12,2.750230009541222e-05,4.582604649869859e-05,calm
2014-03-13,3.153520646393009e-05,5.3405591768386525e-05,calm
2014-03-14,4.208819046346844e-05,4.645109377820266e-05,calm
2014-03-17,4.9444918162343515e-05,5.589180602092489e-05,calm
2014-03-18,4.1283301475847085e-05,2.3263023353014805e-05,calm
2014-03-19,2.9616072276445668e-05,5.737088070832004e-05,calm
2014-03-20,3.635329197004232e-05,2.949287112236503e-05,calm
2014-03-21,3.2462303973907e-05,5.056763880684458e-05,calm
2014-03-24,3.64386340826374e-05,4.8363864278947446e-05,calm
2014-03-25,3.884870145883902e-05,5.831252666388808e-05,calm
2014-03-26,3.78824944047043e-05,4.157790890410236e-05,calm
2014-03-27,3.8529898889784116e-05,6.379952705465706e-05,calm
2014-03-28,4.163930516584062e-05,3.804033180967874e-05,calm
2014-03-31,3.694290371325947e-05,2.269375051233956e-05,calm
2014-04-01,2.9169578500148723e-05,1.3909287911723622e-05,calm
2014-04-02,2.2563023835039774e-05,1.4625970831712455e-05,calm
2014-04-03,2.0683616161177336e-05,6.011205235983724e-05,calm
2014-04-07,2.8813858563190408e-05,3.9192443304214673e-05,calm
2014-04-08,4.002811095537308e-05,2.993915332631872e-05,calm
2014-04-09,3.457076638231357e-05,6.909755602998558e-05,calm
2014-04-10,3.606621684550825e-05,0.0001014775653329,calm
2014-04-14,5.6669112531937045e-05,8.425775870122111e-05,calm
2014-04-15,6.050974323097084e-05,4.70572752713774e-05,calm
2014-04-16,4.639470891739887e-05,2.2433936352456448e-05,calm
2014-04-21,3.1122748024379056e-05,1.0764188861432677e-05,calm
2014-04-22,2.2164133908195615e-05,1.3286724420686067e-05,calm
2014-04-23,1.998508070389114e-05,3.470482849251508e-05,calm
2014-04-24,2.4022436443709753e-05,3.438580766340725e-05,calm
2014-04-28,2.7703922045704994e-05,2.5018948125162e-05,calm
2014-04-29,2.898888636129516e-05,2.4780821503217164e-05,calm
2014-04-30,2.765423654259613e-05,2.035526524518403e-05,calm
2014-05-01,2.5146043215678428e-05,3.165960800692476e-05,calm
2014-05-05,2.6399784871686814e-05,2.632450172204425e-05,calm
2014-05-06,2.6630523032913418e-05,8.045673224661617e-05,calm
2014-05-07,3.7516479964411244e-05,2.6975789732296e-05,calm
2014-05-08,3.14844107701598e-05,3.1153749602300084e-05,calm
2014-05-12,2.9369761236456584e-05,1.0046886386702469e-05,calm
2014-05-13,2.072748996480912e-05,1.5017947116438884e-05,calm
2014-05-14,1.9227324905672344e-05,4.776460280175509e-05,calm
2014-05-15,2.4696729830383467e-05,2.186866437842763e-05,calm
2014-05-19,2.655163591730089e-05,2.740339562849116e-05,calm
2014-05-20,2.53313534016156e-05,2.4424051146246227e-05,calm
2014-05-21,2.5883064482171934e-05,9.102822141658089e-06,calm
2014-05-22,1.9342962314139743e-05,4.2404805931385175e-06,calm
2014-05-27,1.5520895135539517e-05,8.592864800407318e-06,calm
2014-05-28,1.4539169451642802e-05,1.3170070810721676e-05,calm
2014-05-29,1.564852510615531e-05,8.388390980888676e-06,calm
2014-06-02,1.5370340440122426e-05,9.464119302739543e-06,calm
2014-06-03,1.5429050276763927e-05,8.651989023105447e-06,calm
2014-06-04,1.5579969043739384e-05,1.5215754666660785e-05,calm
2014-06-05,1.7165197300806754e-05,7.234254948140449e-06,calm
2014-06-09,1.5568808262252125e-05,8.821032854256658e-06,calm
2014-06-10,1.4554256347032433e-05,1.692376753719989e-05,calm
2014-06-11,1.583531451238081e-05,1.749788437222487e-05,calm
2014-06-12,1.818944524439537e-05,1.886188346007451e-05,calm
2014-06-16,2.1157802097325358e-05,1.3773249344453452e-05,calm
2014-06-17,2.0578477594952158e-05,1.7581724974053463e-05,calm
2014-06-18,1.9657934411384983e-05,8.484442864586072e-06,calm
2014-06-19,1.553232676790232e-05,5.449514293107676e-06,calm
2014-06-23,1.3709150415143549e-05,1.863857961832542e-05,calm
2014-06-24,1.5295851482849136e-05,1.432986159269898e-05,calm
2014-06-25,1.7638832219801972e-05,2.4629849857391726e-05,calm
2014-06-26,1.9341801894742845e-05,1.2557713804722656e-05,calm
2014-06-30,1.8205220917101906e-05,1.3610707222866602e-05,calm
2014-07-01,1.7625466698922507e-05,6.839116085277049e-06,calm
2014-07-02,1.5109382987072803e-05,1.0068894848068287e-05,calm
2014-07-07,1.441914309363826e-05,3.124160500741984e-05,calm
2014-07-08,1.8465030807896656e-05,2.0993975664375785e-05,calm
2014-07-09,2.0850583304994867e-05,5.79303587850029e-05,calm
2014-07-10,2.637251067060603e-05,1.2309458931595492e-05,calm
2014-07-14,2.2883836461762523e-05,2.903549418137704e-05,calm
2014-07-15,2.2498530333121355e-05,1.998787822237521e-05,calm
2014-07-16,2.173833279940763e-05,4.120691073105928e-05,calm
2014-07-17,2.3149590980358236e-05,1.5824295009948178e-05,calm
2014-07-21,2.7147243205496103e-05,1.4176089147610271e-05,calm
2014-07-22,2.132569570283638e-05,6.378217361452572e-06,calm
2014-07-23,1.6513334273618875e-05,7.606670122782801e-06,calm
2014-07-24,1.4419036083763638e-05,1.8742695439256283e-05,calm
2014-07-28,1.6429875417499526e-05,2.102882084133566e-05,calm
2014-07-29,1.9697969586411282e-05,3.673981415625514e-05,calm
2014-07-30,2.549303375959252e-05,7.498894714816631e-05,calm
2014-07-31,3.49379640983615e-05,6.929399510765835e-05,calm
2014-08-04,5.3333260418809265e-05,7.863206028977103e-05,calm
2014-08-05,4.910037929874517e-05,4.5570976655233086e-05,calm
2014-08-06,4.7727140419686355e-05,5.089090869846185e-05,calm
2014-08-07,4.511402669293193e-05,2.661382053678212e-05,calm
2014-08-11,3.814525303653787e-05,2.188207537404568e-05,calm
2014-08-12,2.7201627335409378e-05,2.099890876524209e-05,calm
2014-08-13,2.470563247922612e-05,7.072120466657227e-06,calm
2014-08-14,1.8022457870877258e-05,5.6227623810201833e-05,calm
2014-08-18,2.332817050253079e-05,6.480536481918808e-06,calm
2014-08-19,1.82265989895647e-05,9.097529504986305e-06,calm
2014-08-20,1.6429434385553235e-05,8.385063712147303e-06,calm
2014-08-21,1.5148088524365782e-05,1.8212536754611167e-05,calm
2014-08-25,1.6777507721980786e-05,5.645300098606631e-06,calm
2014-08-26,1.4933588779396752e-05,5.8310826444656175e-06,calm
2014-08-27,1.3757993760137088e-05,1.6234288012210944e-05,calm
2014-08-28,1.5484625835991503e-05,6.446305148309068e-06,calm
2014-09-02,1.4881760374106773e-05,1.3796866691156124e-05,calm
2014-09-03,1.6097971382881604e-05,1.67219452967307e-05,calm
2014-09-04,1.7737061964272468e-05,2.0915204961527645e-05,calm
2014-09-08,1.996985256096339e-05,2.850033914434904e-05,calm
2014-09-09,2.1957596219563493e-05,2.705961954332965e-05,calm
2014-09-10,2.4704661217788435e-05,1.85173998252606e-05,calm
2014-09-11,2.2101414493701888e-05,2.251821818721897e-05,calm
2014-09-15,2.177993943481452e-05,1.941083603279793e-05,calm
2014-09-16,2.3270336184359694e-05,5.142244194020097e-05,calm
2014-09-17,2.647430616063642e-05,1.3719309955959049e-05,calm
2014-09-18,2.1532120586058466e-05,2.09178966687388e-05,calm
2014-09-22,2.0290692048159027e-05,2.4309875219891143e-05,calm
2014-09-23,2.371951882112534e-05,1.6788985486162414e-05,calm
2014-09-24,2.461438745659678e-05,4.951358249980574e-05,calm
2014-09-25,2.7010829147788233e-05,3.5827378454109e-05,calm
2014-09-29,3.355896615534592e-05,3.650771411318751e-05,calm
2014-09-30,3.5605883367279724e-05,6.01365152988437e-05,calm
2014-10-01,4.157405009848652e-05,5.608382923733591e-05,calm
2014-10-02,4.493208993825538e-05,6.535619598575353e-05,calm
2014-10-06,4.560462479163876e-05,7.375765281718454e-05,calm
2014-10-07,4.61423971524231e-05,7.971506319761429e-05,calm
2014-10-08,5.726203511438017e-05,0.0001093480946014,calm
2014-10-09,5.5683679150260554e-05,0.0001223166848744,calm
2014-10-13,8.280658925105582e-05,0.0001526990445934,calm
2014-10-14,0.0001579554698398924,0.0005307264971161,calm
2014-10-15,0.0002036316048398372,0.0002749281377898,calm
2014-10-16,0.0002203377969238032,0.000156196230029,calm
2014-10-20,0.0001805643746718766,5.620975112275648e-05,calm
2014-10-21,7.316944106174796e-05,5.541257042816844e-05,calm
2014-10-22,5.344573913678963e-05,0.0001064367330651,calm
2014-10-23,7.254253585181802e-05,3.491652911047621e-05,calm
2014-10-27,5.0695478355939056e-05,3.94462981019674e-05,calm
2014-10-28,4.374070547922756e-05,2.640519783716124e-05,calm
2014-10-29,3.267578063992353e-05,5.146028045535702e-05,calm
2014-10-30,3.80711747341805e-05,3.1466216554577235e-05,calm
2014-10-31,3.4345409272689955e-05,5.483653212687467e-05,calm
2014-11-03,3.6367337567520505e-05,2.1125208524310976e-05,calm
2014-11-04,3.2276810662414015e-05,2.73830339535074e-05,calm
2014-11-05,3.1173078433595096e-05,3.47817030207061e-05,calm
2014-11-06,3.0204162768940308e-05,1.597485561648219e-05,calm
2014-11-07,2.4578344904032452e-05,2.016683299168648e-05,calm
2014-11-10,2.2475997138740444e-05,8.090917041470939e-06,calm
2014-11-11,1.8050574706141168e-05,6.695128713459507e-06,calm
2014-11-12,1.5973670541144244e-05,1.645304972780246e-05,calm
2014-11-13,1.7348072362745455e-05,2.5777811880382216e-05,calm
2014-11-14,2.1800644449523468e-05,1.0501168117429346e-05,calm
2014-11-17,1.8824074881330227e-05,1.265346858573244e-05,calm
2014-11-18,1.8872545092537156e-05,8.55520273583579e-06,calm
2014-11-19,1.7233550510921682e-05,2.6752144224125204e-05,calm
2014-11-20,2.0248748111119297e-05,1.4235862026734032e-05,calm
2014-11-21,1.938524678856894e-05,4.36902068784148e-05,calm
2014-11-24,2.2864653070345574e-05,9.238204628444869e-06,calm
2014-11-25,1.8552878656992906e-05,1.0962680270208904e-05,calm
2014-11-26,1.6511825646716528e-05,3.524644492703975e-06,calm
2014-11-28,1.3497298583508639e-05,9.071010000709348e-06,calm
2014-12-01,1.4614124883238603e-05,3.644206377736958e-05,calm
2014-12-02,2.095931565005347e-05,1.467920912453094e-05,calm
2014-12-03,1.901485316281114e-05,7.223047718103304e-06,calm
2014-12-04,1.5705327996391325e-05,1.8450776548168065e-05,calm
2014-12-05,1.6756917283773427e-05,1.3303271100312171e-05,calm
2014-12-08,1.6416108503071745e-05,3.0153752985374903e-05,calm
2014-12-09,2.3232396951729066e-05,0.0001034389972265,calm
2014-12-10,4.048519618664767e-05,6.963512134630321e-05,calm
2014-12-11,6.07465373608689e-05,7.290374212756302e-05,calm
2014-12-12,7.179416555241139e-05,8.357577012523791e-05,calm
2014-12-15,8.013048211887039e-05,0.0001632180876829,calm
2014-12-16,9.217754269524097e-05,0.0001549156706396,calm
2014-12-17,0.00014114152631836742,0.0001654281486396,calm
2014-12-18,9.004972681263195e-05,0.0001069418422587,calm
2014-12-19,6.239239194364665e-05,3.47121798508516e-05,calm
2014-12-22,4.818724456722617e-05,1.2439030651961284e-05,calm
2014-12-23,3.09212107754051e-05,1.101391803077905e-05,calm
2014-12-24,2.3087570887865692e-05,4.629956709643552e-06,calm
2014-12-26,1.6601217220584506e-05,6.353623343252677e-06,calm
2014-12-29,1.4770362303103633e-05,5.678652635523041e-06,calm
2014-12-30,1.4459018383071e-05,9.05043589606688e-06,calm
2014-12-31,1.5863791170259817e-05,2.385971418313836e-05,calm
2015-01-02,2.6452839957193575e-05,8.393689872199112e-05,calm
2015-01-05,3.4949951240787074e-05,7.000254995995878e-05,calm
2015-01-06,5.438958543687907e-05,0.0001109926003666,calm
2015-01-07,7.860168031903379e-05,8.179144119369233e-05,calm
2015-01-08,6.311667004318977e-05,7.158324341611025e-05,calm
2015-01-09,4.7570456239067996e-05,6.252698796162382e-05,calm
2015-01-12,5.2386934682352176e-05,6.71807652791036e-05,calm
2015-01-13,6.946405620316944e-05,0.000218888303089,calm
2015-01-14,0.00010263451976221872,0.0001470620047225,calm
2015-01-15,0.00010890863467983704,0.0001033176826294,calm
2015-01-16,0.00010795962529026259,6.435800111118137e-05,calm
2015-01-20,8.021657981745885e-05,8.369506291613243e-05,calm
2015-01-21,7.354511373232021e-05,0.0001001386955847,calm
2015-01-22,6.95503128850272e-05,6.104666075791229e-05,calm
2015-01-23,4.7801895296743336e-05,2.490976373588993e-05,calm
2015-01-26,3.860465939575044e-05,3.0057934203207617e-05,calm
2015-01-27,3.3045692975699494e-05,0.0001025980177656,calm
2015-01-28,5.409323109651958e-05,9.283647280670598e-05,calm
2015-01-29,9.063438973005378e-05,8.760700992406689e-05,calm
2015-01-30,7.117866378375808e-05,9.797752443947122e-05,calm
2015-02-02,9.158900473725878e-05,0.0001178237333231,calm
2015-02-03,8.560173153451006e-05,8.8596027653597e-05,calm
2015-02-04,6.347330035096462e-05,6.655153789020657e-05,calm
2015-02-05,6.583622647276644e-05,3.3972660537892096e-05,calm
2015-02-06,4.614309945705806e-05,4.128598070560855e-05,calm
2015-02-09,4.4925576334458586e-05,3.361651919556129e-05,calm
2015-02-10,4.788815315208665e-05,3.876286406392712e-05,calm
2015-02-11,4.0182396191059454e-05,2.78865150141242e-05,calm
2015-02-12,3.500553707920803e-05,2.6327285900889857e-05,calm
2015-02-13,2.8458914710329424e-05,1.0438278218809913e-05,calm
2015-02-17,2.1821435974148913e-05,1.5039672661446071e-05,calm
2015-02-18,2.343128406411692e-05,1.9164217712056792e-05,calm
2015-02-19,2.3131590175706468e-05,2.0193230038117703e-05,calm
2015-02-20,2.3269845735682293e-05,2.066686457517161e-05,calm
2015-02-23,2.1864559747991396e-05,1.1293218266957847e-05,calm
2015-02-24,1.973531491643947e-05,1.0162144445371092e-05,calm
2015-02-25,1.7203195275991894e-05,1.0110770873164508e-05,calm
2015-02-26,1.663474939528203e-05,1.9689896972825748e-05,calm
2015-02-27,1.875267938031171e-05,1.2043023486016288e-05,calm
2015-03-02,1.7548982411569435e-05,7.116018987448756e-06,calm
2015-03-03,1.5231529422685957e-05,2.5070915753435683e-05,calm
2015-03-04,1.915495659680007e-05,4.459268149640231e-05,calm
2015-03-05,2.606169235916107e-05,1.2745205479720943e-05,calm
2015-03-06,2.1853609640354457e-05,5.4549013368688246e-05,calm
2015-03-09,3.0340144410299885e-05,1.5063698040724552e-05,calm
2015-03-10,2.567007718338113e-05,7.056664450321935e-05,calm
2015-03-11,3.857957524182198e-05,3.489358340088534e-05,calm
2015-03-12,3.8674157334202005e-05,4.255188558676436e-05,calm
2015-03-13,3.392449233983271e-05,4.969189725334651e-05,calm
2015-03-16,3.7705949160102774e-05,2.7444917209027167e-05,calm
2015-03-17,3.287499147589211e-05,3.480892587259122e-05,calm
2015-03-18,3.289639120157915e-05,0.00011055279768,calm
2015-03-19,4.049258757649973e-05,3.058922211959946e-05,calm
2015-03-20,3.335258237847348e-05,4.436875030335914e-05,calm
2015-03-23,3.1147474774079716e-05,1.395834852779248e-05,calm
2015-03-24,2.4733557878830407e-05,2.033429525534712e-05,calm
2015-03-25,2.411124188343573e-05,4.7134516609593225e-05,calm
2015-03-26,3.4030683987600565e-05,7.630798995416656e-05,calm
2015-03-27,4.4725180615877644e-05,3.439986511001091e-05,calm
2015-03-30,3.640800260187742e-05,4.181476622511771e-05,calm
2015-03-31,3.370122783106445e-05,5.419297446997972e-05,calm
2015-04-01,3.968111342560045e-05,2.5949141038844264e-05,calm
2015-04-06,3.390502433065565e-05,1.959745779644124e-05,calm
2015-04-07,2.768199057194926e-05,5.159969699934312e-05,calm
2015-04-08,3.2914901562839795e-05,3.572380251355154e-05,calm
2015-04-09,3.1177331385118636e-05,8.039501302828337e-06,calm
2015-04-13,2.0367240961765715e-05,2.765794121412613e-05,calm
2015-04-14,2.3659773389465054e-05,2.0081054133730803e-05,calm
2015-04-15,2.3554135851540986e-05,1.6663525728630253e-05,calm
2015-04-16,2.0715078641725477e-05,5.788914854298128e-05,calm
2015-04-20,2.636436311951944e-05,2.051603514893473e-05,calm
2015-04-21,2.563424313167371e-05,2.10586152275771e-05,calm
2015-04-22,2.4075217904919778e-05,2.4385842428039166e-05,calm
2015-04-23,2.313815076679642e-05,1.0717125546176991e-05,calm
2015-04-27,1.8883962350401552e-05,4.1520945459929736e-05,calm
2015-04-28,2.44465135945457e-05,4.38421116345614e-05,calm
2015-04-29,2.690636508753614e-05,4.952650378701195e-05,calm
2015-04-30,3.19639647938014e-05,4.525073403299557e-05,calm
2015-05-04,3.723385400103387e-05,3.256789883624878e-05,calm
2015-05-05,2.9088607826442756e-05,8.591818382940415e-05,calm
2015-05-06,3.990786535370412e-05,3.141407626793183e-05,calm
2015-05-07,3.9116566168480286e-05,7.568705464551436e-05,calm
2015-05-11,4.4293689170266445e-05,6.69658147591283e-05,calm
2015-05-12,3.9802420376979553e-05,4.468006802821108e-05,calm
2015-05-13,3.5776874856841286e-05,3.0107705704906043e-05,calm
2015-05-14,3.1746239041490206e-05,1.1470029429009245e-05,calm
2015-05-18,2.2243932866698497e-05,9.760751055191765e-06,calm
2015-05-19,1.8665853581368245e-05,1.754118763974536e-05,calm
2015-05-20,1.9607601497634887e-05,7.831418272656655e-06,calm
2015-05-21,1.7320873569790226e-05,1.0952655989474126e-05,calm
2015-05-26,1.5653477083744574e-05,1.6205064646370083e-05,calm
2015-05-27,1.9557988151675698e-05,1.9273192356801182e-05,calm
2015-05-28,2.0233623765980634e-05,2.867199437149248e-05,calm
2015-06-01,2.2292421728698515e-05,3.07227423688792e-05,calm
2015-06-02,2.605490369474081e-05,1.89164373129325e-05,calm
2015-06-03,2.6317316490439635e-05,4.535150293478719e-05,calm
2015-06-04,2.8639217121758223e-05,3.431814101928034e-05,calm
2015-06-08,3.245978364988138e-05,2.216471795533316e-05,calm
2015-06-09,3.1379072504416085e-05,3.8922308277426926e-05,calm
2015-06-10,3.0497744691927426e-05,1.979400300688283e-05,calm
2015-06-11,2.347626858855027e-05,2.659360208940352e-05,calm
2015-06-15,2.2794523349082562e-05,2.778301017712598e-05,calm
2015-06-16,3.144126580899829e-05,4.115871305973063e-05,calm
2015-06-17,3.4226285054262286e-05,3.1951916864025484e-05,calm
2015-06-18,3.093297292966974e-05,1.1177589964287142e-05,calm
2015-06-22,2.0876795694289647e-05,1.04942336501249e-05,calm
2015-06-23,1.7500481734979444e-05,1.428193517801018e-05,calm
2015-06-24,1.6829546283808843e-05,1.679771930681694e-05,calm
2015-06-25,1.9640966308697045e-05,2.311201029177642e-05,calm
2015-06-29,2.3698791086724647e-05,8.090298160519314e-05,calm
2015-06-30,5.626984335468044e-05,5.972962644847797e-05,calm
2015-07-01,5.989938648151432e-05,2.145616968626627e-05,calm
2015-07-06,3.257393197838187e-05,8.967051896085895e-05,calm
2015-07-07,4.449049094515687e-05,8.680027755391248e-05,calm
2015-07-08,5.025697406457537e-05,0.000172045206542,calm
2015-07-09,9.422760869909658e-05,0.0001261474397335,calm
2015-07-13,0.00010001279138081731,5.898326706894606e-06,calm
2015-07-14,2.430684043668265e-05,1.3534406511731926e-05,calm
2015-07-15,1.86853335477576e-05,1.564003693775467e-05,calm
2015-07-16,1.8076463285480384e-05,5.875470183850092e-06,calm
2015-07-20,1.3442324383382268e-05,1.061416362282411e-05,calm
2015-07-21,1.3227510153042239e-05,1.8905256365101385e-05,calm
2015-07-22,1.5298589037528668e-05,1.5986097328116113e-05,calm
2015-07-23,1.6299764353623114e-05,1.988811303397917e-05,calm
2015-07-27,1.892641197515915e-05,2.887604567525071e-05,calm
2015-07-28,3.102968593148021e-05,2.023068219141375e-05,calm
2015-07-29,2.455805261281936e-05,2.099638299948244e-05,calm
2015-07-30,1.9778569242305944e-05,1.4739562498244244e-05,calm
2015-08-03,1.775845092486427e-05,2.3256507331030107e-05,calm
2015-08-04,2.0497612979071883e-05,4.158276992357377e-05,calm
2015-08-05,2.655617946411696e-05,2.929247898906699e-05,calm
2015-08-06,2.5385132274143212e-05,3.3186791116096485e-05,calm
2015-08-10,2.9315786225127916e-05,6.761660146297476e-05,calm
2015-08-11,3.084493137905173e-05,0.0001146473412212,calm
2015-08-12,4.476364799103369e-05,4.1283068586028896e-05,calm
2015-08-13,3.818329404540973e-05,1.654905366488865e-05,calm
2015-08-17,2.6721803838687305e-05,1.3557625861417415e-05,calm
2015-08-18,2.1322087130222213e-05,9.018282192045208e-05,calm
2015-08-19,3.4356617097730196e-05,0.0001152339791299,calm
2015-08-20,5.2574177008427665e-05,0.0002313861763627,calm
2015-08-24,0.00010011073177327522,0.0007348025234109,calm
2015-08-25,0.000667073498380299,0.0008079402565357,calm
2015-08-26,0.0006182243631474406,0.0003596786887537,calm
2015-08-27,0.0002839680473397522,9.132358953607384e-05,calm
2015-08-31,0.0001371461490485106,0.0005039922901797,calm
2015-09-01,0.00027311683815006975,0.0002116034331781,calm
2015-09-02,0.0002899099286443186,9.859737401033296e-05,calm
2015-09-03,0.0001436352929301456,0.0002072764213693,calm
2015-09-08,0.00015786582522033497,0.0001241085372017,calm
2015-09-09,0.00013633084418453222,7.67793517954313e-05,calm
2015-09-10,0.00012667518592839928,6.484227262160301e-05,calm
2015-09-14,9.841647009523466e-05,3.1016293334707526e-05,calm
2015-09-15,7.320748956767491e-05,3.515371948414369e-05,calm
2015-09-16,5.825706176190101e-05,0.0001636573230986,calm
2015-09-17,7.282825747191433e-05,0.0001854841024235,calm
2015-09-21,8.954197359136392e-05,0.0001710237907088,calm
2015-09-22,9.137019610553016e-05,5.734748391249309e-05,calm
2015-09-23,8.387756469675661e-05,0.0001090146184684,calm
2015-09-24,9.37317462060582e-05,0.000107031304058,calm
2015-09-28,0.00010797551572221374,0.0001396604009636,calm
2015-09-29,0.00017388872671385565,0.0002236902304275,calm
2015-09-30,0.00017245930682908349,0.0001301955432231,calm
2015-10-01,0.00011050526911340387,0.0002867937749064,calm
2015-10-05,0.00010929066096157951,4.6635916715215616e-05,calm
2015-10-06,6.0181379093848664e-05,8.970934433972721e-05,calm
2015-10-07,6.362430286764932e-05,5.056069266027188e-05,calm
2015-10-08,5.413241836100171e-05,2.8545146237442994e-05,calm
2015-10-12,3.9352376996600454e-05,3.782593237155144e-05,calm
2015-10-13,3.2959107233787294e-05,4.69489801271934e-05,calm
2015-10-14,4.17954865525394e-05,2.882521131682417e-05,calm
2015-10-15,4.14164526817911e-05,2.62763611867428e-05,calm
2015-10-19,2.982335153896981e-05,2.542504280458696e-05,calm
2015-10-20,2.4923636388917348e-05,5.582778529318999e-05,calm
2015-10-21,3.375132364925542e-05,5.869748797843458e-05,calm
2015-10-22,4.531629212721198e-05,7.240403077354259e-05,calm
2015-10-26,3.890445639168672e-05,1.4609866583404836e-05,calm
2015-10-27,2.9330295974656766e-05,3.436664180704787e-05,calm
2015-10-28,3.139367440688502e-05,8.854540411661334e-05,calm
2015-10-29,3.723114665858436e-05,2.3174636266700817e-05,calm
2015-10-30,3.1881200813348394e-05,2.8544039185409207e-05,calm
2015-11-02,3.145275405338758e-05,1.767918118623745e-05,calm
2015-11-03,2.5518190210203862e-05,2.3385037435400788e-05,calm
2015-11-04,2.6089428428121034e-05,3.774662625980252e-05,calm
2015-11-05,3.31380043712902e-05,3.409690389583703e-05,calm
2015-11-06,3.2988673725465895e-05,3.64143064660928e-05,calm
2015-11-09,3.057114711164267e-05,5.798645347761676e-05,calm
2015-11-10,4.4114009308637525e-05,3.024721906389688e-05,calm
2015-11-11,3.623713192239093e-05,2.238476663228424e-05,calm
2015-11-12,3.2466710914500266e-05,7.627674966536796e-05,calm
2015-11-13,5.4056024654280454e-05,4.4508000640044246e-05,calm
2015-11-16,6.465639931599258e-05,5.117436841654664e-05,calm
2015-11-17,4.850875011513339e-05,5.661560122017896e-05,calm
2015-11-18,5.1133504254168816e-05,5.0406961164692486e-05,calm
2015-11-19,4.275522454261871e-05,2.157341214131059e-05,calm
2015-11-20,3.470786473769875e-05,3.239403048710993e-05,calm
2015-11-23,2.993776124132588e-05,1.880805872806001e-05,calm
2015-11-24,2.6920887782162762e-05,4.270956238367367e-05,calm
2015-11-25,3.2263547457279745e-05,1.0244684804753443e-05,calm
2015-11-27,2.3656656743360627e-05,6.171518430109994e-06,calm
2015-11-30,1.8090037781944336e-05,1.957495992814094e-05,calm
2015-12-01,2.1074318621186853e-05,3.872522470796115e-05,calm
2015-12-02,2.352842342732225e-05,2.703080286992145e-05,calm
2015-12-03,2.7491065446099418e-05,7.105816453554806e-05,calm
2015-12-04,4.610199348560478e-05,7.14316777294948e-05,calm
2015-12-07,3.782098134091765e-05,6.567393151636108e-05,calm
2015-12-08,4.1428045049496276e-05,0.0001643245333882,calm
2015-12-09,6.973179471587682e-05,0.0001100129823886,calm
2015-12-10,9.007059287612627e-05,6.100504190334813e-05,calm
2015-12-11,6.981673441094591e-05,0.0001346940374665,calm
2015-12-14,0.0001393387523438446,0.00015360914132,calm
2015-12-15,0.00012638843387193687,0.0001125688262275,calm
2015-12-16,9.019090965054882e-05,9.666742574173168e-05,calm
2015-12-17,6.355682252782439e-05,8.192657358252532e-05,calm
2015-12-18,7.135906701375081e-05,9.51357847561858e-05,calm
2015-12-21,9.33359791858442e-05,7.86601826649533e-05,calm
2015-12-22,6.990191846500164e-05,4.096532059222434e-05,calm
2015-12-23,4.433941740204095e-05,3.4114824881032985e-05,calm
2015-12-24,3.5365090874544514e-05,7.84666718444164e-06,calm
2015-12-28,2.445726227408107e-05,2.968548038363876e-05,calm
2015-12-29,3.022527266245122e-05,4.030573473272693e-05,calm
2015-12-30,3.2464114241130275e-05,1.907770174864376e-05,calm
2015-12-31,3.185535663070819e-05,4.822906299582498e-05,calm
2016-01-04,4.1222100424081024e-05,0.0003475967057265,calm
2016-01-05,9.914191729486232e-05,6.259653966025944e-05,calm
2016-01-06,7.2168355951471e-05,0.000198654600498,calm
2016-01-07,9.594914589811772e-05,0.000391136516861,calm
2016-01-08,0.0002114250279964264,0.000176278050225,calm
2016-01-11,0.00021274970206216316,0.0001621050475013,calm
2016-01-12,0.00014434523020069806,0.0001784905990147,calm
2016-01-13,0.00012714781271435798,0.0002053996293201,calm
2016-01-14,0.00018614581687421213,0.0001629029916617,calm
2016-01-15,0.00015387590148027933,0.0005090396458508,calm
2016-01-19,0.00028285441691391824,0.0001999510292112,calm
2016-01-20,0.00019639891785663477,0.0004369341691967,calm
2016-01-21,0.0002783557431350222,0.0002972309481129,calm
2016-01-22,0.00022529748748524063,0.0001823074485602,calm
2016-01-25,0.00013144837089760646,7.110334489338955e-05,calm
2016-01-26,0.00011915146602069625,0.0001283479543495,calm
2016-01-27,0.00011759130386545819,0.0002011773382034,calm
2016-01-28,0.0001415451632623892,0.0002575898176599,calm
2016-01-29,0.00014522620581487047,7.439398758913607e-05,calm
2016-02-01,8.562115733256755e-05,0.0001229259695034,calm
2016-02-02,9.108717772126914e-05,0.0001200661904025,calm
2016-02-03,0.00011820592422806361,0.0002759621865031,calm
2016-02-04,0.00014539109031915377,0.0001841001755638,calm
2016-02-05,0.00013393189667711383,0.0001420476696324,calm
2016-02-08,0.0001454522432537671,0.0002934881269109,calm
2016-02-09,0.00023623892933416832,0.0002971805305516,calm
2016-02-10,0.00023885017101483945,0.0001650259148464,calm
2016-02-11,0.00018564740273347826,0.0003050485690708,calm
2016-02-12,0.00026943036765467545,9.697953334838142e-05,calm
2016-02-16,0.00013992142414935867,9.253123120172068e-05,calm
2016-02-17,0.00011973428674571741,7.345017607891506e-05,calm
2016-02-18,9.304051418218716e-05,4.345827023892125e-05,calm
2016-02-19,7.334457288307145e-05,7.005928639747945e-05,calm
2016-02-22,6.88147124262004e-05,6.738230272399365e-05,calm
2016-02-23,6.0352119601202335e-05,4.971556115204992e-05,calm
2016-02-24,6.746712404784309e-05,0.0001864575596965,calm
2016-02-25,9.221216008204337e-05,6.79098782657836e-05,calm
2016-02-26,6.613176190364721e-05,5.540742603638752e-05,calm
2016-02-29,6.45101104053697e-05,4.7940565230281686e-05,calm
2016-03-01,6.762689041793735e-05,6.451451364451791e-05,calm
2016-03-02,4.913514260757422e-05,4.259606019457212e-05,calm
2016-03-03,4.127983314122085e-05,2.813022093495985e-05,calm
2016-03-04,3.517669073441094e-05,4.067005682244326e-05,calm
2016-03-07,3.7130530312779054e-05,5.02982820512186e-05,calm
2016-03-08,4.252308119784384e-05,7.152064183856905e-05,calm
2016-03-09,5.667548577774802e-05,5.711394194005908e-05,calm
2016-03-10,5.4445470654358556e-05,0.0001108592660354,calm
2016-03-11,6.056730081435591e-05,6.088452803210438e-05,calm
2016-03-14,4.759241916414297e-05,1.9523287153762725e-05,calm
2016-03-15,3.7097622224392494e-05,3.280544571710374e-05,calm
2016-03-16,3.672318321373504e-05,7.381907468114597e-05,calm
2016-03-17,3.573055916591631e-05,2.3334689487523533e-05,calm
2016-03-18,2.781969452378584e-05,2.6033392850482152e-05,calm
2016-03-21,2.5781075877496454e-05,1.7468989082001204e-05,calm
2016-03-22,2.305806271671091e-05,2.669990715551444e-05,calm
2016-03-23,2.5458200730350333e-05,2.1925105581518555e-05,calm
2016-03-24,2.754583026347627e-05,3.5851081366079726e-05,calm
2016-03-28,3.0049803669741003e-05,3.098773887192196e-05,calm
2016-03-29,3.1846922811602855e-05,3.053630842750358e-05,calm
2016-03-30,2.7206543253162622e-05,1.3936812466787365e-05,calm
2016-03-31,2.182478772344912e-05,5.147102759432783e-05,calm
2016-04-04,2.8554304370577304e-05,6.338468503713788e-05,calm
2016-04-05,3.590115971553339e-05,3.0698608894802305e-05,calm
2016-04-06,3.757186138336983e-05,5.9753725949703646e-05,calm
2016-04-07,3.579025552613033e-05,4.637886268112605e-05,calm
2016-04-11,4.424827127324066e-05,3.769505476020507e-05,calm
2016-04-12,4.322920170187186e-05,3.367539253759674e-05,calm
2016-04-13,3.32912222180425e-05,1.6329533830857807e-05,calm
2016-04-14,2.3832849636650482e-05,6.107152945766287e-06,calm
2016-04-18,1.792122125798287e-05,1.9993444718168988e-05,calm
2016-04-19,1.9146770171816475e-05,1.539927628077866e-05,calm
2016-04-20,1.8870922573776032e-05,2.387373502035176e-05,calm
2016-04-21,2.1240183580555712e-05,2.225833913960886e-05,calm
2016-04-25,2.4341833520563937e-05,1.7190182830015948e-05,calm
2016-04-26,2.418654453744425e-05,3.063169312104193e-05,calm
2016-04-27,2.641984930812091e-05,3.651301695319627e-05,calm
2016-04-28,2.811921044560883e-05,5.225404484822984e-05,calm
2016-05-02,3.806515293659973e-05,5.191005827525416e-05,calm
2016-05-03,3.8152151538674977e-05,3.552153073316082e-05,calm
2016-05-04,3.8259932809836875e-05,3.409785668149905e-05,calm
2016-05-05,3.8772615887988945e-05,4.29750103538936e-05,calm
2016-05-09,3.8912982645416455e-05,2.063405173790372e-05,calm
2016-05-10,2.768166197763148e-05,2.237954881538937e-05,calm
2016-05-11,2.24934665700558e-05,4.735015674101967e-05,calm
2016-05-12,3.0853547924126885e-05,3.3621252411176184e-05,calm
2016-05-16,3.134146629356508e-05,3.562929499965157e-05,calm
2016-05-17,3.2527449433470944e-05,9.16463168028948e-05,calm
2016-05-18,4.633083911407933e-05,6.468078727679216e-05,calm
2016-05-19,4.954997547212672e-05,2.623228100710626e-05,calm
2016-05-23,4.0404250625979586e-05,2.789230712825456e-05,calm
2016-05-24,3.4632926017039954e-05,2.2423190213003367e-05,calm
2016-05-25,2.630378751469064e-05,1.1679147765112862e-05,calm
2016-05-26,2.0271648238750255e-05,8.904894900733696e-06,calm
2016-05-31,1.6757889490217002e-05,2.956508778975588e-05,calm
2016-06-01,2.2465745485772806e-05,1.801140354708861e-05,calm
2016-06-02,2.2989872409419486e-05,3.529406331157628e-05,calm
2016-06-06,2.5343578306903028e-05,6.753289771714669e-06,calm
2016-06-07,1.8824693511820157e-05,1.0233005694294088e-05,calm
2016-06-08,1.8759720790972608e-05,1.98808902235397e-05,calm
2016-06-09,2.0733826173780717e-05,3.8341849816767207e-05,calm
2016-06-13,2.7069930932373697e-05,3.885858617657656e-05,calm
2016-06-14,6.770681162169127e-05,2.430816530778107e-05,calm
2016-06-15,5.60018681634122e-05,5.508774344729761e-05,calm
2016-06-16,4.9570028510180587e-05,2.960091348099072e-05,calm
2016-06-20,4.04073831186307e-05,2.3581708539552984e-05,calm
2016-06-21,3.2056660240123715e-05,2.5795354756515714e-05,calm
2016-06-22,3.088469772151088e-05,3.4166858198260447e-05,calm
2016-06-23,4.4018643660242e-05,0.0006284184050862,calm
2016-06-27,5.609654077390457e-05,8.358302692898736e-05,calm
2016-06-28,0.0001150839588707144,6.329879997328406e-05,calm
2016-06-29,5.979488370805924e-05,3.438876799265057e-05,calm
2016-06-30,3.684693298357064e-05,1.5139825171255358e-05,calm
2016-07-05,2.574249672216247e-05,4.77397963307738e-05,calm
2016-07-06,2.851212391547193e-05,2.9502306145696484e-05,calm
2016-07-07,2.6334929435197536e-05,1.534174700728773e-05,calm
2016-07-11,2.2078333275780462e-05,3.135653845505276e-05,calm
2016-07-12,2.1490982420160697e-05,1.3150336227977444e-05,calm
2016-07-13,1.8857868648908628e-05,2.7210435858482568e-05,calm
2016-07-14,2.054591862444172e-05,1.1151789583542314e-05,calm
2016-07-18,1.765048532149278e-05,6.950281161817598e-06,calm
2016-07-19,1.4188513200701184e-05,5.1183205331206256e-06,calm
2016-07-20,1.1415979275338249e-05,1.1359397135156038e-05,calm
2016-07-21,1.223099571159571e-05,6.998118488551874e-06,calm
2016-07-25,1.322811169552915e-05,2.029149116150981e-05,calm
2016-07-26,1.782404355712738e-05,2.297246028335027e-05,calm
2016-07-27,2.313803237234771e-05,2.396518086269989e-05,calm
2016-07-28,2.4314602661753013e-05,1.605941703878963e-05,calm
2016-08-01,2.180892617422682e-05,2.487293884826826e-05,calm
2016-08-02,2.19398775147511e-05,1.1804944741306884e-05,calm
2016-08-03,2.0750893062367028e-05,1.1243968837289251e-05,calm
2016-08-04,1.7877540415930557e-05,9.667065320642549e-06,calm
2016-08-08,1.5115562738712423e-05,5.1507033654786015e-06,calm
2016-08-09,1.1229362506934275e-05,1.0564564637076138e-05,calm
2016-08-10,1.2036018286251104e-05,1.1655439447779651e-05,calm
2016-08-11,1.4160827068290772e-05,5.264460706917094e-06,calm
2016-08-15,1.2595559485222778e-05,1.1543003686773754e-05,calm
2016-08-16,1.4562498050531037e-05,1.643444292619871e-05,calm
2016-08-17,1.89744986100985e-05,6.159094914011146e-06,calm
2016-08-18,1.5783333161347e-05,1.4103673472250133e-05,calm
2016-08-22,1.5593195180109164e-05,6.627962136852071e-06,calm
2016-08-23,1.4681255274885942e-05,1.071380553792379e-05,calm
2016-08-24,1.5625047780933978e-05,1.5375372156370595e-05,calm
2016-08-25,1.9558481210389913e-05,3.758426645531877e-05,calm
2016-08-29,2.6504337292110172e-05,1.4056886819698014e-05,calm
2016-08-30,2.1437144208443335e-05,1.26924698803353e-05,calm
2016-08-31,1.928301252304276e-05,2.4379186421612232e-05,calm
2016-09-01,2.1500633012958654e-05,1.4669019832483964e-05,calm
2016-09-06,2.020147795583799e-05,7.12813414680022e-06,calm
2016-09-07,1.3880261472786322e-05,8.7164287313989e-06,calm
2016-09-08,1.2340680528788461e-05,4.4102584875997005e-05,calm
2016-09-12,1.911406246348485e-05,9.403217173237495e-05,calm
2016-09-13,4.1165569180152605e-05,4.682864722911128e-05,calm
2016-09-14,6.02549329273934e-05,3.725055788990922e-05,calm
2016-09-15,5.518376557503749e-05,4.274386051782572e-05,calm
2016-09-19,3.993593302979396e-05,1.951401243251184e-05,calm
2016-09-20,2.8598522655272797e-05,3.346809913478899e-05,calm
2016-09-21,3.0479353681786434e-05,2.320596239394876e-05,calm
2016-09-22,2.11007092149613e-05,1.1696005493721547e-05,calm
2016-09-26,1.4725877483993535e-05,2.464059425376755e-05,calm
2016-09-27,2.159555497178176e-05,2.301518124293408e-05,calm
2016-09-28,2.1229221830470042e-05,4.629919727047816e-05,calm
2016-09-29,2.4299921503408806e-05,3.082941526653865e-05,calm
2016-10-03,3.021062975785857e-05,4.3308781808249256e-05,calm
2016-10-04,3.2572787677847385e-05,1.2280211270317902e-05,calm
2016-10-05,2.421626172401707e-05,1.774025656547172e-05,calm
2016-10-06,2.1048546623424224e-05,2.74157941623287e-05,calm
2016-10-10,2.2195719539190214e-05,3.422516253398621e-05,calm
2016-10-11,2.6995723028380333e-05,1.8305628748461104e-05,calm
2016-10-12,3.08403751084131e-05,3.793605936238357e-05,calm
2016-10-13,3.785874127002486e-05,2.6476063796525742e-05,calm
2016-10-17,3.8334760258194306e-05,1.6656376574742825e-05,calm
2016-10-18,3.0188258483908536e-05,7.419008937437337e-06,calm
2016-10-19,1.998967094350262e-05,2.933646960425307e-05,calm
2016-10-20,2.0714352217650176e-05,2.0314790640537784e-05,calm
2016-10-24,1.9741452730224515e-05,1.0436957101181183e-05,calm
2016-10-25,1.605400045534001e-05,2.291962845320422e-05,calm
2016-10-26,1.9204735312733812e-05,2.2815251791584925e-05,calm
2016-10-27,2.34624483746919e-05,5.8803994148997966e-05,calm
2016-10-31,3.6329225875957224e-05,1.4053857553146364e-05,calm
2016-11-01,3.5086202549035e-05,3.538076805489435e-05,calm
2016-11-02,4.490446355236827e-05,4.398327123570008e-05,calm
2016-11-03,5.104498150818146e-05,1.825675463840205e-05,calm
2016-11-04,5.4316003657829085e-05,3.1676612866815504e-05,calm
2016-11-07,5.4360858381863264e-05,5.81788346196305e-05,calm
2016-11-08,3.733608849176845e-05,3.161488857989053e-05,calm
2016-11-09,3.3997957963891576e-05,0.0001216853112382,calm
2016-11-10,2.9079852621686043e-05,0.0001126297926288,calm
2016-11-11,3.690714675596494e-05,3.143515896113161e-05,calm
2016-11-14,3.05001287715032e-05,2.735145203620469e-05,calm
2016-11-15,2.8400638845527483e-05,1.11279623108643e-05,calm
2016-11-16,1.9461561158020512e-05,1.4536616204313543e-05,calm
2016-11-17,1.8469262092818073e-05,6.825718147760081e-06,calm
2016-11-18,1.4724475423112689e-05,9.493052843207066e-06,calm
2016-11-21,1.3679088292628307e-05,9.257212610933407e-06,calm
2016-11-22,1.3140213005696107e-05,8.50623113178578e-06,calm
2016-11-23,1.3189296979168252e-05,7.503065640927057e-06,calm
2016-11-25,1.3136380409777413e-05,1.993045388154618e-06,calm
2016-11-28,1.0040836715472095e-05,9.72092895238111e-06,calm
2016-11-29,1.2382993318841745e-05,9.150174039960871e-06,calm
2016-11-30,1.3265913706812926e-05,2.8017222821861937e-05,calm
2016-12-01,1.8947469584479134e-05,2.1306747519352884e-05,calm
2016-12-02,2.306221140499084e-05,1.4623593397839818e-05,calm
2016-12-05,2.206165459082163e-05,8.43231556667906e-06,calm
2016-12-06,1.4852032243533274e-05,8.861215550129153e-06,calm
2016-12-07,1.2508958038465515e-05,2.268667047760707e-05,calm
2016-12-08,1.5539849320345e-05,1.6155961444061298e-05,calm
2016-12-09,1.7261359862452333e-05,8.397497332696216e-06,calm
2016-12-12,1.408898643162864e-05,1.4526868952010185e-05,calm
2016-12-13,1.616349793852043e-05,1.5207222411221524e-05,calm
2016-12-14,1.7222100284229758e-05,7.82849558983664e-05,calm
2016-12-15,2.865396506488241e-05,2.869014108279807e-05,calm
2016-12-16,2.6510736222544993e-05,2.1016833261276737e-05,calm
2016-12-19,2.203315426967336e-05,9.537053552497278e-06,calm
2016-12-20,1.6327442587826565e-05,8.155500508814728e-06,calm
2016-12-21,1.3660256654982746e-05,3.81966704921707e-06,calm
2016-12-22,1.05349643433154e-05,6.424925463570126e-06,calm
2016-12-23,1.049380618701179e-05,2.609473286644902e-06,calm
2016-12-27,8.73278769893259e-06,5.589826606184361e-06,calm
2016-12-28,9.57092970679816e-06,1.2391144492659291e-05,calm
2016-12-29,1.3132372200413433e-05,1.1561926881236435e-05,calm
2016-12-30,1.560506416517073e-05,2.2035693328963653e-05,calm
2017-01-03,2.0801516269005725e-05,3.530082554881368e-05,calm
2017-01-04,2.3093569405375027e-05,1.3258026097284536e-05,calm
2017-01-05,1.752896036711293e-05,1.178482830740815e-05,calm
2017-01-06,1.529148995056413e-05,1.4969657392208488e-05,calm
2017-01-09,1.5098616765658599e-05,8.063359033437074e-06,calm
2017-01-10,1.3524858224379738e-05,1.2563080178720623e-05,calm
2017-01-11,1.4127970255896025e-05,2.8820522383153456e-05,calm
2017-01-12,1.7810802066093535e-05,2.3747477731196367e-05,calm
2017-01-13,1.998773432894348e-05,8.459343076259831e-06,calm
2017-01-17,1.4428967792416827e-05,9.541272883018732e-06,calm
2017-01-18,1.462439527273288e-05,1.115529785092641e-05,calm
2017-01-19,1.5899530056286967e-05,1.5401237970675128e-05,calm
2017-01-20,1.7799720838829457e-05,2.0624291935011244e-05,calm
2017-01-23,1.6919088789703317e-05,1.831288575416317e-05,calm
2017-01-24,1.749678547654519e-05,7.742267073350394e-06,calm
2017-01-25,1.3412766439782933e-05,8.639567067979128e-06,calm
2017-01-26,1.217745923039566e-05,8.716921054753547e-06,calm
2017-01-27,1.1593141728081506e-05,6.599146181684205e-06,calm
2017-01-30,1.0682365055723008e-05,2.007743604567609e-05,calm
2017-01-31,1.5988746185080162e-05,1.7117882252420035e-05,calm
2017-02-01,1.789938248118759e-05,2.058079775677697e-05,calm
2017-02-02,1.8990229197696764e-05,1.6156560255120758e-05,calm
2017-02-03,1.8574178991791365e-05,8.04652559173343e-06,calm
2017-02-06,1.3722472539483496e-05,6.24749500737074e-06,calm
2017-02-07,1.2237552934806203e-05,7.596372125171352e-06,calm
2017-02-08,1.1775273779996507e-05,1.2176839872403404e-05,calm
2017-02-09,1.3093390286286001e-05,6.330125180114206e-06,calm
2017-02-10,1.0993300555510458e-05,4.6908385960384204e-06,calm
2017-02-13,9.697696533027594e-06,4.917305478029624e-06,calm
2017-02-14,9.402028338891928e-06,1.079192327125345e-05,calm
2017-02-15,1.0967227842455725e-05,9.0879428334082e-06,calm
2017-02-16,1.2910596279594079e-05,2.2197313332101e-05,calm
2017-02-17,1.6663241875312866e-05,8.14978238996161e-06,calm
2017-02-21,1.3804087726778284e-05,1.115227435658522e-05,calm
2017-02-22,1.3832222257429198e-05,6.905035815576451e-06,calm
2017-02-23,1.2441756416887231e-05,1.0676083468818336e-05,calm
2017-02-24,1.2962735533050576e-05,1.484820825386242e-05,calm
2017-02-27,1.4135672742760592e-05,8.364149569720683e-06,calm
2017-02-28,1.3664914509929664e-05,8.160604373456629e-06,calm
2017-03-01,1.4174831909321428e-05,1.423165281252227e-05,calm
2017-03-02,1.5238334553445328e-05,1.4972072555817631e-05,calm
2017-03-03,1.4879950758101028e-05,9.854526728551376e-06,calm
2017-03-06,1.252422803305831e-05,9.354071028511452e-06,calm
2017-03-07,1.223056658364666e-05,9.59480276521889e-06,calm
2017-03-08,1.246616406660435e-05,1.131798827708678e-05,calm
2017-03-09,1.3631357108758594e-05,1.2186180666889531e-05,calm
2017-03-10,1.497087834039603e-05,1.385892531857754e-05,calm
2017-03-13,1.4784533094941147e-05,5.461830069868128e-06,calm
2017-03-14,1.1468509458947682e-05,1.4428728694724083e-05,calm
2017-03-15,1.4517163879294305e-05,1.845940163264653e-05,calm
2017-03-16,1.5821123984353535e-05,1.0412375887641516e-05,calm
2017-03-17,1.3757163270258362e-05,6.386087516878014e-06,calm
2017-03-20,1.1744327402634337e-05,1.2038693008286105e-05,calm
2017-03-21,1.267021743552384e-05,4.198479801938434e-05,calm
2017-03-22,2.090664776620441e-05,2.873986723295791e-05,calm
2017-03-23,2.4329363561717665e-05,2.6084969089896136e-05,calm
2017-03-24,2.4703193617956944e-05,2.563312425962748e-05,calm
2017-03-27,2.3782226031849908e-05,2.173073494206829e-05,calm
2017-03-28,2.1435257881430258e-05,1.044726844515106e-05,calm
2017-03-29,1.5747027126690326e-05,8.98985543259254e-06,calm
2017-03-30,1.3570927380520203e-05,1.17465019184805e-05,calm
2017-04-03,1.391375529386386e-05,1.3100950098603844e-05,calm
2017-04-04,1.5901804833997315e-05,3.860427130308475e-05,calm
2017-04-05,2.082821187039523e-05,2.620642750159066e-05,calm
2017-04-06,2.449104240416854e-05,2.020967123305064e-05,calm
2017-04-10,2.1961025382710973e-05,3.173276335396676e-05,calm
2017-04-11,2.8374278653102484e-05,2.2844534550322504e-05,calm
2017-04-12,3.0724494008861724e-05,2.38872774601896e-05,calm
2017-04-17,3.170060116054262e-05,1.841060979573559e-05,calm
2017-04-18,2.496137090131792e-05,1.3064525717148812e-05,calm
2017-04-19,2.0644892030901033e-05,1.2627890397638288e-05,calm
2017-04-20,2.0084297199580405e-05,1.4473397003087707e-05,calm
2017-04-24,1.810102075112889e-05,7.227291713214016e-06,calm
2017-04-25,1.158465842780149e-05,2.2241304035310253e-05,calm
2017-04-26,1.3445504708323218e-05,1.07626100166163e-05,calm
2017-04-27,1.3072512084507713e-05,8.861551405906131e-06,calm
2017-05-01,1.1847343285080567e-05,5.837677226865868e-06,calm
2017-05-02,1.0219604781786242e-05,8.218916782662081e-06,calm
2017-05-03,1.0753544785956822e-05,1.367521899549252e-05,calm
2017-05-04,1.2649021062193433e-05,5.581949847931758e-06,calm
2017-05-08,1.0815398733047088e-05,6.504059435629894e-06,calm
2017-05-09,9.795429511416586e-06,4.802453281190964e-06,calm
2017-05-10,9.042278867572869e-06,1.158952216165951e-05,calm
2017-05-11,1.0833480318168132e-05,5.474865980580471e-06,calm
2017-05-15,1.0290821610981596e-05,7.586803050969945e-06,calm
2017-05-16,1.0413432772069463e-05,3.252463044860232e-05,calm
2017-05-17,1.5675690597155005e-05,4.333624274918461e-05,calm
2017-05-18,3.281814309827491e-05,1.3441363631925554e-05,calm
2017-05-22,2.5628162518966237e-05,5.317225716601514e-06,calm
2017-05-23,1.2404752094824655e-05,4.924107547085021e-06,calm
2017-05-24,9.533233652593545e-06,8.541006874870385e-06,calm
2017-05-25,9.47935553976893e-06,3.642491773618956e-06,calm
2017-05-30,8.26139583495646e-06,1.4444833948179025e-05,calm
2017-05-31,1.1122507496495621e-05,8.025300491823776e-06,calm
2017-06-01,1.1324116008620177e-05,7.170377215055924e-06,calm
2017-06-05,1.0536742304750764e-05,8.525341347402811e-06,calm
2017-06-06,1.0781283531602086e-05,8.590761982609548e-06,calm
2017-06-07,1.1265903147324628e-05,1.2969702552996304e-05,calm
2017-06-08,1.2612434129521488e-05,3.597250411329846e-05,calm
2017-06-12,1.736474571045771e-05,8.019608367875839e-06,calm
2017-06-13,1.5009708291648499e-05,2.0436335256390773e-05,calm
2017-06-14,1.570519506182843e-05,1.664885299917536e-05,calm
2017-06-15,1.5985673750121148e-05,1.1202471928335315e-05,calm
2017-06-19,1.4768929101718467e-05,1.0224699131574804e-05,calm
2017-06-20,1.3282825385562856e-05,1.2921542766538894e-05,calm
2017-06-21,1.4098020381223694e-05,7.233627910287446e-06,calm
2017-06-22,1.2431636141476139e-05,8.25680019504135e-06,calm
2017-06-26,1.1770764341240183e-05,1.953407818005006e-05,calm
2017-06-27,1.3895369693705043e-05,1.6327837153197737e-05,calm
2017-06-28,1.6101716576062485e-05,4.7791161373866496e-05,calm
2017-06-29,2.1012846167455373e-05,1.921835107404792e-05,calm
2017-07-05,2.082344170999935e-05,1.999703046341511e-05,calm
2017-07-06,1.9437187373178998e-05,9.219661441690568e-06,calm
2017-07-10,1.7105408249145616e-05,2.041884303077295e-05,calm
2017-07-11,1.736341654270284e-05,9.836286466070126e-06,calm
2017-07-12,1.4471964355240095e-05,4.753232310690548e-06,calm
2017-07-13,1.0852500720544123e-05,4.738712524362805e-06,calm
2017-07-17,9.402863520509139e-06,8.866225463259536e-06,calm
2017-07-18,1.0185539799422588e-05,3.930936263621172e-06,calm
2017-07-19,8.963936494061863e-06,8.155892610920884e-06,calm
2017-07-20,9.721316773182354e-06,4.650471052539611e-06,calm
2017-07-24,8.851589384494968e-06,3.939355455073604e-06,calm
2017-07-25,8.088029079735118e-06,5.843983180511742e-06,calm
2017-07-26,8.405220089033266e-06,2.626454240835038e-05,calm
2017-07-27,1.2568279572638949e-05,7.675756124414517e-06,calm
2017-07-31,1.1783551983747705e-05,6.852959625954329e-06,calm
2017-08-01,1.0900195983332599e-05,1.3243215086709916e-05,calm
2017-08-02,1.215467618598713e-05,7.124957786695563e-06,calm
2017-08-03,1.121140741812954e-05,7.718977368245543e-06,calm
2017-08-07,1.1006075425957422e-05,1.0657166552350724e-05,calm
2017-08-08,1.129117406979155e-05,1.826262794536436e-05,calm
2017-08-09,1.4561630190845085e-05,3.068419155357714e-05,calm
2017-08-10,1.8862992868754227e-05,1.6235490524315244e-05,calm
2017-08-14,2.785952659273413e-05,7.597027387428061e-06,calm
2017-08-15,1.5599637012104826e-05,9.602566942447369e-06,calm
2017-08-16,1.3065215971198868e-05,3.21140013636011e-05,calm
2017-08-17,1.7192025503848213e-05,2.912622168032675e-05,calm
2017-08-21,2.711059027474156e-05,1.1059448213068393e-05,calm
2017-08-22,1.868425648559359e-05,1.1210745665674774e-05,calm
2017-08-23,1.3771498827317496e-05,1.6657840209925543e-05,calm
2017-08-24,1.5319768610799268e-05,1.240530735094806e-05,calm
2017-08-28,1.5117698796672756e-05,9.14134822030488e-06,calm
2017-08-29,1.2886963307736918e-05,7.94708805665742e-06,calm
2017-08-30,1.2128057250930213e-05,8.27995494714268e-06,calm
2017-08-31,1.1592945933002541e-05,6.812995408461733e-06,calm
2017-09-05,1.0508670944762183e-05,7.194976454707857e-06,calm
2017-09-06,1.1557922856763516e-05,1.2168437608919624e-05,calm
2017-09-07,1.2925280595775475e-05,6.872057016941768e-06,calm
2017-09-11,1.1747922984046274e-05,4.604428305690069e-06,calm
2017-09-12,9.649618266029561e-06,3.4559374748527843e-06,calm
2017-09-13,8.366044565768242e-06,4.198882458671138e-06,calm
2017-09-14,8.173701917694947e-06,3.5608100012003555e-06,calm
2017-09-18,7.876057735385978e-06,4.386818036639344e-06,calm
2017-09-19,7.926122091879163e-06,1.0201951351476597e-05,calm
2017-09-20,9.610946568776612e-06,7.743973112850879e-06,calm
2017-09-21,9.80751167397447e-06,3.481922266008804e-06,calm
2017-09-25,8.510712342623895e-06,6.559197722896502e-06,calm
2017-09-26,9.197569354712936e-06,1.1001876570215672e-05,calm
2017-09-27,1.0762376398397035e-05,5.151294935902915e-06,calm
2017-09-28,9.61628249544892e-06,4.896712048314635e-06,calm
2017-10-02,8.881038535552936e-06,4.274704580519075e-06,calm
2017-10-03,8.347474215862985e-06,5.115843528488577e-06,calm
2017-10-04,8.450527561354396e-06,4.0123077997400185e-06,calm
2017-10-05,8.168334643138784e-06,4.670294476407286e-06,calm
2017-10-09,8.094709985513646e-06,7.180574169401431e-06,calm
2017-10-10,9.354916603917904e-06,3.4645731406485937e-06,calm
2017-10-11,8.457337308065668e-06,3.947287258453006e-06,calm
2017-10-12,8.117949908771305e-06,3.566298547099304e-06,calm
2017-10-16,7.862140790965141e-06,2.342903383090148e-06,calm
2017-10-17,7.194891480654455e-06,3.0866777809557538e-06,calm
2017-10-18,7.316411997596155e-06,5.472727319487298e-06,calm
2017-10-19,8.096040736604956e-06,4.282498494816701e-06,calm
2017-10-23,8.147770843389292e-06,6.354013627900999e-06,calm
2017-10-24,9.260033009453292e-06,2.205369649753281e-05,calm
2017-10-25,1.3294780886329952e-05,1.2439427969827716e-05,calm
2017-10-26,1.3777269513862869e-05,1.2852335898770177e-05,calm
2017-10-30,1.40259412513977e-05,1.0190473770679576e-05,calm
2017-10-31,1.2795556308276597e-05,3.844075565737857e-06,calm
2017-11-01,9.585780955375269e-06,9.89368395522742e-06,calm
2017-11-02,1.0543708495347035e-05,1.6102995433989458e-05,calm
2017-11-03,1.2551630387736537e-05,4.471086574744166e-06,calm
2017-11-06,9.551701994228467e-06,3.08508695023499e-06,calm
2017-11-07,8.003984891018942e-06,8.325939854062812e-06,calm
2017-11-08,9.410411386722415e-06,5.652371085663188e-06,calm
2017-11-09,9.275619386235572e-06,2.767443583524494e-05,calm
2017-11-10,1.4393544356420623e-05,6.876456679156106e-06,calm
2017-11-13,1.2813750847474804e-05,4.789063194644555e-06,calm
2017-11-14,1.0918028980817584e-05,1.9274928979575017e-05,calm
2017-11-15,1.4393342898164308e-05,2.2325419200682783e-05,calm
2017-11-16,1.919344125290629e-05,8.051411632137276e-06,calm
2017-11-17,1.4400741908171568e-05,5.4455940880412325e-06,calm
2017-11-20,1.1222068505565267e-05,4.597282928434352e-06,calm
2017-11-21,9.396099796947647e-06,4.813483210377632e-06,calm
2017-11-22,8.490181380699724e-06,2.818742482927139e-06,calm
2017-11-24,7.5055070727731105e-06,1.218059268025056e-06,calm
2017-11-27,6.186907825196319e-06,4.6620195125725e-06,calm
2017-11-28,7.0778282375353655e-06,1.1049063256237762e-05,calm
2017-11-29,9.35035273417916e-06,1.6148250139225744e-05,calm
2017-11-30,1.2311242388727404e-05,2.732316514645123e-05,calm
2017-12-01,1.7275358842697334e-05,8.878526153603566e-05,calm
2017-12-04,2.817964875402486e-05,2.2659116198128083e-05,calm
2017-12-05,2.3754005060819504e-05,1.636164890858776e-05,calm
2017-12-06,1.861892560447118e-05,1.3038106015238966e-05,calm
2017-12-07,1.5539568890175573e-05,8.912262992352853e-06,calm
2017-12-08,1.229905152870256e-05,7.157952923588582e-06,calm
2017-12-11,1.033356111765239e-05,6.28610596713131e-06,calm
2017-12-12,9.391463385447091e-06,6.536597935707063e-06,calm
2017-12-13,9.660086059418654e-06,1.2149563391690132e-05,calm
2017-12-14,1.1685564838695318e-05,1.1651827415373304e-05,calm
2017-12-15,1.294191348439321e-05,1.2545611847702714e-05,calm
2017-12-18,1.2462789032420613e-05,8.446383803682566e-06,calm
2017-12-19,1.1369508421049074e-05,8.499256965557588e-06,calm
2017-12-20,1.1409957344035022e-05,1.3496620660201293e-05,calm
2017-12-21,1.250764439176102e-05,8.027997619826864e-06,calm
2017-12-22,1.1372312386006937e-05,4.40157794917856e-06,calm
2017-12-26,9.573891682514661e-06,3.030899041887512e-06,calm
2017-12-27,8.281519518870292e-06,2.709995458511272e-06,calm
2017-12-28,7.582060373414253e-06,1.600500283502711e-06,calm
2017-12-29,6.42213623995055e-06,6.703570866219266e-06,calm
2018-01-02,8.21176569103034e-06,6.614951624958542e-06,calm
2018-01-03,8.59283813379282e-06,5.71847519323922e-06,calm
2018-01-04,8.295406160625919e-06,7.308547842727639e-06,calm
2018-01-05,8.790546071987384e-06,7.888586235726555e-06,calm
2018-01-08,9.324232909651693e-06,6.09844119244572e-06,calm
2018-01-09,9.255647462432833e-06,1.0587500304570517e-05,calm
2018-01-10,1.0866226218250997e-05,1.1667978354241348e-05,calm
2018-01-11,1.1761903515871852e-05,6.977268385323447e-06,calm
2018-01-12,1.0744123453520304e-05,1.0305350153288946e-05,calm
2018-01-16,1.1505802543332961e-05,3.171103484184363e-05,calm
2018-01-17,1.8261661946611277e-05,1.7473471234424658e-05,calm
2018-01-18,1.899362203841495e-05,2.141279362261225e-05,calm
2018-01-19,2.0101940053096434e-05,1.2927845371988949e-05,calm
2018-01-22,1.6206758089339144e-05,1.2361764689323807e-05,calm
2018-01-23,1.4440524375058634e-05,1.0516214125313828e-05,calm
2018-01-24,1.3446424953064548e-05,3.761788161072697e-05,calm
2018-01-25,1.9357973711425892e-05,3.039692870677867e-05,calm
2018-01-26,2.203466948460799e-05,9.102114425420824e-06,calm
2018-01-29,1.5568093066018956e-05,2.2349371869295257e-05,calm
2018-01-30,2.1703169314320263e-05,3.4929776497839115e-05,calm
2018-01-31,2.9861814878866774e-05,3.271678149527722e-05,calm
2018-02-01,2.858115638504793e-05,3.341903194596238e-05,calm
2018-02-02,2.764846090715495e-05,7.015573151725725e-05,calm
2018-02-05,5.031510802408764e-05,0.0004551799233295,calm
2018-02-06,0.00045430075701935826,0.0006652118347677,calm
2018-02-07,0.0003794981292123662,0.0001972164402289,calm
2018-02-08,0.00019459155852418256,0.000364028297806,calm
2018-02-09,0.0003542988236797522,0.0006393205842826,calm
2018-02-12,0.00030423499328864075,0.0001658825181395,calm
2018-02-13,0.00015756583776999766,7.113636897879899e-05,calm
2018-02-14,0.00011274434850974238,9.89923055024988e-05,calm
2018-02-15,7.302135820792489e-05,7.355126662727743e-05,calm
2018-02-16,6.429505293487094e-05,7.211206530778424e-05,calm
2018-02-20,6.615214058526714e-05,5.786675576998364e-05,calm
2018-02-21,6.925171393015241e-05,7.737946210594005e-05,calm
2018-02-22,6.989424346938863e-05,9.652090932117766e-05,calm
2018-02-23,6.66734495377226e-05,4.30592984360934e-05,calm
2018-02-26,4.3709369877939445e-05,3.1198675427699144e-05,calm
2018-02-27,3.361256720136748e-05,8.018621425927186e-05,calm
2018-02-28,5.563710903131354e-05,7.684882115591153e-05,calm
2018-03-01,7.286063987692828e-05,0.0002355839938478,calm
2018-03-02,0.00013140911631005664,0.0001190283660968,calm
2018-03-05,9.494703822364237e-05,5.8839391575838e-05,calm
2018-03-06,6.556687321281498e-05,4.5990117960412656e-05,calm
2018-03-07,5.422827719189574e-05,4.697114005697994e-05,calm
2018-03-08,4.8957924240923045e-05,4.3424621822541743e-05,calm
2018-03-09,4.184228055855761e-05,1.431971019703371e-05,calm
2018-03-12,2.4449021515977696e-05,2.8399877176607223e-05,calm
2018-03-13,2.7142259808451935e-05,4.9113389469572345e-05,calm
2018-03-14,3.658525139433001e-05,6.596320011655736e-05,calm
2018-03-15,4.902256346975472e-05,2.947954790915389e-05,calm
2018-03-16,3.8853192276107466e-05,1.8657054776395223e-05,calm
2018-03-19,2.7975029787640513e-05,6.32718404727625e-05,calm
2018-03-20,4.8458681975216956e-05,3.359572098801225e-05,calm
2018-03-21,4.422216388750621e-05,6.197007099274223e-05,calm
2018-03-22,4.738705059062395e-05,0.0001147312858884,calm
2018-03-23,9.942080589433562e-05,0.0001544169488096,calm
2018-03-26,0.000141288961032099,0.000176556349365,calm
2018-03-27,0.00010438701935769584,0.0002688692630993,calm
2018-03-28,0.0001359619341790681,9.621811814917288e-05,calm
2018-04-02,0.00011458193670744833,0.0001788462002333,calm
2018-04-03,0.0001369835881306791,0.0001308391634871,calm
2018-04-04,0.00010541867669367133,8.622249476007186e-05,calm
2018-04-05,8.118657695483977e-05,0.000134196094826,calm
2018-04-09,8.229128570235639e-05,0.0001106799023618,calm
2018-04-10,0.00011064882008277434,7.535300253347774e-05,calm
2018-04-11,8.628901068903137e-05,4.996598321838943e-05,calm
2018-04-12,6.967873028361424e-05,6.225191328259691e-05,calm
2018-04-16,5.863306452848545e-05,1.6500104238470782e-05,calm
2018-04-17,3.179282871563317e-05,2.258786574667965e-05,calm
2018-04-18,2.484381447284064e-05,3.606030958477396e-05,calm
2018-04-19,2.8898510024636738e-05,5.216582244584812e-05,calm
2018-04-23,3.73632528606173e-05,0.0001407534082741,calm
2018-04-24,5.852961087495e-05,0.0001005632290713,calm
2018-04-25,7.429846588209046e-05,3.784146714232963e-05,calm
2018-04-26,5.510564518599571e-05,3.349606704611639e-05,calm
2018-04-30,3.9505695086603166e-05,4.747248022629809e-05,calm
2018-05-01,3.922010060623338e-05,4.787963713161233e-05,calm
2018-05-02,3.8720465885472773e-05,0.0001010027703401,calm
2018-05-03,5.234208335698975e-05,4.463663451205776e-05,calm
2018-05-07,4.544528266212718e-05,4.524455803516075e-05,calm
2018-05-08,3.8077000958202676e-05,2.9659279793236104e-05,calm
2018-05-09,3.253595672476986e-05,2.010849529280787e-05,calm
2018-05-10,2.4061320158332942e-05,2.0617447204891485e-05,calm
2018-05-14,2.2433921413334846e-05,3.939174727281433e-05,calm
2018-05-15,2.683425869226644e-05,1.61998087489785e-05,calm
2018-05-16,2.5313263547921974e-05,1.980609056514736e-05,calm
2018-05-17,2.2877209534885317e-05,2.127363185940765e-05,calm
2018-05-21,2.274965445266424e-05,1.421697742964394e-05,calm
2018-05-22,1.955293616387553e-05,2.8522418571391115e-05,calm
2018-05-23,2.3260987348861823e-05,3.2755518112654295e-05,calm
2018-05-24,2.5212665430874047e-05,1.6197009873600785e-05,calm
2018-05-29,2.0861790205193484e-05,2.1225392793408687e-05,calm
2018-05-30,3.0233474627539226e-05,4.003025152578256e-05,calm
2018-05-31,3.344089626394521e-05,2.009443308400909e-05,calm
2018-06-04,2.8558322732833405e-05,1.6125956049530178e-05,calm
2018-06-05,1.966139264238841e-05,1.5098667468390588e-05,calm
2018-06-06,1.7006886894357725e-05,2.9526820758843683e-05,calm
2018-06-07,1.9466376301007942e-05,1.3072953972051688e-05,calm
2018-06-11,1.7334935613900218e-05,8.469779576886225e-06,calm
2018-06-12,1.4678135531904458e-05,1.6929324875534576e-05,calm
2018-06-13,1.6722798949909527e-05,1.1211965779949244e-05,calm
2018-06-14,1.652503468872238e-05,2.5513147656398672e-05,calm
2018-06-18,1.9482044058751457e-05,2.156809256993061e-05,calm
2018-06-19,2.050304278754292e-05,8.010943352619005e-06,calm
2018-06-20,1.650160537363038e-05,3.0362929554109723e-05,calm
2018-06-21,2.069039706125371e-05,1.526536110131513e-05,calm
2018-06-25,2.2445373721802934e-05,2.898905200072649e-05,calm
2018-06-26,3.425268821213497e-05,7.422572422614897e-05,calm
2018-06-27,4.300376938956621e-05,5.787980432085696e-05,calm
2018-06-28,5.270329764144507e-05,2.4756918927332547e-05,calm
2018-07-02,3.6705984125243295e-05,1.4196731639339e-05,calm
2018-07-05,2.3727998001251035e-05,2.2771367019504736e-05,calm
2018-07-09,2.2212007192233378e-05,1.1413431824406982e-05,calm
2018-07-10,1.5098097417244041e-05,1.942270107970797e-05,calm
2018-07-11,1.57238971088739e-05,1.653476145784446e-05,calm
2018-07-12,1.771687711069848e-05,9.407491987610213e-06,calm
2018-07-16,1.4382913603559316e-05,1.2264668832116362e-05,calm
2018-07-17,1.4585851818432727e-05,5.991402370987766e-06,calm
2018-07-18,1.158110383280819e-05,1.5393012576390907e-05,calm
2018-07-19,1.3549976350072746e-05,9.524884436916564e-06,calm
2018-07-23,1.4058054621799901e-05,2.1146940703454864e-05,calm
2018-07-24,1.7135298831923516e-05,2.178914876628423e-05,calm
2018-07-25,1.8790963979931016e-05,1.193431253459892e-05,calm
2018-07-26,1.625155499502876e-05,3.067783781486831e-05,calm
2018-07-30,1.9821268504146267e-05,1.923819402508662e-05,calm
2018-07-31,2.2484649669788906e-05,1.1862521679934258e-05,calm
2018-08-01,1.7629890573416224e-05,1.4204832295020936e-05,calm
2018-08-02,1.710000603855662e-05,9.043144868161178e-06,calm
2018-08-06,1.4024546464610379e-05,8.975279272696583e-06,calm
2018-08-07,1.2216567854334651e-05,7.626604472685813e-06,calm
2018-08-08,1.1090476629735467e-05,7.5290472724648515e-06,calm
2018-08-09,1.0732711581702353e-05,2.287484759334325e-05,calm
2018-08-13,1.4820487671689342e-05,1.7785372736627628e-05,calm
2018-08-14,2.0942236075765175e-05,4.493497828651328e-05,calm
2018-08-15,2.6813500576219634e-05,1.637066864741043e-05,calm
2018-08-16,2.4159010283879424e-05,1.750479894701991e-05,calm
2018-08-20,2.0547656704334207e-05,8.955606977887712e-06,calm
2018-08-21,1.5027328498552338e-05,9.847143313368516e-06,calm
2018-08-22,1.4049093055483245e-05,1.2849475604154614e-05,calm
2018-08-23,1.4212939972632052e-05,8.778607505618296e-06,calm
2018-08-27,1.3293320554513407e-05,9.343115575934486e-06,calm
2018-08-28,1.2904293878520037e-05,6.731406980853608e-06,calm
2018-08-29,1.2084467641032016e-05,2.0100691969823984e-05,calm
2018-08-30,1.5302233042660504e-05,1.4892996244859516e-05,calm
2018-09-04,1.746454449080875e-05,3.5053643854095e-05,calm
2018-09-05,2.252664740017725e-05,3.489150337542833e-05,calm
2018-09-06,2.7088647448097646e-05,3.814183321768991e-05,calm
2018-09-10,3.1565742422572835e-05,1.472110611614496e-05,calm
2018-09-11,2.3438879200916418e-05,2.4884567411449644e-05,calm
2018-09-12,2.169761692854315e-05,1.2726204387781622e-05,calm
2018-09-13,1.7934132154097847e-05,1.2757677608114882e-05,calm
2018-09-17,1.5421861290784123e-05,1.4245041404083616e-05,calm
2018-09-18,1.730171259267537e-05,1.063457610737335e-05,calm
2018-09-19,1.51477763190113e-05,8.311673890179496e-06,calm
2018-09-20,1.2327990341785445e-05,6.777642726152144e-06,calm
2018-09-24,1.1097770523601807e-05,8.021425312253984e-06,calm
2018-09-25,1.1545972151837518e-05,2.3740820653048544e-05,calm
2018-09-26,1.6029442556878417e-05,9.74386359942428e-06,calm
2018-09-27,1.541764587111766e-05,1.1656450480853398e-05,calm
2018-10-01,1.4768714787394418e-05,1.5789160675991803e-05,calm
2018-10-02,1.52950254832459e-05,1.610845094820653e-05,calm
2018-10-03,1.6016527527617885e-05,4.413037786646963e-05,calm
2018-10-04,2.1100202997673448e-05,4.2350197050377066e-05,calm
2018-10-08,3.1356401896139065e-05,4.212508379178483e-05,calm
2018-10-09,3.9494244965487976e-05,0.0001483015168757,calm
2018-10-10,5.920883226124292e-05,0.0003819383668723,calm
2018-10-11,0.00017534688328537854,0.0001981396788324,calm
2018-10-15,0.00018682425973227002,4.6229122638354096e-05,calm
2018-10-16,8.229091254954048e-05,0.0001059740238844,calm
2018-10-17,6.49044313267761e-05,0.0001256818832433,calm
2018-10-18,6.957979670864668e-05,8.80717567564226e-05,calm
2018-10-22,8.219087222574342e-05,0.0001286478708651,calm
2018-10-23,9.15978862446593e-05,0.0001776456907556,calm
2018-10-24,0.00011528322097088954,0.0001010515723094,calm
2018-10-25,0.0001448483366678788,0.0003221444567771,calm
2018-10-29,0.0001833017762432212,0.0003020764729368,calm
2018-10-30,0.0001977075927956867,0.0002369290928385,calm
2018-10-31,0.0001682902594743485,8.267753088956122e-05,calm
2018-11-01,0.00010339277042570063,6.926351424220781e-05,calm
2018-11-02,7.643079070292097e-05,0.0001625799095452,calm
2018-11-05,9.664274859942294e-05,3.526037727885601e-05,calm
2018-11-06,6.661636333106338e-05,3.699906255462284e-05,calm
2018-11-07,5.729779400416827e-05,4.081668561237299e-05,calm
2018-11-08,4.168607055201e-05,4.4635716622966265e-05,calm
2018-11-09,4.1306984218722934e-05,5.518134697250357e-05,calm
2018-11-12,4.7593736244316946e-05,9.255630065272847e-05,calm
2018-11-13,7.724153160596117e-05,0.0001678628106496,calm
2018-11-14,0.0001004588444131375,0.0001279313287046,calm
2018-11-15,0.0001123270368558795,0.0001864117526916,calm
2018-11-16,0.0001122648289892888,8.18173872137005e-05,calm
2018-11-19,7.579366659133054e-05,0.0001150169734721,calm
2018-11-20,9.411082982343355e-05,0.00018558809343,calm
2018-11-21,0.00014058606023041,3.7224155417686575e-05,calm
2018-11-23,7.45803409774064e-05,2.5933451961723595e-05,calm
2018-11-26,5.8583192499646816e-05,5.437867057759013e-05,calm
2018-11-27,5.2146446033926236e-05,6.372690297495023e-05,calm
2018-11-28,5.615486301552732e-05,8.900977788165231e-05,calm
2018-11-29,6.252380828904882e-05,4.564721364675897e-05,calm
2018-11-30,5.516967326945609e-05,2.767887935184395e-05,calm
2018-12-03,4.167721973008673e-05,6.643940999694947e-05,calm
2018-12-04,4.348847590491162e-05,0.0001392376408075,calm
2018-12-06,8.998414588963394e-05,0.0002403845847243,calm
2018-12-07,0.00012861799189435667,0.0002527775982023,calm
2018-12-10,0.00016701844153265295,0.0003018428112379,calm
2018-12-11,0.0001705080196170553,0.0001643873544086,calm
2018-12-12,0.00013468642427599622,9.282158360717827e-05,calm
2018-12-13,0.00010653204388590635,0.0001091534493643,calm
2018-12-14,9.856100184913496e-05,0.0001096802923251,calm
2018-12-17,0.00010653163906343855,0.0001512170086518,calm
2018-12-18,0.00015369581057336884,0.0001686396469448,calm
2018-12-19,0.00017520596736009578,0.0006539019029923,calm
2018-12-20,0.0002500515617218727,0.0004018814208597,calm
2018-12-21,0.00029282305977091234,0.0003524798741646,calm
2018-12-24,0.00031790502691987773,0.0002260503233298,calm
2018-12-26,0.00042995330197208043,0.0004178136887276,calm
2018-12-27,0.0003019619337076311,0.0004643961519002,calm
2018-12-28,0.0003024333555976328,0.0002105675308974,calm
2018-12-31,0.0002214862314171069,0.0001258257144179,calm
2019-01-02,0.0001490980321638942,0.0001668253479766,calm
2019-01-03,0.0001298750023570097,0.0002587113321085,calm
2019-01-04,0.0001822062634921422,0.0001645285173802,calm
2019-01-07,0.00011912115478001059,8.030980974785394e-05,calm
2019-01-08,9.441768794293481e-05,0.0001052644650267,calm
2019-01-09,9.008861480618947e-05,7.801788473840017e-05,calm
2019-01-10,7.900970071359835e-05,6.492440384048161e-05,calm
2019-01-11,6.923831443983661e-05,3.468394301253793e-05,calm
2019-01-14,4.84223559218538e-05,4.09595854650613e-05,calm
2019-01-15,4.959690028208292e-05,5.340043197228902e-05,calm
2019-01-16,5.1409280558723736e-05,2.770195188227369e-05,calm
2019-01-17,4.4183052817555126e-05,5.893762478047133e-05,calm
2019-01-18,4.809484646214922e-05,4.0144172880598936e-05,calm
2019-01-22,4.38531801962981e-05,8.780514065108032e-05,calm
2019-01-23,7.150140027099183e-05,6.593254023523633e-05,calm
2019-01-24,6.573846451743705e-05,3.2706566708394006e-05,calm
2019-01-25,4.745729398209423e-05,2.250399193358918e-05,calm
2019-01-28,3.301143827798529e-05,6.213898471280582e-05,calm
2019-01-29,4.632879698758856e-05,3.662907017836939e-05,calm
2019-01-30,4.5587334963519e-05,7.509750023112143e-05,calm
2019-01-31,4.9198349716704284e-05,4.1500860666368855e-05,calm
2019-02-01,3.971849622906328e-05,4.199372771820832e-05,calm
2019-02-04,3.656876695524675e-05,2.507437133470585e-05,calm
2019-02-05,2.980660774920169e-05,1.7727278297650365e-05,calm
2019-02-06,2.4589863489594397e-05,2.102748338479428e-05,calm
2019-02-07,2.3835328387796412e-05,6.599110406731149e-05,calm
2019-02-08,3.787640195495337e-05,3.2914284912599464e-05,calm
2019-02-11,3.4604582256850844e-05,2.553217394982135e-05,calm
2019-02-12,3.110588760273864e-05,2.0570622976763845e-05,calm
2019-02-13,2.636536988118143e-05,1.9755869959153703e-05,calm
2019-02-14,2.490988747093521e-05,4.428795066043402e-05,calm
2019-02-15,3.3243866591156114e-05,2.071402405687916e-05,calm
2019-02-19,2.6227722217049794e-05,1.1950575613738447e-05,calm
2019-02-20,1.998887049011341e-05,2.514542621268149e-05,calm
2019-02-21,2.0809864724449492e-05,2.272265582400513e-05,calm
2019-02-22,2.2363319168125393e-05,1.4473439647915826e-05,calm
2019-02-25,1.861623683136729e-05,1.5239956908093902e-05,calm
2019-02-26,2.009581197922286e-05,2.644040039318712e-05,calm
2019-02-27,2.4662290761724422e-05,2.3039010436822018e-05,calm
2019-02-28,2.4448092397141798e-05,1.5511555138740784e-05,calm
2019-03-01,2.1824827562832355e-05,2.4135830431795576e-05,calm
2019-03-04,2.1044610988474723e-05,5.940186593650029e-05,calm
2019-03-05,3.13443361757101e-05,2.4235784820175425e-05,calm
2019-03-06,2.841975462854617e-05,2.616778056911092e-05,calm
2019-03-07,2.9957742454896887e-05,4.802754343421124e-05,calm
2019-03-08,3.870829340314334e-05,5.227404082347487e-05,calm
2019-03-11,4.036200892509817e-05,1.896441892981445e-05,calm
2019-03-12,2.5602899264371772e-05,2.126787074109617e-05,calm
2019-03-13,2.1689337576328357e-05,1.7641207956350988e-05,calm
2019-03-14,1.9251879748190796e-05,1.3265116182026764e-05,calm
2019-03-15,1.7423461494371427e-05,1.7821691152403773e-05,calm
2019-03-18,1.748520283544796e-05,1.7932445034055174e-05,calm
2019-03-19,1.8496625504471204e-05,4.908176167438477e-05,calm
2019-03-20,2.7243103028170505e-05,6.297439459653093e-05,calm
2019-03-21,3.5497699646178885e-05,2.6906450338502708e-05,calm
2019-03-22,2.9128397575696885e-05,8.70143017837112e-05,calm
2019-03-25,5.291907116285545e-05,7.523799956294942e-05,calm
2019-03-26,5.568819634289375e-05,4.537807081026542e-05,calm
2019-03-27,3.949789410401584e-05,5.563405669048456e-05,calm
2019-03-28,4.107247760705605e-05,2.7382233160932063e-05,calm
2019-03-29,3.0664015344768245e-05,2.362094297605962e-05,calm
2019-04-01,2.4748553437045535e-05,1.3105025409360363e-05,calm
2019-04-02,1.8925300162875477e-05,1.686467840406591e-05,calm
2019-04-03,1.8691146529631552e-05,1.975498008778704e-05,calm
2019-04-04,2.0700316790573037e-05,9.35930464116955e-06,calm
2019-04-08,1.6961873296746237e-05,2.2462168515747017e-05,calm
2019-04-09,1.9544064311107185e-05,1.0028182177471996e-05,calm
2019-04-10,1.8427245337214833e-05,1.2515713436184244e-05,calm
2019-04-11,1.6817003583230072e-05,1.1817480991767444e-05,calm
2019-04-15,1.5710440120459402e-05,1.0526727704282431e-05,calm
2019-04-16,1.398799187773096e-05,1.730532931481047e-05,calm
2019-04-17,1.551262773744709e-05,1.3117969424760523e-05,calm
2019-04-22,1.5902524510279872e-05,1.3576240500851447e-05,calm
2019-04-23,1.5865320561536833e-05,1.0800234974915144e-05,calm
2019-04-24,1.469716124994842e-05,2.902328722285359e-05,calm
2019-04-25,2.055337027588761e-05,1.547226773012098e-05,calm
2019-04-29,1.9539461425740123e-05,1.7567096484939778e-05,calm
2019-04-30,1.934874413455758e-05,3.397951059730998e-05,calm
2019-05-01,2.3581599234088484e-05,4.40206705474332e-05,calm
2019-05-02,3.1899559241894303e-05,1.2596988664457823e-05,calm
2019-05-06,2.2721959642690526e-05,0.0001032199177762,calm
2019-05-07,4.086858081333589e-05,4.7243118843934905e-05,calm
2019-05-08,5.513376540196241e-05,0.0001004886189159,calm
2019-05-09,6.968603340625499e-05,0.0001064546189021,calm
2019-05-13,7.394698252214707e-05,5.259654062131538e-05,calm
2019-05-14,6.734028378921487e-05,5.082868843501586e-05,calm
2019-05-15,5.005482107930697e-05,2.945001272015039e-05,calm
2019-05-16,3.432948869793298e-05,5.314382901115532e-05,calm
2019-05-20,3.405154686879239e-05,1.7285222806834182e-05,calm
2019-05-21,2.6905118158735482e-05,1.9454712809871885e-05,calm
2019-05-22,2.2515579805964247e-05,6.036974802537541e-05,calm
2019-05-23,3.082489343246629e-05,2.786128815786744e-05,calm
2019-05-28,3.377673862036597e-05,7.085343977751259e-05,calm
2019-05-29,4.750934764401612e-05,3.571958869288087e-05,calm
2019-05-30,4.389204589803661e-05,4.60766889648562e-05,calm
2019-06-03,4.248041232221398e-05,4.2782735705413526e-05,calm
2019-06-04,4.701910635881544e-05,4.040021247038711e-05,calm
2019-06-05,3.9629232943796545e-05,3.631495686227189e-05,calm
2019-06-06,3.451844560612664e-05,3.423559994746755e-05,calm
2019-06-10,3.268598019946878e-05,3.490024249742831e-05,calm
2019-06-11,3.266045946868501e-05,1.814033607684509e-05,calm
2019-06-12,2.6613548493292137e-05,2.683158334355361e-05,calm
2019-06-13,2.7303546173549285e-05,1.912292301386122e-05,calm
2019-06-17,2.481735252943153e-05,3.681001397393642e-05,calm
2019-06-18,2.8406961805244595e-05,3.21078105099889e-05,calm
2019-06-19,2.9072681759079233e-05,2.714099091381327e-05,calm
2019-06-20,2.637441162803572e-05,1.7202974350033096e-05,calm
2019-06-24,2.2999583133014675e-05,2.873537073500063e-05,calm
2019-06-25,2.6247806890766698e-05,2.102663760894733e-05,calm
2019-06-26,2.7003317910484754e-05,1.3104702028366556e-05,calm
2019-06-27,2.2671372274466442e-05,9.943580798373684e-06,calm
2019-07-01,1.8585652134793875e-05,2.3478002859429457e-05,calm
2019-07-02,1.944516422121062e-05,4.697047250172807e-06,calm
2019-07-08,1.2646481922798652e-05,7.449747467573047e-06,calm
2019-07-09,1.260053608113813e-05,2.07908372817478e-05,calm
2019-07-10,1.6819375525066307e-05,1.0046560624089676e-05,calm
2019-07-11,1.491432776355419e-05,5.162526014713094e-06,calm
2019-07-15,1.1284001806032058e-05,1.1211932110585954e-05,calm
2019-07-16,1.2370241747439058e-05,1.48283459510587e-05,calm
2019-07-17,1.4455527915201996e-05,1.562226177776598e-05,calm
2019-07-18,1.7408150493999715e-05,2.512128168713926e-05,calm
2019-07-22,2.04598015460962e-05,1.4335776887564914e-05,calm
2019-07-23,1.851453226994299e-05,8.753692128270211e-06,calm
2019-07-24,1.4180664102896701e-05,2.3172848952208548e-05,calm
2019-07-25,1.6337701303264565e-05,6.093366842320574e-06,calm
2019-07-29,1.2896990629392068e-05,1.6922286142658608e-05,calm
2019-07-30,1.5508081827080113e-05,7.345354521941546e-05,calm
2019-07-31,2.9705417227971787e-05,0.0001996619929246,calm
2019-08-01,6.432286244008171e-05,7.497106558483183e-05,calm
2019-08-05,6.887471755845942e-05,0.0001019194984869,calm
2019-08-06,0.0001327722707629157,0.0001796903412615,calm
2019-08-07,0.00010105562638644968,3.606328170118972e-05,calm
2019-08-08,5.750307597018235e-05,7.883650088058323e-05,calm
2019-08-12,4.9903922104504853e-05,0.000209593892745,calm
2019-08-13,0.00010771937524548726,0.0001298435058053,calm
2019-08-14,7.621360007839183e-05,9.471466183743376e-05,calm
2019-08-15,0.00010549056396235157,4.698525799930084e-05,calm
2019-08-19,7.538106177620999e-05,3.3853321842745626e-05,calm
2019-08-20,3.9119821109985516e-05,1.3320721431842305e-05,calm
2019-08-21,2.8266096662596923e-05,5.1665225158630334e-05,calm
2019-08-22,3.1528303547948435e-05,0.0002320061666315,calm
2019-08-26,6.457686931879596e-05,5.549093571483972e-05,calm
2019-08-27,7.254442603317067e-05,3.898577156381297e-05,calm
2019-08-28,6.656089849526923e-05,4.2825722812424014e-05,calm
2019-08-29,5.5501705291736895e-05,3.160548515500316e-05,calm
2019-09-03,4.065562942525005e-05,1.265979841420094e-05,calm
2019-09-04,3.500463071354316e-05,2.1469383850037155e-05,calm
2019-09-05,2.7202349421341784e-05,1.5298727793750398e-05,calm
2019-09-09,2.1124679242150467e-05,3.925456486967616e-05,calm
2019-09-10,2.4045275238352574e-05,1.512477472425608e-05,calm
2019-09-11,2.0591194102709427e-05,3.3003247142837e-05,calm
2019-09-12,2.3164112142707115e-05,1.4888719088927452e-05,calm
2019-09-16,1.9268687382704778e-05,9.761804908782494e-06,calm
2019-09-17,1.6946264102277533e-05,3.53777220692871e-05,calm
2019-09-18,2.245569674637533e-05,1.8225292847557523e-05,calm
2019-09-19,2.006494358225561e-05,5.867431026768935e-05,calm
2019-09-23,2.8259002693437302e-05,9.25119932530509e-05,calm
2019-09-24,4.2124837543171175e-05,2.48411785245902e-05,calm
2019-09-25,4.098057874902607e-05,3.918849310244307e-05,calm
2019-09-26,3.589427104636271e-05,7.109855488239981e-05,calm
2019-09-30,4.295701073291336e-05,6.851338580875686e-05,calm
2019-10-01,4.720811039719212e-05,7.322633779958432e-05,calm
2019-10-02,6.522654319624681e-05,0.0001380329002744,calm
2019-10-03,9.871133198359025e-05,2.448524410424813e-05,calm
2019-10-07,5.057083403239678e-05,7.098206703319046e-05,calm
2019-10-08,4.956061042663728e-05,3.792137388964542e-05,calm
2019-10-09,5.885784736926167e-05,5.043025019785123e-05,calm
2019-10-10,4.9286304072267876e-05,4.9124116132029766e-05,calm
2019-10-14,4.2706128673958906e-05,1.6589261558868172e-05,calm
2019-10-15,2.243003387071619e-05,1.1188297457003333e-05,calm
2019-10-16,1.570981740055013e-05,1.7743857845377015e-05,calm
2019-10-17,1.6929104787055315e-05,2.42083599446448e-05,calm
2019-10-21,2.0197702530674643e-05,1.500334463712479e-05,calm
2019-10-22,1.945425570168845e-05,1.050792542613491e-05,calm
2019-10-23,1.7970750663446956e-05,1.562835528695733e-05,calm
2019-10-24,1.810252853714408e-05,1.3469011452015322e-05,calm
2019-10-28,1.7025117257017806e-05,1.1672254546816704e-05,calm
2019-10-29,1.5128303199067812e-05,1.2491225192943363e-05,calm
2019-10-30,1.516909270694493e-05,1.7716750142129736e-05,calm
2019-10-31,1.5348086084845496e-05,3.3698428573605046e-05,calm
2019-11-01,2.2206863654257062e-05,1.120081948751908e-05,calm
2019-11-04,1.6340473985038667e-05,9.065528063991875e-06,calm
2019-11-05,1.4489437327582828e-05,9.433773393333282e-06,calm
2019-11-06,1.4169014839238785e-05,1.3665168588464985e-05,calm
2019-11-07,1.4789343028007834e-05,2.082069122562048e-05,calm
2019-11-08,1.751634639340397e-05,1.1127480326848302e-05,calm
2019-11-11,1.4734652872224385e-05,4.36836926766004e-06,calm
2019-11-12,1.1418711017198402e-05,1.1138476767106625e-05,calm
2019-11-13,1.2971528872561229e-05,1.554605482443375e-05,calm
2019-11-14,1.557231356261137e-05,1.0173373597189418e-05,calm
2019-11-15,1.4806080197056939e-05,6.257428902307333e-06,calm
2019-11-19,1.1534174429151414e-05,1.157928539843674e-05,calm
2019-11-20,1.3442833004233479e-05,2.81103598915551e-05,calm
2019-11-21,1.8398509217230152e-05,1.881411727324705e-05,calm
2019-11-22,1.9313471327139762e-05,9.504200555933884e-06,calm
2019-11-25,1.4732965809686592e-05,8.403049745545805e-06,calm
2019-11-26,1.2427993185080618e-05,5.838695723704584e-06,calm
2019-11-27,1.0443927190710363e-05,3.019774206215128e-06,calm
2019-11-29,8.574496588837965e-06,4.064683817858975e-06,calm
2019-12-02,8.994134110295064e-06,3.7741710520913023e-05,calm
2019-12-03,2.0152390068985117e-05,4.469570999547762e-05,calm
2019-12-04,2.978800378209292e-05,1.3528832653276542e-05,calm
2019-12-05,2.1346127594752677e-05,1.6677415594692022e-05,calm
2019-12-06,1.9731826739033998e-05,9.877697503318428e-06,calm
2019-12-09,1.5300942732952557e-05,5.983517794197846e-06,calm
2019-12-10,1.5721688420331575e-05,2.0326764500337258e-05,calm
2019-12-11,1.9175851497999262e-05,8.389742371123895e-06,calm
2019-12-12,1.5506381827569234e-05,8.232112992746497e-05,calm
2019-12-13,2.3256160748082172e-05,4.513146124028768e-05,calm
2019-12-17,2.2763006418748422e-05,5.536840746629056e-06,calm
2019-12-18,1.3309777693637259e-05,7.436259624046638e-06,calm
2019-12-19,1.1815979451937195e-05,7.715559911999179e-06,calm
2019-12-20,1.1071471572129185e-05,4.71074751314502e-06,calm
2019-12-23,9.549267589104982e-06,2.007677535947584e-06,calm
2019-12-24,7.535826694137206e-06,1.9708074661030005e-06,calm
2019-12-26,6.7405478342541935e-06,4.043394394638682e-06,calm
2019-12-27,7.260897304277501e-06,8.048738726933601e-06,calm
2019-12-30,9.447410274979181e-06,2.1934431884034832e-05,calm
2019-12-31,1.5652977108063712e-05,1.0054046099627608e-05,calm
2020-01-02,1.3980896209743143e-05,1.535818321197111e-05,calm
2020-01-03,1.3280225900517972e-05,3.3386040996003455e-05,calm
2020-01-06,2.0492490959862486e-05,1.058169510038822e-05,calm
2020-01-07,1.637292824761912e-05,1.1886631103644898e-05,calm
2020-01-08,1.5157009803994458e-05,2.449472595551089e-05,calm
2020-01-09,1.7458006090515544e-05,1.3731123346031617e-05,calm
2020-01-10,1.4602905564222484e-05,1.6046829718827466e-05,calm
2020-01-13,1.4709428350680756e-05,5.598573977966467e-06,calm
2020-01-14,1.0875997634699328e-05,1.5127789592750574e-05,calm
2020-01-15,1.271862734337754e-05,1.642960405588678e-05,calm
2020-01-16,1.4240373951869723e-05,6.989138860954526e-06,calm
2020-01-17,1.1595624834121102e-05,9.291305794310842e-06,calm
2020-01-21,1.124574549388668e-05,1.164060212347313e-05,calm
2020-01-22,1.2967889946109039e-05,1.239969823598987e-05,calm
2020-01-23,1.3848504336522941e-05,2.466492060737853e-05,calm
2020-01-24,1.7505565693039123e-05,5.4148092680642136e-05,calm
2020-01-27,2.9427525749355446e-05,4.1737160258468405e-05,calm
2020-01-28,4.772472125444206e-05,2.048911048328732e-05,calm
2020-01-29,3.066783819115247e-05,2.553788729134618e-05,calm
2020-01-30,2.9128830145188766e-05,5.302696331151869e-05,calm
2020-01-31,3.227580942228779e-05,8.601276283564497e-05,calm
2020-02-03,5.9796242037884006e-05,4.467513656114683e-05,calm
2020-02-04,4.807335572063383e-05,2.093786397039005e-05,calm
2020-02-05,2.8897580757209384e-05,2.6018154605913545e-05,calm
2020-02-06,2.479817989294442e-05,1.9401847633628207e-05,calm
2020-02-07,2.184962539427777e-05,2.7983350362091603e-05,calm
2020-02-10,2.4681444946666368e-05,1.7929805366934333e-05,calm
2020-02-11,2.171795894834238e-05,2.318419979871149e-05,calm
2020-02-12,2.269658985131088e-05,1.428973783804798e-05,calm
2020-02-13,1.7868913281175318e-05,2.513147753343672e-05,calm
2020-02-14,2.0529181181312357e-05,1.3083251827235844e-05,calm
2020-02-18,1.7190860065522226e-05,2.3007081384388515e-05,calm
2020-02-19,2.0920359701818027e-05,6.098339421629991e-06,calm
2020-02-20,1.439843255150011e-05,8.94488999226194e-05,covid_2020
2020-02-21,3.1336273769478603e-05,5.549565573167341e-05,covid_2020
2020-02-24,4.177548542499351e-05,0.0001187294660305,covid_2020
2020-02-25,0.00010470236959560097,0.0002460975593633,covid_2020
2020-02-26,0.00017990010933447288,0.0002759633387767,covid_2020
2020-02-27,0.00019300895974376175,0.0007192585684411,covid_2020
2020-02-28,0.0005015836217149388,0.0014046653125629,covid_2020
2020-03-02,0.0006462509002891253,0.0006274042690806,covid_2020
2020-03-03,0.0003855932148283222,0.0018438945507696,covid_2020
2020-03-04,0.0005909847497999506,0.0002672030443305,covid_2020
2020-03-05,0.0002990411786135903,0.0003660614597655,covid_2020
2020-03-06,0.0004668493128072677,0.0005555304534498,covid_2020
2020-03-09,0.0006280318323187186,0.0023004465149658,covid_2020
2020-03-10,0.0015050748571589867,0.0010931449720194,covid_2020
2020-03-11,0.0009047182653559065,0.0005231715342311,covid_2020
2020-03-12,0.0010953269635081244,0.0041530389114315,covid_2020
2020-03-13,0.0027924547510492963,0.0026286393307086,covid_2020
2020-03-16,0.0016875174605811532,0.0041210577284822,covid_2020
2020-03-17,0.003373597402200603,0.0022720311368001,covid_2020
2020-03-18,0.0028390362044257594,0.0024878011455451,covid_2020
2020-03-19,0.002817209178709445,0.0020876651794065,covid_2020
2020-03-20,0.0023285662921524817,0.0015386572469939,covid_2020
2020-03-23,0.0017535623685780617,0.0028603795571004,covid_2020
2020-03-24,0.0016294527436060472,0.0009238718839428,covid_2020
2020-03-25,0.001246762450481495,0.0013243062082831,covid_2020
2020-03-26,0.0013900528076836998,0.0010927357746016,covid_2020
2020-03-27,0.0011460439103092089,0.000569896235157,covid_2020
2020-03-30,0.001155199287516274,0.000402790363323,covid_2020
2020-03-31,0.0007264490377780898,0.000322112363326,covid_2020
2020-04-01,0.0005701952202866043,0.0007577293880755,covid_2020
2020-04-02,0.0007401095282282017,0.0003636440526063,covid_2020
2020-04-06,0.0005007666480998584,0.0006460316642928,covid_2020
2020-04-07,0.00041481284237807926,0.0002220915863307,covid_2020
2020-04-08,0.00034439098200433904,0.0003547630217978,covid_2020
2020-04-13,0.00029973122476757507,0.0001609695003167,covid_2020
2020-04-14,0.00023490240028936155,0.0002034095116318,covid_2020
2020-04-15,0.00019673337190504245,0.0001853909716879,covid_2020
2020-04-16,0.00023383127153652562,0.0001371431897698,covid_2020
2020-04-20,0.00021577287566927118,0.0002807114859611,covid_2020
2020-04-21,0.0002916440034397485,8.385459838723181e-05,covid_2020
2020-04-22,0.0002663811313205651,0.000193835085873,covid_2020
2020-04-23,0.00024030489870437827,8.825351969463739e-05,covid_2020
2020-04-27,0.00020550239604148253,0.0001483098777894,covid_2020
2020-04-28,0.0001374992837708768,6.874891170214791e-05,covid_2020
2020-04-29,0.00012590212618805182,0.0001640663526379,covid_2020
2020-04-30,0.00012442779112389245,0.0001383846130357,covid_2020
2020-05-04,0.00015452656944257268,8.737595325859279e-05,calm
2020-05-05,0.00016330063033573035,0.0001076282426851,calm
2020-05-06,0.00014219011372168367,6.928241516691661e-05,calm
2020-05-07,0.00013471316980130183,3.493052321055395e-05,calm
2020-05-11,9.882985124865374e-05,9.254978884272516e-05,calm
2020-05-12,8.463153977651943e-05,0.0003055976336489,calm
2020-05-13,0.00015546180495817552,0.0002527474932341,calm
2020-05-14,0.00020558563055994434,0.0001538720151598,calm
2020-05-18,0.00015890163118097955,0.0001374663711738,calm
2020-05-19,0.00012290423533766452,5.184289561160323e-05,calm
2020-05-20,0.0001150208280831832,9.945151668623746e-05,calm
2020-05-21,9.755134525091419e-05,4.7964911100726e-05,calm
2020-05-26,9.907463015554323e-05,0.0001311293840419,calm
2020-05-27,9.801535440770586e-05,0.0001039860134638,calm
2020-05-28,9.925241163066338e-05,0.0002140245318283,calm
2020-06-01,0.00012287363007572682,4.463974143317444e-05,calm
2020-06-02,0.0001005009476151713,3.364267192512235e-05,calm
2020-06-03,7.637519945952867e-05,6.588658726446698e-05,calm
2020-06-04,7.18713834660662e-05,7.772121236108856e-05,calm
2020-06-08,7.751711351025871e-05,7.12606002799758e-05,calm
2020-06-09,7.937538596334977e-05,0.0001652964900332,calm
2020-06-10,0.00010569478666736174,0.0002947131631139,calm
2020-06-11,0.00012769661567285312,0.0005370909293607,calm
2020-06-15,0.00037344708952472265,0.0002984500404081,calm
2020-06-16,0.00023465707840031482,7.836506060326633e-05,calm
2020-06-17,0.00016849262309790898,7.435351620084829e-05,calm
2020-06-18,0.0001455400689731525,0.0001845770727339,calm
2020-06-22,0.0001520000162855618,4.4991544069681983e-05,calm
2020-06-23,0.00011622867470459643,0.0002325984131621,calm
2020-06-24,0.00013368474340436526,0.0001585836317816,calm
2020-06-25,0.000161969616566985,0.0001417447775985,calm
2020-06-29,0.0001471898424984326,8.134269074861536e-05,calm
2020-06-30,0.0001284339241151554,7.674504157836615e-05,calm
2020-07-01,0.0001108571138704877,8.369163388353996e-05,calm
2020-07-06,9.776308425163733e-05,4.932219573738567e-05,calm
2020-07-07,8.520699127550754e-05,7.271051668497684e-05,calm
2020-07-08,9.50600871071762e-05,0.0001494709682402,calm
2020-07-09,0.0001012023180275525,8.041823046969235e-05,calm
2020-07-13,0.00010618495279716222,0.0001980537305065,calm
2020-07-14,0.00014756041126107845,0.0001199937970587,calm
2020-07-15,0.00012324624858549532,5.575018662711132e-05,calm
2020-07-16,9.352813674187583e-05,2.6277162066045865e-05,calm
2020-07-20,7.695520787144911e-05,4.4821792799947744e-05,calm
2020-07-21,6.018230852763888e-05,4.1505151037387936e-05,calm
2020-07-22,5.9947213492904196e-05,8.210175761997506e-05,calm
2020-07-23,6.505908516619417e-05,7.721705295737938e-05,calm
2020-07-27,7.92420686802773e-05,3.3596936451612125e-05,calm
2020-07-28,6.41300291326893e-05,3.421152762239013e-05,calm
2020-07-29,6.233766568298476e-05,6.627927925200805e-05,calm
2020-07-30,6.14237040853943e-05,9.382567842813984e-05,calm
2020-08-03,7.118881200797209e-05,2.6884913484115697e-05,calm
2020-08-04,6.0787956781201615e-05,1.7879698955358604e-05,calm
2020-08-05,4.885881776313687e-05,2.5601158178138605e-05,calm
2020-08-06,4.3581137683552075e-05,5.11789850149717e-05,calm
2020-08-10,4.644757953692065e-05,9.28155914461042e-05,calm
2020-08-11,5.2933618652209644e-05,3.104410760916782e-05,calm
2020-08-12,6.009497403406971e-05,2.653068523521795e-05,calm
2020-08-13,4.562718434840955e-05,3.3362828740994555e-05,calm
2020-08-17,4.4169495089077296e-05,3.304154236360309e-05,calm
2020-08-18,4.107235311536516e-05,3.01152784299246e-05,calm
2020-08-19,4.114210544708552e-05,1.8073576814746308e-05,calm
2020-08-20,4.133104385365444e-05,1.947432694048474e-05,calm
2020-08-24,3.948919093541261e-05,1.892561379013808e-05,calm
2020-08-25,3.67487103982776e-05,2.6796579095160505e-05,calm
2020-08-26,3.688088774567168e-05,6.753630536552151e-05,calm
2020-08-27,5.062821545762513e-05,1.9898177493274488e-05,calm
2020-08-31,5.251630886206672e-05,3.0289108801083148e-05,calm
2020-09-01,6.06813337261203e-05,4.5848321394645935e-05,calm
2020-09-02,6.21109730746564e-05,0.0004466029072313,calm
2020-09-03,9.411036581618613e-05,0.000528240843047,calm
2020-09-08,0.00022125743674920894,0.0001127965403919,calm
2020-09-09,0.000164960329508524,0.0002773562290203,calm
2020-09-10,0.00014581952712104432,0.0001683476469891,calm
2020-09-14,0.00015101380020644416,3.774104373707017e-05,calm
2020-09-15,8.089075198107049e-05,6.615314657930894e-05,calm
2020-09-16,7.767406277622916e-05,0.0001323579293337,calm
2020-09-17,9.420787207682383e-05,0.0001084947778282,calm
2020-09-21,0.00010114305297729194,7.781766951524045e-05,calm
2020-09-22,0.00010493230679235583,0.0001227565539986,calm
2020-09-23,0.00010295211186623414,0.000215304301445,calm
2020-09-24,0.00013626120424994344,0.000116855330636,calm
2020-09-28,0.00012797459462461023,5.258906684972024e-05,calm
2020-09-29,8.685010791426968e-05,0.0001278650723093,calm
2020-09-30,9.658126194969561e-05,7.328048082412484e-05,calm
2020-10-01,9.287299060036796e-05,0.0001521186295056,calm
2020-10-05,0.00010767368777047687,0.0001955387974632,calm
2020-10-06,0.0001341136311627,5.389300812629073e-05,calm
2020-10-07,0.00011912692373222892,3.276271837389301e-05,calm
2020-10-08,8.407975389902546e-05,2.951109904686509e-05,calm
2020-10-12,6.45486381463339e-05,5.9492758892514347e-05,calm
2020-10-13,6.336139258447309e-05,6.66838247228369e-05,calm
2020-10-14,7.415740580952389e-05,4.951877239479944e-05,calm
2020-10-15,7.504741951155146e-05,4.080771314167797e-05,calm
2020-10-19,7.406530831939016e-05,0.0001051543808722,calm
2020-10-20,9.976144242256814e-05,9.11667588006882e-05,calm
2020-10-21,0.00010618434644013886,7.433695800916833e-05,calm
2020-10-22,9.852728217196009e-05,3.423347638373936e-05,calm
2020-10-26,8.10236286312411e-05,0.000113579209334,calm
2020-10-27,0.0001224456265395885,5.834479742963298e-05,calm
2020-10-28,0.00012288268481773826,0.000199862617533,calm
2020-10-29,0.00021249214256378648,0.0001575475974957,calm
2020-10-30,0.0001907993806816258,0.000276284215114,calm
2020-11-02,0.00021374623381038626,0.0001164584430833,calm
2020-11-03,0.0001846854729568351,0.0001214116055037,calm
2020-11-04,0.0001613831946829332,0.0001932086072511,calm
2020-11-05,0.00012149998271297913,9.501223434864e-05,calm
2020-11-06,0.00010030024394785673,9.121390432811506e-05,calm
2020-11-09,8.241148006568009e-05,0.0004320155270632,calm
2020-11-10,0.00011851161991633539,0.0001549841328875,calm
2020-11-11,0.00011224712557242676,3.786906653055408e-05,calm
2020-11-12,7.501728221228772e-05,7.361330166928761e-05,calm
2020-11-13,8.655367582699091e-05,3.6868267692669375e-05,calm
2020-11-16,6.233262135326636e-05,5.333698852319379e-05,calm
2020-11-17,5.6941855799427515e-05,3.3117367086166546e-05,calm
2020-11-18,5.2623932842313975e-05,4.767741618286679e-05,calm
2020-11-19,5.97333213390314e-05,5.642310539963253e-05,calm
2020-11-20,5.9843402340567875e-05,3.234469279722991e-05,calm
2020-11-23,5.6462322208591706e-05,6.286200687800076e-05,calm
2020-11-24,5.730149320813147e-05,2.457678750802176e-05,calm
2020-11-25,4.4965882666136214e-05,2.8004950183136943e-05,calm
2020-11-27,4.109030456290884e-05,7.581074244517271e-06,calm
2020-11-30,2.9320384048081304e-05,5.343974496026069e-05,calm
2020-12-01,3.719514908993232e-05,4.127460278256987e-05,calm
2020-12-02,4.146902410454399e-05,2.493315076782388e-05,calm
2020-12-03,4.009896926203099e-05,4.2798466233126216e-05,calm
2020-12-04,4.44900807150027e-05,1.8511557198377515e-05,calm
2020-12-07,3.67561405336551e-05,1.9960211592068304e-05,calm
2020-12-08,3.5965542684753945e-05,1.3653434745004585e-05,calm
2020-12-09,3.058984730520384e-05,6.158723625032016e-05,calm
2020-12-10,4.617862789153713e-05,6.562439560071342e-05,calm
2020-12-11,5.598838604471406e-05,3.770830016888652e-05,calm
2020-12-14,5.6497920441994634e-05,5.6914554800908086e-05,calm
2020-12-15,6.750403009934093e-05,2.850646918856208e-05,calm
2020-12-16,5.164275327918019e-05,2.120788738551952e-05,calm
2020-12-17,4.3478727279618086e-05,2.116312941424712e-05,calm
2020-12-18,3.886986122917835e-05,4.316586998019164e-05,calm
2020-12-21,4.2295530989892105e-05,7.790965549313342e-05,calm
2020-12-22,6.83567226091214e-05,3.933241809328295e-05,calm
2020-12-23,6.143024781318347e-05,1.743131764438956e-05,calm
2020-12-24,4.655918094609441e-05,9.839720837014678e-06,calm
2020-12-28,3.256883877584162e-05,7.82628644780017e-06,calm
2020-12-29,2.7574405474048923e-05,3.674875007292851e-05,calm
2020-12-30,3.8569313933235835e-05,1.1019308568722036e-05,calm
2020-12-31,3.376079783660797e-05,1.3464711619847874e-05,calm
2021-01-04,3.296767564526295e-05,0.0001273337648734,calm
2021-01-05,7.041580482243517e-05,6.671771375198702e-05,calm
2021-01-06,7.004513072515842e-05,0.0001242172929139,calm
2021-01-07,8.008324539596443e-05,4.871737383758866e-05,calm
2021-01-08,5.914385605371178e-05,6.204511019819588e-05,calm
2021-01-12,5.53217838268752e-05,3.8356666615701024e-05,calm
2021-01-13,5.840068518310077e-05,2.450362713147212e-05,calm
2021-01-14,4.679257156859592e-05,2.194863762386764e-05,calm
2021-01-15,4.571838477345837e-05,6.94226766049533e-05,calm
2021-01-19,6.065426659537642e-05,3.131134609776751e-05,calm
2021-01-20,5.2098029235717256e-05,2.19571072044416e-05,calm
2021-01-21,3.925574813990672e-05,1.5656938951223573e-05,calm
2021-01-22,3.290120750936398e-05,2.277641912651425e-05,calm
2021-01-25,3.532309204801053e-05,0.0001212226931331,calm
2021-01-26,6.147432931149948e-05,2.679437922883485e-05,calm
2021-01-27,5.062715470812765e-05,0.0002566317241467,calm
2021-01-28,0.00019789521430317548,0.0001463661787123,calm
2021-01-29,0.00014312711783851922,0.0002565847765521,calm
2021-02-01,0.00018393003425591747,0.0001012262665154,calm
2021-02-02,0.0001307550401386567,7.661875489384855e-05,calm
2021-02-03,8.329026105853243e-05,3.357182634761036e-05,calm
2021-02-04,5.420330710841645e-05,2.0252677563845744e-05,calm
2021-02-05,4.016983168684476e-05,2.2534807840900018e-05,calm
2021-02-08,3.5249421058135794e-05,2.231851562198731e-05,calm
2021-02-09,3.511521918788683e-05,9.386921404520109e-06,calm
2021-02-10,2.892556484382977e-05,7.793511118171113e-05,calm
2021-02-11,4.686495703093807e-05,4.2971804578401895e-05,calm
2021-02-12,4.674953934229695e-05,1.4517692680906511e-05,calm
2021-02-16,3.21939239059298e-05,4.223490701608808e-05,calm
2021-02-17,4.1971179820148445e-05,4.005374372390875e-05,calm
2021-02-18,4.5374808406309006e-05,4.36045928684429e-05,calm
2021-02-19,5.121689116754692e-05,2.815635554290462e-05,calm
2021-02-22,4.559352421699393e-05,3.537893749466648e-05,calm
2021-02-23,5.127208919568862e-05,0.0001450558358643,calm
2021-02-24,6.883666456920318e-05,5.0005018163275e-05,calm
2021-02-25,5.447911864635289e-05,0.0001364867376194,calm
2021-02-26,0.00011971082899426529,0.0002771715538038,calm
2021-03-01,0.00013932955879632694,8.495049204576004e-05,calm
2021-03-02,7.975428294119181e-05,7.249876334360952e-05,calm
2021-03-03,7.71769206650093e-05,0.0001213788792926,calm
2021-03-04,0.00010540971695584346,0.0003855135354915,calm
2021-03-05,0.00016213960905561237,0.0002434694285022,calm
2021-03-08,0.00011979356985608223,0.000161324435454,calm
2021-03-09,0.00012091944136171103,5.5586375225240906e-05,calm
2021-03-10,8.374546833225421e-05,8.607038656934875e-05,calm
2021-03-11,7.412106527374647e-05,3.928187647642177e-05,calm
2021-03-12,5.8386822974701455e-05,2.8735499481851003e-05,calm
2021-03-15,4.4634212422029084e-05,2.6072173439860388e-05,calm
2021-03-16,3.784283883570979e-05,2.127820688789947e-05,calm
2021-03-17,3.351926794862575e-05,6.558327021615637e-05,calm
2021-03-18,4.1376536375719046e-05,5.473245559052156e-05,calm
2021-03-19,5.637905577573903e-05,6.89737091433628e-05,calm
2021-03-22,5.9022124445355305e-05,1.5048698914522186e-05,calm
2021-03-23,3.328810019119554e-05,3.914827415340234e-05,calm
2021-03-24,4.1083110349733663e-05,6.672759023927827e-05,calm
2021-03-25,5.568450400393648e-05,0.0001013250281365,calm
2021-03-26,6.1027668133219964e-05,8.356303612791502e-05,calm
2021-03-29,5.709536038793528e-05,3.394869749018731e-05,calm
2021-03-30,5.2019500633316085e-05,1.5010896224353178e-05,calm
2021-03-31,3.39036055235067e-05,1.5474190687546738e-05,calm
2021-04-05,2.8456463848512666e-05,1.31856516217403e-05,calm
2021-04-06,2.236487613856164e-05,1.3969931704806398e-05,calm
2021-04-07,2.175365399770827e-05,8.0506303485583e-06,calm
2021-04-08,1.6906131799862416e-05,9.896455462448367e-06,calm
2021-04-12,1.632871679050684e-05,7.229899053097587e-06,calm
2021-04-13,1.4661319751784504e-05,3.272274702008801e-05,calm
2021-04-14,2.3003822441206003e-05,2.278113269288076e-05,calm
2021-04-15,2.4586765610835957e-05,1.3104330745515952e-05,calm
2021-04-19,2.0157108610721582e-05,3.552342675883333e-05,calm
2021-04-20,2.8617846157351838e-05,1.778850598586463e-05,calm
2021-04-21,2.7980923153725487e-05,8.074495764386004e-05,calm
2021-04-22,4.065392203203429e-05,1.803288386582267e-05,calm
2021-04-26,3.127856794010336e-05,1.5143302912074993e-05,calm
2021-04-27,2.4322997142948163e-05,1.894435645249391e-05,calm
2021-04-28,2.4281103383368788e-05,3.0026113656434087e-05,calm
2021-04-29,2.7438469067991833e-05,2.927537705067475e-05,calm
2021-05-03,2.9512536301004963e-05,5.972814604774194e-05,calm
2021-05-04,4.08009731431486e-05,2.350048282313268e-05,calm
2021-05-05,3.667197363236222e-05,5.821577077843215e-05,calm
2021-05-06,4.490119456326577e-05,2.4929876179163583e-05,calm
2021-05-10,3.435466762354498e-05,0.0001355145540832,calm
2021-05-11,6.127146656870715e-05,7.275191543804649e-05,calm
2021-05-12,7.231793378710651e-05,0.000117362887941,calm
2021-05-13,0.00013341449192428252,3.836346257473453e-05,calm
2021-05-17,6.908157958707412e-05,3.745603462585221e-05,calm
2021-05-18,4.420595455808198e-05,0.0001357784103004,calm
2021-05-19,6.965434878146928e-05,3.095313898108256e-05,calm
2021-05-20,5.633707876666912e-05,4.2740135400671605e-05,calm
2021-05-24,4.928856921733857e-05,2.1061782466102745e-05,calm
2021-05-25,3.249279553123158e-05,1.1854273288280844e-05,calm
2021-05-26,2.534315113878891e-05,1.0479052213237546e-05,calm
2021-05-27,1.9617664074766994e-05,7.587755545834326e-06,calm
2021-06-01,1.567264072554395e-05,1.14500425911897e-05,calm
2021-06-02,1.7909848950272098e-05,3.351225358868178e-05,calm
2021-06-03,2.579625795221936e-05,9.216553542173696e-06,calm
2021-06-07,2.0272475124458215e-05,1.627455596826424e-05,calm
2021-06-08,1.982207982462003e-05,5.232172368265843e-06,calm
2021-06-09,1.4404083132545052e-05,2.620038893883176e-05,calm
2021-06-10,2.2870436786982217e-05,7.178118703655237e-06,calm
2021-06-14,1.533536038094046e-05,1.051745512674122e-05,calm
2021-06-15,1.561996809876163e-05,6.896946573777087e-05,calm
2021-06-16,3.11103173427286e-05,4.69630722351972e-05,calm
2021-06-17,3.676186007307231e-05,7.463480353050188e-05,calm
2021-06-21,4.402464663902472e-05,9.122564671395817e-06,calm
2021-06-22,2.346432230535394e-05,1.2620145856199508e-05,calm
2021-06-23,1.9600624852113e-05,9.807920809531591e-06,calm
2021-06-24,1.6618519356893513e-05,2.7895689994746843e-06,calm
2021-06-28,1.0608374075558927e-05,6.323526792163192e-06,calm
2021-06-29,1.131320643508866e-05,5.897339698229372e-06,calm
2021-06-30,1.1424055544126933e-05,7.793323739258101e-06,calm
2021-07-01,1.2342672182975095e-05,5.008962042957298e-06,calm
2021-07-06,1.0718537852014843e-05,2.824526965725836e-05,calm
2021-07-07,1.9413725603379172e-05,7.543406172627109e-05,calm
2021-07-08,3.244495680338893e-05,1.768033135022103e-05,calm
2021-07-12,2.790986744283795e-05,1.9218362912371888e-05,calm
2021-07-13,2.2100897973776434e-05,2.5630436498269584e-05,calm
2021-07-14,2.4822681022997073e-05,3.599091085712917e-05,calm
2021-07-15,2.6983187035548635e-05,2.621008734990812e-05,calm
2021-07-19,2.6941879728157822e-05,4.222713248957708e-05,calm
2021-07-20,4.9176736773091557e-05,1.6909519016854468e-05,calm
2021-07-21,3.210539774637615e-05,1.3855226070480944e-05,calm
2021-07-22,2.3498348045884103e-05,1.180443330961232e-05,calm
2021-07-26,2.022193146509777e-05,4.803011944600596e-05,calm
2021-07-27,2.951265874454679e-05,2.876437227429487e-05,calm
2021-07-28,3.339150473009431e-05,1.8603205633705564e-05,calm
2021-07-29,2.748531012940018e-05,2.037206668632396e-05,calm
2021-08-02,2.5468780063485012e-05,3.441473999584544e-05,calm
2021-08-03,3.3771449437669934e-05,1.244755385138402e-05,calm
2021-08-04,2.4041516984435556e-05,5.946261783787432e-06,calm
2021-08-05,1.7298684960628936e-05,1.3327408153973269e-05,calm
2021-08-09,1.802942198139437e-05,1.0870064418366274e-05,calm
2021-08-10,1.6758608075539815e-05,7.186790105153241e-06,calm
2021-08-11,1.4627811433253039e-05,5.583176283897592e-06,calm
2021-08-12,1.2309457606680366e-05,5.783550911054716e-06,calm
2021-08-16,1.1208725058262379e-05,4.496535365965476e-05,calm
2021-08-17,2.1880300473596464e-05,4.175928525180641e-05,calm
2021-08-18,3.1342554987734255e-05,6.119747550277308e-05,calm
2021-08-19,5.301050908968132e-05,1.8715490756372084e-05,calm
2021-08-23,3.9325185371220774e-05,3.4238325620368543e-06,calm
2021-08-24,1.551742809851659e-05,4.907262240534328e-06,calm
2021-08-25,1.2862922176081718e-05,1.7819744547097922e-05,calm
2021-08-26,1.7423611401880264e-05,1.462399819553436e-05,calm
2021-08-30,2.1015521048780163e-05,1.249158346120711e-05,calm
2021-08-31,1.7626642050903688e-05,7.445936817510287e-06,calm
2021-09-01,1.4512703097449534e-05,1.041578564362436e-05,calm
2021-09-02,1.4777536679277632e-05,9.429934699667262e-06,calm
2021-09-07,1.4662199443430095e-05,2.7754048469058288e-05,calm
2021-09-08,2.3932415093748972e-05,2.5512264983936844e-05,calm
2021-09-09,2.6414404227131617e-05,2.984539695826889e-05,calm
2021-09-13,3.0638863846271235e-05,2.936837230010387e-05,calm
2021-09-14,3.3071824174401356e-05,3.440444206909714e-05,calm
2021-09-15,3.581595924595244e-05,3.576426779713838e-05,calm
2021-09-16,3.384316738359303e-05,3.98332233839064e-05,calm
2021-09-20,3.646432238061378e-05,9.497098104243789e-05,calm
2021-09-21,8.246388254562153e-05,6.653195055357099e-05,calm
2021-09-22,7.823157540611092e-05,3.401142864376917e-05,calm
2021-09-23,4.813750343534268e-05,2.92981957461834e-05,calm
2021-09-27,3.4930098470589876e-05,7.687528105732677e-05,calm
2021-09-28,4.570093330269088e-05,5.238021047540545e-05,calm
2021-09-29,5.9569454159984236e-05,0.0001037008829827,calm
2021-09-30,7.610778184428796e-05,8.300900361269278e-05,calm
2021-10-04,7.825793057178192e-05,4.057487699541446e-05,calm
2021-10-05,6.053897893658971e-05,0.0001116803593763,calm
2021-10-06,7.019978638398016e-05,5.594094025261698e-05,calm
2021-10-07,5.90362869425587e-05,2.907100761954048e-05,calm
2021-10-11,4.1439221488365755e-05,5.239317929079183e-05,calm
2021-10-12,4.7130951420032105e-05,5.051804733168037e-05,calm
2021-10-13,4.9004932507665114e-05,2.947472552035289e-05,calm
2021-10-14,3.846601613118307e-05,2.004762057197119e-05,calm
2021-10-18,2.813897062672579e-05,1.2801420313121508e-05,calm
2021-10-19,2.138089494035418e-05,1.2238511383906043e-05,calm
2021-10-20,1.8668477347338863e-05,9.856512100608924e-06,calm
2021-10-21,1.6501803916348875e-05,3.0300152656377063e-05,calm
2021-10-25,2.31444814982779e-05,2.7593013685281537e-05,calm
2021-10-26,2.567232533200946e-05,2.654297796745142e-05,calm
2021-10-27,2.7403707056334653e-05,2.278323813316448e-05,calm
2021-10-28,2.7929594356648394e-05,1.4625002329309056e-05,calm
2021-11-01,2.288722800246892e-05,2.458513744922353e-05,calm
2021-11-02,2.5665341797099883e-05,1.2510730400070851e-05,calm
2021-11-03,2.0225583789554655e-05,2.185986073340245e-05,calm
2021-11-04,2.140590804843585e-05,1.895854447931373e-05,calm
2021-11-05,2.1387574642779972e-05,3.077542709606228e-05,calm
2021-11-08,2.7695825343405163e-05,2.046133425190469e-05,calm
2021-11-09,2.695724388180619e-05,3.5250181659345806e-05,calm
2021-11-10,3.3606214137818104e-05,3.176647257945738e-05,calm
2021-11-11,3.6427600287111104e-05,9.926129057536772e-06,calm
2021-11-12,2.2591065525964992e-05,1.6059783504241175e-05,calm
2021-11-15,2.0716209760554242e-05,1.9541266031902844e-05,calm
2021-11-16,2.2054615794620017e-05,1.3969252326911067e-05,calm
2021-11-17,1.994665149158336e-05,1.580140785991509e-05,calm
2021-11-18,2.1331788401832327e-05,2.252383089733889e-05,calm
2021-11-19,2.537555591809456e-05,2.220702723992191e-05,calm
2021-11-22,2.7034506452388696e-05,4.320479314552695e-05,calm
2021-11-23,3.789338438883937e-05,6.500523587141369e-05,calm
2021-11-24,4.826829198309799e-05,3.1077735396366924e-05,calm
2021-11-26,3.7402272503418605e-05,0.0001077826983346,calm
2021-11-29,0.00010730674164845693,3.687379906458531e-05,calm
2021-11-30,6.164116264979874e-05,0.0001164925085963,calm
2021-12-01,0.00010001051528629764,0.0001631100920523,calm
2021-12-02,0.00015373162816470623,0.0001761627034999,calm
2021-12-03,0.00013008720141647985,0.0002175857690352,calm
2021-12-06,0.00016345053019033222,8.734356911643506e-05,calm
2021-12-07,0.00010645416458435205,4.882219931894198e-05,calm
2021-12-08,5.836404053095874e-05,2.910529442435925e-05,calm
2021-12-09,4.0287016156584983e-05,2.5094287329516195e-05,calm
2021-12-10,4.036343568406937e-05,4.448454591221564e-05,calm
2021-12-13,3.7077773862828e-05,3.530757623014814e-05,calm
2021-12-14,4.0632256458297205e-05,4.806361223400596e-05,calm
2021-12-15,5.128609259975002e-05,0.0001095772878333,calm
2021-12-16,5.5388825148787675e-05,8.993419385790401e-05,calm
2021-12-17,6.36568933217636e-05,0.0001573270026768,calm
2021-12-20,8.499527515324556e-05,0.0001159166597093,calm
2021-12-21,9.402312702045813e-05,6.129127098743919e-05,calm
2021-12-22,6.708465499178083e-05,2.206827429717416e-05,calm
2021-12-23,3.797030633286431e-05,2.347591962240604e-05,calm
2021-12-27,3.102551591253697e-05,1.7890394679107298e-05,calm
2021-12-28,2.6427453631576655e-05,3.0328017214922435e-05,calm
2021-12-29,2.9285713552830943e-05,1.8252761495829176e-05,calm
2021-12-30,2.5077649345552077e-05,1.4736215753472094e-05,calm
2021-12-31,2.313982368841667e-05,2.799027080906818e-05,calm
2022-01-03,2.7217794971122907e-05,5.461787824359261e-05,calm
2022-01-04,3.649351721472047e-05,3.141185057999625e-05,calm
2022-01-05,3.3556097464447e-05,4.61835543624375e-05,calm
2022-01-06,4.5816847962922206e-05,7.82858201733552e-05,calm
2022-01-07,5.8616401925231015e-05,4.369214039985998e-05,calm
2022-01-10,4.7588005769666495e-05,0.000122715494944,calm
2022-01-11,6.807020279845841e-05,6.490428713781232e-05,calm
2022-01-12,5.6823324613051874e-05,3.742384440258127e-05,calm
2022-01-13,4.2179105586097256e-05,6.733658614627738e-05,calm
2022-01-14,5.868188504205415e-05,0.0001110885086845,calm
2022-01-18,7.031625866078585e-05,0.000124887132371,calm
2022-01-19,0.00010124946575130628,8.606554424776691e-05,calm
2022-01-20,0.00010061673301341497,9.775623629999742e-05,calm
2022-01-21,0.0001127162028332659,0.0002308353863043,calm
2022-01-24,0.00018118655449084214,0.0006564505516145,calm
2022-01-25,0.0002805683113692245,0.0004014730321667,calm
2022-01-26,0.000292918627914243,0.0005064344586374,calm
2022-01-27,0.0003223314007669865,0.000299184362496,calm
2022-01-28,0.00026003095220129043,0.0002625988643216,calm
2022-02-01,0.00020132052212701754,0.0001057807404602,calm
2022-02-02,0.00010307501809600148,7.900375042754942e-05,calm
2022-02-03,8.447988212923767e-05,0.0001092049004392,calm
2022-02-04,9.854140924526386e-05,0.0001336401313811,calm
2022-02-07,0.00010400637403594441,9.890117697452616e-05,calm
2022-02-08,9.42805011317201e-05,6.203778077973017e-05,calm
2022-02-09,7.156720298970408e-05,4.819711826619469e-05,calm
2022-02-10,5.533961519407444e-05,0.0001565664685695,calm
2022-02-11,9.997061679470588e-05,0.0002094318507023,calm
2022-02-14,0.0001579025771498332,0.0001392275227592,calm
2022-02-15,0.0001576180927343852,9.315476021027872e-05,calm
2022-02-16,0.0001130181439593277,7.101313599650871e-05,calm
2022-02-17,8.565417848562292e-05,6.574837290499602e-05,calm
2022-02-18,9.635408185123908e-05,0.0001324816324507,calm
2022-02-22,0.00011811288088505522,0.0002151742267837,calm
2022-02-23,0.0001537050613130219,0.0001306989690878,calm
2022-02-24,0.0001575285385434693,0.0004893690620139,calm
2022-02-25,0.00021682741756365542,0.0001458657691331,calm
