date,forecast,actual,regime
2004-01-02,3.108974386707453e-05,4.746692947241121e-05,calm
2004-01-05,3.859709613838085e-05,3.5042980315462e-05,calm
2004-01-06,4.132525314926897e-05,1.996860427759956e-05,calm
2004-01-07,3.77911949542206e-05,2.894911799578962e-05,calm
2004-01-08,3.8589106643539695e-05,3.1764671407365824e-05,calm
2004-01-09,3.99164817444131e-05,6.887760581914288e-05,calm
2004-01-14,5.012364328190406e-05,2.1453890090610127e-05,calm
2004-01-15,4.244210727982067e-05,5.030325056194925e-05,calm
2004-01-16,4.7185348088785975e-05,3.557575245891007e-05,calm
2004-01-20,4.5927042762180355e-05,2.318480978541345e-05,calm
2004-01-21,4.084965962009655e-05,3.622873754930808e-05,calm
2004-01-22,4.220617058303198e-05,3.344119684036042e-05,calm
2004-01-23,4.2358982217411026e-05,3.714446672730906e-05,calm
2004-01-26,4.358848717112141e-05,2.9493382477689325e-05,calm
2004-01-27,4.1959040503815074e-05,2.8899870826598297e-05,calm
2004-01-28,4.081808153994108e-05,9.465898688401444e-05,calm
2004-01-29,5.5782180054173206e-05,8.060087997667982e-05,calm
2004-01-30,6.526778481492302e-05,5.2655363186854285e-05,calm
2004-02-02,6.21354222101237e-05,8.276496145781176e-05,calm
2004-02-03,6.912020320628366e-05,3.468135072140051e-05,calm
2004-02-04,5.6064194440057477e-05,5.854818895978196e-05,calm
2004-02-05,5.767476025211979e-05,4.500600047418261e-05,calm
2004-02-06,5.455547664804856e-05,4.4750861202062913e-05,calm
2004-02-09,5.2707904838313395e-05,1.758705003074006e-05,calm
2004-02-10,4.217663434255188e-05,2.396465451835885e-05,calm
2004-02-11,3.934207015526358e-05,4.493386620434971e-05,calm
2004-02-12,4.3322076550087534e-05,2.165582981415501e-05,calm
2004-02-13,3.969175619818886e-05,4.805695896248099e-05,calm
2004-02-17,4.4475791974487297e-05,4.373560722222403e-05,calm
2004-02-18,4.704760979694528e-05,1.7099794146549574e-05,calm
2004-02-19,3.9718449131948905e-05,5.643173723016871e-05,calm
2004-02-20,4.613214180109974e-05,4.8976177165165696e-05,calm
2004-02-23,4.948781376143086e-05,3.072271007076642e-05,calm
2004-02-24,4.5936345679633506e-05,4.1801528184928e-05,calm
2004-02-25,4.698229074324452e-05,1.814413350414673e-05,calm
2004-02-26,3.9920930904518744e-05,1.812134613660537e-05,calm
2004-02-27,3.639183406436838e-05,3.457720143099171e-05,calm
2004-03-01,3.893301869540464e-05,3.30084047095964e-05,calm
2004-03-02,4.0506093578910525e-05,3.633605420624729e-05,calm
2004-03-03,4.2399114820759744e-05,2.449546262963568e-05,calm
2004-03-04,4.0047454717837946e-05,1.2639581072143253e-05,calm
2004-03-05,3.464258789859943e-05,0.0001092408875262,calm
2004-03-08,4.968933973022435e-05,2.5753194154617617e-05,calm
2004-03-09,4.5210193723732174e-05,5.865012042754661e-05,calm
2004-03-10,5.0721683960593915e-05,5.0182507177007154e-05,calm
2004-03-11,5.277481327559343e-05,0.0001092176859828,calm
2004-03-12,6.768362426304583e-05,6.976664386808508e-05,calm
2004-03-15,6.98155248576529e-05,8.201414029738411e-05,calm
2004-03-16,7.386286699546683e-05,8.455166175668443e-05,calm
2004-03-17,7.699812904846584e-05,4.4586957281568565e-05,calm
2004-03-18,6.505192775854955e-05,7.043889686593408e-05,calm
2004-03-19,6.629121168715043e-05,3.9519041663780586e-05,calm
2004-03-22,5.7587294117096044e-05,0.0001255501692582,calm
2004-03-23,7.357266188256847e-05,6.745227909794062e-05,calm
2004-03-24,7.23363055930415e-05,8.841276147938639e-05,calm
2004-03-25,7.710370038748473e-05,6.424823288974736e-05,calm
2004-03-26,7.276065420910115e-05,3.2835975217664794e-05,calm
2004-03-29,5.824954040323614e-05,3.178590567856294e-05,calm
2004-03-30,5.0437554274126994e-05,3.857241432637164e-05,calm
2004-03-31,4.8447963465068495e-05,3.750687919434624e-05,calm
2004-04-01,4.731436403168115e-05,8.258610605993663e-05,calm
2004-04-05,5.7359980040934214e-05,2.769297575464312e-05,calm
2004-04-06,4.962392856659e-05,3.418841263492474e-05,calm
2004-04-07,4.6099508111165346e-05,9.234176137282728e-05,calm
2004-04-12,5.8074642765577695e-05,4.071674296421818e-05,calm
2004-04-13,5.430964384600078e-05,6.425772176980446e-05,calm
2004-04-14,5.813769310620534e-05,5.9177641799387486e-05,calm
2004-04-15,5.943561086556991e-05,3.233748624242546e-05,calm
2004-04-19,5.1196163577405746e-05,4.292417009478386e-05,calm
2004-04-20,4.973783667356666e-05,5.630832095346389e-05,calm
2004-04-21,5.273417263044131e-05,6.294623535973745e-05,calm
2004-04-22,5.6852464904912626e-05,3.0357593841097723e-05,calm
2004-04-26,4.936388264678473e-05,4.660480074811698e-05,calm
2004-04-27,4.9765649325691274e-05,5.451483881392403e-05,calm
2004-04-28,5.248727981603052e-05,8.081043888820069e-05,calm
2004-04-29,6.10811743352619e-05,9.538382372455228e-05,calm
2004-05-03,7.144742359302429e-05,9.427150373557812e-05,calm
2004-05-04,7.860154767010577e-05,3.836488845782484e-05,calm
2004-05-05,6.301954848195365e-05,7.60281335211063e-05,calm
2004-05-06,6.603688898202377e-05,9.961025442733376e-05,calm
2004-05-10,7.492195875857997e-05,4.024072319311001e-05,calm
2004-05-11,6.200741175858401e-05,0.0001274551552618,calm
2004-05-12,7.750153683815004e-05,8.209932131170614e-05,calm
2004-05-13,7.865748164549713e-05,9.621926843907416e-05,calm
2004-05-17,8.258523327743682e-05,3.9395953194299815e-05,calm
2004-05-18,6.640080056726869e-05,9.86686537030104e-05,calm
2004-05-19,7.359702890373916e-05,4.035178359879427e-05,calm
2004-05-20,6.224733291988917e-05,4.179290790636993e-05,calm
2004-05-24,5.611494008084259e-05,5.1230153682229495e-05,calm
2004-05-25,5.531915416605299e-05,2.7863456427608657e-05,calm
2004-05-26,4.802436251294589e-05,5.251121758073374e-05,calm
2004-05-27,5.03656452057751e-05,1.2069237764693068e-05,calm
2004-06-01,3.960318891817978e-05,3.385568310187234e-05,calm
2004-06-02,4.0325842514571276e-05,3.8072541896442985e-05,calm
2004-06-03,4.226330917472702e-05,6.317875897821396e-05,calm
2004-06-07,4.898005211841042e-05,2.672914921510409e-05,calm
2004-06-08,4.457582459815558e-05,2.046498510355124e-05,calm
2004-06-09,3.976379496009862e-05,1.821254634582509e-05,calm
2004-06-14,3.6503158905964124e-05,6.083380699398143e-05,calm
2004-06-15,4.345430848212059e-05,1.517046656254418e-05,calm
2004-06-16,3.7691324680844204e-05,2.073575942602274e-05,calm
2004-06-17,3.6059353186441154e-05,2.381136068270356e-05,calm
2004-06-21,3.601687661740412e-05,2.6962590883066065e-05,calm
2004-06-22,3.681125133943059e-05,2.09011844040862e-05,calm
2004-06-23,3.57993531466706e-05,1.9973600548683364e-05,calm
2004-06-24,3.4468012343019594e-05,1.902370532555758e-05,calm
2004-06-28,3.367860534057843e-05,1.5675630722967488e-05,calm
2004-06-29,3.228890802445098e-05,2.9324422786989645e-05,calm
2004-06-30,3.496843875482364e-05,4.558847742042023e-05,calm
2004-07-01,4.054165719886332e-05,2.965733230799156e-05,calm
2004-07-06,4.038580906944674e-05,1.8665553469806154e-05,calm
2004-07-07,3.6531724027580545e-05,4.254086159008393e-05,calm
2004-07-08,4.0483417981490353e-05,4.270728226870934e-05,calm
2004-07-12,4.3543922526712905e-05,8.971083163326272e-06,calm
2004-07-13,3.404663052058082e-05,6.267228165025885e-05,calm
2004-07-14,4.2040587144229975e-05,2.9659089386180835e-05,calm
2004-07-15,4.126042108247007e-05,3.768872433914414e-05,calm
2004-07-19,4.259732111959736e-05,3.930473556811868e-05,calm
2004-07-20,4.386229245387477e-05,5.874017661897356e-05,calm
2004-07-21,4.930160278788702e-05,8.039336687104356e-05,calm
2004-07-22,5.811149586838682e-05,5.332088284227309e-05,calm
2004-07-26,5.7364242212241815e-05,4.178087958711557e-05,calm
2004-07-27,5.271796449072442e-05,7.185965149762403e-05,calm
2004-07-28,5.776517081079433e-05,4.283496445307457e-05,calm
2004-07-29,5.3445852170744486e-05,2.8759359970082107e-05,calm
2004-08-02,4.609245796648318e-05,2.559403484988062e-05,calm
2004-08-03,3.858461014215241e-05,4.649421378265179e-05,calm
2004-08-04,4.182299885745621e-05,5.089524964613041e-05,calm
2004-08-05,4.545103686835384e-05,9.310910478276804e-05,calm
2004-08-09,5.704081619409175e-05,4.235918848575945e-05,calm
2004-08-10,5.240209494657361e-05,0.000106615456384,calm
2004-08-11,6.448287443533017e-05,5.057373518265611e-05,calm
2004-08-12,5.90385779095864e-05,4.433847293301378e-05,calm
2004-08-16,5.3151368114324904e-05,3.1006703684964066e-05,calm
2004-08-17,4.539703891757973e-05,4.686626960269624e-05,calm
2004-08-18,4.6058935012010076e-05,3.815873751643198e-05,calm
2004-08-19,4.456064216213863e-05,2.6390427188093405e-05,calm
2004-08-23,3.999758183180106e-05,3.4231125747722495e-05,calm
2004-08-24,3.986006912328286e-05,2.759731053481776e-05,calm
2004-08-25,3.8048132739296834e-05,1.5073402594493956e-05,calm
2004-08-26,3.292522093002867e-05,9.574371923892922e-06,calm
2004-08-30,2.8558659125432887e-05,2.8047606015009595e-05,calm
2004-08-31,3.143179921202679e-05,3.0425982182419896e-05,calm
2004-09-01,3.4155315445429266e-05,1.9551714467397137e-05,calm
2004-09-02,3.2703996421478546e-05,2.60606055105332e-05,calm
2004-09-07,3.355153412555389e-05,2.274243297806097e-05,calm
2004-09-08,3.3166008416626846e-05,3.1993060329525735e-05,calm
2004-09-09,2.984898052206561e-05,2.897432488815208e-05,calm
2004-09-13,3.0373515733509618e-05,1.434966281000752e-05,calm
2004-09-14,2.722689401887446e-05,2.2377523033820985e-05,calm
2004-09-15,2.719427382457388e-05,1.2610326252627773e-05,calm
2004-09-16,2.5009340174092156e-05,2.3171616920976163e-05,calm
2004-09-20,2.5860687289216793e-05,1.5660752281588137e-05,calm
2004-09-21,2.495887837438267e-05,5.7548189795053e-05,calm
2004-09-22,3.0455487314982745e-05,2.677975782617993e-05,calm
2004-09-23,3.0301257165412087e-05,1.723573894888711e-05,calm
2004-09-27,2.7865876359316114e-05,2.4010680108981e-05,calm
2004-09-28,2.7889025666869668e-05,2.4855104597581503e-05,calm
2004-09-29,2.811929264503518e-05,2.8325689436875165e-05,calm
2004-09-30,2.8948178235125292e-05,3.3225022488154e-05,calm
2004-10-04,3.043664566342951e-05,2.027711933198608e-05,calm
2004-10-05,2.877419428608617e-05,1.6897573713299464e-05,calm
2004-10-06,2.6942570180364353e-05,1.61697043963027e-05,calm
2004-10-07,2.571622960307076e-05,2.955327722998703e-05,calm
2004-10-12,2.744404680690267e-05,4.373260934313432e-05,calm
2004-10-13,3.098737049778781e-05,2.6824084809833783e-05,calm
2004-10-14,3.066824548523172e-05,5.3230498235616505e-05,calm
2004-10-18,3.5007633384557265e-05,3.3589967210355955e-05,calm
2004-10-19,3.491184327105154e-05,5.379510947431661e-05,calm
2004-10-20,3.893652460593941e-05,5.0166302303134735e-05,calm
2004-10-21,4.138282921243764e-05,3.627708272348647e-05,calm
2004-10-25,3.953391135785369e-05,3.938181052507464e-05,calm
2004-10-26,3.9028149447515364e-05,4.707750723028362e-05,calm
2004-10-27,4.066628065013576e-05,3.445948108293571e-05,calm
2004-10-28,3.869234980985688e-05,2.9219276576608413e-05,calm
2004-11-01,3.592284526015553e-05,1.543053972137845e-05,calm
2004-11-02,2.996564797098268e-05,4.7029373562063945e-05,calm
2004-11-03,3.3824348271176485e-05,0.0002290475182417,calm
2004-11-04,5.8978404451018924e-05,3.412224664175711e-05,calm
2004-11-05,5.1108980101269416e-05,4.152233972752128e-05,calm
2004-11-08,4.737173681967477e-05,2.0279031954573085e-05,calm
2004-11-09,3.768058355988293e-05,2.337577289797733e-05,calm
2004-11-10,3.357720317762691e-05,2.72746346160913e-05,calm
2004-11-11,3.2432739264144025e-05,2.183518996113652e-05,calm
2004-11-12,3.0409329071930607e-05,1.4740762033689898e-05,calm
2004-11-15,2.712981289964067e-05,2.7330807067689407e-05,calm
2004-11-16,2.8199341985720106e-05,2.4022032195980648e-05,calm
2004-11-17,2.8259081461825165e-05,4.764547939475519e-05,calm
2004-11-18,3.2865320573594144e-05,1.807258079870548e-05,calm
2004-11-19,2.9255815213581566e-05,3.339072756184021e-05,calm
2004-11-22,3.059075903143333e-05,2.115910638294614e-05,calm
2004-11-23,2.8920966366706923e-05,2.8939995465948583e-05,calm
2004-11-24,2.9488592990868543e-05,1.817375054347309e-05,calm
2004-11-26,2.747929449537473e-05,6.9294709887614594e-06,calm
2004-11-29,2.3047988181814986e-05,4.976157720190865e-05,calm
2004-11-30,2.7782134614699273e-05,2.999450821740443e-05,calm
2004-12-01,2.9042200242188466e-05,3.0809521325215374e-05,calm
2004-12-02,2.9969073606314326e-05,2.6607529168391093e-05,calm
2004-12-03,2.969286474345679e-05,4.964696746638946e-05,calm
2004-12-06,3.36369922074803e-05,2.327480025736807e-05,calm
2004-12-07,3.120938583450726e-05,3.7054910737959184e-05,calm
2004-12-08,3.258104166979795e-05,2.5115345603359603e-05,calm
2004-12-09,3.102838270393453e-05,4.259258668109634e-05,calm
2004-12-10,3.3522513664248596e-05,2.391305135215696e-05,calm
2004-12-13,3.1391614554698964e-05,3.15896106008939e-05,calm
2004-12-14,3.16906867387145e-05,1.5006731717879218e-05,calm
2004-12-15,2.7835972470953116e-05,2.323479493696384e-05,calm
2004-12-16,2.7564233692096425e-05,3.356420948135235e-05,calm
2004-12-17,2.9419281767627914e-05,4.728763038046928e-05,calm
2004-12-20,3.321908943062609e-05,4.61617722939268e-05,calm
2004-12-21,3.7096514635008754e-05,2.2023389781050527e-05,calm
2004-12-22,3.304059212362552e-05,1.7205482668070214e-05,calm
2004-12-23,2.902723513012678e-05,1.1091437024996344e-05,calm
2004-12-27,2.504839627461106e-05,2.833356309595392e-05,calm
2004-12-28,2.6706104497034254e-05,1.9559380068330456e-05,calm
2004-12-29,2.6269894501869645e-05,7.845495953125145e-06,calm
2004-12-30,2.268300156640646e-05,5.985971865798163e-06,calm
2004-12-31,2.0272057931591092e-05,8.034036374705617e-06,calm
2005-01-03,1.958039650292475e-05,4.5901741636569045e-05,calm
2005-01-04,2.463866719081495e-05,4.811579241064164e-05,calm
2005-01-05,2.9893281681257993e-05,4.540723082624014e-05,calm
2005-01-06,3.37925365500709e-05,3.700410634180749e-05,calm
2005-01-07,3.4816678458769675e-05,3.716516076401826e-05,calm
2005-01-10,3.533069614416665e-05,2.966732963089849e-05,calm
2005-01-11,3.379705339566986e-05,2.9697495360681423e-05,calm
2005-01-12,3.27909794043738e-05,5.238506417245631e-05,calm
2005-01-13,3.685246542160839e-05,2.5234357658269245e-05,calm
2005-01-14,3.381691682761662e-05,2.4280475471344816e-05,calm
2005-01-18,3.153545899669821e-05,2.4500495574137305e-05,calm
2005-01-19,3.0238944723599555e-05,1.9493173782438938e-05,calm
2005-01-20,2.823197132829717e-05,5.444340367375013e-05,calm
2005-01-21,3.3462971896588713e-05,3.761664613891408e-05,calm
2005-01-24,3.5113952318018376e-05,4.570744942282567e-05,calm
2005-01-25,3.7798377882582816e-05,3.6899261144152046e-05,calm
2005-01-26,3.7569095182233845e-05,3.8513412579391965e-05,calm
2005-01-27,3.7620200557184516e-05,2.1584324942661908e-05,calm
2005-01-28,3.288669414157583e-05,2.993117401109172e-05,calm
2005-01-31,3.228067641804988e-05,4.431068050828149e-05,calm
2005-02-01,3.5282245427288876e-05,1.4798225701036466e-05,calm
2005-02-02,2.96520577855475e-05,1.9513862026098592e-05,calm
2005-02-03,2.7761130461707806e-05,2.469461371866069e-05,calm
2005-02-04,2.7969511238389922e-05,1.8313395349065035e-05,calm
2005-02-07,2.665823358355863e-05,1.1611466095387856e-05,calm
2005-02-08,2.3944320567087903e-05,1.3232728308288593e-05,calm
2005-02-09,2.2840590903967384e-05,2.573482651804878e-05,calm
2005-02-10,2.4824870168030718e-05,2.4809935186810416e-05,calm
2005-02-11,2.6218708150674878e-05,3.52411713032392e-05,calm
2005-02-14,2.9170792005241586e-05,8.127278889610916e-06,calm
2005-02-15,2.3865071201686677e-05,1.4845581397811394e-05,calm
2005-02-16,2.3008685840675258e-05,2.019044949548738e-05,calm
2005-02-17,2.383241869089245e-05,2.5371439544972893e-05,calm
2005-02-18,2.5509577877849098e-05,1.6333220822757518e-05,calm
2005-02-22,2.4931760994279354e-05,3.854942116817373e-05,calm
2005-02-23,2.8550916475103814e-05,3.4154610296020106e-05,calm
2005-02-24,3.078484648781627e-05,3.543161090446478e-05,calm
2005-02-25,3.247521528269227e-05,2.27423891499525e-05,calm
2005-02-28,3.0441298269830772e-05,2.9104739696092604e-05,calm
2005-03-01,3.0556902579161025e-05,2.795330027000681e-05,calm
2005-03-02,3.052037181635346e-05,5.0283135564015925e-05,calm
2005-03-03,3.491397189139815e-05,3.476102448657902e-05,calm
2005-03-04,3.5300337871736486e-05,3.558380653537219e-05,calm
2005-03-07,3.5499089788222125e-05,1.6634682415824848e-05,calm
2005-03-08,3.0251732885638247e-05,2.1564919077918577e-05,calm
2005-03-09,2.859372952511677e-05,3.612923278728716e-05,calm
2005-03-10,3.090289255314582e-05,3.912634524845677e-05,calm
2005-03-11,3.351065772300744e-05,4.1900997244965184e-05,calm
2005-03-14,3.599476801534377e-05,2.455732000593863e-05,calm
2005-03-15,3.32793801939862e-05,2.7189369947552305e-05,calm
2005-03-16,3.2045944482323706e-05,3.5446681546016244e-05,calm
2005-03-17,3.323959138505784e-05,2.198304963572684e-05,calm
2005-03-18,3.090396621689485e-05,2.9838831792945063e-05,calm
2005-03-21,3.124475681593527e-05,3.986068960539432e-05,calm
2005-03-22,3.3771138106131544e-05,5.4828154501861945e-05,calm
2005-03-23,3.7704146602106306e-05,3.629022295562797e-05,calm
2005-03-24,3.763020212079362e-05,3.007413768403363e-05,calm
2005-03-28,3.540370158552498e-05,3.997856429236904e-05,calm
2005-03-29,3.621926713107822e-05,3.314672438760096e-05,calm
2005-03-30,3.5342292959275316e-05,2.339500531760073e-05,calm
2005-03-31,3.202998437224198e-05,7.812622258153005e-05,calm
2005-04-04,4.021737390633654e-05,2.999979125429709e-05,calm
2005-04-05,3.7712822957470624e-05,3.059247858653413e-05,calm
2005-04-06,3.5546727742159715e-05,1.9685348575702457e-05,calm
2005-04-07,3.093645003831154e-05,2.0843878319823105e-05,calm
2005-04-11,2.8522801046749222e-05,4.612551477471924e-05,calm
2005-04-12,3.234431660223161e-05,3.5082507729446465e-05,calm
2005-04-13,3.365115356123513e-05,5.496686708050335e-05,calm
2005-04-14,3.85376374333848e-05,7.690490710534502e-05,calm
2005-04-18,4.6988093657343245e-05,4.662886915754695e-05,calm
2005-04-19,4.706267398199956e-05,6.187588958799296e-05,calm
2005-04-20,5.0121005181740796e-05,9.899925296468038e-05,calm
2005-04-21,6.046639285398639e-05,8.387154474053629e-05,calm
2005-04-25,6.644975990319596e-05,4.090027441636769e-05,calm
2005-04-26,5.683805804882127e-05,6.019719051789494e-05,calm
2005-04-27,5.582501727980824e-05,5.632380158684504e-05,calm
2005-04-28,5.495106190521767e-05,8.969823386297989e-05,calm
2005-05-02,6.264420615796332e-05,8.435956105689265e-05,calm
2005-05-03,6.849923386046308e-05,4.082708713099356e-05,calm
2005-05-04,5.836254332195342e-05,6.433774512715805e-05,calm
2005-05-05,5.8537568706756945e-05,3.8724063986449417e-05,calm
2005-05-09,5.133178860238318e-05,5.877995875066447e-05,calm
2005-05-10,5.241743555416031e-05,4.273662622014396e-05,calm
2005-05-11,4.920470236265076e-05,4.763067827268298e-05,calm
2005-05-12,4.8382886298088576e-05,8.026906814221484e-05,calm
2005-05-16,5.590566307982687e-05,3.313599100492888e-05,calm
2005-05-17,4.8627931554767096e-05,4.315829224971817e-05,calm
2005-05-18,4.6402826398217856e-05,2.511539532305968e-05,calm
2005-05-19,3.9291679483206836e-05,2.051845986491614e-05,calm
2005-05-23,3.342667823260457e-05,2.849458714009533e-05,calm
2005-05-24,3.223563976255854e-05,1.923418569807457e-05,calm
2005-05-25,2.9233332467906073e-05,1.896315609791601e-05,calm
2005-05-26,2.721879512673595e-05,6.953594843349292e-06,calm
2005-05-31,2.2253488245474065e-05,4.6049230549069547e-05,calm
2005-06-01,2.6694131251437818e-05,2.1572037012082583e-05,calm
2005-06-02,2.675265554160207e-05,2.600903120366915e-05,calm
2005-06-06,2.7461976902370365e-05,3.879277790136503e-05,calm
2005-06-07,3.074389775691286e-05,1.908267867937516e-05,calm
2005-06-08,2.815550118125757e-05,3.383439282639542e-05,calm
2005-06-09,2.9808389819621373e-05,1.849932983329848e-05,calm
2005-06-13,2.7272300234155214e-05,2.0947875074852103e-05,calm
2005-06-14,2.6235709378800884e-05,3.092141533222931e-05,calm
2005-06-15,2.7916003127633476e-05,1.7812457179554253e-05,calm
2005-06-16,2.602929827900701e-05,3.0575434205190355e-05,calm
2005-06-20,2.766143431346113e-05,1.8882020747211664e-05,calm
2005-06-21,2.6169727982883298e-05,3.133421211333544e-05,calm
2005-06-22,2.7938459777547282e-05,3.825981399979101e-05,calm
2005-06-23,3.086926799951456e-05,2.4366261268762982e-05,calm
2005-06-27,2.967642314296029e-05,1.791375935592916e-05,calm
2005-06-28,2.682539348619797e-05,1.6968793232364282e-05,calm
2005-06-29,2.4860338514001375e-05,3.111782425387137e-05,calm
2005-06-30,2.688573595271589e-05,3.2985587000091137e-05,calm
2005-07-05,2.9077136020111227e-05,2.2667685602973467e-05,calm
2005-07-06,2.8116666051538338e-05,8.381835669036773e-05,calm
2005-07-07,3.801123586891636e-05,2.0852249796776843e-05,calm
2005-07-11,3.3111592143174136e-05,2.2023717503727743e-05,calm
2005-07-12,2.9798054482052484e-05,1.4936253059586477e-05,calm
2005-07-13,2.5849289847155e-05,4.8912138019135416e-05,calm
2005-07-14,2.9737280346044766e-05,1.2216940879486834e-05,calm
2005-07-18,2.5119521954129824e-05,3.368803054471808e-05,calm
2005-07-19,2.710059815938533e-05,3.06600303744555e-05,calm
2005-07-20,2.8433352433964083e-05,5.317992325315859e-05,calm
2005-07-21,3.374057143655491e-05,2.015624366034149e-05,calm
2005-07-25,3.012599339997028e-05,2.249484137344417e-05,calm
2005-07-26,2.80904595010071e-05,1.9861688987419822e-05,calm
2005-07-27,2.6191713532467297e-05,2.0693676357483468e-05,calm
2005-07-28,2.5243663023689786e-05,1.5163854141479549e-05,calm
2005-08-01,2.3314101865266958e-05,1.2862996648590173e-05,calm
2005-08-02,2.1513038882578874e-05,1.2566415835997024e-05,calm
2005-08-03,2.0370070474170922e-05,1.613325908824546e-05,calm
2005-08-04,2.0478999455293683e-05,1.958530009370837e-05,calm
2005-08-08,2.1320007053609188e-05,3.086216032325034e-05,calm
2005-08-09,2.400304854752002e-05,4.6928743703113045e-05,calm
2005-08-10,2.8975932562401738e-05,3.3728975472054104e-05,calm
2005-08-11,3.0693051869656925e-05,2.8574747264927967e-05,calm
2005-08-15,3.0321059545712734e-05,2.96828932659976e-05,calm
2005-08-16,3.0111246343704777e-05,3.0370486727722663e-05,calm
2005-08-17,3.0148200840741505e-05,2.700724558616188e-05,calm
2005-08-18,2.9387772314524936e-05,1.8581822715203723e-05,calm
2005-08-22,2.6461046914539646e-05,2.179799532853289e-05,calm
2005-08-23,2.5576623272311333e-05,3.658470099731825e-05,calm
2005-08-24,2.8037187262122817e-05,1.5997436972118984e-05,calm
2005-08-25,2.5358069572947582e-05,3.063198071331879e-05,calm
2005-08-29,2.6688237340279882e-05,5.07387240882254e-05,calm
2005-08-30,3.14797098874172e-05,5.462548502244964e-05,calm
2005-08-31,3.6579084103205537e-05,5.610150949666649e-05,calm
2005-09-01,4.101233765196465e-05,2.281686464852555e-05,calm
2005-09-06,3.496136996749094e-05,1.6159575246402022e-05,calm
2005-09-07,2.877677078427658e-05,1.972800316256676e-05,calm
2005-09-08,2.639137617994744e-05,1.8209318336989488e-05,calm
2005-09-12,2.478273642207942e-05,2.356127647573038e-05,calm
2005-09-13,2.5017972708926316e-05,2.453604912012196e-05,calm
2005-09-14,2.5518787607264782e-05,3.164011968956482e-05,calm
2005-09-15,2.730403401202159e-05,2.7880285094037205e-05,calm
2005-09-19,2.789739358587342e-05,3.740111023942561e-05,calm
2005-09-20,3.0149634756257117e-05,3.457724285097569e-05,calm
2005-09-21,3.1340620811992466e-05,5.148428271294945e-05,calm
2005-09-22,3.549986805500414e-05,2.466406603103198e-05,calm
2005-09-26,3.239856272895928e-05,3.200960538273306e-05,calm
2005-09-27,3.190603000883541e-05,2.598506303239372e-05,calm
2005-09-28,2.9649694367117427e-05,4.144167384861928e-05,calm
2005-09-29,3.218688530847959e-05,1.9014888745876485e-05,calm
2005-10-03,2.8196460261227964e-05,3.759356113683181e-05,calm
2005-10-04,3.0237508573665744e-05,5.848447156697858e-05,calm
2005-10-05,3.6316149482238364e-05,0.0001003484682485,calm
2005-10-06,4.929877285827939e-05,4.514731813742246e-05,calm
2005-10-10,4.75478319847352e-05,5.726968858401061e-05,calm
2005-10-11,4.8585975153170645e-05,7.76256646249013e-05,calm
2005-10-12,5.439515572137651e-05,9.162665707017618e-05,calm
2005-10-13,6.267535396526046e-05,6.765931071258134e-05,calm
2005-10-17,6.269008036690707e-05,3.0089507799808705e-05,calm
2005-10-18,4.8381895893466085e-05,7.918817896031006e-05,calm
2005-10-19,5.4063489377464056e-05,9.591824121340194e-05,calm
2005-10-20,6.395873948444612e-05,8.151648544295895e-05,calm
2005-10-24,6.867027431100043e-05,4.71695635441993e-05,calm
2005-10-25,5.996293133184855e-05,6.579726674142392e-05,calm
2005-10-26,6.000660336150813e-05,3.3405306250097035e-05,calm
2005-10-27,4.934772505403721e-05,7.62132467527258e-05,calm
2005-10-31,5.508655084641087e-05,3.806864662807372e-05,calm
2005-11-01,4.907255822141173e-05,2.071472277347303e-05,calm
2005-11-02,3.828087071510377e-05,2.78925007247656e-05,calm
2005-11-03,3.49910093169631e-05,3.846580900875449e-05,calm
2005-11-04,3.611610036530872e-05,3.145858659111887e-05,calm
2005-11-07,3.5213367850514504e-05,2.405023865787716e-05,calm
2005-11-08,3.2256354014597304e-05,2.551137965097868e-05,calm
2005-11-09,3.064656079211377e-05,2.5009885733389208e-05,calm
2005-11-10,2.9474212614985648e-05,4.20688067707311e-05,calm
2005-11-11,3.2598161049120426e-05,5.921464730879728e-06,calm
2005-11-14,2.3568209444286152e-05,1.5318954687525145e-05,calm
2005-11-15,2.219122065123286e-05,2.532872748613692e-05,calm
2005-11-16,2.378824265037764e-05,2.319535882927661e-05,calm
2005-11-17,2.461831112334643e-05,2.2121223384277625e-05,calm
2005-11-18,2.4825127033982075e-05,2.884746034356546e-05,calm
2005-11-21,2.6366466110880912e-05,1.5727193075837816e-05,calm
2005-11-22,2.410915997510756e-05,2.136779765765257e-05,calm
2005-11-23,2.4036838426359998e-05,1.3935917524098171e-05,calm
2005-11-25,2.223679448773329e-05,5.292996952738535e-06,calm
2005-11-28,1.8635239399475497e-05,1.6452394237746657e-05,calm
2005-11-29,1.9334410999987382e-05,3.336847674191574e-05,calm
2005-11-30,2.297895793971367e-05,3.0834080480860925e-05,calm
2005-12-01,2.559241076709844e-05,4.791793888147823e-05,calm
2005-12-02,3.05704017015238e-05,1.310105167709827e-05,calm
2005-12-05,2.4569823510278596e-05,1.920120215506316e-05,calm
2005-12-06,2.352778294519721e-05,3.2799740667172914e-05,calm
2005-12-07,2.5859927870958416e-05,2.8351917133695523e-05,calm
2005-12-08,2.6666697483763764e-05,4.0919003996538864e-05,calm
2005-12-09,2.9731146026400977e-05,2.210568464310617e-05,calm
2005-12-12,2.7453045109393505e-05,2.0975064420046447e-05,calm
2005-12-13,2.5730034305299543e-05,2.5940166378021988e-05,calm
2005-12-14,2.5952053406240288e-05,1.9782026586472794e-05,calm
2005-12-15,2.4685148732526463e-05,2.1261330076920137e-05,calm
2005-12-16,2.4296587505107937e-05,2.079832551752129e-05,calm
2005-12-19,2.397327627576738e-05,2.0906488258439613e-05,calm
2005-12-20,2.3809505593353813e-05,1.700886300234145e-05,calm
2005-12-21,2.2746366191003036e-05,3.322462060617423e-05,calm
2005-12-22,2.547903852466129e-05,1.4802547841585071e-05,calm
2005-12-23,2.307278279410989e-05,6.242016936010334e-06,calm
2005-12-27,1.895945844157833e-05,3.080193763460183e-05,calm
2005-12-28,2.2187520894936582e-05,1.3347128501126844e-05,calm
2005-12-29,2.094201052362163e-05,1.5030119589318696e-05,calm
2005-12-30,2.05935701875417e-05,2.7625515164712065e-05,calm
2006-01-03,2.2941824312088917e-05,6.550958226986926e-05,calm
2006-01-04,3.0450481100721867e-05,2.99964857988114e-05,calm
2006-01-05,2.9691655842890054e-05,2.00727538030809e-05,calm
2006-01-06,2.666069736471998e-05,5.783084066735448e-05,calm
2006-01-09,3.219640848099418e-05,1.2946303918073402e-05,calm
2006-01-10,2.564986205209933e-05,2.454498754089105e-05,calm
2006-01-11,2.5399708478808947e-05,1.9371220562194148e-05,calm
2006-01-12,2.4151605250074122e-05,1.3941632730994012e-05,calm
2006-01-13,2.2015602158056655e-05,1.803288757845814e-05,calm
2006-01-17,2.183970304735716e-05,2.525145744680113e-05,calm
2006-01-18,2.326822715451374e-05,3.1789174910290275e-05,calm
2006-01-19,2.5534071769730888e-05,2.2086407803363955e-05,calm
2006-01-20,2.4976751185333452e-05,4.164286758383666e-05,calm
2006-01-23,2.8453347544226342e-05,2.390481474959569e-05,calm
2006-01-24,2.7186812686169378e-05,2.696126189647672e-05,calm
2006-01-25,2.704036405697227e-05,6.032708418760052e-05,calm
2006-01-26,3.307855389212188e-05,5.4023824152919454e-05,calm
2006-01-27,3.7229236821849734e-05,2.657714534350269e-05,calm
2006-01-30,3.3157691460037456e-05,1.0909909929678137e-05,calm
2006-01-31,2.5187694929380687e-05,2.715620021860394e-05,calm
2006-02-01,2.571949740337519e-05,3.478004094315291e-05,calm
2006-02-02,2.7874615319152487e-05,4.0408698199216375e-05,calm
2006-02-03,3.0635204955421355e-05,5.241333903434699e-05,calm
2006-02-06,3.5361889036217226e-05,2.243148605695374e-05,calm
2006-02-07,3.071988558013517e-05,4.118616951794815e-05,calm
2006-02-08,3.263779415765313e-05,1.9398040215845905e-05,calm
2006-02-09,2.8169786280614285e-05,2.2015184183145293e-05,calm
2006-02-10,2.648749045786944e-05,4.1278649442193335e-05,calm
2006-02-13,2.9793116483409775e-05,2.178121159393728e-05,calm
2006-02-14,2.756063064293336e-05,2.7002608132455776e-05,calm
2006-02-15,2.750816915205666e-05,4.136803863061303e-05,calm
2006-02-16,3.063549072701491e-05,1.288318362253558e-05,calm
2006-02-17,2.493955276650944e-05,1.078149890078717e-05,calm
2006-02-21,2.1399413041854133e-05,2.613943204010344e-05,calm
2006-02-22,2.3260230573244658e-05,1.8268895804869863e-05,calm
2006-02-23,2.280267173845217e-05,2.755517345759565e-05,calm
2006-02-24,2.454780738917962e-05,1.349439143439122e-05,calm
2006-02-27,2.2105217340665294e-05,1.580164274883552e-05,calm
2006-02-28,2.1367112147013773e-05,3.50421813868333e-05,calm
2006-03-01,2.481183293468023e-05,1.695468786804152e-05,calm
2006-03-02,2.3243218271015002e-05,3.0247823247216044e-05,calm
2006-03-03,2.5276284598293096e-05,3.851043258183827e-05,calm
2006-03-06,2.8351686999614576e-05,2.638660774327473e-05,calm
2006-03-07,2.7736814245069908e-05,3.0281178682311728e-05,calm
2006-03-08,2.7860536484109366e-05,3.260250452562999e-05,calm
2006-03-09,2.869294549948027e-05,1.879239112449381e-05,calm
2006-03-10,2.5829940216932867e-05,3.3172003336672044e-05,calm
2006-03-13,2.7418142564575505e-05,1.8379906091064248e-05,calm
2006-03-14,2.508424517372608e-05,1.7343582482868603e-05,calm
2006-03-15,2.3481889785175828e-05,1.4774229330184016e-05,calm
2006-03-16,2.1934364045376774e-05,2.078524109804008e-05,calm
2006-03-17,2.2430769547293883e-05,1.1901484888850126e-05,calm
2006-03-20,2.0605777845084455e-05,1.6749856394326092e-05,calm
2006-03-21,2.0726441856393038e-05,2.4461627228568748e-05,calm
2006-03-22,2.2348252668973584e-05,1.8461006909594467e-05,calm
2006-03-23,2.2163786470247737e-05,1.883971043070543e-05,calm
2006-03-24,2.2095335263357272e-05,1.7053066159512233e-05,calm
2006-03-27,2.1642131279574726e-05,3.095024450966714e-05,calm
2006-03-28,2.4072055537812687e-05,2.4142056492579336e-05,calm
2006-03-29,2.4448795452362365e-05,3.858341530803866e-05,calm
2006-03-30,2.7446711528731673e-05,2.455841313999867e-05,calm
2006-04-03,2.6604607021587602e-05,2.7103277161483296e-05,calm
2006-04-04,2.663433669252972e-05,2.5010793987869663e-05,calm
2006-04-05,2.619268700328324e-05,2.431446065117456e-05,calm
2006-04-06,2.5775532283685064e-05,4.921028090193077e-05,calm
2006-04-10,3.064305452334209e-05,4.039460873516393e-05,calm
2006-04-11,3.2630182974332725e-05,2.017601665360685e-05,calm
2006-04-12,2.8574859212347996e-05,2.3542130582969885e-05,calm
2006-04-17,2.711615465250774e-05,5.889939146255047e-05,calm
2006-04-18,3.293760446177968e-05,3.358045596543012e-05,calm
2006-04-19,3.277642969441599e-05,3.70580299545061e-05,calm
2006-04-20,3.329369879319669e-05,2.884519803163854e-05,calm
2006-04-24,3.157416245931041e-05,3.06228595817359e-05,calm
2006-04-25,3.091358190559794e-05,4.206147676224752e-05,calm
2006-04-26,3.3127481924073656e-05,0.0001157893059911,calm
2006-04-27,4.666720195955202e-05,2.395760681170949e-05,calm
2006-05-01,3.814060812979229e-05,2.6729858019605345e-05,calm
2006-05-02,3.371768134044852e-05,2.253747380875809e-05,calm
2006-05-03,3.0029129605195184e-05,1.9101556159692538e-05,calm
2006-05-04,2.703507558344155e-05,3.581759893345211e-05,calm
2006-05-08,2.9152607499964303e-05,5.2811202004674094e-06,calm
2006-05-09,2.1412129662731386e-05,2.545807792597465e-05,calm
2006-05-10,2.30584315893303e-05,3.4688910732961645e-05,calm
2006-05-11,2.6154931030096084e-05,7.03465158033034e-05,calm
2006-05-15,3.420816021517905e-05,2.967451301973849e-05,calm
2006-05-16,3.276858976926372e-05,8.62964180647739e-05,calm
2006-05-17,4.029914118313315e-05,5.775689710853748e-05,calm
2006-05-18,4.390969745661973e-05,8.85207010353377e-05,calm
2006-05-22,5.228757076542144e-05,7.474737073904105e-05,calm
2006-05-23,5.71890068891904e-05,0.0001568220245815,calm
2006-05-24,7.527644800559847e-05,4.735913249411477e-05,calm
2006-05-25,6.624751350302584e-05,1.4269276366805604e-05,calm
2006-05-30,4.3383257947820494e-05,6.797333263303817e-05,calm
2006-05-31,4.6526416552426614e-05,4.05155030058163e-05,calm
2006-06-01,4.409761265060935e-05,5.4485833040060406e-05,calm
2006-06-05,4.575494463053913e-05,9.813495007227456e-05,calm
2006-06-06,5.5501430960240885e-05,6.42049480740768e-05,calm
2006-06-07,5.775070325370598e-05,0.0001609976568298,calm
2006-06-08,7.645429505845733e-05,5.848441991708481e-05,calm
2006-06-12,7.171509984733906e-05,0.0001551810673886,calm
2006-06-13,8.80928595758402e-05,8.929928043441164e-05,calm
2006-06-14,8.885305288616528e-05,6.837686572454833e-05,calm
2006-06-15,8.179703056503218e-05,4.456046311560157e-05,calm
2006-06-19,6.781180029279157e-05,4.161435722005943e-05,calm
2006-06-20,5.773195003175387e-05,3.980550592975142e-05,calm
2006-06-21,5.09852753100889e-05,3.907099249013956e-05,calm
2006-06-22,4.660155489199456e-05,5.182735232282784e-05,calm
2006-06-26,4.7336255732306095e-05,3.15743620689587e-05,calm
2006-06-27,4.2071563566231955e-05,2.969139376904296e-05,calm
2006-06-28,3.7863273216405236e-05,9.942451819995536e-05,calm
2006-06-29,5.096457843226836e-05,2.5934256244406105e-05,calm
2006-07-05,4.1682134457983605e-05,2.973056588367171e-05,calm
2006-07-06,3.68748707154724e-05,3.229603863295765e-05,calm
2006-07-10,3.502174028392495e-05,3.95611976834746e-05,calm
2006-07-11,3.6075066599533826e-05,2.916054476288056e-05,calm
2006-07-12,3.377510395558734e-05,5.791651198532688e-05,calm
2006-07-13,3.9239371301906134e-05,7.669155188587427e-05,calm
2006-07-17,4.806924238889554e-05,7.751915591055189e-05,calm
2006-07-18,5.527098353359579e-05,8.937524434491545e-05,calm
2006-07-19,6.313261087944618e-05,3.443352985324364e-05,calm
2006-07-20,4.9495165109858484e-05,7.415385800959147e-05,calm
2006-07-24,5.3315747438739963e-05,5.6479841502276246e-05,calm
2006-07-25,5.217581355268615e-05,4.4996953590506045e-05,calm
2006-07-26,4.784858317998617e-05,5.98007417014539e-05,calm
2006-07-27,4.958096764559562e-05,5.050025682248678e-05,calm
2006-07-31,4.859512883915179e-05,3.4875652513479095e-05,calm
2006-08-01,4.274130151452104e-05,4.157416794592438e-05,calm
2006-08-02,4.130939483999302e-05,5.576825352845317e-05,calm
2006-08-03,4.441061003876257e-05,4.629293118546689e-05,calm
2006-08-07,4.428069845561851e-05,7.044880302316272e-05,calm
2006-08-08,5.04888192853955e-05,7.272535548833909e-05,calm
2006-08-09,5.594617161020332e-05,4.60069380914304e-05,calm
2006-08-10,5.086773399586216e-05,2.346482587576496e-05,calm
2006-08-14,3.874580942116539e-05,6.035608618960762e-05,calm
2006-08-15,4.314852499662408e-05,2.03979011558099e-05,calm
2006-08-16,3.432820013904865e-05,1.7628337647109112e-05,calm
2006-08-17,2.85504322933108e-05,1.5944874786718075e-05,calm
2006-08-21,2.5117432764343946e-05,1.79286418692486e-05,calm
2006-08-22,2.3900183744459377e-05,1.713952015572996e-05,calm
2006-08-23,2.299395922108007e-05,2.274404560423668e-05,calm
2006-08-24,2.3882305900775738e-05,1.481886371278123e-05,calm
2006-08-28,2.2178829215592095e-05,1.8437567600561787e-05,calm
2006-08-29,2.2144058200157306e-05,1.591014999393216e-05,calm
2006-08-30,2.1429805606159003e-05,8.65709378512243e-06,calm
2006-08-31,1.8779001200117362e-05,2.6818486129431844e-05,calm
2006-09-05,2.167621177052136e-05,2.255588632588384e-05,calm
2006-09-06,2.2903770073487156e-05,3.645449597785752e-05,calm
2006-09-07,2.6567844312104526e-05,1.77815129335666e-05,calm
2006-09-11,2.4202932495966877e-05,2.016111071276435e-05,calm
2006-09-12,2.3056934864105993e-05,1.2830292710308151e-05,calm
2006-09-13,2.0846293356888606e-05,1.3596267154475135e-05,calm
2006-09-14,1.9917058907813112e-05,2.812030605765717e-05,calm
2006-09-18,2.2349367068608896e-05,1.9445172853326387e-05,calm
2006-09-19,2.2241220285285157e-05,3.690597187038145e-05,calm
2006-09-20,2.5499277952514182e-05,3.333717340972816e-05,calm
2006-09-21,2.720749484654634e-05,1.849905728730936e-05,calm
2006-09-25,2.4611815015806185e-05,2.887975121088769e-05,calm
2006-09-26,2.556632217434449e-05,3.2985468982108414e-05,calm
2006-09-27,2.713834336434106e-05,1.6545772860181013e-05,calm
2006-09-28,2.4070562927020737e-05,1.0293680786142047e-05,calm
2006-10-02,2.056275193645751e-05,2.459948531719992e-05,calm
2006-10-03,2.215268624742288e-05,2.021121121287753e-05,calm
2006-10-04,2.2356972596849372e-05,1.3167416455492236e-05,calm
2006-10-05,2.0666761553769748e-05,3.344378818346737e-05,calm
2006-10-09,2.3790198940519627e-05,1.3741346810826676e-05,calm
2006-10-10,2.1578329117281743e-05,2.6617363814731348e-05,calm
2006-10-11,2.32118272070847e-05,1.7547872528740184e-05,calm
2006-10-12,2.2269035091502966e-05,9.480284530419702e-06,calm
2006-10-16,1.945607294188865e-05,2.1669666464013374e-05,calm
2006-10-17,2.0855789781056346e-05,4.960183098900495e-05,calm
2006-10-18,2.6489432340303335e-05,1.3102452103515802e-05,calm
2006-10-19,2.2773603610870746e-05,7.90081222346207e-06,calm
2006-10-23,1.911011999414745e-05,2.762893771212448e-05,calm
2006-10-24,2.16668495375602e-05,2.645585013212175e-05,calm
2006-10-25,2.3388448442154633e-05,2.3009711979618304e-05,calm
2006-10-26,2.3730612274906294e-05,3.3174159319324787e-05,calm
2006-10-30,2.5994965933377967e-05,1.400395233979828e-05,calm
2006-10-31,2.2735751109100438e-05,2.593756798935709e-05,calm
2006-11-01,2.382240757288134e-05,2.2409210064207608e-05,calm
2006-11-02,2.3841112063458378e-05,1.907591747092852e-05,calm
2006-11-03,2.302876311212171e-05,3.84824497741386e-05,calm
2006-11-06,2.6438956212741352e-05,2.575225841074673e-05,calm
2006-11-07,2.631319207037507e-05,1.9582880941686183e-05,calm
2006-11-08,2.4553478549904863e-05,4.010187070325331e-05,calm
2006-11-09,2.78270677103812e-05,2.481675346570893e-05,calm
2006-11-10,2.6930601791542063e-05,1.5874688052641962e-05,calm
2006-11-13,2.3819630622699795e-05,1.5851757550240773e-05,calm
2006-11-14,2.217236635538423e-05,3.682463489218845e-05,calm
2006-11-15,2.553876605849689e-05,1.429141470808222e-05,calm
2006-11-16,2.2753087624751517e-05,2.051446661559993e-05,calm
2006-11-17,2.2754264053307424e-05,2.3658367242021745e-05,calm
2006-11-20,2.356238172062232e-05,1.698261692727839e-05,calm
2006-11-21,2.2517669127802355e-05,7.919128775626147e-06,calm
2006-11-22,1.936411399912838e-05,1.2395649020698937e-05,calm
2006-11-24,1.885028634394006e-05,2.918951148667347e-05,calm
2006-11-27,2.1491938122674563e-05,3.784938065208794e-05,calm
2006-11-28,2.497767095681531e-05,4.007236225495033e-05,calm
2006-11-29,2.815685325284938e-05,4.1322339703193765e-05,calm
2006-11-30,3.080848521407488e-05,5.123420871721887e-05,calm
2006-12-01,3.464779214090224e-05,5.7338192957518384e-05,calm
2006-12-04,3.8901852543421356e-05,2.327657097184121e-05,calm
2006-12-05,3.3322361400959185e-05,2.1846295878807715e-05,calm
2006-12-06,2.9372965335800268e-05,9.790503918683016e-06,calm
2006-12-07,2.3307699341256917e-05,2.341876127661348e-05,calm
2006-12-08,2.362222474929481e-05,2.109560165167e-05,calm
2006-12-11,2.3557481240436022e-05,8.6464042193481e-06,calm
2006-12-12,2.0214548584859854e-05,2.478747087996112e-05,calm
2006-12-13,2.1803083319317592e-05,2.62868027670106e-05,calm
2006-12-14,2.3367595475592865e-05,2.005888547004301e-05,calm
2006-12-15,2.3169635832687677e-05,1.9756140469778264e-05,calm
2006-12-18,2.290111725585727e-05,1.2583725798421445e-05,calm
2006-12-19,2.096970969959254e-05,3.028768990137271e-05,calm
2006-12-20,2.3077418987120202e-05,7.206939785982116e-06,calm
2006-12-21,1.887638671729746e-05,1.9571446912611223e-05,calm
2006-12-22,2.000308486182841e-05,2.118569427641668e-05,calm
2006-12-26,2.1111559462027698e-05,6.508273715781892e-06,calm
2006-12-27,1.7742261976050723e-05,2.118140642885569e-05,calm
2006-12-28,1.954402366166139e-05,1.0933785934001245e-05,calm
2006-12-29,1.8402419404160758e-05,2.253133446825217e-05,calm
2007-01-03,2.0246472236004897e-05,4.506079774052098e-05,calm
2007-01-04,2.5248676582408943e-05,4.229880145404546e-05,calm
2007-01-05,2.8818858611192542e-05,3.960850137609532e-05,calm
2007-01-08,3.079497098687975e-05,3.369348123099182e-05,calm
2007-01-09,3.0679939880768e-05,3.114137600355407e-05,calm
2007-01-10,2.993138391923251e-05,2.8498001912115327e-05,calm
2007-01-11,2.884393351869102e-05,1.5174741643015502e-05,calm
2007-01-12,2.438838335701677e-05,1.298669968860314e-05,calm
2007-01-16,2.150445906150077e-05,1.4157693272464276e-05,calm
2007-01-17,2.03881052141347e-05,2.2365817187239105e-05,calm
2007-01-18,2.1622183767256374e-05,2.494821111320507e-05,calm
2007-01-19,2.2992465022038206e-05,1.1403669752408372e-05,calm
2007-01-22,2.03461717267563e-05,1.830673551002677e-05,calm
2007-01-23,2.0681182704083386e-05,1.907113262541366e-05,calm
2007-01-24,2.097082445414521e-05,1.7021418873956373e-05,calm
2007-01-25,2.070939778610235e-05,2.159931327926243e-05,calm
2007-01-26,2.1600220963565533e-05,3.294252626735421e-05,calm
2007-01-29,2.445444170044051e-05,2.062511217250769e-05,calm
2007-01-30,2.3577581091178513e-05,2.216011759801403e-05,calm
2007-01-31,2.3394344555695895e-05,4.128144982272786e-05,calm
2007-02-01,2.720705673525675e-05,2.226116152493081e-05,calm
2007-02-02,2.5591484064599005e-05,1.2829747924856592e-05,calm
2007-02-05,2.1791118988437317e-05,9.343912885651973e-06,calm
2007-02-06,1.8911748707772174e-05,1.0713033410875672e-05,calm
2007-02-07,1.7975673655638945e-05,1.0814209798654906e-05,calm
2007-02-08,1.753558160542456e-05,2.755677375575885e-05,calm
2007-02-09,2.0597138121727044e-05,2.742613083686676e-05,calm
2007-02-12,2.2772338922468254e-05,1.1972466046714771e-05,calm
2007-02-13,2.018391695661632e-05,2.104434029758367e-05,calm
2007-02-14,2.1064707329436796e-05,2.4845864324328635e-05,calm
2007-02-15,2.2478086467839657e-05,9.34903373839985e-06,calm
2007-02-16,1.918506958759089e-05,9.545006692153727e-06,calm
2007-02-20,1.7711541790917682e-05,1.6204650734436462e-05,calm
2007-02-21,1.8583649693246293e-05,2.967895815031996e-05,calm
2007-02-22,2.1710127283228215e-05,2.774143405998003e-05,calm
2007-02-23,2.283208269947883e-05,1.7617328625646743e-05,calm
2007-02-26,2.1896805814077047e-05,2.443822987611277e-05,calm
2007-02-27,2.2700276984771066e-05,0.0002803240191029,calm
2007-02-28,4.3360149957390904e-05,0.0001217706927491,calm
2007-03-01,5.7516242764495345e-05,0.0003799144036669,calm
2007-03-02,0.00010051389088328922,7.439101482414818e-05,calm
2007-03-05,9.335242110255075e-05,0.0001694612082679,calm
2007-03-06,0.00011099726911762805,0.0001134689041992,calm
2007-03-07,0.00011156359552371717,3.414279751907002e-05,calm
2007-03-08,7.772898483031655e-05,7.461909348660612e-05,calm
2007-03-09,7.42522137375008e-05,5.788944170905831e-05,calm
2007-03-12,6.769973979632578e-05,2.490229987814612e-05,calm
2007-03-13,5.042896383300867e-05,8.970738994064515e-05,calm
2007-03-14,5.786914578101987e-05,0.0001615954400272,calm
2007-03-15,7.795790611163371e-05,4.288518133379065e-05,calm
2007-03-16,6.635220301016946e-05,2.917255993453537e-05,calm
2007-03-19,5.2067686479775316e-05,5.433113053397026e-05,calm
2007-03-20,5.1476273493585987e-05,1.9093651815710383e-05,calm
2007-03-21,3.934629525023252e-05,6.634452415214046e-05,calm
2007-03-22,4.439768798558161e-05,1.7480806335324023e-05,calm
2007-03-23,3.496538009781411e-05,2.1752451118461235e-05,calm
2007-03-26,3.0319209745550642e-05,4.251569491510792e-05,calm
2007-03-27,3.3623576333370886e-05,6.188325160527927e-05,calm
2007-03-28,4.051271501406707e-05,7.920989026962224e-05,calm
2007-03-29,4.9771230032616505e-05,4.713978316039182e-05,calm
2007-04-02,4.7440923501408165e-05,4.239278465647242e-05,calm
2007-04-03,4.3831463686365665e-05,1.32252096061014e-05,calm
2007-04-04,3.0042784446261137e-05,6.868733232916942e-06,calm
2007-04-09,2.1725935699023342e-05,1.000577963565332e-05,calm
2007-04-10,1.9507500953588878e-05,2.1936268931132363e-05,calm
2007-04-11,2.1303544018887656e-05,2.08138543624239e-05,calm
2007-04-12,2.2209624726777576e-05,1.881436785771979e-05,calm
2007-04-16,2.211542449371087e-05,1.4892323158757945e-05,calm
2007-04-17,2.091819381493582e-05,1.6426867092686428e-05,calm
2007-04-18,2.0659374431345213e-05,4.2003477125710656e-05,calm
2007-04-19,2.555724452345346e-05,7.92713588037026e-05,calm
2007-04-23,3.5412842176031386e-05,2.279789723173168e-05,calm
2007-04-24,2.9976158697252177e-05,3.16479437805554e-05,calm
2007-04-25,2.9405652378457842e-05,1.5875027756402973e-05,calm
2007-04-26,2.4498670481625157e-05,2.114516317955485e-05,calm
2007-04-30,2.3719998353512204e-05,3.8038050530442736e-05,calm
2007-05-01,2.7099257591443892e-05,1.5116602454379909e-05,calm
2007-05-02,2.303143743751684e-05,2.01309585214887e-05,calm
2007-05-03,2.2528723505680502e-05,1.658361868375604e-05,calm
2007-05-07,2.136873931612419e-05,2.5057710327751667e-05,calm
2007-05-08,2.2701354251729017e-05,1.98600375157866e-05,calm
2007-05-09,2.2307509579391204e-05,4.513021304641341e-05,calm
2007-05-10,2.7075917569882164e-05,2.7186510200428123e-05,calm
2007-05-14,2.6667212921863792e-05,5.345072788645108e-05,calm
2007-05-15,3.181187303035684e-05,3.734598575359074e-05,calm
2007-05-16,3.209360019272179e-05,2.0005130106902142e-05,calm
2007-05-17,2.7097689056111196e-05,2.0959405736388176e-05,calm
2007-05-21,2.4853517828893616e-05,1.914186404970872e-05,calm
2007-05-22,2.3283592706684602e-05,3.061452407221036e-05,calm
2007-05-23,2.5148806949499365e-05,5.3517352657326345e-05,calm
2007-05-24,3.091451741289143e-05,3.08706894850276e-05,calm
2007-05-29,3.0088943285750312e-05,4.846749115723277e-05,calm
2007-05-30,3.3472835184055345e-05,1.7186289990123763e-05,calm
2007-05-31,2.6882979267742526e-05,3.79232019065358e-05,calm
2007-06-04,2.8918009302726395e-05,3.114706847587333e-05,calm
2007-06-05,2.8879994017139398e-05,3.674411118648482e-05,calm
2007-06-06,3.0220484310188537e-05,7.437020870833379e-05,calm
2007-06-07,3.866384153498947e-05,5.254647567651792e-05,calm
2007-06-11,4.0438984965560205e-05,6.630966155709031e-05,calm
2007-06-12,4.502264905723102e-05,6.488991320270412e-05,calm
2007-06-13,4.8074956571195654e-05,2.3878967590886643e-05,calm
2007-06-14,3.669692211099474e-05,4.717931507962112e-05,calm
2007-06-18,3.776574266876884e-05,1.830927292477324e-05,calm
2007-06-19,2.9889198661890562e-05,5.179075301605775e-05,calm
2007-06-20,3.4282883226482566e-05,7.764258247053108e-05,calm
2007-06-21,4.31345020079839e-05,8.07640554469892e-05,calm
2007-06-25,5.12702572822042e-05,8.019526718780374e-05,calm
2007-06-26,5.730350471877176e-05,7.081475749594538e-05,calm
2007-06-27,5.891093035283129e-05,6.146817526204457e-05,calm
2007-06-28,5.698197727991084e-05,7.759919824617189e-05,calm
2007-07-02,6.047610016284616e-05,1.002187437132428e-05,calm
2007-07-05,3.4596138527718964e-05,1.816453501270346e-05,calm
2007-07-09,2.8704380440562735e-05,7.456955525102637e-05,calm
2007-07-10,3.7751283989353136e-05,4.903818519711789e-05,calm
2007-07-11,4.049239708420466e-05,4.911009303794304e-05,calm
2007-07-12,4.2136522581432837e-05,1.8830126654505064e-05,calm
2007-07-16,3.2492828156166724e-05,2.2564391445408063e-05,calm
2007-07-17,2.89143268809531e-05,6.72490270993307e-05,calm
2007-07-18,3.653780497783434e-05,3.541691050983973e-05,calm
2007-07-19,3.611203251156806e-05,8.039872067280962e-05,calm
2007-07-23,4.547034529705993e-05,0.0001162603927455,calm
2007-07-24,6.0718673161331836e-05,0.000170826887148,calm
2007-07-25,8.461284900319245e-05,0.0003273198301778,calm
2007-07-26,0.0001314702805660916,0.0001876647791166,calm
2007-07-30,0.00014409410322548943,0.0001350277612505,calm
2007-07-31,0.00013499237172377612,0.0002795008345358,calm
2007-08-01,0.0001657018333809374,0.0001112037418128,calm
2007-08-02,0.0001388724907790209,0.000159639829251,calm
2007-08-06,0.00014089875163807077,0.0002497237032897,calm
2007-08-07,0.00016627674808525217,0.0001386025959612,calm
2007-08-08,0.00015208171998330207,0.0004813051278125,calm
2007-08-09,0.00021383682704978886,0.0004132797014208,calm
2007-08-13,0.0002500046385580109,0.0001542464409498,calm
2007-08-14,0.0002037031026258489,0.0001984234175129,calm
2007-08-15,0.00019572640138432537,0.0005433023784139,calm
2007-08-16,0.0002592723519691422,0.0005072473750895,calm
2007-08-20,0.00029746967956381404,9.772839890120095e-05,calm
2007-08-21,0.00019665058062772533,0.0001345203911682,calm
2007-08-22,0.00017023016103010267,8.910045366440984e-05,calm
2007-08-23,0.00013552336531610747,3.5017865463786514e-05,calm
2007-08-27,8.695548740044785e-05,6.202653813350613e-05,calm
2007-08-28,8.056334199927958e-05,0.0001122639373414,calm
2007-08-29,9.408797233333003e-05,0.0001312747599929,calm
2007-08-30,0.00010889369430134202,0.0001759104058176,calm
2007-09-04,0.00012963536596355082,0.0001019606291986,calm
2007-09-05,0.00011772033487087421,5.636793116205445e-05,calm
2007-09-06,9.023471170270182e-05,0.0001933643805261,calm
2007-09-10,0.00011723257771382466,8.059395034870322e-05,calm
2007-09-11,0.0001021574165339917,5.813860968457583e-05,calm
2007-09-12,8.351679906073452e-05,6.465740856455102e-05,calm
2007-09-13,7.642898201739997e-05,6.817212806164966e-05,calm
2007-09-17,7.39718145379357e-05,0.000216888860712,calm
2007-09-18,0.00010867057562098435,8.8684110720082e-05,calm
2007-09-19,0.00010132141736302759,4.132613602776739e-05,calm
2007-09-20,7.35101961385886e-05,4.218376809569183e-05,calm
2007-09-24,6.029600710252566e-05,4.9541548970541353e-05,calm
2007-09-25,5.6351763701321336e-05,3.7658897036419006e-05,calm
2007-09-26,4.9808679980371795e-05,2.832135375099397e-05,calm
2007-09-27,4.212224378418167e-05,2.503292613843916e-05,calm
2007-10-01,3.6471996416385013e-05,1.858673552084283e-05,calm
2007-10-02,3.073996394866584e-05,3.477746900281202e-05,calm
2007-10-03,3.199296966448814e-05,1.464804799665193e-05,calm
2007-10-04,2.656122115251117e-05,5.097566845681872e-05,calm
2007-10-08,3.23938164684118e-05,3.25817825729652e-05,calm
2007-10-09,3.2569117053212086e-05,2.7141613341950145e-05,calm
2007-10-10,3.049162433174591e-05,8.54127246900643e-05,calm
2007-10-11,4.1274388118657965e-05,3.2176943246088344e-05,calm
2007-10-15,3.718688272092168e-05,4.548034579081117e-05,calm
2007-10-16,3.7871733087294445e-05,8.419462235269613e-05,calm
2007-10-17,4.715612705076506e-05,4.611410666400613e-05,calm
2007-10-18,4.490077964852128e-05,0.0001222150827914,calm
2007-10-22,6.0152626363338315e-05,7.167288213119987e-05,calm
2007-10-23,6.139862826993372e-05,0.000196930286843,calm
2007-10-24,8.834226016949824e-05,0.0001423881587167,calm
2007-10-25,0.00010110852202113486,6.542599420795634e-05,calm
2007-10-29,8.260546467421855e-05,3.715323746662883e-05,calm
2007-10-30,5.932453773650711e-05,2.902270751306723e-05,calm
2007-10-31,4.511956341887265e-05,0.0001246701984499,calm
2007-11-01,6.213734048804675e-05,0.0002100103393905,calm
2007-11-02,9.56794369150754e-05,0.0002035751446778,calm
2007-11-05,0.00012482896154122845,0.0001645746348433,calm
2007-11-06,0.00013488630789004513,7.779440094078531e-05,calm
2007-11-07,0.0001056563689835018,0.0001974550352914,calm
2007-11-08,0.00012568918477600234,0.0003510532077174,calm
2007-11-09,0.00017099470273487842,0.0002435400545023,calm
2007-11-12,0.00018263583263478247,0.000175421437543,calm
2007-11-13,0.00017041607826203534,0.000126001312416,calm
2007-11-14,0.0001463207902133546,0.0001273051341983,calm
2007-11-15,0.0001341806235025886,0.0001426643792738,calm
2007-11-16,0.0001330299801392797,0.0001701152561844,calm
2007-11-19,0.000140902150710095,0.0001465415272457,calm
2007-11-20,0.00013874103777958415,0.0002956852681278,calm
2007-11-21,0.00017298385248069555,0.0002219214073243,calm
2007-11-23,0.00017938881210304228,9.192092041438048e-05,calm
2007-11-26,0.00013655568778522787,0.0001277612553939,calm
2007-11-27,0.00012931362853265476,0.0002037544990638,calm
2007-11-28,0.00014716600597114503,0.0001229082633789,calm
2007-11-29,0.00013451064832370758,0.000112516237812,calm
2007-11-30,0.00012324450598878955,0.0001695579189329,calm
2007-12-03,0.00013434647875157777,7.584278580989405e-05,calm
2007-12-04,0.00010820777870646663,7.505261098068671e-05,calm
2007-12-05,9.397600001497485e-05,0.0001221284902199,calm
2007-12-06,0.00010196289774854861,4.18838726814622e-05,calm
2007-12-07,7.724982867951327e-05,3.0860227090210635e-05,calm
2007-12-10,5.8030247516392316e-05,3.0892944478623696e-05,calm
2007-12-11,4.854211725681883e-05,0.0002294711277764,calm
2007-12-12,8.372513771100216e-05,0.0004568278893311,calm
2007-12-13,0.0001522498609981647,0.0001117620423162,calm
2007-12-14,0.00013691459814720575,0.000101280562519,calm
2007-12-17,0.00011947857974325053,0.0001031616654184,calm
2007-12-18,0.00010962236992905871,0.0001472817740886,calm
2007-12-19,0.00011807116753352084,9.797630486954924e-05,calm
2007-12-20,0.00010820782965945789,7.102992843675121e-05,calm
2007-12-21,9.172447750264686e-05,8.918603403997033e-05,calm
2007-12-24,8.951403694733444e-05,1.9728796270195378e-05,calm
2007-12-26,5.527923915917265e-05,2.1327826708261897e-05,calm
2007-12-27,4.1829950382308484e-05,3.865129115133182e-05,calm
2007-12-28,4.164837621372824e-05,6.013352358611052e-05,calm
2007-12-31,4.8401685433001765e-05,3.736944764346399e-05,calm
2008-01-02,4.5824573535195526e-05,0.00011089713625,calm
2008-01-03,6.249506176215648e-05,6.541168832158663e-05,calm
2008-01-04,6.40601673344901e-05,0.0001687688641431,calm
2008-01-07,8.890495485895254e-05,0.0001906486565215,calm
2008-01-08,0.00011480790544125588,0.0002267518737647,calm
2008-01-09,0.0001434369778924545,0.0002478331118877,calm
2008-01-10,0.000165475831767317,0.0003538678567542,calm
2008-01-11,0.0002026294033026425,0.0002235550867801,calm
2008-01-14,0.000195122844104005,9.215386742423842e-05,calm
2008-01-15,0.00014085882563180004,0.0001488822660968,calm
2008-01-16,0.00013924621776470085,0.0002548310084881,calm
2008-01-17,0.00016789721110275585,0.0002933747458008,calm
2008-01-18,0.00019479919750707445,0.000368726144566,calm
2008-01-22,0.00022716016046507958,0.0015404585421895,calm
2008-01-23,0.0003657566622333648,0.0012372071572716,calm
2008-01-24,0.0004323652435640653,0.000295631819007,calm
2008-01-25,0.00032951118195305527,0.000281020936017,calm
2008-01-28,0.0002945291576182827,0.0002021381224532,calm
2008-01-29,0.0002479667971628399,0.0001004546298116,calm
2008-01-30,0.00017691500600141373,0.0002285478149366,calm
2008-01-31,0.00019332516716969063,0.0004922012019041,calm
2008-02-01,0.00025518134989138154,0.0001387000881119,calm
2008-02-04,0.0001917520493630205,6.756875544995217e-05,calm
2008-02-05,0.0001305920196558522,0.0003315916861885,calm
2008-02-06,0.00018026728327559042,0.0001396893718457,calm
2008-02-07,0.00015924879176906678,0.0002642922313555,calm
2008-02-08,0.0001874186462600181,0.0001578754998434,calm
2008-02-11,0.0001675369619581672,9.102633174229252e-05,calm
2008-02-12,0.00013207451579496778,0.0001591586569982,calm
2008-02-13,0.00013978204237165276,0.0001298904243363,calm
2008-02-14,0.00013449315974422397,0.0001180230081966,calm
2008-02-15,0.00012695208937928078,7.412769820621245e-05,calm
2008-02-19,0.00010573188952014219,0.0001367048791368,calm
2008-02-20,0.00011554923864421213,0.0002035015215746,calm
2008-02-21,0.00013965410418500214,0.000114426401142,calm
2008-02-22,0.00012761549874906844,0.0001536689382008,calm
2008-02-25,0.00013277427650861708,0.0001800907236403,calm
2008-02-26,0.00014356422006855281,9.947513803185888e-05,calm
2008-02-27,0.00012269531167241008,0.0001171559425113,calm
2008-02-28,0.0001184661523167631,0.0001044246691931,calm
2008-02-29,0.00011207966993234837,0.0001585925996658,calm
2008-03-03,0.00012526998930590462,0.0001207730587236,calm
2008-03-04,0.00012197295404016632,0.0002048538003299,calm
2008-03-05,0.0001436169277824691,0.0001618845338688,calm
2008-03-06,0.0001450351050225044,0.0001524832247095,calm
2008-03-07,0.0001425430898256065,0.000325887287972,calm
2008-03-10,0.00018501496263928738,0.0001493640906891,calm
2008-03-11,0.0001630523005532905,0.0005383950003458,calm
2008-03-12,0.00023544014471666542,0.0001161145293536,calm
2008-03-13,0.00017157517330844242,0.0004076938204742,calm
2008-03-14,0.0002259711284136616,0.0005684132100105,calm
2008-03-17,0.00028448399949316096,0.0004859960159006,calm
2008-03-18,0.0003055616836207957,0.000568591110936,calm
2008-03-19,0.0003387259398810748,0.0002587916874391,calm
2008-03-20,0.0002826187593058982,0.0001392717555806,calm
2008-03-24,0.0002157284845961395,0.0001126339769148,calm
2008-03-25,0.00017306034522208518,9.382816540429909e-05,calm
2008-03-26,0.00014169510205846357,0.0001106858901699,calm
2008-03-27,0.00013205993135599037,0.0001261013692703,calm
2008-03-28,0.00013124281600269692,8.816878296811261e-05,calm
2008-03-31,0.00011575227220815315,0.0001806108987809,calm
2008-04-01,0.00013520539956416255,7.77464379590084e-05,calm
2008-04-02,0.00011228687846627566,7.843588749501146e-05,calm
2008-04-03,0.00010036051717879582,7.346831122062449e-05,calm
2008-04-07,9.203728728778307e-05,7.742652436952717e-05,calm
2008-04-08,8.888499332889658e-05,5.058504802040169e-05,calm
2008-04-09,7.652319433972327e-05,7.514509513991849e-05,calm
2008-04-10,7.829025329073212e-05,0.0001402448487083,calm
2008-04-14,9.515957694749167e-05,7.110641541918169e-05,calm
2008-04-15,8.783290640224995e-05,0.0001002009778703,calm
2008-04-16,9.201746775598238e-05,5.96107690343756e-05,calm
2008-04-17,7.952250265503529e-05,0.0002640269567968,calm
2008-04-21,0.00011893775597710733,6.364165639209611e-05,calm
2008-04-22,9.634518127225641e-05,6.366126208495815e-05,calm
2008-04-23,8.248843484999408e-05,0.000118603020548,calm
2008-04-24,9.25694943744298e-05,9.339080906554552e-05,calm
2008-04-28,9.300924766917113e-05,3.299273781226963e-05,calm
2008-04-29,6.590048946394167e-05,0.0001386805707432,calm
2008-04-30,8.451205706382606e-05,6.733874462049714e-05,calm
2008-05-01,7.949660386254817e-05,0.0001502776528744,calm
2008-05-05,9.929475398712678e-05,7.201145636903768e-05,calm
2008-05-06,8.931858682917506e-05,5.038039584607613e-05,calm
2008-05-07,7.298334077990476e-05,7.382778538611801e-05,calm
2008-05-08,7.278580260247255e-05,9.596045996769435e-05,calm
2008-05-12,8.050213696017514e-05,2.742529710385096e-05,calm
2008-05-13,5.719736552703172e-05,4.139134962339751e-05,calm
2008-05-14,5.166791611303379e-05,4.8432873078760696e-05,calm
2008-05-15,5.145253680793431e-05,3.874281770428567e-05,calm
2008-05-19,4.811334810459627e-05,6.557470260139372e-05,calm
2008-05-20,5.400703776777055e-05,9.72393904507368e-05,calm
2008-05-21,6.727791947768883e-05,4.450876526808516e-05,calm
2008-05-22,5.883768150017968e-05,6.268106282164471e-05,calm
2008-05-27,5.936029160494158e-05,5.5619907204021457e-05,calm
2008-05-28,5.754413680366631e-05,4.55012731383955e-05,calm
2008-05-29,5.266052092451612e-05,3.882712073292723e-05,calm
2008-06-02,4.73902846336333e-05,7.661762837330231e-05,calm
2008-06-03,5.5705330302028034e-05,0.0001054345942353,calm
2008-06-04,7.005396776716698e-05,7.18426902321329e-05,calm
2008-06-05,7.064891177424876e-05,0.0001734827840193,calm
2008-06-09,9.563438427362379e-05,0.0001347287563795,calm
2008-06-10,0.00010633313255675172,0.000106296465573,calm
2008-06-11,0.00010340775109693621,0.0001204689605372,calm
2008-06-12,0.00010554863578006796,0.0001237579434158,calm
2008-06-16,0.00010844594637005175,8.037809041307721e-05,calm
2008-06-17,9.53365990848169e-05,0.0001141563056272,calm
2008-06-18,9.93437533696923e-05,7.452010613187197e-05,calm
2008-06-19,8.88093599300454e-05,0.0001373943716104,calm
2008-06-23,0.00010215953865494326,9.179932226530464e-05,calm
2008-06-24,9.797656221818887e-05,0.0001154336561536,calm
2008-06-25,0.00010264739874467142,0.000133187910166,calm
2008-06-26,0.0001125993670625986,0.000115807417823,calm
2008-06-30,0.00011293171559104887,0.0002322747774764,calm
2008-07-01,0.00014176118771663037,0.000141374866138,calm
2008-07-02,0.00013956002204107252,0.0001735390647574,calm
2008-07-07,0.00014663144361261223,0.0001576243434706,calm
2008-07-08,0.00014668088852683002,0.0001317425600974,calm
2008-07-09,0.00013837624261235371,0.0002851636883735,calm
2008-07-10,0.00017100614099105325,0.0005328702315315,calm
2008-07-14,0.0002336904235735821,0.0003223584094555,calm
2008-07-15,0.00024470550246911537,0.0002042541741384,calm
2008-07-16,0.0002199276938532507,0.0001786517823724,calm
2008-07-17,0.00019760455028635635,8.267270594014077e-05,calm
2008-07-21,0.0001442741881152143,0.0001158038237891,calm
2008-07-22,0.00013229242280548244,0.0001351957751882,calm
2008-07-23,0.0001325929043927893,9.510952551555592e-05,calm
2008-07-24,0.0001188732622029042,0.0001195328125213,calm
2008-07-28,0.00011927659158954657,9.511102881839604e-05,calm
2008-07-29,0.00011117702828325987,0.0001587964366992,calm
2008-07-30,0.0001253032850463759,0.0001248478585696,calm
2008-07-31,0.00012527510892512087,0.0001142599087338,calm
2008-08-04,0.00012093711810138789,7.579598616195178e-05,calm
2008-08-05,0.00010484322768342243,6.162242720630657e-05,calm
2008-08-06,8.860724140926114e-05,0.0001299717501062,calm
2008-08-07,0.00010228348828411461,8.068130079962601e-05,calm
2008-08-11,9.632328703721467e-05,8.195548826742887e-05,calm
2008-08-12,9.24238606737841e-05,0.0001114405322149,calm
2008-08-13,9.969065405776418e-05,8.849723318479628e-05,calm
2008-08-14,9.682316220067133e-05,7.673493976667798e-05,calm
2008-08-18,9.007080100038086e-05,9.207334187939424e-05,calm
2008-08-19,9.129280816277657e-05,0.0001073663229129,calm
2008-08-20,9.726583683728401e-05,9.772980066163752e-05,calm
2008-08-21,9.803240174470344e-05,8.560087103069072e-05,calm
2008-08-25,9.376770518561534e-05,6.77467983064974e-05,calm
2008-08-26,8.403764091043343e-05,5.948442657799379e-05,calm
2008-08-27,7.51738807071612e-05,7.726561717649786e-05,calm
2008-08-28,7.675362855941253e-05,5.619627712196335e-05,calm
2008-09-02,7.03139813713455e-05,0.0001208977865695,gfc_2008
2008-09-03,8.62512639905472e-05,0.0001449371194291,gfc_2008
2008-09-04,0.00010542404184728333,0.000168729503677,gfc_2008
2008-09-08,0.00012466450755431265,0.000216011967701,gfc_2008
2008-09-09,0.00014858498034123584,0.0001835110249294,gfc_2008
2008-09-10,0.00015579280882479935,0.0003794295748899,gfc_2008
2008-09-11,0.0002020901416292021,0.00020784055751,gfc_2008
2008-09-15,0.00019791816216185214,0.0012480213875124,gfc_2008
2008-09-16,0.00031322110653664477,0.0009942958125928,gfc_2008
2008-09-17,0.0003880883126486692,0.0016335436240053,gfc_2008
2008-09-18,0.0004818058990671779,0.0012486070066553,gfc_2008
2008-09-22,0.000521921027478747,0.0003966866942016,gfc_2008
2008-09-23,0.00043854954525371126,0.0002433164494566,gfc_2008
2008-09-24,0.0003521896690510282,0.0002796623823909,gfc_2008
2008-09-25,0.0003186325452495661,0.0004227092734609,gfc_2008
2008-09-29,0.00033274410355391083,0.0006513352029965,gfc_2008
2008-09-30,0.0003769559844960145,0.0005162220626082,gfc_2008
2008-10-01,0.00038112813345224784,0.000440958108402,gfc_2008
2008-10-02,0.0003696210952497428,0.0010858227584173,gfc_2008
2008-10-06,0.0004461737746986381,0.0009077614039338,gfc_2008
2008-10-07,0.0004756284426856433,0.0024964538323861,gfc_2008
2008-10-08,0.0005849609094408718,0.0017570304571719,gfc_2008
2008-10-09,0.0006175990101462203,0.0077477397402088,gfc_2008
2008-10-13,0.0007503578042821325,0.0027430316572223,gfc_2008
2008-10-14,0.0007446158632101015,0.0017195861262214,gfc_2008
2008-10-15,0.0007074038440277742,0.0032684380137836,gfc_2008
2008-10-16,0.0007499880078538047,0.0018445033816526,gfc_2008
2008-10-20,0.0007835620100871191,0.0007915843269183,gfc_2008
2008-10-21,0.0006734464666007984,0.0014365861821341,gfc_2008
2008-10-22,0.000707974800786781,0.0031468753816831,gfc_2008
2008-10-23,0.0007987144645415789,0.003535009822953,gfc_2008
2008-10-27,0.0008384160096469202,0.0019060505338531,gfc_2008
2008-10-28,0.000790351035635539,0.0025355608759559,gfc_2008
2008-10-29,0.0008116955017332712,0.0025140581239344,gfc_2008
2008-10-30,0.0008169912363275656,0.0013606155222735,gfc_2008
2008-10-31,0.0007509123143291628,0.0009398780984658,gfc_2008
2008-11-03,0.0006867103206673425,0.0002490648273395,gfc_2008
2008-11-04,0.0004969342757100845,0.0005622690797888,gfc_2008
2008-11-05,0.0005164206151008548,0.0007408234731923,gfc_2008
2008-11-06,0.000542466174943396,0.0006716714472767,gfc_2008
2008-11-07,0.000534131445360954,0.0007455725641402,gfc_2008
2008-11-10,0.0005410668521771125,0.0007969240457482,gfc_2008
2008-11-11,0.0005497985856824882,0.0011311073203786,gfc_2008
2008-11-12,0.0005947097506640409,0.0006845590494661,gfc_2008
2008-11-13,0.0005522147780043566,0.0029325603219555,gfc_2008
2008-11-14,0.0007055439522145504,0.001793443414661,gfc_2008
2008-11-17,0.0007109085264752096,0.0015295679355714,gfc_2008
2008-11-18,0.0007050342731531312,0.0013028916956213,gfc_2008
2008-11-19,0.0007080857965048449,0.0011720659850308,gfc_2008
2008-11-20,0.0006908571877022264,0.0025221087564937,gfc_2008
2008-11-21,0.000777778608270906,0.0030355209014932,gfc_2008
2008-11-24,0.0008310996714872499,0.0013822926071646,gfc_2008
2008-11-25,0.0007620367762370044,0.001232863612222,gfc_2008
2008-11-26,0.0007283662161191096,0.0007203460429063,gfc_2008
2008-11-28,0.0006445529813653451,0.0001363622249286,gfc_2008
2008-12-01,0.00040151940026123987,0.0013580976460097,gfc_2008
2008-12-02,0.0005650784362405942,0.0010915612935699,gfc_2008
2008-12-03,0.0006007898391508736,0.0011032317967674,gfc_2008
2008-12-04,0.0006193153236302983,0.0008938486866037,gfc_2008
2008-12-05,0.0006039034057727734,0.001129707851742,gfc_2008
2008-12-08,0.0006298353355187775,0.0007646202571022,gfc_2008
2008-12-09,0.0005907818164854231,0.0007639126944479,gfc_2008
2008-12-10,0.000575974913617862,0.000567874732105,gfc_2008
2008-12-11,0.0005297141208594268,0.0005726816453584,gfc_2008
2008-12-12,0.0005087327425644021,0.0010599588317204,gfc_2008
2008-12-15,0.0005720529790978551,0.0003530642889904,gfc_2008
2008-12-16,0.00045934052910655564,0.0006238713170253,gfc_2008
2008-12-17,0.00048101647742573574,0.0005895980912585,gfc_2008
2008-12-18,0.0004785752842555816,0.0004171689001951,gfc_2008
2008-12-19,0.000430879071288595,0.0004089836049581,gfc_2008
2008-12-22,0.00040747188198881105,0.0002805994148285,gfc_2008
2008-12-23,0.0003516245554186138,0.0002468020531993,gfc_2008
2008-12-24,0.00031065071186962254,3.4008738014772853e-05,gfc_2008
2008-12-26,0.00014992884189156345,4.6095744861960446e-05,gfc_2008
2008-12-29,0.0001074434406234699,0.0001217542046205,gfc_2008
2008-12-30,0.00011921064631596741,0.0001441860731745,gfc_2008
2008-12-31,0.0001339841102765819,0.0001447787226511,gfc_2008
2009-01-02,0.0001424189453806491,0.000149140028498,gfc_2008
2009-01-05,0.00014751433495787777,0.0002174113802252,gfc_2008
2009-01-06,0.00017037306892876336,0.0002600968163487,gfc_2008
2009-01-07,0.00019660076647040064,0.0002242370720936,gfc_2008
2009-01-08,0.0002031200532691158,0.0002371556755745,gfc_2008
2009-01-09,0.00021105496884561947,0.0003026311119399,gfc_2008
2009-01-12,0.00023440931839624146,0.0002051480180101,gfc_2008
2009-01-13,0.00021952771466428707,0.0003402144929216,gfc_2008
2009-01-14,0.0002504032361100398,0.0004987188312523,gfc_2008
2009-01-15,0.00030347110374226774,0.0006066606821285,gfc_2008
2009-01-16,0.0003571708994392533,0.0006753003837148,gfc_2008
2009-01-20,0.0004034937266083029,0.0006905494104681,gfc_2008
2009-01-21,0.0004362647224979216,0.0007177948776804,gfc_2008
2009-01-22,0.00045321786310408544,0.0010857908540684,gfc_2008
2009-01-23,0.0005174469548764121,0.0010922615855154,gfc_2008
2009-01-26,0.0005548104397602282,0.0004941800273701,gfc_2008
2009-01-27,0.0004813620390062533,0.0003656651499328,gfc_2008
2009-01-28,0.00041778614204973787,0.0005864062549884,gfc_2008
2009-01-29,0.00044015189558822224,0.0002438117248325,gfc_2008
2009-01-30,0.0003503227567229177,0.00032275946709,gfc_2008
2009-02-02,0.000337059174214815,0.0004042589863763,gfc_2008
2009-02-03,0.00034841418440119864,0.0002718084008969,gfc_2008
2009-02-04,0.00031288046446942383,0.0002679717742707,gfc_2008
2009-02-05,0.0002931886063544498,0.0004407242898541,gfc_2008
2009-02-06,0.00032646980701442693,0.0002534512295283,gfc_2008
2009-02-09,0.00029172883242717704,0.0002358063745176,gfc_2008
2009-02-10,0.000268364922302299,0.0006703590579252,gfc_2008
2009-02-11,0.0003470281925460364,0.0003317216326709,gfc_2008
2009-02-12,0.00032486186239514273,0.0007275339396561,gfc_2008
2009-02-13,0.00039248415693451716,0.0003180887347344,gfc_2008
2009-02-17,0.00034544828143291017,0.0008497744289254,gfc_2008
2009-02-18,0.00042492041363798575,0.000473195296813,gfc_2008
2009-02-19,0.0004051126986724397,0.0003966607909407,gfc_2008
2009-02-20,0.000379893514996285,0.0006781633379464,gfc_2008
2009-02-23,0.0004328578688689755,0.00037795840299,gfc_2008
2009-02-24,0.0003895669076980393,0.0005604966611073,gfc_2008
2009-02-25,0.00041503553895141986,0.000601876558121,gfc_2008
2009-02-26,0.0004347437720860957,0.0005539449130314,gfc_2008
2009-02-27,0.0004356283872042624,0.0008733848614691,gfc_2008
2009-03-02,0.000491058179454606,0.0005627640432973,gfc_2008
2009-03-03,0.0004657893665830575,0.0006736851598661,gfc_2008
2009-03-04,0.0004795836029552355,0.0004972662118514,gfc_2008
2009-03-05,0.00044973151932838523,0.0007362876334988,gfc_2008
2009-03-06,0.0004840583696478709,0.0008559497339762,gfc_2008
2009-03-09,0.0005175780631322608,0.0005679893996431,gfc_2008
2009-03-10,0.00048355820304238036,0.0007452817580431,gfc_2008
2009-03-11,0.0005046363026441709,0.0004961879430199,gfc_2008
2009-03-12,0.00046341377481930396,0.0003063795793315,gfc_2008
2009-03-13,0.0003899755248958753,0.0003598606433598,gfc_2008
2009-03-16,0.00037379319858781826,0.000346216953716,gfc_2008
2009-03-17,0.00035746296043852804,0.0003658502411083,gfc_2008
2009-03-18,0.0003523033796719656,0.0008131967724848,gfc_2008
2009-03-19,0.0004330375212986553,0.0004257817487773,gfc_2008
2009-03-20,0.0004005034728709157,0.000296997574115,gfc_2008
2009-03-23,0.00034995269934090967,0.0006230333354423,gfc_2008
2009-03-24,0.0004062960765644854,0.0003132322661054,gfc_2008
2009-03-25,0.0003554314235050784,0.0005687068405897,gfc_2008
2009-03-26,0.00039746916264231483,0.0005283050757383,gfc_2008
2009-03-27,0.0004079861236358939,0.0003152795715245,gfc_2008
2009-03-30,0.00035839813466171804,0.0003091817321521,gfc_2008
2009-03-31,0.0003352902115609107,0.000488213412347,gfc_2008
2009-04-01,0.0003684564649962344,0.0005842275953305,calm
2009-04-02,0.0004024439113501017,0.0002361907762231,calm
2009-04-06,0.0003239208150249526,0.0005411620631984,calm
2009-04-07,0.0003738056222669037,0.0002296796540618,calm
2009-04-08,0.0003077380590741134,0.0004912423552958,calm
2009-04-13,0.0003524446496596666,0.000263752683541,calm
2009-04-14,0.00031008811117721276,0.0001669111767647,calm
2009-04-15,0.00025168647268960457,0.0001881813813775,calm
2009-04-16,0.0002325350858581655,0.0001401178890184,calm
2009-04-20,0.000199139035539322,0.0002047263323735,calm
2009-04-21,0.0002059469045298875,0.0003045004045488,calm
2009-04-22,0.0002367285155658909,0.0002557694895023,calm
2009-04-23,0.00024035126820938596,0.0002104872113776,calm
2009-04-27,0.000227870387284312,0.0001994549976249,calm
2009-04-28,0.00021760303685028928,0.0002493910821672,calm
2009-04-29,0.00022766934881900667,0.0002646752373586,calm
2009-04-30,0.00023723753775993823,0.0001513485472837,calm
2009-05-04,0.00020194469000973264,0.0001207437861515,calm
2009-05-05,0.0001714064965680788,0.0003163557178803,calm
2009-05-06,0.00021453466870786846,0.0003618515023594,calm
2009-05-07,0.00025042018873669414,0.0003215361957073,calm
2009-05-11,0.00026364154050085236,0.0001884915030222,calm
2009-05-12,0.0002306843585141315,0.000357586886238,calm
2009-05-13,0.00026609037855199224,0.0001644963173798,calm
2009-05-14,0.00022174931193170606,0.0001322873018351,calm
2009-05-18,0.00018797914065635658,0.0001403786686307,calm
2009-05-19,0.00017333498004499048,0.0002798612554859,calm
2009-05-20,0.00020704709204395492,0.0002278677732319,calm
2009-05-21,0.00021166435675327557,0.0001253937101002,calm
2009-05-26,0.00017607480583176828,0.0001875232184257,calm
2009-05-27,0.00018239792371026504,0.0003065997550998,calm
2009-05-28,0.00021763435903688686,0.0002099568280739,calm
2009-06-01,0.0002112819242780165,0.0001352605191585,calm
2009-06-02,0.00018061758609734491,0.0001469834761426,calm
2009-06-03,0.00017017880252386612,8.01792630269607e-05,calm
2009-06-04,0.0001327000063590804,0.0002266565785039,calm
2009-06-08,0.00016317725128522033,9.526008681676342e-05,calm
2009-06-09,0.00013526925741527755,0.0001788265909649,calm
2009-06-10,0.00015207936192994078,0.0001427182958237,calm
2009-06-11,0.00014962634085601876,9.673849360857287e-05,calm
2009-06-15,0.0001287208559400172,0.0001081586418713,calm
2009-06-16,0.00012274421355311444,0.0001553503040355,calm
2009-06-17,0.00013595026151909015,9.226448858699006e-05,calm
2009-06-18,0.00011919825466860794,9.198485963891224e-05,calm
2009-06-22,0.00011018281179717065,0.000159686736511,calm
2009-06-23,0.00012858972247365092,0.0001388395013843,calm
2009-06-24,0.00013364785847872767,0.0001311179884326,calm
2009-06-25,0.0001336118617863349,9.899354257831976e-05,calm
2009-06-29,0.00012038975685263334,9.73607888238758e-05,calm
2009-06-30,0.00011265706160663654,8.455214274194966e-05,calm
2009-07-01,0.00010294923812267671,0.0002768816203149,calm
2009-07-06,0.00015060495980175336,9.859534150625553e-05,calm
2009-07-07,0.0001288540682016805,0.000172253468878,calm
2009-07-08,0.00014438918628600266,0.0001380191574929,calm
2009-07-09,0.00014217140641850222,0.0001313224983931,calm
2009-07-13,0.00013854520323027848,6.301907511119584e-05,calm
2009-07-14,0.00010442700168072078,0.0001054407346034,calm
2009-07-15,0.00010673889827458709,6.722301560236572e-05,calm
2009-07-16,9.178532903565849e-05,6.230347088411907e-05,calm
2009-07-20,8.158334826521461e-05,0.0001045337570372,calm
2009-07-21,9.160968909616794e-05,8.932190532892468e-05,calm
2009-07-22,9.261093040218156e-05,0.0001205333363928,calm
2009-07-23,0.00010387149749363457,8.088390854181997e-05,calm
2009-07-27,9.546021832073718e-05,0.0001241470205713,calm
2009-07-28,0.0001064255902164489,0.0001309561310619,calm
2009-07-29,0.00011593874203685778,0.0002197716120891,calm
2009-07-30,0.00014785287558597264,8.937142536747645e-05,calm
2009-08-03,0.00012169503514303957,7.064742377830264e-05,calm
2009-08-04,9.976508872856145e-05,9.746229764549066e-05,calm
2009-08-05,0.00010021649997380298,8.711237641042903e-05,calm
2009-08-06,9.65762335470749e-05,0.0001501275811035,calm
2009-08-10,0.00011575405435693341,7.236329139451642e-05,calm
2009-08-11,9.804586196543192e-05,9.918846989004515e-05,calm
2009-08-12,9.969195321503406e-05,0.0001027748837326,calm
2009-08-13,0.00010210049534726646,7.615641069007182e-05,calm
2009-08-17,9.253642843219935e-05,5.031804544170348e-05,calm
2009-08-18,7.499288659836421e-05,0.000103997760002,calm
2009-08-19,8.634889947804849e-05,3.061599830155256e-05,calm
2009-08-20,6.0982741152837805e-05,9.464427561901036e-05,calm
2009-08-24,7.318313232506426e-05,0.0001004696497485,calm
2009-08-25,8.442778926188492e-05,8.510076015581672e-05,calm
2009-08-26,8.611487065562921e-05,6.73114977400487e-05,calm
2009-08-27,7.918353922338986e-05,9.21429148870638e-05,calm
2009-08-31,8.446853095542411e-05,0.0001377196295504,calm
2009-09-01,0.00010259809339171501,9.74880958318586e-05,calm
2009-09-02,0.00010131682356267615,6.27451547384748e-05,calm
2009-09-03,8.480604272539581e-05,5.586774880490471e-05,calm
2009-09-08,7.306949976874265e-05,4.95268246476248e-05,calm
2009-09-09,6.421574389134053e-05,4.783327021488652e-05,calm
2009-09-10,5.8900758271105934e-05,6.308903312484026e-05,calm
2009-09-14,6.185610904276963e-05,6.459774078119855e-05,calm
2009-09-15,6.427998771334567e-05,5.822266204572064e-05,calm
2009-09-16,6.298306557463515e-05,7.553754167097402e-05,calm
2009-09-17,6.824209380633102e-05,4.896517301396784e-05,calm
2009-09-21,6.0721451554161145e-05,4.817151832306957e-05,calm
2009-09-22,5.6034783813077105e-05,9.378144632656154e-05,calm
2009-09-23,6.874106968255791e-05,0.0001131480531676,calm
2009-09-24,8.422332675835839e-05,9.956983020164226e-05,calm
2009-09-28,9.014919026583092e-05,9.17686777796398e-05,calm
2009-09-29,9.0132613863956e-05,0.00015227257071,calm
2009-09-30,0.00010984661275442164,0.0001155347401878,calm
2009-10-01,0.00011251799367823279,0.0001684368553984,calm
2009-10-05,0.00013108261463947064,0.0001249687063013,calm
2009-10-06,0.0001295987783202056,6.514092378202485e-05,calm
2009-10-07,0.00010114874218947453,6.050215337394551e-05,calm
2009-10-08,8.427570836503659e-05,2.515330340538024e-05,calm
2009-10-12,5.5945111655539185e-05,6.0049242952248936e-05,calm
2009-10-13,5.827261845121376e-05,8.927663173250363e-05,calm
2009-10-14,6.957826173479464e-05,3.421622173907598e-05,calm
2009-10-15,5.525006070404263e-05,0.0001152383612528,calm
2009-10-19,7.320895244422315e-05,6.833972383732307e-05,calm
2009-10-20,7.256603032890385e-05,0.0001035304411275,calm
2009-10-21,8.34691286206896e-05,7.214725316841765e-05,calm
2009-10-22,7.953258258184404e-05,0.0001362068968081,calm
2009-10-26,9.753708416402091e-05,0.0001826774828523,calm
2009-10-27,0.0001242436916685346,0.0001751504764953,calm
2009-10-28,0.00014217902922455372,0.00013350484281,calm
2009-10-29,0.00013961264407153905,9.38399691114565e-05,calm
2009-10-30,0.00012110042162759016,0.0002562313013973,calm
2009-11-02,0.00015867847359843425,0.0003075216130334,calm
2009-11-03,0.00019864205647884993,0.0001854301635108,calm
2009-11-04,0.0001913931641710829,0.0001780847638665,calm
2009-11-05,0.0001855520053849,0.0001032630241453,calm
2009-11-06,0.00015077509784671857,0.000106992172143,calm
2009-11-09,0.00013484990244750023,5.176448719093359e-05,calm
2009-11-10,9.759017865151239e-05,4.443475476821595e-05,calm
2009-11-11,7.590877577501379e-05,7.264664043943862e-05,calm
2009-11-12,7.634416673089276e-05,8.133904703969237e-05,calm
2009-11-13,7.992475593435891e-05,5.8188834050183227e-05,calm
2009-11-16,7.288809912952116e-05,0.0001053441258625,calm
2009-11-17,8.453467783225621e-05,5.432936236183187e-05,calm
2009-11-18,7.299414845962259e-05,4.760144798943937e-05,calm
2009-11-19,6.314294912377492e-05,0.0001005945811833,calm
2009-11-20,7.532500163298089e-05,4.296430249120992e-05,calm
2009-11-23,6.206248943222506e-05,0.0001114144875062,calm
2009-11-24,7.723385001118493e-05,4.319176335879371e-05,calm
2009-11-25,6.272857110509373e-05,1.836067092816696e-05,calm
2009-11-27,4.1746321652532994e-05,0.0003704642336434,calm
2009-11-30,9.272744685023067e-05,5.839664322800542e-05,calm
2009-12-01,7.890339103881972e-05,9.833885889615512e-05,calm
2009-12-02,8.49932733350675e-05,4.574154724287509e-05,calm
2009-12-03,6.930952964824977e-05,7.13165075604894e-05,calm
2009-12-04,7.02577354157118e-05,0.0002256214998905,calm
2009-12-07,0.00011030550236040574,4.491975392413894e-05,calm
2009-12-08,7.994831055168746e-05,0.0001129650036139,calm
2009-12-09,9.131263155052925e-05,5.9572724371194346e-05,calm
2009-12-10,7.885315562019498e-05,5.075687021303264e-05,calm
2009-12-11,6.808738366285248e-05,3.531615704439688e-05,calm
2009-12-14,5.525806911381088e-05,2.9076898584817504e-05,calm
2009-12-15,4.58055620897044e-05,4.149493421850799e-05,calm
2009-12-16,4.5527493561840906e-05,4.884325325772532e-05,calm
2009-12-17,4.796619113054119e-05,5.546077553157581e-05,calm
2009-12-18,5.160641333293855e-05,3.4219564029801446e-05,calm
2009-12-21,4.5377359406900484e-05,6.48278377889687e-05,calm
2009-12-22,5.195036197945766e-05,2.227664693798016e-05,calm
2009-12-23,3.9344808550333906e-05,1.5857745015266226e-05,calm
2009-12-24,3.0384683381790022e-05,1.2616215072563064e-05,calm
2009-12-28,2.4879841977326168e-05,1.230179170752584e-05,calm
2009-12-29,2.2098658603096072e-05,1.185525399184569e-05,calm
2009-12-30,2.044236907418486e-05,2.549741405209729e-05,calm
2009-12-31,2.3389581406216027e-05,1.948338372339549e-05,calm
2010-01-04,2.337941358397194e-05,7.068736777339511e-05,calm
2010-01-05,3.498899501147004e-05,2.988740492563263e-05,calm
2010-01-06,3.227672574697525e-05,1.98787078920003e-05,calm
2010-01-07,2.6423361943208743e-05,2.860249093397633e-05,calm
2010-01-08,2.680473755161619e-05,2.624910224911006e-05,calm
2010-01-11,2.6504970384308402e-05,3.219193365888912e-05,calm
2010-01-12,2.8205140795899393e-05,5.004569241192964e-05,calm
2010-01-13,3.4265094919584445e-05,3.803424930931966e-05,calm
2010-01-14,3.4411462199876835e-05,2.125270100306969e-05,calm
2010-01-15,2.7977490938088505e-05,3.204363553486456e-05,calm
2010-01-19,2.881694506311143e-05,2.114940102243762e-05,calm
2010-01-20,2.580464111821948e-05,8.36925972747077e-05,calm
2010-01-21,3.9664864613718015e-05,0.0001566715886534,calm
2010-01-22,6.791873591789418e-05,0.0001283008300437,calm
2010-01-25,8.490329754835193e-05,0.0001335139390911,calm
2010-01-26,9.61998959237472e-05,9.061582557160348e-05,calm
2010-01-27,8.762702851390175e-05,0.0001024423986642,calm
2010-01-28,8.903022625135537e-05,0.0001786179918677,calm
2010-01-29,0.00011620041596661053,0.0001424163032802,calm
2010-02-01,0.00012461275629508628,0.0001125996133066,calm
2010-02-02,0.0001183354913994134,5.040282731387674e-05,calm
2010-02-03,8.412098569069012e-05,5.905175506604261e-05,calm
2010-02-04,7.711172782464865e-05,0.0002072346817412,calm
2010-02-05,0.00011234686039715525,0.0002513179860859,calm
2010-02-08,0.00015342384439882012,0.0001018094090198,calm
2010-02-09,0.00013290785507451213,0.0002620930832431,calm
2010-02-10,0.0001692164208717368,8.637748021217847e-05,calm
2010-02-11,0.0001328786330263663,0.0001113683592149,calm
2010-02-12,0.00012556378760598445,0.0001830830701244,calm
2010-02-16,0.000144845113216686,6.119549606714789e-05,calm
2010-02-17,0.00010788620524313275,5.570793771724187e-05,calm
2010-02-18,8.697406026155133e-05,3.402546829758041e-05,calm
2010-02-19,6.482140398243055e-05,4.74652374082121e-05,calm
2010-02-22,6.002981349499544e-05,3.750129115142184e-05,calm
2010-02-23,5.3087485237560245e-05,8.573633466180725e-05,calm
2010-02-24,6.475991786205164e-05,7.986280005734714e-05,calm
2010-02-25,7.197650010916685e-05,0.0001695492132265,calm
2010-02-26,0.0001007910132672888,4.16890297551311e-05,calm
2010-03-01,7.348908167545644e-05,4.084589273897984e-05,calm
2010-03-02,5.9598078917358265e-05,4.2875723877956856e-05,calm
2010-03-03,5.357953701977375e-05,2.7949133572135374e-05,calm
2010-03-04,4.3920635173157505e-05,3.334333193357057e-05,calm
2010-03-05,4.109765728319063e-05,3.1488752703933044e-05,calm
2010-03-08,3.721274577907776e-05,1.913031685708334e-05,calm
2010-03-09,3.058747179802539e-05,2.810313703268561e-05,calm
2010-03-10,3.0493787956220943e-05,4.308591480119331e-05,calm
2010-03-11,3.500475151970912e-05,2.8618373409762315e-05,calm
2010-03-12,3.259962967718545e-05,2.517416291426621e-05,calm
2010-03-15,2.9650588385855198e-05,3.291166683558905e-05,calm
2010-03-16,3.0719323889483595e-05,2.996776904042681e-05,calm
2010-03-17,3.0274090872390445e-05,3.3234780667740075e-05,calm
2010-03-18,3.095550322794626e-05,2.1402974839504543e-05,calm
2010-03-19,2.705894446347453e-05,3.6605281654255575e-05,calm
2010-03-22,2.999957685943558e-05,3.826204059907456e-05,calm
2010-03-23,3.235929841611273e-05,2.800487636891121e-05,calm
2010-03-24,3.00544922496617e-05,3.511155048611599e-05,calm
2010-03-25,3.1136019654681265e-05,7.243773735665944e-05,calm
2010-03-26,4.1901398633323065e-05,4.548500141397002e-05,calm
2010-03-29,4.123577651253697e-05,3.161422727099561e-05,calm
2010-03-30,3.512812686475788e-05,4.354426391947145e-05,calm
2010-03-31,3.642945184002513e-05,6.699472463573251e-05,calm
2010-04-05,4.450488183106644e-05,1.9197021938540542e-05,calm
2010-04-06,3.131189298386462e-05,3.939276356660053e-05,calm
2010-04-07,3.322591355427366e-05,3.589980737961399e-05,calm
2010-04-08,3.443043162625077e-05,2.66666832338621e-05,calm
2010-04-12,3.1341607534845e-05,2.235893794294285e-05,calm
2010-04-13,2.8242021580518614e-05,2.3365974635196057e-05,calm
2010-04-14,2.7148860537331238e-05,1.7304472624483226e-05,calm
2010-04-15,2.4394662839340155e-05,0.0001480673819996,calm
2010-04-19,4.8862310120039526e-05,3.401201741513299e-05,calm
2010-04-20,4.142193331091043e-05,3.469550958505275e-05,calm
2010-04-21,3.6860686538286286e-05,0.0001023593852032,calm
2010-04-22,5.340505339437781e-05,5.408670184732478e-05,calm
2010-04-26,5.122386636820555e-05,0.0001391807960635,calm
2010-04-27,7.443318093862432e-05,0.0001009229601227,calm
2010-04-28,8.082229146819052e-05,6.351728507024934e-05,calm
2010-04-29,6.816036937109239e-05,9.441092701815295e-05,calm
2010-05-03,7.408583971759096e-05,0.0002178918197388,calm
2010-05-04,0.00011471669010407555,0.0001784551398083,calm
2010-05-05,0.00013614761414804138,0.0016450509991498,calm
2010-05-06,0.00037003821422788743,0.0008216748581765,calm
2010-05-10,0.0004868733842454206,0.0001544952876977,calm
2010-05-11,0.0002714928444835639,8.257123295340683e-05,calm
2010-05-12,0.0001562325078170637,8.314734358641863e-05,calm
2010-05-13,0.00012049859391563939,0.0002398723190368,calm
2010-05-17,0.00015563736976920964,0.0002390324823173,calm
2010-05-18,0.00017931285763986144,0.0003293830329564,calm
2010-05-19,0.00021891936241090582,0.0006131682182779,calm
2010-05-20,0.0003053524261549984,0.0004829901789545,calm
2010-05-24,0.0003455036347929204,0.0005695041555029,calm
2010-05-25,0.0003928090938766939,0.0002625412852905,calm
2010-05-26,0.00032444794187634683,0.0002708111733455,calm
2010-05-27,0.00029050215403762325,0.0002352691891069,calm
2010-06-01,0.000257820601717213,0.0001027041322987,calm
2010-06-02,0.00017609472235571285,0.0001301089568407,calm
2010-06-03,0.0001520200019066525,0.0003345357703125,calm
2010-06-07,0.00019586393457903802,0.0002731967242374,calm
2010-06-08,0.0002152241639899742,0.0001696044057772,calm
2010-06-09,0.0001909656636027071,0.0003809845670213,calm
2010-06-10,0.00023524665758900779,0.0001085882021436,calm
2010-06-14,0.00017113939351039325,7.053243338052172e-05,calm
2010-06-15,0.00012012624195591132,7.683840501296567e-05,calm
2010-06-16,0.00010053705266956934,7.72015846224818e-05,calm
2010-06-17,9.137848973669203e-05,3.644460954820722e-05,calm
2010-06-21,6.840447180241704e-05,0.0001114810330381,calm
2010-06-22,8.190986698296767e-05,0.0001450143942397,calm
2010-06-23,0.00010626095615336126,0.0001470606301471,calm
2010-06-24,0.00012189544084236428,0.0001363516993369,calm
2010-06-28,0.00012667674572588674,0.0003406883910643,calm
2010-06-29,0.0001827789695397324,0.0001142722070901,calm
2010-06-30,0.00014696681138746175,0.0002646503594157,calm
2010-07-01,0.0001786543688381613,0.0001898931857776,calm
2010-07-06,0.00017588951705261718,0.0001064831715259,calm
2010-07-07,0.00013897439991989856,0.0001160487167214,calm
2010-07-08,0.00012632472586616525,5.634144179791233e-05,calm
2010-07-12,9.276450779301403e-05,0.0001263123346375,calm
2010-07-13,0.00010438100716767839,7.595674883535913e-05,calm
2010-07-14,9.376662220301598e-05,0.0001041970405058,calm
2010-07-15,9.852975875864992e-05,0.0001265807341625,calm
2010-07-19,0.00010919255192244203,0.0001362096739849,calm
2010-07-20,0.00011899965006817619,0.000120983702921,calm
2010-07-21,0.00011899090215932633,0.0002133663688357,calm
2010-07-22,0.00014717465575607073,0.000104734610103,calm
2010-07-26,0.0001263361882295262,6.796090598956642e-05,calm
2010-07-27,9.825983534544735e-05,5.564435760020433e-05,calm
2010-07-28,8.000534162936643e-05,0.0001209961094256,calm
2010-07-29,9.422226000151926e-05,0.0001575562563883,calm
2010-08-02,0.00011888020812959857,4.6619221502654674e-05,calm
2010-08-03,8.280630270510644e-05,4.554763715711265e-05,calm
2010-08-04,6.759767317706663e-05,5.84493283723643e-05,calm
2010-08-05,6.621212855895312e-05,8.029754472901265e-05,calm
2010-08-09,7.360469891831757e-05,8.450421065232986e-05,calm
2010-08-10,7.971915659743893e-05,0.0003334287607734,calm
2010-08-11,0.0001452979360838883,7.691677858028775e-05,calm
2010-08-12,0.00011027798198798918,4.656433601024232e-05,calm
2010-08-16,7.669694624043422e-05,7.708901771610647e-05,calm
2010-08-17,7.709820444247106e-05,6.129882090094024e-05,calm
2010-08-18,7.177738755954575e-05,0.0001526646997419,calm
2010-08-19,9.866574128771309e-05,7.209500977174749e-05,calm
2010-08-23,8.773883791140979e-05,0.0001534080077357,calm
2010-08-24,0.00011030051505345458,0.0001008089155348,calm
2010-08-25,0.00010562128538292588,0.0001039563266057,calm
2010-08-26,0.00010376315148193065,0.0001315478387889,calm
2010-08-30,0.00011345397279528312,0.000179817494708,calm
2010-08-31,0.00013623802812401557,0.000333374295846,calm
2010-09-01,0.00019574000773496612,2.873177357752417e-05,calm
2010-09-02,8.70397897062794e-05,0.0001024847850497,calm
2010-09-07,9.309570264657579e-05,5.610609193887398e-05,calm
2010-09-08,7.746078412084545e-05,9.837784178919752e-05,calm
2010-09-09,8.709820992564208e-05,2.1075960190924266e-05,calm
2010-09-13,5.414460259664729e-05,4.530657847074665e-05,calm
2010-09-14,5.345130778741262e-05,4.656387674000498e-05,calm
2010-09-15,5.345865082237229e-05,2.786791210008495e-05,calm
2010-09-16,4.4803548257072734e-05,4.055569618258074e-05,calm
2010-09-20,4.529167054332845e-05,5.890196376960317e-05,calm
2010-09-21,5.162502188618312e-05,5.266978706769611e-05,calm
2010-09-22,5.315200502316711e-05,6.971976298132874e-05,calm
2010-09-23,5.958617589247139e-05,7.759608483250108e-05,calm
2010-09-27,6.610560366324876e-05,6.424317958229683e-05,calm
2010-09-28,6.453655407430164e-05,6.621375019421057e-05,calm
2010-09-29,6.410270319280081e-05,0.0001293664143013,calm
2010-09-30,8.47208013249431e-05,9.293591919354096e-05,calm
2010-10-04,8.683465790601893e-05,8.935419993238045e-05,calm
2010-10-05,8.582007096590969e-05,3.364206397674888e-05,calm
2010-10-06,5.8016298666436324e-05,4.811795521191461e-05,calm
2010-10-07,5.420976507904316e-05,3.4357813074642455e-05,calm
2010-10-11,4.69212902115598e-05,6.276105779161353e-05,calm
2010-10-12,5.357731999266377e-05,4.516517291893915e-05,calm
2010-10-13,5.1469000626568985e-05,5.443168592814773e-05,calm
2010-10-14,5.370909186473329e-05,6.259272485638092e-05,calm
2010-10-18,5.768794887275369e-05,0.0001569858857912,calm
2010-10-19,8.756667993529781e-05,7.386821583373895e-05,calm
2010-10-20,8.05247565685021e-05,7.915355732699723e-05,calm
2010-10-21,7.760699871343498e-05,2.072557849784033e-05,calm
2010-10-25,4.692997009011032e-05,5.239725198639486e-05,calm
2010-10-26,4.9900293217296885e-05,5.648894607044677e-05,calm
2010-10-27,5.369978289909306e-05,5.387194599585441e-05,calm
2010-10-28,5.49355756743218e-05,3.171246273248196e-05,calm
2010-11-01,4.5749199867535064e-05,5.842413496681075e-05,calm
2010-11-02,5.111048189253312e-05,3.744976257631298e-05,calm
2010-11-03,4.6331125090075804e-05,8.48525142339043e-05,calm
2010-11-04,5.931900815449983e-05,0.0001256842833155,calm
2010-11-05,8.12569375619732e-05,3.397794235146061e-05,calm
2010-11-08,5.595126001213829e-05,2.5240456164031623e-05,calm
2010-11-09,4.161809429146082e-05,4.558578933240107e-05,calm
2010-11-10,4.386093449399511e-05,4.454518375378935e-05,calm
2010-11-11,4.526372585185146e-05,6.78796179677886e-05,calm
2010-11-12,5.3830906154141514e-05,6.99486700956283e-05,calm
2010-11-15,6.00633262738564e-05,4.136299394388509e-05,calm
2010-11-16,5.139468763579764e-05,0.0001236250491407,calm
2010-11-17,7.267930637434262e-05,3.943440167935548e-05,calm
2010-11-18,5.679928741749836e-05,7.898437635045831e-05,calm
2010-11-19,6.368458646718997e-05,2.7699991260113743e-05,calm
2010-11-22,4.673801652078058e-05,7.805730475828755e-05,calm
2010-11-23,5.6981915589097664e-05,0.0001037487334812,calm
2010-11-24,7.279160009565549e-05,6.885628415777307e-05,calm
2010-11-26,7.113241342927218e-05,3.5839018429340174e-05,calm
2010-11-29,5.41762325295117e-05,0.000147615171755,calm
2010-11-30,7.982629001173212e-05,8.381509251465771e-05,calm
2010-12-01,8.154295306182435e-05,0.0001370109243955,calm
2010-12-02,9.950422613939295e-05,2.3478865106685417e-05,calm
2010-12-03,5.651399317610461e-05,2.630178819850844e-05,calm
2010-12-06,4.410028480423583e-05,1.5431645713917338e-05,calm
2010-12-07,3.38227238158565e-05,8.070089914649838e-05,calm
2010-12-08,4.797935688520936e-05,2.935592194189477e-05,calm
2010-12-09,4.22369625418604e-05,3.1126837107681655e-05,calm
2010-12-10,3.946210262625993e-05,1.1573674809889885e-05,calm
2010-12-13,2.860999559739637e-05,2.251144233110128e-05,calm
2010-12-14,2.8573322026048262e-05,1.9135108394929147e-05,calm
2010-12-15,2.717366774226295e-05,2.4317835617715536e-05,calm
2010-12-16,2.80407903082452e-05,3.313147269761218e-05,calm
2010-12-17,3.071570251351167e-05,1.2540457935085072e-05,calm
2010-12-20,2.4282651119654012e-05,1.3444350721688417e-05,calm
2010-12-21,2.2017695066656466e-05,4.54917361685298e-06,calm
2010-12-22,1.6997208731261855e-05,5.519192692834588e-06,calm
2010-12-23,1.5604130541326333e-05,7.499532130661632e-06,calm
2010-12-27,1.564560568628107e-05,1.0976522845843512e-05,calm
2010-12-28,1.6718062928537525e-05,5.3661630068368535e-06,calm
2010-12-29,1.5084761657721744e-05,6.686521300306311e-06,calm
2010-12-30,1.4903975681430378e-05,9.20350438401316e-06,calm
2010-12-31,1.564561341093223e-05,9.540706450760627e-06,calm
2011-01-03,1.607440164032566e-05,8.520594578118925e-05,calm
2011-01-04,2.97737771728678e-05,1.9746213903518687e-05,calm
2011-01-05,2.5905773364389974e-05,1.926094106259105e-05,calm
2011-01-06,2.3782449026942714e-05,2.554804289454808e-05,calm
2011-01-07,2.4957234032833266e-05,4.789758807208127e-05,calm
2011-01-10,3.1587542075784794e-05,5.245078985023271e-05,calm
2011-01-11,3.728252287736388e-05,3.0467609162303684e-05,calm
2011-01-12,3.3212613079388736e-05,3.061209556625264e-05,calm
2011-01-13,3.130592922532957e-05,1.806498927435455e-05,calm
2011-01-14,2.6018204596190644e-05,1.6708129923932852e-05,calm
2011-01-18,2.3523288177136717e-05,1.5240125102217514e-05,calm
2011-01-19,2.114418621801556e-05,2.381856481755449e-05,calm
2011-01-20,2.3158150337704356e-05,5.550722566759392e-05,calm
2011-01-21,3.2151577405766596e-05,3.756513596401425e-05,calm
2011-01-24,3.335336294205058e-05,1.531635445315959e-05,calm
2011-01-25,2.5058356983942084e-05,3.79237962656442e-05,calm
2011-01-26,2.8980336947418247e-05,3.28900093254664e-05,calm
2011-01-27,3.0108023916963235e-05,2.017380181032832e-05,calm
2011-01-28,2.6194281798509197e-05,6.31841483895345e-05,calm
2011-01-31,3.5974837654734914e-05,3.700817765223655e-05,calm
2011-02-01,3.532692423998254e-05,4.716407584131788e-05,calm
2011-02-02,3.790094051016711e-05,2.0577533644786858e-05,calm
2011-02-03,2.9491916287707607e-05,3.643164006841747e-05,calm
2011-02-04,3.13709194837705e-05,3.122646676569274e-05,calm
2011-02-07,3.110394015368673e-05,1.820278106748465e-05,calm
2011-02-08,2.6194812905418743e-05,1.4937420995194448e-05,calm
2011-02-09,2.2917439063182764e-05,2.404574614087772e-05,calm
2011-02-10,2.4436903479718426e-05,5.0863824770305625e-05,calm
2011-02-11,3.23284115787977e-05,2.48407599399146e-05,calm
2011-02-14,2.9301837895560863e-05,1.2014160787732131e-05,calm
2011-02-15,2.2510544102589745e-05,2.4211233926983503e-05,calm
2011-02-16,2.4077480734233325e-05,3.658516790264395e-05,calm
2011-02-17,2.8905074216124235e-05,1.582868302703548e-05,calm
2011-02-18,2.4367219534181868e-05,1.435790772207311e-05,calm
2011-02-22,2.1843297144920608e-05,0.0001458035303788,calm
2011-02-23,4.418418291888336e-05,8.842513533705177e-05,calm
2011-02-24,5.690961704126255e-05,8.387350084143883e-05,calm
2011-02-25,6.26525518475516e-05,4.4698805675268e-05,calm
2011-02-28,4.9967871689295084e-05,3.0580310011967745e-05,calm
2011-03-01,3.879781653844817e-05,6.969199980526215e-05,calm
2011-03-02,4.6775094187758584e-05,5.0355268985652974e-05,calm
2011-03-03,4.67727762544978e-05,9.074475694369822e-05,calm
2011-03-04,5.9119916172903114e-05,5.779030829686026e-05,calm
2011-03-07,5.6624234723100526e-05,7.297858750078786e-05,calm
2011-03-08,6.0394509897381714e-05,4.654102515045888e-05,calm
2011-03-09,5.2777678018082474e-05,6.219610267023637e-05,calm
2011-03-10,5.491700388536329e-05,0.000203013520129,calm
2011-03-11,9.211914151736393e-05,5.088364559329599e-05,calm
2011-03-14,7.064632904585915e-05,8.247146718284295e-05,calm
2011-03-15,7.253868032587187e-05,0.0005259266245354,calm
2011-03-16,0.00015985445889711152,0.0002003886876956,calm
2011-03-17,0.0001724965995248336,0.0001814851288761,calm
2011-03-18,0.00016592934525002924,0.00013406925766,calm
2011-03-21,0.00013986031748231814,0.0001375443006583,calm
2011-03-22,0.00013113702925800897,2.545006714539485e-05,calm
2011-03-23,6.803861205846294e-05,3.442962325424006e-05,calm
2011-03-24,5.532346872117614e-05,2.76834792876599e-05,calm
2011-03-25,4.660596516222606e-05,2.0370093417957912e-05,calm
2011-03-28,3.8640576645250514e-05,2.061616413546137e-05,calm
2011-03-29,3.4415195191464095e-05,2.7972965369255708e-05,calm
2011-03-30,3.4588423819403205e-05,1.705094979249867e-05,calm
2011-03-31,2.9736132170553498e-05,2.9666353172874155e-05,calm
2011-04-04,3.1542272039537704e-05,1.883702726295959e-05,calm
2011-04-05,2.8199199309678688e-05,2.0060311812078146e-05,calm
2011-04-06,2.6726986030675757e-05,6.935730631865061e-05,calm
2011-04-07,3.878299914928157e-05,2.7510879531417497e-05,calm
2011-04-11,3.422131888238465e-05,6.419952436715044e-05,calm
2011-04-12,4.278369387330719e-05,5.760901620961569e-05,calm
2011-04-13,4.6541852039796946e-05,4.6200103358443615e-05,calm
2011-04-14,4.419519536143735e-05,2.5540169406701747e-05,calm
2011-04-18,3.4703327362233556e-05,2.625235904368236e-05,calm
2011-04-19,3.121723983515249e-05,6.782599051124722e-05,calm
2011-04-20,4.1393303647871104e-05,1.79142348664616e-05,calm
2011-04-25,3.0568919654080465e-05,2.2592476955390103e-05,calm
2011-04-26,2.8118705101992253e-05,2.452108981047688e-05,calm
2011-04-27,2.7635864906513958e-05,1.5099657328660752e-05,calm
2011-04-28,2.390790990741168e-05,8.58382102700776e-06,calm
2011-05-02,1.9572380078919362e-05,3.447613294018942e-05,calm
2011-05-03,2.502060759452141e-05,6.270218683635757e-05,calm
2011-05-04,3.5235847482850055e-05,9.972172466244132e-05,calm
2011-05-05,5.161764969197727e-05,0.0001438927830552,calm
2011-05-09,7.533638806872353e-05,1.719341455431668e-05,calm
2011-05-10,3.9470764742784655e-05,5.130003074394668e-05,calm
2011-05-11,4.099219947538788e-05,5.297219137231519e-05,calm
2011-05-12,4.366023725677905e-05,4.492979687618087e-05,calm
2011-05-16,4.306491207996556e-05,6.79595241649972e-05,calm
2011-05-17,5.001780715946964e-05,2.9241697364447137e-05,calm
2011-05-18,4.0104936377947735e-05,3.7055280328601325e-05,calm
2011-05-19,3.851319893900454e-05,3.942391884027123e-05,calm
2011-05-23,3.869964382390421e-05,3.4144485749644044e-05,calm
2011-05-24,3.7038368582399065e-05,4.0614319514591056e-05,calm
2011-05-25,3.8321294229034265e-05,4.204424656077055e-05,calm
2011-05-26,3.958357610831186e-05,3.4745695253206325e-05,calm
2011-05-31,3.764953748922597e-05,6.122838668793894e-05,calm
2011-06-01,4.4625392338562064e-05,7.037996923738962e-05,calm
2011-06-02,5.259069987446725e-05,0.0001582941349059,calm
2011-06-06,8.081384955465998e-05,5.674614868623032e-05,calm
2011-06-07,6.67150195750596e-05,5.514007241476984e-05,calm
2011-06-08,5.8292537779403085e-05,2.5419872929761795e-05,calm
2011-06-09,4.196979605497573e-05,9.172735090604128e-05,calm
2011-06-13,5.586327556934756e-05,0.0001090587122311,calm
2011-06-14,7.272014718711494e-05,0.0001364343426889,calm
2011-06-15,9.28418243820533e-05,7.710994068011213e-05,calm
2011-06-16,8.270317409437731e-05,0.000117306288219,calm
2011-06-20,9.146816430314205e-05,3.548542263122379e-05,calm
2011-06-21,6.116543688903497e-05,3.626060591745582e-05,calm
2011-06-22,5.031429006115575e-05,0.0003592363371063,calm
2011-06-23,0.00010827844212864142,5.082565679739707e-05,calm
2011-06-27,7.999789169833685e-05,3.2124040819697895e-05,calm
2011-06-28,5.60839434201095e-05,4.781503072112748e-05,calm
2011-06-29,5.340831381048255e-05,4.061285319996151e-05,calm
2011-06-30,4.9684579544073844e-05,4.967994554796526e-05,calm
2011-07-05,5.1025756356976176e-05,2.689939327279769e-05,calm
2011-07-06,4.2177244722587436e-05,7.169933840344104e-05,calm
2011-07-07,5.228148062560935e-05,0.0001108848950702,calm
2011-07-11,7.104367362350977e-05,7.409577441656873e-05,calm
2011-07-12,7.167588776124514e-05,7.722567921397407e-05,calm
2011-07-13,7.235782456267568e-05,9.361751816153733e-05,calm
2011-07-14,7.802581572771187e-05,9.632823679279616e-05,calm
2011-07-18,8.282423406376198e-05,8.872147854031476e-05,calm
2011-07-19,8.310145512639331e-05,2.549843465083299e-05,calm
2011-07-20,5.313783533653328e-05,9.197064540749034e-05,calm
2011-07-21,6.419539069140598e-05,2.289609244205236e-05,calm
2011-07-25,4.553247322818401e-05,2.469546219554257e-05,calm
2011-07-26,3.833130506178162e-05,0.000118913702522,calm
2011-07-27,5.845403975734485e-05,4.492033778355952e-05,calm
2011-07-28,5.4135012725160805e-05,0.0002106797545272,calm
2011-08-01,9.123329571391174e-05,0.0001362794758716,calm
2011-08-02,0.0001076096971522685,0.0002130799940707,calm
2011-08-03,0.00013839562750245547,0.0004396521982625,calm
2011-08-04,0.00021375201982774223,0.0010861431105571,calm
2011-08-08,0.0003842039711828703,0.0015607229988121,calm
2011-08-09,0.0006036803512009827,0.0015734198257311,calm
2011-08-10,0.0007760261716641872,0.0007446347309996,calm
2011-08-11,0.0006896070303118673,0.0003886922186,calm
2011-08-15,0.0005016746092515924,0.0003033574034531,calm
2011-08-16,0.0003811617894610454,0.0001382748966214,calm
2011-08-17,0.00022138522021927274,0.0010052588777701,calm
2011-08-18,0.00040906218263848357,0.0004163771591692,calm
2011-08-22,0.0003882683925081439,0.0002394839477837,calm
2011-08-23,0.0002900644493614399,0.0001872876470081,calm
2011-08-24,0.00022481765092905508,0.0003732760674809,calm
2011-08-25,0.00026700936533468017,0.0003662589384973,calm
2011-08-29,0.00028994377479360696,0.0002176450023445,calm
2011-08-30,0.00023987346683809196,0.0001933994712384,calm
2011-08-31,0.00020586936799725167,0.000215655913859,calm
2011-09-01,0.00019988518043720618,0.0004645473706703,calm
2011-09-06,0.00027049219793839104,0.0002036261280501,calm
2011-09-07,0.00022508232312812575,0.0001893283056435,calm
2011-09-08,0.00019607329620724667,0.000383215845704,calm
2011-09-12,0.00024521525855275886,0.0001653459537123,calm
2011-09-13,0.0001953069485398074,0.0002287610291912,calm
2011-09-14,0.00019702002822377605,0.0001650758775017,calm
2011-09-15,0.00017393842668017017,0.0001197666677754,calm
2011-09-19,0.00014306566588564513,0.0001135307614229,calm
2011-09-20,0.00012697484855562488,0.0002261384432634,calm
2011-09-21,0.00015703199172643602,0.0011173442663123,calm
2011-09-22,0.00032642036797271643,0.0002774400408178,calm
2011-09-26,0.0002891556564284832,0.0004870790268771,calm
2011-09-27,0.0003319259067249954,0.0002445731583342,calm
2011-09-28,0.0002681469856946102,0.000562028037221,calm
2011-09-29,0.0003407592007223019,0.0005049099895407,calm
2011-10-03,0.00037350812321915953,0.0007267240042017,calm
2011-10-04,0.0004545719320338166,0.0002843865443569,calm
2011-10-05,0.0003386899719760586,0.0001823214812192,calm
2011-10-06,0.0002407260766325588,0.0002047184326505,calm
2011-10-10,0.00021509598156271061,0.0001303310486738,calm
2011-10-11,0.0001693207262740225,0.0001687296400536,calm
2011-10-12,0.00016628645104483904,0.0001695946298074,calm
2011-10-13,0.00016516376573334708,0.000221675559531,calm
2011-10-17,0.00018235211528161102,0.000231354227109,calm
2011-10-18,0.00019487370098709094,0.0001374227849837,calm
2011-10-19,0.00016235517607777566,0.0002100067651359,calm
2011-10-20,0.00017380497435570116,0.0001960088353782,calm
2011-10-24,0.00017620526068713575,0.0002155622847502,calm
2011-10-25,0.00018401817948158014,0.0003112079035346,calm
2011-10-26,0.0002183831398876401,0.0006616970760231,calm
2011-10-27,0.00032380418194583515,8.637026437922611e-05,calm
2011-10-31,0.00017208731965604682,0.0002367220951013,calm
2011-11-01,0.00018860233340520382,0.0009656929184634,calm
2011-11-02,0.0003525735825899518,0.0003255793232157,calm
2011-11-03,0.0003169958343504163,0.0002501236442729,calm
2011-11-04,0.00026403702590781887,0.0001540340988926,calm
2011-11-07,0.00019685212269595335,9.450561200691156e-05,calm
2011-11-08,0.00014077251833656903,0.0001240930198906,calm
2011-11-09,0.00013376113853217662,0.0005922209667006,calm
2011-11-10,0.00024201840643236754,0.0002700224710458,calm
2011-11-11,0.00024443809701533216,0.0001858628654852,calm
2011-11-14,0.00020539400571149992,7.984105641640929e-05,calm
2011-11-15,0.00013308236560128137,0.0001038825819842,calm
2011-11-16,0.00011956388982936847,0.0002439370176897,calm
2011-11-17,0.0001588895012387725,0.000203281411876,calm
2011-11-18,0.00017331972825318157,9.207688960280652e-05,calm
2011-11-21,0.0001305175385336008,0.0003289374129427,calm
2011-11-22,0.00018530778364945664,0.0001238007615842,calm
2011-11-23,0.0001521036206367213,0.0002222091514823,calm
2011-11-25,0.0001719274527926618,7.356725169968264e-05,calm
2011-11-28,0.0001184798845081287,0.0007899780140908,calm
2011-11-29,0.00024510050270380225,7.870956172680729e-05,calm
2011-11-30,0.00014640072413195186,0.0007088451526677,calm
2011-12-01,0.00026486680300562537,6.870588399345685e-05,calm
2011-12-02,0.00014102281842964624,0.0001108570257137,calm
2011-12-05,0.00012344834501352937,0.0002659068549598,calm
2011-12-06,0.0001662635420904412,5.12262294417342e-05,calm
2011-12-07,0.00010168998888395628,0.000121369952746,calm
2011-12-08,0.00010883136675428253,0.0001638233556814,calm
2011-12-09,0.00012830861919768853,0.0001193666968594,calm
2011-12-12,0.00012353894769832552,0.0002102099434077,calm
2011-12-13,0.00015069767593420808,0.000184923889616,calm
2011-12-14,0.00015946190274836677,0.0001300252689424,calm
2011-12-15,0.00014094309165433582,0.0001482031157503,calm
2011-12-16,0.0001390330137002163,0.0001160943251004,calm
2011-12-19,0.00012566167580915191,9.05862687938204e-05,calm
2011-12-20,0.00010826719527108125,0.000316731032191,calm
2011-12-21,0.00016499341251583087,7.107408248239379e-05,calm
2011-12-22,0.0001143412289128773,2.8470780834441288e-05,calm
2011-12-23,6.813191937379047e-05,2.2105238386547145e-05,calm
2011-12-27,4.9442989030286006e-05,2.1352012143961145e-05,calm
2011-12-28,4.103738164752301e-05,3.888108414857559e-05,calm
2011-12-29,4.3166184761135854e-05,3.04486502391406e-05,calm
2011-12-30,4.0894328126786096e-05,1.7158468017474457e-05,calm
2012-01-03,3.290505232809201e-05,0.0003049841630565,calm
2012-01-04,7.912318272144505e-05,3.890710184958219e-05,calm
2012-01-05,6.080601806356823e-05,6.515797739667469e-05,calm
2012-01-06,6.110764673249232e-05,3.348536473204581e-05,calm
2012-01-09,4.793263490553847e-05,1.974168966755715e-05,calm
2012-01-10,3.572806191324512e-05,0.0001274286095429,calm
2012-01-11,5.8538979400040426e-05,4.084776862307181e-05,calm
2012-01-12,5.1433549116070885e-05,4.106153449354368e-05,calm
2012-01-13,4.688511817933125e-05,0.000104544238332,calm
2012-01-17,6.411189344510004e-05,8.777894246988321e-05,calm
2012-01-18,7.248550872299978e-05,3.872876902864405e-05,calm
2012-01-19,5.4996250484916676e-05,2.9729950467130063e-05,calm
2012-01-20,4.315268243761106e-05,1.7813525153193508e-05,calm
2012-01-23,3.288867066423922e-05,2.961763087372188e-05,calm
2012-01-24,3.3124784637617605e-05,4.899248892965565e-05,calm
2012-01-25,3.938389138810715e-05,5.77174667725078e-05,calm
2012-01-26,4.6410707396930446e-05,4.883637370790306e-05,calm
2012-01-27,4.7374432768082706e-05,3.1998099127832774e-05,calm
2012-01-30,4.0509584983299785e-05,0.0001217185709649,calm
2012-01-31,6.232252072884084e-05,7.901718404213539e-05,calm
2012-02-01,6.808170534088761e-05,8.556683889317936e-05,calm
2012-02-02,7.311329999096737e-05,2.2104800368233525e-05,calm
2012-02-03,4.5121129300464924e-05,9.6645942938878e-05,calm
2012-02-06,5.9455067066340944e-05,3.622238209246629e-05,calm
2012-02-07,4.942918504282597e-05,2.982289152609981e-05,calm
2012-02-08,4.1564381449925856e-05,2.237268558021672e-05,calm
2012-02-09,3.4775905686840654e-05,3.228904463423826e-05,calm
2012-02-10,3.535672804329663e-05,9.358989587712998e-05,calm
2012-02-13,5.231585027695351e-05,4.690565213574275e-05,calm
2012-02-14,5.078849353077677e-05,3.1717626309871487e-05,calm
2012-02-15,4.233475219674055e-05,5.395375282093064e-05,calm
2012-02-16,4.6229579220630525e-05,3.00807661627311e-05,calm
2012-02-17,3.966540017443484e-05,2.0916536317296205e-05,calm
2012-02-21,3.252804164002315e-05,2.9926650902791096e-05,calm
2012-02-22,3.2763116285395624e-05,2.4551182039089954e-05,calm
2012-02-23,3.098637745352537e-05,1.993731928808601e-05,calm
2012-02-24,2.8122120092401084e-05,1.692877875594198e-05,calm
2012-02-27,2.5422797696530434e-05,6.88217800402775e-05,calm
2012-02-28,3.768099308742927e-05,2.5818658088677705e-05,calm
2012-02-29,3.338899976486178e-05,4.4358475972830144e-05,calm
2012-03-01,3.718723405800652e-05,5.52997021151936e-05,calm
2012-03-02,4.296535735739375e-05,2.479284423405272e-05,calm
2012-03-05,3.360095946594081e-05,3.208291962157205e-05,calm
2012-03-06,3.266959143061463e-05,0.0001292223877633,calm
2012-03-07,5.567210897392532e-05,2.504784109351829e-05,calm
2012-03-08,3.962349991103032e-05,6.346358216744232e-05,calm
2012-03-09,4.606544475540721e-05,2.2641260007094755e-05,calm
2012-03-12,3.481838148457931e-05,2.0281134585090364e-05,calm
2012-03-13,2.9262395112394587e-05,4.548335772533618e-05,calm
2012-03-14,3.485544618864308e-05,2.178604596435164e-05,calm
2012-03-15,3.0128055584626515e-05,2.4231506054329194e-05,calm
2012-03-16,2.8669016021467762e-05,1.4727339980913664e-05,calm
2012-03-19,2.4213344143095863e-05,1.6638104157386555e-05,calm
2012-03-20,2.290334005462034e-05,5.581357967756558e-05,calm
2012-03-21,3.241661862036895e-05,1.914050799625005e-05,calm
2012-03-22,2.746046435136169e-05,6.554381363627071e-05,calm
2012-03-23,3.7996248858561044e-05,1.822836193212128e-05,calm
2012-03-26,2.8966729393770605e-05,1.4486205955651356e-05,calm
2012-03-27,2.367204608590877e-05,3.343567585038475e-05,calm
2012-03-28,2.7505875136107053e-05,6.522909326620424e-05,calm
2012-03-29,3.823612007597186e-05,3.4114542105778865e-05,calm
2012-04-02,3.598355912814014e-05,5.401224429395893e-05,calm
2012-04-03,4.086306004943528e-05,0.0001043920155054,calm
2012-04-04,5.7023527960354525e-05,2.88664387758584e-05,calm
2012-04-09,4.2509334530559527e-05,6.519545757148817e-05,calm
2012-04-10,4.798388116323195e-05,0.000100789963319,calm
2012-04-11,6.23092988021725e-05,2.322062655091499e-05,calm
2012-04-12,4.2009639777016884e-05,5.24132766509063e-05,calm
2012-04-16,4.443229285134612e-05,7.035723218302853e-05,calm
2012-04-17,5.223530396235243e-05,4.563386024921558e-05,calm
2012-04-18,4.9185874450075736e-05,8.270253573773732e-05,calm
2012-04-19,5.910738497656837e-05,4.030085771170916e-05,calm
2012-04-23,5.055990958632628e-05,3.16168218105666e-05,calm
2012-04-24,4.220845333353439e-05,0.0001329333352019,calm
2012-04-25,6.466782696816857e-05,2.2611473617518767e-05,calm
2012-04-26,4.4136248932451e-05,2.780944214487193e-05,calm
2012-04-30,3.7606217425923246e-05,4.828298259863768e-05,calm
2012-05-01,4.151268164368008e-05,5.153086874016891e-05,calm
2012-05-02,4.532226696697956e-05,4.010644912318834e-05,calm
2012-05-03,4.359176646810132e-05,7.119435687576865e-05,calm
2012-05-07,5.222076612634048e-05,0.0001023715795135,calm
2012-05-08,6.748099053202166e-05,0.000186740057948,calm
2012-05-09,0.00010098265732504813,0.0001030743643289,calm
2012-05-10,0.00010049863494630696,6.997402066982703e-05,calm
2012-05-14,8.661511898720968e-05,6.232345062955374e-05,calm
2012-05-15,7.444923671104755e-05,7.900807976602752e-05,calm
2012-05-16,7.389250857008183e-05,8.598359078272735e-05,calm
2012-05-17,7.682466708529997e-05,8.786943632652968e-05,calm
2012-05-21,8.000712391585399e-05,8.606340842957042e-05,calm
2012-05-22,8.175685242059707e-05,0.000116506120944,calm
2012-05-23,9.211159894769945e-05,8.10139927381339e-05,calm
2012-05-24,8.786376351109283e-05,3.613137488977965e-05,calm
2012-05-29,6.420107326357834e-05,0.0001260042564746,calm
2012-05-30,7.910305214811316e-05,8.768275048546974e-05,calm
2012-05-31,8.250814602389412e-05,0.0002236695020505,calm
2012-06-04,0.00011726546158691265,5.389168714864125e-05,calm
2012-06-05,9.018853723541928e-05,8.9599882911639e-05,calm
2012-06-06,8.77827556353994e-05,0.0001433450163523,calm
2012-06-07,0.00010263065752804466,4.9615283872675954e-05,calm
2012-06-11,7.954934606867829e-05,8.263207359359059e-05,calm
2012-06-12,7.896350485985884e-05,8.540430263374963e-05,calm
2012-06-13,8.054783148094623e-05,8.915835495878956e-05,calm
2012-06-14,8.324284786998162e-05,3.5724534121877355e-05,calm
2012-06-18,6.265707192184154e-05,5.8111292578117935e-05,calm
2012-06-19,6.046298094714417e-05,7.656060070234522e-05,calm
2012-06-20,6.638853760123272e-05,6.76862166962777e-05,calm
2012-06-21,6.7577709554165e-05,4.263915162794018e-05,calm
2012-06-25,5.782229547948752e-05,4.860012022850214e-05,calm
2012-06-26,5.458899270857618e-05,4.135767106026526e-05,calm
2012-06-27,5.0014793860989646e-05,0.0001272586548154,calm
2012-06-28,7.02912511200812e-05,0.000244701141918,calm
2012-07-02,0.00011414796789780738,1.4775053544635136e-05,calm
2012-07-05,5.517224242511154e-05,0.0001033687487941,calm
2012-07-09,6.721517212274337e-05,7.665336108707708e-05,calm
2012-07-10,7.041941212567631e-05,5.666221507189737e-05,calm
2012-07-11,6.493583766166121e-05,0.0001008161472533,calm
2012-07-12,7.58244572844267e-05,5.0072674235071045e-05,calm
2012-07-16,6.514664306084638e-05,9.070389177571732e-05,calm
2012-07-17,7.287917387441711e-05,2.8421573425301804e-05,calm
2012-07-18,5.236971854067676e-05,3.598985667629793e-05,calm
2012-07-19,4.61574558670056e-05,5.518798239174988e-05,calm
2012-07-23,4.954696274478797e-05,7.654682237739664e-05,calm
2012-07-24,5.847526581425551e-05,5.978383074313445e-05,calm
2012-07-25,5.947166098553909e-05,0.0003058355428357,calm
2012-07-26,0.00010978272047184737,8.342990921611934e-05,calm
2012-07-30,0.00010056357131200163,3.496929008963927e-05,calm
2012-07-31,6.762061952304312e-05,6.843387634041e-05,calm
2012-08-01,6.556598961450934e-05,0.0001298245382131,calm
2012-08-02,8.168193248936247e-05,0.0002096643767229,calm
2012-08-06,0.00011420755702220466,3.391164081453909e-05,calm
2012-08-07,7.527717836678256e-05,2.5739623613498164e-05,calm
2012-08-08,5.186976719730169e-05,1.835847287304024e-05,calm
2012-08-09,3.8103808488019464e-05,3.89736578095405e-05,calm
2012-08-13,3.876883371485637e-05,2.365541729874731e-05,calm
2012-08-14,3.444610047745779e-05,1.177752167494828e-05,calm
2012-08-15,2.6803359101133416e-05,1.3425341025138576e-05,calm
2012-08-16,2.3650865468518004e-05,7.001791764425687e-06,calm
2012-08-20,1.9300838918130156e-05,3.3930663858682106e-05,calm
2012-08-21,2.3717579575803376e-05,3.7089232017258735e-05,calm
2012-08-22,2.7883262124212927e-05,3.984932732470013e-05,calm
2012-08-23,3.148305571134081e-05,2.689926562398257e-05,calm
2012-08-27,3.0073554204594442e-05,2.5538017095215568e-05,calm
2012-08-28,2.865380063629158e-05,1.2040171559416912e-05,calm
2012-08-29,2.299858313214947e-05,4.755492678973102e-05,calm
2012-08-30,2.8911546151085574e-05,0.0001127480578983,calm
2012-09-04,4.490392591301228e-05,1.957833649500373e-05,calm
2012-09-05,3.3974113655965414e-05,7.66222748124791e-05,calm
2012-09-06,4.294508478814212e-05,1.133639571907586e-05,calm
2012-09-10,2.878104490408781e-05,1.5029954874582336e-05,calm
2012-09-11,2.4401828307030752e-05,2.601793789320067e-05,calm
2012-09-12,2.5390567835242974e-05,6.025276581838828e-05,calm
2012-09-13,3.3040070613206196e-05,4.818068046913037e-05,calm
2012-09-17,3.722844904544582e-05,1.853772857602845e-05,calm
2012-09-18,3.0148892763646047e-05,2.38946300150818e-05,calm
2012-09-19,2.8200295182422584e-05,4.416107314989428e-05,calm
2012-09-20,3.221678515580892e-05,3.041274257982312e-05,calm
2012-09-24,3.173007676064391e-05,3.423097793865492e-05,calm
2012-09-25,3.241912682851417e-05,3.591889567568471e-05,calm
2012-09-26,3.3343399792810845e-05,3.3672464761823935e-05,calm
2012-09-27,3.333298479548705e-05,4.069027283187193e-05,calm
2012-10-01,3.518770330051219e-05,4.984070856673392e-05,calm
2012-10-02,3.8880556314955095e-05,3.138067474574152e-05,calm
2012-10-03,3.60401484227946e-05,3.559074342526186e-05,calm
2012-10-04,3.5480048207793794e-05,4.070417846334557e-05,calm
2012-10-08,3.66667732578653e-05,3.174823811372e-05,calm
2012-10-09,3.4894500122124535e-05,2.5290673266691225e-05,calm
2012-10-10,3.1626380806375926e-05,6.139073601278572e-05,calm
2012-10-11,3.850541808178531e-05,2.5330098632767508e-05,calm
2012-10-15,3.389364616961613e-05,2.785233746867163e-05,calm
2012-10-16,3.1865310522564016e-05,1.5745012037851736e-05,calm
2012-10-17,2.6521367829014093e-05,3.540957238847098e-05,calm
2012-10-18,2.9226985142273006e-05,6.018656731008063e-05,calm
2012-10-22,3.664044608944665e-05,0.0001765566189366,calm
2012-10-23,6.187793144611397e-05,5.429834793092829e-05,calm
2012-10-24,5.963296979143609e-05,0.0001083287131471,calm
2012-10-25,7.187070235471126e-05,6.296278117322756e-05,calm
2012-10-31,6.732209669292285e-05,5.3407105091254416e-05,calm
2012-11-01,6.01911837706402e-05,3.741028092080471e-05,calm
2012-11-02,5.000017751942206e-05,4.516433823150892e-05,calm
2012-11-05,4.735065367778302e-05,2.421946598864764e-05,calm
2012-11-06,3.844193044157996e-05,4.121185366659854e-05,calm
2012-11-07,3.922973122095806e-05,0.0002762342394764,calm
2012-11-08,7.467688824127182e-05,6.673557381500837e-05,calm
2012-11-09,7.437354694232443e-05,8.893758769889924e-05,calm
2012-11-12,7.880454886023569e-05,2.352204228345602e-05,calm
2012-11-13,5.213169522591941e-05,8.837113898340802e-05,calm
2012-11-14,5.997572903213613e-05,7.852655197722172e-05,calm
2012-11-15,6.526300539850543e-05,7.456799350022986e-05,calm
2012-11-16,6.817388890109418e-05,8.976071102457922e-05,calm
2012-11-19,7.623193507129728e-05,0.0001683007005373,calm
2012-11-20,0.00010241385283097317,6.227230808902253e-05,calm
2012-11-21,8.420641597392761e-05,1.328067877673953e-05,calm
2012-11-23,4.44670206794964e-05,3.335191367277284e-05,calm
2012-11-26,4.103083799389305e-05,5.280680884305069e-05,calm
2012-11-27,4.5746189888022704e-05,4.583094631916258e-05,calm
2012-11-28,4.698149356080593e-05,9.923239501647353e-05,calm
2012-11-29,6.24735113083147e-05,8.122214576298956e-05,calm
2012-11-30,6.970147112604824e-05,2.621522388862159e-05,calm
2012-12-03,4.8948847389606916e-05,5.716781444643248e-05,calm
2012-12-04,5.1252360689868635e-05,3.79428950117525e-05,calm
2012-12-05,4.64291314370318e-05,4.688735870652034e-05,calm
2012-12-06,4.691287754835976e-05,2.7822664154467448e-05,calm
2012-12-07,3.9858807840996405e-05,3.756443941463415e-05,calm
2012-12-10,3.966168563863216e-05,1.6628014326916485e-05,calm
2012-12-11,3.095316404040737e-05,3.905595044054508e-05,calm
2012-12-12,3.4322771535180526e-05,3.2103749187647705e-05,calm
2012-12-13,3.443008815888189e-05,3.012319856349701e-05,calm
2012-12-14,3.363286146216908e-05,3.0831574839044194e-05,calm
2012-12-17,3.3235201411651344e-05,3.437120072587716e-05,calm
2012-12-18,3.406657080239446e-05,2.75084785744669e-05,calm
2012-12-19,3.210777178655565e-05,2.5230850792668583e-05,calm
2012-12-20,3.040868687116756e-05,3.234237026769193e-05,calm
2012-12-21,3.119655315890882e-05,0.0001528189940996,calm
2012-12-24,4.9862963855325365e-05,9.387796808350876e-06,calm
2012-12-26,3.218357991176505e-05,2.229001460692664e-05,calm
2012-12-27,2.9199466723784345e-05,7.522437191522163e-05,calm
2012-12-28,3.794344764065198e-05,6.864994577711682e-05,calm
2012-12-31,4.5666119366359997e-05,9.9800112962042e-05,calm
2013-01-02,5.878541201064455e-05,0.0003998754125332,calm
2013-01-03,0.00011028719937931145,2.877280132531701e-05,calm
2013-01-04,7.599226174497163e-05,2.059038508901497e-05,calm
2013-01-07,4.9688159932928936e-05,3.326206726152528e-05,calm
2013-01-08,4.250633934191361e-05,2.154543356157129e-05,calm
2013-01-09,3.496219230608487e-05,1.9297589354295653e-05,calm
2013-01-10,3.019612170588106e-05,2.0224199506513203e-05,calm
2013-01-11,2.7820876125237424e-05,1.058118454845889e-05,calm
2013-01-14,2.310161522718224e-05,1.5782705881397227e-05,calm
2013-01-15,2.2137513847677876e-05,2.837754542255928e-05,calm
2013-01-16,2.4460238053299695e-05,1.355334985286304e-05,calm
2013-01-17,2.224345684989099e-05,2.429108862798138e-05,calm
2013-01-18,2.3634681921672143e-05,1.2861965032070728e-05,calm
2013-01-22,2.1801857340673468e-05,1.2411988371334658e-05,calm
2013-01-23,2.0239033777750833e-05,7.592427693681032e-06,calm
2013-01-24,1.7597785734546774e-05,1.8827176710806687e-05,calm
2013-01-25,1.9525658069026535e-05,3.02764226577382e-05,calm
2013-01-28,2.3364351370501656e-05,1.262825579769491e-05,calm
2013-01-29,2.095653310732249e-05,1.6187684869431636e-05,calm
2013-01-30,2.082184170769175e-05,2.09092179074234e-05,calm
2013-01-31,2.205528890568764e-05,2.9371916164567862e-05,calm
2013-02-01,2.49399967738119e-05,4.667615910969572e-05,calm
2013-02-04,3.079781581228273e-05,5.3222324391733134e-05,calm
2013-02-05,3.68606827221512e-05,4.338277753248456e-05,calm
2013-02-06,3.87422457809728e-05,3.696884506327915e-05,calm
2013-02-07,3.7810112483799414e-05,3.553096924931811e-05,calm
2013-02-08,3.673158467713977e-05,1.4858985533263876e-05,calm
2013-02-11,2.829633069554905e-05,8.239588701751283e-06,calm
2013-02-12,2.1478297641495496e-05,7.453805186752834e-06,calm
2013-02-13,1.8261519558200882e-05,1.842833059757055e-05,calm
2013-02-14,1.9910348014656414e-05,2.3600096409362045e-05,calm
2013-02-15,2.2284322614752833e-05,1.883684365720955e-05,calm
2013-02-19,2.254665516602613e-05,1.4263749582525975e-05,calm
2013-02-20,2.119419363032268e-05,2.414955318655678e-05,calm
2013-02-21,2.259481518231054e-05,5.206624911544685e-05,calm
2013-02-22,3.0457278231933786e-05,4.186252501170508e-05,calm
2013-02-25,3.3851844400740896e-05,8.787405534139898e-05,calm
2013-02-26,4.695136084123e-05,7.180103692033423e-05,calm
2013-02-27,5.3357305881959346e-05,3.30599284682281e-05,calm
2013-02-28,4.254190784571151e-05,3.1437288786903195e-05,calm
2013-03-01,3.659929424197941e-05,8.625860729561744e-05,calm
2013-03-04,4.8590310054382926e-05,2.7543344456191208e-05,calm
2013-03-05,3.900031989950998e-05,5.865733896844221e-05,calm
2013-03-06,4.4230838806080436e-05,2.3545224786428843e-05,calm
2013-03-07,3.524879744129831e-05,1.5450122880313302e-05,calm
2013-03-08,2.739235225145243e-05,2.0637116211646523e-05,calm
2013-03-11,2.5964918864401983e-05,9.153525703416009e-06,calm
2013-03-12,2.0570751553049352e-05,1.7060011026442335e-05,calm
2013-03-13,2.1038820916946875e-05,1.2882094535612389e-05,calm
2013-03-14,1.982258219992406e-05,1.3870996832820092e-05,calm
2013-03-15,1.9474165211661873e-05,1.526929430908865e-05,calm
2013-03-18,1.968203707393168e-05,0.000119838337724,calm
2013-03-19,3.718811078384731e-05,7.129016940563635e-05,calm
2013-03-20,4.708248267813108e-05,5.758186616021913e-05,calm
2013-03-21,4.9270917965966296e-05,5.290476289765424e-05,calm
2013-03-22,4.781752239778178e-05,3.332018065767891e-05,calm
2013-03-25,3.961043942668956e-05,4.72878450823159e-05,calm
2013-03-26,4.090287856821681e-05,2.880351498297227e-05,calm
2013-03-27,3.5438709997740906e-05,6.680165414044689e-05,calm
2013-03-28,4.4353788027466333e-05,1.258246753277589e-05,calm
2013-04-01,2.8822138150489952e-05,3.444092707341793e-05,calm
2013-04-02,3.116367924976315e-05,3.440428412456607e-05,calm
2013-04-03,3.284976406816391e-05,4.033892637543374e-05,calm
2013-04-04,3.568010433976687e-05,0.0001931349366465,calm
2013-04-08,6.825775271831134e-05,2.3895552756355703e-05,calm
2013-04-09,4.4703062297599054e-05,3.6150123460505e-05,calm
2013-04-10,3.992872459189405e-05,1.84645679879864e-05,calm
2013-04-11,3.0620203831431085e-05,4.448918276009261e-05,calm
2013-04-15,3.5396461405033e-05,7.275846560740251e-05,calm
2013-04-16,4.6682150371736145e-05,0.0001302344265993,calm
2013-04-17,6.97384087732304e-05,6.784704614114405e-05,calm
2013-04-18,6.777326911907758e-05,3.899180621419903e-05,calm
2013-04-22,5.2440739750970244e-05,0.0001851891684182,calm
2013-04-23,8.33916038533587e-05,1.427300166638192e-05,calm
2013-04-24,4.262399775486001e-05,2.610507571500376e-05,calm
2013-04-25,3.584327194230213e-05,1.7877119257672902e-05,calm
2013-04-29,2.974121463328008e-05,2.2011346143895227e-05,calm
2013-04-30,2.8179951035570312e-05,3.603276479960991e-05,calm
2013-05-01,3.1589100503612254e-05,2.494463825834536e-05,calm
2013-05-02,3.0156525747582538e-05,0.0001080552857433,calm
2013-05-06,4.766346705412969e-05,1.6900373727138884e-05,calm
2013-05-07,3.355326759323966e-05,1.046981371066436e-05,calm
2013-05-08,2.40686761258071e-05,2.6764550271978384e-05,calm
2013-05-09,2.5868276403419755e-05,2.903387023421825e-05,calm
2013-05-13,2.7755540028479496e-05,1.920314015380076e-05,calm
2013-05-14,2.5541335277284314e-05,2.4073426285490263e-05,calm
2013-05-15,2.587345451100484e-05,3.1126669115749685e-05,calm
2013-05-16,2.814194700170609e-05,2.180143436279464e-05,calm
2013-05-20,2.6462861715288272e-05,2.9020951579786607e-05,calm
2013-05-21,2.7764991642871882e-05,0.0001168216157796,calm
2013-05-22,4.588533889370649e-05,0.0001229516073117,calm
2013-05-23,6.570018628773194e-05,3.206491142063691e-05,calm
2013-05-28,4.839575159130472e-05,6.382454937748322e-05,calm
2013-05-29,5.069561669325186e-05,2.75371374106984e-05,calm
2013-05-30,3.9482408911875686e-05,5.805129493504152e-05,calm
2013-06-03,4.4082095106401645e-05,6.504352802033943e-05,calm
2013-06-04,5.012702841809049e-05,6.130013043479401e-05,calm
2013-06-05,5.342284329012913e-05,6.73316024556623e-05,calm
2013-06-06,5.716863272319971e-05,4.783716672954495e-05,calm
2013-06-10,5.251241168064075e-05,0.0001185618538796,calm
2013-06-11,6.95709481242339e-05,7.663961806763483e-05,calm
2013-06-12,7.121303014930816e-05,4.34500694535026e-05,calm
2013-06-13,5.7791636324750646e-05,5.105118700065468e-05,calm
2013-06-17,5.3955839980650134e-05,1.816416879585006e-05,calm
2013-06-18,3.7382265768304224e-05,0.0001116591987143,calm
2013-06-19,5.48911268982528e-05,0.0001485521246127,calm
2013-06-20,8.029055010934716e-05,0.0001465848806463,calm
2013-06-24,0.00010146248904588186,9.077030782176368e-05,calm
2013-06-25,9.537688165031351e-05,7.500695769578098e-05,calm
2013-06-26,8.356875113981491e-05,4.778856197437349e-05,calm
2013-06-27,6.5524805345076e-05,4.9997614505674e-05,calm
2013-07-01,5.809357070441058e-05,3.483440749125189e-05,calm
2013-07-02,4.8450895357596846e-05,3.332706049070701e-05,calm
2013-07-08,4.3077379921156114e-05,2.329325994875133e-05,calm
2013-07-09,3.608054931066164e-05,4.5023152651635546e-05,calm
2013-07-10,3.980770878940342e-05,7.846823342796871e-05,calm
2013-07-11,5.147738384952002e-05,1.213939712636634e-05,calm
2013-07-15,3.250534315225887e-05,1.2745217936119823e-05,calm
2013-07-16,2.5583300503917884e-05,2.273870207197657e-05,calm
2013-07-17,2.576156817388457e-05,1.4100411803922824e-05,calm
2013-07-18,2.2896342492414772e-05,1.0021525079290436e-05,calm
2013-07-22,1.9768929433601782e-05,9.414115774175669e-06,calm
2013-07-23,1.795737516512253e-05,1.7825523730800247e-05,calm
2013-07-24,1.9461848674608293e-05,2.1588335771644783e-05,calm
2013-07-25,2.12791352948153e-05,2.809942874066389e-05,calm
2013-07-29,2.39600532401387e-05,1.8720605010989987e-05,calm
2013-07-30,2.290364389397231e-05,4.68155537409335e-05,calm
2013-07-31,2.894557049468963e-05,5.5994048253715896e-05,calm
2013-08-01,3.5548609859865224e-05,9.618943555227105e-06,calm
2013-08-05,2.372176902832419e-05,1.565664522492551e-05,calm
2013-08-06,2.1692343015089587e-05,2.825318477902079e-05,calm
2013-08-07,2.4190782881634724e-05,2.3951829281094727e-05,calm
2013-08-08,2.4673887319969324e-05,1.99360314838056e-05,calm
2013-08-12,2.3713237714518078e-05,1.993458763119144e-05,calm
2013-08-13,2.318110207387286e-05,1.883599974566273e-05,calm
2013-08-14,2.2553829012417154e-05,6.233391068710357e-05,calm
2013-08-15,3.141725356331749e-05,2.8891546149637337e-05,calm
2013-08-19,3.0346659519787684e-05,1.5212916813074897e-05,calm
2013-08-20,2.461874939881963e-05,5.745000223594421e-05,calm
2013-08-21,3.082333322051298e-05,1.6766082942989694e-05,calm
2013-08-22,2.767878833725139e-05,1.3268962512877132e-05,calm
2013-08-26,2.4539941872422574e-05,7.525640805707829e-05,calm
2013-08-27,3.0857122019279466e-05,2.261651924970445e-05,calm
2013-08-28,2.9418478793176596e-05,2.413103326444652e-05,calm
2013-08-29,2.8525663061867485e-05,5.153271462479877e-05,calm
2013-09-03,3.2374507640268965e-05,2.234162660140374e-05,calm
2013-09-04,3.0285842759960554e-05,1.6898111084971323e-05,calm
2013-09-05,2.725413974117081e-05,7.434182323475571e-05,calm
2013-09-09,3.356402824885784e-05,2.229045233475752e-05,calm
2013-09-10,3.11853598467557e-05,1.1983048725361513e-05,calm
2013-09-11,2.6281990716478413e-05,1.252915781934448e-05,calm
2013-09-12,2.3520419292468772e-05,1.1283075281249904e-05,calm
2013-09-16,2.152815605247515e-05,6.368149607941947e-06,calm
2013-09-17,1.8978093359723534e-05,5.711972906627449e-05,calm
2013-09-18,2.3561048711191697e-05,1.7987318089862578e-05,calm
2013-09-19,2.3219351692680165e-05,1.8516697182988106e-05,calm
2013-09-23,2.2946948082956808e-05,1.847976451504069e-05,calm
2013-09-24,2.2726584180485448e-05,3.24623538010949e-05,calm
2013-09-25,2.480457259963636e-05,2.795398775058528e-05,calm
2013-09-26,2.5871378137031063e-05,2.5725205899953305e-05,calm
2013-09-30,2.5848186379572936e-05,3.313825455835051e-05,calm
2013-10-01,2.7318097098790144e-05,4.087825811056895e-05,calm
2013-10-02,2.9764043597694955e-05,7.50730846501711e-05,calm
2013-10-03,3.660404525922911e-05,1.8972115776006096e-05,calm
2013-10-07,3.1207264729478784e-05,4.9340451820817575e-05,calm
2013-10-08,3.412895005478989e-05,4.818721755251e-05,calm
2013-10-09,3.658342756664131e-05,9.850877046576063e-05,calm
2013-10-10,4.615131170531778e-05,2.332178400830896e-05,calm
2013-10-14,3.8842359630530405e-05,5.4461087311235945e-05,calm
2013-10-15,4.133703571323787e-05,5.886075662534087e-05,calm
2013-10-16,4.4472955374145196e-05,2.33430367157146e-05,calm
2013-10-17,3.8139846210731914e-05,1.6452412894633686e-05,calm
2013-10-21,3.1954611150739377e-05,2.9907462655190705e-05,calm
2013-10-22,3.14705152028726e-05,2.9454228312545457e-05,calm
2013-10-23,3.1191485226489834e-05,1.299103802915796e-05,calm
2013-10-24,2.6801614304194166e-05,9.513243224253696e-06,calm
2013-10-28,2.3089914794278647e-05,9.52664751961964e-06,calm
2013-10-29,2.0947198701638633e-05,1.640520228721243e-05,calm
2013-10-30,2.103055726225167e-05,3.528202092481608e-05,calm
2013-10-31,2.3859797084309848e-05,3.061737410680147e-05,calm
2013-11-01,2.554206963836711e-05,3.289620876110868e-05,calm
2013-11-04,2.6971225681088936e-05,1.3421313021209632e-05,calm
2013-11-05,2.4444509161078674e-05,2.015868145506784e-05,calm
2013-11-06,2.4109445451794485e-05,1.902453704639641e-05,calm
2013-11-07,2.371310387854109e-05,3.858023697859154e-05,calm
2013-11-08,2.616840777644974e-05,3.4576145673068906e-05,calm
2013-11-11,2.7870379680344425e-05,1.132367533256425e-05,calm
2013-11-12,2.441514332208068e-05,2.411372822156397e-05,calm
2013-11-13,2.4719080246403528e-05,2.0346271791553305e-05,calm
2013-11-14,2.439644294302822e-05,2.033830996724199e-05,calm
2013-11-15,2.417113349088774e-05,6.290719167204106e-06,calm
2013-11-18,2.0733307160243522e-05,2.259103607789826e-05,calm
2013-11-19,2.163170638853777e-05,3.033770148641362e-05,calm
2013-11-20,2.347743598994277e-05,3.934409664273176e-05,calm
2013-11-21,2.6176344735237052e-05,1.867593989167085e-05,calm
2013-11-22,2.514890440608759e-05,6.013575982382761e-06,calm
2013-11-25,2.1084804511840827e-05,7.814411027034557e-06,calm
2013-11-26,1.9360004367163533e-05,9.038872724685283e-06,calm
2013-11-27,1.8574783821851932e-05,5.7965562825262354e-06,calm
2013-11-29,1.7381479194411868e-05,8.007068260551874e-06,calm
2013-12-02,1.703974226803628e-05,1.342522449108462e-05,calm
2013-12-03,1.765008272921584e-05,2.3429564339732177e-05,calm
2013-12-04,1.852729513208396e-05,5.936140594044209e-05,calm
2013-12-05,2.3418005723182912e-05,2.9109590566727915e-05,calm
2013-12-06,2.47602661385278e-05,6.818695392308636e-05,calm
2013-12-09,3.0546844822831526e-05,1.1847332482892784e-05,calm
2013-12-10,2.5483907191698807e-05,1.0922272434705454e-05,calm
2013-12-11,2.2203964456068432e-05,2.782344446188182e-05,calm
2013-12-12,2.3379677438732075e-05,2.9904560948995533e-05,calm
2013-12-13,2.4780124718830956e-05,2.07722015527102e-05,calm
2013-12-16,2.431374335424512e-05,4.439311236062338e-05,calm
2013-12-17,2.7477671855126967e-05,1.9321715141071185e-05,calm
2013-12-18,2.5908888670308633e-05,0.0001008888549621,calm
2013-12-19,3.436355566993021e-05,1.743028477614924e-05,calm
2013-12-20,2.9991937282427562e-05,1.210992995418827e-05,calm
2013-12-23,2.5336932037017866e-05,1.2532225610432078e-05,calm
2013-12-24,2.2728400377131293e-05,1.621000604694435e-06,calm
2013-12-26,1.7330449884036632e-05,4.391827701393773e-06,calm
2013-12-27,1.576561803981868e-05,5.107946832032988e-06,calm
2013-12-30,1.5103244968969596e-05,3.0790409775692065e-06,calm
2013-12-31,1.4177691047356875e-05,7.969681062367858e-06,calm
2014-01-02,1.4506589485794552e-05,3.255498217488599e-05,calm
2014-01-03,1.73411116221204e-05,1.6415690871481668e-05,calm
2014-01-06,1.8885492921200503e-05,2.8232603597865537e-05,calm
2014-01-07,2.2183914297258835e-05,1.5213536311641647e-05,calm
2014-01-08,2.0075418146296133e-05,2.5493329426504343e-05,calm
2014-01-09,2.214576209117475e-05,2.006325441956697e-05,calm
2014-01-10,2.1749890517248177e-05,1.74566389027895e-05,calm
2014-01-13,2.0737339967383453e-05,2.2327287699645443e-05,calm
2014-01-14,2.1773079163399885e-05,2.4486920946960045e-05,calm
2014-01-15,2.3007744242749763e-05,1.5194090114100053e-05,calm
2014-01-16,2.0629231231337573e-05,1.383576628292614e-05,calm
2014-01-17,1.9107513061566066e-05,1.3147471880133677e-05,calm
2014-01-21,1.8223552004581637e-05,4.4313197711422674e-05,calm
2014-01-22,2.5210147330556423e-05,9.843199115575172e-06,calm
2014-01-23,1.9334278886501212e-05,5.075610160738533e-05,calm
2014-01-24,2.7197326653997282e-05,8.223232190305382e-05,calm
2014-01-27,4.011949335056494e-05,6.582663305254619e-05,calm
2014-01-28,4.63173373809502e-05,2.826139733786185e-05,calm
2014-01-29,3.572545506607516e-05,0.0001086141458709,calm
2014-01-30,5.141787270460106e-05,6.086281479405956e-05,calm
2014-01-31,5.208009544883096e-05,0.0001220234512135,calm
2014-02-03,6.927855675852482e-05,9.347750947434678e-05,calm
2014-02-04,7.436236367989018e-05,6.723097597798058e-05,calm
2014-02-05,6.797579202695257e-05,8.59228728036382e-05,calm
2014-02-06,7.059093562399896e-05,3.108233233136862e-05,calm
2014-02-07,5.027913071411126e-05,4.273847213232206e-05,calm
2014-02-10,4.6152614493061634e-05,9.764488430791248e-06,calm
2014-02-11,2.8846510810025288e-05,1.7329855172087688e-05,calm
2014-02-12,2.5834000318660453e-05,2.1005101743389755e-05,calm
2014-02-13,2.5553811604240585e-05,2.4270841032429988e-05,calm
2014-02-14,2.6330269343707115e-05,1.4683413929556131e-05,calm
2014-02-18,2.3204037699903116e-05,1.2511295189463475e-05,calm
2014-02-19,2.067898786341428e-05,2.9636052533792185e-05,calm
2014-02-20,2.419909880098257e-05,2.6279029763340085e-05,calm
2014-02-21,2.5579711762675762e-05,1.6938636396276435e-05,calm
2014-02-24,2.3117162967130454e-05,3.39708807950838e-05,calm
2014-02-25,2.6591115502119e-05,3.2277348614820194e-05,calm
2014-02-26,2.840641098492587e-05,2.9930726015769184e-05,calm
2014-02-27,2.8684298730617044e-05,2.751119505590636e-05,calm
2014-02-28,2.801468760772896e-05,3.734304790226732e-05,calm
2014-03-03,3.045197796818417e-05,8.342618306575553e-05,calm
2014-03-04,4.2447787615409404e-05,9.3614935484596e-05,calm
2014-03-05,5.52449054315064e-05,1.7253413593025153e-05,calm
2014-03-06,3.477133791912994e-05,1.632783587567663e-05,calm
2014-03-07,2.540457583318903e-05,3.0768694494235355e-05,calm
2014-03-10,2.7025046746578535e-05,2.25765886549322e-05,calm
2014-03-11,2.5718565800150865e-05,2.5070371853746097e-05,calm
2014-03-12,2.581178031780696e-05,4.582604649869859e-05,calm
2014-03-13,3.1385018566228956e-05,5.3405591768386525e-05,calm
2014-03-14,3.733102489373757e-05,4.645109377820266e-05,calm
2014-03-17,3.9073109132692856e-05,5.589180602092489e-05,calm
2014-03-18,4.267904312979768e-05,2.3263023353014805e-05,calm
2014-03-19,3.282678612934674e-05,5.737088070832004e-05,calm
2014-03-20,3.873615338691147e-05,2.949287112236503e-05,calm
2014-03-21,3.426153046146848e-05,5.056763880684458e-05,calm
2014-03-24,3.838741990757004e-05,4.8363864278947446e-05,calm
2014-03-25,4.0724720331352995e-05,5.831252666388808e-05,calm
2014-03-26,4.517118555412525e-05,4.157790890410236e-05,calm
2014-03-27,4.227861425819525e-05,6.379952705465706e-05,calm
2014-03-28,4.753918178755749e-05,3.804033180967874e-05,calm
2014-03-31,4.231490185872915e-05,2.269375051233956e-05,calm
2014-04-01,3.314132319135446e-05,1.3909287911723622e-05,calm
2014-04-02,2.534650015124042e-05,1.4625970831712455e-05,calm
2014-04-03,2.238325300232635e-05,6.011205235983724e-05,calm
2014-04-07,3.177340565828475e-05,3.9192443304214673e-05,calm
2014-04-08,3.431535162485336e-05,2.993915332631872e-05,calm
2014-04-09,3.234917307591325e-05,6.909755602998558e-05,calm
2014-04-10,4.145956844617391e-05,0.0001014775653329,calm
2014-04-14,5.647507780605506e-05,8.425775870122111e-05,calm
2014-04-15,6.334427402646411e-05,4.70572752713774e-05,calm
2014-04-16,5.301049907863069e-05,2.2433936352456448e-05,calm
2014-04-21,3.672048839339847e-05,1.0764188861432677e-05,calm
2014-04-22,2.5014689604258766e-05,1.3286724420686067e-05,calm
2014-04-23,2.1837455079947326e-05,3.470482849251508e-05,calm
2014-04-24,2.6263318523988404e-05,3.438580766340725e-05,calm
2014-04-28,2.9348022780586036e-05,2.5018948125162e-05,calm
2014-04-29,2.810007434939255e-05,2.4780821503217164e-05,calm
2014-04-30,2.7077738943611533e-05,2.035526524518403e-05,calm
2014-05-01,2.495291126895541e-05,3.165960800692476e-05,calm
2014-05-05,2.7169241604211247e-05,2.632450172204425e-05,calm
2014-05-06,2.6949574997007543e-05,8.045673224661617e-05,calm
2014-05-07,3.897965375030772e-05,2.6975789732296e-05,calm
2014-05-08,3.3165635337699604e-05,3.1153749602300084e-05,calm
2014-05-12,3.132675705413243e-05,1.0046886386702469e-05,calm
2014-05-13,2.2090670540463985e-05,1.5017947116438884e-05,calm
2014-05-14,2.058395744188286e-05,4.776460280175509e-05,calm
2014-05-15,2.753077054761746e-05,2.186866437842763e-05,calm
2014-05-19,2.5740685204276782e-05,2.740339562849116e-05,calm
2014-05-20,2.6296180195802958e-05,2.4424051146246227e-05,calm
2014-05-21,2.5656871502428877e-05,9.102822141658089e-06,calm
2014-05-22,1.952795011041249e-05,4.2404805931385175e-06,calm
2014-05-27,1.5047276039669479e-05,8.592864800407318e-06,calm
2014-05-28,1.4928973856022493e-05,1.3170070810721676e-05,calm
2014-05-29,1.6176849441968712e-05,8.388390980888676e-06,calm
2014-06-02,1.5347536278066314e-05,9.464119302739543e-06,calm
2014-06-03,1.5258581248711123e-05,8.651989023105447e-06,calm
2014-06-04,1.4926376146009382e-05,1.5215754666660785e-05,calm
2014-06-05,1.656957697461504e-05,7.234254948140449e-06,calm
2014-06-09,1.4946438194290458e-05,8.821032854256658e-06,calm
2014-06-10,1.4772017675478843e-05,1.692376753719989e-05,calm
2014-06-11,1.6852984631880303e-05,1.749788437222487e-05,calm
2014-06-12,1.821579479421588e-05,1.886188346007451e-05,calm
2014-06-16,1.930747542451473e-05,1.3773249344453452e-05,calm
2014-06-17,1.834675056756681e-05,1.7581724974053463e-05,calm
2014-06-18,1.9012610785139486e-05,8.484442864586072e-06,calm
2014-06-19,1.6381407759972717e-05,5.449514293107676e-06,calm
2014-06-23,1.4183061354362572e-05,1.863857961832542e-05,calm
2014-06-24,1.6418286514529967e-05,1.432986159269898e-05,calm
2014-06-25,1.6995039847878895e-05,2.4629849857391726e-05,calm
2014-06-26,1.9731358423950094e-05,1.2557713804722656e-05,calm
2014-06-30,1.806700647163182e-05,1.3610707222866602e-05,calm
2014-07-01,1.7560251556225497e-05,6.839116085277049e-06,calm
2014-07-02,1.5083426378026603e-05,1.0068894848068287e-05,calm
2014-07-07,1.5065713758465e-05,3.124160500741984e-05,calm
2014-07-08,1.958017155415758e-05,2.0993975664375785e-05,calm
2014-07-09,2.055064027549246e-05,5.79303587850029e-05,calm
2014-07-10,2.851364744621117e-05,1.2309458931595492e-05,calm
2014-07-14,2.163843769128124e-05,2.903549418137704e-05,calm
2014-07-15,2.3467478790890863e-05,1.998787822237521e-05,calm
2014-07-16,2.229986608558107e-05,4.120691073105928e-05,calm
2014-07-17,2.6838426978451107e-05,1.5824295009948178e-05,calm
2014-07-21,2.261303767870943e-05,1.4176089147610271e-05,calm
2014-07-22,2.0034524148867916e-05,6.378217361452572e-06,calm
2014-07-23,1.6030607489474314e-05,7.606670122782801e-06,calm
2014-07-24,1.4879298717544145e-05,1.8742695439256283e-05,calm
2014-07-28,1.717640574703755e-05,2.102882084133566e-05,calm
2014-07-29,1.922827068680215e-05,3.673981415625514e-05,calm
2014-07-30,2.391502284033419e-05,7.498894714816631e-05,calm
2014-07-31,3.406995982134026e-05,6.929399510765835e-05,calm
2014-08-04,4.166291676198551e-05,7.863206028977103e-05,calm
2014-08-05,4.887004453293587e-05,4.5570976655233086e-05,calm
2014-08-06,4.313886973193195e-05,5.089090869846185e-05,calm
2014-08-07,4.172368601638429e-05,2.661382053678212e-05,calm
2014-08-11,3.313906041089923e-05,2.188207537404568e-05,calm
2014-08-12,2.781552979298548e-05,2.099890876524209e-05,calm
2014-08-13,2.5287737506882628e-05,7.072120466657227e-06,calm
2014-08-14,1.8553160234305645e-05,5.6227623810201833e-05,calm
2014-08-18,2.6741233352416024e-05,6.480536481918808e-06,calm
2014-08-19,1.859626989557103e-05,9.097529504986305e-06,calm
2014-08-20,1.6595443919810802e-05,8.385063712147303e-06,calm
2014-08-21,1.540847603483009e-05,1.8212536754611167e-05,calm
2014-08-25,1.7416053263930136e-05,5.645300098606631e-06,calm
2014-08-26,1.4544774332361036e-05,5.8310826444656175e-06,calm
2014-08-27,1.3402903686654394e-05,1.6234288012210944e-05,calm
2014-08-28,1.5574677765520973e-05,6.446305148309068e-06,calm
2014-09-02,1.4010004329147722e-05,1.3796866691156124e-05,calm
2014-09-03,1.5352327177578732e-05,1.67219452967307e-05,calm
2014-09-04,1.684407325257725e-05,2.0915204961527645e-05,calm
2014-09-08,1.868596508191069e-05,2.850033914434904e-05,calm
2014-09-09,2.1838604748106606e-05,2.705961954332965e-05,calm
2014-09-10,2.323299838739773e-05,1.85173998252606e-05,calm
2014-09-11,2.1489995446736844e-05,2.251821818721897e-05,calm
2014-09-15,2.177063906302915e-05,1.941083603279793e-05,calm
2014-09-16,2.1117524689396763e-05,5.142244194020097e-05,calm
2014-09-17,2.783751417509713e-05,1.3719309955959049e-05,calm
2014-09-18,2.1963438676080497e-05,2.09178966687388e-05,calm
2014-09-22,2.1680684366184547e-05,2.4309875219891143e-05,calm
2014-09-23,2.2584285890418285e-05,1.6788985486162414e-05,calm
2014-09-24,2.0914757747394433e-05,4.951358249980574e-05,calm
2014-09-25,2.7485938632037064e-05,3.5827378454109e-05,calm
2014-09-29,2.9337616351487996e-05,3.650771411318751e-05,calm
2014-09-30,3.0450631594895038e-05,6.01365152988437e-05,calm
2014-10-01,3.696534502894541e-05,5.608382923733591e-05,calm
2014-10-02,4.077674915048483e-05,6.535619598575353e-05,calm
2014-10-06,4.5779580156744446e-05,7.375765281718454e-05,calm
2014-10-07,5.166443231950555e-05,7.971506319761429e-05,calm
2014-10-08,5.758268821530567e-05,0.0001093480946014,calm
2014-10-09,7.026155894666715e-05,0.0001223166848744,calm
2014-10-13,8.384269259327794e-05,0.0001526990445934,calm
2014-10-14,0.00010235623482476653,0.0005307264971161,calm
2014-10-15,0.00018735208097790472,0.0002749281377898,calm
2014-10-16,0.00021145055755651129,0.000156196230029,calm
2014-10-20,0.00017374289774807922,5.620975112275648e-05,calm
2014-10-21,0.00010166267874176986,5.541257042816844e-05,calm
2014-10-22,7.656945394667106e-05,0.0001064367330651,calm
2014-10-23,8.568028087750198e-05,3.491652911047621e-05,calm
2014-10-27,6.212568151712728e-05,3.94462981019674e-05,calm
2014-10-28,5.337124888696445e-05,2.640519783716124e-05,calm
2014-10-29,4.3007207699041265e-05,5.146028045535702e-05,calm
2014-10-30,4.6706044403388115e-05,3.1466216554577235e-05,calm
2014-10-31,4.176554068872698e-05,5.483653212687467e-05,calm
2014-11-03,4.6391913290679604e-05,2.1125208524310976e-05,calm
2014-11-04,3.5946339611414035e-05,2.73830339535074e-05,calm
2014-11-05,3.309745718991495e-05,3.47817030207061e-05,calm
2014-11-06,3.39145909660945e-05,1.597485561648219e-05,calm
2014-11-07,2.719539617508044e-05,2.016683299168648e-05,calm
2014-11-10,2.537453807527203e-05,8.090917041470939e-06,calm
2014-11-11,1.95446602314564e-05,6.695128713459507e-06,calm
2014-11-12,1.6424874732221017e-05,1.645304972780246e-05,calm
2014-11-13,1.7855643378174664e-05,2.5777811880382216e-05,calm
2014-11-14,2.09644979088276e-05,1.0501168117429346e-05,calm
2014-11-17,1.8063596598523526e-05,1.265346858573244e-05,calm
2014-11-18,1.7442348049775605e-05,8.55520273583579e-06,calm
2014-11-19,1.574019625951679e-05,2.6752144224125204e-05,calm
2014-11-20,1.943960224932865e-05,1.4235862026734032e-05,calm
2014-11-21,1.85189475560944e-05,4.36902068784148e-05,calm
2014-11-24,2.460697035560775e-05,9.238204628444869e-06,calm
2014-11-25,1.860219879337036e-05,1.0962680270208904e-05,calm
2014-11-26,1.696931043737165e-05,3.524644492703975e-06,calm
2014-11-28,1.33579747212689e-05,9.071010000709348e-06,calm
2014-12-01,1.3880363466380104e-05,3.644206377736958e-05,calm
2014-12-02,1.9570066740414198e-05,1.467920912453094e-05,calm
2014-12-03,1.8649075816578707e-05,7.223047718103304e-06,calm
2014-12-04,1.5503784486492403e-05,1.8450776548168065e-05,calm
2014-12-05,1.7435571927787835e-05,1.3303271100312171e-05,calm
2014-12-08,1.715648469519897e-05,3.0153752985374903e-05,calm
2014-12-09,2.1007818058523744e-05,0.0001034389972265,calm
2014-12-10,3.5508104006953094e-05,6.963512134630321e-05,calm
2014-12-11,4.287913205125579e-05,7.290374212756302e-05,calm
2014-12-12,4.809948689567683e-05,8.357577012523791e-05,calm
2014-12-15,5.4079982864794315e-05,0.0001632180876829,calm
2014-12-16,7.705606129387808e-05,0.0001549156706396,calm
2014-12-17,9.461157900929084e-05,0.0001654281486396,calm
2014-12-18,0.00011018613680116274,0.0001069418422587,calm
2014-12-19,0.00010009470167916457,3.47121798508516e-05,calm
2014-12-22,6.079645269088301e-05,1.2439030651961284e-05,calm
2014-12-23,3.452397988331228e-05,1.101391803077905e-05,calm
2014-12-24,2.5671465655273982e-05,4.629956709643552e-06,calm
2014-12-26,1.8546624111900847e-05,6.353623343252677e-06,calm
2014-12-29,1.6260869544976588e-05,5.678652635523041e-06,calm
2014-12-30,1.4754595997809497e-05,9.05043589606688e-06,calm
2014-12-31,1.5002547780929858e-05,2.385971418313836e-05,calm
2015-01-02,1.857796906504772e-05,8.393689872199112e-05,calm
2015-01-05,3.0704071523676e-05,7.000254995995878e-05,calm
2015-01-06,3.9792869222396894e-05,0.0001109926003666,calm
2015-01-07,5.5176042360519906e-05,8.179144119369233e-05,calm
2015-01-08,5.924690617028351e-05,7.158324341611025e-05,calm
2015-01-09,5.777546834929471e-05,6.252698796162382e-05,calm
2015-01-12,5.423134535539507e-05,6.71807652791036e-05,calm
2015-01-13,5.453550469306831e-05,0.000218888303089,calm
2015-01-14,8.924094832542741e-05,0.0001470620047225,calm
2015-01-15,0.00010527780513595933,0.0001033176826294,calm
2015-01-16,9.809737730781408e-05,6.435800111118137e-05,calm
2015-01-20,7.71577377341684e-05,8.369506291613243e-05,calm
2015-01-21,7.606581261297959e-05,0.0001001386955847,calm
2015-01-22,8.290082015361536e-05,6.104666075791229e-05,calm
2015-01-23,7.196271530486285e-05,2.490976373588993e-05,calm
2015-01-26,4.8009241481134006e-05,3.0057934203207617e-05,calm
2015-01-27,4.132360226029687e-05,0.0001025980177656,calm
2015-01-28,5.859091458177233e-05,9.283647280670598e-05,calm
2015-01-29,7.103345375729466e-05,8.760700992406689e-05,calm
2015-01-30,7.655373169745441e-05,9.797752443947122e-05,calm
2015-02-02,8.23753289573869e-05,0.0001178237333231,calm
2015-02-03,9.224604281464636e-05,8.8596027653597e-05,calm
2015-02-04,8.745725961469217e-05,6.655153789020657e-05,calm
2015-02-05,7.535855234824407e-05,3.3972660537892096e-05,calm
2015-02-06,5.428296171107405e-05,4.128598070560855e-05,calm
2015-02-09,4.898498705590323e-05,3.361651919556129e-05,calm
2015-02-10,4.342460877510638e-05,3.876286406392712e-05,calm
2015-02-11,4.237155625149857e-05,2.78865150141242e-05,calm
2015-02-12,3.726253846210544e-05,2.6327285900889857e-05,calm
2015-02-13,3.367749150031038e-05,1.0438278218809913e-05,calm
2015-02-17,2.4476820255823612e-05,1.5039672661446071e-05,calm
2015-02-18,2.2372094823730887e-05,1.9164217712056792e-05,calm
2015-02-19,2.2566770484014355e-05,2.0193230038117703e-05,calm
2015-02-20,2.2734902674106635e-05,2.066686457517161e-05,calm
2015-02-23,2.275799903997174e-05,1.1293218266957847e-05,calm
2015-02-24,1.9339113483564186e-05,1.0162144445371092e-05,calm
2015-02-25,1.7390692785558532e-05,1.0110770873164508e-05,calm
2015-02-26,1.6441646438648335e-05,1.9689896972825748e-05,calm
2015-02-27,1.8552591537551054e-05,1.2043023486016288e-05,calm
2015-03-02,1.7429517590729637e-05,7.116018987448756e-06,calm
2015-03-03,1.5131527823578144e-05,2.5070915753435683e-05,calm
2015-03-04,1.8722858842337046e-05,4.459268149640231e-05,calm
2015-03-05,2.492270005521647e-05,1.2745205479720943e-05,calm
2015-03-06,2.001527979104928e-05,5.4549013368688246e-05,calm
2015-03-09,2.7523928335798815e-05,1.5063698040724552e-05,calm
2015-03-10,2.200012558336565e-05,7.056664450321935e-05,calm
2015-03-11,3.182881112659918e-05,3.489358340088534e-05,calm
2015-03-12,3.096801175811848e-05,4.255188558676436e-05,calm
2015-03-13,3.255720199669854e-05,4.969189725334651e-05,calm
2015-03-16,3.558774184287528e-05,2.7444917209027167e-05,calm
2015-03-17,3.057004202793588e-05,3.480892587259122e-05,calm
2015-03-18,3.066071796948711e-05,0.00011055279768,calm
2015-03-19,4.719361091749098e-05,3.058922211959946e-05,calm
2015-03-20,3.795245409040961e-05,4.436875030335914e-05,calm
2015-03-23,3.805826956432698e-05,1.395834852779248e-05,calm
2015-03-24,2.6757194098254323e-05,2.033429525534712e-05,calm
2015-03-25,2.4886585009557837e-05,4.7134516609593225e-05,calm
2015-03-26,3.083396921016861e-05,7.630798995416656e-05,calm
2015-03-27,4.17123928460684e-05,3.439986511001091e-05,calm
2015-03-30,3.743813210432899e-05,4.181476622511771e-05,calm
2015-03-31,3.729671520320248e-05,5.419297446997972e-05,calm
2015-04-01,4.1036950060791416e-05,2.5949141038844264e-05,calm
2015-04-06,3.378683435743318e-05,1.959745779644124e-05,calm
2015-04-07,2.7946383051009324e-05,5.159969699934312e-05,calm
2015-04-08,3.4091806471452685e-05,3.572380251355154e-05,calm
2015-04-09,3.409328995269872e-05,8.039501302828337e-06,calm
2015-04-13,2.2277405920401218e-05,2.765794121412613e-05,calm
2015-04-14,2.447519316773951e-05,2.0081054133730803e-05,calm
2015-04-15,2.358968460022086e-05,1.6663525728630253e-05,calm
2015-04-16,2.1902714730542045e-05,5.788914854298128e-05,calm
2015-04-20,3.0127671899428264e-05,2.051603514893473e-05,calm
2015-04-21,2.613112052497913e-05,2.10586152275771e-05,calm
2015-04-22,2.4280162392039213e-05,2.4385842428039166e-05,calm
2015-04-23,2.4358110143779923e-05,1.0717125546176991e-05,calm
2015-04-27,1.9747939563554575e-05,4.1520945459929736e-05,calm
2015-04-28,2.540520975284373e-05,4.38421116345614e-05,calm
2015-04-29,3.008216013669913e-05,4.952650378701195e-05,calm
2015-04-30,3.452645188723253e-05,4.525073403299557e-05,calm
2015-05-04,3.611360218158288e-05,3.256789883624878e-05,calm
2015-05-05,3.29955042464574e-05,8.591818382940415e-05,calm
2015-05-06,4.4227755584672787e-05,3.141407626793183e-05,calm
2015-05-07,3.7009866590073265e-05,7.568705464551436e-05,calm
2015-05-11,4.551668448522205e-05,6.69658147591283e-05,calm
2015-05-12,4.994550858467368e-05,4.468006802821108e-05,calm
2015-05-13,4.5371785602812305e-05,3.0107705704906043e-05,calm
2015-05-14,3.744939917357983e-05,1.1470029429009245e-05,calm
2015-05-18,2.5557119934127733e-05,9.760751055191765e-06,calm
2015-05-19,2.044820930567051e-05,1.754118763974536e-05,calm
2015-05-20,2.084916575669852e-05,7.831418272656655e-06,calm
2015-05-21,1.744623316075248e-05,1.0952655989474126e-05,calm
2015-05-26,1.6948820881999847e-05,1.6205064646370083e-05,calm
2015-05-27,1.812736064998262e-05,1.9273192356801182e-05,calm
2015-05-28,1.9509954241772536e-05,2.867199437149248e-05,calm
2015-06-01,2.2551026734827617e-05,3.07227423688792e-05,calm
2015-06-02,2.4881492820814635e-05,1.89164373129325e-05,calm
2015-06-03,2.2695716426981283e-05,4.535150293478719e-05,calm
2015-06-04,2.831009382773745e-05,3.431814101928034e-05,calm
2015-06-08,2.9151131894705633e-05,2.216471795533316e-05,calm
2015-06-09,2.5609048380161654e-05,3.8922308277426926e-05,calm
2015-06-10,2.8781008927582307e-05,1.979400300688283e-05,calm
2015-06-11,2.4790872431387202e-05,2.659360208940352e-05,calm
2015-06-15,2.5167964174394612e-05,2.778301017712598e-05,calm
2015-06-16,2.579757442780883e-05,4.115871305973063e-05,calm
2015-06-17,2.975234617054903e-05,3.1951916864025484e-05,calm
2015-06-18,2.9522321656502302e-05,1.1177589964287142e-05,calm
2015-06-22,2.145198145213209e-05,1.04942336501249e-05,calm
2015-06-23,1.832005803180933e-05,1.428193517801018e-05,calm
2015-06-24,1.8294456782113495e-05,1.679771930681694e-05,calm
2015-06-25,1.901979607461108e-05,2.311201029177642e-05,calm
2015-06-29,2.1092133917047506e-05,8.090298160519314e-05,calm
2015-06-30,3.336209015325025e-05,5.972962644847797e-05,calm
2015-07-01,3.926926619731481e-05,2.145616968626627e-05,calm
2015-07-06,2.9367553297595995e-05,8.967051896085895e-05,calm
2015-07-07,4.186327060169135e-05,8.680027755391248e-05,calm
2015-07-08,5.203752990766972e-05,0.000172045206542,calm
2015-07-09,7.853029485569332e-05,0.0001261474397335,calm
2015-07-13,8.768515442719794e-05,5.898326706894606e-06,calm
2015-07-14,2.9907055360961905e-05,1.3534406511731926e-05,calm
2015-07-15,2.3554518284652397e-05,1.564003693775467e-05,calm
2015-07-16,2.1865971143071052e-05,5.875470183850092e-06,calm
2015-07-20,1.6883915638258032e-05,1.061416362282411e-05,calm
2015-07-21,1.6553479505255183e-05,1.8905256365101385e-05,calm
2015-07-22,1.876930221133479e-05,1.5986097328116113e-05,calm
2015-07-23,1.9099140874359495e-05,1.988811303397917e-05,calm
2015-07-27,2.0316816378989912e-05,2.887604567525071e-05,calm
2015-07-28,2.3320184747510713e-05,2.023068219141375e-05,calm
2015-07-29,2.2380662481526088e-05,2.099638299948244e-05,calm
2015-07-30,2.209630589247226e-05,1.4739562498244244e-05,calm
2015-08-03,1.98733970332882e-05,2.3256507331030107e-05,calm
2015-08-04,2.14450028691143e-05,4.158276992357377e-05,calm
2015-08-05,2.6820236123260448e-05,2.929247898906699e-05,calm
2015-08-06,2.6896090726977663e-05,3.3186791116096485e-05,calm
2015-08-10,2.7904807685981664e-05,6.761660146297476e-05,calm
2015-08-11,3.670011690125781e-05,0.0001146473412212,calm
2015-08-12,5.328633265462133e-05,4.1283068586028896e-05,calm
2015-08-13,4.3601656569816444e-05,1.654905366488865e-05,calm
2015-08-17,2.8199298346661814e-05,1.3557625861417415e-05,calm
2015-08-18,2.2053204575120665e-05,9.018282192045208e-05,calm
2015-08-19,3.5530454891622383e-05,0.0001152339791299,calm
2015-08-20,5.386443593056689e-05,0.0002313861763627,calm
2015-08-24,9.243731265543436e-05,0.0007348025234109,calm
2015-08-25,0.00020389904413105922,0.0008079402565357,calm
2015-08-26,0.0003388783216998101,0.0003596786887537,calm
2015-08-27,0.0003155000168058225,9.132358953607384e-05,calm
2015-08-31,0.0001604468508318156,0.0005039922901797,calm
2015-09-01,0.0002552509902537442,0.0002116034331781,calm
2015-09-02,0.00022552650129965398,9.859737401033296e-05,calm
2015-09-03,0.00014846055330594473,0.0002072764213693,calm
2015-09-08,0.00017040486510045018,0.0001241085372017,calm
2015-09-09,0.00014684591651853912,7.67793517954313e-05,calm
2015-09-10,0.00011102189083241973,6.484227262160301e-05,calm
2015-09-14,9.093484365298822e-05,3.1016293334707526e-05,calm
2015-09-15,6.338863173013085e-05,3.515371948414369e-05,calm
2015-09-16,5.467184822633168e-05,0.0001636573230986,calm
2015-09-17,8.321676358430872e-05,0.0001854841024235,calm
2015-09-21,0.0001142928044046755,0.0001710237907088,calm
2015-09-22,0.0001325310059798257,5.734748391249309e-05,calm
2015-09-23,9.282268192238393e-05,0.0001090146184684,calm
2015-09-24,9.469303542961128e-05,0.000107031304058,calm
2015-09-28,9.710100443046938e-05,0.0001396604009636,calm
2015-09-29,0.00010905448399007656,0.0002236902304275,calm
2015-09-30,0.00014016911360391514,0.0001301955432231,calm
2015-10-01,0.00013101394802364375,0.0002867937749064,calm
2015-10-05,0.0001720341481949026,4.6635916715215616e-05,calm
2015-10-06,9.198545524107605e-05,8.970934433972721e-05,calm
2015-10-07,8.804773001840009e-05,5.056069266027188e-05,calm
2015-10-08,6.986554533074902e-05,2.8545146237442994e-05,calm
2015-10-12,5.0686639117286216e-05,3.782593237155144e-05,calm
2015-10-13,4.736011915781603e-05,4.69489801271934e-05,calm
2015-10-14,4.88734985978456e-05,2.882521131682417e-05,calm
2015-10-15,4.1899802944028574e-05,2.62763611867428e-05,calm
2015-10-19,3.69078911145358e-05,2.542504280458696e-05,calm
2015-10-20,3.365594874899931e-05,5.582778529318999e-05,calm
2015-10-21,4.0779176613800316e-05,5.869748797843458e-05,calm
2015-10-22,4.6508144841603984e-05,7.240403077354259e-05,calm
2015-10-26,5.381577415003452e-05,1.4609866583404836e-05,calm
2015-10-27,3.29742089297349e-05,3.436664180704787e-05,calm
2015-10-28,3.3253209578567176e-05,8.854540411661334e-05,calm
2015-10-29,4.6644621878207915e-05,2.3174636266700817e-05,calm
2015-10-30,3.5470969996521355e-05,2.8544039185409207e-05,calm
2015-11-02,3.236887738360511e-05,1.767918118623745e-05,calm
2015-11-03,2.6637709311171396e-05,2.3385037435400788e-05,calm
2015-11-04,2.6145183165858733e-05,3.774662625980252e-05,calm
2015-11-05,3.0019766487994553e-05,3.409690389583703e-05,calm
2015-11-06,3.116663650920901e-05,3.64143064660928e-05,calm
2015-11-09,3.223670880539139e-05,5.798645347761676e-05,calm
2015-11-10,3.867670842474745e-05,3.024721906389688e-05,calm
2015-11-11,3.3711287108636585e-05,2.238476663228424e-05,calm
2015-11-12,2.835702225852866e-05,7.627674966536796e-05,calm
2015-11-13,3.9674621178747464e-05,4.4508000640044246e-05,calm
2015-11-16,3.9699982877032164e-05,5.117436841654664e-05,calm
2015-11-17,4.146334571069206e-05,5.661560122017896e-05,calm
2015-11-18,4.4253416621573535e-05,5.0406961164692486e-05,calm
2015-11-19,4.405331653952768e-05,2.157341214131059e-05,calm
2015-11-20,3.257547997758426e-05,3.239403048710993e-05,calm
2015-11-23,3.2061505920928086e-05,1.880805872806001e-05,calm
2015-11-24,2.6939699004894163e-05,4.270956238367367e-05,calm
2015-11-25,3.187384837633893e-05,1.0244684804753443e-05,calm
2015-11-27,2.2583904786907882e-05,6.171518430109994e-06,calm
2015-11-30,1.7211685976431262e-05,1.957495992814094e-05,calm
2015-12-01,1.9630925681516408e-05,3.872522470796115e-05,calm
2015-12-02,2.5809496830837803e-05,2.703080286992145e-05,calm
2015-12-03,2.647229921417726e-05,7.105816453554806e-05,calm
2015-12-04,3.724079359521635e-05,7.14316777294948e-05,calm
2015-12-07,4.526047806456299e-05,6.567393151636108e-05,calm
2015-12-08,4.834643071912109e-05,0.0001643245333882,calm
2015-12-09,7.294270748512e-05,0.0001100129823886,calm
2015-12-10,7.934594692558226e-05,6.100504190334813e-05,calm
2015-12-11,6.4124612855989e-05,0.0001346940374665,calm
2015-12-14,8.04332805592464e-05,0.00015360914132,calm
2015-12-15,9.950661466802987e-05,0.0001125688262275,calm
2015-12-16,9.861119755136881e-05,9.666742574173168e-05,calm
2015-12-17,9.195358297308604e-05,8.192657358252532e-05,calm
2015-12-18,8.349839043267636e-05,9.51357847561858e-05,calm
2015-12-21,8.52904733173127e-05,7.86601826649533e-05,calm
2015-12-22,8.07172813701056e-05,4.096532059222434e-05,calm
2015-12-23,6.087848261739727e-05,3.4114824881032985e-05,calm
2015-12-24,4.9255960757833034e-05,7.84666718444164e-06,calm
2015-12-28,2.848004959277645e-05,2.968548038363876e-05,calm
2015-12-29,3.074314025226898e-05,4.030573473272693e-05,calm
2015-12-30,3.537940713599511e-05,1.907770174864376e-05,calm
2015-12-31,2.9614109331902264e-05,4.822906299582498e-05,calm
2016-01-04,3.57737255083888e-05,0.0003475967057265,calm
2016-01-05,8.273011684930524e-05,6.259653966025944e-05,calm
2016-01-06,7.149384016659958e-05,0.000198654600498,calm
2016-01-07,0.00010066860264843207,0.000391136516861,calm
2016-01-08,0.00016385667307298833,0.000176278050225,calm
2016-01-11,0.00015815385437268942,0.0001621050475013,calm
2016-01-12,0.00014662105094263763,0.0001784905990147,calm
2016-01-13,0.0001479460498786217,0.0002053996293201,calm
2016-01-14,0.00016017216175051558,0.0001629029916617,calm
2016-01-15,0.00015348961623280242,0.0005090396458508,calm
2016-01-19,0.00023663634505726111,0.0001999510292112,calm
2016-01-20,0.00021041436173530468,0.0004369341691967,calm
2016-01-21,0.00026677715083024656,0.0002972309481129,calm
2016-01-22,0.0002636389792191816,0.0001823074485602,calm
2016-01-25,0.00021248035424494943,7.110334489338955e-05,calm
2016-01-26,0.0001276916601778503,0.0001283479543495,calm
2016-01-27,0.00012615282179645533,0.0002011773382034,calm
2016-01-28,0.0001527405962521036,0.0002575898176599,calm
2016-01-29,0.0001872472564128615,7.439398758913607e-05,calm
2016-02-01,0.00012461557189828945,0.0001229259695034,calm
2016-02-02,0.0001181791374626097,0.0001200661904025,calm
2016-02-03,0.0001170607639310929,0.0002759621865031,calm
2016-02-04,0.00016100219366991869,0.0001841001755638,calm
2016-02-05,0.00016391265565653625,0.0001420476696324,calm
2016-02-08,0.00014643459521658918,0.0002934881269109,calm
2016-02-09,0.00018406969085194648,0.0002971805305516,calm
2016-02-10,0.0002113407151476778,0.0001650259148464,calm
2016-02-11,0.00017738713037598923,0.0003050485690708,calm
2016-02-12,0.00020759441207618802,9.697953334838142e-05,calm
2016-02-16,0.00014142552921656617,9.253123120172068e-05,calm
2016-02-17,0.00011413077607855726,7.345017607891506e-05,calm
2016-02-18,9.480784952122316e-05,4.345827023892125e-05,calm
2016-02-19,7.117197008631588e-05,7.005928639747945e-05,calm
2016-02-22,7.277988130480035e-05,6.738230272399365e-05,calm
2016-02-23,7.261160031479005e-05,4.971556115204992e-05,calm
2016-02-24,6.421939730441429e-05,0.0001864575596965,calm
2016-02-25,9.701621224344932e-05,6.79098782657836e-05,calm
2016-02-26,8.372727965505057e-05,5.540742603638752e-05,calm
2016-02-29,6.97632605888726e-05,4.7940565230281686e-05,calm
2016-03-01,5.98991710475981e-05,6.451451364451791e-05,calm
2016-03-02,6.162726446542585e-05,4.259606019457212e-05,calm
2016-03-03,5.353971172063013e-05,2.813022093495985e-05,calm
2016-03-04,4.287059786930448e-05,4.067005682244326e-05,calm
2016-03-07,4.2570079538189925e-05,5.02982820512186e-05,calm
2016-03-08,4.5483840310175614e-05,7.152064183856905e-05,calm
2016-03-09,5.3481364686028146e-05,5.711394194005908e-05,calm
2016-03-10,5.383107747701807e-05,0.0001108592660354,calm
2016-03-11,6.883082458878361e-05,6.088452803210438e-05,calm
2016-03-14,6.30153908156033e-05,1.9523287153762725e-05,calm
2016-03-15,3.948066361681745e-05,3.280544571710374e-05,calm
2016-03-16,3.6661811478757196e-05,7.381907468114597e-05,calm
2016-03-17,4.68949530946761e-05,2.3334689487523533e-05,calm
2016-03-18,3.6411190218709234e-05,2.6033392850482152e-05,calm
2016-03-21,3.253576774334294e-05,1.7468989082001204e-05,calm
2016-03-22,2.7126763332590432e-05,2.669990715551444e-05,calm
2016-03-23,2.7670485378060492e-05,2.1925105581518555e-05,calm
2016-03-24,2.6279011447776423e-05,3.5851081366079726e-05,calm
2016-03-28,2.9502400997426463e-05,3.098773887192196e-05,calm
2016-03-29,2.9878773074147596e-05,3.053630842750358e-05,calm
2016-03-30,2.977302112216638e-05,1.3936812466787365e-05,calm
2016-03-31,2.3453827792845495e-05,5.147102759432783e-05,calm
2016-04-04,3.057265374545465e-05,6.338468503713788e-05,calm
2016-04-05,3.845491395195334e-05,3.0698608894802305e-05,calm
2016-04-06,3.394002301006624e-05,5.9753725949703646e-05,calm
2016-04-07,3.966902691417179e-05,4.637886268112605e-05,calm
2016-04-11,3.982187897162845e-05,3.769505476020507e-05,calm
2016-04-12,3.704619847012726e-05,3.367539253759674e-05,calm
2016-04-13,3.4328083309469716e-05,1.6329533830857807e-05,calm
2016-04-14,2.6419549944308665e-05,6.107152945766287e-06,calm
2016-04-18,1.8460984512743366e-05,1.9993444718168988e-05,calm
2016-04-19,2.0371640714806465e-05,1.539927628077866e-05,calm
2016-04-20,2.0023920081424814e-05,2.387373502035176e-05,calm
2016-04-21,2.219179261437405e-05,2.225833913960886e-05,calm
2016-04-25,2.2855858304783685e-05,1.7190182830015948e-05,calm
2016-04-26,2.1527742695237717e-05,3.063169312104193e-05,calm
2016-04-27,2.4550866302963383e-05,3.651301695319627e-05,calm
2016-04-28,2.7809617277462683e-05,5.225404484822984e-05,calm
2016-05-02,3.352199407609972e-05,5.191005827525416e-05,calm
2016-05-03,3.716921669370115e-05,3.552153073316082e-05,calm
2016-05-04,3.434905837543759e-05,3.409785668149905e-05,calm
2016-05-05,3.2467841359369056e-05,4.29750103538936e-05,calm
2016-05-09,3.42800171732707e-05,2.063405173790372e-05,calm
2016-05-10,2.797285618079486e-05,2.237954881538937e-05,calm
2016-05-11,2.625756224815268e-05,4.735015674101967e-05,calm
2016-05-12,3.247553693187857e-05,3.3621252411176184e-05,calm
2016-05-16,3.230567643036412e-05,3.562929499965157e-05,calm
2016-05-17,3.274886726224446e-05,9.16463168028948e-05,calm
2016-05-18,4.6849160239190106e-05,6.468078727679216e-05,calm
2016-05-19,5.033945616089864e-05,2.623228100710626e-05,calm
2016-05-23,3.679644889651537e-05,2.789230712825456e-05,calm
2016-05-24,3.24229532407586e-05,2.2423190213003367e-05,calm
2016-05-25,2.8676363103695072e-05,1.1679147765112862e-05,calm
2016-05-26,2.239920858158807e-05,8.904894900733696e-06,calm
2016-05-31,1.869703287119908e-05,2.956508778975588e-05,calm
2016-06-01,2.3387722164668473e-05,1.801140354708861e-05,calm
2016-06-02,2.2508627333666116e-05,3.529406331157628e-05,calm
2016-06-06,2.7051649092292382e-05,6.753289771714669e-06,calm
2016-06-07,1.8315734347359e-05,1.0233005694294088e-05,calm
2016-06-08,1.7210792481427106e-05,1.98808902235397e-05,calm
2016-06-09,1.9704851552307953e-05,3.8341849816767207e-05,calm
2016-06-13,2.559766002294198e-05,3.885858617657656e-05,calm
2016-06-14,2.935226465266128e-05,2.430816530778107e-05,calm
2016-06-15,2.667600415102148e-05,5.508774344729761e-05,calm
2016-06-16,3.373206932540099e-05,2.960091348099072e-05,calm
2016-06-20,3.0503542255549076e-05,2.3581708539552984e-05,calm
2016-06-21,2.6780237111268775e-05,2.5795354756515714e-05,calm
2016-06-22,2.609999748114205e-05,3.4166858198260447e-05,calm
2016-06-23,2.8556048245838445e-05,0.0006284184050862,calm
2016-06-27,8.703857358129545e-05,8.358302692898736e-05,calm
2016-06-28,8.033019103399576e-05,6.329879997328406e-05,calm
2016-06-29,6.462166250221288e-05,3.438876799265057e-05,calm
2016-06-30,4.5417169687209294e-05,1.5139825171255358e-05,calm
2016-07-05,2.949816019593493e-05,4.77397963307738e-05,calm
2016-07-06,3.575986125632184e-05,2.9502306145696484e-05,calm
2016-07-07,3.389321080090736e-05,1.534174700728773e-05,calm
2016-07-11,2.643658030771415e-05,3.135653845505276e-05,calm
2016-07-12,2.915964902148662e-05,1.3150336227977444e-05,calm
2016-07-13,2.3192800799221182e-05,2.7210435858482568e-05,calm
2016-07-14,2.5744390813315628e-05,1.1151789583542314e-05,calm
2016-07-18,2.059287870457346e-05,6.950281161817598e-06,calm
2016-07-19,1.6418221610175375e-05,5.1183205331206256e-06,calm
2016-07-20,1.3851266012396247e-05,1.1359397135156038e-05,calm
2016-07-21,1.529751803128759e-05,6.998118488551874e-06,calm
2016-07-25,1.4168005129247879e-05,2.029149116150981e-05,calm
2016-07-26,1.7994954630019234e-05,2.297246028335027e-05,calm
2016-07-27,2.0609243989148688e-05,2.396518086269989e-05,calm
2016-07-28,2.2325216850204325e-05,1.605941703878963e-05,calm
2016-08-01,2.031812933558616e-05,2.487293884826826e-05,calm
2016-08-02,2.2224773919208158e-05,1.1804944741306884e-05,calm
2016-08-03,1.8525163982161735e-05,1.1243968837289251e-05,calm
2016-08-04,1.6900388916175683e-05,9.667065320642549e-06,calm
2016-08-08,1.5671554599996898e-05,5.1507033654786015e-06,calm
2016-08-09,1.3153007200900159e-05,1.0564564637076138e-05,calm
2016-08-10,1.4364869070752014e-05,1.1655439447779651e-05,calm
2016-08-11,1.534300156918143e-05,5.264460706917094e-06,calm
2016-08-15,1.3043065258590698e-05,1.1543003686773754e-05,calm
2016-08-16,1.46175593268078e-05,1.643444292619871e-05,calm
2016-08-17,1.6933430964756525e-05,6.159094914011146e-06,calm
2016-08-18,1.398839336260552e-05,1.4103673472250133e-05,calm
2016-08-22,1.586827286054439e-05,6.627962136852071e-06,calm
2016-08-23,1.3867522254976135e-05,1.071380553792379e-05,calm
2016-08-24,1.4715987372737098e-05,1.5375372156370595e-05,calm
2016-08-25,1.663982738287728e-05,3.758426645531877e-05,calm
2016-08-29,2.3114078462706407e-05,1.4056886819698014e-05,calm
2016-08-30,1.975699274925746e-05,1.26924698803353e-05,calm
2016-08-31,1.782366741148412e-05,2.4379186421612232e-05,calm
2016-09-01,2.0908206195916465e-05,1.4669019832483964e-05,calm
2016-09-06,1.9247050186590995e-05,7.12813414680022e-06,calm
2016-09-07,1.530549615354551e-05,8.7164287313989e-06,calm
2016-09-08,1.4665348158310373e-05,4.4102584875997005e-05,calm
2016-09-12,2.2876997247112955e-05,9.403217173237495e-05,calm
2016-09-13,3.801618431142909e-05,4.682864722911128e-05,calm
2016-09-14,3.8362906200484684e-05,3.725055788990922e-05,calm
2016-09-15,3.445992685808061e-05,4.274386051782572e-05,calm
2016-09-19,3.436665284715553e-05,1.951401243251184e-05,calm
2016-09-20,2.6216600115141748e-05,3.346809913478899e-05,calm
2016-09-21,2.7924575760206932e-05,2.320596239394876e-05,calm
2016-09-22,2.5792498354248012e-05,1.1696005493721547e-05,calm
2016-09-26,2.0153391532248373e-05,2.464059425376755e-05,calm
2016-09-27,2.2515043709092854e-05,2.301518124293408e-05,calm
2016-09-28,2.340591176535096e-05,4.629919727047816e-05,calm
2016-09-29,3.0143605152573894e-05,3.082941526653865e-05,calm
2016-10-03,2.974993685907972e-05,4.3308781808249256e-05,calm
2016-10-04,3.308288517305763e-05,1.2280211270317902e-05,calm
2016-10-05,2.2706867311477766e-05,1.774025656547172e-05,calm
2016-10-06,2.1389251694727097e-05,2.74157941623287e-05,calm
2016-10-10,2.4023039734726106e-05,3.422516253398621e-05,calm
2016-10-11,2.762740629367651e-05,1.8305628748461104e-05,calm
2016-10-12,2.3944455540164895e-05,3.793605936238357e-05,calm
2016-10-13,2.83174971089241e-05,2.6476063796525742e-05,calm
2016-10-17,2.734939912589542e-05,1.6656376574742825e-05,calm
2016-10-18,2.2984069304073726e-05,7.419008937437337e-06,calm
2016-10-19,1.6934428964049395e-05,2.933646960425307e-05,calm
2016-10-20,2.1718139419162214e-05,2.0314790640537784e-05,calm
2016-10-24,2.212781455336628e-05,1.0436957101181183e-05,calm
2016-10-25,1.822271456576244e-05,2.291962845320422e-05,calm
2016-10-26,2.0923538193871958e-05,2.2815251791584925e-05,calm
2016-10-27,2.2420117634486894e-05,5.8803994148997966e-05,calm
2016-10-31,3.1945054693181516e-05,1.4053857553146364e-05,calm
2016-11-01,2.323713674222474e-05,3.538076805489435e-05,calm
2016-11-02,2.682867982875793e-05,4.398327123570008e-05,calm
2016-11-03,3.142600769837174e-05,1.825675463840205e-05,calm
2016-11-04,2.503679146487514e-05,3.1676612866815504e-05,calm
2016-11-07,2.686573927605002e-05,5.81788346196305e-05,calm
2016-11-08,3.4893553422048876e-05,3.161488857989053e-05,calm
2016-11-09,3.2110688703311125e-05,0.0001216853112382,calm
2016-11-10,5.078251024957855e-05,0.0001126297926288,calm
2016-11-11,6.516259907277874e-05,3.143515896113161e-05,calm
2016-11-14,4.3095995555550006e-05,2.735145203620469e-05,calm
2016-11-15,3.339443557436889e-05,1.11279623108643e-05,calm
2016-11-16,2.2667133486346737e-05,1.4536616204313543e-05,calm
2016-11-17,2.0724016168169475e-05,6.825718147760081e-06,calm
2016-11-18,1.632763056345398e-05,9.493052843207066e-06,calm
2016-11-21,1.5819914323420916e-05,9.257212610933407e-06,calm
2016-11-22,1.5455120151508036e-05,8.50623113178578e-06,calm
2016-11-23,1.489452015531343e-05,7.503065640927057e-06,calm
2016-11-25,1.4159994074807999e-05,1.993045388154618e-06,calm
2016-11-28,1.0657898308216604e-05,9.72092895238111e-06,calm
2016-11-29,1.2863406970921419e-05,9.150174039960871e-06,calm
2016-11-30,1.386234096504635e-05,2.8017222821861937e-05,calm
2016-12-01,1.9661126696171763e-05,2.1306747519352884e-05,calm
2016-12-02,2.1201907570558937e-05,1.4623593397839818e-05,calm
2016-12-05,1.9298613683273392e-05,8.43231556667906e-06,calm
2016-12-06,1.584231934679725e-05,8.861215550129153e-06,calm
2016-12-07,1.4876790941845962e-05,2.268667047760707e-05,calm
2016-12-08,1.885917566442425e-05,1.6155961444061298e-05,calm
2016-12-09,1.8999224386740222e-05,8.397497332696216e-06,calm
2016-12-12,1.580335782373206e-05,1.4526868952010185e-05,calm
2016-12-13,1.6995751362862972e-05,1.5207222411221524e-05,calm
2016-12-14,1.7513843509479197e-05,7.82849558983664e-05,calm
2016-12-15,3.1065912220667536e-05,2.869014108279807e-05,calm
2016-12-16,2.873635695352358e-05,2.1016833261276737e-05,calm
2016-12-19,2.441062486293363e-05,9.537053552497278e-06,calm
2016-12-20,1.780901829719201e-05,8.155500508814728e-06,calm
2016-12-21,1.5168146166062495e-05,3.81966704921707e-06,calm
2016-12-22,1.2021488820827807e-05,6.424925463570126e-06,calm
2016-12-23,1.218105662370779e-05,2.609473286644902e-06,calm
2016-12-27,1.0230798537789838e-05,5.589826606184361e-06,calm
2016-12-28,1.0956694071256586e-05,1.2391144492659291e-05,calm
2016-12-29,1.369598333326021e-05,1.1561926881236435e-05,calm
2016-12-30,1.484398532219541e-05,2.2035693328963653e-05,calm
2017-01-03,1.8633879844358143e-05,3.530082554881368e-05,calm
2017-01-04,2.4198505914303683e-05,1.3258026097284536e-05,calm
2017-01-05,1.950417137570379e-05,1.178482830740815e-05,calm
2017-01-06,1.7168686958452717e-05,1.4969657392208488e-05,calm
2017-01-09,1.7550555774054274e-05,8.063359033437074e-06,calm
2017-01-10,1.4943980238843362e-05,1.2563080178720623e-05,calm
2017-01-11,1.578791362195895e-05,2.8820522383153456e-05,calm
2017-01-12,2.089731176340476e-05,2.3747477731196367e-05,calm
2017-01-13,2.2371100885642718e-05,8.459343076259831e-06,calm
2017-01-17,1.6273168009456084e-05,9.541272883018732e-06,calm
2017-01-18,1.5042815461362856e-05,1.115529785092641e-05,calm
2017-01-19,1.5201738739428119e-05,1.5401237970675128e-05,calm
2017-01-20,1.6730978497132798e-05,2.0624291935011244e-05,calm
2017-01-23,1.906838191917819e-05,1.831288575416317e-05,calm
2017-01-24,1.9436886131750752e-05,7.742267073350394e-06,calm
2017-01-25,1.5210443141616475e-05,8.639567067979128e-06,calm
2017-01-26,1.427865494657567e-05,8.716921054753547e-06,calm
2017-01-27,1.3940371822112024e-05,6.599146181684205e-06,calm
2017-01-30,1.2872548219578659e-05,2.007743604567609e-05,calm
2017-01-31,1.679036282132858e-05,1.7117882252420035e-05,calm
2017-02-01,1.797608768939659e-05,2.058079775677697e-05,calm
2017-02-02,1.9607739966760247e-05,1.6156560255120758e-05,calm
2017-02-03,1.8824899436158878e-05,8.04652559173343e-06,calm
2017-02-06,1.5131043882857347e-05,6.24749500737074e-06,calm
2017-02-07,1.3119521797116121e-05,7.596372125171352e-06,calm
2017-02-08,1.3001152322003248e-05,1.2176839872403404e-05,calm
2017-02-09,1.4597603355330212e-05,6.330125180114206e-06,calm
2017-02-10,1.2901348620075488e-05,4.6908385960384204e-06,calm
2017-02-13,1.1511726314684725e-05,4.917305478029624e-06,calm
2017-02-14,1.111110212666721e-05,1.079192327125345e-05,calm
2017-02-15,1.3170908366380411e-05,9.0879428334082e-06,calm
2017-02-16,1.348139849915283e-05,2.2197313332101e-05,calm
2017-02-17,1.7463629690563125e-05,8.14978238996161e-06,calm
2017-02-21,1.4639154278457226e-05,1.115227435658522e-05,calm
2017-02-22,1.4852554005111203e-05,6.905035815576451e-06,calm
2017-02-23,1.3225840009163505e-05,1.0676083468818336e-05,calm
2017-02-24,1.4112067951338182e-05,1.484820825386242e-05,calm
2017-02-27,1.586368215632285e-05,8.364149569720683e-06,calm
2017-02-28,1.4241190046642202e-05,8.160604373456629e-06,calm
2017-03-01,1.3578032635961653e-05,1.423165281252227e-05,calm
2017-03-02,1.5429272689422015e-05,1.4972072555817631e-05,calm
2017-03-03,1.652679404975422e-05,9.854526728551376e-06,calm
2017-03-06,1.5118003652340171e-05,9.354071028511452e-06,calm
2017-03-07,1.4399196947249517e-05,9.59480276521889e-06,calm
2017-03-08,1.4227154103597448e-05,1.131798827708678e-05,calm
2017-03-09,1.4792236123079958e-05,1.2186180666889531e-05,calm
2017-03-10,1.533682269298947e-05,1.385892531857754e-05,calm
2017-03-13,1.6138974113792095e-05,5.461830069868128e-06,calm
2017-03-14,1.2941812634324144e-05,1.4428728694724083e-05,calm
2017-03-15,1.5196006310175765e-05,1.845940163264653e-05,calm
2017-03-16,1.749337838764545e-05,1.0412375887641516e-05,calm
2017-03-17,1.5644897576034322e-05,6.386087516878014e-06,calm
2017-03-20,1.3031870436362429e-05,1.2038693008286105e-05,calm
2017-03-21,1.4357340539896346e-05,4.198479801938434e-05,calm
2017-03-22,2.242219548739342e-05,2.873986723295791e-05,calm
2017-03-23,2.454088350267533e-05,2.6084969089896136e-05,calm
2017-03-24,2.4330533056672166e-05,2.563312425962748e-05,calm
2017-03-27,2.3916093912130706e-05,2.173073494206829e-05,calm
2017-03-28,2.2427543000128464e-05,1.044726844515106e-05,calm
2017-03-29,1.7292112411200194e-05,8.98985543259254e-06,calm
2017-03-30,1.494286675823509e-05,1.17465019184805e-05,calm
2017-04-03,1.5212241973880804e-05,1.3100950098603844e-05,calm
2017-04-04,1.5899991107396834e-05,3.860427130308475e-05,calm
2017-04-05,2.3054345094479604e-05,2.620642750159066e-05,calm
2017-04-06,2.4217024769700084e-05,2.020967123305064e-05,calm
2017-04-10,2.2304252050746487e-05,3.173276335396676e-05,calm
2017-04-11,2.5007413247509532e-05,2.2844534550322504e-05,calm
2017-04-12,2.360976899391415e-05,2.38872774601896e-05,calm
2017-04-17,2.3301157306310108e-05,1.841060979573559e-05,calm
2017-04-18,2.1281172712593435e-05,1.3064525717148812e-05,calm
2017-04-19,1.836636013405127e-05,1.2627890397638288e-05,calm
2017-04-20,1.7085545950665908e-05,1.4473397003087707e-05,calm
2017-04-24,1.7024164348127397e-05,7.227291713214016e-06,calm
2017-04-25,1.4092676914962961e-05,2.2241304035310253e-05,calm
2017-04-26,1.784484323504589e-05,1.07626100166163e-05,calm
2017-04-27,1.603989045012296e-05,8.861551405906131e-06,calm
2017-05-01,1.441373538844316e-05,5.837677226865868e-06,calm
2017-05-02,1.2378241212335722e-05,8.218916782662081e-06,calm
2017-05-03,1.2609604162537228e-05,1.367521899549252e-05,calm
2017-05-04,1.460621855060642e-05,5.581949847931758e-06,calm
2017-05-08,1.2262854307801078e-05,6.504059435629894e-06,calm
2017-05-09,1.1821103235520107e-05,4.802453281190964e-06,calm
2017-05-10,1.0848469164631873e-05,1.158952216165951e-05,calm
2017-05-11,1.2962134391206794e-05,5.474865980580471e-06,calm
2017-05-15,1.1576128361122008e-05,7.586803050969945e-06,calm
2017-05-16,1.1938737611074421e-05,3.252463044860232e-05,calm
2017-05-17,1.8511889893703546e-05,4.333624274918461e-05,calm
2017-05-18,2.5697076061353404e-05,1.3441363631925554e-05,calm
2017-05-22,1.9683640992205563e-05,5.317225716601514e-06,calm
2017-05-23,1.3379515216318343e-05,4.924107547085021e-06,calm
2017-05-24,1.143175243907557e-05,8.541006874870385e-06,calm
2017-05-25,1.2210335477277998e-05,3.642491773618956e-06,calm
2017-05-30,1.037092259703681e-05,1.4444833948179025e-05,calm
2017-05-31,1.3445657878946289e-05,8.025300491823776e-06,calm
2017-06-01,1.2965638561909938e-05,7.170377215055924e-06,calm
2017-06-05,1.2355319609215002e-05,8.525341347402811e-06,calm
2017-06-06,1.26596009340884e-05,8.590761982609548e-06,calm
2017-06-07,1.2822398761552909e-05,1.2969702552996304e-05,calm
2017-06-08,1.4467922271494938e-05,3.597250411329846e-05,calm
2017-06-12,2.1232645533415052e-05,8.019608367875839e-06,calm
2017-06-13,1.556495859941001e-05,2.0436335256390773e-05,calm
2017-06-14,1.798507268930983e-05,1.664885299917536e-05,calm
2017-06-15,1.8112821322095403e-05,1.1202471928335315e-05,calm
2017-06-19,1.6054851430061267e-05,1.0224699131574804e-05,calm
2017-06-20,1.4859135252228111e-05,1.2921542766538894e-05,calm
2017-06-21,1.540686501403606e-05,7.233627910287446e-06,calm
2017-06-22,1.3357358282695917e-05,8.25680019504135e-06,calm
2017-06-26,1.3005095912660126e-05,1.953407818005006e-05,calm
2017-06-27,1.647292899383438e-05,1.6327837153197737e-05,calm
2017-06-28,1.7461476731113405e-05,4.7791161373866496e-05,calm
2017-06-29,2.5748800590057805e-05,1.921835107404792e-05,calm
2017-07-05,2.2461165790340543e-05,1.999703046341511e-05,calm
2017-07-06,2.1070106872552874e-05,9.219661441690568e-06,calm
2017-07-10,1.6144930991555363e-05,2.041884303077295e-05,calm
2017-07-11,1.7841337908641536e-05,9.836286466070126e-06,calm
2017-07-12,1.5295696547437623e-05,4.753232310690548e-06,calm
2017-07-13,1.1959623184409855e-05,4.738712524362805e-06,calm
2017-07-17,1.0814746420191541e-05,8.866225463259536e-06,calm
2017-07-18,1.190007943406933e-05,3.930936263621172e-06,calm
2017-07-19,1.0307321062816266e-05,8.155892610920884e-06,calm
2017-07-20,1.1368020461380955e-05,4.650471052539611e-06,calm
2017-07-24,1.0418814520272638e-05,3.939355455073604e-06,calm
2017-07-25,9.711017434770579e-06,5.843983180511742e-06,calm
2017-07-26,1.0216594732274769e-05,2.626454240835038e-05,calm
2017-07-27,1.548741442374844e-05,7.675756124414517e-06,calm
2017-07-31,1.320677249266435e-05,6.852959625954329e-06,calm
2017-08-01,1.2035263859376254e-05,1.3243215086709916e-05,calm
2017-08-02,1.3771141309233272e-05,7.124957786695563e-06,calm
2017-08-03,1.2391301913675572e-05,7.718977368245543e-06,calm
2017-08-07,1.211005500821652e-05,1.0657166552350724e-05,calm
2017-08-08,1.3030240004665607e-05,1.826262794536436e-05,calm
2017-08-09,1.569602047481229e-05,3.068419155357714e-05,calm
2017-08-10,2.026088018962036e-05,1.6235490524315244e-05,calm
2017-08-14,1.851055489294376e-05,7.597027387428061e-06,calm
2017-08-15,1.4193955188523949e-05,9.602566942447369e-06,calm
2017-08-16,1.3845618375448554e-05,3.21140013636011e-05,calm
2017-08-17,2.010459010322276e-05,2.912622168032675e-05,calm
2017-08-21,2.347980877143585e-05,1.1059448213068393e-05,calm
2017-08-22,1.78017928520541e-05,1.1210745665674774e-05,calm
2017-08-23,1.5786903104044514e-05,1.6657840209925543e-05,calm
2017-08-24,1.7119438221142672e-05,1.240530735094806e-05,calm
2017-08-28,1.6240542416051165e-05,9.14134822030488e-06,calm
2017-08-29,1.4454855776987649e-05,7.94708805665742e-06,calm
2017-08-30,1.323675191868894e-05,8.27995494714268e-06,calm
2017-08-31,1.2925893965953426e-05,6.812995408461733e-06,calm
2017-09-05,1.2144351199000751e-05,7.194976454707857e-06,calm
2017-09-06,1.2001720275624848e-05,1.2168437608919624e-05,calm
2017-09-07,1.3862484013809782e-05,6.872057016941768e-06,calm
2017-09-11,1.2512057842054005e-05,4.604428305690069e-06,calm
2017-09-12,1.0808374661537603e-05,3.4559374748527843e-06,calm
2017-09-13,9.561208581416762e-06,4.198882458671138e-06,calm
2017-09-14,9.498305749483446e-06,3.5608100012003555e-06,calm
2017-09-18,9.127225547553427e-06,4.386818036639344e-06,calm
2017-09-19,9.390864000680969e-06,1.0201951351476597e-05,calm
2017-09-20,1.1770208925231678e-05,7.743973112850879e-06,calm
2017-09-21,1.2032284741609522e-05,3.481922266008804e-06,calm
2017-09-25,9.641511865003808e-06,6.559197722896502e-06,calm
2017-09-26,1.037303056407059e-05,1.1001876570215672e-05,calm
2017-09-27,1.2320261502644702e-05,5.151294935902915e-06,calm
2017-09-28,1.0813870190795706e-05,4.896712048314635e-06,calm
2017-10-02,1.0126230938365491e-05,4.274704580519075e-06,calm
2017-10-03,9.567306043410161e-06,5.115843528488577e-06,calm
2017-10-04,9.742191218904835e-06,4.0123077997400185e-06,calm
2017-10-05,9.289179132121729e-06,4.670294476407286e-06,calm
2017-10-09,9.419454762164779e-06,7.180574169401431e-06,calm
2017-10-10,1.0511927983657827e-05,3.4645731406485937e-06,calm
2017-10-11,9.259409372004066e-06,3.947287258453006e-06,calm
2017-10-12,9.054863934303833e-06,3.566298547099304e-06,calm
2017-10-16,8.785535741055302e-06,2.342903383090148e-06,calm
2017-10-17,7.991760479628301e-06,3.0866777809557538e-06,calm
2017-10-18,8.096038258502847e-06,5.472727319487298e-06,calm
2017-10-19,9.190021902558453e-06,4.282498494816701e-06,calm
2017-10-23,9.173559069676301e-06,6.354013627900999e-06,calm
2017-10-24,1.0056483644225543e-05,2.205369649753281e-05,calm
2017-10-25,1.4959827896881145e-05,1.2439427969827716e-05,calm
2017-10-26,1.50491231612727e-05,1.2852335898770177e-05,calm
2017-10-30,1.5128380642421491e-05,1.0190473770679576e-05,calm
2017-10-31,1.428533111273712e-05,3.844075565737857e-06,calm
2017-11-01,1.0756469004579e-05,9.89368395522742e-06,calm
2017-11-02,1.2184180655348185e-05,1.6102995433989458e-05,calm
2017-11-03,1.4954862651856647e-05,4.471086574744166e-06,calm
2017-11-06,1.1441268619477987e-05,3.08508695023499e-06,calm
2017-11-07,9.48102125244375e-06,8.325939854062812e-06,calm
2017-11-08,1.1046252664064407e-05,5.652371085663188e-06,calm
2017-11-09,1.0748335880918921e-05,2.767443583524494e-05,calm
2017-11-10,1.6722409702790374e-05,6.876456679156106e-06,calm
2017-11-13,1.3414983066497158e-05,4.789063194644555e-06,calm
2017-11-14,1.1084266375193385e-05,1.9274928979575017e-05,calm
2017-11-15,1.506112940559121e-05,2.2325419200682783e-05,calm
2017-11-16,1.841182676792624e-05,8.051411632137276e-06,calm
2017-11-17,1.4526182116578124e-05,5.4455940880412325e-06,calm
2017-11-20,1.1796832548687112e-05,4.597282928434352e-06,calm
2017-11-21,1.0476593778784094e-05,4.813483210377632e-06,calm
2017-11-22,1.0114892319670033e-05,2.818742482927139e-06,calm
2017-11-24,8.91640441623451e-06,1.218059268025056e-06,calm
2017-11-27,7.383910957554056e-06,4.6620195125725e-06,calm
2017-11-28,8.5811691407564e-06,1.1049063256237762e-05,calm
2017-11-29,1.1392212213906067e-05,1.6148250139225744e-05,calm
2017-11-30,1.4396753225331561e-05,2.732316514645123e-05,calm
2017-12-01,1.9216389489353693e-05,8.878526153603566e-05,calm
2017-12-04,3.4045579698206576e-05,2.2659116198128083e-05,calm
2017-12-05,2.7293617139903482e-05,1.636164890858776e-05,calm
2017-12-06,2.0973070503881773e-05,1.3038106015238966e-05,calm
2017-12-07,1.7345871681254596e-05,8.912262992352853e-06,calm
2017-12-08,1.4440898399973402e-05,7.157952923588582e-06,calm
2017-12-11,1.268496579222899e-05,6.28610596713131e-06,calm
2017-12-12,1.167138948248034e-05,6.536597935707063e-06,calm
2017-12-13,1.139240673272137e-05,1.2149563391690132e-05,calm
2017-12-14,1.3314246355110375e-05,1.1651827415373304e-05,calm
2017-12-15,1.4189049858104774e-05,1.2545611847702714e-05,calm
2017-12-18,1.4878787569898053e-05,8.446383803682566e-06,calm
2017-12-19,1.3513666582160333e-05,8.499256965557588e-06,calm
2017-12-20,1.294173334618821e-05,1.3496620660201293e-05,calm
2017-12-21,1.450619914025463e-05,8.027997619826864e-06,calm
2017-12-22,1.3193502740254084e-05,4.40157794917856e-06,calm
2017-12-26,1.085145008142435e-05,3.030899041887512e-06,calm
2017-12-27,9.262777664380134e-06,2.709995458511272e-06,calm
2017-12-28,8.508497587470072e-06,1.600500283502711e-06,calm
2017-12-29,7.520195492522109e-06,6.703570866219266e-06,calm
2018-01-02,9.322018840352359e-06,6.614951624958542e-06,calm
2018-01-03,1.0383786544019643e-05,5.71847519323922e-06,calm
2018-01-04,1.04840279328512e-05,7.308547842727639e-06,calm
2018-01-05,1.1194469600072158e-05,7.888586235726555e-06,calm
2018-01-08,1.1761873062901193e-05,6.09844119244572e-06,calm
2018-01-09,1.1224679635062465e-05,1.0587500304570517e-05,calm
2018-01-10,1.2735917719475755e-05,1.1667978354241348e-05,calm
2018-01-11,1.390212207474319e-05,6.977268385323447e-06,calm
2018-01-12,1.2475489295440527e-05,1.0305350153288946e-05,calm
2018-01-16,1.321667089093031e-05,3.171103484184363e-05,calm
2018-01-17,1.9325888672214947e-05,1.7473471234424658e-05,calm
2018-01-18,1.91729807965332e-05,2.141279362261225e-05,calm
2018-01-19,2.015357242655425e-05,1.2927845371988949e-05,calm
2018-01-22,1.7419294169942607e-05,1.2361764689323807e-05,calm
2018-01-23,1.6032692357582356e-05,1.0516214125313828e-05,calm
2018-01-24,1.480086802370683e-05,3.761788161072697e-05,calm
2018-01-25,2.1581726232647494e-05,3.039692870677867e-05,calm
2018-01-26,2.4597592533706933e-05,9.102114425420824e-06,calm
2018-01-29,1.7180626323704792e-05,2.2349371869295257e-05,calm
2018-01-30,1.9234948023602254e-05,3.4929776497839115e-05,calm
2018-01-31,2.416715606440719e-05,3.271678149527722e-05,calm
2018-02-01,2.6376172710185373e-05,3.341903194596238e-05,calm
2018-02-02,2.7700224625752798e-05,7.015573151725725e-05,calm
2018-02-05,3.7611598313298004e-05,0.0004551799233295,calm
2018-02-06,9.324833799248384e-05,0.0006652118347677,calm
2018-02-07,0.00018812845057896137,0.0001972164402289,calm
2018-02-08,0.0001755486134076241,0.000364028297806,calm
2018-02-09,0.00020971625781142678,0.0006393205842826,calm
2018-02-12,0.000295771858315063,0.0001658825181395,calm
2018-02-13,0.00021123641431675154,7.113636897879899e-05,calm
2018-02-14,0.00011886331205832417,9.89923055024988e-05,calm
2018-02-15,0.00010336116863578599,7.355126662727743e-05,calm
2018-02-16,8.831497149282245e-05,7.211206530778424e-05,calm
2018-02-20,8.171864698054616e-05,5.786675576998364e-05,calm
2018-02-21,7.204308740584732e-05,7.737946210594005e-05,calm
2018-02-22,7.57015238635227e-05,9.652090932117766e-05,calm
2018-02-23,8.539399029897265e-05,4.30592984360934e-05,calm
2018-02-26,6.49933998403981e-05,3.1198675427699144e-05,calm
2018-02-27,4.8050915599560886e-05,8.018621425927186e-05,calm
2018-02-28,5.943556709496095e-05,7.684882115591153e-05,calm
2018-03-01,6.72997320342504e-05,0.0002355839938478,calm
2018-03-02,0.00011136962139990106,0.0001190283660968,calm
2018-03-05,0.00011456828948376886,5.8839391575838e-05,calm
2018-03-06,8.192283116638412e-05,4.5990117960412656e-05,calm
2018-03-07,6.154145984532001e-05,4.697114005697994e-05,calm
2018-03-08,5.435767317258265e-05,4.3424621822541743e-05,calm
2018-03-09,4.980179099012763e-05,1.431971019703371e-05,calm
2018-03-12,3.109675225859996e-05,2.8399877176607223e-05,calm
2018-03-13,3.0849105795879675e-05,4.9113389469572345e-05,calm
2018-03-14,3.810593550341906e-05,6.596320011655736e-05,calm
2018-03-15,4.823602013155413e-05,2.947954790915389e-05,calm
2018-03-16,3.900258697538847e-05,1.8657054776395223e-05,calm
2018-03-19,2.8517074490349224e-05,6.32718404727625e-05,calm
2018-03-20,3.8651127160116495e-05,3.359572098801225e-05,calm
2018-03-21,3.612984283454642e-05,6.197007099274223e-05,calm
2018-03-22,4.382653391836481e-05,0.0001147312858884,calm
2018-03-23,6.319805667384648e-05,0.0001544169488096,calm
2018-03-26,8.798758955527398e-05,0.000176556349365,calm
2018-03-27,0.00011089180959837268,0.0002688692630993,calm
2018-03-28,0.00014967373721794502,9.621811814917288e-05,calm
2018-04-02,0.00011153131429845929,0.0001788462002333,calm
2018-04-03,0.00012565569821846684,0.0001308391634871,calm
2018-04-04,0.00011981175041977837,8.622249476007186e-05,calm
2018-04-05,9.858121336226938e-05,0.000134196094826,calm
2018-04-09,0.00010887473102367404,0.0001106799023618,calm
2018-04-10,0.0001077460172199451,7.535300253347774e-05,calm
2018-04-11,9.080053181732436e-05,4.996598321838943e-05,calm
2018-04-12,6.972468014329731e-05,6.225191328259691e-05,calm
2018-04-16,6.70615926860645e-05,1.6500104238470782e-05,calm
2018-04-17,3.919548695827571e-05,2.258786574667965e-05,calm
2018-04-18,3.304801815135051e-05,3.606030958477396e-05,calm
2018-04-19,3.6187686728851015e-05,5.216582244584812e-05,calm
2018-04-23,4.401436278814009e-05,0.0001407534082741,calm
2018-04-24,7.25207397560548e-05,0.0001005632290713,calm
2018-04-25,8.334690715254642e-05,3.784146714232963e-05,calm
2018-04-26,5.699176851612174e-05,3.349606704611639e-05,calm
2018-04-30,4.342463535922838e-05,4.747248022629809e-05,calm
2018-05-01,4.411183741932056e-05,4.787963713161233e-05,calm
2018-05-02,4.541844205811075e-05,0.0001010027703401,calm
2018-05-03,6.275795586668784e-05,4.463663451205776e-05,calm
2018-05-07,5.33575947030709e-05,4.524455803516075e-05,calm
2018-05-08,4.7885982464394934e-05,2.9659279793236104e-05,calm
2018-05-09,3.8191604047096204e-05,2.010849529280787e-05,calm
2018-05-10,2.9282421587991553e-05,2.0617447204891485e-05,calm
2018-05-14,2.5573346890386008e-05,3.939174727281433e-05,calm
2018-05-15,3.104306043223106e-05,1.61998087489785e-05,calm
2018-05-16,2.4382795784291624e-05,1.980609056514736e-05,calm
2018-05-17,2.293596150966684e-05,2.127363185940765e-05,calm
2018-05-21,2.2870809004642448e-05,1.421697742964394e-05,calm
2018-05-22,1.9716440555348278e-05,2.8522418571391115e-05,calm
2018-05-23,2.3492664695035342e-05,3.2755518112654295e-05,calm
2018-05-24,2.716599189482827e-05,1.6197009873600785e-05,calm
2018-05-29,2.204720862664401e-05,2.1225392793408687e-05,calm
2018-05-30,2.180940706177446e-05,4.003025152578256e-05,calm
2018-05-31,2.7797874575845984e-05,2.009443308400909e-05,calm
2018-06-04,2.3963103447358773e-05,1.6125956049530178e-05,calm
2018-06-05,2.0349733225948593e-05,1.5098667468390588e-05,calm
2018-06-06,1.8534142769561712e-05,2.9526820758843683e-05,calm
2018-06-07,2.276824125537778e-05,1.3072953972051688e-05,calm
2018-06-11,1.8749961664490742e-05,8.469779576886225e-06,calm
2018-06-12,1.482344552571358e-05,1.6929324875534576e-05,calm
2018-06-13,1.677554932116671e-05,1.1211965779949244e-05,calm
2018-06-14,1.5602653814694927e-05,2.5513147656398672e-05,calm
2018-06-18,1.9956136075344437e-05,2.156809256993061e-05,calm
2018-06-19,2.1134950535008232e-05,8.010943352619005e-06,calm
2018-06-20,1.5526520020335414e-05,3.0362929554109723e-05,calm
2018-06-21,2.1071038179187556e-05,1.526536110131513e-05,calm
2018-06-25,1.9223939881635938e-05,2.898905200072649e-05,calm
2018-06-26,2.3065862929607453e-05,7.422572422614897e-05,calm
2018-06-27,3.678491733871568e-05,5.787980432085696e-05,calm
2018-06-28,4.231312067715726e-05,2.4756918927332547e-05,calm
2018-07-02,3.092255937462029e-05,1.4196731639339e-05,calm
2018-07-05,2.1335083701185717e-05,2.2771367019504736e-05,calm
2018-07-09,2.1760323062213925e-05,1.1413431824406982e-05,calm
2018-07-10,1.7573184367540307e-05,1.942270107970797e-05,calm
2018-07-11,1.9165809610484607e-05,1.653476145784446e-05,calm
2018-07-12,1.901896337776769e-05,9.407491987610213e-06,calm
2018-07-16,1.5666768846588377e-05,1.2264668832116362e-05,calm
2018-07-17,1.561047665229992e-05,5.991402370987766e-06,calm
2018-07-18,1.2622039158486355e-05,1.5393012576390907e-05,calm
2018-07-19,1.5246049115944032e-05,9.524884436916564e-06,calm
2018-07-23,1.4358200115965218e-05,2.1146940703454864e-05,calm
2018-07-24,1.809149463119184e-05,2.178914876628423e-05,calm
2018-07-25,2.043971506664177e-05,1.193431253459892e-05,calm
2018-07-26,1.732659385483468e-05,3.067783781486831e-05,calm
2018-07-30,2.2350104865532962e-05,1.923819402508662e-05,calm
2018-07-31,2.1245530907853976e-05,1.1862521679934258e-05,calm
2018-08-01,1.744701608535973e-05,1.4204832295020936e-05,calm
2018-08-02,1.699511802824884e-05,9.043144868161178e-06,calm
2018-08-06,1.4664194084753137e-05,8.975279272696583e-06,calm
2018-08-07,1.3768035971622e-05,7.626604472685813e-06,calm
2018-08-08,1.2829535265786717e-05,7.5290472724648515e-06,calm
2018-08-09,1.242257820724606e-05,2.287484759334325e-05,calm
2018-08-13,1.733106790320054e-05,1.7785372736627628e-05,calm
2018-08-14,1.8654969493619402e-05,4.493497828651328e-05,calm
2018-08-15,2.686154388751078e-05,1.637066864741043e-05,calm
2018-08-16,2.1741955417338547e-05,1.750479894701991e-05,calm
2018-08-20,1.990214258030458e-05,8.955606977887712e-06,calm
2018-08-21,1.542970652256853e-05,9.847143313368516e-06,calm
2018-08-22,1.4352941077735925e-05,1.2849475604154614e-05,calm
2018-08-23,1.5232926446210352e-05,8.778607505618296e-06,calm
2018-08-27,1.3971628735704814e-05,9.343115575934486e-06,calm
2018-08-28,1.3698881238180029e-05,6.731406980853608e-06,calm
2018-08-29,1.2376933910660833e-05,2.0100691969823984e-05,calm
2018-08-30,1.653843999033368e-05,1.4892996244859516e-05,calm
2018-09-04,1.7171397441933075e-05,3.5053643854095e-05,calm
2018-09-05,2.349337272513432e-05,3.489150337542833e-05,calm
2018-09-06,2.723373433897263e-05,3.814183321768991e-05,calm
2018-09-10,2.9899489091828587e-05,1.472110611614496e-05,calm
2018-09-11,2.1456286407515027e-05,2.4884567411449644e-05,calm
2018-09-12,2.2285763281473292e-05,1.2726204387781622e-05,calm
2018-09-13,1.8156162946241705e-05,1.2757677608114882e-05,calm
2018-09-17,1.6673595669208797e-05,1.4245041404083616e-05,calm
2018-09-18,1.6781993339471937e-05,1.063457610737335e-05,calm
2018-09-19,1.5393801631378804e-05,8.311673890179496e-06,calm
2018-09-20,1.3758702897477372e-05,6.777642726152144e-06,calm
2018-09-24,1.2390584936452609e-05,8.021425312253984e-06,calm
2018-09-25,1.2436817786953274e-05,2.3740820653048544e-05,calm
2018-09-26,1.756924735570179e-05,9.74386359942428e-06,calm
2018-09-27,1.5368227442275187e-05,1.1656450480853398e-05,calm
2018-10-01,1.5204586330224448e-05,1.5789160675991803e-05,calm
2018-10-02,1.6707769985145767e-05,1.610845094820653e-05,calm
2018-10-03,1.755822184208923e-05,4.413037786646963e-05,calm
2018-10-04,2.5813752279491086e-05,4.2350197050377066e-05,calm
2018-10-08,3.079941283969916e-05,4.212508379178483e-05,calm
2018-10-09,3.298958562767846e-05,0.0001483015168757,calm
2018-10-10,5.713896937083801e-05,0.0003819383668723,calm
2018-10-11,0.00011554871206662098,0.0001981396788324,calm
2018-10-15,0.0001305332365808806,4.6229122638354096e-05,calm
2018-10-16,6.915367689130434e-05,0.0001059740238844,calm
2018-10-17,7.187462644975631e-05,0.0001256818832433,calm
2018-10-18,8.431840212393245e-05,8.80717567564226e-05,calm
2018-10-22,8.029049101857863e-05,0.0001286478708651,calm
2018-10-23,9.308096246538103e-05,0.0001776456907556,calm
2018-10-24,0.00011781400973296787,0.0001010515723094,calm
2018-10-25,0.00010498674330806676,0.0003221444567771,calm
2018-10-29,0.00016108890724025757,0.0003020764729368,calm
2018-10-30,0.00020192425762972886,0.0002369290928385,calm
2018-10-31,0.00020542912858232263,8.267753088956122e-05,calm
2018-11-01,0.0001299493193245537,6.926351424220781e-05,calm
2018-11-02,9.430999775058679e-05,0.0001625799095452,calm
2018-11-05,0.00011879788628007965,3.526037727885601e-05,calm
2018-11-06,7.112098872005365e-05,3.699906255462284e-05,calm
2018-11-07,5.463810557188426e-05,4.081668561237299e-05,calm
2018-11-08,5.025662419634113e-05,4.4635716622966265e-05,calm
2018-11-09,5.0086698958834124e-05,5.518134697250357e-05,calm
2018-11-12,5.426276476708793e-05,9.255630065272847e-05,calm
2018-11-13,6.974108196897842e-05,0.0001678628106496,calm
2018-11-14,0.00010176007685375451,0.0001279313287046,calm
2018-11-15,0.00010908327552524066,0.0001864117526916,calm
2018-11-16,0.0001307715870058721,8.18173872137005e-05,calm
2018-11-19,0.00010115254210976876,0.0001150169734721,calm
2018-11-20,9.978059235989071e-05,0.00018558809343,calm
2018-11-21,0.00012374018702826338,3.7224155417686575e-05,calm
2018-11-23,7.122819699308842e-05,2.5933451961723595e-05,calm
2018-11-26,4.4708690796362136e-05,5.437867057759013e-05,calm
2018-11-27,4.780234088922112e-05,6.372690297495023e-05,calm
2018-11-28,5.4715855045529253e-05,8.900977788165231e-05,calm
2018-11-29,6.78344168624161e-05,4.564721364675897e-05,calm
2018-11-30,5.7185408314390466e-05,2.767887935184395e-05,calm
2018-12-03,4.11822054629096e-05,6.643940999694947e-05,calm
2018-12-04,4.8950707800838946e-05,0.0001392376408075,calm
2018-12-06,7.510945137236623e-05,0.0002403845847243,calm
2018-12-07,0.0001206831046644267,0.0002527775982023,calm
2018-12-10,0.0001598510985631711,0.0003018428112379,calm
2018-12-11,0.00019690136374768638,0.0001643873544086,calm
2018-12-12,0.00017009807798956794,9.282158360717827e-05,calm
2018-12-13,0.00012009507338861759,0.0001091534493643,calm
2018-12-14,0.00010722190540466774,0.0001096802923251,calm
2018-12-17,0.00010393172129719635,0.0001512170086518,calm
2018-12-18,0.00012256921903580842,0.0001686396469448,calm
2018-12-19,0.00013892973316697387,0.0006539019029923,calm
2018-12-20,0.00025010416994929315,0.0004018814208597,calm
2018-12-21,0.00029369577756791827,0.0003524798741646,calm
2018-12-24,0.0003003308827372685,0.0002260503233298,calm
2018-12-26,0.000252212686277306,0.0004178136887276,calm
2018-12-27,0.0002977460929154429,0.0004643961519002,calm
2018-12-28,0.0003432718186922953,0.0002105675308974,calm
2018-12-31,0.00026855486466041304,0.0001258257144179,calm
2019-01-02,0.0001883955234249337,0.0001668253479766,calm
2019-01-03,0.00017758834850767932,0.0002587113321085,calm
2019-01-04,0.0002081701480763881,0.0001645285173802,calm
2019-01-07,0.00018886112325023767,8.030980974785394e-05,calm
2019-01-08,0.0001315923060408243,0.0001052644650267,calm
2019-01-09,0.00012095648720093628,7.801788473840017e-05,calm
2019-01-10,0.00010328279599265595,6.492440384048161e-05,calm
2019-01-11,8.794813548930451e-05,3.468394301253793e-05,calm
2019-01-14,6.279840356175407e-05,4.09595854650613e-05,calm
2019-01-15,5.5484624040935205e-05,5.340043197228902e-05,calm
2019-01-16,5.755060300920412e-05,2.770195188227369e-05,calm
2019-01-17,4.537395740890613e-05,5.893762478047133e-05,calm
2019-01-18,5.2290847545037166e-05,4.0144172880598936e-05,calm
2019-01-22,4.8542241032406826e-05,8.780514065108032e-05,calm
2019-01-23,6.273887651974388e-05,6.593254023523633e-05,calm
2019-01-24,6.40454810620094e-05,3.2706566708394006e-05,calm
2019-01-25,4.736373345650225e-05,2.250399193358918e-05,calm
2019-01-28,3.446397538943708e-05,6.213898471280582e-05,calm
2019-01-29,4.367713195397049e-05,3.662907017836939e-05,calm
2019-01-30,4.070179462761245e-05,7.509750023112143e-05,calm
2019-01-31,5.192973831151992e-05,4.1500860666368855e-05,calm
2019-02-01,4.6156565532614096e-05,4.199372771820832e-05,calm
2019-02-04,4.2741426518172875e-05,2.507437133470585e-05,calm
2019-02-05,3.320060356491084e-05,1.7727278297650365e-05,calm
2019-02-06,2.559086596688136e-05,2.102748338479428e-05,calm
2019-02-07,2.408355812288143e-05,6.599110406731149e-05,calm
2019-02-08,3.679575195327753e-05,3.2914284912599464e-05,calm
2019-02-11,3.5091335723424904e-05,2.553217394982135e-05,calm
2019-02-12,3.006948030808973e-05,2.0570622976763845e-05,calm
2019-02-13,2.539767010175282e-05,1.9755869959153703e-05,calm
2019-02-14,2.3131520149764473e-05,4.428795066043402e-05,calm
2019-02-15,3.0312630899690208e-05,2.071402405687916e-05,calm
2019-02-19,2.5943290997700883e-05,1.1950575613738447e-05,calm
2019-02-20,1.9384852433585805e-05,2.514542621268149e-05,calm
2019-02-21,2.201881257307923e-05,2.272265582400513e-05,calm
2019-02-22,2.2828156768245563e-05,1.4473439647915826e-05,calm
2019-02-25,1.9621683815026746e-05,1.5239956908093902e-05,calm
2019-02-26,1.8524803527352993e-05,2.644040039318712e-05,calm
2019-02-27,2.2006578388547078e-05,2.3039010436822018e-05,calm
2019-02-28,2.2797187236743564e-05,1.5511555138740784e-05,calm
2019-03-01,1.9887475023087178e-05,2.4135830431795576e-05,calm
2019-03-04,2.177593638459529e-05,5.940186593650029e-05,calm
2019-03-05,3.239151400360255e-05,2.4235784820175425e-05,calm
2019-03-06,2.771966117457522e-05,2.616778056911092e-05,calm
2019-03-07,2.5873077606778088e-05,4.802754343421124e-05,calm
2019-03-08,3.195878379246246e-05,5.227404082347487e-05,calm
2019-03-11,3.724972453187793e-05,1.896441892981445e-05,calm
2019-03-12,2.6462656856251908e-05,2.126787074109617e-05,calm
2019-03-13,2.3252401970513248e-05,1.7641207956350988e-05,calm
2019-03-14,2.0788660788904454e-05,1.3265116182026764e-05,calm
2019-03-15,1.8063316463712037e-05,1.7821691152403773e-05,calm
2019-03-18,1.8849596321466682e-05,1.7932445034055174e-05,calm
2019-03-19,1.9384564767705776e-05,4.908176167438477e-05,calm
2019-03-20,2.85778954062713e-05,6.297439459653093e-05,calm
2019-03-21,3.864060682130566e-05,2.6906450338502708e-05,calm
2019-03-22,3.167667701857851e-05,8.70143017837112e-05,calm
2019-03-25,4.4988597936611164e-05,7.523799956294942e-05,calm
2019-03-26,5.2087991909592485e-05,4.537807081026542e-05,calm
2019-03-27,4.4821938658824926e-05,5.563405669048456e-05,calm
2019-03-28,4.4652676716586e-05,2.7382233160932063e-05,calm
2019-03-29,3.367157761205372e-05,2.362094297605962e-05,calm
2019-04-01,2.772836479850302e-05,1.3105025409360363e-05,calm
2019-04-02,2.078011584975789e-05,1.686467840406591e-05,calm
2019-04-03,1.989263264017787e-05,1.975498008778704e-05,calm
2019-04-04,2.077063480483939e-05,9.35930464116955e-06,calm
2019-04-08,1.6599405801879385e-05,2.2462168515747017e-05,calm
2019-04-09,1.9776639622646408e-05,1.0028182177471996e-05,calm
2019-04-10,1.6512852925864194e-05,1.2515713436184244e-05,calm
2019-04-11,1.6168751743802216e-05,1.1817480991767444e-05,calm
2019-04-15,1.574664998322091e-05,1.0526727704282431e-05,calm
2019-04-16,1.4993292430510197e-05,1.730532931481047e-05,calm
2019-04-17,1.7155766653769756e-05,1.3117969424760523e-05,calm
2019-04-22,1.669193036219947e-05,1.3576240500851447e-05,calm
2019-04-23,1.657745103337528e-05,1.0800234974915144e-05,calm
2019-04-24,1.5334571663608218e-05,2.902328722285359e-05,calm
2019-04-25,2.0152542695898236e-05,1.547226773012098e-05,calm
2019-04-29,1.87355567921916e-05,1.7567096484939778e-05,calm
2019-04-30,1.8722984061623754e-05,3.397951059730998e-05,calm
2019-05-01,2.3555167440340673e-05,4.40206705474332e-05,calm
2019-05-02,2.9300909042079608e-05,1.2596988664457823e-05,calm
2019-05-06,2.0532336606060387e-05,0.0001032199177762,calm
2019-05-07,3.710588619952193e-05,4.7243118843934905e-05,calm
2019-05-08,3.8653789244194465e-05,0.0001004886189159,calm
2019-05-09,5.287223047268872e-05,0.0001064546189021,calm
2019-05-13,6.5060471952617e-05,5.259654062131538e-05,calm
2019-05-14,5.33758889095831e-05,5.082868843501586e-05,calm
2019-05-15,4.659907687253749e-05,2.945001272015039e-05,calm
2019-05-16,3.524305758635062e-05,5.314382901115532e-05,calm
2019-05-20,3.918862026624897e-05,1.7285222806834182e-05,calm
2019-05-21,2.7415016985503947e-05,1.9454712809871885e-05,calm
2019-05-22,2.3826823618852852e-05,6.036974802537541e-05,calm
2019-05-23,3.424248632692772e-05,2.786128815786744e-05,calm
2019-05-28,3.1344283234149564e-05,7.085343977751259e-05,calm
2019-05-29,4.241464664630716e-05,3.571958869288087e-05,calm
2019-05-30,3.813142795411586e-05,4.60766889648562e-05,calm
2019-06-03,3.912401252422346e-05,4.2782735705413526e-05,calm
2019-06-04,3.861725154477892e-05,4.040021247038711e-05,calm
2019-06-05,3.7444299457819465e-05,3.631495686227189e-05,calm
2019-06-06,3.5376382972154106e-05,3.423559994746755e-05,calm
2019-06-10,3.360132540547134e-05,3.490024249742831e-05,calm
2019-06-11,3.3039808192489284e-05,1.814033607684509e-05,calm
2019-06-12,2.554909747193199e-05,2.683158334355361e-05,calm
2019-06-13,2.5872928595936238e-05,1.912292301386122e-05,calm
2019-06-17,2.3211771964536876e-05,3.681001397393642e-05,calm
2019-06-18,2.794148420520807e-05,3.21078105099889e-05,calm
2019-06-19,2.9344171132820756e-05,2.714099091381327e-05,calm
2019-06-20,2.7860004280670972e-05,1.7202974350033096e-05,calm
2019-06-24,2.2734728506071155e-05,2.873537073500063e-05,calm
2019-06-25,2.4735311509119782e-05,2.102663760894733e-05,calm
2019-06-26,2.3260773775998737e-05,1.3104702028366556e-05,calm
2019-06-27,1.905746262366587e-05,9.943580798373684e-06,calm
2019-07-01,1.591537779249671e-05,2.3478002859429457e-05,calm
2019-07-02,1.944062501724318e-05,4.697047250172807e-06,calm
2019-07-08,1.310759542037336e-05,7.449747467573047e-06,calm
2019-07-09,1.2428712173786596e-05,2.07908372817478e-05,calm
2019-07-10,1.6600597404982566e-05,1.0046560624089676e-05,calm
2019-07-11,1.5189934834869491e-05,5.162526014713094e-06,calm
2019-07-15,1.1664588121957749e-05,1.1211932110585954e-05,calm
2019-07-16,1.3179136330302672e-05,1.48283459510587e-05,calm
2019-07-17,1.5303715780818913e-05,1.562226177776598e-05,calm
2019-07-18,1.66427958401469e-05,2.512128168713926e-05,calm
2019-07-22,2.0423719658626495e-05,1.4335776887564914e-05,calm
2019-07-23,1.8192896402528677e-05,8.753692128270211e-06,calm
2019-07-24,1.4516503033171788e-05,2.3172848952208548e-05,calm
2019-07-25,1.836906922845807e-05,6.093366842320574e-06,calm
2019-07-29,1.3160602180944941e-05,1.6922286142658608e-05,calm
2019-07-30,1.5773282194867943e-05,7.345354521941546e-05,calm
2019-07-31,2.9964888596675282e-05,0.0001996619929246,calm
2019-08-01,6.408760496668193e-05,7.497106558483183e-05,calm
2019-08-05,6.328485281215556e-05,0.0001019194984869,calm
2019-08-06,6.824729799409851e-05,0.0001796903412615,calm
2019-08-07,9.148345611831238e-05,3.606328170118972e-05,calm
2019-08-08,5.178787062116673e-05,7.883650088058323e-05,calm
2019-08-12,5.457139384932166e-05,0.000209593892745,calm
2019-08-13,9.075879373085149e-05,0.0001298435058053,calm
2019-08-14,9.992038014679774e-05,9.471466183743376e-05,calm
2019-08-15,8.966625990075804e-05,4.698525799930084e-05,calm
2019-08-19,6.145895190109119e-05,3.3853321842745626e-05,calm
2019-08-20,4.561487445809264e-05,1.3320721431842305e-05,calm
2019-08-21,2.7636343789423586e-05,5.1665225158630334e-05,calm
2019-08-22,3.652585916941708e-05,0.0002320061666315,calm
2019-08-26,8.100703163231628e-05,5.549093571483972e-05,calm
2019-08-27,7.052627296512883e-05,3.898577156381297e-05,calm
2019-08-28,5.2293873003349484e-05,4.2825722812424014e-05,calm
2019-08-29,4.600485557517606e-05,3.160548515500316e-05,calm
2019-09-03,3.8616352940821016e-05,1.265979841420094e-05,calm
2019-09-04,2.5021952360407424e-05,2.1469383850037155e-05,calm
2019-09-05,2.4443469837507566e-05,1.5298727793750398e-05,calm
2019-09-09,2.157673106723464e-05,3.925456486967616e-05,calm
2019-09-10,2.858372017974882e-05,1.512477472425608e-05,calm
2019-09-11,2.2897926837482316e-05,3.3003247142837e-05,calm
2019-09-12,2.697188204878189e-05,1.4888719088927452e-05,calm
2019-09-16,2.1643317640321997e-05,9.761804908782494e-06,calm
2019-09-17,1.6694991875584443e-05,3.53777220692871e-05,calm
2019-09-18,2.3350143919508382e-05,1.8225292847557523e-05,calm
2019-09-19,2.1695880380652004e-05,5.867431026768935e-05,calm
2019-09-23,3.2471556290118606e-05,9.25119932530509e-05,calm
2019-09-24,4.8864363913949334e-05,2.48411785245902e-05,calm
2019-09-25,3.4176184357615795e-05,3.918849310244307e-05,calm
2019-09-26,3.278243900027872e-05,7.109855488239981e-05,calm
2019-09-30,4.2575788954701786e-05,6.851338580875686e-05,calm
2019-10-01,4.860447005417239e-05,7.322633779958432e-05,calm
2019-10-02,5.3259044944899344e-05,0.0001380329002744,calm
2019-10-03,7.385145947682053e-05,2.448524410424813e-05,calm
2019-10-07,4.045416848635985e-05,7.098206703319046e-05,calm
2019-10-08,4.712835485238584e-05,3.792137388964542e-05,calm
2019-10-09,4.021694830246506e-05,5.043025019785123e-05,calm
2019-10-10,4.212692024889223e-05,4.9124116132029766e-05,calm
2019-10-14,4.327706980247646e-05,1.6589261558868172e-05,calm
2019-10-15,2.8172836299489777e-05,1.1188297457003333e-05,calm
2019-10-16,2.001213486873614e-05,1.7743857845377015e-05,calm
2019-10-17,2.007018206654038e-05,2.42083599446448e-05,calm
2019-10-21,2.2714448392384325e-05,1.500334463712479e-05,calm
2019-10-22,2.0211450190140558e-05,1.050792542613491e-05,calm
2019-10-23,1.680869405532173e-05,1.562835528695733e-05,calm
2019-10-24,1.7584058196283858e-05,1.3469011452015322e-05,calm
2019-10-28,1.7031482989708683e-05,1.1672254546816704e-05,calm
2019-10-29,1.5936058685899877e-05,1.2491225192943363e-05,calm
2019-10-30,1.5754947289027058e-05,1.7716750142129736e-05,calm
2019-10-31,1.7631512415977354e-05,3.3698428573605046e-05,calm
2019-11-01,2.32940169724566e-05,1.120081948751908e-05,calm
2019-11-04,1.7871346934804665e-05,9.065528063991875e-06,calm
2019-11-05,1.4747809842706905e-05,9.433773393333282e-06,calm
2019-11-06,1.3789954634514445e-05,1.3665168588464985e-05,calm
2019-11-07,1.5062701734671528e-05,2.082069122562048e-05,calm
2019-11-08,1.808302934089315e-05,1.1127480326848302e-05,calm
2019-11-11,1.591354758025246e-05,4.36836926766004e-06,calm
2019-11-12,1.1467741063066427e-05,1.1138476767106625e-05,calm
2019-11-13,1.2995396614006618e-05,1.554605482443375e-05,calm
2019-11-14,1.5291300337237796e-05,1.0173373597189418e-05,calm
2019-11-15,1.4371007740903938e-05,6.257428902307333e-06,calm
2019-11-19,1.211344856025208e-05,1.157928539843674e-05,calm
2019-11-20,1.3477488001778259e-05,2.81103598915551e-05,calm
2019-11-21,1.8985260397404243e-05,1.881411727324705e-05,calm
2019-11-22,1.9391458313229447e-05,9.504200555933884e-06,calm
2019-11-25,1.5429733788436925e-05,8.403049745545805e-06,calm
2019-11-26,1.3481067616887226e-05,5.838695723704584e-06,calm
2019-11-27,1.1558030582622767e-05,3.019774206215128e-06,calm
2019-11-29,9.310143942385508e-06,4.064683817858975e-06,calm
2019-12-02,9.134746435006376e-06,3.7741710520913023e-05,calm
2019-12-03,1.7195098892638023e-05,4.469570999547762e-05,calm
2019-12-04,2.6232419439242272e-05,1.3528832653276542e-05,calm
2019-12-05,1.994948675158388e-05,1.6677415594692022e-05,calm
2019-12-06,1.863610821809265e-05,9.877697503318428e-06,calm
2019-12-09,1.5139185527705043e-05,5.983517794197846e-06,calm
2019-12-10,1.1958073537136185e-05,2.0326764500337258e-05,calm
2019-12-11,1.6097339861365767e-05,8.389742371123895e-06,calm
2019-12-12,1.3770725030122897e-05,8.232112992746497e-05,calm
2019-12-13,2.9188345461453954e-05,4.513146124028768e-05,calm
2019-12-17,3.418561257641328e-05,5.536840746629056e-06,calm
2019-12-18,1.6183781209559157e-05,7.436259624046638e-06,calm
2019-12-19,1.2930978945031154e-05,7.715559911999179e-06,calm
2019-12-20,1.2155562766674466e-05,4.71074751314502e-06,calm
2019-12-23,1.0399026297610121e-05,2.007677535947584e-06,calm
2019-12-24,8.037430724613648e-06,1.9708074661030005e-06,calm
2019-12-26,7.238057716979946e-06,4.043394394638682e-06,calm
2019-12-27,8.041231285509228e-06,8.048738726933601e-06,calm
2019-12-30,1.0063873863948798e-05,2.1934431884034832e-05,calm
2019-12-31,1.5363552151818694e-05,1.0054046099627608e-05,calm
2020-01-02,1.4272907325291737e-05,1.535818321197111e-05,calm
2020-01-03,1.585785797390037e-05,3.3386040996003455e-05,calm
2020-01-06,2.2083652610956522e-05,1.058169510038822e-05,calm
2020-01-07,1.628015502469321e-05,1.1886631103644898e-05,calm
2020-01-08,1.4867672915570732e-05,2.449472595551089e-05,calm
2020-01-09,1.8846827770415393e-05,1.3731123346031617e-05,calm
2020-01-10,1.6896187857437087e-05,1.6046829718827466e-05,calm
2020-01-13,1.7000580996936637e-05,5.598573977966467e-06,calm
2020-01-14,1.1936547889301674e-05,1.5127789592750574e-05,calm
2020-01-15,1.4389174064860274e-05,1.642960405588678e-05,calm
2020-01-16,1.6222470174799764e-05,6.989138860954526e-06,calm
2020-01-17,1.2662920229326844e-05,9.291305794310842e-06,calm
2020-01-21,1.254245788768524e-05,1.164060212347313e-05,calm
2020-01-22,1.352783049252671e-05,1.239969823598987e-05,calm
2020-01-23,1.4292696765145075e-05,2.466492060737853e-05,calm
2020-01-24,1.882710138739737e-05,5.4148092680642136e-05,calm
2020-01-27,2.9296479059265085e-05,4.1737160258468405e-05,calm
2020-01-28,3.230521126222387e-05,2.048911048328732e-05,calm
2020-01-29,2.448626775952347e-05,2.553788729134618e-05,calm
2020-01-30,2.3392632187631843e-05,5.302696331151869e-05,calm
2020-01-31,3.150812078407381e-05,8.601276283564497e-05,calm
2020-02-03,4.552864531876792e-05,4.467513656114683e-05,calm
2020-02-04,4.085458676441979e-05,2.093786397039005e-05,calm
2020-02-05,2.73242714297526e-05,2.6018154605913545e-05,calm
2020-02-06,2.4172000942473823e-05,1.9401847633628207e-05,calm
2020-02-07,2.1210659216358945e-05,2.7983350362091603e-05,calm
2020-02-10,2.3336857935479788e-05,1.7929805366934333e-05,calm
2020-02-11,2.0621429304707053e-05,2.318419979871149e-05,calm
2020-02-12,2.1473494353250714e-05,1.428973783804798e-05,calm
2020-02-13,1.8216527438948643e-05,2.513147753343672e-05,calm
2020-02-14,2.094935928724623e-05,1.3083251827235844e-05,calm
2020-02-18,1.7463523087472875e-05,2.3007081384388515e-05,calm
2020-02-19,1.980176997429752e-05,6.098339421629991e-06,calm
2020-02-20,1.3119587237007455e-05,8.94488999226194e-05,covid_2020
2020-02-21,2.9449106266470265e-05,5.549565573167341e-05,covid_2020
2020-02-24,3.720673176887094e-05,0.0001187294660305,covid_2020
2020-02-25,5.7026176865478507e-05,0.0002460975593633,covid_2020
2020-02-26,9.719320828556488e-05,0.0002759633387767,covid_2020
2020-02-27,0.00013508165275969604,0.0007192585684411,covid_2020
2020-02-28,0.00023589239155361115,0.0014046653125629,covid_2020
2020-03-02,0.00041068515821984845,0.0006274042690806,covid_2020
2020-03-03,0.00042737435355983696,0.0018438945507696,covid_2020
2020-03-04,0.000649443260765056,0.0002672030443305,covid_2020
2020-03-05,0.00040508395032635,0.0003660614597655,covid_2020
2020-03-06,0.0003635355438635607,0.0005555304534498,covid_2020
2020-03-09,0.00044886023864099844,0.0023004465149658,covid_2020
2020-03-10,0.0008533533166946909,0.0010931449720194,covid_2020
2020-03-11,0.0008240959250942918,0.0005231715342311,covid_2020
2020-03-12,0.0006258017065067386,0.0041530389114315,covid_2020
2020-03-13,0.0012547103357807424,0.0026286393307086,covid_2020
2020-03-16,0.0013766028573968514,0.0041210577284822,covid_2020
2020-03-17,0.0016963193649535782,0.0022720311368001,covid_2020
2020-03-18,0.0015347323069268167,0.0024878011455451,covid_2020
2020-03-19,0.001578460194605154,0.0020876651794065,covid_2020
2020-03-20,0.001518154169583448,0.0015386572469939,covid_2020
2020-03-23,0.0013681690003913504,0.0028603795571004,covid_2020
2020-03-24,0.0016315425101432334,0.0009238718839428,covid_2020
2020-03-25,0.0011712546360893457,0.0013243062082831,covid_2020
2020-03-26,0.0012031947592228062,0.0010927357746016,covid_2020
2020-03-27,0.0011161441493625398,0.000569896235157,covid_2020
2020-03-30,0.0008444710041425691,0.000402790363323,covid_2020
2020-03-31,0.0006510714600836958,0.000322112363326,covid_2020
2020-04-01,0.0005186071552835422,0.0007577293880755,covid_2020
2020-04-02,0.0006618263631296341,0.0003636440526063,covid_2020
2020-04-06,0.0005163185101043357,0.0006460316642928,covid_2020
2020-04-07,0.0005943702450654568,0.0002220915863307,covid_2020
2020-04-08,0.0003609818395306203,0.0003547630217978,covid_2020
2020-04-13,0.00036389514883414356,0.0001609695003167,covid_2020
2020-04-14,0.0002507384477668614,0.0002034095116318,covid_2020
2020-04-15,0.00023392757876567128,0.0001853909716879,covid_2020
2020-04-16,0.00021501269527371853,0.0001371431897698,covid_2020
2020-04-20,0.00018017299935861302,0.0002807114859611,covid_2020
2020-04-21,0.000218385843846146,8.385459838723181e-05,covid_2020
2020-04-22,0.00014630388763043283,0.000193835085873,covid_2020
2020-04-23,0.00016504153648916686,8.825351969463739e-05,covid_2020
2020-04-27,0.00012969060042685,0.0001483098777894,covid_2020
2020-04-28,0.00013782942200205834,6.874891170214791e-05,covid_2020
2020-04-29,0.00010749869100047133,0.0001640663526379,covid_2020
2020-04-30,0.00012638056501826332,0.0001383846130357,covid_2020
2020-05-04,0.0001309647213935491,8.737595325859279e-05,calm
2020-05-05,0.00011191902581500834,0.0001076282426851,calm
2020-05-06,0.00010937142670049713,6.928241516691661e-05,calm
2020-05-07,9.217737959429549e-05,3.493052321055395e-05,calm
2020-05-11,6.521871308859926e-05,9.254978884272516e-05,calm
2020-05-12,7.572599406577433e-05,0.0003055976336489,calm
2020-05-13,0.00012541686822294487,0.0002527474932341,calm
2020-05-14,0.0001623483490634054,0.0001538720151598,calm
2020-05-18,0.0001557240826993661,0.0001374663711738,calm
2020-05-19,0.00013987515711096784,5.184289561160323e-05,calm
2020-05-20,8.652707251144384e-05,9.945151668623746e-05,calm
2020-05-21,9.175030723729289e-05,4.7964911100726e-05,calm
2020-05-26,7.042555145852918e-05,0.0001311293840419,calm
2020-05-27,9.289888714646969e-05,0.0001039860134638,calm
2020-05-28,9.80951124354287e-05,0.0002140245318283,calm
2020-06-01,0.00013356195443151814,4.463974143317444e-05,calm
2020-06-02,8.118522554764373e-05,3.364267192512235e-05,calm
2020-06-03,5.592873864668454e-05,6.588658726446698e-05,calm
2020-06-04,6.163594836662445e-05,7.772121236108856e-05,calm
2020-06-08,6.966724110189374e-05,7.12606002799758e-05,calm
2020-06-09,7.152308386185775e-05,0.0001652964900332,calm
2020-06-10,0.00010085082543480293,0.0002947131631139,calm
2020-06-11,0.00015300371486886923,0.0005370909293607,calm
2020-06-15,0.00024330259701540563,0.0002984500404081,calm
2020-06-16,0.00024784314163866003,7.836506060326633e-05,calm
2020-06-17,0.00013094612332167482,7.435351620084829e-05,calm
2020-06-18,9.615401458122418e-05,0.0001845770727339,calm
2020-06-22,0.00012832649614991315,4.4991544069681983e-05,calm
2020-06-23,7.980659991519178e-05,0.0002325984131621,calm
2020-06-24,0.00012955340900966256,0.0001585836317816,calm
2020-06-25,0.00014156584912953038,0.0001417447775985,calm
2020-06-29,0.0001379931056288191,8.134269074861536e-05,calm
2020-06-30,0.0001055433714204488,7.674504157836615e-05,calm
2020-07-01,9.123668003309396e-05,8.369163388353996e-05,calm
2020-07-06,8.914055966792824e-05,4.932219573738567e-05,calm
2020-07-07,7.124858570728343e-05,7.271051668497684e-05,calm
2020-07-08,7.38995197175784e-05,0.0001494709682402,calm
2020-07-09,9.818721265566978e-05,8.041823046969235e-05,calm
2020-07-13,9.088904944672569e-05,0.0001980537305065,calm
2020-07-14,0.00012036318954807622,0.0001199937970587,calm
2020-07-15,0.0001176227097162623,5.575018662711132e-05,calm
2020-07-16,8.386988684588672e-05,2.6277162066045865e-05,calm
2020-07-20,5.224788588074013e-05,4.4821792799947744e-05,calm
2020-07-21,5.043198947087971e-05,4.1505151037387936e-05,calm
2020-07-22,4.818319155238622e-05,8.210175761997506e-05,calm
2020-07-23,6.067095268756983e-05,7.721705295737938e-05,calm
2020-07-27,6.745659387178634e-05,3.3596936451612125e-05,calm
2020-07-28,5.0859513067553594e-05,3.421152762239013e-05,calm
2020-07-29,4.36637670121635e-05,6.627927925200805e-05,calm
2020-07-30,5.1726973517426956e-05,9.382567842813984e-05,calm
2020-08-03,6.533751297564201e-05,2.6884913484115697e-05,calm
2020-08-04,4.4032440820518625e-05,1.7879698955358604e-05,calm
2020-08-05,3.0387303085821417e-05,2.5601158178138605e-05,calm
2020-08-06,2.9044136335402347e-05,5.11789850149717e-05,calm
2020-08-10,3.743961124053214e-05,9.28155914461042e-05,calm
2020-08-11,5.483379922430133e-05,3.104410760916782e-05,calm
2020-08-12,4.1871672465494564e-05,2.653068523521795e-05,calm
2020-08-13,3.356705229345322e-05,3.3362828740994555e-05,calm
2020-08-17,3.310113781698745e-05,3.304154236360309e-05,calm
2020-08-18,3.285164665745462e-05,3.01152784299246e-05,calm
2020-08-19,3.151132779300626e-05,1.8073576814746308e-05,calm
2020-08-20,2.5014647555007386e-05,1.947432694048474e-05,calm
2020-08-24,2.299004056758802e-05,1.892561379013808e-05,calm
2020-08-25,2.1858225254631665e-05,2.6796579095160505e-05,calm
2020-08-26,2.4457201890972347e-05,6.753630536552151e-05,calm
2020-08-27,3.795377916376127e-05,1.9898177493274488e-05,calm
2020-08-31,2.7732434540640102e-05,3.0289108801083148e-05,calm
2020-09-01,2.806395597162128e-05,4.5848321394645935e-05,calm
2020-09-02,3.387745120331298e-05,0.0004466029072313,calm
2020-09-03,9.728820538865328e-05,0.000528240843047,calm
2020-09-08,0.00019028583513972902,0.0001127965403919,calm
2020-09-09,0.00013155295708402177,0.0002773562290203,calm
2020-09-10,0.0001690749240145728,0.0001683476469891,calm
2020-09-14,0.00014646418658535514,3.774104373707017e-05,calm
2020-09-15,5.831245482060882e-05,6.615314657930894e-05,calm
2020-09-16,5.601715445817497e-05,0.0001323579293337,calm
2020-09-17,8.371627317025425e-05,0.0001084947778282,calm
2020-09-21,9.09895982906025e-05,7.781766951524045e-05,calm
2020-09-22,7.886370976216364e-05,0.0001227565539986,calm
2020-09-23,9.273053997681958e-05,0.000215304301445,calm
2020-09-24,0.00013028693934140904,0.000116855330636,calm
2020-09-28,0.00011632463629498424,5.258906684972024e-05,calm
2020-09-29,7.551714552671038e-05,0.0001278650723093,calm
2020-09-30,9.251821294275091e-05,7.328048082412484e-05,calm
2020-10-01,8.194936124259798e-05,0.0001521186295056,calm
2020-10-05,0.00010298017277375125,0.0001955387974632,calm
2020-10-06,0.0001288344990034523,5.389300812629073e-05,calm
2020-10-07,8.545946800600715e-05,3.276271837389301e-05,calm
2020-10-08,5.700164148628128e-05,2.951109904686509e-05,calm
2020-10-12,4.556100508529711e-05,5.9492758892514347e-05,calm
2020-10-13,5.2186267877634007e-05,6.66838247228369e-05,calm
2020-10-14,5.8373365683231815e-05,4.951877239479944e-05,calm
2020-10-15,5.6045798887849526e-05,4.080771314167797e-05,calm
2020-10-19,5.0153346963384265e-05,0.0001051543808722,calm
2020-10-20,6.651051665218578e-05,9.11667588006882e-05,calm
2020-10-21,7.44175083257076e-05,7.433695800916833e-05,calm
2020-10-22,7.251425479367798e-05,3.423347638373936e-05,calm
2020-10-26,5.1697497710523135e-05,0.000113579209334,calm
2020-10-27,6.942062673597136e-05,5.834479742963298e-05,calm
2020-10-28,6.295356823316203e-05,0.000199862617533,calm
2020-10-29,9.758403576214554e-05,0.0001575475974957,calm
2020-10-30,0.00011513495877195451,0.000276284215114,calm
2020-11-02,0.00015942731207324796,0.0001164584430833,calm
2020-11-03,0.0001275343432102823,0.0001214116055037,calm
2020-11-04,0.00011516074124778372,0.0001932086072511,calm
2020-11-05,0.00013892108447147167,9.501223434864e-05,calm
2020-11-06,0.00010813739893095444,9.121390432811506e-05,calm
2020-11-09,9.466743162438555e-05,0.0004320155270632,calm
2020-11-10,0.00018077915234015706,0.0001549841328875,calm
2020-11-11,0.00015999131469375416,3.786906653055408e-05,calm
2020-11-12,7.621077855318066e-05,7.361330166928761e-05,calm
2020-11-13,7.545357781054495e-05,3.6868267692669375e-05,calm
2020-11-16,5.7389019857236395e-05,5.333698852319379e-05,calm
2020-11-17,5.9382672159645456e-05,3.3117367086166546e-05,calm
2020-11-18,5.027523891419554e-05,4.767741618286679e-05,calm
2020-11-19,5.188904683931161e-05,5.642310539963253e-05,calm
2020-11-20,5.559257722368914e-05,3.234469279722991e-05,calm
2020-11-23,4.711287822973882e-05,6.286200687800076e-05,calm
2020-11-24,5.377613899916749e-05,2.457678750802176e-05,calm
2020-11-25,4.135128503590374e-05,2.8004950183136943e-05,calm
2020-11-27,3.706919636489895e-05,7.581074244517271e-06,calm
2020-11-30,2.283581590375944e-05,5.343974496026069e-05,calm
2020-12-01,3.3110115477572525e-05,4.127460278256987e-05,calm
2020-12-02,3.755866967496891e-05,2.493315076782388e-05,calm
2020-12-03,3.276758011276482e-05,4.2798466233126216e-05,calm
2020-12-04,3.732312693893442e-05,1.8511557198377515e-05,calm
2020-12-07,2.8557308906096965e-05,1.9960211592068304e-05,calm
2020-12-08,2.5598271595200063e-05,1.3653434745004585e-05,calm
2020-12-09,2.1057672633574265e-05,6.158723625032016e-05,calm
2020-12-10,3.436187727719124e-05,6.562439560071342e-05,calm
2020-12-11,4.5635291570980934e-05,3.770830016888652e-05,calm
2020-12-14,4.0736612907911386e-05,5.6914554800908086e-05,calm
2020-12-15,4.566592176924281e-05,2.850646918856208e-05,calm
2020-12-16,3.5250651044254473e-05,2.120788738551952e-05,calm
2020-12-17,2.7539273747794806e-05,2.116312941424712e-05,calm
2020-12-18,2.5006046828916268e-05,4.316586998019164e-05,calm
2020-12-21,3.254644770688782e-05,7.790965549313342e-05,calm
2020-12-22,4.784139382196189e-05,3.933241809328295e-05,calm
2020-12-23,4.228811949568174e-05,1.743131764438956e-05,calm
2020-12-24,2.769991144465881e-05,9.839720837014678e-06,calm
2020-12-28,1.86369284626031e-05,7.82628644780017e-06,calm
2020-12-29,1.4691616032802373e-05,3.674875007292851e-05,calm
2020-12-30,2.3768692553041574e-05,1.1019308568722036e-05,calm
2020-12-31,1.82118043945091e-05,1.3464711619847874e-05,calm
2021-01-04,1.750714545674465e-05,0.0001273337648734,calm
2021-01-05,4.4261508325879736e-05,6.671771375198702e-05,calm
2021-01-06,5.243359380944749e-05,0.0001242172929139,calm
2021-01-07,7.3846358875335e-05,4.871737383758866e-05,calm
2021-01-08,5.4253243269462406e-05,6.204511019819588e-05,calm
2021-01-12,5.192442583043464e-05,3.8356666615701024e-05,calm
2021-01-13,4.0890249400654964e-05,2.450362713147212e-05,calm
2021-01-14,3.037487894529684e-05,2.194863762386764e-05,calm
2021-01-15,2.6059641907781323e-05,6.94226766049533e-05,calm
2021-01-19,4.074187664514342e-05,3.131134609776751e-05,calm
2021-01-20,3.5641340729771315e-05,2.19571072044416e-05,calm
2021-01-21,2.8240316058061122e-05,1.5656938951223573e-05,calm
2021-01-22,2.2460857702045812e-05,2.277641912651425e-05,calm
2021-01-25,2.3831436104474994e-05,0.0001212226931331,calm
2021-01-26,4.9799835529878184e-05,2.679437922883485e-05,calm
2021-01-27,3.647514221143364e-05,0.0002566317241467,calm
2021-01-28,8.351383685095604e-05,0.0001463661787123,calm
2021-01-29,0.00010145904316928946,0.0002565847765521,calm
2021-02-01,0.00014307236027562498,0.0001012262665154,calm
2021-02-02,0.00010809634386646787,7.661875489384855e-05,calm
2021-02-03,8.055685180965975e-05,3.357182634761036e-05,calm
2021-02-04,4.743489149060879e-05,2.0252677563845744e-05,calm
2021-02-05,3.119397913583298e-05,2.2534807840900018e-05,calm
2021-02-08,2.7931636720704147e-05,2.231851562198731e-05,calm
2021-02-09,2.6962761301541526e-05,9.386921404520109e-06,calm
2021-02-10,1.920590357504917e-05,7.793511118171113e-05,calm
2021-02-11,3.706579323653752e-05,4.2971804578401895e-05,calm
2021-02-12,4.061687799503876e-05,1.4517692680906511e-05,calm
2021-02-16,2.666198954132997e-05,4.223490701608808e-05,calm
2021-02-17,3.3617291335277375e-05,4.005374372390875e-05,calm
2021-02-18,3.677138229207494e-05,4.36045928684429e-05,calm
2021-02-19,3.958383182871286e-05,2.815635554290462e-05,calm
2021-02-22,3.4884680264920295e-05,3.537893749466648e-05,calm
2021-02-23,3.557211527448803e-05,0.0001450558358643,calm
2021-02-24,6.430950202090587e-05,5.0005018163275e-05,calm
2021-02-25,5.5701485626953e-05,0.0001364867376194,calm
2021-02-26,7.795152844483508e-05,0.0002771715538038,calm
2021-03-01,0.00012532812983958918,8.495049204576004e-05,calm
2021-03-02,9.60107077652558e-05,7.249876334360952e-05,calm
2021-03-03,7.592176272762717e-05,0.0001213788792926,calm
2021-03-04,8.704222174315323e-05,0.0003855135354915,calm
2021-03-05,0.00015700040189964634,0.0002434694285022,calm
2021-03-08,0.00017843821919242777,0.000161324435454,calm
2021-03-09,0.0001558195581947954,5.5586375225240906e-05,calm
2021-03-10,8.709230649456027e-05,8.607038656934875e-05,calm
2021-03-11,8.30332932833875e-05,3.928187647642177e-05,calm
2021-03-12,5.9074748360246694e-05,2.8735499481851003e-05,calm
2021-03-15,4.526250028161355e-05,2.6072173439860388e-05,calm
2021-03-16,3.875855126919476e-05,2.127820688789947e-05,calm
2021-03-17,3.347148543362627e-05,6.558327021615637e-05,calm
2021-03-18,4.72652286371059e-05,5.473245559052156e-05,calm
2021-03-19,5.2553436965329564e-05,6.89737091433628e-05,calm
2021-03-22,5.977859611037917e-05,1.5048698914522186e-05,calm
2021-03-23,3.504643353811298e-05,3.914827415340234e-05,calm
2021-03-24,3.8018829261912164e-05,6.672759023927827e-05,calm
2021-03-25,4.8844707794176136e-05,0.0001013250281365,calm
2021-03-26,6.564120088524793e-05,8.356303612791502e-05,calm
2021-03-29,7.06582430543075e-05,3.394869749018731e-05,calm
2021-03-30,4.93071713989545e-05,1.5010896224353178e-05,calm
2021-03-31,2.974245897522019e-05,1.5474190687546738e-05,calm
2021-04-05,2.4160489013131914e-05,1.31856516217403e-05,calm
2021-04-06,2.0818365091123054e-05,1.3969931704806398e-05,calm
2021-04-07,1.9718555922190226e-05,8.0506303485583e-06,calm
2021-04-08,1.5600310120995222e-05,9.896455462448367e-06,calm
2021-04-12,1.488628716162555e-05,7.229899053097587e-06,calm
2021-04-13,1.2771493567876121e-05,3.272274702008801e-05,calm
2021-04-14,2.2024928901503606e-05,2.278113269288076e-05,calm
2021-04-15,2.3468592619903223e-05,1.3104330745515952e-05,calm
2021-04-19,1.85512998226251e-05,3.552342675883333e-05,calm
2021-04-20,2.6633579928287023e-05,1.778850598586463e-05,calm
2021-04-21,2.2082454459620953e-05,8.074495764386004e-05,calm
2021-04-22,4.185516227709936e-05,1.803288386582267e-05,calm
2021-04-26,2.6313591712351748e-05,1.5143302912074993e-05,calm
2021-04-27,2.0149183424067723e-05,1.894435645249391e-05,calm
2021-04-28,2.006955216989665e-05,3.0026113656434087e-05,calm
2021-04-29,2.536661041920821e-05,2.927537705067475e-05,calm
2021-05-03,2.7381337283556784e-05,5.972814604774194e-05,calm
2021-05-04,4.0381996177799205e-05,2.350048282313268e-05,calm
2021-05-05,2.8895629110895096e-05,5.821577077843215e-05,calm
2021-05-06,4.0293674481678315e-05,2.4929876179163583e-05,calm
2021-05-10,2.9622533341266674e-05,0.0001355145540832,calm
2021-05-11,6.151978733485994e-05,7.275191543804649e-05,calm
2021-05-12,6.140320180192898e-05,0.000117362887941,calm
2021-05-13,7.717318171623151e-05,3.836346257473453e-05,calm
2021-05-17,4.7293102242950207e-05,3.745603462585221e-05,calm
2021-05-18,3.8485277045159934e-05,0.0001357784103004,calm
2021-05-19,6.666346726351695e-05,3.095313898108256e-05,calm
2021-05-20,4.308389667486618e-05,4.2740135400671605e-05,calm
2021-05-24,4.1176332146509597e-05,2.1061782466102745e-05,calm
2021-05-25,3.012969961700652e-05,1.1854273288280844e-05,calm
2021-05-26,2.1504982525373696e-05,1.0479052213237546e-05,calm
2021-05-27,1.7814256437775466e-05,7.587755545834326e-06,calm
2021-06-01,1.459071633692283e-05,1.14500425911897e-05,calm
2021-06-02,1.5118122613445205e-05,3.351225358868178e-05,calm
2021-06-03,2.3810874749794305e-05,9.216553542173696e-06,calm
2021-06-07,1.6594768353835462e-05,1.627455596826424e-05,calm
2021-06-08,1.8155170305205913e-05,5.232172368265843e-06,calm
2021-06-09,1.1750310903473947e-05,2.620038893883176e-05,calm
2021-06-10,1.922256187147511e-05,7.178118703655237e-06,calm
2021-06-14,1.2904452642777298e-05,1.051745512674122e-05,calm
2021-06-15,1.3213968842363863e-05,6.896946573777087e-05,calm
2021-06-16,3.177023159900293e-05,4.69630722351972e-05,calm
2021-06-17,3.759719551677165e-05,7.463480353050188e-05,calm
2021-06-21,5.082518478414207e-05,9.122564671395817e-06,calm
2021-06-22,1.913545013708453e-05,1.2620145856199508e-05,calm
2021-06-23,1.594418598224126e-05,9.807920809531591e-06,calm
2021-06-24,1.3532710272133328e-05,2.7895689994746843e-06,calm
2021-06-28,7.909825906506622e-06,6.323526792163192e-06,calm
2021-06-29,8.852983502501093e-06,5.897339698229372e-06,calm
2021-06-30,8.61605982001693e-06,7.793323739258101e-06,calm
2021-07-01,9.487618975018068e-06,5.008962042957298e-06,calm
2021-07-06,7.936805723991481e-06,2.824526965725836e-05,calm
2021-07-07,1.6793621609866956e-05,7.543406172627109e-05,calm
2021-07-08,3.563466183603461e-05,1.768033135022103e-05,calm
2021-07-12,2.177961472578645e-05,1.9218362912371888e-05,calm
2021-07-13,1.932951784409244e-05,2.5630436498269584e-05,calm
2021-07-14,2.2203184366014464e-05,3.599091085712917e-05,calm
2021-07-15,2.7979526262216914e-05,2.621008734990812e-05,calm
2021-07-19,2.5566932010032856e-05,4.222713248957708e-05,calm
2021-07-20,3.262406530854632e-05,1.6909519016854468e-05,calm
2021-07-21,2.1592331347302758e-05,1.3855226070480944e-05,calm
2021-07-22,1.7550618529242357e-05,1.180443330961232e-05,calm
2021-07-26,1.5276091388001117e-05,4.803011944600596e-05,calm
2021-07-27,2.948465385631627e-05,2.876437227429487e-05,calm
2021-07-28,2.8004672835000095e-05,1.8603205633705564e-05,calm
2021-07-29,2.223636206850997e-05,2.037206668632396e-05,calm
2021-08-02,2.186816053771236e-05,3.441473999584544e-05,calm
2021-08-03,2.833026098293425e-05,1.244755385138402e-05,calm
2021-08-04,1.870776400804745e-05,5.946261783787432e-06,calm
2021-08-05,1.2337499812425528e-05,1.3327408153973269e-05,calm
2021-08-09,1.4907484752903177e-05,1.0870064418366274e-05,calm
2021-08-10,1.4224741636391202e-05,7.186790105153241e-06,calm
2021-08-11,1.1766240871116807e-05,5.583176283897592e-06,calm
2021-08-12,9.910938547576401e-06,5.783550911054716e-06,calm
2021-08-16,9.257078588212826e-06,4.496535365965476e-05,calm
2021-08-17,2.2480313475876474e-05,4.175928525180641e-05,calm
2021-08-18,2.9996775575633578e-05,6.119747550277308e-05,calm
2021-08-19,4.125659197374848e-05,1.8715490756372084e-05,calm
2021-08-23,2.4539522372802593e-05,3.4238325620368543e-06,calm
2021-08-24,9.667694437028685e-06,4.907262240534328e-06,calm
2021-08-25,8.580992281472998e-06,1.7819744547097922e-05,calm
2021-08-26,1.3986695318503695e-05,1.462399819553436e-05,calm
2021-08-30,1.4845827957993501e-05,1.249158346120711e-05,calm
2021-08-31,1.4113711152448468e-05,7.445936817510287e-06,calm
2021-09-01,1.0874171148174349e-05,1.041578564362436e-05,calm
2021-09-02,1.1702300274427997e-05,9.429934699667262e-06,calm
2021-09-07,1.1227216685662876e-05,2.7754048469058288e-05,calm
2021-09-08,1.8790321829484863e-05,2.5512264983936844e-05,calm
2021-09-09,2.1111092964384568e-05,2.984539695826889e-05,calm
2021-09-13,2.4013930468243126e-05,2.936837230010387e-05,calm
2021-09-14,2.5042562761339755e-05,3.440444206909714e-05,calm
2021-09-15,2.793926880805659e-05,3.576426779713838e-05,calm
2021-09-16,2.977255488069589e-05,3.98332233839064e-05,calm
2021-09-20,3.2506366976541206e-05,9.497098104243789e-05,calm
2021-09-21,5.3441765482310235e-05,6.653195055357099e-05,calm
2021-09-22,5.369747259721451e-05,3.401142864376917e-05,calm
2021-09-23,3.717363211656788e-05,2.92981957461834e-05,calm
2021-09-27,3.0049670191080464e-05,7.687528105732677e-05,calm
2021-09-28,4.733201590552468e-05,5.238021047540545e-05,calm
2021-09-29,4.571130806164825e-05,0.0001037008829827,calm
2021-09-30,6.473412822923422e-05,8.300900361269278e-05,calm
2021-10-04,6.61281271787034e-05,4.057487699541446e-05,calm
2021-10-05,4.608410078186904e-05,0.0001116803593763,calm
2021-10-06,6.573934019382117e-05,5.594094025261698e-05,calm
2021-10-07,5.5663501759616e-05,2.907100761954048e-05,calm
2021-10-11,3.864897740855884e-05,5.239317929079183e-05,calm
2021-10-12,4.378748831881324e-05,5.051804733168037e-05,calm
2021-10-13,4.6155058784960834e-05,2.947472552035289e-05,calm
2021-10-14,3.7994382046840306e-05,2.004762057197119e-05,calm
2021-10-18,2.9866442473370543e-05,1.2801420313121508e-05,calm
2021-10-19,2.2803994938383303e-05,1.2238511383906043e-05,calm
2021-10-20,1.9743036176643994e-05,9.856512100608924e-06,calm
2021-10-21,1.6938738150922174e-05,3.0300152656377063e-05,calm
2021-10-25,2.3849844761894285e-05,2.7593013685281537e-05,calm
2021-10-26,2.686650191851041e-05,2.654297796745142e-05,calm
2021-10-27,2.7764599058875494e-05,2.278323813316448e-05,calm
2021-10-28,2.6115067917220062e-05,1.4625002329309056e-05,calm
2021-11-01,2.095665633669047e-05,2.458513744922353e-05,calm
2021-11-02,2.3837804279080505e-05,1.2510730400070851e-05,calm
2021-11-03,1.8943020030042215e-05,2.185986073340245e-05,calm
2021-11-04,2.1751490948435018e-05,1.895854447931373e-05,calm
2021-11-05,2.1463842651951445e-05,3.077542709606228e-05,calm
2021-11-08,2.6603281094288236e-05,2.046133425190469e-05,calm
2021-11-09,2.3800106333864337e-05,3.5250181659345806e-05,calm
2021-11-10,2.9530333934477516e-05,3.176647257945738e-05,calm
2021-11-11,3.041077016398008e-05,9.926129057536772e-06,calm
2021-11-12,1.7796132938632413e-05,1.6059783504241175e-05,calm
2021-11-15,1.8355698435980623e-05,1.9541266031902844e-05,calm
2021-11-16,2.011910595023478e-05,1.3969252326911067e-05,calm
2021-11-17,1.78056616031599e-05,1.580140785991509e-05,calm
2021-11-18,1.8082459368458224e-05,2.252383089733889e-05,calm
2021-11-19,2.1399148123893843e-05,2.220702723992191e-05,calm
2021-11-22,2.2573695654836953e-05,4.320479314552695e-05,calm
2021-11-23,3.198378993279973e-05,6.500523587141369e-05,calm
2021-11-24,4.498521871609424e-05,3.1077735396366924e-05,calm
2021-11-26,3.506538681630825e-05,0.0001077826983346,calm
2021-11-29,5.939074197001596e-05,3.687379906458531e-05,calm
2021-11-30,4.222186667052771e-05,0.0001164925085963,calm
2021-12-01,6.583675480524803e-05,0.0001631100920523,calm
2021-12-02,9.45350959269947e-05,0.0001761627034999,calm
2021-12-03,0.00011512769138960437,0.0002175857690352,calm
2021-12-06,0.00013857152096549127,8.734356911643506e-05,calm
2021-12-07,9.075900277476671e-05,4.882219931894198e-05,calm
2021-12-08,5.5438886813583295e-05,2.910529442435925e-05,calm
2021-12-09,3.596437179160456e-05,2.5094287329516195e-05,calm
2021-12-10,2.9785800020940835e-05,4.448454591221564e-05,calm
2021-12-13,3.712343943375881e-05,3.530757623014814e-05,calm
2021-12-14,3.705533582854807e-05,4.806361223400596e-05,calm
2021-12-15,4.2860952801674384e-05,0.0001095772878333,calm
2021-12-16,6.538821358811369e-05,8.993419385790401e-05,calm
2021-12-17,7.306973608557909e-05,0.0001573270026768,calm
2021-12-20,9.781396921448378e-05,0.0001159166597093,calm
2021-12-21,9.878805157090612e-05,6.129127098743919e-05,calm
2021-12-22,7.284976746550821e-05,2.206827429717416e-05,calm
2021-12-23,4.0139163554909934e-05,2.347591962240604e-05,calm
2021-12-27,3.234788687517586e-05,1.7890394679107298e-05,calm
2021-12-28,2.6840382568739644e-05,3.0328017214922435e-05,calm
2021-12-29,3.0318963846209226e-05,1.8252761495829176e-05,calm
2021-12-30,2.629594525341704e-05,1.4736215753472094e-05,calm
2021-12-31,2.264433291051616e-05,2.799027080906818e-05,calm
2022-01-03,2.664576928983197e-05,5.461787824359261e-05,calm
2022-01-04,3.863999536398001e-05,3.141185057999625e-05,calm
2022-01-05,3.5650320132744315e-05,4.61835543624375e-05,calm
2022-01-06,4.0047080022497544e-05,7.82858201733552e-05,calm
2022-01-07,5.323570731525411e-05,4.369214039985998e-05,calm
2022-01-10,4.63538211956948e-05,0.000122715494944,calm
2022-01-11,6.881340518109688e-05,6.490428713781232e-05,calm
2022-01-12,6.222650107056691e-05,3.742384440258127e-05,calm
2022-01-13,4.5352724953110525e-05,6.733658614627738e-05,calm
2022-01-14,5.168924885456008e-05,0.0001110885086845,calm
2022-01-18,6.981781716275993e-05,0.000124887132371,calm
2022-01-19,8.549575474146977e-05,8.606554424776691e-05,calm
2022-01-20,7.873354012262866e-05,9.775623629999742e-05,calm
2022-01-21,7.96564804806214e-05,0.0002308353863043,calm
2022-01-24,0.00011979021289656186,0.0006564505516145,calm
2022-01-25,0.00023189213912397401,0.0004014730321667,calm
2022-01-26,0.00027128893570445945,0.0005064344586374,calm
2022-01-27,0.00032652977416029803,0.000299184362496,calm
2022-01-28,0.00028088676106415993,0.0002625988643216,calm
2022-02-01,0.00024872996855230314,0.0001057807404602,calm
2022-02-02,0.00014936691089926303,7.900375042754942e-05,calm
2022-02-03,0.00010588789355913587,0.0001092049004392,calm
2022-02-04,0.00010896532842100216,0.0001336401313811,calm
2022-02-07,0.00012217825281631811,9.890117697452616e-05,calm
2022-02-08,0.00011180920757112569,6.203778077973017e-05,calm
2022-02-09,8.824973063976519e-05,4.819711826619469e-05,calm
2022-02-10,7.17078558560723e-05,0.0001565664685695,calm
2022-02-11,9.94753859201781e-05,0.0002094318507023,calm
2022-02-14,0.0001310039228847021,0.0001392275227592,calm
2022-02-15,0.0001302604163136899,9.315476021027872e-05,calm
2022-02-16,0.00010950791471724904,7.101313599650871e-05,calm
2022-02-17,8.958215779225711e-05,6.574837290499602e-05,calm
2022-02-18,7.870834500874033e-05,0.0001324816324507,calm
2022-02-22,9.614521657898964e-05,0.0002151742267837,calm
2022-02-23,0.00012863264287194947,0.0001306989690878,calm
2022-02-24,0.0001245916979367399,0.0004893690620139,calm
2022-02-25,0.0002024977168394875,0.0001458657691331,calm
