omega,alpha,gamma,beta,mu,persistence,converged
0.007139535589053517,0.05059478725406639,-0.1356472722438437,0.9807493727078641,-0.03874314760101125,0.9807493727078641,True
0.0069230381937382054,0.05054767307409406,-0.13584425176470055,0.9810750637348741,-0.038767371344141,0.9810750637348741,True
0.006735411388291246,0.04946270220552039,-0.13477136983979157,0.9805103109998164,-0.032699909649778064,0.9805103109998164,True
0.006417375517833471,0.04931964171780644,-0.13506154797873815,0.9808629055533999,-0.0318875861656691,0.9808629055533999,True
0.005887048142669746,0.04911696027072015,-0.1350182158810094,0.9812195920740465,-0.02886654443227807,0.9812195920740465,True
0.00539386083254021,0.048921737282634215,-0.13489690766872267,0.9815059585550876,-0.02572314478077598,0.9815059585550876,True
0.006934693293435326,0.04932606306737665,-0.13411999726751306,0.9802536650143799,-0.032908022085189975,0.9802536650143799,True
0.00659299961560862,0.04967286200302274,-0.13383519397196403,0.9800861794019997,-0.028305895010283782,0.9800861794019997,True
0.006183733244030889,0.04902483444828156,-0.1337886451599514,0.9804739420543053,-0.026614659001440194,0.9804739420543053,True
0.005701090745521808,0.04861073041419418,-0.13363064704012104,0.9807960504574429,-0.023737077882170336,0.9807960504574429,True
0.005440336843587977,0.04793800545858296,-0.13385344057233473,0.9811683816258445,-0.023480669496541356,0.9811683816258445,True
0.005106703500875731,0.0482722669094054,-0.13308323627970478,0.9809408899641674,-0.018441021353673964,0.9809408899641674,True
0.005181910670339602,0.04794244501162853,-0.13347066046429673,0.9810620145119529,-0.020055748437946316,0.9810620145119529,True
0.005362564438737004,0.047744822574863524,-0.13374209010866417,0.9811034747188365,-0.02219199575825638,0.9811034747188365,True
0.005503656335304586,0.05017680096013903,-0.13305222391587812,0.979775925349176,-0.015137670216024936,0.979775925349176,True
0.007399550055073403,0.05431763152965497,-0.13266685334603254,0.9778648720905664,-0.022417282783175126,0.9778648720905664,True
0.00905111661080096,0.05867677243316948,-0.1339321997659446,0.976182316846623,-0.029047337160033063,0.976182316846623,True
0.008682917855859274,0.05680590228771738,-0.13319789129931503,0.97672985988808,-0.028524676272916168,0.97672985988808,True
0.008348236743752816,0.05515919974739082,-0.13249624553819214,0.9772479867103447,-0.028149055577586887,0.9772479867103447,True
0.007768829063075188,0.05420490308349405,-0.13192524787923735,0.9777258039433476,-0.025104313200323133,0.9777258039433476,True
0.007565488343503437,0.05301589572818923,-0.13139821565979437,0.9781263226595911,-0.02537852807439828,0.9781263226595911,True
0.008237460585402574,0.053754352363262106,-0.131920850106892,0.9776551890468952,-0.029409241788639493,0.9776551890468952,True
0.007900337555116124,0.0527102429353427,-0.13121630191503988,0.9780807313937179,-0.02845911501827942,0.9780807313937179,True
0.007650774534191195,0.0539753647823015,-0.1320022578482445,0.9777605833821891,-0.0240954441551053,0.9777605833821891,True
0.0073609743402825644,0.05264782100186386,-0.13142908358845748,0.9782074653114673,-0.023752065683569457,0.9782074653114673,True
0.0070133292495324975,0.05180641328255946,-0.13096072348330717,0.9785886929624387,-0.022450629197841222,0.9785886929624387,True
0.006915036640209519,0.05324062675261959,-0.13153002566922103,0.9781605923921053,-0.018918304097603058,0.9781605923921053,True
0.006932799573741056,0.05250396308080037,-0.13142807859561947,0.9783306433826007,-0.020106566916538154,0.9783306433826007,True
0.0070541722725705695,0.05201943441737843,-0.13133870159600053,0.9784079893451507,-0.02178585271939991,0.9784079893451507,True
0.0068303630366529765,0.05284992597059511,-0.13160789643530107,0.9782682328857657,-0.018729718435557142,0.9782682328857657,True
0.006915706695800596,0.052243430575380084,-0.13151083280248885,0.9783704536173143,-0.020179167053739264,0.9783704536173143,True
0.006913447120204921,0.05142783263504525,-0.13123204446790743,0.9785680273394681,-0.021271629984089057,0.9785680273394681,True
0.006877476442236662,0.05054385146596018,-0.1308165872373073,0.9788118251280384,-0.022280079388651747,0.9788118251280384,True
0.006784287601209754,0.04969050118737663,-0.1303053659579306,0.9790945365597102,-0.02293542175575788,0.9790945365597102,True
0.006659680935843051,0.048879815942112805,-0.129696263175252,0.9794052622813451,-0.023419010970853426,0.9794052622813451,True
0.006380395712212196,0.048370293811794765,-0.12920231109045757,0.9797010436900836,-0.02226007557782418,0.9797010436900836,True
0.00617040658683,0.04771625216992145,-0.1285867250219103,0.9800412158810242,-0.02207005664889236,0.9800412158810242,True
0.005946714525927438,0.047254385481581083,-0.12799834298458745,0.9803745145975604,-0.021692596241425072,0.9803745145975604,True
0.005721691878522688,0.047306424467677494,-0.12847765532175556,0.9802235552897985,-0.01846815658694742,0.9802235552897985,True
0.0059773803038820775,0.04738636174940233,-0.12856053609721974,0.9801189642669312,-0.020497260196010822,0.9801189642669312,True
0.005741077283613106,0.04685176792135514,-0.12802535988694705,0.9804421536871973,-0.019917942708757717,0.9804421536871973,True
0.005482925794687241,0.04646699602280589,-0.12754923717162975,0.9807463409760593,-0.019019882292362338,0.9807463409760593,True
0.005207293501603836,0.04618468907034484,-0.12715137398822549,0.9810261833669589,-0.01780146712615558,0.9810261833669589,True
0.006274915458883081,0.04701748513095071,-0.12856590875838808,0.9799293915769841,-0.022317115388052682,0.9799293915769841,True
0.006270765932389515,0.046548166298668786,-0.12809532522758413,0.9801023809609725,-0.023217634046964995,0.9801023809609725,True
0.007667400399291703,0.04922031450600974,-0.1312939005779431,0.9785176050660686,-0.02840116154208739,0.9785176050660686,True
0.008198169307938062,0.05041573676089079,-0.13238891971213493,0.9780056228314797,-0.030876649015963455,0.9780056228314797,True
0.008063628571996878,0.05107222236231565,-0.13299907846054368,0.9778958699411057,-0.02897367829037267,0.9778958699411057,True
0.008480137888233747,0.05195972206140375,-0.1336660780906399,0.9775448948515557,-0.031152486648312668,0.9775448948515557,True
0.008164796209164374,0.05082328077849466,-0.13279372269997342,0.9779018170376542,-0.029985346500002702,0.9779018170376542,True
0.00800940080127973,0.05100766902140445,-0.13292314648655096,0.9779240279785831,-0.02858104282085969,0.9779240279785831,True
0.007784494951974866,0.049608424596669545,-0.13203555102778433,0.9782789627562176,-0.02830192175533661,0.9782789627562176,True
0.008697497080819901,0.0524486134925659,-0.13420756274688375,0.9772936014152331,-0.03176229739264638,0.9772936014152331,True
0.00893714629045873,0.05285784397325647,-0.1345286912146085,0.9771177985853966,-0.03313222831764971,0.9771177985853966,True
0.008733282408997584,0.051519927222046166,-0.13347181401351182,0.9774563638668786,-0.033014493775563564,0.9774563638668786,True
0.008518678151053708,0.05043038875579658,-0.13245047823291592,0.977780677543428,-0.03272558205021633,0.977780677543428,True
0.008396338311640722,0.05060724727142376,-0.13268313936299284,0.9777775067188619,-0.03147587234572856,0.9777775067188619,True
0.008205318874547047,0.0496838505563264,-0.13184787862792277,0.9780584325179432,-0.031210971664477675,0.9780584325179432,True
0.008054135151287955,0.05003271907917007,-0.13232203023465022,0.9780073373940523,-0.029351749064631703,0.9780073373940523,True
0.007842733245949465,0.04932088147857777,-0.13174001123781326,0.9782484154062377,-0.0286854124928982,0.9782484154062377,True
0.0076634762668427465,0.048691217594612646,-0.1311764627711354,0.9784749264105969,-0.028296576520283806,0.9784749264105969,True
0.007449139155557087,0.048392193348523266,-0.13083358579776655,0.9786512028686838,-0.02723291037065208,0.9786512028686838,True
0.007079360158732689,0.048029969862678386,-0.13042860519027938,0.9789086726442477,-0.02507043458838617,0.9789086726442477,True
0.007026285375649626,0.047787453777392325,-0.13013722591889015,0.9790250521972031,-0.02536996224264886,0.9790250521972031,True
0.007105263154045942,0.047726938636992,-0.12986739228198213,0.9790765798887625,-0.02664016014308688,0.9790765798887625,True
0.006763480545588695,0.04758849485597111,-0.12943892702743384,0.9793235436958982,-0.02474005120854858,0.9793235436958982,True
0.007440899113985592,0.04766327944783848,-0.13020272903850952,0.9788524338002053,-0.02852396296663447,0.9788524338002053,True
0.007267251639067318,0.04732863952164202,-0.12962782672006104,0.979058275220364,-0.028075970970499013,0.979058275220364,True
0.007220955960025102,0.04725169501354229,-0.12918743568516902,0.9791750966320829,-0.028422692845824542,0.9791750966320829,True
0.00709111042048788,0.04723680802922011,-0.12864000747871204,0.9793432117218837,-0.028240944622144527,0.9793432117218837,True
0.007693982166115432,0.046901746369743307,-0.12980315406959478,0.9788722906601666,-0.031211935253189618,0.9788722906601666,True
0.0074577036627540595,0.04666821449988571,-0.12929634778403296,0.979069104721171,-0.030010423462817393,0.979069104721171,True
0.007339249472754465,0.04667367355699009,-0.12972038813075523,0.9790360883433616,-0.028498030201776606,0.9790360883433616,True
0.007228160957963438,0.04639703558661731,-0.12922422941471207,0.979196468924168,-0.028441798129708266,0.979196468924168,True
0.007089111472176275,0.046316216789715474,-0.12873703317347093,0.9793568216712973,-0.028131796914740957,0.9793568216712973,True
0.007422522815925457,0.046320303638147674,-0.12918183830704533,0.9791311279591047,-0.030055031555960943,0.9791311279591047,True
0.007558234465661732,0.046366887702312815,-0.12904283275628192,0.9791002058835657,-0.03131847299516743,0.9791002058835657,True
0.007350782541752227,0.04624854573968794,-0.12892939162527528,0.9792092415107735,-0.029834921881350968,0.9792092415107735,True
0.007233623050132601,0.04603246317372442,-0.12836252663948472,0.9793702874983841,-0.029723625486711182,0.9793702874983841,True
0.007062610626802856,0.04599236838756117,-0.12800633872559705,0.9795062982316052,-0.02886992718297353,0.9795062982316052,True
0.007177846857601514,0.04611219575855712,-0.1279391106056146,0.979468455732937,-0.02990999588591204,0.979468455732937,True
0.0073706846842452375,0.04623231245791781,-0.12796389502010336,0.9793815271455193,-0.03140351979088243,0.9793815271455193,True
0.007157807521639014,0.04609251868569952,-0.12764847614738956,0.9795268272792437,-0.030127478576673566,0.9795268272792437,True
0.006991713611649183,0.04599330426528074,-0.12727448181525244,0.9796639364164972,-0.029322995459269387,0.9796639364164972,True
0.00696739197241167,0.04605291927398444,-0.1269171557260434,0.9797366698876833,-0.029688926153910413,0.9797366698876833,True
0.007108695119437439,0.04622375920553536,-0.1268161183831302,0.9796901593675065,-0.03097348540997704,0.9796901593675065,True
0.006910243768960404,0.0461840653947558,-0.12635289166480043,0.9798497262069648,-0.030004891060507077,0.9798497262069648,True
0.006876933394363716,0.04640816193104905,-0.1259554788000805,0.9799212754925352,-0.030306725252205714,0.9799212754925352,True
0.006749822969470029,0.046672082037008095,-0.125521114706982,0.9800337796702604,-0.029883835095654843,0.9800337796702604,True
0.006620545064176891,0.04706505765957579,-0.12517447852901287,0.9801279405993141,-0.029342852186366796,0.9801279405993141,True
0.006442625372836938,0.04614807354706508,-0.1253889795069161,0.9802028861722455,-0.027494349469830415,0.9802028861722455,True
0.006172027468246613,0.04647970234176212,-0.1251456959021294,0.9803491521700302,-0.025825094136275553,0.9803491521700302,True
0.006018266212666919,0.046834085663686936,-0.12503307839212258,0.9804236626890631,-0.02489201185162688,0.9804236626890631,True
0.0059864672336997,0.047640915515369364,-0.12502920801229017,0.9804171768029218,-0.024992092142270536,0.9804171768029218,True
0.005867009082365905,0.04842563536000228,-0.12500071804872243,0.9804505357746077,-0.024329918666716747,0.9804505357746077,True
0.006080670323757196,0.048351762987712536,-0.12508176798844797,0.9803469867642497,-0.025906038285121353,0.9803469867642497,True
0.005880174306647202,0.04667485769611098,-0.1251734244524207,0.9804680071004583,-0.023692514102311272,0.9804680071004583,True
0.005787775325451619,0.04723747176031241,-0.12517629758848237,0.9805019821195912,-0.023344680276979984,0.9805019821195912,True
0.0060203440257421866,0.04717103280382462,-0.12526101905743095,0.980388237994281,-0.02501909712902919,0.980388237994281,True
0.006377108373995907,0.04729844590501105,-0.12544528188449516,0.9802012493268056,-0.02762225353198661,0.9802012493268056,True
0.006066031859129112,0.04722508932676081,-0.12518018500676878,0.9803818123865561,-0.02552025232615721,0.9803818123865561,True
0.005986851410672073,0.04750853656355199,-0.12496779534090478,0.9804537801378855,-0.025413293899747048,0.9804537801378855,True
0.00593925026227255,0.048066033016622704,-0.1248052813374979,0.9804889169313247,-0.025488047323207,0.9804889169313247,True
0.005956598454354658,0.04876302174131206,-0.1247104495962282,0.9804777516911752,-0.02596732531773841,0.9804777516911752,True
0.005818341141894436,0.049272255644253714,-0.12453943881878787,0.9805486337793637,-0.025202838802028404,0.9805486337793637,True
0.005638981521021705,0.04918395010186228,-0.12445131008598373,0.9806419028051133,-0.02385065556875642,0.9806419028051133,True
0.005661044441884822,0.05006280325987509,-0.12449168712515216,0.980605199233899,-0.024316167156814828,0.980605199233899,True
0.00569255193416404,0.051001188176743054,-0.12450901179618638,0.9805644028480486,-0.024853119237209623,0.9805644028480486,True
0.005570209844057402,0.05177606255445241,-0.12442294050619483,0.9806088404056297,-0.024195144275051483,0.9806088404056297,True
0.005424001604027141,0.05239711608755357,-0.12437084310640867,0.9806625643651089,-0.023268975711697455,0.9806625643651089,True
0.0058170101101150925,0.05012325984536482,-0.12434055515361456,0.9805579542982409,-0.02572301937615839,0.9805579542982409,True
0.0061224888086412466,0.05042964603915789,-0.12445726249975911,0.9804012708357636,-0.02811186646104821,0.9804012708357636,True
0.005998274788879238,0.050716024137948554,-0.12408410655005267,0.9805106305827566,-0.027673859021975344,0.9805106305827566,True
0.006095321980023949,0.051098734855209695,-0.123992719825628,0.9804744238767403,-0.02867716433341183,0.9804744238767403,True
0.005989824448645108,0.051556709665729825,-0.12358310664432415,0.980572536830554,-0.028434199730207513,0.980572536830554,True
0.0059070786402364624,0.05228177412162517,-0.12324122303808632,0.9806388221578838,-0.028301891424098717,0.9806388221578838,True
0.005919211527908201,0.05324459053434054,-0.12301995972339745,0.9806361406286483,-0.028811632979877332,0.9806361406286483,True
0.005991810517705355,0.053981284784712084,-0.12290653778851689,0.980597987069625,-0.02964055836135314,0.980597987069625,True
0.006004356419181549,0.05489837699875743,-0.12263417944919872,0.9806020954851931,-0.03016449621249831,0.9806020954851931,True
0.005844128455898332,0.05407831425052735,-0.12276742676462814,0.9806786824567564,-0.02861783016065152,0.9806786824567564,True
0.0063210718421738915,0.05165136135185536,-0.12357795511544871,0.9804393719224944,-0.03113892222041112,0.9804393719224944,True
0.0061504819863265735,0.05178060356281487,-0.1230047581214857,0.9805945835786769,-0.03042882231934342,0.9805945835786769,True
0.006093057385179776,0.0522131866993335,-0.1225376391138544,0.9806745086812124,-0.030558841482434113,0.9806745086812124,True
0.005952960943556362,0.05224354038395182,-0.12238647430013856,0.9807543661217473,-0.029580325749275885,0.9807543661217473,True
0.0058499932580199365,0.05280773147555573,-0.12205556061582436,0.980826960609421,-0.02922516984656283,0.980826960609421,True
0.0057339878266852076,0.05342198978642269,-0.1217989759021842,0.9808915475579092,-0.02868339099408281,0.9808915475579092,True
0.005630779429407441,0.05431165517578603,-0.12158947000276286,0.9809334011101503,-0.02825584124840567,0.9809334011101503,True
0.005767455185346838,0.05483633405736242,-0.12162415138156756,0.9808521442420908,-0.029448592801634074,0.9808521442420908,True
0.005710224586884827,0.05582069740134865,-0.12136509644711348,0.9808783161976657,-0.029445239975098736,0.9808783161976657,True
0.0061030763228363824,0.053763216611882575,-0.12189596075042246,0.9807172142129377,-0.03180150580126332,0.9807172142129377,True
0.0060025886279188164,0.05428299518881617,-0.12139868906837704,0.980813002708207,-0.03157485162515855,0.980813002708207,True
0.005820137313942605,0.05369936678039263,-0.12150494703176222,0.9808959422709523,-0.029888226586799294,0.9808959422709523,True
0.005782035291093078,0.05441584284988767,-0.12123974844703346,0.9809246203123435,-0.030036764843131763,0.9809246203123435,True
0.005996413082782324,0.05444986136125501,-0.12139167681313859,0.9808125086774346,-0.03165200004816259,0.9808125086774346,True
0.005811093385268382,0.054320823568280246,-0.12127806882960221,0.9809105983674111,-0.03021627824424043,0.9809105983674111,True
0.00568347739284796,0.05465939065611107,-0.12102510091959306,0.9809877313990155,-0.02952902247528905,0.9809877313990155,True
0.005509405424439887,0.05440323298083314,-0.12096677845947301,0.9810790518232109,-0.028102581110124255,0.9810790518232109,True
0.005524820255832993,0.055085177861704374,-0.12089812029557397,0.9810597719448905,-0.028577185319083927,0.9810597719448905,True
0.005516684797043408,0.05585682518284655,-0.12080539844689471,0.9810503657670825,-0.028879298475935334,0.9810503657670825,True
0.0054483449854963745,0.0567203879614319,-0.12067351999946803,0.981067513688634,-0.02871443589732282,0.981067513688634,True
0.005285150070432627,0.057046758565787954,-0.12056863097450567,0.9811395649032885,-0.027571778680336976,0.9811395649032885,True
0.005243833154750946,0.05819278231929081,-0.12058670795822694,0.9811147814855087,-0.027562276722830025,0.9811147814855087,True
0.005424430766425039,0.05849699960509262,-0.12069430035352005,0.9810128171399226,-0.029017371853226052,0.9810128171399226,True
0.005274560263180654,0.059087926451018916,-0.12055755919917033,0.9810753979871806,-0.028076630118113264,0.9810753979871806,True
0.0051930072170239885,0.06014513502474823,-0.1205047922696285,0.9810831550348186,-0.02776395569068687,0.9810831550348186,True
0.004810561688853741,0.05876187777688107,-0.12026172622017244,0.981326062649415,-0.024483225050749683,0.981326062649415,True
0.00464855031001603,0.059018456296046115,-0.12022260393745687,0.9813933677954022,-0.023280179160916653,0.9813933677954022,True
0.004663596961192233,0.06018469155331575,-0.12047244231091947,0.9813199338639326,-0.023633606478186825,0.9813199338639326,True
0.004639726381618945,0.0614754488744829,-0.12068100530977732,0.981266968636152,-0.023725087740152792,0.981266968636152,True
0.004530170928970217,0.06257649836164185,-0.12080700083541449,0.9812673741904729,-0.023083081623008008,0.9812673741904729,True
0.0044414939331649155,0.06394338017357884,-0.12102008729578313,0.9812417897419418,-0.0226309163114422,0.9812417897419418,True
0.004645742851078724,0.06395899574377756,-0.1211116457393811,0.9811415195175541,-0.024224521417030933,0.9811415195175541,True
0.004530253206386786,0.06496914720803035,-0.12113691624202838,0.981168601834071,-0.023620061159446107,0.981168601834071,True
0.004655539930277647,0.06561028802171293,-0.12127214556884067,0.9810836440845431,-0.024747847217143234,0.9810836440845431,True
0.004516115517154067,0.06632344871778344,-0.1212056118106385,0.9811435844188157,-0.02393403625580246,0.9811435844188157,True
0.005098605021644532,0.06462685198118143,-0.12138167985001704,0.9808923210101554,-0.02789857792630319,0.9808923210101554,True
0.005173761450242538,0.06513229033686825,-0.12128641780804134,0.9808753176993666,-0.028853575513815725,0.9808753176993666,True
0.005239756984127502,0.06552821001293192,-0.12117089563613498,0.980864275999039,-0.029687757280111266,0.980864275999039,True
0.005106707012130166,0.06583600892306861,-0.12083826238020816,0.980972088104543,-0.02907063093968075,0.980972088104543,True
0.004936942798429578,0.06614735508025446,-0.12055273087132523,0.9810874234990223,-0.028107523710656362,0.9810874234990223,True
0.00487492732555046,0.06684421893582107,-0.12030931692641604,0.9811496761712235,-0.028165116959439355,0.9811496761712235,True
0.004782239585291782,0.06766334882826545,-0.12008493939134263,0.9812165080087205,-0.027943330558444175,0.9812165080087205,True
0.004708406566036725,0.06869022110656561,-0.11989789722078223,0.9812651840131088,-0.02786512927122442,0.9812651840131088,True
0.004328675379497149,0.06872328973707718,-0.11964861323130278,0.9814614175541635,-0.02492186516536206,0.9814614175541635,True
0.004866918929157367,0.06798398378301641,-0.1199723147110742,0.9811937674908698,-0.028839669337431446,0.9811937674908698,True
0.004873879382543038,0.06865848196805113,-0.11977443052019635,0.9812203676594903,-0.029368938434505623,0.9812203676594903,True
0.005020598488815583,0.06880067484253963,-0.11985420312291735,0.9811465876072346,-0.030583447151322912,0.9811465876072346,True
0.005167898599194078,0.06910421045265627,-0.11981134455914162,0.9810919487791847,-0.03196396968232067,0.9810919487791847,True
0.0050436252040468085,0.06941832511410875,-0.11932595283010823,0.9812207430225102,-0.031545023521124156,0.9812207430225102,True
0.005141665056425363,0.06965760858754792,-0.11927226673732577,0.9811879039303177,-0.032527994846867365,0.9811879039303177,True
0.005081409570772598,0.0700793915218842,-0.11873579785618456,0.9812962846253882,-0.032733082660658136,0.9812962846253882,True
0.004952629442849543,0.07032577628503497,-0.11839852285004346,0.9813984844177781,-0.032037668299482076,0.9813984844177781,True
0.004895392517885838,0.07096923567582282,-0.11796108280809822,0.9814836567683038,-0.03222825096634634,0.9814836567683038,True
0.004712342884384091,0.06929632117253944,-0.11850148948230221,0.9815016268098722,-0.029669709917812315,0.9815016268098722,True
0.004524545077381227,0.0685114243505806,-0.11858758276026224,0.9815702172436971,-0.027622779488070598,0.9815702172436971,True
0.004201177768535412,0.06880229485813776,-0.11833058512505806,0.9817517840285689,-0.02543190665994827,0.9817517840285689,True
0.004095371569016978,0.0693484541248741,-0.11824999683530467,0.981812562823388,-0.024989922739718597,0.981812562823388,True
0.004029373094140007,0.07012353812807315,-0.1182423077469855,0.9818445834743711,-0.024916547714990207,0.9818445834743711,True
0.0038411985246419498,0.06818899986679272,-0.11802416345034528,0.9819665673118396,-0.022606490487403586,0.9819665673118396,True
0.0036017436941716842,0.06573815740147296,-0.11731922252542103,0.9821627834380084,-0.01962352454770568,0.9821627834380084,True
0.0034133615741408522,0.06567987938317496,-0.11724943938635984,0.9822598166023799,-0.018128655777847398,0.9822598166023799,True
0.0034038328021364986,0.06629826491533479,-0.11770827269467178,0.9822200931097055,-0.018391980607038647,0.9822200931097055,True
0.0034173636502633758,0.06698730169299524,-0.11812820327313682,0.9821755684163967,-0.01883972970685644,0.9821755684163967,True
0.003351476286600675,0.06773009569129101,-0.11848210171316592,0.9821774186867609,-0.018681011409720366,0.9821774186867609,True
0.003204355421605053,0.06718592082489903,-0.11819536629485297,0.9822728830210669,-0.017305522236028065,0.9822728830210669,True
0.0029607754326119113,0.06640263795254728,-0.11766822356274993,0.9824345430880541,-0.015051275064441927,0.9824345430880541,True
0.0029272423543182597,0.06715968934979517,-0.11830096873457195,0.9823981371855122,-0.01513996578673778,0.9823981371855122,True
0.003218075502066302,0.06683596097121625,-0.11813108148522329,0.9822760123472262,-0.01732247846421042,0.9822760123472262,True
0.003022015718609395,0.06677580324947631,-0.11804632230292161,0.9823766599209149,-0.015758365016007525,0.9823766599209149,True
0.0029234418351588897,0.06723935144955911,-0.11839137642826707,0.982418693514346,-0.015377382737900718,0.982418693514346,True
0.0033585673085286902,0.06576232966168022,-0.11753644200859298,0.9822355453355399,-0.01788161487850029,0.9822355453355399,True
0.0032699633791069406,0.06576796580093211,-0.11749524778687488,0.9823087555871209,-0.017435296319893472,0.9823087555871209,True
0.003158411956248486,0.06588917149363871,-0.11754044462011251,0.9824074576545518,-0.017046964677240675,0.9824074576545518,True
0.003023267338877714,0.06608228640781168,-0.11758221901135935,0.9825085820144069,-0.016396094931704054,0.9825085820144069,True
0.0029689645428559544,0.0664542694976578,-0.1177298518563796,0.982566558510146,-0.016460354029690934,0.982566558510146,True
0.003064475776600539,0.06677265843411555,-0.11786365142689756,0.9825325868805872,-0.01750187586457436,0.9825325868805872,True
0.002989473316352461,0.0671954354984214,-0.11786106609954868,0.9826169080371514,-0.017426428235191922,0.9826169080371514,True
0.002788428055186826,0.0657258724460128,-0.11761389752551771,0.9826377466418774,-0.014636972969837937,0.9826377466418774,True
0.0026922526402607147,0.06610384847381244,-0.1177772792431642,0.9827172142920864,-0.01435557143606582,0.9827172142920864,True
0.0026441857605437845,0.06665055891629092,-0.1179897282277578,0.9827674638217263,-0.014466545612492849,0.9827674638217263,True
0.0025938545662169306,0.06733198268569975,-0.11818697440624108,0.9828186284102772,-0.014562678444056117,0.9828186284102772,True
0.002996959648101948,0.06619868045355048,-0.11806677884623967,0.9825793921779389,-0.017090219387209248,0.9825793921779389,True
0.002819518446734228,0.06617365630789468,-0.11795057971609368,0.9826838823059539,-0.015747993773181968,0.9826838823059539,True
0.0026678622097617215,0.06635681507219258,-0.11786571577170855,0.982804378019167,-0.014891536788459931,0.982804378019167,True
0.0025697495998025024,0.06673835799957191,-0.11786646714032264,0.9829104091864453,-0.0146341206730526,0.9829104091864453,True
0.0023514132897313133,0.06595061490720817,-0.11765032591399219,0.9829643421284288,-0.012211940571409468,0.9829643421284288,True
0.0021766835428522215,0.0661365331772957,-0.11767711890500628,0.9830818915766587,-0.011106596127887275,0.9830818915766587,True
0.002030020484732984,0.06654378034805124,-0.11785270312338457,0.9831974862508268,-0.010438924734245536,0.9831974862508268,True
0.0019760564024802587,0.06713229859519178,-0.11810227943040505,0.9832622791457946,-0.010527203607195754,0.9832622791457946,True
0.0026902782017302193,0.06487712245317201,-0.11759852245305863,0.9827770362413962,-0.014590484579910004,0.9827770362413962,True
0.0026006038023403395,0.06496776894294586,-0.11739773713118137,0.9829206133732658,-0.014487870837638566,0.9829206133732658,True
0.002412087582250075,0.06470479848759488,-0.11736168447305695,0.9829721494044276,-0.012619174634547797,0.9829721494044276,True
0.002263951717462309,0.06481104704863326,-0.11725927558504574,0.9831176765895673,-0.01189904201432503,0.9831176765895673,True
0.002154899259455253,0.06505279571071196,-0.1172160258134982,0.9832495175176523,-0.01157812274681643,0.9832495175176523,True
0.00215204827313484,0.06543469144428254,-0.11724604318050567,0.9833135458238748,-0.01205896028013477,0.9833135458238748,True
0.001910947688557194,0.0653506364270497,-0.11710813688753055,0.9834445089628343,-0.010120108155575975,0.9834445089628343,True
0.001780184974628137,0.06570359158129647,-0.1170938040336209,0.9835777597966915,-0.009570497973474026,0.9835777597966915,True
0.0017779704537339517,0.06619693759379752,-0.11716730562378981,0.9836367825363882,-0.010051690854052142,0.9836367825363882,True
0.0017939455908707515,0.06671099576649289,-0.11720316416068105,0.9836917966762259,-0.010673108982609732,0.9836917966762259,True
0.001988856582971095,0.06698114688655701,-0.11731019489533628,0.9836172126331361,-0.012454364976038083,0.9836172126331361,True
0.0025849349156626903,0.06569904171030405,-0.11815202229409495,0.9830009744281435,-0.01537567155423778,0.9830009744281435,True
0.002732655162294849,0.06577263009065937,-0.11819878339710181,0.9829357491212131,-0.016631069457151107,0.9829357491212131,True
0.0025847738281401414,0.06563562011728845,-0.11783041598700815,0.9830902619888,-0.015802159318800916,0.9830902619888,True
0.0025318311001661835,0.06552740954811155,-0.11733638009215944,0.9832545616106328,-0.016043994357518396,0.9832545616106328,True
0.0023872990696124615,0.06547793906615437,-0.11699576454239904,0.9834019539551911,-0.015224012820376888,0.9834019539551911,True
0.002540454653989109,0.06556360407696575,-0.11705813975078078,0.9833302381901676,-0.016511580147077837,0.9833302381901676,True
0.002410898484633475,0.06547713483701585,-0.11659022034658693,0.9835040409452536,-0.015984125311259447,0.9835040409452536,True
0.0025949702064877395,0.06556351053776192,-0.1167795987136002,0.9833849268510644,-0.017364399283582996,0.9833849268510644,True
0.002454413242808973,0.06544682596453606,-0.11641351993176283,0.9835296143336494,-0.016568952602226895,0.9835296143336494,True
0.0023238489436033754,0.0654155928448027,-0.1168008689622519,0.9834713610541207,-0.014858441498447773,0.9834713610541207,True
0.0026384205085753184,0.06573571091926918,-0.11737251625263607,0.9831713345658153,-0.016719947201273136,0.9831713345658153,True
0.002700872495247427,0.06562951257540588,-0.11719663634238033,0.9832008756274108,-0.017529394255111953,0.9832008756274108,True
0.002688337559132138,0.06542858674191165,-0.11688816100478691,0.9832837929338493,-0.01777524411712882,0.9832837929338493,True
0.0026355734107543346,0.06507732228118637,-0.11625613582425537,0.9834543037106211,-0.01800947959935731,0.9834543037106211,True
0.002526509675852861,0.06484234830901855,-0.11565191830599661,0.9836336741055848,-0.017698717978409974,0.9836336741055848,True
0.0024412890802769267,0.06473063486586358,-0.11512445894494147,0.983784862166771,-0.017542754573407152,0.983784862166771,True
0.002369929676770747,0.06468588012926035,-0.11459782836740001,0.9839354057183752,-0.017539748543866487,0.9839354057183752,True
0.002298215017909437,0.06478269827041411,-0.11409357881971972,0.9840797023746,-0.017537455579926083,0.9840797023746,True
0.0021767995187814294,0.06480850472044165,-0.11389331856661966,0.9841731401776038,-0.01669398752785846,0.9841731401776038,True
0.0020356888400228992,0.06480855612000934,-0.113734989977505,0.9842653872702801,-0.015623800488032729,0.9842653872702801,True
0.0019147727642033635,0.06499330218634973,-0.11344603462296683,0.984391865721654,-0.015029705848651726,0.984391865721654,True
0.0019099633382114115,0.0653224823518922,-0.11324377715071157,0.9844580856601411,-0.015449539400546847,0.9844580856601411,True
0.001765283306277902,0.06463932090617379,-0.11353044643519548,0.9844264598627082,-0.013477652198840359,0.9844264598627082,True
0.0017332360431121343,0.06492375396762892,-0.11338418609009424,0.9845075003480271,-0.013697898348504897,0.9845075003480271,True
0.0016481539243624942,0.06528095001706234,-0.1131981467330628,0.9846133091355674,-0.01345974249260737,0.9846133091355674,True
0.0018544100464886987,0.06519355733781246,-0.11334973229583373,0.9844890944753169,-0.01505020167018037,0.9844890944753169,True
0.001732519748348235,0.0653755690113782,-0.11309917884581781,0.9846077948879183,-0.014384895484436428,0.9846077948879183,True
0.001575418204946046,0.06502848055093359,-0.11315073397523831,0.9846382947031497,-0.012696081262897353,0.9846382947031497,True
0.0015294698491363256,0.065304653227936,-0.11301559098779866,0.9847280382370417,-0.01280393310258179,0.9847280382370417,True
0.0013981670103049007,0.0655266698439941,-0.1128768841288146,0.9848355506682209,-0.011992561256095501,0.9848355506682209,True
0.0013230359945300917,0.06595823600978318,-0.112781767458818,0.9849302040027383,-0.011829773791080017,0.9849302040027383,True
0.0015945549677249845,0.06560697106137431,-0.11296817179920769,0.9847494924147392,-0.013771172657155112,0.9847494924147392,True
0.0015035919455651245,0.06587402684248554,-0.11270359437072468,0.9848714022886653,-0.013486468497555852,0.9848714022886653,True
0.0021209232723112493,0.06430198187713432,-0.11386649907584039,0.9842518597553268,-0.01659728470487887,0.9842518597553268,True
0.001988849212983592,0.06421894565060449,-0.11372749464859915,0.9843351199600607,-0.01555679731969713,0.9843351199600607,True
0.0018515792579244547,0.0641251640559968,-0.11357176412757415,0.9844266380125414,-0.014502873548985617,0.9844266380125414,True
0.0017255419634578874,0.06413848219720308,-0.11378611917075061,0.984397960906183,-0.012924373873479974,0.984397960906183,True
0.0018598105208236057,0.06419014103937234,-0.11384437620147174,0.9843375722352466,-0.014113682485748654,0.9843375722352466,True
0.001723576201643191,0.0639975968687491,-0.11361236398510147,0.9844621579466067,-0.013240404919404977,0.9844621579466067,True
0.0016535735473012729,0.06373221713564035,-0.11332500609942775,0.9845976567218122,-0.013192412983268788,0.9845976567218122,True
0.001574390061431191,0.06361186644140338,-0.11304389665947825,0.984729972523541,-0.013043916421160647,0.984729972523541,True
0.0014247153748747012,0.06335935981925113,-0.11346472998252637,0.9846074385842328,-0.010534864538969187,0.9846074385842328,True
0.001340604175280086,0.06321293091140968,-0.11335198322430615,0.9847264113590921,-0.010326037243340302,0.9847264113590921,True
0.0014289220979049112,0.06328756803287842,-0.11337539448941694,0.9847260965020708,-0.01139479148847191,0.9847260965020708,True
0.0018258435856651563,0.06342252461382036,-0.11384808859081111,0.9843686538287398,-0.013781132354728502,0.9843686538287398,True
0.0017145721263067163,0.06313240545582714,-0.11346789921843276,0.9845248636106183,-0.013339685537084004,0.9845248636106183,True
0.0018440598847974591,0.06319285319567586,-0.1135235616053056,0.9844647549310372,-0.01447623345987185,0.9844647549310372,True
0.0017126685255697339,0.06305235304229505,-0.11331993247829861,0.9845675979442939,-0.013531315428477504,0.9845675979442939,True
0.0018809579591556132,0.06319421868357071,-0.1134977453944596,0.9844557471453768,-0.014832820084935007,0.9844557471453768,True
0.002022309844496718,0.06330377887412353,-0.11363103422956582,0.984369108117032,-0.015964058935676602,0.984369108117032,True
0.0019197624053224644,0.06289009851462005,-0.11307322958233103,0.9845432315570344,-0.015635557500167083,0.9845432315570344,True
0.0019909304043342784,0.06282623339575455,-0.1129446956559722,0.9845457527297856,-0.01644110815060398,0.9845457527297856,True
0.0019745702742530484,0.06258581735570502,-0.11247976120467736,0.9846555018364597,-0.01677986334718371,0.9846555018364597,True
0.00208208421697901,0.06271521404662682,-0.11270349410802465,0.984562924764303,-0.01753925789842606,0.984562924764303,True
0.002015742539105434,0.0623600083206919,-0.11202807669933404,0.9847266852958795,-0.017539487899966306,0.9847266852958795,True
0.0019524486410952924,0.06216513355693507,-0.11140931525400813,0.9848709032051691,-0.01752681879948995,0.9848709032051691,True
0.0018700406533850003,0.062086302819491374,-0.11081855830968965,0.9850163196208844,-0.017334452426026253,0.9850163196208844,True
0.0018687961387595395,0.06216104554076738,-0.11060841334331144,0.9850543255326595,-0.01753958229776493,0.9850543255326595,True
0.0018523172951982478,0.06202864653667496,-0.11138394253453644,0.9849259426214915,-0.01666635718817846,0.9849259426214915,True
0.0018121807595157956,0.061969184428729555,-0.1109417006344831,0.9850317712563906,-0.016797645669256945,0.9850317712563906,True
0.001732399632817293,0.06199205720949801,-0.11048714457588714,0.985151179107821,-0.01656620560564984,0.985151179107821,True
0.0016289653860397575,0.062055888816890725,-0.11017575365169287,0.985251039042746,-0.01596252648936681,0.985251039042746,True
0.0015314143454752203,0.06219533475188384,-0.10985846966106558,0.9853517751933281,-0.015464009412442999,0.9853517751933281,True
0.0014169049217267371,0.06228990529124708,-0.10965649040667694,0.9854380345109855,-0.014673454548473923,0.9854380345109855,True
0.0013461839971127413,0.0626014038952323,-0.10941047692274347,0.9855207023156837,-0.01446760124475295,0.9855207023156837,True
0.0012273305699885165,0.06276747421730297,-0.10925703809883311,0.9855997949557463,-0.013609241182097371,0.9855997949557463,True
0.0015486876045242965,0.06201928655419792,-0.10964602085872495,0.9853791781267424,-0.015732595592430582,0.9853791781267424,True
0.0018368153090233645,0.061894447914080074,-0.11035121463903397,0.9851199707907753,-0.017529471301172786,0.9851199707907753,True
0.0017422381753944116,0.06175955734454805,-0.10985963985724222,0.9852547937545695,-0.01712766593649449,0.9852547937545695,True
0.0016351349473949601,0.061695690303727985,-0.10973946789435196,0.9853194307016375,-0.01625078475094388,0.9853194307016375,True
0.001885082753041843,0.06183934114564608,-0.11050022924377621,0.9850643058915503,-0.017627996964290942,0.9850643058915503,True
0.0019834238811327794,0.06269170388447104,-0.11218917848013762,0.9846953159871344,-0.016846570583337692,0.9846953159871344,True
0.0018686025202993089,0.062438711127194464,-0.11197321755415217,0.9847923068082121,-0.016067766990297504,0.9847923068082121,True
0.002017771147135714,0.06264405436381917,-0.11214025717192705,0.9846925081741145,-0.017214095429097544,0.9846925081741145,True
0.001908330833796031,0.062176723626986674,-0.11175751678047546,0.9848259787736344,-0.016684894732680113,0.9848259787736344,True
0.002077028958207018,0.06268231143687891,-0.11218444769442365,0.9846552445285227,-0.017651668589649446,0.9846552445285227,True
0.0020224067867270004,0.06229517641213503,-0.111852214109077,0.9847515017087086,-0.01751710115257193,0.9847515017087086,True
0.0019290941394759814,0.06178692364398541,-0.11140975753746764,0.984886627000859,-0.017190381951371306,0.984886627000859,True
0.0018215270902360167,0.061642161368280275,-0.11125243332161096,0.984963174282199,-0.016377747557908825,0.984963174282199,True
0.0017489607736067211,0.061266281267254565,-0.11092938333012624,0.9850709240190172,-0.01620297911840815,0.9850709240190172,True
0.0016391129623597911,0.06112794875085557,-0.11075031478721357,0.9851552883466429,-0.015437320489905246,0.9851552883466429,True
0.00181585873413775,0.06130722364013911,-0.1109566375601008,0.9850350955815734,-0.016744647732670235,0.9850350955815734,True
0.0017090650089578942,0.06108002305176744,-0.1107004427260178,0.9851333374037328,-0.01608727653555109,0.9851333374037328,True
0.0018830856189257284,0.06130345336097631,-0.11094630644390925,0.9850102223056412,-0.01735184575989387,0.9850102223056412,True
0.0017875545131357045,0.06126449638199464,-0.1109018928586798,0.9850557920279766,-0.01650512382924207,0.9850557920279766,True
0.0016788994074639625,0.06105531364884761,-0.11071091208094107,0.9851425279319612,-0.015746664466589448,0.9851425279319612,True
0.0015823242085680998,0.06113880711454083,-0.1107601862724673,0.9851630824422588,-0.014711798956877568,0.9851630824422588,True
0.0014732189055330646,0.060805956029096275,-0.11061043334963369,0.9852569052069505,-0.014057113478529516,0.9852569052069505,True
0.001357028213431754,0.06057799926628671,-0.1105042488613238,0.9853398216268469,-0.013240238558891431,0.9853398216268469,True
0.001328006288973845,0.06030820127784912,-0.11048343257221586,0.9853883128531045,-0.013346933992042571,0.9853883128531045,True
0.001275659167890913,0.06009310048647502,-0.11042217381128627,0.9854509493509791,-0.01326933799955617,0.9854509493509791,True
0.0011608532938799515,0.059998161974298185,-0.11034526504957066,0.9855255888081169,-0.012442655970109068,0.9855255888081169,True
0.00125656472801254,0.06004746371871871,-0.1104174556289175,0.9854789741574059,-0.013369596112368466,0.9854789741574059,True
0.0011394803008769499,0.06000136193770207,-0.11036690645125069,0.9855299179251422,-0.012238553205457355,0.9855299179251422,True
0.0010507166526978438,0.05985535930184781,-0.11033671130105133,0.9856016678649583,-0.011795645515531044,0.9856016678649583,True
0.0010098566211615423,0.05981338687510267,-0.11037358606168722,0.9856443436346413,-0.011794781396032263,0.9856443436346413,True
0.0009468752362815362,0.05988430537016654,-0.11040196283404521,0.9856916688252026,-0.011585341406527295,0.9856916688252026,True
0.0009344656261804919,0.060104369499189014,-0.11047803959455244,0.985706362150353,-0.011788834163707858,0.985706362150353,True
0.0007852137822278669,0.06016362904038331,-0.1104284125565991,0.9857871179782335,-0.010658848592349513,0.9857871179782335,True
0.0006862122953790526,0.06036773999449368,-0.11047359258975374,0.985839696996852,-0.010047558664035087,0.985839696996852,True
0.0005432976078397226,0.06064741111509565,-0.11055345189721223,0.985906189134116,-0.00907540239322803,0.985906189134116,True
0.00045742621066673333,0.061065592527634646,-0.11071048389126055,0.9859382006069118,-0.008614973839824982,0.9859382006069118,True
0.00035440052341508335,0.06150937117980096,-0.11087015670669055,0.9859747247300985,-0.00797638090386716,0.9859747247300985,True
0.0002936813505033923,0.062178862920566645,-0.1111530593404115,0.9859770896231147,-0.007765530472637076,0.9859770896231147,True
0.00022471434545655802,0.06299053040430175,-0.11145313485507768,0.9859778637495694,-0.007479561235256698,0.9859778637495694,True
0.00014689148560158635,0.06392938393418009,-0.11177336950538415,0.985976305427119,-0.007113602558681034,0.985976305427119,True
0.0008954308722587763,0.058870133416887106,-0.11024544483838535,0.9858193976594898,-0.012089421972249846,0.9858193976594898,True
0.0008099439515226913,0.05908781038503555,-0.11010958958881915,0.9858981727335202,-0.01168247367625327,0.9858981727335202,True
0.0006468474080727383,0.058741305937018276,-0.11004617726055879,0.9859673281723471,-0.010032680640825735,0.9859673281723471,True
0.0006511448158256255,0.059028972189425426,-0.1100841119758544,0.9859827781447389,-0.010363971134709613,0.9859827781447389,True
0.0007773259630895482,0.059239603320534885,-0.11015467008360198,0.9859244270201614,-0.011589101784686697,0.9859244270201614,True
0.0006146867018183759,0.05899556681572007,-0.1101054532330076,0.9859939310176008,-0.01000608756709604,0.9859939310176008,True
0.0008535583186165507,0.059018838376828225,-0.11025710426072251,0.9858476429208545,-0.011882399103224143,0.9858476429208545,True
0.0007469448147789372,0.05897675251737711,-0.11006650997350574,0.9859428100891661,-0.011206059021960115,0.9859428100891661,True
0.0005924667409178043,0.058910390050872966,-0.1099229294660334,0.9860461525637519,-0.010006250878374314,0.9860461525637519,True
0.0004426257911338706,0.05893458067268605,-0.10978205960348666,0.9861598267138014,-0.008981607371545706,0.9861598267138014,True
0.0003557995225509797,0.059071622423551136,-0.10970927625478885,0.9862402414563365,-0.008557383744557204,0.9862402414563365,True
0.00023460940053926822,0.059180061717655906,-0.10964237697711779,0.9863227300251887,-0.007699379741444509,0.9863227300251887,True
0.00028970172764962915,0.05942220723785334,-0.10971598162145137,0.9863059010501493,-0.008385838608984413,0.9863059010501493,True
0.00015941354551650622,0.05940900453385244,-0.1096332429591584,0.9863834362196426,-0.007314848565595527,0.9863834362196426,True
4.1703275285121064e-05,0.059540300302154084,-0.10960034273741487,0.9864641948295033,-0.006508271671761724,0.9864641948295033,True
0.00017876625419270079,0.059646442332175975,-0.10968041340854688,0.9863925396361826,-0.007735894890578058,0.9863925396361826,True
0.00019287973747370016,0.059849958231273065,-0.10966820286785285,0.9864166212072684,-0.008146668523651413,0.9864166212072684,True
0.0001146704043118367,0.060046527004872806,-0.10953670442922318,0.9865028486118306,-0.007807589607111974,0.9865028486118306,True
1.839055297655434e-06,0.0602025270329862,-0.10944484953447656,0.9865856257853367,-0.007046192315007079,0.9865856257853367,True
-0.00013338959955492581,0.06006782661550088,-0.10936799664677373,0.9866536851163381,-0.005792878766490057,0.9866536851163381,True
-0.00017163687680792568,0.06043159900475421,-0.10942614398348563,0.986700266239859,-0.005800065427298676,0.986700266239859,True
-0.00031644253269572944,0.06028585367659494,-0.10932702904527125,0.9867743176811573,-0.0044813582356936586,0.9867743176811573,True
-0.0004267645508313468,0.06057289053455602,-0.10938003738877491,0.9868470949092212,-0.0037638071581601444,0.9868470949092212,True
-0.00013510549110871918,0.0601005979509907,-0.10931281438796986,0.9866752705726217,-0.005921672439150592,0.9866752705726217,True
-0.0001410312632018349,0.060316989820162564,-0.10927683536414344,0.9867210560856061,-0.006202244058311995,0.9867210560856061,True
-0.0002753226254781997,0.06021765490105865,-0.10919761310420074,0.9867909536140235,-0.00500007581988196,0.9867909536140235,True
-0.00031261031876293966,0.06047415596486141,-0.10918846933101381,0.986853848614266,-0.005026385656450452,0.986853848614266,True
-0.0004317234038807806,0.06058844589397473,-0.10912677054283984,0.9869361322203051,-0.004144365690676865,0.9869361322203051,True
-0.0005829994050479619,0.060376649941318944,-0.1090141715453985,0.9870080028093826,-0.002696138135204874,0.9870080028093826,True
3.7994548216126684e-06,0.05881600143654712,-0.10858363297845863,0.9865564739307744,-0.0061748413808626786,0.9865564739307744,True
-4.660033756601185e-05,0.05865715386746755,-0.10833824128578715,0.986668661449011,-0.006106344635192302,0.986668661449011,True
-9.077043794443962e-05,0.05863378495674448,-0.10812060638863527,0.9867664056474359,-0.006085447179882003,0.9867664056474359,True
-0.00013059827085283753,0.05874821050833789,-0.10792557954919735,0.9868537810447029,-0.006099524824044389,0.9868537810447029,True
-0.0001237675414855339,0.05900226547962429,-0.10778276126000308,0.9869061608247355,-0.006476961689850801,0.9869061608247355,True
9.642064833975467e-05,0.05880315402241369,-0.10811323409401041,0.9867222836132853,-0.008070459637792807,0.9867222836132853,True
8.043052214452535e-06,0.0588058781652174,-0.10782027671695163,0.9868288368674407,-0.0075359592514060245,0.9868288368674407,True
-0.00011893293418401424,0.05865281539232523,-0.1078572538532845,0.9868663345625288,-0.006261397048886058,0.9868663345625288,True
-2.6479254393355192e-05,0.05876094768172085,-0.10784511016161205,0.9868400457013832,-0.00719949298806675,0.9868400457013832,True
-0.0001530554642464679,0.05854571244381459,-0.10850792417114757,0.9866964110911556,-0.005105050428874069,0.9866964110911556,True
-0.00017871198527996904,0.05843375856812108,-0.10833507941036834,0.9867852515900929,-0.005242003877135519,0.9867852515900929,True
-0.00033300929890128816,0.05829908587382546,-0.10863376986661809,0.9866873289330333,-0.0029356961399186095,0.9866873289330333,True
-0.0004047717762443928,0.05812462997033903,-0.10856602087959716,0.9867860379502972,-0.002632173767786048,0.9867860379502972,True
-0.0003491049811950413,0.05813458811486769,-0.10860337129157381,0.9867954663511055,-0.003370756491414099,0.9867954663511055,True
-0.00033500248429414644,0.05811268735462795,-0.10855087847442574,0.9868464278708801,-0.0038152805291034987,0.9868464278708801,True
-0.00021380592514629978,0.058191347086461384,-0.10861754720338204,0.9867908320483343,-0.0049438614940302385,0.9867908320483343,True
-0.0001613210381694197,0.05819269356358686,-0.10851471593744812,0.9868158593070435,-0.005655861397451144,0.9868158593070435,True
-0.00017998767729666105,0.05812042953738875,-0.10825142160320908,0.9869093797882134,-0.0058481109739855685,0.9869093797882134,True
-0.00013205471141360364,0.05821894586272681,-0.10811243228558393,0.9869390002098408,-0.006538169012128304,0.9869390002098408,True
3.1148868667543496e-05,0.058267034278467675,-0.10839127796151471,0.9868007772046864,-0.00776361370609013,0.9868007772046864,True
0.00016676591904704396,0.058414814659170686,-0.10874922323438686,0.9866629332106476,-0.008718621187847109,0.9866629332106476,True
9.542022419867002e-05,0.05819256504195328,-0.1083066789964892,0.9867871849311791,-0.008377658334881317,0.9867871849311791,True
4.634941119539665e-05,0.058011670321566844,-0.10783300280659518,0.9869121596423476,-0.008301440728725998,0.9869121596423476,True
1.5921689399875022e-05,0.05795214582008217,-0.10739169950406545,0.987021428527118,-0.00838761399924564,0.987021428527118,True
-2.3215464793428436e-05,0.05801800833841265,-0.10697727319889143,0.9871258222354693,-0.008367931988903652,0.9871258222354693,True
-0.00010178598611577518,0.05788818958225717,-0.10705464303169103,0.9871406062800091,-0.007548848690894136,0.9871406062800091,True
-5.9737302373773976e-05,0.05804254562670927,-0.10687418126303673,0.9871690322528482,-0.008176823970568327,0.9871690322528482,True
0.00017068248119965842,0.05791099803208309,-0.10753851737841509,0.9869295041021577,-0.009699463896404527,0.9869295041021577,True
0.0004244022157100533,0.05820850065121224,-0.1085413397260248,0.986623684183751,-0.01131661396199359,0.986623684183751,True
0.00042480962024428617,0.057966602097858665,-0.10803604685621729,0.9867208072003834,-0.01164837701886179,0.9867208072003834,True
0.0005010587140470613,0.057994767267477335,-0.1080119894248346,0.9866936738586777,-0.012379290666824933,0.9866936738586777,True
0.00047562665982981507,0.057716890750605765,-0.10736907522583908,0.9868185008071453,-0.012530787326951176,0.9868185008071453,True
0.0005332473676788247,0.05771162715524206,-0.10721701231679967,0.9868216733060302,-0.013168230556179075,0.9868216733060302,True
0.0005045438306592423,0.05751958148724876,-0.10655443415830052,0.9869449968353242,-0.013284316486770439,0.9869449968353242,True
0.0004481249534104094,0.05744189085108319,-0.10600595553462552,0.9870553733948929,-0.013085052605143931,0.9870553733948929,True
0.0005525152655432229,0.057497634822028874,-0.10627609467372022,0.9869666154769757,-0.013908662769239152,0.9869666154769757,True
0.00048379741179775307,0.05759348157122802,-0.10735743458516107,0.9868301996278155,-0.012616320271688705,0.9868301996278155,True
0.0007160665739922846,0.058180732397011624,-0.10879532659278711,0.9864867752379979,-0.013790721198438959,0.9864867752379979,True
0.0006587452200669061,0.05857330626195508,-0.10944961539738185,0.9864002970194841,-0.012861155599526638,0.9864002970194841,True
0.0006329344715799149,0.05810388052348434,-0.10891283692361504,0.9865093464838793,-0.012991995637964136,0.9865093464838793,True
0.0006204807975397432,0.05776839563827103,-0.10842414173343944,0.9865999738741966,-0.01321484543968814,0.9865999738741966,True
0.0007035376856570119,0.05785383008430303,-0.1085286746531201,0.9865481575151289,-0.01392722334782332,0.9865481575151289,True
0.0006516597597473056,0.05752105895933901,-0.10797567240602628,0.9866600002553616,-0.013795939141316285,0.9866600002553616,True
0.0005995424455607814,0.05728561115461323,-0.10747477923250968,0.9867610521375682,-0.013641445286832978,0.9867610521375682,True
0.0005249038930789533,0.05724631274920812,-0.10748362750887283,0.9867910085817613,-0.012931055197149648,0.9867910085817613,True
0.0004625090833776587,0.0570955603820106,-0.10713240756562256,0.9868749145564518,-0.012628935529304696,0.9868749145564518,True
0.0004433954123005236,0.05702130447415789,-0.10678590405340481,0.986936127478518,-0.012763934783794109,0.986936127478518,True
0.00040768258342315314,0.05704638950495886,-0.10644798330416862,0.9869992401127408,-0.012746852860372162,0.9869992401127408,True
0.0003797766119777747,0.057173206964848226,-0.10613568913917205,0.9870519251536957,-0.012794589615279739,0.9870519251536957,True
0.0003416509263373672,0.057426685415747386,-0.10586092586935494,0.9870984951583752,-0.012731614735683813,0.9870984951583752,True
0.0002582953426422163,0.057431791125147166,-0.1057802238694022,0.9871446745666397,-0.012002251119621212,0.9871446745666397,True
0.00019998696671363558,0.05770788852589209,-0.10562541067156475,0.9871819638951158,-0.01168943222321254,0.9871819638951158,True
0.00017975889190002302,0.058177755523807245,-0.105505171107833,0.9871941955668302,-0.011786342289085113,0.9871941955668302,True
0.00020629652131046628,0.05868345836844048,-0.10545693268087226,0.9871755320354878,-0.0122521568730071,0.9871755320354878,True
0.0001638587965600392,0.05921982676165959,-0.10532446055202536,0.9871944725093224,-0.012122512759360179,0.9871944725093224,True
2.8004759164138845e-05,0.0587636078791742,-0.10527416441936017,0.9872718938680547,-0.010717143360840117,0.9872718938680547,True
-3.961781760670907e-05,0.05918486550003076,-0.10524318962685728,0.987293536448267,-0.01027676289307836,0.987293536448267,True
-0.00012431318767713775,0.059469250054769184,-0.10521917870931634,0.987325142879191,-0.0096234121932906,0.987325142879191,True
-0.0002573332777597978,0.0598318212769672,-0.10519952780945849,0.987375155721393,-0.008542963514928304,0.987375155721393,True
-0.0003158207384227262,0.059969461859690425,-0.10520569283744033,0.9873972337752909,-0.008053919769263755,0.9873972337752909,True
-0.0003565273644707031,0.06076631925347058,-0.10542605714160376,0.9873701434608786,-0.00794496430240125,0.9873701434608786,True
-0.000259809034233853,0.06053806670670536,-0.10540180646615033,0.9873372818292044,-0.008754880574056012,0.9873372818292044,True
-0.0002713350171113656,0.06123811738633875,-0.10550296104634574,0.9873165021071421,-0.008918163992039922,0.9873165021071421,True
-0.00013411812547898958,0.06160774345718021,-0.10563322057964955,0.9872345943001897,-0.01027552972584436,0.9872345943001897,True
-0.00031610649834641196,0.06065431329862328,-0.105497785191179,0.9873465475249109,-0.00826525327950612,0.9873465475249109,True
-0.00035364238918157687,0.06122036092363427,-0.10557287315497253,0.9873482593378942,-0.00818376688280797,0.9873482593378942,True
-0.0003463996742125976,0.061882228748578266,-0.10571061175096803,0.9873196556307725,-0.008497432533326046,0.9873196556307725,True
-0.0003987508998993399,0.06253284896631328,-0.10578510268655983,0.9873246507259094,-0.008269641286512358,0.9873246507259094,True
-0.00024171331518726445,0.06277131092089713,-0.10590939931837567,0.987238433750679,-0.009757161897572348,0.987238433750679,True
-0.00025202826429729044,0.06345176834393056,-0.10593628238731828,0.9872339439632727,-0.009946575468149584,0.9872339439632727,True
-0.0003109645252314099,0.06407899597952241,-0.1059337749290102,0.9872517153883704,-0.009641815215729285,0.9872517153883704,True
-0.00034486198149269443,0.06492099261761343,-0.10599746608547157,0.9872484111748602,-0.009602051097979243,0.9872484111748602,True
-0.000491556942319603,0.06457698101872157,-0.10587448609241798,0.9873319904454405,-0.008179722336981138,0.9873319904454405,True
-0.0005692839696325145,0.06504920636875682,-0.10592662219909592,0.9873538204445546,-0.00762098394199586,0.9873538204445546,True
-0.0005329203424589108,0.06582337099019908,-0.10613840155065034,0.9873043280510174,-0.008170861779068466,0.9873043280510174,True
-0.0003243752058574629,0.06492640733065955,-0.10607852813824419,0.9872292710363524,-0.00978399881544309,0.9872292710363524,True
-0.00024888623058282473,0.06521819109123111,-0.10611653584720872,0.9871928689644485,-0.010593081687237276,0.9871928689644485,True
-0.0002864826322553246,0.0656857314952588,-0.10598447217049049,0.9872326449651858,-0.010548793801621787,0.9872326449651858,True
-0.00033360234845090177,0.06625841661265354,-0.10587465519887455,0.9872697656767797,-0.010388942037699973,0.9872697656767797,True
-0.00042926867398395774,0.0664071918516391,-0.1057984324189536,0.9873211805849053,-0.00960242422114447,0.9873211805849053,True
-0.00046428192512958447,0.0671243685269041,-0.10578934594954535,0.9873411746127866,-0.009565312233741128,0.9873411746127866,True
-0.00020245016349282438,0.06575334855896899,-0.10589212527505074,0.9872150619401587,-0.011467774524960436,0.9872150619401587,True
-0.0002612383046240592,0.06613016684491799,-0.10569568909530344,0.9872759715590502,-0.011185889976270336,0.9872759715590502,True
-0.0002129619687876531,0.06647560234482126,-0.10565284758115082,0.9872654048665941,-0.011808098535683043,0.9872654048665941,True
-0.00014896941411426804,0.06672393790713846,-0.10561732103017633,0.9872459208478619,-0.01252524326409612,0.9872459208478619,True
-0.0002697442951872752,0.06459842846847047,-0.10680651997556485,0.9870991745875454,-0.009918919923483755,0.9870991745875454,True
-0.0004186208895312423,0.06460541202780593,-0.10664226069292553,0.9871952826077822,-0.00871266154504609,0.9871952826077822,True
-0.0004572486937289018,0.06482167473466795,-0.1065637665471626,0.9872458098887555,-0.008644337408754147,0.9872458098887555,True
-0.0005284666990316379,0.06450477843125318,-0.10653341163537684,0.9872673589368716,-0.0077845901247319965,0.9872673589368716,True
-0.0006028823947536198,0.06470712255418425,-0.10653448837274655,0.9873201728644526,-0.007335063204131695,0.9873201728644526,True
-0.0006572442331733767,0.06503060056112919,-0.10660436832242412,0.9873575068739677,-0.00712292275798483,0.9873575068739677,True
-0.0007465251036298308,0.06529667163032608,-0.1066320823698699,0.9874076496971941,-0.0064955355997301616,0.9874076496971941,True
-0.0006819286676914847,0.06560494617969814,-0.10676253938722963,0.9873747554975767,-0.007240363707964857,0.9873747554975767,True
-0.0006978649866698074,0.06603182301084366,-0.10683536633071235,0.9873957646521244,-0.00738097878804157,0.9873957646521244,True
-0.0006658792963514018,0.06647035539367926,-0.10692439354996319,0.9873869035741436,-0.00789488911516833,0.9873869035741436,True
-0.0006470400847959697,0.06676726854567074,-0.10695421927315084,0.9873872748079378,-0.008228661156950725,0.9873872748079378,True
-0.0006871191699700728,0.06701024294062785,-0.1068956335219036,0.9874252923401015,-0.008036936033446613,0.9874252923401015,True
-0.0001057702369720552,0.06297386871030651,-0.1071773268451102,0.9869642898066155,-0.010924047537712072,0.9869642898066155,True
-0.00020755303704921555,0.06275713874043419,-0.10679634255991352,0.9870860609160553,-0.010240697847463131,0.9870860609160553,True
-0.0002577292939963546,0.06259524283926973,-0.1064203349296907,0.9871910855053914,-0.010083854988986396,0.9871910855053914,True
-0.00030692485068182335,0.06254695881546408,-0.10608143657584873,0.9872860681952335,-0.009928559212293825,0.9872860681952335,True
-0.0004531473712067612,0.06248264550652311,-0.10589224745270256,0.987383147389722,-0.008683724570682894,0.987383147389722,True
-0.0005110834436115336,0.06232952736106944,-0.106043280347295,0.9873651126326182,-0.0078895320265375,0.9873651126326182,True
-0.0005366684544292588,0.06238225951390684,-0.10590340761015796,0.9874262309189283,-0.007946077483388056,0.9874262309189283,True
-0.00045198567529321866,0.06238204686680739,-0.10600042401694311,0.9873683805004873,-0.008628526171063456,0.9873683805004873,True
-0.0005028383222123377,0.062339899523754065,-0.10598490991747202,0.9873899228338364,-0.00814317836915647,0.9873899228338364,True
-0.0002399156733509122,0.06249450451126809,-0.10650352674628479,0.9871352329449673,-0.009933014432645736,0.9871352329449673,True
-0.00020523574302264274,0.062367921979311916,-0.10632048346459833,0.9871673027434563,-0.010430513534521504,0.9871673027434563,True
-0.00026918552117058745,0.062096644384875554,-0.10592367114826619,0.9872791054844678,-0.010120631894216612,0.9872791054844678,True
-0.0001223817628927658,0.06226649541984945,-0.10615587830777949,0.9871730527792031,-0.011351088052560087,0.9871730527792031,True
-0.00023098603076628137,0.06227054296161114,-0.10621076097556771,0.9872034839890943,-0.01026297442343471,0.9872034839890943,True
-0.0002518060766096708,0.06197386465684183,-0.10584113390451198,0.9872965312758696,-0.010369191327991313,0.9872965312758696,True
-0.00030494941217697386,0.061753657224473485,-0.10547103403206663,0.9873996063286483,-0.010154267149469886,0.9873996063286483,True
-0.0003171991690995306,0.061655400945311016,-0.10517171312699085,0.9874698451700984,-0.010320393627819769,0.9874698451700984,True
-0.000466732766018156,0.061565991445754906,-0.10538720208818589,0.9874825152038279,-0.008640404154647821,0.9874825152038279,True
-0.0005343743724340461,0.06146616832020062,-0.1051826796499311,0.9875615729516051,-0.008221295923509607,0.9875615729516051,True
-0.0005890176001238426,0.06143223998669626,-0.10518221403585072,0.9875788036896157,-0.007656557111815252,0.9875788036896157,True
-0.0005775300043326651,0.061419702074633285,-0.10511243229362718,0.9876102118857483,-0.008000645667884112,0.9876102118857483,True
-0.0005839056218906795,0.061425063340561595,-0.10500323276250682,0.9876538222389544,-0.008184717521156916,0.9876538222389544,True
-0.0006594652720821764,0.06138431393074423,-0.10492978872654594,0.9877005020307572,-0.007529071678465083,0.9877005020307572,True
-0.000663395095124626,0.061448308762338776,-0.10485613864368859,0.9877398447851395,-0.007748963125466854,0.9877398447851395,True
-0.0007240588362955755,0.0615156474443913,-0.10474194714096119,0.9878033659792358,-0.007418265790769852,0.9878033659792358,True
-0.0007529941515615103,0.06170598569880336,-0.10469309539373539,0.987845956714691,-0.007411054054207058,0.987845956714691,True
-0.0006007973358533195,0.06136572517819065,-0.10480648022300511,0.9877356373104424,-0.008457847701905136,0.9877356373104424,True
-0.0006615553106216052,0.061278693197209216,-0.10491110744953902,0.9877297549485597,-0.007700750789591783,0.9877297549485597,True
-0.0006894913500198116,0.06128360196191944,-0.10477269340620428,0.9877920662511261,-0.007715790472749539,0.9877920662511261,True
-0.0006523044171096855,0.061376647426249875,-0.10476012929613712,0.9877897159641986,-0.008184740544840682,0.9877897159641986,True
-0.0006248219224078769,0.06145035068077341,-0.10469546196204092,0.9877993566216619,-0.008588141421882488,0.9877993566216619,True
-0.0006283129654175099,0.06151150294523622,-0.10448592232685563,0.9878533508083541,-0.008809040210936649,0.9878533508083541,True
-0.000676564719938955,0.06161338593295989,-0.10425637618077543,0.9879240410379245,-0.008596018393620937,0.9879240410379245,True
-0.0005233876794191464,0.061718884179303504,-0.10436355737034383,0.9878440034509837,-0.01003248201042816,0.9878440034509837,True
-0.0006833062643631532,0.06150352180643812,-0.1044711268467533,0.9878822985497082,-0.008320574394487117,0.9878822985497082,True
-0.0007248626788926097,0.06153479931706421,-0.10426449872960389,0.9879518933531529,-0.008185705397174114,0.9879518933531529,True
-0.0007957318549670257,0.06124813496745103,-0.10444563221310295,0.9879230884941056,-0.007111833532237882,0.9879230884941056,True
-0.0008776486255636295,0.061235570667903666,-0.1043656873867147,0.9879841875913751,-0.0064739206034330685,0.9879841875913751,True
-0.0009337721360736624,0.06129874866134635,-0.10432895307635912,0.9880424155043483,-0.006180762780878706,0.9880424155043483,True
-0.0008947409334918656,0.06145318256145162,-0.10439538673150134,0.9880383598854073,-0.006738892290312732,0.9880383598854073,True
-0.0008872473484585632,0.061637206132292795,-0.10439325494135411,0.9880626971895725,-0.007051211145700528,0.9880626971895725,True
-0.0008014769138854717,0.061673356312815696,-0.10445926912262624,0.9880141330905298,-0.007830354695719095,0.9880141330905298,True
-0.0008728007591558137,0.061634646184500805,-0.10439412975521016,0.9880565949565135,-0.007187193015860699,0.9880565949565135,True
-0.0008570921288123817,0.06176212029616048,-0.10434100818975584,0.9880835083005336,-0.007569407035285789,0.9880835083005336,True
-0.0008845324199594818,0.061905233773142644,-0.10423507701970318,0.9881371952988881,-0.007567337623597123,0.9881371952988881,True
-0.0008929623064631723,0.06215380160243925,-0.10417376600633965,0.9881759288601787,-0.007726022560384524,0.9881759288601787,True
-0.0008425059451508763,0.06218051200922171,-0.10421275211075011,0.9881461766546248,-0.008196347608015358,0.9881461766546248,True
-0.0008940953828091216,0.06214502120577815,-0.10417111276538578,0.9881756487486845,-0.007732772890911362,0.9881756487486845,True
-0.0008860742518599687,0.06235120245612664,-0.10407734725450234,0.9882082528145807,-0.008036130319605565,0.9882082528145807,True
-0.0008978035439574468,0.06259050596224627,-0.1039529682843288,0.9882547304216959,-0.008179421293276905,0.9882547304216959,True
-0.0009529027978332007,0.06250471796028961,-0.10392937940206681,0.9882798283268232,-0.007637151819698484,0.9882798283268232,True
-0.0010182626045473864,0.06267943882237845,-0.10385987960433626,0.9883334034362897,-0.007188151804005855,0.9883334034362897,True
-0.0010080573687760888,0.06306744788266201,-0.1038708440962189,0.9883523386159894,-0.00753589251967582,0.9883523386159894,True
-0.0010402767504991473,0.06346139153632688,-0.10386019433651063,0.9883888271024515,-0.007465317013801361,0.9883888271024515,True
-0.0009284700036726332,0.06282558061464015,-0.10388639597494234,0.9883071938914271,-0.008179502688473757,0.9883071938914271,True
-0.0009530853587551184,0.06304437827694527,-0.10373209243778479,0.9883622619430018,-0.008168913049988305,0.9883622619430018,True
-0.0009783145722672456,0.06336424733376463,-0.10360227966863092,0.9884137399119277,-0.008180737326819412,0.9884137399119277,True
-0.001148081047692772,0.060635249991309675,-0.10403920193257857,0.9883129095104344,-0.005124365549355196,0.9883129095104344,True
-0.001191656101627845,0.0608194312944235,-0.10404924693920121,0.9883600446836196,-0.0049337840135314556,0.9883600446836196,True
-0.0012285617143883796,0.06107519388839659,-0.10410339176619303,0.9884002708209682,-0.004819440228100998,0.9884002708209682,True
-0.0011986397295958248,0.06143639461084504,-0.10422546568688244,0.988399545833319,-0.005315921425124187,0.988399545833319,True
-0.001114594062033022,0.06166027981782909,-0.1043297991295447,0.9883613592066429,-0.00619771105330092,0.9883613592066429,True
-0.0011244904494390315,0.06198673865656027,-0.10431302120516893,0.9883981884852019,-0.006346176564042883,0.9883981884852019,True
-0.0012226647684793074,0.062001034551025444,-0.10424235805406044,0.9884561701460582,-0.005478406683345225,0.9884561701460582,True
-0.0010396122075973493,0.06151300742936401,-0.10426856928524916,0.9883286814820904,-0.006844472287850106,0.9883286814820904,True
-0.0011624882651536364,0.06130907977039495,-0.10426117010997486,0.9883621317893592,-0.005553430677114974,0.9883621317893592,True
-0.0010997776499445829,0.061431505420742084,-0.10428588281172013,0.9883535431080702,-0.006265597768046569,0.9883535431080702,True
-0.0011693040309238992,0.06145364907538405,-0.10416236456143405,0.9884231566955803,-0.005762268937056403,0.9884231566955803,True
-0.0011594666573155731,0.06159523158857446,-0.10412539116205079,0.9884607428027862,-0.006085827217449097,0.9884607428027862,True
-0.0012030705045585218,0.061742725516676644,-0.10401697464658485,0.988525801841212,-0.005887048349756547,0.988525801841212,True
-0.0012017295539533265,0.062012425123185444,-0.10399404252077403,0.9885637816648568,-0.006132077596661909,0.9885637816648568,True
-0.0009483185862337474,0.06074855894254526,-0.10425789358698492,0.9882889284494839,-0.007555455987804055,0.9882889284494839,True
-0.0009890784398054193,0.06066210836930681,-0.10397222955474875,0.9883780540876287,-0.007381236917289202,0.9883780540876287,True
-0.0009812461025131831,0.06069716164256349,-0.10373649754549988,0.9884383403437557,-0.007680175965633139,0.9884383403437557,True
-0.0006816652074336684,0.06015372147093364,-0.10604922420638647,0.9877345554380279,-0.008525157327230429,0.9877345554380279,True
-0.0005923926255280779,0.0599344098350358,-0.10575816251867694,0.9877584329677367,-0.00949684785235991,0.9877584329677367,True
-0.0005287578900139582,0.05991820117301555,-0.10571552076707848,0.9877422634701055,-0.010116841947174188,0.9877422634701055,True
-0.00044728674238537597,0.059860378703747136,-0.1056201828468369,0.9877279268653125,-0.010926372662177924,0.9877279268653125,True
-0.0005377316115703943,0.05970328086593145,-0.10541707378867249,0.9878015283711,-0.01014924686266513,0.9878015283711,True
-0.0006668488296951027,0.060086669683709605,-0.10594105475880237,0.9877536742747504,-0.008707701180394002,0.9877536742747504,True
-0.0003555048487843082,0.06209998850903598,-0.10802985636334947,0.987193685450315,-0.010587382694352509,0.987193685450315,True
-0.0004156872700962011,0.062305125525294776,-0.10819693079640531,0.9871838428731163,-0.009955025924701662,0.9871838428731163,True
-0.0005380033354378688,0.062286443583968086,-0.1081553761130901,0.9872398554348477,-0.008838381229788401,0.9872398554348477,True
-0.0003075398787580101,0.06370275818483237,-0.10919452628373505,0.9869187858061301,-0.010417368156272247,0.9869187858061301,True
-0.00032871770028710485,0.0628874385358992,-0.10859486620849018,0.9870518882610795,-0.010500287629434855,0.9870518882610795,True
-0.0002702042737194284,0.06259941339074032,-0.10837699483871518,0.9870730254716962,-0.011147263895131791,0.9870730254716962,True
-0.0003000485157478576,0.06188476431826146,-0.10774872186971059,0.9872050322261048,-0.011152547084719681,0.9872050322261048,True
-0.00023211468318463184,0.06201448921259927,-0.10788411139378658,0.987152950982653,-0.01172510776310048,0.987152950982653,True
-0.00016708208469191877,0.06214519248139151,-0.10802525137896034,0.9871013279950424,-0.012266317950692924,0.9871013279950424,True
-0.0002206888493650047,0.06178007191135498,-0.10763645105599746,0.9871899628141227,-0.011929674600391814,0.9871899628141227,True
-0.0002369817020700898,0.06327874270518424,-0.10917615234033837,0.9869334071530325,-0.01107376692865841,0.9869334071530325,True
-0.00020704305273253702,0.06300596765491995,-0.10899548253802983,0.9869572314527648,-0.0114599546077513,0.9869572314527648,True
-0.0002548264394495822,0.06240121788361598,-0.1085149673670186,0.9870654057803149,-0.0112750643180753,0.9870654057803149,True
-0.00034140525108968954,0.06208537400326219,-0.10823788335189685,0.987150370818881,-0.010625384777081704,0.987150370818881,True
-0.00031163385559082076,0.06168536435441487,-0.1079475686387762,0.9871932647982434,-0.0111013270148338,0.9871932647982434,True
-0.00039072064699727477,0.0612732095788556,-0.10757694404793783,0.987290759233678,-0.010591130802559731,0.987290759233678,True
-0.00031396319821673773,0.061243541544418224,-0.10755062062635465,0.9872638461533659,-0.011335355685863661,0.9872638461533659,True
-0.0003693920710338752,0.06098939130864778,-0.1072960934466343,0.9873292812287208,-0.010969272617085862,0.9873292812287208,True
-0.0004919231123951695,0.0620482594529545,-0.10826553126723752,0.9872176881071878,-0.009069585319928835,0.9872176881071878,True
-0.00040758358651431226,0.06180739487765679,-0.1081987539704206,0.9872024674975015,-0.00998484441942077,0.9872024674975015,True
-0.00045327145108730183,0.06138533479671407,-0.10794968766496571,0.9872709310968325,-0.009802798817455802,0.9872709310968325,True
-0.0004953158655730931,0.06102207234877207,-0.1077227056358542,0.9873324499766258,-0.009661301113738412,0.9873324499766258,True
-0.0006087624714004172,0.06075616128810532,-0.10752018006641488,0.9874166051015305,-0.008820092809601996,0.9874166051015305,True
-0.0004488156286407397,0.06097467551931269,-0.10769750423182374,0.987318522385715,-0.010127293148452935,0.987318522385715,True
-0.00024091139119367184,0.061722409268783765,-0.10832670659122043,0.987122659009813,-0.011478274823979517,0.987122659009813,True
-0.00026843265142616863,0.06124214074375065,-0.10793344067965667,0.987200897673216,-0.011480002444149482,0.987200897673216,True
-0.0003208901632170016,0.060938323771528295,-0.10763007981115706,0.9872708187303703,-0.011189571142513286,0.9872708187303703,True
-0.0004039839396259624,0.06116494984536236,-0.10785137873182793,0.987272308477813,-0.010213417116734142,0.987272308477813,True
-0.00037198241743953517,0.06102718616299557,-0.10776357386233627,0.9872750704684167,-0.010614557682730796,0.9872750704684167,True
-0.00040976001945995877,0.061807431016926886,-0.10836772615351876,0.9871917174355341,-0.0096782058913096,0.9871917174355341,True
-0.0005192393438901421,0.06138611816202303,-0.10816641782831843,0.987279979231134,-0.008907012305952304,0.987279979231134,True
-0.0005618662788661643,0.061017025912406646,-0.108039644710197,0.9873276109034312,-0.008771600277566025,0.9873276109034312,True
-0.0005867066901472848,0.06075437846009261,-0.1079623847483663,0.987356508611174,-0.008790197657918277,0.987356508611174,True
-0.0006055474839343026,0.06059705547032456,-0.10790359503496148,0.9873765742176331,-0.008857317957975501,0.9873765742176331,True
-0.0005240610454989572,0.06061663526884563,-0.10794845072079157,0.9873325210553345,-0.009747234214094853,0.9873325210553345,True
-0.0006450207385075149,0.06052953851516354,-0.10782146427722683,0.9874018066532468,-0.008740668952847785,0.9874018066532468,True
-0.0006887508940170808,0.060475363397778883,-0.10778205167774724,0.9874251101596188,-0.008557693800431405,0.9874251101596188,True
-0.0006912045139011339,0.060543777030105765,-0.10780768221425675,0.9874167306894512,-0.008748409637863106,0.9874167306894512,True
-0.0006142848029835512,0.06068919087317529,-0.10788499258615555,0.9873657362572986,-0.009621016113091454,0.9873657362572986,True
-0.0006011276819744505,0.06081945555175766,-0.10788566932723499,0.9873512114796389,-0.009930615760662346,0.9873512114796389,True
-0.0006439581686278986,0.06093423832199609,-0.1078357111655608,0.9873665668107969,-0.009740788974450257,0.9873665668107969,True
-0.0006689611427106152,0.061177121979354564,-0.1078288695582864,0.9873631271303451,-0.009738930004640503,0.9873631271303451,True
-0.0008077591148560582,0.06058741296798867,-0.10765286840396661,0.987476766874545,-0.008185873157166462,0.987476766874545,True
-0.0008504594016304728,0.06046983382996191,-0.10758655156139477,0.9875081585257488,-0.0077269242058791345,0.9875081585257488,True
-0.0008840981089298558,0.06070893382968465,-0.10774933131469194,0.987492301485993,-0.007629733578394189,0.987492301485993,True
-0.0008723362528622864,0.06094793401509157,-0.10792757151579341,0.9874548203963565,-0.0078836399300429,0.9874548203963565,True
-0.0008928144532934498,0.06127806925680242,-0.1081134262831867,0.9874263897815864,-0.007937028214976377,0.9874263897815864,True
-0.0008882414775075213,0.06168387380519274,-0.10831866655576136,0.9873804415939994,-0.008179274182757285,0.9873804415939994,True
-0.0009132859101008776,0.06214110524652115,-0.10848629526632313,0.987351184561784,-0.008184346592773653,0.987351184561784,True
-0.0009539643679433639,0.062402975829526856,-0.10855839638117903,0.987348668917434,-0.007938783639719957,0.987348668917434,True
-0.0009865549631121564,0.06299327563977289,-0.10880023717041667,0.9873069914291993,-0.00788259668267878,0.9873069914291993,True
-0.0010130686922360198,0.06370455964054525,-0.10908377550676324,0.9872534016880984,-0.007894482003055679,0.9872534016880984,True
-0.0010311323946294063,0.06456031550387409,-0.10942626455342279,0.9871817606443893,-0.007972597966391768,0.9871817606443893,True
-0.0010737297416534466,0.06542354287420665,-0.10972209262098612,0.9871285163428547,-0.007818168022455864,0.9871285163428547,True
-0.0009519227313011529,0.06429026164613086,-0.10934556736820761,0.9871695387073778,-0.008611966234112277,0.9871695387073778,True
-0.0009130301263898127,0.06469888205693476,-0.10945102038033637,0.9871251517912236,-0.009076214453847087,0.9871251517912236,True
-0.0008670446688692117,0.06533869887605598,-0.10958926998630543,0.9870638949534412,-0.009716118020891121,0.9870638949534412,True
-0.00101076914658237,0.06440766928872739,-0.1093365760445444,0.9871924215654518,-0.008182274554227252,0.9871924215654518,True
-0.0010673657256998078,0.06476567511736543,-0.10942154897140205,0.987194429804876,-0.007817574258985388,0.987194429804876,True
-0.001090301054284337,0.06546877573883546,-0.10967546882407934,0.9871506273887266,-0.007858519929707142,0.9871506273887266,True
-0.0011294227618803164,0.06623640924516258,-0.10992650412891881,0.9871120899956356,-0.007739740376654561,0.9871120899956356,True
-0.0011109218309643244,0.06702844629154851,-0.11020633365336244,0.9870436577103018,-0.0080988552305614,0.9870436577103018,True
-0.0011621622971836763,0.06716154544705075,-0.11022004497414019,0.9870607236874122,-0.007695223189160819,0.9870607236874122,True
-0.001123623192499902,0.06747362166278414,-0.11035605071757591,0.9870187168079905,-0.008106564490217577,0.9870187168079905,True
-0.0011657522320365908,0.06693444574205855,-0.1101813268662629,0.9870713825850546,-0.007587155556387633,0.9870713825850546,True
-0.0012898155039664137,0.0660312633392986,-0.10975888427488578,0.987197705193998,-0.006225386296258659,0.987197705193998,True
-0.001330183137834295,0.06665609412132874,-0.11009153312233833,0.987167248856073,-0.006104719544262798,0.987167248856073,True
-0.0013448835517107082,0.06742519123930685,-0.11050273909272035,0.9871122214287537,-0.006225594606740484,0.9871122214287537,True
-0.0012769954264478698,0.06791889334244056,-0.11076757964307005,0.9870414393400024,-0.006950604938242036,0.9870414393400024,True
-0.0013285105293137465,0.06852505016187949,-0.1109972035869805,0.9870301402411314,-0.006699076977852647,0.9870301402411314,True
-0.0015052456034747948,0.06527921390539829,-0.10952168778306937,0.9873338678663139,-0.0042302496099170875,0.9873338678663139,True
-0.0015639602111965978,0.06582383726800044,-0.10988574462867123,0.9873155387769417,-0.003927219213614538,0.9873155387769417,True
-0.0015984265512807674,0.06652765286764102,-0.11036040317893445,0.9872737939101819,-0.0038755475273912036,0.9872737939101819,True
-0.0016524167770174789,0.06725574099086648,-0.11081236805335729,0.9872416889108441,-0.0036393070428847357,0.9872416889108441,True
-0.0016447531581067387,0.06810730244073582,-0.11134229756404544,0.9871724218171937,-0.003948519585397135,0.9871724218171937,True
-0.0018226466011147205,0.06575731578245242,-0.10994198796352213,0.9874315534094537,-0.0017615931909960567,0.9874315534094537,True
-0.0018868623155606527,0.06642946826889681,-0.11045127653122062,0.9874041992553999,-0.0014382195705476314,0.9874041992553999,True
-0.0018023302553462103,0.06687924003723664,-0.11080799163607855,0.9873252842852143,-0.0023004922435880897,0.9873252842852143,True
-0.0018563085184336312,0.06752239758018959,-0.11123777292199795,0.9873093459415604,-0.0020602819046808864,0.9873093459415604,True
-0.0019220026099445854,0.06817471435315525,-0.11165452796841135,0.9873003718321063,-0.0017087999438684148,0.9873003718321063,True
-0.002059780018369795,0.06794874679714712,-0.11146303789765778,0.987383223388339,-0.000463692258828152,0.987383223388339,True
-0.002160155357747311,0.0682833346973696,-0.11168704316824558,0.9874112640193227,0.0002835401536166622,0.9874112640193227,True
-0.0022908805470564166,0.06843598158508384,-0.11177130896745675,0.9874672286435795,0.0013421241324617747,0.9874672286435795,True
-0.0024226563045743007,0.0686570300182558,-0.11192980090658441,0.9875184643635535,0.0023823178259593444,0.9875184643635535,True
-0.0024301643044194617,0.06943916168822603,-0.11266941519284165,0.9874659635599488,0.0021621701340043043,0.9874659635599488,True
-0.0024549733723090456,0.0702674374765979,-0.11338738010245565,0.987428065065804,0.002088941105747327,0.987428065065804,True
-0.0021271432360331927,0.0680877041884228,-0.1117882524588732,0.9873872043378892,-3.90319836765728e-05,0.9873872043378892,True
-0.002122543200291242,0.06853937932103103,-0.11211720960291927,0.9873860315568659,-0.0003044537445788955,0.9873860315568659,True
-0.0020735708211833768,0.06898551902360767,-0.11240636608269093,0.9873626910466761,-0.0009106689421736946,0.9873626910466761,True
-0.0023651579782323997,0.06590589233418294,-0.11072730750644995,0.987490664421962,0.002857646426376774,0.987490664421962,True
-0.002491889112822292,0.0658949429926181,-0.11070214274304789,0.9875589416457929,0.003933778749541934,0.9875589416457929,True
-0.002576196932034773,0.06610334095388123,-0.11098128912842316,0.9876027241886922,0.004489441435720382,0.9876027241886922,True
-0.002363279657371554,0.065820890994899,-0.11061754589169295,0.9874927056065285,0.002881814586022644,0.9874927056065285,True
-0.002385362272789841,0.06593844420491786,-0.11086208131050286,0.9875342035023438,0.002848478047145793,0.9875342035023438,True
-0.002468863494570807,0.06605157565188743,-0.11098081003809923,0.9875969801132034,0.0034307176691920974,0.9875969801132034,True
-0.002676013954506059,0.0653700659676407,-0.11013378699709046,0.9876552974712222,0.005790117759838416,0.9876552974712222,True
-0.0027868521649787813,0.06539633581504382,-0.11025589195928548,0.9877253549177188,0.006646882949282585,0.9877253549177188,True
-0.0028960685312248266,0.06544043426909717,-0.11043507941242156,0.9877954565366289,0.007464049016029178,0.9877954565366289,True
-0.002930012853474255,0.0655953919941952,-0.11089942969470433,0.9878319552722101,0.00749869871981108,0.9878319552722101,True
-0.002965858555673815,0.06582327519909248,-0.11136481846943166,0.9878664701601797,0.007558330546443587,0.9878664701601797,True
-0.0030229663321239917,0.06608956690382779,-0.111790455702084,0.9879121167109552,0.00781952669193643,0.9879121167109552,True
-0.0031317799266292615,0.06629949450226408,-0.11207644574063819,0.9879803901906259,0.008588686981902096,0.9879803901906259,True
-0.002929854412328657,0.06611553516997681,-0.1118368031806391,0.9878630591681237,0.0070095110967505585,0.9878630591681237,True
-0.0021094624325260704,0.06376957581758753,-0.10825661816967737,0.986927076339287,0.0026168639770713406,0.986927076339287,True
-0.0022025813850555043,0.06353734303251828,-0.10810886285697681,0.9870215216996572,0.0033947096805767817,0.9870215216996572,True
-0.0023234805812196364,0.06567700731043338,-0.10903178175626303,0.986584124273625,0.005122900188141288,0.986584124273625,True
-0.0023676466176259497,0.06478815779205656,-0.10879752439983202,0.9867692238891134,0.005296985783832461,0.9867692238891134,True
-0.0023360638231796653,0.06426955691175136,-0.10868903753636053,0.9868591482912151,0.004863913756800364,0.9868591482912151,True
-0.002467812825917844,0.06528379113910553,-0.10896285932823963,0.9866983898769761,0.006352507742454847,0.9866983898769761,True
-0.002581510897916723,0.06512242097388488,-0.10887461787257743,0.9867800483204021,0.0073439273688656135,0.9867800483204021,True
-0.002590705182248861,0.06434594759993029,-0.10879074195787757,0.9869247196600419,0.007213557014744578,0.9869247196600419,True
-0.0024635978327505795,0.06450441763306206,-0.10887912281690657,0.9868371834559221,0.006102540234450678,0.9868371834559221,True
-0.0025264607035199783,0.06380637193053061,-0.10865344214076728,0.987005101698613,0.006497269594010181,0.987005101698613,True
-0.002612678543594653,0.06333585677917622,-0.10849419705356472,0.9871415681093787,0.0071522337641863575,0.9871415681093787,True
-0.0026131695835753697,0.06271911446706743,-0.10837227077537522,0.9872715587811205,0.006977165601798021,0.9872715587811205,True
-0.0026571089559564846,0.062175952983343226,-0.10822442953949145,0.9874178453378355,0.00720005039403754,0.9874178453378355,True
-0.002833787638596086,0.06352017613495237,-0.10845145499152571,0.9871357610407939,0.0093440742107449,0.9871357610407939,True
-0.0026368584616892113,0.064263855675344,-0.10859360742463962,0.9868973709653203,0.007777387323696299,0.9868973709653203,True
-0.0025784146758762393,0.06384141798911457,-0.10850535908307032,0.9869563376798228,0.007145887918125346,0.9869563376798228,True
-0.0026356148280244135,0.06316456272772793,-0.10824658918482404,0.9871233123308687,0.0075124632920092905,0.9871233123308687,True
-0.0026370568014711373,0.06250202117698939,-0.10802745724817817,0.9872690574487843,0.0073614878743863375,0.9872690574487843,True
-0.0025476069966814817,0.062394293378448054,-0.10801840117536674,0.9872581327934165,0.00651352829138155,0.9872581327934165,True
-0.0024028891665760755,0.06295185312074152,-0.10832485693557226,0.9870635410459206,0.0053371611226046955,0.9870635410459206,True
-0.0025080826838959226,0.06305762597034105,-0.10837602459786837,0.9870819966961576,0.006307619436758117,0.9870819966961576,True
-0.002629329304160465,0.06348755746632057,-0.10855518175664584,0.9870402748965962,0.007491212798362509,0.9870402748965962,True
-0.0025925361742510826,0.0628753586097505,-0.10834026532522316,0.9871469331994484,0.007036993327537621,0.9871469331994484,True
-0.0025067218785638787,0.06275359842898826,-0.10831418626538517,0.9871353235159293,0.006234731617786363,0.9871353235159293,True
-0.0024785851656255195,0.062097844383227505,-0.10798247866127227,0.9872634954123516,0.005861949027778436,0.9872634954123516,True
-0.002515760180450414,0.0614861540546855,-0.10760879555637602,0.9874205158074381,0.006083352359972563,0.9874205158074381,True
-0.0023574730689273015,0.06256598205016822,-0.10828304048572589,0.9870931645065817,0.004878470758179901,0.9870931645065817,True
-0.0024274779039892102,0.06224616879648467,-0.10804872879224856,0.9871962597543388,0.005458515664760697,0.9871962597543388,True
-0.0024191396867994925,0.061510021306401645,-0.10760497151612598,0.9873535799056086,0.005256825494487135,0.9873535799056086,True
-0.0024749832783436546,0.06104928652827938,-0.10729326668758266,0.9874834895403299,0.00567818794655207,0.9874834895403299,True
-0.002549633332972822,0.0608012006078268,-0.10710786701152292,0.9875778008104016,0.006311210786551814,0.9875778008104016,True
-0.0026835379415981082,0.06141122321898288,-0.10743288875641455,0.9874873032938319,0.007665005950497133,0.9874873032938319,True
-0.0026471014492308364,0.060879706094108824,-0.10723463391343858,0.9875828346516288,0.007224186766176677,0.9875828346516288,True
-0.0026581989740945204,0.06024941724934382,-0.10693681692921232,0.9877273728859391,0.007193134606615918,0.9877273728859391,True
-0.0025897470250610057,0.060042105052793227,-0.10685299311494521,0.9877497216615885,0.006511262781075355,0.9877497216615885,True
-0.002627332132628143,0.05956937872917421,-0.10654175289112251,0.9878870944338114,0.006753079228691061,0.9878870944338114,True
-0.0025674021978503215,0.059338740344736185,-0.10640566923328881,0.9879262535849834,0.006144430415966186,0.9879262535849834,True
-0.002620141184365034,0.058990935536618126,-0.10614820125414404,0.9880433168031103,0.006547553372352847,0.9880433168031103,True
-0.00276969971594062,0.059560963203385046,-0.106537990812848,0.9879323539036909,0.008081760158461746,0.9879323539036909,True
-0.002480519668885565,0.06244013065685443,-0.10786136536294313,0.9871025530944852,0.0062105522516418075,0.9871025530944852,True
-0.0024784831406660674,0.061662718014921854,-0.10739529285562126,0.9872611473444265,0.006076390441165378,0.9872611473444265,True
-0.0024748258893505905,0.06097470318000415,-0.10692833709714476,0.9874135537837069,0.005930547994637607,0.9874135537837069,True
-0.0025514605525146154,0.060808974222826766,-0.10680129451232596,0.98748407044043,0.006604764262606234,0.98748407044043,True
-0.0026546656079761742,0.06102885315982806,-0.10692975025696703,0.9874763695323779,0.007592689919192948,0.9874763695323779,True
-0.0027527746662959728,0.061131034172747574,-0.10696336499736626,0.9874949292703021,0.008517188907438565,0.9874949292703021,True
-0.002787197788868794,0.06048664903029545,-0.10668969787656171,0.9876419788659222,0.008703635443693803,0.9876419788659222,True
-0.002801456621301206,0.059889663259858235,-0.10645052749000805,0.9877750445480353,0.008704240038648694,0.9877750445480353,True
-0.00281603451714663,0.05939205771948602,-0.10623092262840142,0.9878995621827761,0.00871251994890121,0.9878995621827761,True
-0.0028696817632783062,0.0590403490619807,-0.10604533784757268,0.9880170920228024,0.009104341001606876,0.9880170920228024,True
-0.002849905075940898,0.05874583770627958,-0.10591283417295286,0.9880973136664618,0.008815539434666885,0.9880973136664618,True
-0.0026712327926231368,0.05938840228525484,-0.10633306710818154,0.9878164270246094,0.007395813767721918,0.9878164270246094,True
-0.0026164385707680036,0.05916665705071127,-0.1061727655168463,0.98785409502078,0.006846642409821322,0.98785409502078,True
-0.002739660446649988,0.059744442542584805,-0.1066406595467894,0.9877463010367461,0.008093912820540394,0.9877463010367461,True
-0.0028476199115760282,0.05998281959549322,-0.10675414188487965,0.9877358307920598,0.009134710355417533,0.9877358307920598,True
-0.0028814398209502934,0.05940563464185182,-0.1065018132004013,0.9878731114051053,0.009331966375083905,0.9878731114051053,True
-0.0028815258831863346,0.05890029845752671,-0.10628731873868406,0.9879883676396142,0.009220187774469655,0.9879883676396142,True
-0.0029281820557607425,0.058510919448658195,-0.10608341563011213,0.9881068586656531,0.009555057745959645,0.9881068586656531,True
-0.0029254637120146093,0.058132245264971,-0.10590586420078105,0.9882089213728457,0.009422311235178529,0.9882089213728457,True
-0.0029094664071663786,0.05784887844270688,-0.1057444560777793,0.988295841933936,0.009177104595274573,0.988295841933936,True
-0.0028224595898091124,0.057860483970551164,-0.10576977177044264,0.9882628892650378,0.008357822535529013,0.9882628892650378,True
-0.0027989299176089106,0.05758600932245067,-0.10553574006184581,0.9883502630075757,0.008057907391156728,0.9883502630075757,True
-0.0021023229361345945,0.06402507536885345,-0.11972854782516235,0.9824289104787828,0.009158539249868931,0.9824289104787828,True
-0.002154849427336969,0.06392461963915463,-0.11962337499091556,0.9824783795301495,0.00957251993528741,0.9824783795301495,True
-0.0021761927933568273,0.062944447775468,-0.11873912984360363,0.9826934471125945,0.009587281257680458,0.9826934471125945,True
-0.002073020096945628,0.06377214298326042,-0.11954479965804857,0.9824613751187328,0.008883882224608805,0.9824613751187328,True
-0.0020375024449746444,0.06358777609207747,-0.11936385605954773,0.982482473496371,0.008559051614441962,0.982482473496371,True
-0.0020659503529533497,0.0645544728004169,-0.12038396911819858,0.982285124846447,0.008974916945156784,0.982285124846447,True
-0.002098395469295441,0.0636494562381507,-0.11957968486504113,0.9824803853397809,0.009052569509491019,0.9824803853397809,True
-0.002151164876759303,0.06332555764924153,-0.11926351491749987,0.9825750080969747,0.009415289039366982,0.9825750080969747,True
-0.002186514250013215,0.0625362185558981,-0.11856138030476876,0.9827487700252906,0.00952242354775599,0.9827487700252906,True
-0.002226848745051161,0.06185494365635707,-0.11790350897742037,0.9829104952922907,0.009686102351017788,0.9829104952922907,True
-0.001996530291322079,0.06390290087680554,-0.12003835025207857,0.9823548342928177,0.00839005178009177,0.9823548342928177,True
-0.002047993140977654,0.06350677332376223,-0.11961241813212091,0.9824652991459164,0.008709071463838215,0.9824652991459164,True
-0.002089086085228574,0.06287716652268463,-0.11897088420409914,0.9826149370438088,0.00887012319375109,0.9826149370438088,True
-0.002074215338549974,0.06258666339775835,-0.11865227516349093,0.9826685539476896,0.008653826508009969,0.9826685539476896,True
-0.002121890061835641,0.06268624465788745,-0.11877125099141583,0.9826715721306087,0.009083212050137233,0.9826715721306087,True
-0.0021747078089344386,0.06230028975934583,-0.11838001806760913,0.9827755197421774,0.009387795770940503,0.9827755197421774,True
-0.0022019973096976523,0.0631198518831669,-0.11916914160423034,0.9826368741783726,0.009948634574727616,0.9826368741783726,True
-0.00223595901161818,0.06259025506777012,-0.11883467323016005,0.9827325073918818,0.010010529497168835,0.9827325073918818,True
-0.002280167512359302,0.0621399387838975,-0.1185092339158994,0.9828261397429076,0.01017041959710746,0.9828261397429076,True
-0.0023046544520092527,0.06176997752598593,-0.11822518543722098,0.982897992850345,0.010175289448530704,0.982897992850345,True
-0.002315725258669808,0.061488387315316965,-0.11796881672222442,0.9829526851307874,0.010090096089289898,0.9829526851307874,True
-0.0022690817341173564,0.06145136521193607,-0.11792989485238299,0.9829345384844158,0.009661878639050053,0.9829345384844158,True
-0.0023016629009378073,0.061169618995310614,-0.11757421333454128,0.9830126059616487,0.00975845705018618,0.9830126059616487,True
-0.002335134149870629,0.060960852015414686,-0.11724809792673416,0.9830811202955307,0.009866840248810623,0.9830811202955307,True
-0.002396400225020726,0.06099410874115058,-0.11736312828598487,0.9831000467071724,0.010465432315152191,0.9831000467071724,True
-0.002434224691967718,0.060837332989861444,-0.11715824336913205,0.9831511643898898,0.010593189539519966,0.9831511643898898,True
-0.002474693149861845,0.06074896765757166,-0.11698042214702939,0.9831947612895463,0.010748990476650292,0.9831947612895463,True
-0.002514011059099683,0.06073271863775749,-0.11683320208811548,0.9832275997354506,0.010905462134673746,0.9832275997354506,True
-0.002496474251554215,0.06078849898822268,-0.11677619151344525,0.9832159734140603,0.010635524441365096,0.9832159734140603,True
-0.002553721389405013,0.06080083575095654,-0.11664252434513232,0.9832569778060787,0.010996486630016039,0.9832569778060787,True
-0.0026234988810060907,0.06070468616335995,-0.11665423623327768,0.9833039013756258,0.011686918123122133,0.9833039013756258,True
-0.0026793860908814436,0.06074187289384646,-0.1166223603648933,0.9833290849574408,0.011978747532006166,0.9833290849574408,True
-0.002725799371871018,0.06084187121825445,-0.11663509650876332,0.9833382503169633,0.012166576660889408,0.9833382503169633,True
-0.002757098201850887,0.06102050969544771,-0.11668518975388809,0.9833283656260658,0.012223711872494354,0.9833283656260658,True
-0.002730948231557068,0.06120575064028048,-0.11675207021521088,0.9832876619857632,0.01187611498223413,0.9832876619857632,True
-0.002762511979321361,0.06142893142371637,-0.11674717252636764,0.9832822148947292,0.011952691207900622,0.9832822148947292,True
-0.00284215320364163,0.06111498047835052,-0.11666788293148266,0.9833633451891348,0.012778153515788782,0.9833633451891348,True
-0.0028875516126235516,0.061370181377402515,-0.11676974903162744,0.9833508387389699,0.012953483360456073,0.9833508387389699,True
-0.0027415218125544593,0.06112849738627405,-0.1167179433465593,0.9833024153498202,0.011922480384614326,0.9833024153498202,True
-0.0027948851737061675,0.06124227665237334,-0.11665943333170496,0.9833285734389606,0.012212380357367637,0.9833285734389606,True
-0.002869177131646384,0.06125556950786244,-0.11661506453129603,0.9833722017698592,0.012789177874139853,0.9833722017698592,True
-0.0029463318240861014,0.06128195213484149,-0.11659023137345298,0.9834141414456127,0.013376166238827512,0.9834141414456127,True
-0.002984960969130859,0.06149931568301394,-0.11671357209214021,0.9834037704204122,0.013485730297104296,0.9834037704204122,True
-0.0030003666166816025,0.06178845852673709,-0.11685678470854455,0.9833729158887635,0.013416928809866347,0.9833729158887635,True
-0.0030644649588249173,0.062038107451650365,-0.11693043707678731,0.9833797719132631,0.013789506105160474,0.9833797719132631,True
-0.0028215977150602184,0.06125693658880285,-0.11666319898521428,0.9833386165563217,0.012240759856841123,0.9833386165563217,True
-0.0028237268270597544,0.061346019821462705,-0.11659215482474172,0.9833472924929713,0.012111282639405788,0.9833472924929713,True
-0.002853060633192599,0.061456101756153916,-0.11647110530641411,0.9833756604981521,0.012198333843886138,0.9833756604981521,True
-0.002927872471943088,0.06141173399210638,-0.11642392440506905,0.9834244904679029,0.012829265353565553,0.9834244904679029,True
-0.002929852223953864,0.06159279407218433,-0.11641846234647671,0.9834182752321723,0.012691275882269589,0.9834182752321723,True
-0.0029493018484176544,0.061805234089620895,-0.11637522124876784,0.9834244515197035,0.012691042355733338,0.9834244515197035,True
-0.002961267515121981,0.06208016258907962,-0.1163415886380749,0.9834203552948735,0.012633880893362023,0.9834203552948735,True
-0.002981206393367992,0.062410103837757004,-0.11630103356129735,0.9834171567425832,0.012645548631985734,0.9834171567425832,True
-0.0028375768356351952,0.06198287494007339,-0.1164081283547065,0.9833528793214767,0.011622784125404243,0.9833528793214767,True
-0.002887569317024582,0.06210115087101575,-0.11623672849016485,0.9833979016373903,0.011946784472422983,0.9833979016373903,True
-0.00296590097127903,0.06195638896757162,-0.11624284382768979,0.9834462183040624,0.012664424187686924,0.9834462183040624,True
-0.002975225296646434,0.062165986952863565,-0.11618834727087335,0.9834513657644443,0.012590528817300497,0.9834513657644443,True
-0.0029957951793225597,0.06242329212868741,-0.11611913729597101,0.9834608510469839,0.01261174537470258,0.9834608510469839,True
-0.002956461869282566,0.06264359161062655,-0.11612343662711565,0.9834278355686452,0.01219443180508297,0.9834278355686452,True
-0.002795878661729356,0.06218774828902707,-0.11642069526538638,0.9833224249939053,0.011095724147014902,0.9833224249939053,True
-0.002538204184685314,0.06201514666822011,-0.11804981446538299,0.9829386390968805,0.009549618603569955,0.9829386390968805,True
-0.0025683729101084927,0.06174901289696103,-0.11752760751509783,0.983052947037873,0.009700384936254169,0.983052947037873,True
-0.002485289743730314,0.06189802007110926,-0.1178520525979132,0.9829504515911014,0.009072427124453539,0.9829504515911014,True
-0.0025357255049947586,0.06221476500006821,-0.11855509443295427,0.9828515583155795,0.00962108370977617,0.9828515583155795,True
-0.002587112209043685,0.062031249834743625,-0.11829373278843523,0.982931031771975,0.009978920762368653,0.982931031771975,True
-0.0026046522300476834,0.06176394792680975,-0.11791732497823347,0.9830168737703865,0.009991122947202911,0.9830168737703865,True
-0.0026423611064664452,0.06156798773127316,-0.1175644898465118,0.9831030845043635,0.010182042404683636,0.9831030845043635,True
-0.002493874302303313,0.06188002384063139,-0.11824966430709603,0.9829030681439027,0.009213055155313753,0.9829030681439027,True
-0.0025404835530075625,0.06167068336515404,-0.11791916336134088,0.9829897124559878,0.009517274588372709,0.9829897124559878,True
-0.0025289241826430705,0.06151379223471465,-0.11765014421717476,0.9830332990089846,0.009329907433926199,0.9830332990089846,True
-0.002462623895266489,0.06160809060729179,-0.11779976750397755,0.9829707611159809,0.008814324788742068,0.9829707611159809,True
-0.0025103427964867516,0.06183755593332143,-0.11823029966724297,0.9829208722181066,0.009322476623311223,0.9829208722181066,True
-0.0025348287339364327,0.06153054586085373,-0.11784157865156955,0.9830098510227414,0.009382176376191417,0.9830098510227414,True
-0.002588569604835818,0.06148933352574058,-0.11778923159147424,0.9830481128770099,0.009818913183266439,0.9830481128770099,True
-0.0026055291192697574,0.061292575922608825,-0.11752018092751765,0.9831069138699178,0.00980551045413884,0.9831069138699178,True
-0.002631755100178667,0.061161081060365545,-0.11725743541425836,0.9831634107297196,0.009871421632229304,0.9831634107297196,True
-0.0024863180125512174,0.06130824963573134,-0.11776992831570654,0.9830147969735459,0.008968353061530744,0.9830147969735459,True
-0.002534444701090851,0.06118513353380901,-0.11756651992214494,0.9830754016274666,0.009304637588348083,0.9830754016274666,True
-0.0025801444658578496,0.06148313873718279,-0.11811253786419745,0.9830107988423936,0.009962434627795325,0.9830107988423936,True
-0.002607272239711354,0.06124393886029341,-0.11791017994267661,0.9830680938156159,0.010007594832955512,0.9830680938156159,True
-0.002627961994040623,0.06109673305921181,-0.1177361251206433,0.9831099098318317,0.010004498107872446,0.9831099098318317,True
-0.002634678687878522,0.06103860419882881,-0.11759628832798587,0.9831319158003416,0.00989811840615064,0.9831319158003416,True
-0.0026775382800054664,0.061009335274049864,-0.11745472978418821,0.9831713300701646,0.010122446107161663,0.9831713300701646,True
-0.002718372547537552,0.06102296065292845,-0.1173475804590294,0.9832009266514558,0.010312811991173128,0.9832009266514558,True
-0.0024766721888699913,0.06073774759851058,-0.11771338597571353,0.983074114736393,0.009075418292146337,0.983074114736393,True
-0.002509954574418449,0.060537636148443416,-0.11739849911664184,0.9831456246998572,0.009211839380568397,0.9831456246998572,True
-0.0022109501364098584,0.06140199464261084,-0.11923110818121731,0.9827109750109714,0.00769714747286763,0.9827109750109714,True
-0.002248149342159938,0.06174554461041839,-0.11967272452634642,0.9826488479221331,0.008123645423892665,0.9826488479221331,True
-0.0021895971469819884,0.06186051943068775,-0.11978709055132154,0.9825949876508752,0.007678885801232769,0.9825949876508752,True
-0.002232322942105574,0.061473734653847645,-0.1193823839351967,0.9826966762848534,0.007903807081041866,0.9826966762848534,True
-0.002279922139102693,0.061271048161861734,-0.11916557244438006,0.9827628517709275,0.008220473787828456,0.9827628517709275,True
-0.0023088832980002415,0.06180653409756702,-0.11967812416690236,0.9826817377948088,0.008724944174927736,0.9826817377948088,True
-0.0023588941967789536,0.06186226076627797,-0.11969343685106644,0.9827032121975519,0.009175832527013457,0.9827032121975519,True
-0.0023925756300030927,0.062370374409468986,-0.11983941646336725,0.9826724719584511,0.009744301854892688,0.9826724719584511,True
-0.0016862128668946037,0.06808948873100333,-0.12021996846557448,0.9819099451154822,0.007181690508941481,0.9819099451154822,True
-0.0017401076327997007,0.06737608605730569,-0.1198365344517996,0.9820365913683067,0.007399829556830655,0.9820365913683067,True
-0.0016372192626439958,0.06803700139279185,-0.12020605164147076,0.981892904164006,0.006783542912217813,0.981892904164006,True
-0.0015818463652428109,0.06823651923202238,-0.12035114635619093,0.9818310333834387,0.006385312518275764,0.9818310333834387,True
-0.0016299791569091917,0.06776351990769369,-0.11999846639549486,0.9819306978197414,0.006630694301226625,0.9819306978197414,True
-0.001668408906795021,0.06714185760757221,-0.1195719558559025,0.9820401089324051,0.006723225854155897,0.9820401089324051,True
-0.0017102064691583436,0.06663894427432127,-0.11918262010314223,0.9821351062242623,0.006858491996787423,0.9821351062242623,True
-0.0017507976822359343,0.06661727727760942,-0.1191504647780216,0.9821627763761926,0.00719451347493792,0.9821627763761926,True
-0.0017841924165787513,0.0662076316801225,-0.11888796665713101,0.9822264557602984,0.007245361379467453,0.9822264557602984,True
-0.001756226148314468,0.06613326304437225,-0.11884510524704167,0.9822161567116607,0.006949291569963625,0.9822161567116607,True
-0.0015848986990107724,0.0670210069211609,-0.11969698852882107,0.9820094564824761,0.006114851339214485,0.9820094564824761,True
-0.0016028481185340624,0.06746653887936183,-0.1201310490003545,0.9819497035179561,0.0064738836207013225,0.9819497035179561,True
-0.0016285013011326543,0.06701803127280913,-0.11983008222661522,0.9820157952333066,0.0064667113785323495,0.9820157952333066,True
-0.0016710879033587853,0.06687376684774224,-0.11970418898141245,0.9820580572514486,0.006745156450770094,0.9820580572514486,True
-0.0016559212699103843,0.06672102711828684,-0.11962016257405303,0.9820604570095557,0.00651153976149566,0.9820604570095557,True
-0.0016942310125374002,0.06638494634376482,-0.11935292820380537,0.9821160969517293,0.006613203613470571,0.9821160969517293,True
-0.0017178813092841704,0.06613681324744511,-0.11913283125254981,0.9821491818712959,0.006596009637114855,0.9821491818712959,True
-0.0017590220155664972,0.06612365007910175,-0.11910669395740822,0.9821758922811575,0.006939539493619159,0.9821758922811575,True
-0.001798312010522825,0.06595763880769669,-0.11897674393781334,0.9821968463352271,0.007045826011851212,0.9821968463352271,True
-0.0018485244141756554,0.0658822141138272,-0.11890292478532208,0.9822177859490253,0.007320270885979866,0.9822177859490253,True
-0.001844987457293278,0.06585290888279843,-0.11890009891939499,0.9821949607333168,0.007121507889854364,0.9821949607333168,True
-0.001754995501698737,0.06607768612272437,-0.11927780059043326,0.9823098983943458,0.007944892408067037,0.9823098983943458,True
-0.0018125644180002633,0.06592695885711662,-0.11933186870504188,0.9823227241040371,0.008227754420405393,0.9823227241040371,True
-0.0017806721795512496,0.06589193400384767,-0.11943011170156433,0.9822862924744851,0.007866237987151132,0.9822862924744851,True
-0.001804024625916057,0.0657215423717547,-0.1195274233063341,0.9822695540542933,0.00779011152974779,0.9822695540542933,True
-0.0018228652757144173,0.06561937548315905,-0.11961873436359782,0.9822458126470156,0.00769001900128705,0.9822458126470156,True
-0.0018726794696602757,0.06557283838357536,-0.11965620757318852,0.9822485124648732,0.007920455962135638,0.9822485124648732,True
-0.00192818466199236,0.06554255221894299,-0.11970686018597533,0.9822528330384626,0.008214211469635154,0.9822528330384626,True
-0.0019812390707552832,0.06549401892065361,-0.11952436171649036,0.9823299488123753,0.008841223523407958,0.9823299488123753,True
-0.0020049329962627867,0.0654887197646752,-0.11981651287156347,0.9822741498031798,0.008742305034979496,0.9822741498031798,True
-0.002018497703819614,0.06554676211181507,-0.12009056728296541,0.9822117522340813,0.008582940557886097,0.9822117522340813,True
-0.0020577177846622763,0.06564181882651669,-0.12033549330245111,0.9821625506321044,0.008633445686661025,0.9821625506321044,True
-0.0020278712877514057,0.06575249383979445,-0.12050975670215343,0.9820998745225817,0.008250856809581186,0.9820998745225817,True
-0.0020897821432568015,0.06567322360297777,-0.1204025305966733,0.982161153921537,0.008835843391583243,0.982161153921537,True
-0.0021033824199794622,0.06580163789620407,-0.12068463183427737,0.9820943799059387,0.008681941513951928,0.9820943799059387,True
-0.0020772137145327707,0.06592696657523742,-0.12086918058343882,0.9820304914264683,0.008312478419363471,0.9820304914264683,True
-0.002003974231349959,0.0659417316469923,-0.1208839881883017,0.9819960591259275,0.007768947606998116,0.9819960591259275,True
-0.001971095257006533,0.06595876127047799,-0.1209097931037366,0.9819698744908482,0.007469432836030476,0.9819698744908482,True
-0.0020029840534242886,0.06596007221499962,-0.12085591453598364,0.981974369212284,0.00753866330830638,0.981974369212284,True
-0.0020023761197764567,0.06602140534299213,-0.12087370221553036,0.981947774219529,0.007357353163857793,0.981947774219529,True
-0.002043479341414402,0.06606015206307575,-0.12083754494924646,0.981957026289108,0.0075674519071316036,0.981957026289108,True
-0.002087589874779363,0.06606472599949333,-0.12081764363139372,0.9819811425535189,0.007905725340476509,0.9819811425535189,True
-0.0020976402568737133,0.06618705305497126,-0.12092226419505672,0.9819396278238748,0.00776161000495591,0.9819396278238748,True
-0.0021341844069714547,0.06634554272815978,-0.12099694768629647,0.9819152026994897,0.007851944694055939,0.9819152026994897,True
-0.0021767773020017287,0.06654336492102128,-0.12108975542002151,0.9818920689988777,0.00801667031164023,0.9818920689988777,True
-0.0021245878543241425,0.06661114334118964,-0.12115009392156154,0.9818478420236019,0.007561576532523929,0.9818478420236019,True
-0.002183667744275156,0.06645067372062355,-0.12106859782222637,0.9819150576177901,0.008167247292950293,0.9819150576177901,True
-0.0017902521689103841,0.06499626232922463,-0.11988283763680394,0.9821500602003498,0.006951126028091017,0.9821500602003498,True
-0.0018233372678195124,0.06474204754513953,-0.1196347197431823,0.9822071241829473,0.00703171242567228,0.9822071241829473,True
-0.0017937348514510012,0.06469876105067686,-0.11958082655981382,0.9821971176944916,0.00671964721857984,0.9821971176944916,True
-0.0018397263799239242,0.0647871074371854,-0.11972651110014748,0.9822029829342611,0.007214751380534331,0.9822029829342611,True
-0.0014664620697663665,0.06639587617243699,-0.12108879871650084,0.981815075021413,0.005719727647336418,0.981815075021413,True
-0.0014759290476558274,0.06599920586059625,-0.12072889619217553,0.9818911544928368,0.005645740599102088,0.9818911544928368,True
-0.0014239663709814535,0.06612480781885663,-0.12087222164887196,0.981837289123578,0.0052663550198273085,0.981837289123578,True
-0.0014088577863203395,0.06594606593967628,-0.12067566046814224,0.9818631345093868,0.0050672950046483315,0.9818631345093868,True
-0.0013788676462790268,0.0674338205673983,-0.12250839100067695,0.981552632538831,0.005470770228105152,0.981552632538831,True
-0.0014022646346617035,0.06693925239649082,-0.12216831516551585,0.9816314745150087,0.005448487735359547,0.9816314745150087,True
-0.0013445071208326542,0.06711283084714202,-0.1223211427252946,0.9815752606996948,0.005062641517384248,0.9815752606996948,True
-0.0013787417734582928,0.06666777704282797,-0.12191385570753367,0.9816613562306229,0.005137878714721072,0.9816613562306229,True
-0.001332326458592573,0.066743410223801,-0.12199995984450744,0.981624313666656,0.004799467069839866,0.981624313666656,True
-0.0013711377854515223,0.06643913733391509,-0.12164987086661264,0.9816951151234566,0.004956190168715332,0.9816951151234566,True
-0.0012724272581263085,0.06688286150370436,-0.12218818697979839,0.9815762082361889,0.004440950900922687,0.9815762082361889,True
-0.0013018545046490475,0.0669800162433566,-0.12230059552536972,0.9815762404442134,0.004731991728054937,0.9815762404442134,True
-0.0011964685767814032,0.06758337584359261,-0.12287427841386742,0.9814426670891487,0.0042162395220665125,0.9814426670891487,True
-0.00123483796729539,0.06736004457376932,-0.12264527910001159,0.9814970305917409,0.004424556908279369,0.9814970305917409,True
-0.0011948761262952894,0.06869545300080188,-0.12384483490937948,0.9813174987890794,0.004835201909901773,0.9813174987890794,True
-0.0012327228449974881,0.06819092081837792,-0.12363396929490147,0.9813715928427977,0.004873587098608132,0.9813715928427977,True
-0.0012770215728609403,0.06801145317598782,-0.12354019167618564,0.9814056030357747,0.005116247581985363,0.9814056030357747,True
-0.0012815790334384073,0.06776184850781547,-0.1234810994786316,0.9814086836006685,0.004964510387883118,0.9814086836006685,True
-0.0012701095059096765,0.06761780390762452,-0.12343447470109582,0.9814017344753326,0.0047501687890372565,0.9814017344753326,True
-0.0013000088547388095,0.06776477207569225,-0.1235039320046497,0.9814177493744705,0.00512299145755179,0.9814177493744705,True
-0.0013362149178431687,0.06784402038439612,-0.12349577025907629,0.9814435707305439,0.005493352817498896,0.9814435707305439,True
-0.0013717801133781807,0.06752517910297819,-0.12352788321286928,0.9814416924626275,0.005490215740367862,0.9814416924626275,True
-0.0014199317613453547,0.06739758651941323,-0.12353808137859175,0.9814522724749615,0.0057245937758774465,0.9814522724749615,True
-0.0011019261092185609,0.0685021715685962,-0.12290675755295241,0.9815404188448231,0.004852305782414013,0.9815404188448231,True
-0.0011463842997077684,0.06829640493482426,-0.12280286106536252,0.9815765070713095,0.005086986493437139,0.9815765070713095,True
-0.0011755694136883505,0.0679236458949143,-0.12269731181674845,0.9815990111978707,0.0050628109879067755,0.9815990111978707,True
-0.001132212775714281,0.06795615536311693,-0.12272853012633998,0.9815723874746229,0.004731901866923878,0.9815723874746229,True
-0.0010856208071704644,0.0680262470773224,-0.12278515628738919,0.9815422584474479,0.00440335504058531,0.9815422584474479,True
-0.0011258309245162825,0.06774174591693156,-0.12256020833577966,0.9815843232086259,0.0045305446642499615,0.9815843232086259,True
-0.0011566624035521502,0.0674823239208507,-0.12236118357072975,0.9816084053249422,0.004547937647238179,0.9816084053249422,True
-0.0011959846918595063,0.06735610355733541,-0.12222105728902494,0.9816250717662305,0.00468977398296764,0.9816250717662305,True
-0.0012379895248370491,0.0672970181435067,-0.12214993516876317,0.981639072303543,0.004913423870934853,0.981639072303543,True
-0.0012812825884694803,0.06724916402769894,-0.12211134170772854,0.9816422897112007,0.005113117146909237,0.9816422897112007,True
-0.0013179472648441202,0.06722525085107552,-0.12213148264921156,0.981615028996587,0.0051691541658732566,0.981615028996587,True
-0.001256201586177126,0.06722565799168231,-0.12214339084812322,0.9815976784887828,0.0047543454780768655,0.9815976784887828,True
-0.0012747721392116042,0.06721029786634461,-0.12209641299617066,0.9815721751291646,0.004686228196216805,0.9815721751291646,True
-0.0012635999436110584,0.06725141191038071,-0.1220827878150092,0.9815376478558355,0.004465300696502195,0.9815376478558355,True
-0.0012452930210977034,0.06728911550265496,-0.12205776825712314,0.9815075538398935,0.004219711957529209,0.9815075538398935,True
-0.001266988674738047,0.0673323465918312,-0.12191770792897033,0.9814898739067754,0.004191370708057917,0.9814898739067754,True
-0.0011219914312087921,0.06694687447532426,-0.1223238165101986,0.98153554839428,0.0036406813272925388,0.98153554839428,True
-0.0011434744818811355,0.06685749415161717,-0.12202924583993394,0.98155414497478,0.00362821566375439,0.98155414497478,True
-0.0010946516494095356,0.06687231742580048,-0.12214885441975855,0.9815270744869502,0.0033025167412105423,0.9815270744869502,True
-0.0011286041647871727,0.06683141908023836,-0.12195950768450924,0.981551859449782,0.0034819328978747035,0.981551859449782,True
-0.001161673617120424,0.06681040992264692,-0.1217438491582549,0.9815651719834461,0.003599540894276775,0.9815651719834461,True
-0.001154189573093897,0.06684817176319549,-0.12162869298903076,0.9815444047263023,0.003416423978900535,0.9815444047263023,True
-0.0011883925610773082,0.06687837821554882,-0.12146641812803491,0.9815503017501688,0.00356624175370562,0.9815503017501688,True
-0.001087736394639737,0.06671347411197236,-0.1217885543430536,0.9815561884459082,0.00310786517209008,0.9815561884459082,True
-0.0010843472773549208,0.06668501941880015,-0.1216051163677318,0.9815527759759137,0.0029579171793603217,0.9815527759759137,True
-0.0009877132772355027,0.0667613584468563,-0.1222165903447168,0.9814985412932345,0.0025265100603242647,0.9814985412932345,True
-0.0009863540106506232,0.06666194188744046,-0.12196129021973948,0.9815146314781108,0.0024039545481544518,0.9815146314781108,True
-0.000985367085687592,0.06658201972031014,-0.1216960471207239,0.9815283441681991,0.0022815662880410347,0.9815283441681991,True
-0.0010063946588954155,0.06663287964916043,-0.1219669584496912,0.9815293378682534,0.002568635907186121,0.9815293378682534,True
-0.0010377784169518572,0.06654890844492228,-0.12173446211095368,0.9815484868983202,0.0026769243117281613,0.9815484868983202,True
-0.0010129171368740734,0.06655462685516497,-0.12171416700060317,0.9815301993645649,0.002446590233397651,0.9815301993645649,True
-0.0010428982781829207,0.06653889592336601,-0.12168250050489342,0.9815482867660131,0.002676130348657522,0.9815482867660131,True
-0.0010729802126142852,0.06649451429238268,-0.12150921121201713,0.9815436085948913,0.0027299138166035387,0.9815436085948913,True
-0.001073537944387999,0.06652654547315316,-0.12141944557995614,0.9815115877022484,0.0025747002678885742,0.9815115877022484,True
-0.0011041703810727636,0.06648259843394999,-0.12145307010315301,0.9815480872344592,0.0029009905845244423,0.9815480872344592,True
-0.001137578044113972,0.06645065502921219,-0.1214402049627015,0.9815838573454462,0.003225463345575613,0.9815838573454462,True
-0.0011044436113387195,0.06647135850018963,-0.12146692491885945,0.981556170393281,0.0029367161827992504,0.981556170393281,True
-0.0009752582528807035,0.06644979632138114,-0.12159691002834101,0.9816284316015066,0.0025248280128215253,0.9816284316015066,True
-0.000979393212991181,0.06633599008633309,-0.12144570952945895,0.9816231064981047,0.00239683724928918,0.9816231064981047,True
-0.0010109206784738793,0.0662362946884364,-0.12125336539573278,0.9816310281109936,0.0024761059065520814,0.9816310281109936,True
-0.0010173360666744101,0.06620712988839006,-0.12112740450519946,0.9816092535785825,0.0023516534397951916,0.9816092535785825,True
-0.0010462857579373235,0.06621054155006054,-0.1209741428760886,0.9815955850787711,0.002400569328379713,0.9815955850787711,True
-0.0010792849206119881,0.06625587865787391,-0.12089217805251391,0.9815834074106436,0.0025347407047776067,0.9815834074106436,True
-0.0011142743229521548,0.06631242808822901,-0.12085515854640541,0.981570760984196,0.0027054999139930116,0.981570760984196,True
-0.0011033817416975591,0.06642262495254592,-0.12088892115414011,0.9815157934256116,0.0024868872650895386,0.9815157934256116,True
-0.0011237098372351864,0.06659117036897035,-0.12087531701754728,0.9814526105503063,0.002430034521309926,0.9814526105503063,True
-0.0011488364930153875,0.06684485169107937,-0.12088561841526185,0.9813812901778509,0.002423052783545715,0.9813812901778509,True
-0.0011749326982884339,0.06717461021303436,-0.1209352879066258,0.9812966556428755,0.0024241140663727023,0.9812966556428755,True
-0.0011592760575945226,0.06742340433181862,-0.12100709689175528,0.9812196180787697,0.002174136136370913,0.9812196180787697,True
-0.001191352611972492,0.0677269250172888,-0.12102993043269188,0.9811552624404012,0.0022667240216018856,0.9811552624404012,True
-0.0012315537374930619,0.06769774411921631,-0.1209993125763827,0.9811834683701094,0.002594498809194537,0.9811834683701094,True
-0.0012707097430883743,0.06796178009517607,-0.12109359373966147,0.9811259232103223,0.0027682335250107113,0.9811259232103223,True
-0.0012885680363359999,0.06846571638251028,-0.12134923689401167,0.9809852484770045,0.002663622226466606,0.9809852484770045,True
-0.0012508718740196622,0.06858346268263359,-0.12142222953216113,0.9809334022224314,0.0023171013381089066,0.9809334022224314,True
-0.0011142124722485739,0.06726260012147131,-0.12103852791978344,0.9812199211413916,0.0018626394492767904,0.9812199211413916,True
-0.0011281854908072025,0.06744420286822439,-0.12096822960757889,0.9811679556448252,0.0017781707927079018,0.9811679556448252,True
-0.0011347804664552773,0.06768192909265898,-0.12091530904479518,0.9811065893726811,0.0016484273762341012,0.9811065893726811,True
-0.001165817175606105,0.06790901189076236,-0.12085246547820044,0.9810673821389991,0.0017484922433495908,0.9810673821389991,True
-0.0010698645578409475,0.06729801830289141,-0.12090901219134469,0.9811679541532337,0.0013296810514699293,0.9811679541532337,True
-0.001054102249349814,0.06737953106766252,-0.12084603704536549,0.9811374587129251,0.0011141752045776415,0.9811374587129251,True
-0.001027850001347124,0.06741671463971698,-0.1208259258183704,0.9811141155446782,0.0008676942558404132,0.9811141155446782,True
-0.0010209302805738727,0.0669902855729435,-0.12183574496110308,0.9812131177444193,0.0015403740632694218,0.9812131177444193,True
-0.0010097692048950085,0.066998619068985,-0.12179961492820719,0.981183199140475,0.0013311819427985604,0.981183199140475,True
-0.0010354073087102092,0.06699993111106563,-0.12167002573870331,0.9811643603094293,0.0013332841106828796,0.9811643603094293,True
-0.0009907030318113427,0.06699256100344778,-0.12171683256784138,0.9811492555177606,0.0010272374970777746,0.9811492555177606,True
-0.0009797219869849287,0.06701305879461564,-0.12163760528729466,0.9811257555833373,0.000832827701537144,0.9811257555833373,True
-0.0009465668096412347,0.06682329532150513,-0.1227784068356427,0.9812615044711873,0.0016841604594818997,0.9812615044711873,True
-0.0008282136318785133,0.06708522589685711,-0.12286716917100111,0.9812849860940752,0.0012857108959234943,0.9812849860940752,True
-0.0008621758144260899,0.0670001343479764,-0.12279289480508383,0.9813059176145839,0.0014889245908003058,0.9813059176145839,True
-0.0008861566572361202,0.06714069995076795,-0.12284586755631886,0.9813346097238922,0.0018501645447547665,0.9813346097238922,True
-0.0009170410524234249,0.06690332953890685,-0.12284275725729234,0.9813191366027338,0.0018352486097996791,0.9813191366027338,True
-0.0008881245261737435,0.06689506372990443,-0.1228699983955987,0.9812923281563218,0.0015631490079541397,0.9812923281563218,True
-0.0009055319583805047,0.06675418942488182,-0.12283342579142292,0.9812693067582668,0.0014736748876833742,0.9812693067582668,True
-0.0008940186566348244,0.06672560032533029,-0.12283051863765179,0.9812382767299552,0.0012591503315152117,0.9812382767299552,True
-0.000923517827736566,0.06666154483999222,-0.12275123358452926,0.9812209551798929,0.0012843281232116908,0.9812209551798929,True
-0.000899896946735431,0.0665220465057818,-0.12285098581172493,0.98148125728863,0.002218444257713926,0.98148125728863,True
-0.0009280218981959063,0.06642161828738422,-0.12299523827462011,0.9814282187801006,0.0021718424922640453,0.9814282187801006,True
-0.0009606939879780261,0.06641586969241514,-0.1231581951737186,0.9813677132650769,0.002178161006188229,0.9813677132650769,True
-0.000987664342151132,0.06649327075972991,-0.12337020637650667,0.981286899813364,0.002131595716057002,0.981286899813364,True
-0.0010082679176199592,0.06666411786667177,-0.12361079023153418,0.9811901602611431,0.002042439714882987,0.9811901602611431,True
-0.0009911655041110233,0.06681988687686054,-0.1237739654359169,0.9811112658999877,0.0017681853879058724,0.9811112658999877,True
-0.0010167380593028112,0.06704355014165705,-0.12394917640347697,0.981023794048606,0.0017388040731881882,0.981023794048606,True
-0.0010216743354278732,0.06733236530196657,-0.12415070751719165,0.9809200764151375,0.0015686433284146496,0.9809200764151375,True
-0.001048869017067236,0.06766260574355677,-0.12432980017305897,0.9808246602356483,0.0015687151559300183,0.9808246602356483,True
-0.0010710791793742186,0.0654602596272505,-0.12308202595676913,0.9814960471710932,0.0028579613383731724,0.9814960471710932,True
-0.0011000907315822045,0.06575821569018425,-0.12347641805778543,0.9813743956681978,0.0028324968978193366,0.9813743956681978,True
-0.0011261465534056542,0.06613162226160359,-0.12390403487882841,0.9812371113062872,0.0027763730778573212,0.9812371113062872,True
-0.0011173976122165964,0.06649092379155679,-0.12426568291518603,0.9811069273772677,0.002514841901831912,0.9811069273772677,True
-0.001128597902553126,0.06692488119188669,-0.12464678734889241,0.9809679506274838,0.002369405006340751,0.9809679506274838,True
-0.0011684730447982976,0.06729884072609289,-0.12492384300890581,0.9808741138011616,0.0024987686353418574,0.9808741138011616,True
-0.0011895783580699007,0.06783439625695198,-0.12534440962234827,0.9807247885522721,0.0024265144850215198,0.9807247885522721,True
-0.0011787522877281056,0.06832744317140778,-0.12570383489072057,0.9805833997763778,0.002161474032723642,0.9805833997763778,True
-0.0011494775132731424,0.0686664218182171,-0.12593181137605028,0.9804796793179484,0.0018180452307604458,0.9804796793179484,True
-0.0012061584178992893,0.06652022508937157,-0.1247409593325088,0.9810508532144591,0.003064603859041274,0.9810508532144591,True
-0.0011854170750652505,0.06682867828088433,-0.12506087384924447,0.9809372561755633,0.0027410059192503862,0.9809372561755633,True
-0.00124322219796248,0.06681286891404438,-0.12503064064581465,0.9809709923563549,0.0031864588935685352,0.9809709923563549,True
-0.0010351456637756845,0.06530594368793026,-0.12345336784592661,0.981383984762606,0.002461734850578415,0.981383984762606,True
-0.0010437125766699152,0.06540348117456934,-0.1235618421569505,0.9813300884518698,0.0023288919028709378,0.9813300884518698,True
-0.001095103689271732,0.06534066487993889,-0.12349970084878856,0.9813790565512571,0.002784856228898246,0.9813790565512571,True
-0.001118524841255429,0.06547787073140246,-0.12368280221564446,0.9813167214713959,0.0027456201982015314,0.9813167214713959,True
-0.0011524570522304172,0.06567793543841725,-0.12386325433456787,0.9812566116042297,0.002807266517277322,0.9812566116042297,True
-0.0012090373236675737,0.06537491115483675,-0.12359266684125612,0.9813838574419578,0.0034575442512681685,0.9813838574419578,True
-0.0012522236864040987,0.06558865081329623,-0.12387739960656044,0.9813156242607793,0.0035857521803523006,0.9813156242607793,True
-0.0011873284635999259,0.06559902129582136,-0.12389976306711402,0.981280763007653,0.0030878390749394403,0.981280763007653,True
-0.0009980725158255201,0.0650456360517572,-0.12331821068109003,0.9814099918181249,0.002239140161582347,0.9814099918181249,True
-0.0010263716744332285,0.0650175808909768,-0.12328925178779303,0.9814015767421804,0.0022591266395634623,0.9814015767421804,True
-0.001075676333452304,0.06502873435986165,-0.12326345044661834,0.9814161097140253,0.0025616157231201464,0.9814161097140253,True
-0.0011233596531434532,0.0650784347642165,-0.12328956097178555,0.9814093363952472,0.0027806540101040973,0.9814093363952472,True
-0.0011738837508796095,0.06515146607545585,-0.12334301231067887,0.9814007333612528,0.0030356902561166936,0.9814007333612528,True
-0.001092540737590748,0.06510837672215777,-0.12331846681791774,0.9813792304412267,0.002485530725781365,0.9813792304412267,True
-0.0010780744848970323,0.06515729328856089,-0.12335074467879246,0.981347626470479,0.0022533031327466135,0.981347626470479,True
-0.0011028830107296579,0.06520796193701466,-0.12331824720776029,0.9813338758573579,0.002260217474232253,0.9813338758573579,True
-0.0011314982489268625,0.06474744890600656,-0.12330385921136369,0.9814750257113374,0.0030641764578467983,0.9814750257113374,True
-0.0011725240160664764,0.06478519194833147,-0.12341035152120448,0.9814534032820331,0.003186709143181177,0.9814534032820331,True
-0.0011571342550584572,0.06486678812125446,-0.12353383909340139,0.9814046804197939,0.0029259935832039417,0.9814046804197939,True
-0.0010147943724916043,0.0647243271539713,-0.12341665951872302,0.9814076324491798,0.002179172441734456,0.9814076324491798,True
-0.0010566562237374379,0.06465966824321959,-0.12332666025435629,0.9814267846708185,0.0023438579815038725,0.9814267846708185,True
-0.0010872284362743196,0.06464675902299116,-0.12327736164124388,0.9814267451856393,0.0023939509379712876,0.9814267451856393,True
-0.001080525736482801,0.06470656318577858,-0.1232763625266622,0.9814010637079325,0.002206094767178988,0.9814010637079325,True
-0.001028079907089081,0.06472562103912963,-0.12331130470545883,0.9813693427090671,0.0018002275392682795,0.9813693427090671,True
-0.0010582153059717548,0.06473776322587776,-0.12316448396122084,0.9813814918477228,0.0018705421966407837,0.9813814918477228,True
-0.001078173022679423,0.06482855830552979,-0.12305137352620182,0.9813758088183646,0.0018622548652007897,0.9813758088183646,True
-0.0010896262877173382,0.06498100540886573,-0.12295759762422735,0.9813577824858225,0.0017962257472631806,0.9813577824858225,True
-0.0011271004033658574,0.06513867868199243,-0.12286756658645936,0.9813584793323313,0.001979937625053256,0.9813584793323313,True
-0.0008315613836117699,0.06329708615567255,-0.12333039914942796,0.981481378555552,0.00078884397774918,0.981481378555552,True
-0.0008676150088998215,0.06317400505733431,-0.12301269845045291,0.9815343514133499,0.0009294492563003586,0.9815343514133499,True
-0.0009029778125891288,0.06311209997721648,-0.12273516456313276,0.9815749184883104,0.0010655437991106069,0.9815749184883104,True
-0.0008005755160644218,0.063134604989021,-0.12311641712122012,0.9815005622982547,0.0004660898447518291,0.9815005622982547,True
-0.0007782300319699988,0.06310723385563256,-0.12301438024943732,0.981497638824152,0.00023769575125323226,0.981497638824152,True
-0.0008072418948861646,0.06318480043202242,-0.12328404045883172,0.9814871708697739,0.000582883710814177,0.9814871708697739,True
-0.0007039170538092832,0.06342376070198986,-0.12374697004191092,0.9813873520965675,1.8549118949245962e-05,0.9813873520965675,True
-0.0007396462809706803,0.06319891349309854,-0.12338873947167713,0.9814518210478148,0.00015074526573096822,0.9814518210478148,True
-0.0007349089819705998,0.06311562567803856,-0.12321654811142144,0.9814662619487806,1.8666092074058705e-05,0.9814662619487806,True
-0.000731867242270274,0.0630942632889063,-0.12323404543660767,0.9814672369056722,-8.516472756770403e-10,0.9814672369056722,True
-0.0007017168499124447,0.06344064685218388,-0.1239249635305294,0.9813729222910769,4.346381085790504e-05,0.9813729222910769,True
-0.0007400374803103292,0.06332675989204026,-0.12378335615043105,0.9814086499445158,0.000265300850204843,0.9814086499445158,True
-0.0007708162783639209,0.06312883641618909,-0.1235665333111232,0.9814401934073126,0.00031578102267858655,0.9814401934073126,True
-0.0008116555219051865,0.06309542017825734,-0.12351313175227295,0.981465597483708,0.0006044340447945205,0.981465597483708,True
-0.0008537336218646856,0.06301381559140505,-0.12341801688338927,0.9814807982498458,0.0007819286773787605,0.9814807982498458,True
-0.0007015530047769413,0.06315285669462826,-0.12359650652274519,0.9814516466939137,6.795092300703118e-05,0.9814516466939137,True
-0.0006863961595880057,0.06318410447716848,-0.12366015181768178,0.9814427480177427,1.1443013490771381e-07,0.9814427480177427,True
-0.0006637452568075004,0.0635006430456667,-0.12402874010102162,0.9813914116274736,5.905919851294677e-05,0.9813914116274736,True
-0.0006859015916674466,0.06370770736708017,-0.12416049839014474,0.9813951005088174,0.0004137048870653589,0.9813951005088174,True
-0.0006354206842372525,0.06378559978320329,-0.1241999727179515,0.9813642549992486,6.208159690999506e-05,0.9813642549992486,True
-0.0006384315385039923,0.06364258545538913,-0.12414077457680134,0.9813695686715632,9.439581427872563e-07,0.9813695686715632,True
-0.0006032659672699533,0.06445554406009593,-0.12468366488993332,0.9813043851762933,0.0003120184080760776,0.9813043851762933,True
-0.0006487134245047014,0.06412374179823539,-0.12461319292291678,0.9813341892345899,0.0004500710767540933,0.9813341892345899,True
-0.0005766545843681101,0.06432866059554689,-0.1246539330769549,0.9812961980753293,2.9974636743756335e-05,0.9812961980753293,True
-0.0006180458987670868,0.06418863976116615,-0.12459084045232786,0.9813251727707151,0.00027171513444765517,0.9813251727707151,True
-0.0005951010716862112,0.06411161237813193,-0.12458906640214511,0.9813099570739481,2.142748445191295e-05,0.9813099570739481,True
-0.0006133927908999428,0.06387449607096439,-0.12451011349057704,0.9813223832270987,4.565886538381724e-06,0.9813223832270987,True
-0.0006453415127092762,0.06368551900768395,-0.12439577406342237,0.9813470530864092,9.10277947425504e-05,0.9813470530864092,True
-0.0006285461146121483,0.06373230974248885,-0.12441334233343665,0.9813398078729925,3.5370744642668015e-07,0.9813398078729925,True
-0.0006334599816719658,0.06363806821508448,-0.1243823667816282,0.9813441165392831,2.9350284097194845e-07,0.9813441165392831,True
-0.0006575430345096652,0.06343078395846569,-0.12418897287204611,0.9813694859089163,1.734753120985425e-08,0.9813694859089163,True
-0.000683813413936573,0.06326249974758813,-0.12402658912921655,0.9813826117744919,7.237500810788448e-07,0.9813826117744919,True
-0.0006383650072988529,0.06340620897503944,-0.12421194130326309,0.9813781268031048,-6.910640908516826e-05,0.9813781268031048,True
-0.0006689373414983252,0.06320736974439449,-0.12397479270278502,0.9814098272272874,-2.969530695017528e-06,0.9814098272272874,True
-0.0006822409510516053,0.06315281833632319,-0.12386444596731486,0.9814159047611072,-1.2140971051294168e-06,0.9814159047611072,True
-0.0006873227074130865,0.06313522718894259,-0.12383884516938248,0.9814168965440841,2.97880431431159e-06,0.9814168965440841,True
-0.0007071180972234431,0.06307798621342194,-0.12379163939073844,0.9814075140695233,2.065532246314783e-07,0.9814075140695233,True
-0.0007305776487639158,0.06304747311555557,-0.12371988307832517,0.981391686277007,-2.3343380136670816e-07,0.981391686277007,True
-0.0005660015601387024,0.06286246860837232,-0.1240361927548731,0.9814848074561197,-0.0003770927986062441,0.9814848074561197,True
-0.0005871464394586256,0.06300506614760625,-0.12423591985464673,0.9814844199975905,-6.806243806256441e-05,0.9814844199975905,True
-0.0004129770605864787,0.06379133996788024,-0.12491500032489679,0.9813693018005316,-0.00072311003693155,0.9813693018005316,True
-0.00044984376047862393,0.06345471526218956,-0.12458635089619191,0.9814287611360553,-0.0006210291413909799,0.9814287611360553,True
-0.00048302535146474825,0.06338977818808642,-0.12451142934755714,0.9814541051494123,-0.00039993900416287044,0.9814541051494123,True
-9.139874026934739e-05,0.06577347674142425,-0.12652142421042423,0.9811543365041945,-0.0015062433744417547,0.9811543365041945,True
-0.00012377804578033737,0.06561005703907953,-0.1263658705826732,0.9811949702946579,-0.00132247823993851,0.9811949702946579,True
0.00012724662441865564,0.06794160937720747,-0.12825431147253935,0.980807212487311,-0.002130828587264198,0.980807212487311,True
0.00012395510406072385,0.06827016030856244,-0.1285429199633377,0.9807643031723619,-0.0019700096806668267,0.9807643031723619,True
0.0001556038970764291,0.06836836388545868,-0.12861799776282218,0.9807361714995751,-0.0021718081783935624,0.9807361714995751,True
0.00017908636256386648,0.06839026584431916,-0.12864118926988433,0.980720080269432,-0.0023443365196515026,0.980720080269432,True
0.00014096401500393447,0.06789765715608728,-0.12820791715667154,0.9807981697150837,-0.0022749624405888373,0.9807981697150837,True
0.00010840866766251132,0.06767676584029801,-0.12799254193084172,0.9808380702264058,-0.0021422086142045558,0.9808380702264058,True
0.0006151667797333944,0.07218540200365366,-0.13189170110385917,0.9803585572569774,-0.0029917582421339806,0.9803585572569774,True
0.0006234163755051485,0.07261040193405832,-0.13228248434720155,0.980298438112711,-0.002873159597604182,0.980298438112711,True
0.000582565516621047,0.07202092425400393,-0.13187805158715174,0.9803725593759505,-0.0028286360329771473,0.9803725593759505,True
0.0006429202789039587,0.07246431181012421,-0.13221955295269297,0.9803090061999962,-0.003048951163349652,0.9803090061999962,True
0.0007519854988463625,0.07347987981911869,-0.13309431069204286,0.9801680761238887,-0.0033326537797676754,0.9801680761238887,True
0.0008030931177487942,0.073885084201898,-0.13349910784154034,0.9800985861004968,-0.0035087789985812504,0.9800985861004968,True
0.0007952905350666949,0.0736506375117758,-0.1332587020793323,0.9801272688254103,-0.0035687843714205156,0.9801272688254103,True
0.0009040260113552,0.07470895195840217,-0.1345083461487927,0.9799654877502372,-0.0037675706513723107,0.9799654877502372,True
0.0011415771539080321,0.07824081488106642,-0.13863546885049643,0.9794696392231289,-0.0035847862198078073,0.9794696392231289,True
0.0011174381345301432,0.07773300128848647,-0.13843475072201636,0.9794914385609774,-0.0036596332107791674,0.9794914385609774,True
0.0013551127075279927,0.08100361076847838,-0.13985320679332192,0.979401978415823,-0.003503003580808784,0.979401978415823,True
0.0013353345801867418,0.08084524123378575,-0.1397454167367358,0.9794210120649637,-0.0034417765717777906,0.9794210120649637,True
0.0013420306878210546,0.08123750324248424,-0.1399319856506865,0.9794154175974114,-0.003285421192169569,0.9794154175974114,True
0.0013407087177473675,0.08100926522389622,-0.13988625406803717,0.9794058196720312,-0.0033994130846432416,0.9794058196720312,True
0.001381904810889314,0.08141331189352112,-0.1400084598422448,0.9794086946657589,-0.0034370508416486393,0.9794086946657589,True
0.0013550044380388098,0.08101066729969092,-0.13982414577362332,0.9794063825649041,-0.0034975247043596484,0.9794063825649041,True
0.0013616264303638573,0.08092928096527464,-0.1397966246277071,0.9793924749715504,-0.003605730376647764,0.9793924749715504,True
0.0014253281146988156,0.08248417125352699,-0.14060733628154246,0.9795893005923212,-0.0027186497414237606,0.9795893005923212,True
0.0014098613271859462,0.0820711137181752,-0.14068469202367423,0.9795247398224104,-0.002903925132188937,0.9795247398224104,True
0.001393561495502366,0.08202275756387276,-0.1406931637142765,0.9795234141999928,-0.0028255573596799176,0.9795234141999928,True
0.0013808931440669335,0.08172670210283586,-0.1408952409411523,0.9794206098832657,-0.0030232259518765086,0.9794206098832657,True
0.001374540661810757,0.08153946960756861,-0.14115637178756707,0.979293248377849,-0.0032552981807397363,0.979293248377849,True
0.0013524836818397572,0.08155209107962628,-0.14105092714820433,0.9793490980231642,-0.003030197938589584,0.9793490980231642,True
0.001384239692801685,0.08171138902630244,-0.14044813933852227,0.9795846938028631,-0.002828935877375893,0.9795846938028631,True
0.00143418709820031,0.08214605324266316,-0.13996767747562774,0.9798434315347403,-0.0025368597785181577,0.9798434315347403,True
0.0014172812089168036,0.08208729124294865,-0.13996207829224833,0.979840281691408,-0.0024676254352135993,0.979840281691408,True
0.0014144440110968404,0.08189853946183229,-0.1400679780917854,0.979761123516688,-0.0026663356935559207,0.979761123516688,True
0.001430443249312813,0.08189939602199163,-0.14008623386284189,0.9797439689499305,-0.0027928825723567197,0.9797439689499305,True
0.0014574735321200077,0.08200985050033094,-0.14006427581773273,0.9797914227241992,-0.00281133909780735,0.9797914227241992,True
0.0014508930039883318,0.08226110296114741,-0.14013124290244655,0.9799020532286051,-0.002411860484147425,0.9799020532286051,True
0.001488651320656667,0.08255489095993646,-0.14000367840101519,0.9799989685396873,-0.0023449910666125348,0.9799989685396873,True
0.0014813225190322729,0.08233822976843296,-0.13998722519193965,0.9799466062337662,-0.002506341560870751,0.9799466062337662,True
0.0014667224849451471,0.08221023704914056,-0.13997322130624554,0.9799005958430552,-0.0025746906834969345,0.9799005958430552,True
0.0015118368346916078,0.08250460375796055,-0.13981322682414396,0.9801257677864291,-0.00228324280710549,0.9801257677864291,True
0.0015702890827511786,0.08303059053649271,-0.14008176433926714,0.9802299136597398,-0.0021205572747786273,0.9802299136597398,True
0.0015634225661019872,0.08309564188802188,-0.1401262967962453,0.9802409746588501,-0.002010879496039088,0.9802409746588501,True
0.0015642571349254548,0.08346959742518555,-0.14024321541472143,0.9803112734907911,-0.001685658618433073,0.9803112734907911,True
0.0015486124631690983,0.08317104727692384,-0.14030771276448306,0.9802464034814702,-0.001830469186975723,0.9802464034814702,True
0.0015334319923599217,0.083185845989681,-0.14028837620374146,0.9802643924531994,-0.0017039570869621704,0.9802643924531994,True
0.0015208171177685025,0.0829957795160044,-0.14048911980437562,0.9801718733190997,-0.0018420149213466224,0.9801718733190997,True
0.0015965282894010553,0.08409150943395415,-0.13823340338094986,0.981150223125755,-0.00038706607244183165,0.981150223125755,True
0.0015805840116005511,0.08402386323733396,-0.13821896217424887,0.9811507049495833,-0.00032146813236304716,0.9811507049495833,True
0.0015620937023438728,0.08383395120960362,-0.13824666945139805,0.9811182796001262,-0.00034772663113609307,0.9811182796001262,True
0.0015642820555206642,0.08368970751086142,-0.13832627159993202,0.9810664058220285,-0.0005131017522737149,0.9810664058220285,True
0.0015485623931645069,0.0836234682027807,-0.1383438884792053,0.9810520029671586,-0.00047236764913932195,0.9810520029671586,True
0.0015324793082810467,0.08362967599298818,-0.1383248279774477,0.981068347070287,-0.00034265894516058855,0.981068347070287,True
0.0015369425811203722,0.08350230192288943,-0.13854109475518747,0.9809775859624246,-0.0005559165532635159,0.9809775859624246,True
0.0015290162520626156,0.08337579412273351,-0.13878446831993088,0.9808676088811117,-0.0007334214794082729,0.9808676088811117,True
0.0015447896498674459,0.08337029080366498,-0.13887840464054343,0.9808189159425122,-0.0009134518560451479,0.9808189159425122,True
0.001536327012442378,0.08333176461171347,-0.1390574094182666,0.9807233685370859,-0.0010371225269581795,0.9807233685370859,True
0.0015480747115908888,0.08335403358150317,-0.13927035287354683,0.9806157958084081,-0.0012729990906049518,0.9806157958084081,True
0.0015100394915941492,0.08323263190209146,-0.1388579416219782,0.9808536604151383,-0.0006893217959930073,0.9808536604151383,True
0.0015205702577822538,0.08324374142274964,-0.13919591899589795,0.980718658165439,-0.0009477128566297534,0.980718658165439,True
0.0015391500226606444,0.08327922140626176,-0.13936358107495156,0.9806411908827652,-0.0011685435485372943,0.9806411908827652,True
0.0015531689278482502,0.08333687031760578,-0.13958635108035855,0.9805281007881337,-0.001416463282156889,0.9805281007881337,True
0.0015683765061606455,0.0834252971856224,-0.13977665963329763,0.9804195244743477,-0.0016603911654764643,0.9804195244743477,True
0.0015831431721194614,0.08355086188316405,-0.13995623885093178,0.9803033853584449,-0.0019073334369819296,0.9803033853584449,True
0.0015873050084021893,0.08373038450725968,-0.14013012447336692,0.9801798931457871,-0.002089523337896235,0.9801798931457871,True
0.0015936528926647885,0.08398257286001551,-0.1403411801661019,0.9800429606726974,-0.0022749036321210703,0.9800429606726974,True
0.0016114854393608593,0.08432194836470266,-0.14060361330032994,0.9798805209604422,-0.0025382335123261897,0.9798805209604422,True
0.0015830484467014578,0.08426093093816837,-0.14055575346127322,0.9799177711528253,-0.0023182557408526782,0.9799177711528253,True
0.0015743202267828305,0.08447415432540861,-0.14074546962875295,0.9798283514772852,-0.002336816920862846,0.9798283514772852,True
0.0015029244757412516,0.08384187541648495,-0.1401085922026082,0.9801329653963934,-0.0016611568628668377,0.9801329653963934,True
0.0015221673754085173,0.08422633412850242,-0.1406881878786437,0.9799154591866988,-0.0019524821107297652,0.9799154591866988,True
0.001527078388441886,0.08461484651963563,-0.1411702899826075,0.979732680580007,-0.0021083701964502433,0.979732680580007,True
0.001534719499066742,0.08333973785297792,-0.1396251873783693,0.9802934606291555,-0.0018051118343047226,0.9802934606291555,True
0.0015347760009472705,0.08357386041796458,-0.13991002447689915,0.980157841635586,-0.0019543543097794457,0.980157841635586,True
0.0015676349044899825,0.08345091908315831,-0.13978703490317737,0.9802045770685012,-0.002114001674288158,0.9802045770685012,True
0.0015997976667364762,0.0833523425439237,-0.13970534598952264,0.9802468570375565,-0.002258591180697263,0.9802468570375565,True
0.0015954614987688947,0.0834876709230276,-0.13977485504196452,0.9801587417704221,-0.0023811679706334087,0.9801587417704221,True
0.0016349502204272787,0.08319485394619079,-0.13965535095068607,0.9802789365589738,-0.002458698366776388,0.9802789365589738,True
0.0016281875631216514,0.08328943864728726,-0.1396176172760726,0.9802142186119609,-0.002562937631330082,0.9802142186119609,True
0.0016170258340418256,0.08344711640251745,-0.13960130402370965,0.9801509752744819,-0.002605473218745609,0.9801509752744819,True
0.0016819119626482197,0.08209067514389093,-0.13941061690564813,0.9806299117901569,-0.002354648331145999,0.9806299117901569,True
0.0016714641433313191,0.08212037407640932,-0.13966038441583423,0.9806858919523891,-0.0020475436990583843,0.9806858919523891,True
0.001676714277183657,0.08207897703520489,-0.1396410993755293,0.9806520093942638,-0.0021904294359589285,0.9806520093942638,True
0.00165961362061254,0.0820290065494434,-0.13957180719837256,0.9806127634166882,-0.002241849468402855,0.9806127634166882,True
0.0016434466229383019,0.08205243864731553,-0.1395396990777813,0.9805645778775222,-0.0022782005137814668,0.9805645778775222,True
0.0016264373774668012,0.08212177658065696,-0.13954502326023768,0.9805151537905396,-0.0022814825771922615,0.9805151537905396,True
0.0015934135189776615,0.08188982368590211,-0.13942256051039761,0.9806655310702262,-0.001836000811726731,0.9806655310702262,True
0.001655483013173329,0.08172565177471396,-0.13904486518990264,0.9808374426642743,-0.0019308997963909398,0.9808374426642743,True
0.0016762648935213793,0.08173020076438502,-0.1390561179947469,0.9808172309906983,-0.0020973404280176912,0.9808172309906983,True
0.0016652360068552974,0.08169220068300943,-0.13902143284561147,0.980769859201509,-0.0021912111571450845,0.980769859201509,True
0.0016447366474055076,0.08171107959461489,-0.13900292153712157,0.9807423712327261,-0.0021480092295820107,0.9807423712327261,True
0.0016432131748219966,0.08178310643162222,-0.13904500621297064,0.980672176122445,-0.002283959483349179,0.980672176122445,True
0.0016223280653471792,0.08184359473253787,-0.13905797737205486,0.9806443604483159,-0.002211262917494231,0.9806443604483159,True
0.0015853883865497762,0.0816551888176379,-0.13891889727635498,0.9807644978830148,-0.0018031761688429777,0.9807644978830148,True
0.0015780190585153444,0.08177041176204727,-0.139151928649053,0.9806608181837756,-0.0019149382177363183,0.9806608181837756,True
0.001675129126876518,0.08051929533508338,-0.13753506614943137,0.981357637990609,-0.001641119140229112,0.981357637990609,True
0.0016513836355418663,0.08044534369754308,-0.13748328119753087,0.9813271239551105,-0.001644228517626145,0.9813271239551105,True
0.0016355660852627046,0.08043085149790145,-0.13747271768690228,0.9812784769688805,-0.0017027258093954495,0.9812784769688805,True
0.0016426487033359264,0.0804873687187624,-0.1374897589198344,0.9812284078990581,-0.0018541105290763996,0.9812284078990581,True
0.001731990864856155,0.08016355228655445,-0.13755754775902646,0.9814071827358535,-0.0019679548113593196,0.9814071827358535,True
0.0017160060792370112,0.08009123711487537,-0.13738566792041929,0.9813906882505672,-0.002019163804840854,0.9813906882505672,True
0.0017162994046828648,0.08010306474859358,-0.1372677567295717,0.9813633688434645,-0.0021363119063474347,0.9813633688434645,True
0.0017171155133102697,0.08015055697019609,-0.13713856793854717,0.9813326026827036,-0.002255412527482297,0.9813326026827036,True
0.001763579098574814,0.08004269607945055,-0.1373681749052424,0.9813605849431257,-0.0023989812292050747,0.9813605849431257,True
0.0017447837602675778,0.08002757110191414,-0.13758693713484532,0.9813887757071856,-0.00214380021906072,0.9813887757071856,True
0.0017405491618944946,0.07999751795634248,-0.13747795686369788,0.9813587838038804,-0.002255805339101082,0.9813587838038804,True
0.0017511250871528037,0.08001469476757404,-0.137415859307407,0.9813308515077055,-0.0024087558568190695,0.9813308515077055,True
0.0017699157557985504,0.0800270071391835,-0.13739944532463078,0.981315379470923,-0.0025591449226479825,0.981315379470923,True
0.0018241233034458906,0.07999401216195119,-0.13780130187692544,0.9813515674734196,-0.0026380572339545286,0.9813515674734196,True
0.0018141434646124673,0.07991430172952768,-0.13754570204500274,0.9813486550526641,-0.0027151455543439847,0.9813486550526641,True
0.0017965181600063421,0.07990775261328632,-0.137451428575427,0.9813505339398468,-0.0026442745980806764,0.9813505339398468,True
0.0018374568393776706,0.07990776100597151,-0.13769106308314877,0.9813724450196897,-0.002738272838940931,0.9813724450196897,True
0.0018235516730636038,0.07984099805556323,-0.137445956849352,0.9813639133684721,-0.0027929827133157817,0.9813639133684721,True
0.0018247228855508965,0.07986294154938359,-0.13727422920593435,0.9813398576414567,-0.0029139530008524413,0.9813398576414567,True
0.0018010172570886397,0.07963684969301346,-0.13787493270531495,0.9814497359348376,-0.00238258091130155,0.9814497359348376,True
0.0017885140924660632,0.07961817745380155,-0.13782776018210915,0.9814089510464284,-0.002438437186780858,0.9814089510464284,True
0.0017574650040994315,0.07952624336506574,-0.1378208174153664,0.9815186813930715,-0.0020170494089642686,0.9815186813930715,True
0.0017453621975408995,0.07952805545526605,-0.13792754775761615,0.9814541517673445,-0.0020795679172555277,0.9814541517673445,True
0.0017470899749978356,0.0795842842974631,-0.13809685194278293,0.9813629058455742,-0.0022457329843753294,0.9813629058455742,True
0.0017050080522987541,0.07941331644253212,-0.13787943584884457,0.9814976034969584,-0.0017952355168702814,0.9814976034969584,True
0.0016712145171602821,0.07937053963486919,-0.13775685879384617,0.9815584337859746,-0.0014974093155528132,0.9815584337859746,True
0.0016924636803884957,0.07940650559857511,-0.13795464393125703,0.9814858294231014,-0.0017336818769813234,0.9814858294231014,True
0.0017406253309495115,0.07933838796781045,-0.13750027981421212,0.981628627441627,-0.0018142480165769918,0.981628627441627,True
0.0017310031426561884,0.07962493400256064,-0.13610897729439153,0.9823975563785784,-3.938047763675341e-06,0.9823975563785784,True
0.0017660976684537922,0.07967724135721166,-0.13604169721923565,0.9824002311426219,-0.00019760131578071185,0.9824002311426219,True
0.001738951295627835,0.07950462811596623,-0.13622297057054994,0.9823577528477576,-0.0001764699878509578,0.9823577528477576,True
0.0017183931922780495,0.07952572001708558,-0.13615430695345493,0.9823843020541283,1.8779534857008768e-07,0.9823843020541283,True
0.001745654251615345,0.07956552345797756,-0.13611148681984991,0.9823837737279885,-0.00015130567292733632,0.9823837737279885,True
0.0018495314603928412,0.08019027291961349,-0.13543332739216263,0.9825365900839327,-0.00027048965909795287,0.9825365900839327,True
0.0018184011308925241,0.07993481886694906,-0.13548663133603983,0.9825157615517893,-0.00024649849019026956,0.9825157615517893,True
0.0017910739139335083,0.07989232834255477,-0.13549437222236566,0.9825220453094003,-8.945199206091121e-05,0.9825220453094003,True
0.001818925534874455,0.08020206323164465,-0.1352514277460922,0.982588533186163,6.345275777118816e-07,0.982588533186163,True
0.0017888907312656416,0.07994636160842487,-0.13550277332733798,0.982538925289387,-5.153776721259453e-07,0.982538925289387,True
0.001826186613762297,0.08012917967296392,-0.1353023104469004,0.9825795670740499,-7.846789316119849e-05,0.9825795670740499,True
0.0017952370905296201,0.07994662420069236,-0.13539489197978027,0.9825559594409381,-2.3735996235319095e-05,0.9825559594409381,True
0.0017742994303781632,0.07971802760266862,-0.13558478692215606,0.9825027827300824,-0.00010045686236086566,0.9825027827300824,True
0.0018006621304260196,0.07972327984077107,-0.1356050412863349,0.9824852681613135,-0.00029317091782742733,0.9824852681613135,True
0.001771689759745266,0.0796139863393427,-0.13567865735025691,0.9824607293451222,-0.00022505070923356548,0.9824607293451222,True
0.0017475953934457866,0.0795693614305309,-0.13572701433835377,0.9824503243668031,-0.00012473727410557673,0.9824503243668031,True
0.0019158078262642585,0.08012837654818565,-0.13447216088700042,0.9827848754214203,-0.0002522198190929792,0.9827848754214203,True
0.001888730211451034,0.08007176943475018,-0.13445862183854737,0.9827937657561545,-0.00010082253082537345,0.9827937657561545,True
0.001871392950690516,0.07984177915592162,-0.13450650836426067,0.982766395501863,-0.0001775166764033385,0.982766395501863,True
0.0018412989796501539,0.07969173086866391,-0.13453408973278128,0.9827494587274495,-0.0001172654646861742,0.9827494587274495,True
0.0018396890366584766,0.0795873867100511,-0.13460175204409797,0.9827124302975535,-0.00024884259688872404,0.9827124302975535,True
0.0018262151599035747,0.07948423346434365,-0.13466282172449162,0.9826707034170032,-0.0003310107920746045,0.9826707034170032,True
0.0017976897403721552,0.07946900957912867,-0.13463036983420062,0.9827023013668139,-8.145999921462598e-05,0.9827023013668139,True
0.0017826448556051485,0.07942246107260106,-0.1347843703906189,0.9826442063289573,-0.00014924947042354526,0.9826442063289573,True
0.0018299329557715043,0.0793158499745339,-0.1342805315341409,0.982848804424989,1.522131575434832e-07,0.982848804424989,True
0.0018041553796992401,0.0792657470914968,-0.1345703508650331,0.9827761886898233,-1.1686244604579111e-09,0.9827761886898233,True
0.0018135881318735564,0.07927131176342,-0.13446685480575563,0.982805504190092,2.3350940875409366e-06,0.982805504190092,True
0.001814335368356987,0.07927591340595883,-0.1344524558249008,0.9828046253032534,3.296715247632019e-08,0.9828046253032534,True
0.001828749988204602,0.07930586613852675,-0.13428451771402078,0.9828455250143084,2.827133526837487e-07,0.9828455250143084,True
0.0018041167792107972,0.07919665490529539,-0.13441382498458065,0.9828043238889238,-2.108694726117498e-06,0.9828043238889238,True
0.001865140920518477,0.07929418109393283,-0.13423218979184307,0.9828636800407211,-0.00016239815804571967,0.9828636800407211,True
0.0018365643684460165,0.07918985340113463,-0.13421891522589624,0.9828515029454008,-0.00010253910695205107,0.9828515029454008,True
0.0018639580764882669,0.07934623489074422,-0.13416685209334586,0.9829083113807799,2.0659228707930503e-08,0.9829083113807799,True
0.001833471441958087,0.07916977041752464,-0.1343141014341707,0.9828673109610715,-6.100805623010972e-07,0.9828673109610715,True
0.0018121006605333802,0.07910009924652098,-0.13443778623564878,0.9828286250429131,-3.4826179934552225e-06,0.9828286250429131,True
0.0018286090977595205,0.0791150165041892,-0.13446091338637156,0.9828131867035478,-0.00013181616809045108,0.9828131867035478,True
0.0018347752393231545,0.07911160691464857,-0.13438396755014187,0.9828704900145752,-2.258769931962299e-07,0.9828704900145752,True
0.0018531552367440792,0.07921027135956603,-0.13433075106583042,0.982884928475064,-1.6651309356747793e-05,0.982884928475064,True
0.0018383780430648899,0.07913248971822036,-0.13434428475876206,0.9828775230568151,-7.507925371533929e-07,0.9828775230568151,True
0.0018789415641989739,0.0793375419422209,-0.1341889549476109,0.9829267331023991,5.512770344843806e-07,0.9829267331023991,True
0.0018498879633515842,0.07909100716616119,-0.13443138634050852,0.9828914150566117,2.1977489756852988e-07,0.9828914150566117,True
0.0018451386810622327,0.079141069014457,-0.13446096369040095,0.9828710786889494,-1.9914142261925366e-07,0.9828710786889494,True
0.0018274159619125888,0.07906042057493037,-0.13455471517502604,0.9828469735534171,1.455347686084056e-06,0.9828469735534171,True
0.0018044303521341021,0.07898605745266106,-0.13474067925749822,0.9828012833097911,8.047485307173083e-08,0.9828012833097911,True
0.0017845170881850409,0.07894046458664752,-0.13490254706410573,0.9827616847783738,2.654687665109143e-08,0.9827616847783738,True
0.0017619109647736436,0.07896803141817663,-0.13510630933983006,0.9827027767799069,-3.102618263462121e-07,0.9827027767799069,True
0.0017411357878098286,0.07899642812873058,-0.13528668594800225,0.9826531057136814,-2.610664873026689e-08,0.9826531057136814,True
0.0017962753010615001,0.07873971372452986,-0.13471903099011798,0.9828102210330997,-4.347370036564201e-05,0.9828102210330997,True
0.0018265228685338155,0.07874959158014376,-0.13473446802066188,0.9827887634269993,-0.0002792238364947359,0.9827887634269993,True
0.0018104069166298914,0.07870226253890139,-0.13471037880046335,0.982766140240553,-0.00032441098564505274,0.982766140240553,True
0.0017839796553827754,0.07871659445962122,-0.13469419806529861,0.9827516668167913,-0.00024608150739315054,0.9827516668167913,True
0.0019040150910376984,0.07853114004701857,-0.13462191284092181,0.9828427211890562,-0.0006169875394551558,0.9828427211890562,True
0.0018814744713963518,0.0784387041954061,-0.13448704713012752,0.9828406879797307,-0.0006192415267110662,0.9828406879797307,True
0.0018513888344563773,0.07840849280445641,-0.13439005615785946,0.9828424854877423,-0.0005192935164497071,0.9828424854877423,True
0.0018207028687817009,0.07837473236642055,-0.1344377018971261,0.9828820183296232,-0.00018713047551677605,0.9828820183296232,True
0.0017858219564653843,0.07835007881541835,-0.13444570322530403,0.9828767995089296,-3.822600983514502e-05,0.9828767995089296,True
0.001795121625669186,0.07836105658957668,-0.13450517818427407,0.9828408351105647,-0.00020290938635506416,0.9828408351105647,True
0.0017682252839382369,0.07837188796870363,-0.13453562702015032,0.9828159893742464,-0.00014931895751864216,0.9828159893742464,True
0.001752727341573843,0.07845126418191428,-0.13460515482723145,0.9827744680152279,-0.00017283931294115377,0.9827744680152279,True
0.001824917394787115,0.07829229604890957,-0.13452910403564655,0.9828032355035192,-0.0005364401995446751,0.9828032355035192,True
0.001810742974451975,0.07833353207484514,-0.13448294445084258,0.9827790582673173,-0.0005718187334890416,0.9827790582673173,True
0.0017953852937748803,0.0784445844520898,-0.13444521576013127,0.9827507182032666,-0.0005800424498438376,0.9827507182032666,True
0.0017475481534250186,0.07805690966363593,-0.13446065737236282,0.982862040452358,-3.3542903533127973e-05,0.982862040452358,True
0.0017268415012823828,0.07811776882993429,-0.13453381641558823,0.9828306804213356,-3.7857860246022726e-07,0.9828306804213356,True
0.0017959277876489618,0.07746868378610405,-0.13388610711178875,0.9830747984145699,7.740018318563985e-05,0.9830747984145699,True
0.00177796924517253,0.0774834376774534,-0.13418988459364264,0.9830106484806564,4.420286936887862e-05,0.9830106484806564,True
0.0017328420848805458,0.07746861801501603,-0.13418978866797454,0.9830295672227672,0.00034816182032427996,0.9830295672227672,True
0.001695740400359583,0.07752158132798907,-0.13447318148007278,0.9829834839713939,0.00048804776800382983,0.9829834839713939,True
0.001676060311677787,0.07760452728726731,-0.1348620562976889,0.9829063692010274,0.00045807408499450004,0.9829063692010274,True
0.0016080383658352048,0.07683817216271908,-0.13317067921280598,0.9833219627670736,0.0015075820475549293,0.9833219627670736,True
0.0015672554631881179,0.07686907776405483,-0.13365182020342448,0.983252485584239,0.0016342722362194257,0.983252485584239,True
0.0015869926784934135,0.07694291493521443,-0.1340505303218182,0.9831705526364344,0.0013817623643810136,0.9831705526364344,True
0.0015862057954155176,0.07702304628477492,-0.13449880045835325,0.9830851324147734,0.0012326357769275958,0.9830851324147734,True
0.0015195601836446168,0.07694112542557086,-0.13428360975708803,0.983158396161635,0.001765729545700549,0.983158396161635,True
0.0014529649889163808,0.07661211713755858,-0.13268437525795257,0.9834795566278628,0.0027338077846784633,0.9834795566278628,True
0.0014032234883714018,0.07658621702891572,-0.13326164094583706,0.9834114033829402,0.002895022817221168,0.9834114033829402,True
0.0014068307550587943,0.07662099999780181,-0.1338307995847095,0.9833190990235505,0.0027057001328434525,0.9833190990235505,True
0.001445122353365442,0.07666716181115041,-0.13414477469569155,0.9832504627008442,0.0023477704066712708,0.9832504627008442,True
0.001443283971233432,0.07670683251647842,-0.13460898481505656,0.9831735785724991,0.0021945866828827227,0.9831735785724991,True
0.001582251189262059,0.0766355129242746,-0.133897621690066,0.9832349479379712,0.0015076397497741474,0.9832349479379712,True
0.0015207402570519965,0.07661617399505327,-0.1337775168519217,0.9832853670333785,0.0020036948030122672,0.9832853670333785,True
0.0014598265748018628,0.07657820576595169,-0.13382474716428883,0.9833053356468736,0.002389275798143188,0.9833053356468736,True
0.0018878177259421865,0.07724633945370042,-0.1306231618917156,0.9836137109709046,0.0010661122637065912,0.9836137109709046,True
0.0018360864119214596,0.07709405943238574,-0.13062114932811517,0.9836366892238658,0.00132016088165099,0.9836366892238658,True
0.0017825826962494609,0.0769920046267182,-0.13062767560984667,0.983659797720194,0.0016325443741477801,0.983659797720194,True
0.0017329365133647242,0.07699915123467065,-0.13060808863876233,0.9836855708465162,0.0020135697821179574,0.9836855708465162,True
0.001690213385011377,0.07669349514885027,-0.13079449829587775,0.9836823547939072,0.0020671127606368576,0.9836823547939072,True
0.0016425761565196685,0.07645149414770715,-0.13097683193290788,0.9836806247202277,0.002185283125912293,0.9836806247202277,True
0.0016047717371330842,0.07627702411893285,-0.1311821316702153,0.9836661894148259,0.002236437232609655,0.9836661894148259,True
0.0015572588913017266,0.07616456905122142,-0.13136947722504977,0.9836571313934213,0.002391854847077987,0.9836571313934213,True
0.0016332809894294578,0.07621071743712811,-0.13134201595164977,0.9836269316327658,0.00189081583856681,0.9836269316327658,True
0.001953486891322375,0.07679755837038052,-0.13078795431302703,0.983593762997701,0.0006118656744228528,0.983593762997701,True
0.0019343542180815577,0.07657801407504111,-0.13069966601906105,0.9836101551711024,0.0005532173013136256,0.9836101551711024,True
0.0018847096005604085,0.07646645530847392,-0.13063696795431956,0.9836386165035691,0.0008118717544900561,0.9836386165035691,True
0.001833274265985106,0.07637625573083459,-0.13060339952730274,0.9836648294024939,0.0011038962090766543,0.9836648294024939,True
0.001778660525545316,0.07627196585325466,-0.130587990085754,0.9836900166881193,0.001401661141287045,0.9836900166881193,True
0.0017278709305528534,0.076255514821843,-0.13056849915997992,0.9837181844000333,0.0017850076305821019,0.9837181844000333,True
0.0016681282054663816,0.07608910179279453,-0.13063285993441007,0.9837361975750412,0.0020538688404319726,0.9837361975750412,True
0.0016071832195864025,0.07593160009745127,-0.1307298502255692,0.9837498103213281,0.0023213112891357726,0.9837498103213281,True
0.0015937963115812083,0.07623603476069714,-0.1303383202193474,0.9838115058101422,0.0028765981255373966,0.9838115058101422,True
0.0015574844711402857,0.07599614930580022,-0.13060371116865901,0.9838001388357581,0.0028998967092533977,0.9838001388357581,True
0.0015391882857708095,0.07583479775660297,-0.1308362990054436,0.9837804475474186,0.0028296967283546783,0.9837804475474186,True
0.0014726994469675425,0.07574347767083553,-0.13092129370119088,0.9838007300582228,0.0032062683548387963,0.9838007300582228,True
0.0015607346084729535,0.07581942968507126,-0.13087467351011012,0.9837649314474423,0.002637306589078376,0.9837649314474423,True
0.001679020500700837,0.07600632028984079,-0.13077547545695753,0.9837217214638897,0.0019768754333039924,0.9837217214638897,True
0.0016770682325147747,0.07655169122376504,-0.1306719416694707,0.9837336082435797,0.002584146043431828,0.9837336082435797,True
0.0016585651564952502,0.07628361815767765,-0.13080050113620464,0.9837333700347133,0.0024953992863075442,0.9837333700347133,True
0.001653235923847894,0.07608193782437365,-0.13089646578987843,0.9837283564709179,0.0023456277804410675,0.9837283564709179,True
0.0020850950877306664,0.077839576015817,-0.13041964248738933,0.9835601587375302,0.0009142397762605498,0.9835601587375302,True
0.0020571703636898275,0.078073496708684,-0.13051327215166925,0.9835568548537178,0.0012849418294328266,0.9835568548537178,True
0.00202997418891988,0.07837182904402692,-0.13056008040021752,0.98355565433221,0.0016840723788581504,0.98355565433221,True
0.0019692525207203925,0.07791447653126013,-0.13054755189339212,0.9835993270774374,0.0018470142019495813,0.9835993270774374,True
0.001909021086946463,0.07773059092542874,-0.1305388287303865,0.9836332280177688,0.0021706398346356694,0.9836332280177688,True
0.0018432239114031075,0.07736903418043203,-0.13058338991752005,0.9836690920461365,0.0024110523192125226,0.9836690920461365,True
0.0018074063898894386,0.07700602441944107,-0.13067559883201635,0.9836854492872268,0.002411307145556531,0.9836854492872268,True
0.0018233305653245224,0.07786364545856102,-0.130430462876805,0.9836829731131775,0.002994261097746695,0.9836829731131775,True
0.0017520862533538673,0.07750070100340795,-0.13057807913875127,0.9837118138900577,0.0032696727203960735,0.9837118138900577,True
0.0016889373688868856,0.07750538353055478,-0.13053673336518165,0.9837447188167754,0.003743984426602977,0.9837447188167754,True
0.001710221574821334,0.0773152821256115,-0.1306864756723811,0.9837273593374409,0.0034492429259134236,0.9837273593374409,True
0.0018039999965662884,0.07748968134741993,-0.13063924880383154,0.9836828932800077,0.002876872309303228,0.9836828932800077,True
0.0017534169989786438,0.07760540212048157,-0.1305816522538938,0.9837084771138506,0.0033420105815777567,0.9837084771138506,True
0.0018812122636881028,0.0779952700521736,-0.13047547428427844,0.9836464083641886,0.0026630850576094436,0.9836464083641886,True
0.0018723050683668693,0.07768948786728906,-0.13051245848896026,0.9836576569250834,0.0025195303488946847,0.9836576569250834,True
0.0021286616527398687,0.07896038146993056,-0.13054982857636893,0.9834928844191189,0.0015363224301227388,0.9834928844191189,True
0.0021630443296788335,0.08004627915931727,-0.13092340804700375,0.9833999433294545,0.0019918745812561637,0.9833999433294545,True
0.0026636252181007495,0.08378842936342112,-0.13128944439062734,0.9829930889263083,0.0005689185023110478,0.9829930889263083,True
0.002603980108962759,0.08335666120111206,-0.13109844913639546,0.9830563312871833,0.0007656609109580584,0.9830563312871833,True
0.0025439189108319273,0.08283154626199998,-0.1308973269902549,0.9831225198405256,0.0009031469297316728,0.9831225198405256,True
0.0024859886453795148,0.08235749747755332,-0.1307208345587156,0.9831816870904807,0.0010384074404150706,0.9831816870904807,True
0.0024866855966597136,0.08289524869853734,-0.13090012890890385,0.9831471319841972,0.001384861183319272,0.9831471319841972,True
0.0024256745219652415,0.08242728480253464,-0.13084248680924485,0.9831959443730208,0.001552084369155815,0.9831959443730208,True
0.0025062299829432004,0.08384396974337148,-0.1309165976763903,0.9831169900683674,0.0019223315094046682,0.9831169900683674,True
0.002445814455855852,0.0833003739644756,-0.1310179776201661,0.9831498268050526,0.0020356514520526964,0.9831498268050526,True
0.002376565079039398,0.08295245119952394,-0.13108211670275557,0.9831839133203464,0.0023196580172444277,0.9831839133203464,True
0.0024522418896183065,0.08308598751241898,-0.1310714711820732,0.9831466540815306,0.0018451633386792007,0.9831466540815306,True
0.002387244447653206,0.08277307770276791,-0.13108583471276603,0.9831832432382155,0.0021162360426735874,0.9831832432382155,True
0.0023769688456666428,0.08325471339964907,-0.13095843521743608,0.983190017030418,0.0025433184526601807,0.983190017030418,True
0.002311526045844257,0.08280088106490024,-0.13112757644215112,0.983214663934942,0.002719572702335555,0.983214663934942,True
0.0022579977422755833,0.08240696866065106,-0.13131252583882558,0.9832294218805387,0.002822482495970913,0.9832294218805387,True
0.002423222267039373,0.08288660630769641,-0.13109676435880846,0.9831674041611969,0.0020017619133892686,0.9831674041611969,True
0.002399268465432683,0.08258441459399148,-0.13112368259782825,0.9831827232980863,0.0019472050541819884,0.9831827232980863,True
0.0023626144757722327,0.08276541238778903,-0.13110089430742247,0.9831977651921536,0.002369531457394474,0.9831977651921536,True
0.002306846152834599,0.08243080734566441,-0.13117617999006176,0.9832236562574872,0.0025210264472318123,0.9832236562574872,True
0.002244118074686439,0.0821708036690854,-0.13125335460543355,0.9832492178357685,0.0027555014337684496,0.9832492178357685,True
0.002485735076751463,0.08287960296263328,-0.13095973239082445,0.9831597812886854,0.0016663010210217865,0.9831597812886854,True
0.0024270324103080965,0.08258539521098995,-0.13090250183191526,0.9831992234656743,0.0018651145806324783,0.9831992234656743,True
0.0023893431756610143,0.0827257244004621,-0.13089518349485887,0.983213693851849,0.002268355701442917,0.983213693851849,True
0.002341743343519091,0.08241137806466245,-0.13094816701635836,0.9832371652232569,0.002359317414954109,0.9832371652232569,True
0.002381077767350426,0.08236895601243288,-0.13097818490356536,0.9832175853359928,0.002027324482768851,0.9832175853359928,True
0.00232219666458841,0.08220427270911276,-0.13095543338553245,0.9832485743788547,0.0022985071846770067,0.9832485743788547,True
0.0022903723226560062,0.08199765458269241,-0.1309802425553439,0.9832634794486861,0.002314897648423574,0.9832634794486861,True
0.002379454073691218,0.08210185911097492,-0.13099833289695612,0.9832208572862824,0.0017845184902592543,0.9832208572862824,True
0.0023288700328830086,0.08192372016716924,-0.13091970506940487,0.9832537221030396,0.001963333600932366,0.9832537221030396,True
0.0022736934364751154,0.08181462282889392,-0.13087473526642115,0.9832832533490263,0.0022270249756231085,0.9832832533490263,True
0.0022187972616777405,0.08168839387205952,-0.1308600722082128,0.9833093957106799,0.002457417749820231,0.9833093957106799,True
0.00215956632257467,0.0816305803379292,-0.13084569783353892,0.9833371029234704,0.002809184304244812,0.9833371029234704,True
0.0021651974240288942,0.08157371718015266,-0.13090695631939753,0.983325611145535,0.0026332480407889195,0.983325611145535,True
0.0021201838797556397,0.0814820117785242,-0.1309280155463699,0.9833417605243556,0.0027739507546317784,0.9833417605243556,True
0.0022458472425403732,0.08154852003101032,-0.13091769664508648,0.9832908465329212,0.0020649488847517823,0.9832908465329212,True
0.0022080314560121495,0.08143690858608646,-0.13083755775898423,0.9833148229405513,0.002146521143327179,0.9833148229405513,True
0.0021557536684781095,0.0814187759347704,-0.13083149190809804,0.983342119777128,0.0025567481852474512,0.983342119777128,True
0.0021010911829340627,0.08136267486715246,-0.13081883219730905,0.9833644482005676,0.0028001956876669695,0.9833644482005676,True
0.0020510471711528092,0.08132722916354526,-0.13083904163381918,0.9833805537889321,0.0029940095302038844,0.9833805537889321,True
0.0019900341286374326,0.08132443050116675,-0.1308542553445947,0.9834024096662863,0.003323888316589659,0.9834024096662863,True
0.0019360740434854287,0.08135035988343814,-0.13092299065160265,0.9834130374231671,0.0035612860453718424,0.9834130374231671,True
0.0019100452942970574,0.08142624900696586,-0.13102496575680161,0.983404720167556,0.0035935604669953825,0.983404720167556,True
0.0018801166061090074,0.08155972542951331,-0.13110892654499964,0.9833987912758116,0.003674616674623734,0.9833987912758116,True
0.0019928134960237663,0.081446901177651,-0.13108044983004055,0.9833601581660678,0.002964008388231784,0.9833601581660678,True
0.0019632523256662587,0.08114661106037802,-0.13114546181353146,0.9833947922007159,0.003651839775116991,0.9833947922007159,True
0.001909122243400841,0.08111826189394607,-0.13121360113473504,0.9834110431912548,0.003882173918135493,0.9834110431912548,True
0.001866855175229896,0.08113016906621082,-0.1313197047293726,0.983416306771396,0.004014482092358582,0.983416306771396,True
0.0018020366263487469,0.08116103554184116,-0.131378444591792,0.9834366567922355,0.004375440445135584,0.9834366567922355,True
0.0017378025648399015,0.08121472125408012,-0.1314802469711976,0.9834516663683317,0.004714058056276324,0.9834516663683317,True
0.0016844778231524921,0.08131584107263212,-0.13164584250293315,0.9834536003672216,0.004946497134638489,0.9834536003672216,True
0.0018479023048099063,0.0811707846987244,-0.1314619625538748,0.9834053794319179,0.00395301125653321,0.9834053794319179,True
0.001782482828517861,0.08112841646174704,-0.13141837939552556,0.9834410678339919,0.004476474950416575,0.9834410678339919,True
0.0017189052841941103,0.08112324079461795,-0.13149816194705327,0.9834632551083872,0.004781534414314564,0.9834632551083872,True
0.0019282982867623592,0.08109816435186173,-0.13129893965894324,0.9833859798420724,0.0036095761372020876,0.9833859798420724,True
0.0018930740514964013,0.08118887980979761,-0.13130860555618226,0.9833933166595659,0.004156820666662072,0.9833933166595659,True
0.0020359865010111003,0.0813762001656436,-0.13128504771380226,0.9833192054717835,0.0033448498266416523,0.9833192054717835,True
0.0023865408369556306,0.08238397161407504,-0.13162194296153512,0.9830668720216145,0.0018509142084132458,0.9830668720216145,True
0.0026743845534947584,0.08370982597603818,-0.13256844938276144,0.9827725515310352,0.0007400828242496668,0.9827725515310352,True
0.002615838419195481,0.08333922439231631,-0.1322609264534751,0.9828479149439896,0.0009326945064936981,0.9828479149439896,True
0.002586902777103566,0.08301609189607709,-0.13198967533132622,0.9829027589883567,0.0009152116536348255,0.9829027589883567,True
0.002533569091332737,0.08274617473542586,-0.13171693209605517,0.9829649817590401,0.0010958467775280046,0.9829649817590401,True
0.0025760029734510767,0.08276073168708045,-0.13173411210849922,0.9829439691946019,0.0007932979367266023,0.9829439691946019,True
0.0026008333230941425,0.08271042125704844,-0.13167636058320442,0.982940337289213,0.0005647961082898261,0.982940337289213,True
0.0025722538780510165,0.08279069663698554,-0.1317834784904123,0.9829401775077681,0.0008492150251724442,0.9829401775077681,True
0.002531379968559017,0.08276924871348094,-0.13175339071392092,0.9829614679901625,0.0011288217084902653,0.9829614679901625,True
0.0025154941397163033,0.08253479702312877,-0.13160118302525153,0.9829901801707409,0.0010560890878573267,0.9829901801707409,True
0.0028486867459195345,0.08403080512659836,-0.13289267394649074,0.9826887772620471,2.893661223895928e-06,0.9826887772620471,True
0.002810404356842154,0.08365190418174226,-0.1325496625312932,0.9827502600196067,2.7074952253681343e-05,0.9827502600196067,True
0.0027884817634899026,0.08343922958762026,-0.1323038177457219,0.9827878166961331,7.0148231982959176e-06,0.9827878166961331,True
0.002756389068232467,0.08334670420955763,-0.1322045088974392,0.9828136051573017,0.00017586682709523703,0.9828136051573017,True
0.002722091008226603,0.08309372497131548,-0.13194567378520058,0.9828558157626994,0.00020189881237474272,0.9828558157626994,True
0.0026831863835393844,0.08302169572346703,-0.13182682839953258,0.9828830025051954,0.00040783979848048996,0.9828830025051954,True
0.0026524930009769816,0.08285450177507435,-0.1316295534564994,0.98291037280966,0.00043398386004906304,0.98291037280966,True
0.002618760793686525,0.08288513590801072,-0.13171614623121528,0.9829240366745664,0.0007715403733764897,0.9829240366745664,True
0.002576757837435486,0.08277328021053224,-0.13162129777522025,0.9829443390629494,0.00091827351504313,0.9829443390629494,True
0.0025325752498689905,0.08270346093359478,-0.131560459855588,0.9829613089986169,0.0011084671980958608,0.9829613089986169,True
0.0024953142189601293,0.08264939143576164,-0.1315270360276092,0.9829667998727037,0.001213513879163453,0.9829667998727037,True
0.0024659783438325477,0.08264876299663841,-0.13151543859312936,0.9829630219312813,0.0012691879621493291,0.9829630219312813,True
0.002540138646600723,0.08263056929383246,-0.13154077486726187,0.9829377989766116,0.0008061544107534769,0.9829377989766116,True
0.0024944455352362035,0.08261729618943182,-0.13149662534701237,0.9829582951069558,0.001087564429985543,0.9829582951069558,True
0.002471389266492973,0.08262752078361252,-0.13146244246133099,0.9829540413037,0.0011015218648963558,0.9829540413037,True
0.0024437236461112627,0.0826885288641932,-0.13142361473333672,0.982949785700285,0.0011617193449978435,0.982949785700285,True
0.0023948101446385492,0.08265943059427211,-0.1314050426588378,0.9829769160445475,0.0015253583278459655,0.9829769160445475,True
0.0023560009654409503,0.08275847225835446,-0.13143760502669455,0.9829694410821554,0.0016861971598358995,0.9829694410821554,True
0.0023246537325105356,0.08291041236241953,-0.1315021461085412,0.982950417249366,0.0017866186382195508,0.982950417249366,True
0.002283876866987817,0.0831036846596559,-0.13156140006776232,0.9829371222166784,0.001991492405318412,0.9829371222166784,True
0.0022335313202295586,0.08259061431188969,-0.13133372245530175,0.9830424910175138,0.0025369901867399926,0.9830424910175138,True
0.0022022091578321025,0.08277930514142338,-0.13153987673095338,0.9830084394689635,0.002641490752174766,0.9830084394689635,True
0.002160194193953833,0.08301732902717955,-0.13173388077044265,0.9829789630691396,0.002842422785231563,0.9829789630691396,True
0.0021013763711508985,0.08319757830705404,-0.1318606772245045,0.9829723547242072,0.003203288388706457,0.9829723547242072,True
0.0020401855318421484,0.08339454217767928,-0.1320161885043205,0.9829631993707019,0.003579709875473072,0.9829631993707019,True
0.002006025459330004,0.08373429932082462,-0.13231608627594732,0.9829151811528245,0.0037290085582957024,0.9829151811528245,True
0.001969934473296161,0.08413733613840232,-0.13261452672937832,0.982865540499736,0.0039051613546010468,0.982865540499736,True
0.001894249539150802,0.08386569402120393,-0.1324204120746292,0.9829401193200712,0.00448349550166236,0.9829401193200712,True
0.0018146114229693874,0.083867813370655,-0.1324123121191387,0.9829755590373734,0.005049213194670212,0.9829755590373734,True
0.001781304721699038,0.08427687729101267,-0.13284437079088202,0.9829148300888034,0.005193231569464799,0.9829148300888034,True
0.0019740476462091292,0.08358565324705022,-0.1322327363198444,0.9829416045399192,0.003943330097508787,0.9829416045399192,True
0.0019037330908123493,0.08365416123733421,-0.1322800017296113,0.9829617661772054,0.00440163512099835,0.9829617661772054,True
0.0018281388449103923,0.08357719920621955,-0.1321968829144694,0.9830089448889567,0.004968693222842039,0.9830089448889567,True
0.001879744155008759,0.0836728433577853,-0.1323264675503018,0.982966679229268,0.004555060544278562,0.982966679229268,True
0.0018655401883354568,0.08383988683873674,-0.1325294878581199,0.982941041839484,0.004526710430153952,0.982941041839484,True
0.0018427154196390926,0.0840441462059122,-0.13271116655591778,0.9829203239355007,0.0045611567455540744,0.9829203239355007,True
0.0017672374540798673,0.08402225779528286,-0.13268391387891273,0.9829574824069935,0.005095315726687318,0.9829574824069935,True
0.001731117169080131,0.08425227234131145,-0.13290656928099176,0.9829394254607778,0.00522599519969887,0.9829394254607778,True
0.001760625235071252,0.08445686837466919,-0.1330770001516955,0.9828995171203846,0.004940415964699772,0.9828995171203846,True
0.0016763540518177163,0.08423018059165575,-0.13291206597804758,0.9829642915531037,0.005633574687634958,0.9829642915531037,True
0.0016177196510125211,0.08439621390102832,-0.13310515158248454,0.9829643134106948,0.0059250903084093086,0.9829643134106948,True
0.0017083821736850787,0.08440912256207095,-0.13312326890636725,0.9829212779776633,0.005289987474887928,0.9829212779776633,True
0.0016453328883206013,0.0845089676056175,-0.13320382038857348,0.9829397783508401,0.0056393406116033665,0.9829397783508401,True
0.0015958551202824836,0.08467088699933507,-0.13335774134308037,0.9829441674657977,0.005856903610689528,0.9829441674657977,True
0.001554649678500691,0.08488418016971264,-0.13353694021343507,0.9829413112226296,0.006014944387305393,0.9829413112226296,True
0.0014819584271939543,0.0840078958250008,-0.1328834495620513,0.9830586888423194,0.006931839650832111,0.9830586888423194,True
0.0014300243471354205,0.08416713101384013,-0.1331825867628785,0.9830544039657699,0.00714278672380429,0.9830544039657699,True
0.0013521039320565492,0.08424656695818028,-0.1333029581257374,0.9830789630781878,0.007627177460978352,0.9830789630781878,True
0.0012762562135639965,0.08370710970330428,-0.13243128084704445,0.9831960090759555,0.008537745899515036,0.9831960090759555,True
0.0012774435339148926,0.08382086176324184,-0.1328262726215352,0.9831639133425485,0.008368910044667182,0.9831639133425485,True
0.0012048751237735847,0.08388564959283443,-0.133050430655383,0.9831816364110485,0.008772419003057254,0.9831816364110485,True
0.0012659852948614088,0.08394393647060924,-0.1331898614366231,0.9831422434589208,0.008286785264908468,0.9831422434589208,True
0.0025345819015179503,0.08187608218910375,-0.1267555916814427,0.9829335469255834,0.002979889872404927,0.9829335469255834,True
0.0024751299121741517,0.08180627274050212,-0.12670107775998324,0.9829706843208735,0.0033936020295299504,0.9829706843208735,True
0.0024631242867644287,0.0824479642571302,-0.1269443542283539,0.9828941655348755,0.003951162495514985,0.9828941655348755,True
0.0024807009360880003,0.08356808751404919,-0.12710696016062745,0.9827766921589087,0.004562404383640405,0.9827766921589087,True
0.0034570955251968685,0.09112923672570333,-0.1274198356360417,0.9817063807696137,0.0016450964005025887,0.9817063807696137,True
0.0034396812739717402,0.09061642935265798,-0.12723378037089011,0.9817708608805459,0.001487461823308129,0.9817708608805459,True
0.004210325115428736,0.0978525320821709,-0.13058766757582463,0.9805744843435583,6.111664489569538e-07,0.9805744843435583,True
0.00467918841754965,0.10389421526451723,-0.13431369715540717,0.9795969038071041,2.750494040917298e-05,0.9795969038071041,True
0.0046084599142586806,0.10290240441137431,-0.13403767646844678,0.9797168675843094,2.5766866110531053e-05,0.9797168675843094,True
0.004581142195052748,0.1029676018088102,-0.13404385350337528,0.9797238736038599,0.00026393411080204675,0.9797238736038599,True
0.004612964471198424,0.10297077677025906,-0.13405910744990202,0.9797086227292369,3.013262557135502e-05,0.9797086227292369,True
0.004550351345372334,0.10214077017231286,-0.13381330145359047,0.979806852537753,2.355197887242917e-05,0.979806852537753,True
0.004559924743266452,0.10223297627874617,-0.13384419801868744,0.9797940662493553,5.702020101314433e-07,0.9797940662493553,True
0.004515257963205027,0.10168904794095758,-0.1336111051555788,0.9798653417073375,1.49424440022691e-07,0.9798653417073375,True
0.004846952491124027,0.10525050056412309,-0.1354142030958621,0.9793846735355904,-2.3494141412223252e-05,0.9793846735355904,True
0.004834072443048946,0.10493048318524756,-0.13520612493379305,0.9794258853841091,-0.00013634695218105416,0.9794258853841091,True
0.0047797753974051565,0.104397280434376,-0.13479036629841928,0.9795114277688993,-0.00010450164883922238,0.9795114277688993,True
0.004745369107342037,0.10401800987804795,-0.13445057856838696,0.9795700057479543,-0.0001435421736624711,0.9795700057479543,True
0.004820812437578454,0.10480931012264538,-0.13530667158403004,0.9794441273952466,1.4765281326904828e-07,0.9794441273952466,True
0.004827537703796911,0.10481871841565374,-0.13531983741384537,0.9794410638415212,-4.213803655645497e-05,0.9794410638415212,True
0.0048647890910639814,0.10522571003043817,-0.1356155526967968,0.9794041138831742,-3.567562585896521e-07,0.9794041138831742,True
0.004821184947259582,0.10478223800282367,-0.13547195850845847,0.9794412433945164,3.2735264618529014e-09,0.9794412433945164,True
0.004808892845625844,0.1046649165493522,-0.13540908446676703,0.9794373438935579,-1.8339803322141553e-06,0.9794373438935579,True
0.0047832511297232995,0.10444940183246038,-0.13532847027275344,0.9794639405688309,8.56954504553351e-08,0.9794639405688309,True
0.004753895798158603,0.10420247135875274,-0.13522150372830982,0.9794656633013895,-4.4108153581717234e-06,0.9794656633013895,True
0.004837414508729427,0.10476732603010153,-0.1354987713590386,0.9794443721761958,-1.0347537059031416e-07,0.9794443721761958,True
0.004798510294866759,0.1044291223077521,-0.13553228033125117,0.9794441919442298,-1.3927161902033064e-09,0.9794441919442298,True
0.004853942248925822,0.10482306926132343,-0.13547817034351872,0.9794592006771669,2.865118403092999e-06,0.9794592006771669,True
0.004816065570052765,0.10449964371800347,-0.1356371511399917,0.979441571480068,4.768248480596322e-06,0.979441571480068,True
0.004788957071324265,0.10428334840605585,-0.1357900244783139,0.9794143903953278,4.298092195279475e-06,0.9794143903953278,True
0.004755438430848478,0.10414275228963862,-0.13596323816012243,0.979379417956577,7.99932798530098e-08,0.979379417956577,True
0.004784201386824901,0.10421724745473893,-0.1358028816011387,0.9794214901508352,-1.8116546954564428e-07,0.9794214901508352,True
0.004749408700305935,0.1040407371376422,-0.13582943428534408,0.9794250955369577,1.6191016242202803e-07,0.9794250955369577,True
0.004773971683259499,0.1041291928730869,-0.13581112208540713,0.9794236697514355,-1.453344011539127e-06,0.9794236697514355,True
0.004748350570547497,0.10399059477992327,-0.1357115503330039,0.9794221293578543,-3.3474197189792515e-05,0.9794221293578543,True
0.004902268144325338,0.10423564365614166,-0.13615800476207196,0.979415480015085,-0.000391720687030318,0.979415480015085,True
0.004893535202989949,0.10407258613155068,-0.1359798981918328,0.9794296610602724,-0.0005083617307575489,0.9794296610602724,True
0.0048716991966643326,0.10390081336097969,-0.1357321278816932,0.9794498647677995,-0.0005767341307599962,0.9794498647677995,True
0.004840473301014357,0.1038152036480235,-0.13550153301518275,0.9794677677459838,-0.0005297385682846686,0.9794677677459838,True
0.004840787684608512,0.10390490018568947,-0.13600872685856571,0.979485916384807,-7.309739587091327e-05,0.979485916384807,True
0.004814608795836365,0.10382840010347352,-0.13595912835464616,0.9794895556528841,-1.7041014652413862e-06,0.9794895556528841,True
0.004789083791598383,0.10372298250760356,-0.1359504128683731,0.9794693738436803,-4.021598881442213e-06,0.9794693738436803,True
0.004789965541221628,0.10371491021428547,-0.13594464789488855,0.9794765532352524,-6.229657099926646e-07,0.9794765532352524,True
0.004760045006040153,0.10364281956073733,-0.13604991800021685,0.9794517851692345,-1.7164008734065983e-07,0.9794517851692345,True
0.004740027168559662,0.1036965712632691,-0.1361446654133384,0.9794053315508008,-1.0065622796790952e-06,0.9794053315508008,True
0.00473226393367244,0.10382850514378848,-0.1362090230683613,0.9793557720339856,-6.517567888737626e-07,0.9793557720339856,True
0.0047252391368538885,0.103846006283028,-0.13621245600677861,0.9793405867538666,8.871602074175033e-09,0.9793405867538666,True
0.004734020528745518,0.10372679204759358,-0.13611989253327808,0.9793979543727938,-2.7748460660296776e-07,0.9793979543727938,True
0.004789610450603308,0.10359887111155741,-0.13589865731128403,0.9794857351887951,-1.5708787030701216e-07,0.9794857351887951,True
0.004779698874796263,0.10358360532063061,-0.13592455159041944,0.9794854459761445,4.390867163801782e-05,0.9794854459761445,True
0.0047561044892409435,0.10352592661236468,-0.13621819650795328,0.9794297718418588,3.2101163737035584e-05,0.9794297718418588,True
0.004748329752337887,0.10354992464121908,-0.13639046138488217,0.9793914569358705,1.3764772464844475e-06,0.9793914569358705,True
0.004731988960731481,0.10357126416833343,-0.1365577181831282,0.9793549295591654,1.1356788840346127e-07,0.9793549295591654,True
0.004740379064771841,0.10335746388221044,-0.13597673336071664,0.9795372041333518,0.00044356754338518653,0.9795372041333518,True
0.00474944223481867,0.10330064301510634,-0.13623114783412488,0.979484453007484,0.00023497762939643065,0.979484453007484,True
0.004707895881181814,0.10327473428134204,-0.1363580430343616,0.9794718678654686,0.0004309315329466248,0.9794718678654686,True
0.004695422716689918,0.10324497632403937,-0.13666070161101881,0.979415324450587,0.0003454795152417508,0.979415324450587,True
0.004656430247857964,0.10328310482952907,-0.13683332357062872,0.9793898053381325,0.0005224197127098186,0.9793898053381325,True
0.004681431817543714,0.10331593320715614,-0.13706329326292316,0.9793335426330364,0.00024826646957936056,0.9793335426330364,True
0.004881860921829049,0.10277504926427869,-0.1351309985779399,0.9797178935796048,2.358435211828988e-07,0.9797178935796048,True
0.004855562723735682,0.1025891342442493,-0.13504471348786495,0.9797333848602372,3.57124638007821e-08,0.9797333848602372,True
0.004822622188753156,0.10239241660681567,-0.1349115940046021,0.9797534420172271,-1.394181460022773e-07,0.9797534420172271,True
0.004820163730833618,0.10238371794361233,-0.1349107322069128,0.9797551912673851,-3.972045768156007e-07,0.9797551912673851,True
0.0048048622746403825,0.10231527656172373,-0.13483924554985827,0.9797460821394508,2.3947071389186434e-07,0.9797460821394508,True
0.0048319784091813665,0.10233930081999304,-0.13489976770087386,0.9797666025243372,-3.780678565637813e-07,0.9797666025243372,True
0.00480396624606694,0.10221290253519046,-0.13476237984173178,0.9797797758837234,-1.5033796386014172e-06,0.9797797758837234,True
0.00482167167965364,0.10223615868630356,-0.1348242535378762,0.9797730981659448,-6.313602833871239e-05,0.9797730981659448,True
0.0047867572222268055,0.10212421356798894,-0.13461440786742268,0.9797982235612827,-1.2230130550278551e-05,0.9797982235612827,True
0.004784659581553398,0.10208262405151049,-0.13448305255791576,0.9797991519024681,-0.00014645076664579736,0.9797991519024681,True
0.004825319310627557,0.1020871832627838,-0.134533127554076,0.9797801377675553,-0.00041487310373758694,0.9797801377675553,True
0.004799836126429562,0.10202946761194931,-0.13427582736035548,0.9798002073374907,-0.0004283498468496505,0.9798002073374907,True
0.004818558380346249,0.10191193500441682,-0.135053742285445,0.9797931376630642,-2.7436641518466964e-06,0.9797931376630642,True
0.004804428151964515,0.10186387329847395,-0.1350089401053386,0.9797968112201916,-1.517635362744022e-07,0.9797968112201916,True
0.004802718723018017,0.10186253494241386,-0.135016512094235,0.9797914064330147,-7.099940247951589e-06,0.9797914064330147,True
0.004780939373438193,0.10178856441663758,-0.13493182040872836,0.9797964678069434,-3.2647449218614076e-06,0.9797964678069434,True
0.004758401718369153,0.10174504222066193,-0.13488835358439347,0.9797899328149575,-1.1731043412841294e-06,0.9797899328149575,True
0.00475317746849492,0.10173610028030032,-0.13488990741602286,0.979789895708453,-1.5407512735689545e-09,0.979789895708453,True
0.004732908769465166,0.10173404953554768,-0.1349416400837791,0.9797716007215402,2.112770426583765e-08,0.9797716007215402,True
0.0047124366537966535,0.10178911535252473,-0.13499449545481404,0.9797408423391054,4.6793014806614183e-07,0.9797408423391054,True
0.004693965283247702,0.10190517299026218,-0.13508161240785865,0.979703960473851,2.6716002995741433e-10,0.979703960473851,True
0.004706230389687598,0.101646942901158,-0.13496438221714196,0.9797637105751292,5.025253492887948e-05,0.9797637105751292,True
0.004692234807308948,0.10176832754041368,-0.13515205113914192,0.9797144465202491,3.038206711811507e-05,0.9797144465202491,True
0.004698300846813684,0.1019398564859908,-0.13525508165378963,0.9796699997051302,5.229085007833272e-09,0.9796699997051302,True
0.004680946857689138,0.10194218999255131,-0.13531005694177742,0.9796655728645145,-3.950581988762294e-09,0.9796655728645145,True
0.004667638030798134,0.10205549783612519,-0.13533271167379526,0.9796412338143141,-1.577895432515589e-07,0.9796412338143141,True
0.004649861725414224,0.10218031895208284,-0.13533405668804765,0.9796242046324725,-1.5852021570332217e-07,0.9796242046324725,True
0.004629654208066894,0.10235215214723518,-0.13537007593823341,0.9796019673487254,2.3678344109070036e-08,0.9796019673487254,True
0.0046239476583769526,0.1026169458864334,-0.1353620216397629,0.9795586100946362,-1.8697030742315055e-06,0.9795586100946362,True
0.00464004192291429,0.102725254054021,-0.1353701291405701,0.9795375104837531,-0.00015789994934475109,0.9795375104837531,True
0.004658618997533614,0.10204662612369171,-0.13556100884941222,0.9796082729476092,-1.807440824765538e-07,0.9796082729476092,True
0.004638977872497214,0.10217243043995994,-0.1356266646896621,0.9795804544800903,9.223699292864042e-08,0.9795804544800903,True
0.0046236240074882815,0.10237368156276337,-0.13569362957413003,0.9795488989391301,9.948184590766035e-08,0.9795488989391301,True
0.004604959140569162,0.10260517624872192,-0.13576708442867738,0.979525043528526,-6.260165247246196e-08,0.979525043528526,True
0.004602570034888173,0.1029376482907509,-0.1358034158344435,0.9794720452103676,5.4532893297594926e-08,0.9794720452103676,True
0.004620735505977045,0.10306622380460666,-0.13577661371049243,0.979450275410081,-4.0061692826853064e-07,0.979450275410081,True
0.004592186375474758,0.10324204950784381,-0.13593703716410602,0.979428212697166,-4.53975521912976e-07,0.979428212697166,True
0.004586066840143641,0.10346360316288078,-0.13599985634180922,0.9793999132063559,-8.620197826194779e-08,0.9793999132063559,True
0.004605773685671887,0.1027853460201929,-0.13572651031259556,0.9794909250729446,-4.004584710935385e-06,0.9794909250729446,True
0.004605396043765935,0.10275631878140387,-0.13573507197247311,0.9794940230064436,6.877239111974469e-10,0.9794940230064436,True
0.004588664482524542,0.10287474485744125,-0.13576861568745857,0.9794804338445184,1.002044310162363e-08,0.9794804338445184,True
0.004572198448323427,0.10302210640810286,-0.1358193869282339,0.9794618553807357,-1.6082086539992258e-08,0.9794618553807357,True
0.004551998327041247,0.10321750497483788,-0.13590720052035643,0.9794372590773567,4.621462695304926e-08,0.9794372590773567,True
0.00454262402212517,0.10346962086013864,-0.1359746137628389,0.9794105484193364,-2.9591668272038095e-08,0.9794105484193364,True
0.004528318133007516,0.10376402276626027,-0.13602044369394956,0.9793837194997476,6.387810033392329e-08,0.9793837194997476,True
0.004517813366447376,0.10413674043634627,-0.13606508706257994,0.979351572006578,6.289883697651821e-08,0.979351572006578,True
0.004515586701757336,0.10405914079118818,-0.13605494007539318,0.9793596969946858,2.655706823073025e-05,0.9793596969946858,True
0.004469767180493329,0.10432710151347374,-0.13610832968067696,0.9793520765117416,0.0003075622943714278,0.9793520765117416,True
0.004399547458671384,0.10139838277018076,-0.13493510331840625,0.9797246171433546,0.0012869458088417918,0.9797246171433546,True
0.004337357800127713,0.10152749798932803,-0.13512937912248882,0.9797184341458168,0.0016547250647870537,0.9797184341458168,True
0.004336774813831226,0.10170517893428298,-0.13548478718730328,0.9796695470895788,0.001539539748441294,0.9796695470895788,True
0.0044407162182205345,0.10160861285560334,-0.13538631257587389,0.9796427036969056,0.0008486907143463137,0.9796427036969056,True
0.004383540136921979,0.10168103876783494,-0.13547341669202828,0.9796532906674819,0.0011567982921402236,0.9796532906674819,True
0.0044089643248080256,0.10177850580155177,-0.13562668627485788,0.9796224736265983,0.0008735269494893454,0.9796224736265983,True
0.004577049219003332,0.10151575946412301,-0.13540524202055368,0.9795865803467434,1.4784222138678593e-06,0.9795865803467434,True
0.004549110855002393,0.10147477661390848,-0.13535793229530968,0.9796068670141003,3.0152478472172944e-06,0.9796068670141003,True
0.004627040868073397,0.10143636097141176,-0.1355774877056951,0.9795417265529268,-9.076264171938361e-07,0.9795417265529268,True
0.004592690214413202,0.10128926730950973,-0.135322751892357,0.9795974800035474,2.5316640447783507e-07,0.9795974800035474,True
0.00463761885224527,0.10136712447703522,-0.13560821588687283,0.9795395562006934,1.864565596689458e-07,0.9795395562006934,True
0.004605469857620165,0.10125859818375132,-0.13553153948072663,0.9795723443897623,1.0747185021162958e-06,0.9795723443897623,True
0.004574970004586587,0.10113243044641437,-0.13546017663486606,0.979600233767619,7.948769904714382e-07,0.979600233767619,True
0.004635594074857156,0.10121393968806529,-0.13562373483048226,0.9795512548106226,-4.175477511651617e-06,0.9795512548106226,True
0.004676909291284479,0.1014020162288713,-0.1358701862447375,0.9794943176416961,1.015069486469273e-07,0.9794943176416961,True
0.004699655811144816,0.10154378714508573,-0.13593125245415938,0.97946911301035,-6.537512225953965e-07,0.97946911301035,True
0.004664425625659639,0.10130640478627097,-0.13575793990657384,0.9795169094429369,-3.918800073422045e-07,0.9795169094429369,True
0.004640406812181625,0.10116899259750699,-0.13565149415124786,0.9795463784186914,-1.957634242849796e-06,0.9795463784186914,True
0.004752430867456753,0.10172234628601838,-0.1362726070032085,0.9794035449878862,2.4348503049045456e-07,0.9794035449878862,True
0.004761216519256149,0.10196308478959025,-0.13630084543657792,0.979382628082255,0.0001685913492933751,0.979382628082255,True
0.004703860530322534,0.10163455979391196,-0.13633868140453756,0.9794224524313506,0.000296830338040849,0.9794224524313506,True
0.004671439614556287,0.1013359991948268,-0.13640416928304594,0.9794462241460351,0.0002504097344402612,0.9794462241460351,True
0.004631399682831134,0.1011120582475932,-0.13645925098348327,0.9794703313768197,0.00027567439784414863,0.9794703313768197,True
0.004576905815622971,0.10098984192581416,-0.13649377244169084,0.979496365808134,0.0004755624341182538,0.979496365808134,True
0.004519966926392759,0.10090080341141892,-0.13654539909583485,0.9795196600020958,0.0007124789875097326,0.9795196600020958,True
0.004456369875828759,0.10086416308935162,-0.1365686032791672,0.979545512107837,0.0010799842544155199,0.979545512107837,True
0.0044117761955508915,0.10077050582217247,-0.13673613022523412,0.9795540278882154,0.001179103064328398,0.9795540278882154,True
0.004365754765939685,0.10074874309381274,-0.1369024296430847,0.9795596510872828,0.0013097802412992687,0.9795596510872828,True
0.0043932201083390935,0.10075738609794938,-0.13701385173084626,0.9795384997305735,0.0010209174948681956,0.9795384997305735,True
0.004327746397309607,0.10077507401425498,-0.13702026536310716,0.979564455475459,0.0014264905722149988,0.979564455475459,True
0.004347613682909109,0.10077342304420589,-0.13712873556554145,0.9795488426334333,0.0011706376775892104,0.9795488426334333,True
0.004295456094019913,0.10079298347914735,-0.13718983865579906,0.9795677002653832,0.0013723252186162791,0.9795677002653832,True
0.0042264558825361575,0.10079952522478487,-0.1371696060489285,0.9795982798897525,0.0018419991719338233,0.9795982798897525,True
0.004162349669243606,0.10082050110582007,-0.13727332411350743,0.9796189403697676,0.002152522036269054,0.9796189403697676,True
0.00414291713952653,0.10087276920905058,-0.13745605744738654,0.979613768409893,0.0021191326375886925,0.979613768409893,True
0.004105279050872096,0.10096730510255982,-0.13760623597038965,0.9796184985451237,0.0022159928855220706,0.9796184985451237,True
0.0040551568968573756,0.10111765082576418,-0.1377381089592617,0.9796274040119353,0.002426866909285356,0.9796274040119353,True
0.004011218276529448,0.10131995205999221,-0.1378880775904003,0.9796307189044137,0.0025991120915357852,0.9796307189044137,True
0.004002364009760458,0.10156172378952084,-0.13804301322985885,0.9796172948535377,0.0025473478538161455,0.9796172948535377,True
0.003970027868119867,0.10184624060168579,-0.1381609515894149,0.9796172273175658,0.002656936095980503,0.9796172273175658,True
0.0038865359496523142,0.10098691709261838,-0.13780357981380992,0.9796983560134357,0.003496806798902964,0.9796983560134357,True
0.0038606855506947138,0.10121180949569769,-0.1380382849375615,0.9796910345748552,0.003540844455061767,0.9796910345748552,True
0.0037699970242005432,0.10120567105334258,-0.13799187459752882,0.9797333643341843,0.004180483288591733,0.9797333643341843,True
0.003781151253136246,0.10140790804141389,-0.13823581779737013,0.9797116180213262,0.003984199056429204,0.9797116180213262,True
0.0037956590296066408,0.1016137897453013,-0.1384320204551209,0.9796941331475999,0.0037646497289599737,0.9796941331475999,True
0.003799478407998817,0.10184767916298788,-0.13859290701748458,0.9796858510468196,0.0036071669269308825,0.9796858510468196,True
0.003730416227167175,0.1019907981061951,-0.1386283498750107,0.9797168386221228,0.004022168414969452,0.9797168386221228,True
0.0036033745766850664,0.10137795228396572,-0.1381881757241337,0.9797874362478581,0.005214859479802496,0.9797874362478581,True
0.003617284566774537,0.10151662378869783,-0.13844460911156686,0.9797748070099492,0.004965665575312823,0.9797748070099492,True
0.0034963385173107466,0.10129615262806418,-0.13810237872760167,0.979833620131639,0.006024475359840182,0.979833620131639,True
0.0034389465636316795,0.10136792662457876,-0.13835699048505293,0.9798582333135331,0.006252851853942993,0.9798582333135331,True
0.003773383506288395,0.10093175585690554,-0.1371998945735342,0.9797145867722817,0.004656283568803208,0.9797145867722817,True
0.003763384504488484,0.1008195990825138,-0.13723708966183168,0.9797500417964605,0.0044936019526510464,0.9797500417964605,True
0.0037110729852483887,0.10075827996662032,-0.1372254391016582,0.9798022366812575,0.004668265567328061,0.9798022366812575,True
0.0036278075252254684,0.10075785355179011,-0.13718220479542279,0.9798395824488136,0.005271505969227967,0.9798395824488136,True
0.0035894402379104363,0.10068164725055793,-0.1372620732860365,0.9798853387691785,0.005307877421681239,0.9798853387691785,True
0.0035093749886346863,0.10067174548057163,-0.13726517324742873,0.9799343540804244,0.0057788171129691335,0.9799343540804244,True
0.0034379028842459417,0.1006505825611382,-0.13733497714462367,0.9799864558665226,0.0061141406186754265,0.9799864558665226,True
0.0042486111270566744,0.10072653410338248,-0.13572045736913343,0.9793199239570064,0.003132127306305654,0.9793199239570064,True
0.004187448780588219,0.1007437811523946,-0.13570098500816036,0.9793444587606718,0.0035896964235516346,0.9793444587606718,True
0.004262448846295696,0.10248754539098429,-0.13637980053362975,0.9790183245154901,0.004509404124926418,0.9790183245154901,True
0.004227746412354834,0.10195824704039623,-0.13636134524794377,0.9790942501818812,0.004391012028250614,0.9790942501818812,True
0.00415638743689854,0.10149950860453898,-0.13629904899688325,0.9791843826240147,0.0045656150449892305,0.9791843826240147,True
0.004080722368771198,0.10112100002848383,-0.1362534821226491,0.979267726124362,0.004816123970056506,0.979267726124362,True
0.004006921761152891,0.10113651475889687,-0.1362144118262966,0.9792996412909808,0.005361259382012364,0.9792996412909808,True
0.003922753300900285,0.1009422819273421,-0.1362048076701547,0.9793604413866216,0.005818553296420727,0.9793604413866216,True
0.003906626379474323,0.100567937532128,-0.13630263524467046,0.9794074115846508,0.005635988252683794,0.9794074115846508,True
0.0038488172005753467,0.1001506730264674,-0.13635319383760994,0.9794852492425528,0.005705217967973272,0.9794852492425528,True
0.003769596118987081,0.10019275480585105,-0.13629990652426638,0.9795157528602437,0.0063192164710827795,0.9795157528602437,True
0.0036856160976397132,0.09987797124561361,-0.1363717194647145,0.9795917909325685,0.0066483817639162055,0.9795917909325685,True
0.003705521268574817,0.09966682872317476,-0.13648011408464147,0.9796083368753856,0.0063069506927323875,0.9796083368753856,True
0.0036270888435200347,0.09977726227122309,-0.1364081103311954,0.9796280547051156,0.006982916130384942,0.9796280547051156,True
0.0035388974853496477,0.09951962984496561,-0.13647020371705257,0.9797008160045747,0.0073874489798319894,0.9797008160045747,True
0.0034757105888172913,0.09922130855397888,-0.1365941743992278,0.9797661053487646,0.007561255462287824,0.9797661053487646,True
0.0048200600826617335,0.10451359692482295,-0.1339480957915115,0.9784602086746244,0.0032711973949209683,0.9784602086746244,True
0.004839532985922941,0.10429551103696477,-0.13386267753462006,0.9784851081812379,0.002970825855679687,0.9784851081812379,True
0.004783917606863013,0.10376078576271744,-0.1335427601611356,0.9785984600005352,0.002981038941316573,0.9785984600005352,True
0.004750919075068123,0.10407324097336641,-0.13372740495920682,0.9785562097027299,0.0034847188611751858,0.9785562097027299,True
0.0046848557043466955,0.10388550403426103,-0.13361913815448911,0.9786142969533925,0.003830156158822494,0.9786142969533925,True
0.005065279358191991,0.10601227211751266,-0.13442253075996813,0.9781454257620464,0.002665372431009066,0.9781454257620464,True
0.0049981820392538895,0.10548688637485507,-0.13410953799764272,0.9782555107388409,0.0027742160378857253,0.9782555107388409,True
0.005054824135004163,0.10671174852648886,-0.13482174919057183,0.9780366424907573,0.0033243805714495756,0.9780366424907573,True
0.005088408891207125,0.10659339982462497,-0.13481477041781945,0.9780349920075146,0.0029952363378943758,0.9780349920075146,True
0.005116464328638412,0.10646383194982285,-0.13478559425132075,0.9780387996615723,0.0026949675184148995,0.9780387996615723,True
0.005064887018602555,0.10635956683281794,-0.1347087348044719,0.9780766161373946,0.0029943231880020316,0.9780766161373946,True
0.005018899856141264,0.10586942831523002,-0.13452321248149124,0.9781575285694823,0.002964316692533217,0.9781575285694823,True
0.005277350638531824,0.10723338114991288,-0.13521684244843707,0.9778589385653246,0.002210501331571399,0.9778589385653246,True
0.005220739047426181,0.10694038483536278,-0.13500315591100556,0.9779277438063407,0.0023948473173442783,0.9779277438063407,True
0.005209899439458705,0.10664537463368821,-0.1348374572676816,0.9779729170051713,0.002236033022812026,0.9779729170051713,True
0.0052575387136922355,0.10669294378890085,-0.1348933248742248,0.9779446029936391,0.0019280319431873394,0.9779446029936391,True
0.005379869316443061,0.10722375353472444,-0.13539913709474527,0.9778031815854402,0.0015098453865091518,0.9778031815854402,True
0.005347552023045862,0.10718374821390696,-0.13534949745962285,0.9778235255759711,0.0017187698360796643,0.9778235255759711,True
0.005302301130922534,0.10679891370460197,-0.13504603503849474,0.9778981047997195,0.0017170994105348012,0.9778981047997195,True
0.005279883353958351,0.10694917761189579,-0.13517038203196446,0.9778857089147514,0.0020313145715633234,0.9778857089147514,True
0.005253100013489015,0.1066413549273547,-0.13500086543271095,0.9779294698672429,0.0019470183396518455,0.9779294698672429,True
0.005209185925502747,0.10638637623268003,-0.13480763945375399,0.9779781234988482,0.0020014615084248725,0.9779781234988482,True
0.005165751178344999,0.10632905060777069,-0.1347417904627372,0.9780040143033323,0.0022483219583483813,0.9780040143033323,True
0.005120875444565466,0.10613678053141148,-0.13463771033148864,0.9780374126444191,0.0023393159104204103,0.9780374126444191,True
0.005098931226085478,0.10599374946856552,-0.1345684348829352,0.9780539040719296,0.0022756714126922263,0.9780539040719296,True
0.005052800151828,0.1059409885298671,-0.13450112030430084,0.9780774829597231,0.0024921853850025954,0.9780774829597231,True
0.0050047774551576375,0.10590142827294136,-0.134462682128882,0.9780983162123493,0.0027416540954667474,0.9780983162123493,True
0.004981809684108304,0.10583274925965167,-0.13447953240577798,0.9780997366690538,0.002704508935193769,0.9780997366690538,True
0.004951397493540695,0.1058362083533041,-0.13447681545058537,0.9781008847752912,0.002739971185367854,0.9781008847752912,True
0.0049286592946116365,0.10588782246068308,-0.13448613501054354,0.9780969786548158,0.00274645687980389,0.9780969786548158,True
0.00489114176281783,0.10600580864797819,-0.13448876378306504,0.9780940372760359,0.0028901357367197714,0.9780940372760359,True
0.0048914836067488615,0.10616350932287785,-0.13453322895648953,0.9780701613563215,0.002767522603124992,0.9780701613563215,True
0.004899476813441923,0.10634448653546417,-0.13455284189417596,0.9780454870811681,0.0026049563946453323,0.9780454870811681,True
0.004949038768957642,0.10637442357133516,-0.13457951119066805,0.9780199538094644,0.0022293944515881206,0.9780199538094644,True
0.004934935909529125,0.1065387767010417,-0.1344798450657896,0.9780193642555154,0.0021916117881992823,0.9780193642555154,True
0.004922352177357993,0.10678738502675328,-0.13438307381035164,0.9780115261158878,0.002173643214286507,0.9780115261158878,True
0.00500579985107003,0.10648731846290022,-0.13451023551355967,0.9779906791451348,0.0016535626053859878,0.9779906791451348,True
0.004966504513315161,0.10657802921395484,-0.13437610352309062,0.9780122852121657,0.0018491865447504581,0.9780122852121657,True
0.004913106288787209,0.10634236379050989,-0.13452855490552024,0.9780386399970625,0.0024316895284471874,0.9780386399970625,True
0.0049001285531915404,0.10642963118936327,-0.1344974824398823,0.9780370784005541,0.0023648315073516854,0.9780370784005541,True
0.004845508697107838,0.10640972151205458,-0.1344694668339792,0.9780634623771091,0.002780272733711332,0.9780634623771091,True
0.004793239593460671,0.10644105581023107,-0.13445120415581124,0.9780830000689991,0.003116323535562738,0.9780830000689991,True
0.004752050679880138,0.10652706373168652,-0.1345068293902903,0.978085185979473,0.003288351407104319,0.978085185979473,True
0.004746683062790034,0.1066624234952152,-0.1346223386603636,0.9780636618424163,0.003186744394980159,0.9780636618424163,True
0.004767495971509469,0.10679963631004682,-0.1347056328362685,0.9780363738434974,0.002936065606852254,0.9780363738434974,True
0.004820558615545512,0.10683094767055304,-0.1347429242463265,0.9780091859345923,0.002528498514135897,0.9780091859345923,True
0.00488993479935584,0.10679281286413704,-0.13479741652624214,0.9779778411953696,0.0020787525415863354,0.9779778411953696,True
0.004852789581501312,0.1068192357318887,-0.13467004177094505,0.9780059355557237,0.0021994170274063254,0.9780059355557237,True
0.004800745265794587,0.10681268565167723,-0.13464315146541322,0.9780298940559221,0.002584510615443873,0.9780298940559221,True
0.004890394993245986,0.10678391142018523,-0.13471469572957662,0.9779870677193794,0.0020748932990161473,0.9779870677193794,True
0.004846526354676159,0.10674469694663888,-0.13459387466481113,0.9780217022949286,0.002240238963615146,0.9780217022949286,True
0.0048721443148017655,0.10673814725248323,-0.13456776875696097,0.9780155561538021,0.0019627275211289595,0.9780155561538021,True
0.004847810397972304,0.10670745288814756,-0.1344123372879562,0.9780458422164551,0.0019339909591329306,0.9780458422164551,True
0.004798363574785003,0.10670129577479434,-0.1343878895193529,0.9780685215615311,0.002300021123518524,0.9780685215615311,True
0.0047643544625290135,0.1067236019487827,-0.13430927171037774,0.9780903094821836,0.0023759502495123513,0.9780903094821836,True
0.004867685149390415,0.10664599490985949,-0.13441797425777502,0.9780408554416116,0.0018201310474449694,0.9780408554416116,True
0.0048458048187307945,0.10660606874385893,-0.13425082938574925,0.9780721491609483,0.0017724980081684726,0.9780721491609483,True
0.004809894091353272,0.10663072055485012,-0.13409573582959636,0.9781028652477735,0.0018733101430696542,0.9781028652477735,True
0.004768132196524462,0.1066804697403947,-0.1339819134930992,0.9781293734411775,0.002054788974451075,0.9781293734411775,True
0.004714990479838149,0.10661673367300274,-0.13400155141546172,0.9781519057209714,0.002540441120564598,0.9781519057209714,True
0.005059472237844413,0.10627944258650153,-0.13418030571524373,0.978007244750411,0.001374591158615223,0.978007244750411,True
0.005023348849372401,0.1060294236765678,-0.13392257350464426,0.9780683115328734,0.0013624192306377853,0.9780683115328734,True
0.00506769904632931,0.10604223593829931,-0.13396091906325872,0.9780456796212396,0.0010513773146028566,0.9780456796212396,True
0.0050349666617758495,0.10585743426186847,-0.13366342039522622,0.9781032295433018,0.0010341877771201681,0.9781032295433018,True
0.005025622152201523,0.10577349127399203,-0.1334286323078268,0.9781368719861332,0.0009081203433164205,0.9781368719861332,True
0.0049852606742191614,0.10574324225983109,-0.13326209843344014,0.9781717754090844,0.0010949482135189851,0.9781717754090844,True
0.0049568250464864195,0.10570305532542636,-0.13302639487915124,0.9782078857329226,0.0010987358932207805,0.9782078857329226,True
0.004917112436922618,0.10567548255824666,-0.13312822943045635,0.9782171087267786,0.0015011065641319984,0.9782171087267786,True
0.005073192435441894,0.10570743358013843,-0.13352216639293776,0.9781234129595183,0.0008667188372563362,0.9781234129595183,True
0.005032921836912331,0.10555730717540002,-0.13326841929361788,0.9781735692588537,0.0009281844029290739,0.9781735692588537,True
0.004989349802718404,0.10548303201762578,-0.13307721716976645,0.9782123759518775,0.001076102756196462,0.9782123759518775,True
0.004958223038319539,0.10551709519076684,-0.13318463005265138,0.9782153200735862,0.0014552089719463306,0.9782153200735862,True
0.004964530626531265,0.1054564778599294,-0.1331408544793534,0.9782173333470103,0.0012733896798448768,0.9782173333470103,True
0.004947699899634528,0.10537950511359752,-0.13302351094635848,0.9782356526287064,0.0011998311406214714,0.9782356526287064,True
0.0049044305502992025,0.10536963020100767,-0.1329692540009494,0.9782577667502574,0.0014750205513778768,0.9782577667502574,True
0.004867687812204825,0.10539652844375938,-0.13300183762610793,0.978273633621494,0.0019134767712736202,0.978273633621494,True
0.004819925487422831,0.10538176668910859,-0.13297730568551258,0.978295355937982,0.002242634037347145,0.978295355937982,True
0.004772427189841733,0.10540212587328451,-0.13292677143516649,0.9783201524822654,0.002643262059324586,0.9783201524822654,True
0.004743866505281698,0.10525873987481697,-0.13308441438078833,0.978315884292316,0.00262598180530712,0.978315884292316,True
0.004708228363583101,0.10518649056936343,-0.13322120020059747,0.9783124688976895,0.002685465177741675,0.9783124688976895,True
0.00465652335625868,0.10518637354010232,-0.13305677486932044,0.9783565528399404,0.0032173913195182135,0.9783565528399404,True
0.004967009997607596,0.10558357744434559,-0.13188191486781384,0.9783678369639768,0.002018138870388897,0.9783678369639768,True
0.004954740183553639,0.10536040228770852,-0.13185461324567924,0.9783868545208984,0.00189112128915,0.9783868545208984,True
0.004906832366866697,0.10516194342976937,-0.13177371058606668,0.9784265056560192,0.0020107348882169203,0.9784265056560192,True
0.004925257580684037,0.10508347565260989,-0.13177143791410026,0.9784224307690964,0.001768611291307404,0.9784224307690964,True
0.004951929877248291,0.10504468512402831,-0.13176200679434855,0.9784154371694511,0.0014996664906144293,0.9784154371694511,True
0.004936672849277117,0.10527377138151028,-0.13195179938700624,0.9783903741190588,0.001959167788084374,0.9783903741190588,True
0.004903117197637179,0.10503139186078686,-0.1319027810594073,0.9784209546311179,0.0019428208890748173,0.9784209546311179,True
0.00487272982900787,0.10520698095681616,-0.13191918410491446,0.9784248004403298,0.002439481534997226,0.9784248004403298,True
0.004882230156026769,0.10507081375016276,-0.13196819930105053,0.9784218103540473,0.0022112415705597167,0.9784218103540473,True
0.004874818425330131,0.10490325833882357,-0.1319766489274925,0.9784311986104997,0.0020558337526765656,0.9784311986104997,True
0.005081793361325749,0.1055223824890579,-0.13216644584727855,0.9783064911463316,0.0014483007403511357,0.9783064911463316,True
0.0050557714782106826,0.10524489790848093,-0.13197745000668365,0.9783527179058439,0.0013718452522763895,0.9783527179058439,True
0.005040779625159585,0.10505172523009915,-0.13180438589739227,0.9783861622592305,0.0012554435669615816,0.9783861622592305,True
0.00523690167967127,0.10572328937279284,-0.13272392288358945,0.9781874562557421,0.0007796572187020778,0.9781874562557421,True
0.005192901331246857,0.10546356580005362,-0.1324279254798802,0.9782498187501609,0.0008543120382692197,0.9782498187501609,True
0.005710434548760656,0.10814826225188237,-0.13576231525067808,0.9775943721610688,6.586173704632424e-05,0.9775943721610688,True
0.006205782566291473,0.1127139921414362,-0.14015331738718953,0.9766926709999358,-3.637986535759319e-07,0.9766926709999358,True
0.006280903133342292,0.11349565588396165,-0.14085030083590275,0.9765502110742219,-1.9734718693264036e-08,0.9765502110742219,True
0.006378335382392469,0.11458586308642572,-0.14151704898058529,0.9763989366510928,-4.941588169316941e-07,0.9763989366510928,True
0.006432741656486459,0.11513154454356236,-0.1418624714624009,0.9763196691634931,-9.886314070971634e-08,0.9763196691634931,True
0.0064068471468587684,0.11484584755125637,-0.14174403537422012,0.9763497650922253,-4.946215541812678e-08,0.9763497650922253,True
0.0063548983601376926,0.11431291107508838,-0.14161909618154045,0.9763925536126581,-2.427809901504557e-07,0.9763925536126581,True
0.006315209801339278,0.11388476915572313,-0.14140642167996728,0.9764211592780336,-4.6154463787933675e-07,0.9764211592780336,True
0.006404116786273966,0.11465712298764166,-0.14176371958703438,0.9763915721997549,-5.048304697750951e-06,0.9763915721997549,True
0.006361984003796005,0.11429108412106827,-0.14152289028506487,0.9764222351571278,4.501289979687175e-08,0.9764222351571278,True
0.006375497045370841,0.1143912466068197,-0.1416321010559972,0.9764178894696403,3.259630423555674e-09,0.9764178894696403,True
0.006355868652537038,0.11422173652917124,-0.14153509379502513,0.976413274757467,-2.2791713941659515e-07,0.976413274757467,True
0.006338298811771638,0.11409991748682483,-0.14150969274892242,0.9764005382098225,-2.834919891039311e-06,0.9764005382098225,True
0.006350541313276294,0.11417169052190072,-0.14154764653738092,0.9764110031137326,-5.783253236287873e-08,0.9764110031137326,True
0.0063226756300707445,0.11397984663644058,-0.141566012246013,0.976375559145963,1.0197978036089794e-07,0.976375559145963,True
0.0062976197284472495,0.1138689415082855,-0.14162214311011953,0.9763283197099464,-1.1848746507634008e-07,0.9763283197099464,True
0.006275230963412259,0.11380957907599876,-0.14172238683925276,0.9762852905350421,-5.002679260479906e-08,0.9762852905350421,True
0.006264295839236839,0.11384345139891838,-0.14172880168343188,0.9762318577286769,-1.4511390614922196e-06,0.9762318577286769,True
0.006282527730913063,0.11377509993153313,-0.14170191417634323,0.9763008987512932,-4.380302427559839e-08,0.9763008987512932,True
0.006262834769878071,0.11373968775335747,-0.14183446611620923,0.9762526117587551,-4.5177993739647973e-08,0.9762526117587551,True
0.006255444736691286,0.11381000255475773,-0.1418734363307504,0.9761901853600996,-1.5319845658375402e-07,0.9761901853600996,True
0.006242034267920558,0.11386166230545547,-0.14198044387048808,0.9761319193978314,-5.502609442884214e-08,0.9761319193978314,True
0.006237890245866695,0.11389345528309568,-0.14202893836365518,0.9761070980891462,-2.0231694090219056e-07,0.9761070980891462,True
0.006242624867108381,0.11385486113350374,-0.14195170610703323,0.9761394356757889,6.108159202987434e-07,0.9761394356757889,True
0.006235279552125975,0.1139026745160838,-0.14212035445864182,0.9760832719633801,3.824057978484118e-08,0.9760832719633801,True
0.0062181086756328136,0.11400151949483374,-0.14237196814086583,0.9759836338908472,-3.012727086031765e-07,0.9759836338908472,True
0.006254149372486361,0.11335653848880976,-0.14153211819106737,0.9763536054778863,-2.1542033949263052e-07,0.9763536054778863,True
0.006320285038332294,0.11350479376582948,-0.14148345688957334,0.9764508582996726,-1.8342788894800127e-07,0.9764508582996726,True
0.006328462142246533,0.11355305602928212,-0.1415142723049756,0.9764503553814928,-1.9912222019964166e-06,0.9764503553814928,True
0.0063010389735887575,0.11339834275840717,-0.14152089412220925,0.9764395369531065,-2.0317766069981426e-07,0.9764395369531065,True
0.006313269205947238,0.11345680539062816,-0.14149813747215886,0.9764468163544531,-6.115280972029192e-06,0.9764468163544531,True
0.00628653023580122,0.11331787374856149,-0.1414479116882218,0.9764344034519793,-6.064291052334084e-07,0.9764344034519793,True
0.0063381228490342455,0.11346891505587305,-0.14146964542999102,0.9764677906366607,-8.532321849887516e-05,0.9764677906366607,True
0.0063249038768511436,0.11346558371566402,-0.14146729216563286,0.9764742045263632,-2.0895553445757142e-07,0.9764742045263632,True
0.006322103372149956,0.11344831795406708,-0.14145086184612352,0.9764705927551925,-1.8444997468794885e-06,0.9764705927551925,True
0.006319859111245711,0.11343252590406969,-0.14145476961700776,0.9764691104125542,-3.299328376452367e-07,0.9764691104125542,True
0.006391045759940091,0.11388921906210522,-0.14113962837675853,0.9765801354129524,-2.4204722392463235e-07,0.9765801354129524,True
0.006360332381697396,0.11359594249464437,-0.14140635716537417,0.9765286974324048,3.4250717213723985e-07,0.9765286974324048,True
0.006340699979350532,0.11347515018818233,-0.14159400907663408,0.9764827100214073,3.49664374083244e-07,0.9764827100214073,True
0.006320419648358574,0.11326974795271369,-0.14191325193824667,0.9764220645099232,3.5853344665282825e-08,0.9764220645099232,True
0.006337277422876558,0.11338533496680768,-0.14161997916915778,0.9764871511196875,-1.0543576760527552e-08,0.9764871511196875,True
0.006349143722613097,0.11346378027542814,-0.14154786907184935,0.976508274423804,2.3802530701465088e-08,0.976508274423804,True
0.006341669029774457,0.11339582962684903,-0.14162735267401558,0.9764920535365538,-1.8295292423938792e-09,0.9764920535365538,True
0.00631551212958862,0.11325622827016005,-0.14176404635095682,0.9764500303962593,-4.5830153397840127e-07,0.9764500303962593,True
0.006309434559962639,0.11322516175819267,-0.14181774472648004,0.9764354329408158,1.093208768669716e-07,0.9764354329408158,True
0.006333911231486906,0.11331663170419844,-0.14156288218459367,0.9765029194177316,-8.762198198630298e-08,0.9765029194177316,True
0.006317508998132117,0.11322663227638852,-0.1416123275865377,0.9764845197149262,7.718726072437626e-08,0.9764845197149262,True
0.0064319473108916305,0.11376368887756703,-0.1410011950247816,0.9766770590019629,1.179266378825124e-05,0.9766770590019629,True
0.006506063262871551,0.11438568021543497,-0.14031456891269686,0.9767909991385567,8.539983903233729e-08,0.9767909991385567,True
0.006583503920692816,0.11506627124785229,-0.14011749216783645,0.9768166038794808,-1.081376277648887e-08,0.9768166038794808,True
0.006569469154590154,0.11494697404856766,-0.14010781424210736,0.9768210196723471,-7.823805362603964e-08,0.9768210196723471,True
0.006570756355460445,0.11494748188882767,-0.14010640760753526,0.9768222943663376,5.4430993063865166e-08,0.9768222943663376,True
0.006536927630291019,0.11463471715437104,-0.14019217492810634,0.9768118056627368,4.957793712609952e-08,0.9768118056627368,True
0.006513194136304814,0.1143486140338538,-0.1402455606979557,0.9768102676361612,6.226557157151914e-08,0.9768102676361612,True
0.006498864012022399,0.11428094575624684,-0.14028611455838108,0.9767979110736587,9.032265614992232e-07,0.9767979110736587,True
0.006662044898234749,0.11547190482459613,-0.1393302572980603,0.9769998917694013,-1.8743807033328282e-07,0.9769998917694013,True
0.006631020098784359,0.11520072459950602,-0.13926718564101376,0.9770115094821495,-2.8757534579476973e-08,0.9770115094821495,True
0.006642073489636312,0.11518620675464382,-0.1392466717000361,0.9770250847901459,4.982228901178043e-07,0.9770250847901459,True
0.006607968480556779,0.11500411769153503,-0.13930245133432317,0.9770041881714879,-1.350060277770886e-07,0.9770041881714879,True
0.0065773415293839165,0.11477408246070415,-0.13931425459317356,0.9769948395825998,3.3865235986549775e-07,0.9769948395825998,True
0.0065781214139145295,0.11478001347525568,-0.1393065251107289,0.9769928377777282,-2.6883799314183963e-07,0.9769928377777282,True
0.006571618003235186,0.11474071383236732,-0.13930919617489482,0.9769917327433753,-5.424923184433623e-07,0.9769917327433753,True
0.006542671449275513,0.1145816301323781,-0.1392149500394786,0.9769868147690066,-9.018082567216874e-07,0.9769868147690066,True
0.006544036453324591,0.11458129748728323,-0.13924580585153393,0.9769897441770978,-1.7583535933467144e-06,0.9769897441770978,True
0.006520156947268643,0.11450349815172757,-0.1390991972642859,0.9769843297609482,-8.936116818131283e-07,0.9769843297609482,True
0.006551077463239726,0.11450553596986086,-0.1391797947770612,0.9769804911465857,-0.00015223584308472312,0.9769804911465857,True
0.006527669292788828,0.11444926112530153,-0.13898842674290468,0.976977616594237,-0.00016819696754199304,0.976977616594237,True
0.006529660600070811,0.11441806433931297,-0.13916596956523614,0.9770054096530338,-2.822193882244417e-06,0.9770054096530338,True
0.006507334195797606,0.11439342789476802,-0.13910465778497957,0.9769800828103528,-1.8476013467484899e-06,0.9769800828103528,True
0.006590150173486501,0.11413346176648215,-0.13928251249232054,0.9771564090626038,2.4957768661050674e-08,0.9771564090626038,True
0.006565822850935968,0.1140243614814267,-0.13942269783157518,0.9771102119843535,1.3486956857392042e-07,0.9771102119843535,True
0.006546200680715351,0.11402137121896824,-0.1395642355219211,0.9770512070619071,1.4674490804236866e-08,0.9770512070619071,True
0.006537871865486135,0.1140592152310045,-0.1396262089547169,0.9770205304825965,2.727331935569128e-07,0.9770205304825965,True
0.006524551358255109,0.11414912222741277,-0.13982813783922196,0.9769449978133001,-9.230497823193294e-07,0.9769449978133001,True
0.006515171250801393,0.11429982964568829,-0.14002302488384244,0.9768690265986034,1.5183721581322926e-08,0.9768690265986034,True
0.006533578612545606,0.11376990000001329,-0.13948027363062362,0.977085493962511,-5.445554984118016e-07,0.977085493962511,True
0.006539225924412239,0.11375743223611827,-0.13947199793081957,0.9770984918140294,5.3807503913732264e-08,0.9770984918140294,True
0.006537787479885815,0.11373340119470374,-0.13947853188714468,0.9771068823766368,-8.567581964675704e-07,0.9771068823766368,True
0.006527269563916024,0.11372965170007895,-0.13947707478461674,0.9770867652902754,-5.024235588962067e-06,0.9770867652902754,True
0.0065258756103029145,0.11373182894507743,-0.13946334806896726,0.9770682220525484,-6.198551557939722e-05,0.9770682220525484,True
0.006501278544346762,0.11373058934160764,-0.1393982181843908,0.9770494406002472,-3.654118865330626e-05,0.9770494406002472,True
0.006495677245728802,0.11379199976649923,-0.13937050545184565,0.9770149736734287,-0.00011438963238556396,0.9770149736734287,True
0.006510485676697403,0.11384890420340338,-0.1393595808823914,0.9769873407674627,-0.0002751841071997603,0.9769873407674627,True
0.006514216785448349,0.11353429609232278,-0.13960543965057928,0.9770837464598806,-2.661583167070999e-07,0.9770837464598806,True
0.006494185892180885,0.11353148192613904,-0.13965031761774777,0.9770475164402418,-1.7423149954579785e-06,0.9770475164402418,True
0.006481635732270471,0.11356026483940544,-0.13969989708714148,0.9770210352538127,-1.8739847481459367e-07,0.9770210352538127,True
0.006477555021792122,0.11363553201599759,-0.13973698051551775,0.9769901005181064,-5.882239481295204e-08,0.9769901005181064,True
0.006462735862581522,0.11374120914303502,-0.13990526491809685,0.976926219561365,-1.3598302894855783e-08,0.976926219561365,True
0.0064653491938036056,0.11367532164655697,-0.1398609184486939,0.9769487609365666,-3.443826284626152e-06,0.9769487609365666,True
0.00645595091268246,0.1136887169269792,-0.13989794506189793,0.9769343658836571,-6.1351282736211106e-09,0.9769343658836571,True
0.006444673082439766,0.11379069668402968,-0.13998864138690306,0.9768880451552157,-5.996676723429659e-07,0.9768880451552157,True
0.006458779322640892,0.11371681489630432,-0.1399101799290152,0.976923228639687,-1.205078277997148e-08,0.976923228639687,True
0.006442477953248659,0.11380256089074835,-0.14008352474243316,0.9768650659837691,-6.495110678602227e-08,0.9768650659837691,True
0.006430184262196973,0.11394460290891252,-0.1402607824596852,0.976803584138878,3.332276606059664e-08,0.976803584138878,True
0.006420348892168661,0.11413683246700958,-0.14045390805321775,0.9767360483026802,7.452582963851345e-08,0.9767360483026802,True
0.006413306560144388,0.11437278650066514,-0.14061732647692715,0.9766696596623519,6.72697038113229e-07,0.9766696596623519,True
0.006411488236287508,0.11442048425319791,-0.14065788584348005,0.9766563790473618,7.04059194612686e-07,0.9766563790473618,True
0.006405730108960185,0.11470773721173012,-0.1409120450008873,0.9765739380224282,2.2959037035306135e-06,0.9765739380224282,True
0.006397146891251033,0.11505762526268198,-0.1411442774466964,0.9764875227852714,1.024344630229249e-05,0.9764875227852714,True
0.006399298437599356,0.1152863328989668,-0.14130627994956704,0.9764352698303264,4.2405391630517195e-08,0.9764352698303264,True
0.006392895811254369,0.11559484628943582,-0.14145925055842887,0.9763695999233385,2.2047248227326173e-06,0.9763695999233385,True
0.006331317827133991,0.11531633552137996,-0.14126879668152018,0.9764553806596584,0.0004459032388970777,0.9764553806596584,True
0.006286707579234176,0.11550086676145782,-0.14141262658041207,0.9764270567581941,0.0007323349048479424,0.9764270567581941,True
0.006246337401479265,0.11575139299671681,-0.14164718658392791,0.9763775460849213,0.0009863718693146073,0.9763775460849213,True
0.006252496363463832,0.11605223738754518,-0.14197347377587324,0.9762941283785285,0.0009068940728170719,0.9762941283785285,True
0.006247271490757195,0.11639657527916171,-0.142272045755576,0.97621621925133,0.0008957681400941317,0.97621621925133,True
0.006180025509249744,0.1162664250603841,-0.142137791054656,0.9762731048796454,0.0013777129408021394,0.9762731048796454,True
0.006222995870239816,0.11641479868070817,-0.1423173131739423,0.9762178755629749,0.0010568231621678192,0.9762178755629749,True
0.006213086351689635,0.11669655326007768,-0.1425569728308211,0.976158882388785,0.0010453203042567417,0.976158882388785,True
0.006238030248096139,0.11696026198227291,-0.14274725420586715,0.9760986107640139,0.0008278916568744869,0.9760986107640139,True
0.00623592771027292,0.11729102527707004,-0.14291070409609422,0.9760460956483124,0.0007742534329703672,0.9760460956483124,True
0.006158959626367399,0.11708975511785231,-0.1427845967340188,0.9761094561487077,0.0013346546898564675,0.9761094561487077,True
0.006140180005125777,0.1174002039666571,-0.14299171330846763,0.9760638633257309,0.0013959092754280585,0.9760638633257309,True
0.006012024437789995,0.11606080887853806,-0.14206429382133096,0.9763348070614333,0.002487088346289219,0.9763348070614333,True
0.006009136060905263,0.11627514162969242,-0.1424419377611728,0.9762738346642769,0.0024044464096316318,0.9762738346642769,True
0.005974331382314851,0.11649493098501397,-0.14271187931069337,0.9762396716750247,0.0025692428563320606,0.9762396716750247,True
0.005929897302284265,0.11670708611030697,-0.14295707926627493,0.9762146835712131,0.002810524793294059,0.9762146835712131,True
0.005902322564555898,0.11698758738997002,-0.1433096697037942,0.9761691287617108,0.002916403007710624,0.9761691287617108,True
0.0060269619973254565,0.11668058894370283,-0.14303192740611345,0.9761689062888458,0.0021308150279003924,0.9761689062888458,True
0.005950728988522047,0.1166121469757611,-0.14291073880896685,0.9762139012113816,0.0027071474979530417,0.9762139012113816,True
0.005946371996407147,0.11672444808490846,-0.1431618478568358,0.9761875453283063,0.0025936805305527525,0.9761875453283063,True
0.005999283055745209,0.11678405103427343,-0.1432789583208098,0.9761536836573929,0.002178398628641116,0.9761536836573929,True
0.005910327717754369,0.11655467593378391,-0.142970519234837,0.9762185539717079,0.0030974779489235543,0.9762185539717079,True
0.005862548412471336,0.11656060535810181,-0.14314270159503523,0.976227144597242,0.0032706442138997946,0.976227144597242,True
0.00583502507475478,0.11659147237614946,-0.14338973882226666,0.9762221495090396,0.003275338240218641,0.9762221495090396,True
0.005864398167069198,0.1166520044169123,-0.14357603266563912,0.976196677663567,0.002962193210059166,0.976196677663567,True
0.005800296924039902,0.11669099778415584,-0.1436158195954622,0.9762218228889287,0.003324775505831899,0.9762218228889287,True
0.005750980297760722,0.1167555138598253,-0.14377111124257785,0.9762353546372051,0.0035120997601775536,0.9762353546372051,True
0.005703886619794208,0.11684865244852931,-0.14395186798065154,0.9762464640389311,0.003680314485299731,0.9762464640389311,True
0.0056394804335642545,0.11694457702548282,-0.14407887116664694,0.9762674165701581,0.004007666927297588,0.9762674165701581,True
0.005694999344617468,0.11699933344071219,-0.14421324208041333,0.9762374853185638,0.003565966131871112,0.9762374853185638,True
0.0056170853131195745,0.11701232826599797,-0.14418478945169222,0.9762729631453907,0.004077463995318496,0.9762729631453907,True
0.005647692691453551,0.11706258791950758,-0.14434655179644115,0.9762585933319836,0.0037517207202473718,0.9762585933319836,True
0.005695465944008842,0.11708960535203855,-0.14443467650310557,0.9762404866022084,0.0033426952813786414,0.9762404866022084,True
0.00600153741874077,0.11686837570644146,-0.1443344032245495,0.9760106068948634,0.0022863796443595456,0.9760106068948634,True
0.005945101864465325,0.11682398335762659,-0.1442621485554346,0.9760474761032375,0.0026076427402264243,0.9760474761032375,True
0.005896535270692145,0.1169711490812405,-0.14430450393888467,0.9760388495389514,0.00313361529272404,0.9760388495389514,True
0.005834733914425212,0.11678193194144106,-0.14426031943270415,0.9760940298813033,0.003348841173221317,0.9760940298813033,True
0.00579236616181645,0.11653977189597009,-0.14425867878299894,0.9761469986150993,0.0033565619604297246,0.9761469986150993,True
0.0058799407123551915,0.11757606591987697,-0.14421205204815943,0.9759150275490626,0.0043862667839564525,0.9759150275490626,True
0.005843445662173902,0.11720599265828487,-0.1443895641163345,0.9759579855835596,0.004316935761548742,0.9759579855835596,True
0.005771570568998225,0.1171663687927471,-0.14436713585437644,0.9759940936486045,0.004769870565257105,0.9759940936486045,True
0.005776402414862504,0.11692265503325461,-0.1445395298260269,0.9760091158891998,0.004507276180372953,0.9760091158891998,True
0.005706688477954574,0.11674774927970685,-0.14459305005804743,0.9760575677696917,0.004803809057923418,0.9760575677696917,True
0.005713419882479585,0.11653803827652112,-0.14474276927452132,0.9760731828416735,0.004537563322829492,0.9760731828416735,True
0.0056998738070110746,0.11631118683298894,-0.14485504734463545,0.9761064107087338,0.00436713879531765,0.9761064107087338,True
0.005799524986756936,0.11639778405069168,-0.1448739801881639,0.9760476348828374,0.003809007523617715,0.9760476348828374,True
0.005745893111097626,0.11622114211234387,-0.14482318534618782,0.9761044858846187,0.003955896016753275,0.9761044858846187,True
0.005718866513074426,0.11689575653773014,-0.14479407886105233,0.975987155079728,0.005069149602782163,0.975987155079728,True
0.005726040471362779,0.11664141196293958,-0.14490985484237867,0.9760088674807043,0.004786550582662973,0.9760088674807043,True
0.005765999583600486,0.11652584415671316,-0.1449686031695919,0.9760047585604719,0.004398369893841744,0.9760047585604719,True
0.005752932461253983,0.11626299775429302,-0.14497086627497513,0.9760498339382102,0.0042117263035300395,0.9760498339382102,True
0.0056891788357117294,0.1162879489139868,-0.14493420637180182,0.9760742196584722,0.0046773246640354205,0.9760742196584722,True
0.005714239488056315,0.11613610327463215,-0.1449821950057404,0.9760844679604948,0.004336882682124572,0.9760844679604948,True
0.005835752630130507,0.11639687853350196,-0.14506309112956783,0.9759836626873383,0.0038259714274090626,0.9759836626873383,True
0.005942061534194616,0.11667059316720778,-0.14524943670396612,0.9758841714609243,0.003395256498215849,0.9758841714609243,True
0.006105507483826632,0.11737517938187667,-0.14583526209106407,0.9756743459699211,0.002988455756082818,0.9756743459699211,True
0.006058579018080526,0.11719873331940513,-0.14565962165499466,0.9757286631144175,0.0031487660997204965,0.9757286631144175,True
0.006027581981195981,0.11735516220667969,-0.145750043265573,0.9757162384648089,0.0034989398193108387,0.9757162384648089,True
0.005990147596882833,0.11697885423973892,-0.14558487047144006,0.9757817857889692,0.003439656722976444,0.9757817857889692,True
0.005966460274660838,0.11735206579778878,-0.14575378735311784,0.9757387154762409,0.003964871453828953,0.9757387154762409,True
0.005952492892420197,0.11703621885362235,-0.14571752216367423,0.9757750721325215,0.0037965558064950266,0.9757750721325215,True
0.005969602871752269,0.11688356207176359,-0.1456975895431452,0.9757838108928046,0.0035379751063030758,0.9757838108928046,True
0.006002128971676517,0.11682170676572075,-0.14569247689854362,0.975776981017489,0.0032558640456647214,0.975776981017489,True
0.005960423368229044,0.11660080843158094,-0.1455272915371372,0.9758289308627185,0.003303504036593137,0.9758289308627185,True
0.005926607931150952,0.1167828033972898,-0.1456226669158969,0.9758172044319031,0.003755654033596725,0.9758172044319031,True
0.00587729154717374,0.11666343370570953,-0.145579259003745,0.9758501923721175,0.003969112154731851,0.9758501923721175,True
0.005871095217011644,0.11644934297714732,-0.14559467024096906,0.9758671461913754,0.003794128211356642,0.9758671461913754,True
0.00582210905314381,0.11633742916406926,-0.14555777677739223,0.9758988627234176,0.0039939272122462175,0.9758988627234176,True
0.005813790699453842,0.11616038417159316,-0.14558301278093716,0.9759131999206908,0.003836154856066834,0.9759131999206908,True
0.005854529444077951,0.11613237957994492,-0.14560811376121363,0.9758968658925284,0.003518047139760437,0.9758968658925284,True
0.005824578961864717,0.11597616619699652,-0.14552125776076183,0.9759301935263973,0.003489017673145661,0.9759301935263973,True
0.005826535097257916,0.11591074400438624,-0.14547217409700755,0.975940429527059,0.003310480488581793,0.975940429527059,True
0.005845424238851465,0.1158820253317293,-0.1454297187630333,0.9759405129527763,0.0030712654788086482,0.9759405129527763,True
0.005814637874942505,0.115840852204918,-0.1452814478450139,0.9759722261139931,0.003090044057502317,0.9759722261139931,True
0.005885315328796172,0.11583498819175908,-0.14538694053263043,0.9759331057921247,0.0027080766828480717,0.9759331057921247,True
0.005892191381442751,0.11580071620522638,-0.14526138222976925,0.975946343556472,0.002525376439054297,0.975946343556472,True
0.005886912485403801,0.11577503683098844,-0.1450724525405574,0.9759697420875267,0.0023920218331154176,0.9759697420875267,True
0.005966151461932887,0.1157647261208622,-0.1453500519345893,0.9759112677907513,0.0020439013015125422,0.9759112677907513,True
0.005941388523544438,0.11583273498529871,-0.14561028227982814,0.9758912054584018,0.0024121935615475524,0.9758912054584018,True
0.005908634155000898,0.11570413998418684,-0.14541636248978615,0.9759293131227921,0.0024166895283117434,0.9759293131227921,True
0.005880537024336614,0.11564229969198199,-0.14523855351908865,0.9759582814741494,0.0024079178864848485,0.9759582814741494,True
0.005848594804367366,0.11565764228596186,-0.14507217219358223,0.9759817734584089,0.0024553976666668717,0.9759817734584089,True
0.0058069789982331844,0.11561835970934994,-0.14511376827518027,0.9759995219806807,0.0028130305993324446,0.9759995219806807,True
0.005919979615455981,0.11557415020989242,-0.14525284343471273,0.9759538206843865,0.002299939432874245,0.9759538206843865,True
0.005897821019919163,0.11549999035026812,-0.14509022420740422,0.9759789541631946,0.002255641644531752,0.9759789541631946,True
0.005872978456913582,0.11548450162663722,-0.14491411657656253,0.9760017336419956,0.0022407924511690653,0.9760017336419956,True
0.005832711439077337,0.11551242134723456,-0.14481598691012093,0.9760225916094073,0.0024387165768998942,0.9760225916094073,True
0.005822474269449373,0.11523653310542628,-0.145244111515576,0.9760332335206663,0.003156218362381345,0.9760332335206663,True
0.005793454877542132,0.11514954079389163,-0.14528374600441268,0.9760376013970311,0.0031559109110857525,0.9760376013970311,True
0.005896739676115732,0.11516738253814143,-0.14527594340346692,0.9760067179943547,0.0026647302057249277,0.9760067179943547,True
0.005857007296270251,0.11519453726585432,-0.1452705340059242,0.9760229551541236,0.002989302348035073,0.9760229551541236,True
0.005870534751962298,0.11512169616710606,-0.14528688921550398,0.9760166776861738,0.0027826066355674567,0.9760166776861738,True
0.0058283322926578965,0.11513405111848608,-0.1452657310569197,0.9760354943164651,0.0030911737141630573,0.9760354943164651,True
0.005789035960558476,0.11499373581159952,-0.14527826586061826,0.9760516190787298,0.003149782177659615,0.9760516190787298,True
0.005742266656976878,0.11500460743187256,-0.1452430014604859,0.9760740194509578,0.0034929443554290503,0.9760740194509578,True
0.005720709176602787,0.11489275220080464,-0.14534971605859903,0.9760712545724292,0.003441597141654212,0.9760712545724292,True
0.006033882418800183,0.11525964640527916,-0.14489629100023727,0.9760168157226022,0.0025187172601952973,0.9760168157226022,True
0.006126489076676017,0.1155201914391671,-0.14509115674123868,0.9759473596937451,0.00214800405942777,0.9759473596937451,True
0.006078077292515918,0.11527548770039472,-0.14487880253379007,0.9760001990741435,0.002245276810471765,0.9760001990741435,True
0.006034350442813173,0.11516417424918281,-0.14476683969297338,0.9760331419568877,0.002423282715376772,0.9760331419568877,True
0.006005455182352909,0.11495478471876343,-0.14463587548141985,0.9760636137102344,0.002389026353651877,0.9760636137102344,True
0.005963509357838912,0.11481138435799193,-0.14448991011441262,0.9760958254322126,0.0024676873030546405,0.9760958254322126,True
0.005951901360845108,0.11473277472724369,-0.14439517299735158,0.9761065688318424,0.0023799247416360072,0.9761065688318424,True
0.0059268867138500695,0.11468043820092617,-0.14425498995678912,0.9761236295177105,0.002363966686661109,0.9761236295177105,True
0.005951295721070353,0.11468715152426211,-0.14422756425146177,0.9761126476768418,0.0021439149744427476,0.9761126476768418,True
0.005926118405834819,0.1146912333614262,-0.14404134713857614,0.9761304473288094,0.002142792314293469,0.9761304473288094,True
0.005925002447337634,0.11475930830141635,-0.14390931658157236,0.9761302761214788,0.002032484577310198,0.9761302761214788,True
0.005913494827568482,0.11486329598279094,-0.14372850101106321,0.9761349805234674,0.0019767572609603124,0.9761349805234674,True
0.0058789087827150685,0.1149604520720194,-0.14359422442218658,0.976148353693708,0.002137462686358345,0.976148353693708,True
0.005841278464725232,0.11504582740466912,-0.14350361182757912,0.9761602056568806,0.002336971766477873,0.9761602056568806,True
0.005813513054113041,0.11521280590565511,-0.1434070704418773,0.9761567419175836,0.002419624417848089,0.9761567419175836,True
0.005866718278937941,0.1151677178345673,-0.14345294112718565,0.9761369370788039,0.002075829246696119,0.9761369370788039,True
0.005895239923068968,0.11521066461889777,-0.14343048503191544,0.976121552829001,0.001843036321049886,0.976121552829001,True
0.005873230426937667,0.11532242669657303,-0.14323777838264112,0.9761312414183356,0.0018527893035540166,0.9761312414183356,True
0.005839176333519196,0.1150523793205057,-0.1434638129585406,0.976156904094779,0.002253229756490489,0.976156904094779,True
0.005816929808989749,0.11516042942803825,-0.14338952616422498,0.976152756503006,0.0022686179744819137,0.976152756503006,True
0.0058431941405908076,0.11524170028232794,-0.14337939465225866,0.9761320873308266,0.0020387908935003297,0.9761320873308266,True
0.0058301658871916405,0.1153967484684648,-0.14326383360883857,0.9761267488355465,0.0020042380266415347,0.9761267488355465,True
0.005855968199421316,0.115502743514728,-0.14322631622375426,0.9761074935617312,0.0017768391658441421,0.9761074935617312,True
0.005835787148934812,0.11568804411132474,-0.1430674123422019,0.97610865249492,0.0018029175807400208,0.97610865249492,True
0.005804359923739686,0.1158705826954456,-0.14294865964136866,0.9761125023234744,0.0019459426158505858,0.9761125023234744,True
0.005785772549992832,0.11613696738212906,-0.1428414458378092,0.9761012522159784,0.001983506249364366,0.9761012522159784,True
0.005768737905069435,0.11646484001139404,-0.14274406848573323,0.9760842237566513,0.002027286498128879,0.9760842237566513,True
0.00575907276705081,0.11685528801056241,-0.14265694150332217,0.9760592708036285,0.0020372369452047257,0.9760592708036285,True
0.005750873218159037,0.11730622819946573,-0.1425652561414081,0.976030781075486,0.0020530972550368695,0.976030781075486,True
0.005735718653648306,0.11781286741855115,-0.14246992379148068,0.976002622630942,0.002135386530162011,0.976002622630942,True
0.0056817112789211074,0.11784204070971985,-0.14243174189026522,0.9760252935547373,0.0025080950237991195,0.9760252935547373,True
0.005670393364857586,0.11837596802249944,-0.1424103383244442,0.975987712042864,0.0025685689676494617,0.975987712042864,True
0.005687846172279434,0.1188558457406645,-0.14240629118327722,0.9759435330920194,0.002447811132702743,0.9759435330920194,True
0.005675575787573778,0.11942752638610285,-0.14234171051403682,0.9759118248967233,0.0025221863964397175,0.9759118248967233,True
0.005754139346945334,0.11912705526935355,-0.1424201826524207,0.9758946595041529,0.0019768155244229532,0.9758946595041529,True
0.005738211692907689,0.11957024539065758,-0.1422667349240492,0.9758858864741949,0.00203324618581454,0.9758858864741949,True
0.005731289303969571,0.12006829262193368,-0.1421211343707963,0.9758700736982439,0.0020457076671189585,0.9758700736982439,True
0.005715455024720268,0.12060511184616132,-0.14195917303445513,0.975858273443563,0.002127637804482695,0.975858273443563,True
0.005778287399134607,0.1205516972626004,-0.14201362538352405,0.9758312480222688,0.0016944978788264926,0.9758312480222688,True
0.005771053639990238,0.12099387076083944,-0.14180447273331215,0.9758297378163345,0.0016858628956228352,0.9758297378163345,True
0.0057686339823123664,0.12148318805119523,-0.14158989772484096,0.9758248860078201,0.0016564301943425824,0.9758248860078201,True
0.005639200774984112,0.118037144407081,-0.14289341875317962,0.975943117905029,0.0027516115323776244,0.975943117905029,True
0.005686005962488577,0.11813784045862814,-0.14291630106175643,0.9759169424703705,0.002403669536170666,0.9759169424703705,True
0.0056555523776750626,0.11836460763878202,-0.14282088333132745,0.9759265044293908,0.0025181231140030628,0.9759265044293908,True
0.00561885009512486,0.11858922531016201,-0.1427469178161923,0.9759383203612325,0.00269195933818811,0.9759383203612325,True
0.005539430181255423,0.11738949585005895,-0.14283743429115187,0.9760143416373196,0.0035982552960988146,0.9760143416373196,True
0.005560072534322637,0.11749640024110279,-0.14293129909643892,0.9759966066968028,0.003363417668133839,0.9759966066968028,True
0.005551631727625463,0.11764747357326993,-0.14298048752216516,0.9759932093278676,0.003284077776779459,0.9759932093278676,True
0.005535642479819235,0.11784803658282485,-0.1430077413742314,0.9759930566523293,0.003268863808058085,0.9759930566523293,True
0.005522952904927149,0.11810547363521232,-0.1430355888133306,0.9759895423194015,0.003246700289585414,0.9759895423194015,True
0.005527643356543883,0.11840251116213013,-0.14306546396707487,0.9759766763591604,0.0031257980403994142,0.9759766763591604,True
0.005663727222206967,0.11768825139999574,-0.14315155424108958,0.9759322864998949,0.0023733156723941187,0.9759322864998949,True
0.005698500332688216,0.11774778992909773,-0.14311652055631813,0.9759220704409658,0.0020678137172512653,0.9759220704409658,True
0.0056440807918888836,0.11770243910301048,-0.14315379359804198,0.9759392742604185,0.0025088901936801897,0.9759392742604185,True
0.005607028203700142,0.11774741988834693,-0.14304169287235555,0.9759735170030015,0.002610874054163593,0.9759735170030015,True
0.005578051158511535,0.11783242600633344,-0.14294625718475154,0.9760018034204644,0.002649597583115787,0.9760018034204644,True
0.005529135321571972,0.11792519095600962,-0.14286797794140707,0.9760319429403729,0.002889216161069375,0.9760319429403729,True
0.00546674731350116,0.11790236603212535,-0.14283288593621815,0.9760592314522409,0.0033402897805049785,0.9760592314522409,True
0.005483400570922094,0.11798077288541173,-0.1428674830976855,0.9760552187178846,0.003116336709253101,0.9760552187178846,True
0.005608172338453749,0.1178383823419046,-0.14296978526740614,0.9759838516292191,0.00246499338324371,0.9759838516292191,True
0.005643360577091052,0.11783150813020458,-0.14295225753401958,0.9759768865877034,0.0021624158596301743,0.9759768865877034,True
0.005613379429227649,0.11779866005776975,-0.1427542984671247,0.9760246066841376,0.0021681732203737317,0.9760246066841376,True
0.005562584047459503,0.11779820034896203,-0.14273502641634148,0.9760453586099093,0.002532364650698629,0.9760453586099093,True
0.005513271021388056,0.11779438739093247,-0.14278117919834613,0.9760496447363384,0.003016044864443844,0.9760496447363384,True
0.005458897069622347,0.11775904923567376,-0.1427389805215987,0.9760866669176147,0.0032660804161014864,0.9760866669176147,True
0.005453314666826537,0.1177215538682556,-0.14275821067640837,0.976102001261353,0.003131745899722382,0.976102001261353,True
0.005423775787321668,0.1177077349524448,-0.1427298174421746,0.9761325510316858,0.0031416182937246627,0.9761325510316858,True
0.005645981528173256,0.11752875779492875,-0.14291714930327643,0.9759841191692148,0.0021931556659104574,0.9759841191692148,True
0.005630059306518703,0.11742412704946778,-0.14275714347233526,0.9760238487610411,0.0020972221867635466,0.9760238487610411,True
0.0055869292248353145,0.11734782180779027,-0.14256581430367316,0.9760783827766911,0.002209700246203409,0.9760783827766911,True
0.005555058434232413,0.11732015817114283,-0.14238639265871098,0.9761215508569069,0.0022262288752106915,0.9761215508569069,True
0.005506263843138205,0.11728554021758134,-0.1424735633632338,0.9761264086922382,0.0026992117286718923,0.9761264086922382,True
0.005584486883019011,0.11729406142543197,-0.1425551073243963,0.9760811922117706,0.0022478050200443536,0.9760811922117706,True
0.005545077600069895,0.1172212799690761,-0.14238955286553076,0.9761292536579687,0.0023209035551399805,0.9761292536579687,True
0.005494523291534384,0.11722001778042454,-0.14234869873543976,0.9761539617521144,0.0026574286488196073,0.9761539617521144,True
0.005907185661425982,0.11761767798222751,-0.14313881824969144,0.9757898263233522,0.0014332238524633867,0.9757898263233522,True
0.005959289118606657,0.11768655849928326,-0.14323516644013595,0.9757529000858757,0.0011418829815659046,0.9757529000858757,True
0.0059136185611652235,0.11740274111920955,-0.1429088028284856,0.9758288504101055,0.0011800524649498508,0.9758288504101055,True
0.005870231975574554,0.11719999269924451,-0.14259944929487034,0.9758950953627247,0.001230710840421524,0.9758950953627247,True
0.005846959491339331,0.11708690461554275,-0.14234446593015868,0.9759399708626191,0.0011911619498723234,0.9759399708626191,True
0.005913707320697314,0.11712942306142426,-0.14254326622366073,0.9758899030696626,0.0008491621950256151,0.9758899030696626,True
0.005882961434321293,0.1170124971305068,-0.14221907432504616,0.9759431138409131,0.0008454240386966698,0.9759431138409131,True
0.0058433669771820506,0.11697183707757235,-0.14194282344807185,0.9759882736200584,0.0009565382691764835,0.9759882736200584,True
0.005844532377414063,0.11699122241369865,-0.14252525226570203,0.9759341271882851,0.001346405680616635,0.9759341271882851,True
0.005810548726376776,0.11688646797905465,-0.1423652829111606,0.975965927021786,0.001373292884213491,0.975965927021786,True
0.005773078981322912,0.11685862925982725,-0.14221459465774172,0.9759924078711973,0.0014551621932014202,0.9759924078711973,True
0.00574362177496058,0.11682760070821464,-0.14231104155113308,0.9760025717783358,0.0018233857385524163,0.9760025717783358,True
0.005723980029518933,0.11679210827746218,-0.14228166722539196,0.9760111722155914,0.0017919097809681566,0.9760111722155914,True
0.005731112574065725,0.11680808159318186,-0.14226462541466361,0.9760025155008282,0.0016270211953571913,0.9760025155008282,True
0.005687221728167548,0.11680967957470556,-0.142217276523903,0.9760250359100282,0.0018948169408623799,0.9760250359100282,True
0.005643400477362214,0.11682090574069523,-0.14217902332528148,0.9760408134061968,0.002077759514116447,0.9760408134061968,True
0.005614696386344525,0.11685737747503641,-0.14218240218719688,0.9760429342873164,0.002115850572253593,0.9760429342873164,True
0.005628826379007459,0.11692952747509598,-0.14220441539606027,0.9760249160199942,0.0019288033756622292,0.9760249160199942,True
0.005612770645638195,0.11702644887471904,-0.14216511009138838,0.9760242485984507,0.0019016047396765985,0.9760242485984507,True
0.005583347382839778,0.11716391066347735,-0.1421044188665836,0.976030744712173,0.0019878812807059693,0.976030744712173,True
0.005544801138751685,0.11732554358143937,-0.14205565902027303,0.9760365961380815,0.002161527982829952,0.9760365961380815,True
0.005505627519349189,0.11751482732381481,-0.14202816270198262,0.9760392029334594,0.0023439282195424024,0.9760392029334594,True
0.0054802552959349726,0.1177675140977879,-0.14203322786326575,0.9760290218081928,0.002422013010258075,0.9760290218081928,True
0.005423315842724566,0.1177842219694946,-0.14199721210384902,0.9760537701973548,0.0028126191614122834,0.9760537701973548,True
0.005393997530582437,0.11806730468363287,-0.14205952876205083,0.9760396686609959,0.002926645278851369,0.9760396686609959,True
0.005452579694034928,0.11808724098674003,-0.14210326728226247,0.9760107417602001,0.0025153023823675405,0.9760107417602001,True
0.005464751654271921,0.11826378902759872,-0.1421043540820066,0.9759958343874786,0.0023563423290835373,0.9759958343874786,True
0.005412614823882242,0.1178895732590651,-0.14215415261045053,0.9760303691828519,0.002890394665205236,0.9760303691828519,True
0.005361575664766413,0.1176548982206313,-0.1420352676418385,0.9760714385445495,0.003460950179754984,0.9760714385445495,True
0.005442159412901597,0.11763653219747335,-0.14203502639913124,0.9760388937313149,0.002955372718384495,0.9760388937313149,True
0.005387809218179037,0.11762930585048942,-0.14201607958107518,0.9760653537896535,0.0032610861951512136,0.9760653537896535,True
0.005663458298639415,0.11770891589958622,-0.14180634779226228,0.9759401954506307,0.002175146455156186,0.9759401954506307,True
0.005643170172034775,0.11753042352387262,-0.1416906469117608,0.9759783074038864,0.002098491246328316,0.9759783074038864,True
0.0056358554860688696,0.11741262848027839,-0.14158145555265786,0.9760053724161428,0.00196978524960747,0.9760053724161428,True
0.005611233544976499,0.11730186378547316,-0.14141204939863272,0.9760454963704684,0.0019287271591503631,0.9760454963704684,True
0.005675141638589002,0.1173218698733952,-0.14152549829570044,0.9760053614865474,0.0015707473558491784,0.9760053614865474,True
0.005660651093594148,0.11749346946024344,-0.141900148936447,0.975953169296974,0.0020405683768721632,0.975953169296974,True
0.005741303422380858,0.11861329440917016,-0.1425779606798039,0.9757570124895714,0.0029167961301739946,0.9757570124895714,True
0.00571772502866327,0.11826180526480727,-0.14263655303497186,0.9757864832374396,0.0028011921542292653,0.9757864832374396,True
0.005670644616948821,0.11803027484444284,-0.14264605014096143,0.9758208221779268,0.002917018057809995,0.9758208221779268,True
0.00565701234252804,0.11778684495949494,-0.1427128206939273,0.9758379653348374,0.0027766643430758874,0.9758379653348374,True
0.005648387322792113,0.11759566655619695,-0.1427536408209449,0.9758521076562173,0.0026203151976316053,0.9758521076562173,True
0.005612123915497215,0.11744396216421618,-0.14274975074517307,0.9758787590744374,0.0026611052671391636,0.9758787590744374,True
0.005563052737411758,0.11744024980503254,-0.14271811202120158,0.9759019487173501,0.002991078382451488,0.9759019487173501,True
0.005537096834749609,0.11730069977304974,-0.14280426889189868,0.9759153454607293,0.0029498041489135545,0.9759153454607293,True
0.00552212431265002,0.11723518236026206,-0.14289042837495058,0.9759195032434512,0.0028566793808512234,0.9759195032434512,True
0.005502597246015219,0.11723265624883077,-0.14295972028065365,0.9759240433259695,0.002815256697756979,0.9759240433259695,True
0.0054889217462709035,0.1172935497807414,-0.1430314140544335,0.9759232227808241,0.002752788539874905,0.9759232227808241,True
0.005432083392535604,0.11730627693523207,-0.1429993263014189,0.9759481256677189,0.0031293978379710406,0.9759481256677189,True
0.005400664171191656,0.11739430539128544,-0.14309580355484958,0.9759507265945253,0.0032149872612263473,0.9759507265945253,True
0.0053423470953034135,0.11742756708874313,-0.1430933558127411,0.9759743387718803,0.0035826818756182995,0.9759743387718803,True
0.005309392695794238,0.11753715383657586,-0.14325203577541035,0.9759729596613771,0.003673254541022285,0.9759729596613771,True
0.005289035683907427,0.11768988032451864,-0.1434418215571604,0.9759627260550928,0.0036770683396221923,0.9759627260550928,True
0.005217426731646541,0.11768569458860624,-0.14339272731146682,0.9759961125417392,0.004170152619305001,0.9759961125417392,True
0.005213896577573463,0.11785240969665349,-0.14362716556170546,0.975977205470787,0.004069478022133926,0.975977205470787,True
0.005151881985558793,0.11794868227310377,-0.14368396371588463,0.9759980142964458,0.004438214942324026,0.9759980142964458,True
0.005204533147632431,0.11802518169418642,-0.14381630482765967,0.9759659933848311,0.004025766587646812,0.9759659933848311,True
0.005223956793720825,0.11814242034939526,-0.14394735394577016,0.9759534628216164,0.003780876813627882,0.9759534628216164,True
0.005128855168591878,0.1178067081646755,-0.1436720183380959,0.9759935732370452,0.004753072064299807,0.9759935732370452,True
0.0053482048418242055,0.11767831231762356,-0.14309347904038214,0.9758937562430604,0.00386435822159937,0.9758937562430604,True
0.0052956625803576764,0.11784792755325008,-0.14308046694915055,0.975881665451662,0.004485192474286202,0.975881665451662,True
0.005258342235974297,0.11762909732700758,-0.14313059942197,0.9759268291936434,0.004489305344088937,0.9759268291936434,True
0.00524183565094425,0.11747963289076817,-0.14318984419113404,0.9759581996424762,0.004378796802273505,0.9759581996424762,True
0.005181034966193067,0.11745668182221383,-0.14316187048447343,0.9759916948247169,0.004747693738990759,0.9759916948247169,True
0.005155394287678732,0.11733490855444381,-0.1432458905623204,0.9760251813741663,0.004699319720353534,0.9760251813741663,True
0.005117261577104379,0.11728342647423314,-0.14330165174285128,0.9760611476709603,0.00477225970849668,0.9760611476709603,True
0.005085056233597382,0.11726853162203363,-0.14337475458104887,0.9760933344479884,0.004804492046408778,0.9760933344479884,True
0.005050329852598257,0.11730427936808499,-0.14344475064916856,0.9761251670128406,0.004870566789179359,0.9761251670128406,True
0.005044037339039858,0.11738328789837557,-0.14352979228017282,0.9761412401495169,0.00475643418462587,0.9761412401495169,True
0.004959051499282485,0.11726694345496727,-0.1434144182375584,0.9761640839750996,0.005489994562648763,0.9761640839750996,True
0.005273590163736955,0.11703734195770525,-0.1428408039300572,0.9759410085265974,0.004263631857406513,0.9759410085265974,True
0.005319383971500441,0.1170023697362525,-0.14285234741219363,0.9759287924009005,0.0039032446221223685,0.9759287924009005,True
0.005272737757647237,0.11714142685956816,-0.14293482339368854,0.9759117387593981,0.004400193665935272,0.9759117387593981,True
0.0056544050813522855,0.11877497184911859,-0.14362636680112428,0.9754197887876456,0.0035120249302709786,0.9754197887876456,True
0.005603367091604445,0.11857315876193104,-0.14346584200443738,0.9754791465772099,0.003703850572319252,0.9754791465772099,True
0.0055834343977394325,0.11889051200866153,-0.14361788943760195,0.9754360337724493,0.004094889296764863,0.9754360337724493,True
0.005549209658029805,0.11847825292208035,-0.1434994035094158,0.9755046483705025,0.004026943563397192,0.9755046483705025,True
0.005496679757724176,0.11816875638470443,-0.14336676686015012,0.9755727802490798,0.004135050058990418,0.9755727802490798,True
0.005442098788063361,0.11798321413637121,-0.14327931823313483,0.9756243870495768,0.004345947156231786,0.9756243870495768,True
0.005397729925702924,0.11807046756030401,-0.14326186379444714,0.9756334140906189,0.004730542935460738,0.9756334140906189,True
0.005345617149604264,0.11774340104179798,-0.14325853566956484,0.9756908035249158,0.004811528975531874,0.9756908035249158,True
0.005290962805970786,0.11748417040462827,-0.14325927204037087,0.9757441372272392,0.0049371443130110364,0.9757441372272392,True
0.0052290543509660725,0.11734607116934596,-0.14324725702567018,0.9757888037218537,0.0052072531279619945,0.9757888037218537,True
0.005165184372032217,0.1172015946005274,-0.1432627317487494,0.9758337216480814,0.005479791955445314,0.9758337216480814,True
0.005147422896439419,0.11703217435145478,-0.14335366397121618,0.9758581457054027,0.005391544388346686,0.9758581457054027,True
0.005096001000867489,0.11688417695280308,-0.14339199187998275,0.9759020599897723,0.005526394335415629,0.9759020599897723,True
0.0050310019753083066,0.116857597654142,-0.143371216203444,0.9759367884722022,0.0059158676476081294,0.9759367884722022,True
0.005094803240633693,0.11685466200216885,-0.14341912588134825,0.975907442543911,0.00547282403502476,0.975907442543911,True
0.005136310525502432,0.11681370229522932,-0.14345346065949519,0.9758962977046398,0.005130824341400315,0.9758962977046398,True
0.005121987327871234,0.11668224015841087,-0.1434064995446121,0.9759326891388463,0.005029227310985027,0.9759326891388463,True
0.005067379184575212,0.11667602053340224,-0.1433696013839524,0.9759587026768963,0.005393418997347519,0.9759587026768963,True
0.005162603236943568,0.116760917384773,-0.1434347026573242,0.9758964764711376,0.004882475648822072,0.9758964764711376,True
0.005113009034911018,0.11677511070239213,-0.14340969137868564,0.9759158822054924,0.005237585202351905,0.9759158822054924,True
0.005119908325602837,0.11663257822333178,-0.14339018540644027,0.9759376974695803,0.005030981750086095,0.9759376974695803,True
0.005069568757365733,0.1166524028266229,-0.14336502741793658,0.9759564278781898,0.005396291323504795,0.9759564278781898,True
0.005034888035986174,0.11643991836367226,-0.14333269729648057,0.9760057602265332,0.005392394340698431,0.9760057602265332,True
0.004987907165533049,0.11632683875221879,-0.14328910046024318,0.9760514281199675,0.005536334787656205,0.9760514281199675,True
0.005004049405021497,0.11625806939987496,-0.1433056363811667,0.9760606173508026,0.005293010131779233,0.9760606173508026,True
0.00495205607321684,0.11621169119011804,-0.14325136942945887,0.9760990388016664,0.005545182556083527,0.9760990388016664,True
0.005077885856059622,0.11634075699337372,-0.1433305322798352,0.9760049807257507,0.004955754790267436,0.9760049807257507,True
0.005030626621940291,0.11620799101549642,-0.14321372193145362,0.9760587291452891,0.005115949587451458,0.9760587291452891,True
0.004978732170018842,0.11617716593912752,-0.1431639031518637,0.9760896092502707,0.005425985235151439,0.9760896092502707,True
0.004927478073335032,0.11605053641588524,-0.1431111690010876,0.9761375384363261,0.005603745616631173,0.9761375384363261,True
0.00490236750352608,0.11633433027243034,-0.14308056873796038,0.9760930010925656,0.006235822382829428,0.9760930010925656,True
0.004843686941929525,0.11615573421740479,-0.14313153285366406,0.9761376154852406,0.006450952742771887,0.9761376154852406,True
0.00560139145927431,0.11890483761906177,-0.14171240976565813,0.9755368544379922,0.004444006241476461,0.9755368544379922,True
0.005606101659781018,0.11943625785394836,-0.14195503046866506,0.975458349470416,0.004792219035930191,0.975458349470416,True
0.0057522617204463534,0.1202117752208096,-0.1422095205249854,0.9753045614190416,0.004292493412521926,0.9753045614190416,True
0.005736757162580763,0.11987949141493001,-0.14207010344663823,0.9753538814861967,0.004175184764362274,0.9753538814861967,True
0.00568299026813726,0.11951574509202688,-0.1418518476733232,0.9754282721057224,0.004283445524445847,0.9754282721057224,True
0.0056450408509159415,0.11948128896385549,-0.14180820263944233,0.9754503645545555,0.0045206934488210195,0.9754503645545555,True
0.005595918486403785,0.11909438854849048,-0.14166677451052062,0.9755146158035417,0.004567173073886465,0.9755146158035417,True
0.00554219696179703,0.11884001580036452,-0.1415457949577794,0.9755680358119522,0.0047180645049116,0.9755680358119522,True
0.005491145878933755,0.1187124266233228,-0.14147599052040286,0.9756050064088405,0.004951263799300624,0.9756050064088405,True
0.005437810783400941,0.11847226583777057,-0.1414190349485676,0.9756496716968475,0.005087605995254171,0.9756496716968475,True
0.005490841624360411,0.11849701111201127,-0.14145913434303015,0.9756230819319889,0.004746149812391771,0.9756230819319889,True
0.005450054196207228,0.1184962522066652,-0.14142772844114287,0.9756421516086029,0.0050299893976489705,0.9756421516086029,True
0.0053975510417678734,0.11828069278440557,-0.1413798012792156,0.97568377028842,0.0051715017057106984,0.97568377028842,True
0.005342843267933268,0.1181631334442122,-0.14134483510539525,0.9757176759199195,0.005407074975613061,0.9757176759199195,True
0.005286486775258707,0.11804857401644825,-0.14133473636313684,0.9757496283982711,0.005647815971689305,0.9757496283982711,True
0.005267077323718976,0.11792410641027623,-0.1413901951022396,0.9757614051673646,0.005597468919205883,0.9757614051673646,True
0.005223591536621405,0.11781677731590756,-0.1413998885277512,0.9757873445980003,0.005696702147894382,0.9757873445980003,True
0.005188849383566599,0.1178571618024577,-0.1413357205567798,0.975802022198115,0.006111567100550209,0.975802022198115,True
0.005130466269547711,0.11781156754646911,-0.1413513547074597,0.9758278398988993,0.006431733653103956,0.9758278398988993,True
0.0051487624155076815,0.11775693183727683,-0.1414531826176747,0.9758160148581233,0.006199699951394964,0.9758160148581233,True
0.005110247168543122,0.11765011310745176,-0.14152648549250058,0.9758364877745093,0.00626143530424564,0.9758364877745093,True
0.005067820369093379,0.11761602952792855,-0.14158423577435522,0.9758556769373138,0.006379383248422828,0.9758556769373138,True
0.005141983685326795,0.11761189152580627,-0.14160832120560654,0.9758224185072429,0.005912028294006067,0.9758224185072429,True
0.00513474953147569,0.11757284825908046,-0.1415963108430778,0.9758361709310953,0.0058033815129478515,0.9758361709310953,True
0.00508489940815749,0.11756943430290025,-0.14154745607444202,0.975864043267848,0.006085809912087069,0.975864043267848,True
0.005127493648669506,0.11756603975806529,-0.1415790101595561,0.9758466571024731,0.005761191445873761,0.9758466571024731,True
0.005083260916413141,0.11752979130845809,-0.14150088544407605,0.975881618835379,0.0059259256914909264,0.975881618835379,True
0.005032732044988083,0.11751879200265747,-0.14145017238808213,0.975910879208789,0.006191021487274401,0.975910879208789,True
0.005052480187430241,0.11750866166075316,-0.14147238831688672,0.9759077180610407,0.005961776088154127,0.9759077180610407,True
0.005219551308800763,0.1175795216933369,-0.1416959860956219,0.9757870502148777,0.005255504908779183,0.9757870502148777,True
0.005178392886074842,0.11756093569739326,-0.1416564551571557,0.9758095631619722,0.005531217854424468,0.9758095631619722,True
0.005143556699202463,0.11738719856505794,-0.14153094796624585,0.9758564836974885,0.0055499384376832914,0.9758564836974885,True
0.005214425826136899,0.11744858792767329,-0.1416364645685715,0.9758087157974024,0.005163106028192643,0.9758087157974024,True
0.00524240270101884,0.1174177059687089,-0.14161840939261575,0.9758033435141887,0.004920746583131627,0.9758033435141887,True
0.005223556622835624,0.11757582928915195,-0.14185621233796838,0.9757688224486625,0.005305619816479856,0.9757688224486625,True
0.005181003326671811,0.11750071806568034,-0.14178565121257306,0.9757994911497548,0.00551844976644534,0.9757994911497548,True
0.005137099468606313,0.11744553854802556,-0.14173977194619838,0.9758263181963309,0.005763807624276298,0.9758263181963309,True
0.005262960542211725,0.1177989855269275,-0.14182127699644925,0.9757387323826233,0.005272081838532688,0.9757387323826233,True
0.005540247946184552,0.11917299474747595,-0.14258591494461828,0.975439873305857,0.004618346447867413,0.975439873305857,True
0.005561902181508538,0.11913357976343195,-0.14257562903478357,0.9754354156703721,0.004438218099368065,0.9754354156703721,True
0.0055213482170519985,0.11894333181871866,-0.1423915164227578,0.9754831817409881,0.004566429380995032,0.9754831817409881,True
0.005482155219054177,0.1187944788525226,-0.14225942437454905,0.9755207751585271,0.004713370916794654,0.9755207751585271,True
0.005437524358894093,0.11856206110204694,-0.14210242287398744,0.9755657702247799,0.004821950514492607,0.9755657702247799,True
0.00539328559279412,0.11836993979501254,-0.1419792436123407,0.9756028714163069,0.0049451802428705175,0.9756028714163069,True
0.005359043850855415,0.11816041388292277,-0.1418752480137863,0.9756318023240466,0.004958100446427708,0.9756318023240466,True
0.005318262171568994,0.11806256498066017,-0.14178638269793414,0.9756556113621381,0.005092586307292283,0.9756556113621381,True
0.005276803958999991,0.11799528523120299,-0.14173443537377609,0.9756759754469003,0.005277800713348387,0.9756759754469003,True
0.005243989452158818,0.11790667831390217,-0.14171719376291053,0.9756835525046763,0.0053176936938243114,0.9756835525046763,True
0.005219661816251121,0.11791813209085664,-0.14168842992657346,0.9757089578651263,0.005655520891441339,0.9757089578651263,True
0.005175140374660478,0.11785554820785016,-0.1417432879182086,0.9757131587124053,0.005812915393558809,0.9757131587124053,True
0.005168210727604331,0.11782318462466193,-0.14184303120869474,0.9756963871043073,0.005721089603598754,0.9756963871043073,True
0.005128985051212248,0.11781201153447358,-0.14189398221499436,0.9756952837295465,0.005841265354965949,0.9756952837295465,True
0.005083140252888512,0.11783423775844958,-0.14192169208857514,0.9757012099669861,0.006074201280190993,0.9757012099669861,True
0.00504345564670247,0.11787575537597908,-0.14202825956851162,0.9756908568620732,0.006207389655796729,0.9756908568620732,True
0.005029816552559364,0.11796082818209296,-0.1421592411622785,0.9756657306883769,0.006175611984813788,0.9756657306883769,True
0.005034174265293082,0.11806899506347546,-0.142254053885381,0.9756376206053884,0.006045407880124971,0.9756376206053884,True
0.004999444496326127,0.11819112390594724,-0.14229331836160844,0.9756310159798844,0.006174667347502838,0.9756310159798844,True
0.0050012756387857946,0.11833827025451522,-0.1423658295031171,0.9756056237973296,0.006067410636134951,0.9756056237973296,True
0.004981566098902802,0.11851854305499496,-0.14239717387646006,0.975591098673142,0.006093086422801329,0.975591098673142,True
0.004963221695050583,0.11877449206599416,-0.14242477294624628,0.9755717126665914,0.006129687170684491,0.9755717126665914,True
0.0049016599128434875,0.11825880187491479,-0.1423115981874076,0.9756519021929757,0.006684237556289315,0.9756519021929757,True
0.004896881443565423,0.11846556383208559,-0.14244712063694098,0.975621240139807,0.006615723892747751,0.975621240139807,True
0.004942161944025142,0.11852568967152424,-0.14250777843841367,0.9755925253929588,0.006277589279824869,0.9755925253929588,True
0.004954779828578033,0.11868476221007086,-0.14254348211393167,0.9755720538529283,0.006099296239725347,0.9755720538529283,True
0.004921049107902166,0.11883237087569928,-0.14251285752983542,0.9755789288986014,0.006248504311317382,0.9755789288986014,True
0.00491744085776639,0.11903943789183799,-0.14253018367912346,0.9755656548207039,0.006168816330981107,0.9755656548207039,True
0.004888678907380271,0.11925156846672794,-0.14251220363605357,0.9755665598040616,0.006290991456277156,0.9755665598040616,True
0.0049279005299180546,0.11935436060839666,-0.1425500904584653,0.9755424903663068,0.005986994677528957,0.9755424903663068,True
0.0050612445667564945,0.11868126269541784,-0.14276213734687807,0.9755002740407214,0.005369826179043875,0.9755002740407214,True
0.005081497265124543,0.11868505792048313,-0.14269367305049174,0.9755020224759869,0.00515184004895015,0.9755020224759869,True
0.005046204498551443,0.11868657241465527,-0.1425161942114115,0.9755378571640106,0.005274060155252132,0.9755378571640106,True
0.005063981809231062,0.11870032638207816,-0.1424423807599747,0.9755399941554944,0.005068257224464393,0.9755399941554944,True
0.005025154890959169,0.11870260385975522,-0.14240024026721124,0.9755595377039779,0.005326929668557928,0.9755595377039779,True
0.005025272547484113,0.11870549409714587,-0.14229229006643543,0.975573251459614,0.0051902611182199215,0.975573251459614,True
0.005142009593568242,0.11864187941949131,-0.14272393900753605,0.9754792749481114,0.004734681514218583,0.9754792749481114,True
0.005107619579767237,0.11854837264408619,-0.14248074125096258,0.9755271991474104,0.00479755378417228,0.9755271991474104,True
0.005076712139039068,0.1184873863665076,-0.14224739384730384,0.9755701610463441,0.0048375330740821395,0.9755701610463441,True
0.0050406197178174865,0.11849837056683461,-0.1420656789266242,0.9756024731585619,0.004959941572844948,0.9756024731585619,True
0.005000847493222082,0.1185097811621686,-0.14199780508538523,0.9756240581547032,0.00520012385477428,0.9756240581547032,True
0.004970226098537966,0.11854592196269807,-0.1418771646767508,0.975644645982386,0.005261873605035342,0.975644645982386,True
0.004928803196426176,0.11852187803372831,-0.14186926781006604,0.9756633257375564,0.005581017384726468,0.9756633257375564,True
0.004883302098987478,0.11853403135272711,-0.14183414233534802,0.9756835547724912,0.00587247873942872,0.9756835547724912,True
0.004840249224966902,0.11857178798780313,-0.1418381815975989,0.9756957233247837,0.006042312881790676,0.9756957233247837,True
0.004833014526930217,0.11863814035985001,-0.14189047859736623,0.9756876501909396,0.005966314202441072,0.9756876501909396,True
0.004785380034977227,0.11868170289405973,-0.14186884413659062,0.9757052133804479,0.006242628293274421,0.9757052133804479,True
0.004737168259663604,0.11874221369112434,-0.14188277824459294,0.9757186741807907,0.006492005411375566,0.9757186741807907,True
0.004699806010200642,0.11855314364438589,-0.14164656892040392,0.9757690322297418,0.0070114766477128426,0.9757690322297418,True
0.004683120227378548,0.118565067788016,-0.14184054299599252,0.9757562788520228,0.0069709262993035695,0.9757562788520228,True
0.0047128942238504066,0.11857699562743372,-0.1419461464840796,0.9757347132566171,0.006685537164311863,0.9757347132566171,True
0.004709971754995647,0.11860156799317634,-0.14203433331406495,0.9757296567412284,0.006562891136036206,0.9757296567412284,True
0.004715529198872762,0.11864809193141179,-0.1420919398851125,0.9757234037929892,0.00639793204022448,0.9757234037929892,True
0.004675571478611126,0.11870181773570408,-0.14208068647207084,0.9757415747026901,0.0065706528949243045,0.9757415747026901,True
0.0047118422999632295,0.11873537665349387,-0.1421284785271154,0.9757230586705615,0.006267023541699475,0.9757230586705615,True
0.004660769152284888,0.11872451493239337,-0.14209231067322137,0.9757459653220374,0.006647698874355258,0.9757459653220374,True
0.004648187674585931,0.11874806181818576,-0.14213689783248898,0.9757536863149155,0.006574466149225073,0.9757536863149155,True
0.004735668794822301,0.11867757852561339,-0.14216707892153052,0.9757123169591437,0.006098523306917192,0.9757123169591437,True
0.004792591245963718,0.11868462455193579,-0.14222824900324793,0.9756806341495513,0.005747435613179172,0.9756806341495513,True
0.004866714678394107,0.11874262663259956,-0.14240153624207813,0.9756217227543927,0.005386384925395202,0.9756217227543927,True
0.0048394420931668295,0.11861221425066198,-0.14216865537336795,0.9756741792987726,0.005376167102388659,0.9756741792987726,True
0.004850365110736055,0.11884267373014269,-0.14298473929679326,0.9755404418926334,0.006019614087042622,0.9755404418926334,True
0.004809329358293054,0.11867986988510036,-0.14291267052563184,0.9755803030995311,0.006123340100519196,0.9755803030995311,True
0.004839456997658518,0.11863899196785849,-0.14293039235771995,0.9755709841013668,0.0058621034775110424,0.9755709841013668,True
0.004815075917390792,0.11885366729547331,-0.14301815984728716,0.9755495405717405,0.006307453922046865,0.9755495405717405,True
0.004769891304067413,0.11875853855062668,-0.14299313029615465,0.9755782670749177,0.006524465075679927,0.9755782670749177,True
0.0047381966134207865,0.11852349197634891,-0.14303974346369658,0.9756067725115577,0.006508513513124685,0.9756067725115577,True
0.004692293463671402,0.1184510937522568,-0.14303716800198785,0.975632245508743,0.0067272714004513534,0.975632245508743,True
0.004708730734285391,0.11836326328587149,-0.14311339902448042,0.9756268157246913,0.006492765415284547,0.9756268157246913,True
0.004668917542580118,0.1182511722418794,-0.14312438874072742,0.9756535360636022,0.006598138983367033,0.9756535360636022,True
0.004634693861363861,0.11815453007068655,-0.14316903346712304,0.9756744151581456,0.006646704514370822,0.9756744151581456,True
0.0045848100224331785,0.11813100701343536,-0.14316963965362556,0.9756986351366213,0.006906666307318416,0.9756986351366213,True
0.004612263537001488,0.1181113988060271,-0.14324774041353266,0.9756839412490711,0.0066338445102611995,0.9756839412490711,True
0.004610978335021651,0.11806658674939637,-0.14329038408367864,0.9756895567761599,0.006489894421905904,0.9756895567761599,True
0.004576231040034045,0.11804638640104614,-0.14327958997815246,0.975712922259705,0.006574391923584886,0.975712922259705,True
0.004533434912176153,0.11806100673513246,-0.14327438868217826,0.9757356879723019,0.006746479082885806,0.9757356879723019,True
0.004541850975023692,0.11809449852005924,-0.14332733018264177,0.9757313947705248,0.006566307888942976,0.9757313947705248,True
0.004493876857084989,0.11811990703573726,-0.14330083466444068,0.9757561932146344,0.006826053166031519,0.9757561932146344,True
0.004656888364505689,0.11797725395732955,-0.14325802664009943,0.9756779259867681,0.006108689089395677,0.9756779259867681,True
0.004631217583270371,0.11814469532064238,-0.14339796906603303,0.9756456753309354,0.006595140972777811,0.9756456753309354,True
0.0045994669280955604,0.11795671104701473,-0.1433813264437459,0.9756832077396641,0.006596085268945197,0.9756832077396641,True
0.0045846925980100066,0.11785310032808613,-0.14337512683683643,0.9757061924720145,0.006515952600051166,0.9757061924720145,True
0.004535245417851777,0.11786290511700294,-0.1433425123244495,0.9757270553394317,0.006877810958744524,0.9757270553394317,True
0.0044954391950001145,0.11781416383880977,-0.14333942517640016,0.975751775971291,0.007051696245935217,0.975751775971291,True
0.0044197628880234055,0.11775896335000588,-0.14333999571064718,0.975791996117837,0.007453692217952359,0.975791996117837,True
0.004452399548940135,0.11770257153998495,-0.14344980140981345,0.9757804712194271,0.00709632996965324,0.9757804712194271,True
0.004437696911144934,0.11764725189593706,-0.14349912644420354,0.9757969816861342,0.007032878409109046,0.9757969816861342,True
0.004443522868021958,0.1176152512750323,-0.1435295473511265,0.9758042279650143,0.006857757207679235,0.9758042279650143,True
0.004375555019540961,0.11761364879530406,-0.14348168128030456,0.9758324123590286,0.007375341231269231,0.9758324123590286,True
0.0043368440314208055,0.11759668572577031,-0.14348976891129997,0.9758543436346965,0.007557655576071683,0.9758543436346965,True
0.00431106033841139,0.11755027673473217,-0.14357320852798966,0.9758728761072332,0.007556959619043714,0.9758728761072332,True
0.004290141634912974,0.11755033767313651,-0.14364240636009343,0.9758899784868535,0.007532836146014043,0.9758899784868535,True
0.004267801769325286,0.11760168120099455,-0.14369335349848053,0.975905136566445,0.0075595255014320505,0.975905136566445,True
0.004247560541660333,0.117692066194596,-0.1437755286237676,0.9759170165130837,0.007557404542640917,0.9759170165130837,True
0.0042547995331527295,0.11780561501569874,-0.14384022215067627,0.9759150354810088,0.007405426352675093,0.9759150354810088,True
0.004309716693031605,0.11787165239993525,-0.1438935392772869,0.9758923333755662,0.006970974313791898,0.9758923333755662,True
0.0043005854884045,0.1179873430822316,-0.14385226987428706,0.9759134205263076,0.0068950032251566245,0.9759134205263076,True
0.004343052880244667,0.11806830919118393,-0.14386406802985144,0.9758998213997894,0.006548732445134709,0.9758998213997894,True
0.004242479106078105,0.11780182385881559,-0.1439680231887451,0.9759072087323871,0.007477375563779563,0.9759072087323871,True
0.0042127150096973294,0.11783605700560187,-0.14395667720085803,0.9759362491136326,0.007550042603688198,0.9759362491136326,True
0.004266444073757145,0.1178873872993616,-0.14401622878239528,0.9759205046433462,0.0070883667585118475,0.9759205046433462,True
0.004384862997216543,0.11774956706038049,-0.1441529540896087,0.9758148397254414,0.0066254485119631125,0.9758148397254414,True
0.004391541834574907,0.11767547024917761,-0.1440349771417926,0.9758455417342523,0.006431963476780752,0.9758455417342523,True
0.0043776520185860885,0.11761538595524676,-0.14385060829501173,0.975892909346591,0.006351018461338782,0.975892909346591,True
0.00433571976925569,0.11761756604504488,-0.14376314250459807,0.9759245791791379,0.006586911986325045,0.9759245791791379,True
0.004349318674713602,0.11762105375668819,-0.14367791801785107,0.9759428144072333,0.006366928199923962,0.9759428144072333,True
0.0042712686895658835,0.11751432153458653,-0.14424299051396683,0.9758430336163726,0.007558550564741569,0.9758430336163726,True
0.004256253877174496,0.11739055111382204,-0.1442361394304971,0.9758766644422157,0.007467581955866201,0.9758766644422157,True
0.004244616607055287,0.11731728097021843,-0.1442067407300684,0.9759086340853401,0.007377644796141134,0.9759086340853401,True
0.004208224321993636,0.1173151154081486,-0.14417917829746665,0.9759334472883471,0.007558608140080378,0.9759334472883471,True
0.004189871441152362,0.11730892179196753,-0.14417965446346295,0.9759639070447851,0.007558363015623045,0.9759639070447851,True
0.004136377159854757,0.11730508944855556,-0.1441674072366811,0.9759890560379993,0.007850051171612043,0.9759890560379993,True
0.004122827519843764,0.11731213201952528,-0.144244912724039,0.9760092181135347,0.00778090873801948,0.9760092181135347,True
0.004113266674739233,0.11737763404565556,-0.14432761686868656,0.9760240898262057,0.007691307262548302,0.9760240898262057,True
0.004058631046772135,0.11741523521782402,-0.1443014420774228,0.9760538756382002,0.008035749327224475,0.9760538756382002,True
0.004180094787676946,0.11715576814143516,-0.14411651133962608,0.9759756498914659,0.007552909757279624,0.9759756498914659,True
0.004163640487316225,0.11709066808307397,-0.14403991558316945,0.9760166295741303,0.007484010076907466,0.9760166295741303,True
0.004207173259031824,0.11709190377737734,-0.1440256725088934,0.976019801560566,0.0070588795688152186,0.976019801560566,True
0.004133169147172766,0.11709325463186264,-0.1439539555406069,0.9760587358669378,0.007546982958138613,0.9760587358669378,True
0.004119987875984074,0.11709074994267073,-0.14391163831713577,0.9760948268215063,0.007475701375691957,0.9760948268215063,True
0.004104199530396384,0.11715055164088327,-0.1438587829426772,0.9761285366660629,0.007440087212598369,0.9761285366660629,True
0.0040717443225361215,0.11724012809927999,-0.14380109059572438,0.9761623918598162,0.007557575268237929,0.9761623918598162,True
0.0043002428133098285,0.11658965977756701,-0.14405245288459054,0.9759502331460006,0.006613138096444121,0.9759502331460006,True
0.004264058593733024,0.11671528850865266,-0.14424397250811416,0.9759102019081528,0.007066076861551779,0.9759102019081528,True
0.004192748083206154,0.11663321192919919,-0.14414616785900408,0.9759651361499745,0.007465268738301832,0.9759651361499745,True
0.004174565035231323,0.11646166662190562,-0.14408206292436535,0.9760132768255023,0.007391242371839855,0.9760132768255023,True
0.004210596363297998,0.1163899644105684,-0.14407064890176075,0.9760184328167907,0.007034766885342781,0.9760184328167907,True
0.004182210254653531,0.11629819485876124,-0.1439594549925936,0.9760665515210557,0.007074514538683402,0.9760665515210557,True
0.004155667111543862,0.11621186648774215,-0.14385177951201453,0.9761172414997057,0.007077524056943412,0.9761172414997057,True
0.004232906554441731,0.11622970740976604,-0.14396261622670894,0.9760580061846275,0.006657767166624946,0.9760580061846275,True
0.004557179819329161,0.11693346850485928,-0.14544207602967255,0.9755651539925769,0.00581944482478902,0.9755651539925769,True
0.004541452942284978,0.11669501887731268,-0.14519247586689038,0.9756256541804278,0.005745388268901792,0.9756256541804278,True
0.004504444327339966,0.11651997082000232,-0.14494726827118043,0.9756865787170217,0.005845615028886285,0.9756865787170217,True
0.004518841581672474,0.11651018468013181,-0.14494159460596193,0.9756832740675422,0.00573187332775732,0.9756832740675422,True
0.004502221501737748,0.1164889893723449,-0.1449061067851669,0.9756953023389079,0.005829191549066924,0.9756953023389079,True
0.004496252847875787,0.11632786364324196,-0.14474930433755445,0.9757295883634789,0.005733682047404329,0.9757295883634789,True
0.004643601446089631,0.11703550822559898,-0.14573290442636072,0.9755010113498465,0.005459021780667993,0.9755010113498465,True
0.004605093064034365,0.11682093721551579,-0.14546576255034555,0.9755620154583986,0.005560213210163939,0.9755620154583986,True
0.004572783987935172,0.11657063707958872,-0.1451833959770142,0.9756218782125898,0.005559606673532949,0.9756218782125898,True
0.004552081318634347,0.11660089987113242,-0.14520264973234726,0.9756270274979941,0.005728824187553932,0.9756270274979941,True
0.004553490231448709,0.11662268699450916,-0.14522899525772104,0.9756209069555866,0.0057469780482267375,0.9756209069555866,True
0.004517608710820972,0.11641598653223166,-0.1450976082106066,0.9756583627325064,0.0057891682543722775,0.9756583627325064,True
0.004484510513347062,0.11643152465504589,-0.14508454481251845,0.9756725690686671,0.006035319440682319,0.9756725690686671,True
0.0044515123164758875,0.11626167748732383,-0.14503982540824145,0.9756948781045635,0.006062832360347701,0.9756948781045635,True
0.004409208734711858,0.11619375480969063,-0.14499819306211417,0.9757152609246171,0.0062265906929080865,0.9757152609246171,True
0.004365338144840897,0.11614887241304454,-0.1449786410117348,0.9757327318324005,0.006419636951443096,0.9757327318324005,True
0.004328844422966461,0.11609297680078944,-0.14501123809331126,0.9757393667383149,0.006501814616586605,0.9757393667383149,True
0.004356623898215468,0.1160950722230986,-0.14505156747208411,0.9757214207039571,0.006267168113190034,0.9757214207039571,True
0.004314274658030935,0.11608280642751422,-0.14502026965920656,0.975740243380208,0.0064733511031217425,0.975740243380208,True
0.004291168770990052,0.11607674064316156,-0.14504330362215856,0.9757408598319515,0.006478872841203787,0.9757408598319515,True
0.004246322541410561,0.11610332279802864,-0.14502454353198507,0.9757539312362746,0.006705859119897288,0.9757539312362746,True
0.0042236498570755645,0.11616027425392486,-0.14507679333757606,0.9757472847419367,0.006721973528131195,0.9757472847419367,True
0.004202744082422668,0.11627856259742005,-0.14512367534461615,0.975736849598465,0.006740661049881768,0.975736849598465,True
0.004157980082794297,0.11636505417501224,-0.14511924764431228,0.9757467757519472,0.006993755612494242,0.9757467757519472,True
0.004133944555348608,0.11652375632519284,-0.1451901588055344,0.9757340888080827,0.007061201422174162,0.9757340888080827,True
0.004188292276263624,0.11648692510407938,-0.1452064448175579,0.9757140193785011,0.006714013548703127,0.9757140193785011,True
0.0041289663244069835,0.11614235969941054,-0.1451235124525209,0.9757717727149346,0.007427241102796974,0.9757717727149346,True
0.004099696340755508,0.11615832654802627,-0.1452354591599514,0.9757708707527561,0.007473968383537345,0.9757708707527561,True
0.004068834726447998,0.1162271365114958,-0.1453310447596188,0.9757700141491384,0.007561529845027601,0.9757700141491384,True
0.004050233090151136,0.11633340972752539,-0.14546954282542013,0.9757577536197918,0.0075563320415026605,0.9757577536197918,True
0.004032223851360941,0.11649606137528966,-0.1456055741311351,0.9757414611747534,0.007559207373404375,0.9757414611747534,True
0.004082268730619571,0.11656362408693145,-0.14567861235950896,0.975711689937115,0.007195521750824542,0.975711689937115,True
0.004038266733602057,0.11672731368963223,-0.14569102767795958,0.9757229607922846,0.007379263843757948,0.9757229607922846,True
0.004198233202969931,0.11622865407457413,-0.14570849271183794,0.9756746187904803,0.006522623066154997,0.9756746187904803,True
0.004195134284083041,0.11625559386834615,-0.14561719955257924,0.9756907335507887,0.0064223970650829024,0.9756907335507887,True
0.004149557681756827,0.11623324409718633,-0.1456246694104098,0.9757069614523014,0.006772357166017931,0.9757069614523014,True
0.004107628448694235,0.11623086692898942,-0.14559100819627188,0.9757279787831823,0.007042512481986637,0.9757279787831823,True
0.004129307575959271,0.1162333734580077,-0.14560924095934272,0.9757209924654582,0.0068355122069967715,0.9757209924654582,True
0.004089521798432999,0.1162234735103973,-0.14556009363590752,0.9757462260103802,0.007040193107889455,0.9757462260103802,True
0.004152864355414288,0.11623579520579388,-0.1456064948888616,0.9757117776048241,0.006674048627303301,0.9757117776048241,True
0.004157721732845382,0.11618227538350054,-0.14554478223178763,0.9757269503874211,0.006519401456041949,0.9757269503874211,True
0.004118468119045415,0.11614328116821133,-0.14543487302418037,0.9757630464831931,0.0066745582603322424,0.9757630464831931,True
0.004156430917064504,0.1161410457992746,-0.14545061882656724,0.9757476559938026,0.006396051276905309,0.9757476559938026,True
0.004145321363912504,0.11608495874573638,-0.14531357970304748,0.9757782568493356,0.006319404593836452,0.9757782568493356,True
0.004108940790872314,0.11607516443194482,-0.1451883564335547,0.9758119310207308,0.006465373379343977,0.9758119310207308,True
0.004065661382341103,0.11607137356949614,-0.14515818273139516,0.9758325483787228,0.0067584919844793576,0.9758325483787228,True
0.004019253449748516,0.1160633292194516,-0.14511205824497447,0.9758582232181667,0.007030043146514863,0.9758582232181667,True
0.0039878273039634085,0.11604047150503038,-0.1450975428907605,0.9758802641610475,0.0071162730892507875,0.9758802641610475,True
0.003974323078611752,0.11604228670426327,-0.14512062836544154,0.9758911618815647,0.0070610332513204865,0.9758911618815647,True
0.004080887438694539,0.11597241949081794,-0.14517151306946857,0.975833842833224,0.00656967507697746,0.975833842833224,True
0.004042028668699503,0.11591544794578575,-0.14506254465679308,0.9758714485681808,0.00670653816077216,0.9758714485681808,True
0.004009974908001367,0.11594838327148921,-0.14510184361666864,0.9758703986571593,0.007055496815557215,0.9758703986571593,True
0.004334340474224312,0.11669177797953241,-0.14525793358015704,0.975608511027091,0.006157320930378193,0.975608511027091,True
0.004292019401944024,0.11655150976326777,-0.14514203255250108,0.9756513833102983,0.006341617133588724,0.9756513833102983,True
0.004248680817742508,0.11640011625836436,-0.1450310149425007,0.9756929664946512,0.006521641454253843,0.9756929664946512,True
0.004217670992482132,0.11646803438714198,-0.14503547079004567,0.9756991798035581,0.006781978192999836,0.9756991798035581,True
0.004166852653114455,0.1162032458650017,-0.1449748742529676,0.9757483793493519,0.00692630031709398,0.9757483793493519,True
0.004125957993800654,0.11600353910284955,-0.14494667765562977,0.9757844528236045,0.00704734848809319,0.9757844528236045,True
0.004098617397815894,0.1157882475192579,-0.14495891506906983,0.9758129985053173,0.007038544463933307,0.9758129985053173,True
0.004060757001215697,0.1156126860345227,-0.14494078106075903,0.9758460228261,0.007107532119553657,0.9758460228261,True
0.003990314766665574,0.11550625990164866,-0.1449086076678229,0.9758890686516012,0.007429906379346285,0.9758890686516012,True
0.0039558391419323834,0.11543940328717507,-0.14491526052555706,0.9759093996687095,0.007559135831176747,0.9759093996687095,True
0.003913094763896278,0.11537149622760838,-0.14495096723428472,0.975931517713043,0.00769993932798428,0.975931517713043,True
0.0038765645485509767,0.11531516404339563,-0.14503045233450057,0.9759477160139726,0.007779670234245432,0.9759477160139726,True
0.0038288670707387236,0.11532991658461506,-0.14508602350172128,0.9759659968173203,0.007963477698306192,0.9759659968173203,True
0.003919801943645153,0.11528360736047821,-0.14504235086821304,0.9759297064651765,0.007491294630582602,0.9759297064651765,True
0.0038919582789522537,0.11526027086240649,-0.14501648904612727,0.9759482404257859,0.007619010344006065,0.9759482404257859,True
0.003864263477755603,0.11521139096482584,-0.14502672650563347,0.9759703925974056,0.0076470586892335105,0.9759703925974056,True
0.00382397393755755,0.11520562943748816,-0.14498209825630048,0.9759822402879297,0.008065007359033082,0.9759822402879297,True
0.003783857000564602,0.11514620353267566,-0.14505061663124716,0.9760058235662411,0.008170226096000283,0.9760058235662411,True
0.0038128104878951178,0.11514727392921577,-0.1451125088315926,0.9759922751947797,0.00791248987972655,0.9759922751947797,True
0.0038846672054349204,0.11516721490106353,-0.14514287882848098,0.9759491080729615,0.007547451028164787,0.9759491080729615,True
0.003860118492201537,0.11509056166509754,-0.14506704229318143,0.9759815938011964,0.007581914555948501,0.9759815938011964,True
0.0038708239348870157,0.11508021570004702,-0.14506345201006163,0.9759813211916976,0.007472062123114453,0.9759813211916976,True
0.003851001896510591,0.11508271569887624,-0.1450600816310295,0.975988130512054,0.0076213706965220195,0.975988130512054,True
0.003808121471643261,0.11498171922797419,-0.14499526501290744,0.9760293860028164,0.007753338571266914,0.9760293860028164,True
0.0037593126380162513,0.11496161988139011,-0.14495346290262018,0.9760584569919069,0.008035963229634905,0.9760584569919069,True
0.0037320421627419923,0.11488532854790609,-0.1449653928336836,0.9760854241047366,0.008053073828053113,0.9760854241047366,True
0.0036815294428991143,0.1148738410242318,-0.1449367186791982,0.9761149550928087,0.008328772005240551,0.9761149550928087,True
0.003643726134001638,0.1148507626724761,-0.1449703615097931,0.9761413332076839,0.00843131932316368,0.9761413332076839,True
0.0036191792987300218,0.11487898279662956,-0.14501946216920747,0.9761583241249858,0.008453852350803754,0.9761583241249858,True
0.00357933908742679,0.11495145880607019,-0.14503834214341182,0.9761810884642494,0.008605964301060231,0.9761810884642494,True
0.0034804543692857426,0.11492122152907862,-0.14495394073205847,0.9762282096603283,0.009300544520388634,0.9762282096603283,True
0.0034425421668640237,0.11499531019726668,-0.1450524972428316,0.9762457432685557,0.009423579905466073,0.9762457432685557,True
0.0034133979204761574,0.1151163793580528,-0.14516002842147996,0.9762578328563445,0.009493157929570143,0.9762578328563445,True
0.0034419544418150603,0.11521945938012465,-0.1452475662802695,0.9762410252960215,0.009243259294761151,0.9762410252960215,True
0.003578830807463788,0.11512495655371327,-0.14531082894716452,0.9761713248852363,0.008396387139392576,0.9761713248852363,True
0.0035478352647695236,0.11516835677189814,-0.14523276373128496,0.9762091528576244,0.008473783256608403,0.9762091528576244,True
0.0034628493403761904,0.11524063218508131,-0.14512733344141057,0.9762657211735266,0.008947437582577114,0.9762657211735266,True
0.0034062358057268954,0.11517873951102263,-0.14510264700322378,0.9762850046273871,0.009390428670027321,0.9762850046273871,True
0.003366380881623209,0.1152455089598653,-0.1451127087142478,0.9763188655465505,0.009530181250210585,0.9763188655465505,True
0.0033404203852591707,0.11536249964292382,-0.14514008457349709,0.9763434956034787,0.009584410559640983,0.9763434956034787,True
0.003421070020152569,0.11531658956114009,-0.14518998121636822,0.9762997518954232,0.009076095414055681,0.9762997518954232,True
0.003369416799046724,0.11534619685493636,-0.1451223854602335,0.9763374575651106,0.009366527482517161,0.9763374575651106,True
0.0033529254704748,0.1154205966430539,-0.14509316274399747,0.9763672769928365,0.009353403017374464,0.9763672769928365,True
0.0033401069449061427,0.11553902617124154,-0.14504992756528043,0.9763953581645112,0.009325377853320634,0.9763953581645112,True
0.0032581762013508403,0.11546411055907577,-0.1450066111599787,0.9764274452903551,0.00991919830900426,0.9764274452903551,True
0.0032308911000457964,0.11557927947177278,-0.1450068379507225,0.976459184198389,0.009987776523223675,0.976459184198389,True
0.00328336658146195,0.11566879573436507,-0.14505766818887575,0.9764427084375635,0.009576146760439136,0.9764427084375635,True
0.0033627900945631165,0.11562081780038246,-0.1451330746111276,0.9763925381773323,0.009088861836774001,0.9763925381773323,True
0.003316746721163518,0.11563856481468136,-0.14503942434305217,0.9764336462544387,0.009335419282270207,0.9764336462544387,True
0.0033454735868447046,0.11566441231183512,-0.1450193091721932,0.9764376040727455,0.009071090571235157,0.9764376040727455,True
0.0032978236436188224,0.11567144704407632,-0.14493701593433178,0.9764756054244644,0.009342671942759078,0.9764756054244644,True
0.00329994032953759,0.11569185595788437,-0.14487077472175053,0.9765056606520737,0.009206635006209758,0.9765056606520737,True
0.00325853425369398,0.11572087892277672,-0.1447758490910511,0.9765486969199583,0.009404257035262925,0.9765486969199583,True
0.0034569263515117493,0.11556066628377308,-0.14511333263850412,0.9763591470563938,0.008434267151339409,0.9763591470563938,True
0.0034491927707405753,0.11546247822506094,-0.1449311523102535,0.9764103815779157,0.008337697151284513,0.9764103815779157,True
0.0034110297278899565,0.11542108303778384,-0.14477132460004338,0.9764606489155127,0.00849848735649963,0.9764606489155127,True
0.0033795229688556843,0.1153795828657376,-0.14460070133118788,0.9765153152092594,0.008579310658040788,0.9765153152092594,True
0.003360433050818112,0.11537525964454241,-0.14444349229330736,0.9765635221521909,0.008571137256728454,0.9765635221521909,True
0.0033441812994949274,0.11543732121383378,-0.144288406266998,0.9766061244377257,0.00856043309819094,0.9766061244377257,True
0.0033741331596119344,0.11549960725451361,-0.1442385859715401,0.9766072087878387,0.00830123919653653,0.9766072087878387,True
0.00336110906944835,0.11560071922289843,-0.14405157111468075,0.9766489599663997,0.008281344876462999,0.9766489599663997,True
0.0036425811143536977,0.11420656057086796,-0.14580498046588386,0.9762377628972976,0.007218613677475326,0.9762377628972976,True
0.003582967543007367,0.11412673874371818,-0.14562825389668657,0.9762926651908064,0.007548827463759507,0.9762926651908064,True
0.0036526242236945934,0.11417399455063545,-0.14574397096019207,0.9762457771196861,0.007121813389698191,0.9762457771196861,True
0.003623570343478434,0.11398421457369805,-0.14542380158423043,0.976317291626399,0.007142698535784549,0.976317291626399,True
0.00362380053858367,0.11390765500480252,-0.1452354971074053,0.9763500918858186,0.0070399148749989765,0.9763500918858186,True
0.003594013774921129,0.11382570871217988,-0.14494247031323085,0.9764076965337866,0.007101864807316695,0.9764076965337866,True
0.003575900099735337,0.11378360570153646,-0.14466586872671539,0.9764558698600619,0.00708818999121083,0.9764558698600619,True
0.003514730132627815,0.11377970201037929,-0.14449926205065705,0.9765025540155047,0.0074460234708457525,0.9765025540155047,True
0.003485169645529916,0.11379222427163149,-0.1443242754806075,0.9765364448138779,0.007558100387383668,0.9765364448138779,True
0.0034596656466058056,0.11379106760150941,-0.1443118775586453,0.9765482269747842,0.007734172930659636,0.9765482269747842,True
0.0034179982322506217,0.11379634476607697,-0.14421575281700966,0.9765788591603677,0.007943467730444747,0.9765788591603677,True
0.0033803580070493745,0.1138142287508456,-0.1441210888674519,0.9766093507100464,0.008083418114313437,0.9766093507100464,True
0.00334023795611492,0.11386016563890518,-0.14404515410913413,0.9766369216571,0.008251483004279251,0.9766369216571,True
0.0032925195503910624,0.1138962815293029,-0.1439952454969772,0.9766627571432612,0.008521629229517115,0.9766627571432612,True
0.0032205870075907236,0.11397594538305579,-0.1439522042497122,0.9766999088885056,0.008889431381586871,0.9766999088885056,True
0.0031967733932445693,0.11411324530433693,-0.1439468317479719,0.9767107457284706,0.00894354594431636,0.9767107457284706,True
0.0031799937828546274,0.11430182840364804,-0.14393669265712125,0.9767164277222931,0.008962361408953196,0.9767164277222931,True
0.0031681003894242234,0.1145371707701722,-0.14391843424533898,0.9767186361538978,0.008958646695799821,0.9767186361538978,True
0.0031622410403948013,0.11481569606867716,-0.1438945985415818,0.9767171809533131,0.008925627259030665,0.9767171809533131,True
0.0031710841229579496,0.11511710107075197,-0.14387244616870623,0.9767084063131267,0.008806781616140234,0.9767084063131267,True
0.0032345749448049444,0.11538898517980227,-0.14387867796155476,0.9766754294563997,0.008328442573028918,0.9766754294563997,True
0.003293966697076141,0.11533716326243265,-0.14393838257750086,0.9766459639820273,0.007934101280056996,0.9766459639820273,True
0.0032641496098637104,0.115485678065587,-0.14381167543217696,0.9766717992805137,0.00808145486021842,0.9766717992805137,True
0.0032504369338183267,0.11570908257352684,-0.1436863508231131,0.9766910520590938,0.008097074816064974,0.9766910520590938,True
0.003251669437800053,0.11597991261256346,-0.14357976370040046,0.9767001006748455,0.008019603415042053,0.9767001006748455,True
0.003186162299272967,0.11580665269566442,-0.14359311012432635,0.9767272870529011,0.008499109540428169,0.9767272870529011,True
0.00312960241418445,0.11605248085701525,-0.14350546130452466,0.9767609077134554,0.008812431752107244,0.9767609077134554,True
0.0030733527785705298,0.11607743673719388,-0.14345914187598946,0.9767886942797999,0.009189892058195757,0.9767886942797999,True
0.0032140893299408457,0.1157596117909863,-0.14354904055275555,0.9767173430234966,0.008322153042075866,0.9767173430234966,True
0.003261058431964663,0.11577821381874576,-0.143572454214132,0.9766972427958591,0.007987955621761147,0.9766972427958591,True
0.0032109202198344314,0.11575467921191,-0.143579649130378,0.9767124834383137,0.00836490205120204,0.9767124834383137,True
0.0034202127531399486,0.115618251567166,-0.14420447583886173,0.9764608302655622,0.007641449183737397,0.9764608302655622,True
0.003403466594930013,0.11543385402871778,-0.14396593050926132,0.9765207139635631,0.007589503219490017,0.9765207139635631,True
0.003386842580899301,0.11531650127403362,-0.14374139905438812,0.9765727931036399,0.007559594869283417,0.9765727931036399,True
0.0034901515066779586,0.11545836157354561,-0.1441972515647806,0.9764517473969024,0.00708632803648061,0.9764517473969024,True
0.0034677977649629262,0.11528734326076222,-0.14388431047114175,0.9765170246201685,0.007074458690680324,0.9765170246201685,True
0.0034516696009792933,0.11520005170491686,-0.1435923243476876,0.9765698834897769,0.007039953389120488,0.9765698834897769,True
0.003532710893653562,0.1152535653939736,-0.14414075191306375,0.9764612286409449,0.006717102382290848,0.9764612286409449,True
0.003517114960776594,0.1154161875149125,-0.14457377835276888,0.9764016868917768,0.007036078141290159,0.9764016868917768,True
0.0036425240022920414,0.11592660105077357,-0.1452697787250306,0.9762292610358161,0.006655581013412082,0.9762292610358161,True
0.0036946229438153226,0.1161070417422276,-0.1455032093407253,0.9761694090922988,0.006432401599904784,0.9761694090922988,True
0.003663032117604531,0.11583530998402147,-0.14516729453677704,0.9762371080304807,0.006455807045061539,0.9762371080304807,True
0.003654077223129754,0.11568918818483617,-0.1449409866385234,0.9762731501765409,0.0063862818029917345,0.9762731501765409,True
0.003630460268071446,0.11553888223308434,-0.14463193748294212,0.9763212458890335,0.006384285099347546,0.9763212458890335,True
0.0036026946312726817,0.11550373900076213,-0.1444782861227408,0.9763475064756069,0.006503787584598045,0.9763475064756069,True
0.003592761312504709,0.11558182695259174,-0.14479631563275291,0.9763263020215471,0.006779443943285527,0.9763263020215471,True
0.0035957124871109033,0.11551018957706259,-0.1447226451842674,0.976330795952582,0.00665795956864027,0.976330795952582,True
0.0035654638339993844,0.11549831198670873,-0.14468924162559987,0.9763466497252233,0.006850979491178344,0.9763466497252233,True
0.0035497703325787374,0.11539625690956394,-0.144595799883511,0.9763564664941591,0.006796641895746112,0.9763564664941591,True
0.003517695384736918,0.11539753991902539,-0.14457826559843046,0.976371969089383,0.007025260981642399,0.976371969089383,True
0.0035033400953493423,0.11534278302480286,-0.14455341364802685,0.9763688745595953,0.006971771606690338,0.9763688745595953,True
0.003481132801061831,0.1153407602116625,-0.14452410957062276,0.9763714303584431,0.00703887129018892,0.9763714303584431,True
0.0034233398511014294,0.11533554608347164,-0.14447335661577607,0.976406443968863,0.007487844410540419,0.976406443968863,True
0.003402618907637278,0.11531534012635833,-0.14455170553503946,0.9763915583989696,0.00747683278532621,0.9763915583989696,True
0.0034276272926104375,0.11536913091545956,-0.14465184730441227,0.9763514408722112,0.007195738889284774,0.9763514408722112,True
0.0033711278743202107,0.11540303864495483,-0.14463884127130783,0.9763645087332367,0.007517257925047115,0.9763645087332367,True
0.0033507439552591203,0.11547794008108277,-0.14471563252499875,0.9763478256763974,0.007554409632659143,0.9763478256763974,True
0.0033308788627158226,0.1155738071743238,-0.14482701520303976,0.9763194981039973,0.007568100021516929,0.9763194981039973,True
0.0033025920964367523,0.11571740894903053,-0.14492491320099798,0.9762970120021875,0.007666589652829725,0.9762970120021875,True
0.0032787196094615305,0.11591666904941866,-0.14506514951948152,0.9762612455773938,0.0077229013290853275,0.9762612455773938,True
0.0032679430853670283,0.11616402143427061,-0.14521845210085688,0.976216991084187,0.007704693012268811,0.976216991084187,True
0.00324643208133801,0.11645041304165574,-0.14534542298680783,0.9761782654255471,0.00776851261076309,0.9761782654255471,True
0.0032299659090685518,0.11679270270436082,-0.145484946919504,0.9761328883981815,0.007807037967457844,0.9761328883981815,True
0.003209963593708517,0.11719086211949607,-0.14561781508987023,0.9760868767161903,0.007883257629742846,0.9760868767161903,True
0.0031590013785009175,0.1172510648704901,-0.14560093122231635,0.9761033804841314,0.008220362632653683,0.9761033804841314,True
0.003157574194361846,0.11765153543390142,-0.1457917589984998,0.9760470266058535,0.008179243531632793,0.9760470266058535,True
0.0031288015743756426,0.11805255377913527,-0.1459191866748552,0.9760104600757512,0.008324212742690747,0.9760104600757512,True
0.0030340267407636583,0.11811076579603542,-0.14587289910031812,0.976048876165819,0.00895871358935922,0.976048876165819,True
0.0029904168796437086,0.11843834626311783,-0.146005842436098,0.976026984120338,0.009208681202935125,0.976026984120338,True
0.002980182349300307,0.11887278518744569,-0.14622917794054274,0.9759769473205057,0.009220260418295434,0.9759769473205057,True
0.002938854024136147,0.11925047048485485,-0.14636889486372273,0.9759519083515662,0.009460796281133403,0.9759519083515662,True
0.002954517065693091,0.11964201788408957,-0.1465689081283132,0.9759003538671874,0.009317013101163483,0.9759003538671874,True
0.003092429714576754,0.11922249841477262,-0.146510617333205,0.9758750841102712,0.008436476707568781,0.9758750841102712,True
0.0029973563703451092,0.11917168823138084,-0.14642911337720754,0.9759252702728118,0.009086496059744598,0.9759252702728118,True
0.00295039782060467,0.11929918170131404,-0.14644663064305635,0.9759391984030845,0.009348772126052706,0.9759391984030845,True
0.0029451760435124886,0.1195187263291155,-0.14656399822257202,0.9759252482596156,0.009290814572703775,0.9759252482596156,True
0.0029157024695098104,0.11976413146710559,-0.14663681389052102,0.975923207599371,0.009406433535913507,0.975923207599371,True
0.003005275547398251,0.11956847928415518,-0.1466306417641379,0.9758910485363191,0.008862805156557105,0.9758910485363191,True
0.0029960706562071984,0.11971495592002794,-0.14661262676308118,0.9759020406705151,0.008821007095964471,0.9759020406705151,True
0.0032528150486053507,0.11845165705836566,-0.14694219080841364,0.975746697199321,0.007698693260745366,0.975746697199321,True
0.0032150356793028715,0.11837298913419189,-0.14678016886948828,0.9757934108340075,0.007853708301717789,0.9757934108340075,True
0.0033846046181033275,0.11871776065766443,-0.1474841563243275,0.9755827159366796,0.007231968127738231,0.9755827159366796,True
0.0033916840746545766,0.1186035630005187,-0.14734778084104977,0.9756088856399049,0.007096301948323588,0.9756088856399049,True
0.0033979351790857076,0.11851190771538525,-0.14724124841790653,0.9756276472562997,0.006981497052134932,0.9756276472562997,True
0.0033830083253004488,0.11891002891086806,-0.14784324289765766,0.9755264033693097,0.007425716606414691,0.9755264033693097,True
0.0034600761121866145,0.12019539341893926,-0.1487560196822907,0.9752781035482191,0.007810871672713611,0.9752781035482191,True
0.003431389720882761,0.11977447957824743,-0.14868990721035372,0.975332132115048,0.007762432503428681,0.975332132115048,True
0.0033920252825178424,0.11951032076413612,-0.14862286676481115,0.9753770061589827,0.007853370363571272,0.9753770061589827,True
0.0033592584761305924,0.1192041026797576,-0.14859272507707277,0.9754195137930984,0.007861487096226654,0.9754195137930984,True
0.003330074262520139,0.11897081398756695,-0.14856455910229327,0.9754538441030607,0.007860134928016627,0.9754538441030607,True
0.0032904941080899083,0.11882446552384217,-0.14854191732612967,0.9754829569461722,0.00796377312855824,0.9754829569461722,True
0.0032562425855799555,0.11870966304182269,-0.1485405067170961,0.9755065659770535,0.00802547578166639,0.9755065659770535,True
0.0032766699254461918,0.11869276041595414,-0.14857129206046207,0.9754979252083429,0.00782534621818187,0.9754979252083429,True
0.003331666964122149,0.11873097538621642,-0.14863296637486392,0.97546483279554,0.007557449819251933,0.97546483279554,True
0.003307175268827965,0.11860424264336833,-0.14850796763676957,0.9754998135794759,0.007557714036697577,0.9754998135794759,True
0.003473323607055967,0.11880105921582586,-0.14899283751180398,0.9753607830746732,0.006965765780777294,0.9753607830746732,True
0.003494781958813625,0.11875045865239327,-0.1489519307085468,0.9753607761921452,0.006779862043969677,0.9753607761921452,True
0.0034662793987802463,0.11876528886331436,-0.14895848776559545,0.9753698047144147,0.006981646021024514,0.9753698047144147,True
0.0034446541742931395,0.11907970460543206,-0.14920574652151883,0.9753312340368211,0.007395021234491662,0.9753312340368211,True
0.0034827316400198975,0.11897794753140399,-0.14920549849039882,0.9753225765777506,0.007069210693717236,0.9753225765777506,True
0.003482815807772161,0.11886071970443693,-0.14915018515298675,0.9753355847388666,0.006978424822960019,0.9753355847388666,True
0.003464817409251828,0.11865182780875977,-0.1489972178190079,0.9753706754648186,0.0069260067442057,0.9753706754648186,True
0.0034669207908412723,0.11854076841416986,-0.1488924030177327,0.9753852139480416,0.00679377908462993,0.9753852139480416,True
0.00348176983977564,0.11849781447069728,-0.14884306673923994,0.9753855882160885,0.006639707483914846,0.9753855882160885,True
0.0034534467699141,0.11851068821579865,-0.14884616175925247,0.9753964131405888,0.006845599055300747,0.9753964131405888,True
0.0034270700141641633,0.11838059326478993,-0.14870801350867796,0.9754222777222601,0.006861744717845274,0.9754222777222601,True
0.0033967138260230594,0.11832662692154171,-0.1486048701119073,0.9754407478631716,0.0069446817764207275,0.9754407478631716,True
0.0033573946870165128,0.11835492988510325,-0.1486443459680572,0.9754629466532672,0.0073522008115705535,0.9754629466532672,True
0.0033858413330642885,0.11830259820164869,-0.14868160222997615,0.9754427968857713,0.007057823191244133,0.9754427968857713,True
0.0033579298187137075,0.11823999533464927,-0.1486456391735177,0.9754501373931064,0.00709552578464835,0.9754501373931064,True
0.0034188986402719774,0.11824832527506811,-0.1486870599415844,0.9754340903222234,0.00683206362337247,0.9754340903222234,True
0.003466461430628272,0.11828652785294554,-0.1487604424639901,0.9754088783066117,0.006580254927257516,0.9754088783066117,True
0.003435737564308857,0.1182291300810859,-0.14866902964487122,0.9754308947817419,0.00671343506597513,0.9754308947817419,True
0.003472587304312522,0.11825652342809695,-0.14871884351581913,0.9754115161445606,0.006505711845261412,0.9754115161445606,True
0.003446243943082409,0.11824575496056262,-0.1486891539675671,0.9754252581038074,0.006669122768056747,0.9754252581038074,True
0.0034224584049671915,0.11830837879376284,-0.14871177136567731,0.9754335167595358,0.0069016252198420315,0.9754335167595358,True
0.0034083452252741684,0.11815707191504991,-0.14869284519445425,0.9754391251654478,0.0068371442672009895,0.9754391251654478,True
0.003378335745086129,0.11813314133700183,-0.14867020932845623,0.9754518392217303,0.007002845773289557,0.9754518392217303,True
0.0033624357235406193,0.11801960938376237,-0.14868412367425038,0.9754498830833765,0.00695114281042651,0.9754498830833765,True
0.0033586148009325674,0.11796550585980956,-0.14869514793794694,0.9754403997013731,0.006849954677351715,0.9754403997013731,True
0.0033320353815030337,0.11796450814746945,-0.14867394597421674,0.9754536928564651,0.007028101467319747,0.9754536928564651,True
0.003307566928804139,0.11791573891812436,-0.14871444174082588,0.9754443606265589,0.007034205776960378,0.9754443606265589,True
0.0032543196408535893,0.11791188457632731,-0.148672560403499,0.9754712352087518,0.00739068363937302,0.9754712352087518,True
0.0032203307405622044,0.11791595405472971,-0.1487464708033687,0.9754611844031273,0.007498204470440307,0.9754611844031273,True
0.003191670857884773,0.11795342592552231,-0.14887428362140864,0.9754372582413627,0.007549457532119779,0.9754372582413627,True
0.0031721386045869358,0.11804853265844283,-0.1490206702661384,0.9754032226102671,0.007548076480430062,0.9754032226102671,True
0.0031543793939141362,0.11821334104019339,-0.14916879777175196,0.9753633071973542,0.007551924340503225,0.9753633071973542,True
0.003130208451933164,0.11829810566298715,-0.14920976302883032,0.9753547128904828,0.007672255479292772,0.9753547128904828,True
0.003112594885315696,0.1185100166696616,-0.14939122984716563,0.975309584529525,0.007685546557806261,0.975309584529525,True
0.0030813945074744113,0.1187416732392143,-0.1495285423498846,0.975275824628045,0.007811228042152269,0.975275824628045,True
0.003072811467335228,0.11905523867885554,-0.14972757755836344,0.9752184533652472,0.007781338768085947,0.9752184533652472,True
0.003072492406285829,0.1193882474365847,-0.14991326916723727,0.9751611962034467,0.007711466013251958,0.9751611962034467,True
0.003088335594459544,0.11965444776219444,-0.15004206786333826,0.9751127112389008,0.007558458926190322,0.9751127112389008,True
0.0030494612967410443,0.11970257468493871,-0.15002891064156254,0.9751253912750163,0.007805860194348705,0.9751253912750163,True
0.0030782447625514048,0.11988877196151562,-0.1501369832162184,0.9750836110087706,0.007571652762019919,0.9750836110087706,True
0.003086555973869666,0.12005513979924551,-0.1501967054843226,0.975058222055896,0.007469073386538118,0.975058222055896,True
0.003074170388108862,0.120296467119267,-0.150218146739137,0.9750395871794791,0.00746461327885179,0.9750395871794791,True
0.003216356523591936,0.11928777044573817,-0.15018124735954952,0.9750709327572384,0.00679274253706463,0.9750709327572384,True
0.0031824413409568338,0.11931225839223293,-0.1500584078989794,0.9750965901368407,0.006921109625454183,0.9750965901368407,True
0.0033135174063685527,0.11913434419000875,-0.1504336611711625,0.9750169134352387,0.006408472961591919,0.9750169134352387,True
0.0032987711288305307,0.11902752411255936,-0.15022361681042584,0.9750548345725383,0.006363987393723139,0.9750548345725383,True
0.003270134589053595,0.11905501870923889,-0.15031062656445582,0.9750540455194903,0.006621053616519869,0.9750540455194903,True
0.003279583020874991,0.11900308001220736,-0.1502434032030039,0.9750614839663055,0.006474091553905131,0.9750614839663055,True
0.003251780046459705,0.1190556747153359,-0.1503401329877848,0.9750592168952353,0.006767335974517772,0.9750592168952353,True
0.0032432566569435745,0.1189477485878019,-0.15026743109761584,0.9750763077692979,0.006681853726049843,0.9750763077692979,True
0.0032078237542374445,0.11899400161250871,-0.1502949031387636,0.9750856072672717,0.007002004816464681,0.9750856072672717,True
0.003212052237825866,0.11891328288702883,-0.15029153889667782,0.975087649373437,0.006857457402749973,0.975087649373437,True
0.003180278595746585,0.11883223527437098,-0.1502287293126075,0.9751103986419355,0.006942002906508248,0.9751103986419355,True
0.0031703067883297976,0.11879218543841442,-0.15021913832065856,0.975114227238788,0.006868408834970786,0.975114227238788,True
0.0031900708755029815,0.11879094032505166,-0.1502198476528446,0.9751041828876933,0.006664053783342478,0.9751041828876933,True
0.003278144283269549,0.1188097436628291,-0.15040539364930908,0.9750544700055472,0.006329198369452007,0.9750544700055472,True
0.0032660102108225835,0.1186930911787735,-0.15023515431717588,0.9750843961950842,0.006264332147041814,0.9750843961950842,True
0.0032431431842551177,0.11863383481023738,-0.15005616782693437,0.9751141427401281,0.006282515875356466,0.9751141427401281,True
0.0032113778869040568,0.11862889671886262,-0.15009725387032516,0.9751251352071142,0.006551031427278182,0.9751251352071142,True
0.0032429695295525416,0.11862836856991964,-0.15011694479791768,0.975109995561141,0.006334523337262128,0.975109995561141,True
0.003237079094334966,0.1185771405253746,-0.15000473860886507,0.9751234946533478,0.006242112418196701,0.9751234946533478,True
0.0032067977647829344,0.11855672871928352,-0.14990552868483845,0.9751447518633781,0.0063643004134476735,0.9751447518633781,True
0.0032005741760794057,0.11856028873234643,-0.1498220359356804,0.9751491232417713,0.006281657022820304,0.9751491232417713,True
0.003177086664422567,0.11859963535025349,-0.14972381536148777,0.9751595651388965,0.006328870067372829,0.9751595651388965,True
0.003148738595426917,0.11866645627975901,-0.14964800684273652,0.9751671718173085,0.006426969543568977,0.9751671718173085,True
0.0031578156211667613,0.11875229449111833,-0.14962883742354358,0.9751527255205227,0.00628888656114009,0.9751527255205227,True
0.0031379849334091953,0.11886062305871475,-0.14954978743186176,0.9751534853798864,0.006312410992704221,0.9751534853798864,True
0.0031074342718456797,0.11898826119249077,-0.14949249393753786,0.9751558240735126,0.006448046816412523,0.9751558240735126,True
0.0030948085556210905,0.11918707535164132,-0.14946711101167634,0.9751407161930331,0.006439611886502727,0.9751407161930331,True
0.0030508424100978092,0.11909517903249163,-0.14944335111146845,0.9751698723115021,0.00675415373160749,0.9751698723115021,True
0.003047005793935033,0.11931141012795496,-0.14949334290046282,0.975142074106796,0.006689470271521555,0.975142074106796,True
0.0030090617539570144,0.11945691865071449,-0.14948971886961115,0.9751422942422138,0.0068933787018289035,0.9751422942422138,True
0.0029850435968156014,0.11968924249265313,-0.14953968692406558,0.9751230774594787,0.006975477951664596,0.9751230774594787,True
0.0030116567846825357,0.1198616707643561,-0.14961754527667773,0.9750883605828183,0.006750465491380851,0.9750883605828183,True
0.0029807268701322726,0.1200745286720079,-0.14962828580649393,0.9750800654738785,0.0068899288138465345,0.9750800654738785,True
0.0030070103948457772,0.120247075498795,-0.14968620866231647,0.9750489336633664,0.006667513058886881,0.9750489336633664,True
0.0030835633306445826,0.1199709668236441,-0.14972875469133118,0.9750361867210914,0.006256444975186348,0.9750361867210914,True
0.0030580118591024223,0.12005844389311833,-0.1496323878374794,0.9750506875549022,0.006333399964693107,0.9750506875549022,True
0.0031365541699825686,0.11990140439718638,-0.1497708889141788,0.9750151111597968,0.005937609985052114,0.9750151111597968,True
0.0031369635025667365,0.11990640846080734,-0.14963877504840234,0.9750305275810809,0.005836307708581939,0.9750305275810809,True
0.003109699934202406,0.1199263459727429,-0.1494724719176947,0.9750590134759165,0.005916501374330995,0.9750590134759165,True
0.003117387478848113,0.11997501224580319,-0.14937586789813015,0.9750633190418195,0.005788020732129461,0.9750633190418195,True
0.0031107616862358035,0.12004358970523837,-0.14922167677570203,0.9750778953082683,0.005737443105161145,0.9750778953082683,True
0.003096756913459812,0.12013498330673453,-0.149031716711977,0.9750979023280748,0.005731897911628839,0.9750979023280748,True
0.003065358980540732,0.12007495610456523,-0.1490821928827358,0.9751084342273415,0.0059670189689010646,0.9751084342273415,True
0.003039890009873584,0.1201915916927067,-0.14898233255853366,0.9751197541918418,0.006056486896759847,0.9751197541918418,True
0.003025943427667318,0.12037251695275752,-0.14890666237290512,0.9751171681751597,0.006050277681617022,0.9751171681751597,True
0.003019143551112306,0.12060931005153501,-0.14883626750233658,0.9751092373892142,0.006011497489264587,0.9751092373892142,True
0.0029968554297647026,0.12085263521596651,-0.14875558907986952,0.9751076294713514,0.006100024547076916,0.9751076294713514,True
0.0030660743806997064,0.12042316440967524,-0.1488731969408443,0.9751002424628439,0.005733634905605842,0.9751002424628439,True
0.003037456287178008,0.12038403362778533,-0.1488896346965026,0.975111876807025,0.005947761687320815,0.975111876807025,True
0.0030285722507358867,0.12048846231716721,-0.14880720484801016,0.9751179930830152,0.005897938145913988,0.9751179930830152,True
0.0030080757645378664,0.12063350094936723,-0.14871017103784165,0.975127417259919,0.005945218878584517,0.975127417259919,True
0.0030023306550339764,0.12084702504469134,-0.14864748389233204,0.9751200640178456,0.0058967444925330835,0.9751200640178456,True
0.002980954549131449,0.1210524214022288,-0.1485769072693495,0.9751239549583121,0.005966356087889177,0.9751239549583121,True
0.003022156623268837,0.12091190654206042,-0.1486284690478478,0.9751103513086689,0.005730917864132601,0.9751103513086689,True
0.0030362777039645438,0.12097181983373809,-0.14859408513449068,0.9751060167195,0.005603277552420407,0.9751060167195,True
0.003025351802117197,0.12108815164977528,-0.1484195063853032,0.9751242837397072,0.005575762240550533,0.9751242837397072,True
0.003007503121640836,0.1208697380365379,-0.14857947364496907,0.9751268928527649,0.005792350166758648,0.9751268928527649,True
0.002982915592768703,0.12097404606282743,-0.14850027268900723,0.9751405592967923,0.005876198776629162,0.9751405592967923,True
0.002996431025832239,0.12108207192942892,-0.14847326827196686,0.975127659436024,0.005732903131856076,0.975127659436024,True
0.0029674019272067404,0.12114083234684393,-0.148428250240656,0.9751455499912437,0.00585611896597924,0.9751455499912437,True
0.002946901668738567,0.12127705775830576,-0.14837941564026216,0.9751534494780351,0.005894704809881673,0.9751534494780351,True
0.002895467329958404,0.1210403934909587,-0.14836813312945932,0.9751865189995523,0.006347850722230399,0.9751865189995523,True
0.002852873260674425,0.12108846812039051,-0.14835958995908216,0.9752023372481511,0.00658217353121448,0.9752023372481511,True
0.0028304743551544782,0.12120482749503339,-0.14844443456248083,0.9752001673756737,0.006613808431812991,0.9752001673756737,True
0.0029022142442464444,0.12112232875071606,-0.1484458380359585,0.9751744538621262,0.006193180996743507,0.9751744538621262,True
0.0029076903097177,0.12117658186379772,-0.14844597946472946,0.97517546322448,0.006061589437973777,0.97517546322448,True
0.003137706809533299,0.12054557232736204,-0.148941760281841,0.9750035597008535,0.005483906588008503,0.9750035597008535,True
0.0031054758561703823,0.12032301358678806,-0.1486851177597171,0.9750669659709994,0.005529887765423008,0.9750669659709994,True
0.0030702586464259884,0.12026509024544187,-0.14858187337625073,0.9750988524284514,0.0057096877818999916,0.9750988524284514,True
0.0030561833268550813,0.12011933453330612,-0.1484281449514442,0.975137062709538,0.005661696633909337,0.975137062709538,True
0.003033575198551955,0.1200580848314205,-0.14831890082662036,0.9751646447218119,0.005731143944466117,0.9751646447218119,True
0.003150784427850819,0.12034330299211977,-0.1487651319704628,0.9750375880032252,0.0053805619136746575,0.9750375880032252,True
0.0031213327974482594,0.12012812664020563,-0.1485167144179425,0.9750953479568231,0.00540820482427171,0.9750953479568231,True
0.0031012850691666976,0.1201467000122723,-0.14853405324906543,0.9751004028079984,0.00556525998415016,0.9751004028079984,True
0.003063431219561072,0.12000970205685942,-0.14839612593668677,0.9751413268273718,0.005685016461546875,0.9751413268273718,True
0.003035461561927696,0.11987985192772864,-0.1482666780420371,0.9751760974572831,0.00571223252405106,0.9751760974572831,True
0.0030272055722358683,0.11986989900603302,-0.1482443519805162,0.9751821937571635,0.005742127686281566,0.9751821937571635,True
0.003001761948441421,0.11980758927161951,-0.14818996197914674,0.9752018696835123,0.005765160010843512,0.9752018696835123,True
0.0029923837199693822,0.11980810899240751,-0.14815665374896453,0.9752090821231358,0.00573096985956607,0.9752090821231358,True
0.0029741858487659758,0.11983261305126171,-0.14807746740153782,0.9752206517045667,0.005730903661256698,0.9752206517045667,True
0.002975549427108346,0.11986825007065857,-0.14804441065521431,0.9752199316786934,0.0056632101830484515,0.9752199316786934,True
0.002990983668899169,0.1198968220575163,-0.14799577713097153,0.9752165272346862,0.00549957598054805,0.9752165272346862,True
0.0029707854912931937,0.11985952708013382,-0.14809895024700148,0.9752172862444108,0.005731705996807236,0.9752172862444108,True
0.0029529792044163095,0.11985692653289762,-0.14806941591178915,0.9752270990630612,0.005801963695362484,0.9752270990630612,True
0.002931644936096231,0.11984901208550279,-0.14803990730435654,0.9752382219715673,0.005807677153177211,0.9752382219715673,True
0.0029284037962965213,0.11989767138194009,-0.1480291648261776,0.9752359312980426,0.005732150337990027,0.9752359312980426,True
0.0029123616111314705,0.11997074624015533,-0.14797383881692094,0.9752417015230738,0.005730475600724204,0.9752417015230738,True
0.0028973633391592853,0.12006159655027995,-0.14792310877187076,0.9752466972413135,0.005739828974615448,0.9752466972413135,True
0.0029180969767252673,0.12003094220661842,-0.1479439306525318,0.9752377868751398,0.0056288639431499084,0.9752377868751398,True
0.002913421452278335,0.11994866771994092,-0.1480704914562641,0.9752312822562387,0.005802668590164272,0.9752312822562387,True
0.0029360865299344276,0.11994979842690513,-0.14808526775855171,0.9752198661144799,0.005700298452356861,0.9752198661144799,True
0.0029118487963577556,0.11988896749784654,-0.1479795660259699,0.9752472972759024,0.0057244000559942285,0.9752472972759024,True
0.0028982083840495133,0.11989118869731942,-0.1478916560797833,0.9752632437183233,0.005690037968497346,0.9752632437183233,True
0.0028827108002966767,0.11992284532705622,-0.14783038160994838,0.9752737313326699,0.005729647973905491,0.9752737313326699,True
0.0028687840714703796,0.11998105626581891,-0.14778487542094512,0.9752799004961807,0.005720572483924389,0.9752799004961807,True
0.002904565476025915,0.11997893968986582,-0.1478151931307337,0.9752631742603383,0.00548809343237015,0.9752631742603383,True
0.00305496292801412,0.119827807277763,-0.14854470076620713,0.9751267771307259,0.005071305516119862,0.9751267771307259,True
0.003480855807460579,0.12223411167944398,-0.1521309321787952,0.974355706910085,0.00431231614603109,0.974355706910085,True
0.0034700973993560436,0.12197758509398886,-0.15190003801450308,0.9744055501271845,0.004262214861485774,0.9744055501271845,True
0.003539307550454279,0.12308560114977561,-0.15304275906016512,0.97417813179741,0.004384925419473222,0.97417813179741,True
0.0035509494321133797,0.12354778513416827,-0.1532900036722357,0.9741200293460126,0.004534774787412305,0.9741200293460126,True
0.0035330870502906894,0.12318052372609414,-0.15317180023843965,0.9741589092901208,0.004473609991933456,0.9741589092901208,True
0.003659593616749357,0.12425908039465991,-0.15364063523577834,0.9740138314945838,0.0042308665531513735,0.9740138314945838,True
0.003640882282197059,0.12421712282818671,-0.1536052793144291,0.9740270283231586,0.00433027864635855,0.9740270283231586,True
0.003603559504379874,0.12380032786542697,-0.15342712409504516,0.9740739816403537,0.0043468095697237145,0.9740739816403537,True
0.003614171598304289,0.12415157119460977,-0.15357725793256083,0.97405230601873,0.004501857306979781,0.97405230601873,True
0.0036220621925077876,0.12406406060786797,-0.15357663362071272,0.9740474916588399,0.004392080675449957,0.9740474916588399,True
0.0035871439215532912,0.12377435889679259,-0.15348753426349368,0.9740712900626098,0.004434874316822905,0.9740712900626098,True
0.0035631293710424302,0.12353688406004637,-0.15343232938465046,0.974076336932821,0.0044064989759809055,0.974076336932821,True
0.003536927469627412,0.12347515114658263,-0.1533967822968194,0.9740846780861099,0.004514695230189367,0.9740846780861099,True
0.003506604726282563,0.1233770360107981,-0.1533911771540425,0.9740818811465954,0.004597899417075043,0.9740818811465954,True
0.0034839593740566936,0.12324837241242254,-0.15343444066978643,0.9740601828838068,0.004571503149817283,0.9740601828838068,True
0.003455391222421151,0.1232062151353675,-0.15346681523642708,0.9740385518098287,0.0046241401584415365,0.9740385518098287,True
0.003487858316153869,0.12320959311946,-0.15347605006716356,0.974030804386365,0.004442012462419626,0.974030804386365,True
0.0034686455023724668,0.12316716602680582,-0.1534741574156466,0.9740073408722582,0.004418889224861926,0.9740073408722582,True
0.003456687469015375,0.12318438526093567,-0.15346971006933802,0.9739780201321875,0.004365164579326751,0.9739780201321875,True
0.003557789227111717,0.12296122641212946,-0.1535465553000605,0.9740589805848189,0.004098468732211066,0.9740589805848189,True
0.003532764599198141,0.12285987015092394,-0.15339187071179497,0.9740663804877453,0.004105764538266171,0.9740663804877453,True
0.003518528621537255,0.12286577169620587,-0.15344363840012065,0.974082347732723,0.004269714511656625,0.974082347732723,True
0.003492087368412029,0.12283401651113969,-0.15338954738671987,0.9740671620039442,0.004298522287742044,0.9740671620039442,True
0.0034764063811495685,0.12279841601865257,-0.15338369300539298,0.9741073194577953,0.004504390464148471,0.9741073194577953,True
0.0034629955112961425,0.12279091384118163,-0.15344785623991652,0.9740713616016469,0.0044542034802653565,0.9740713616016469,True
0.0034342798797719564,0.12281801090318084,-0.1534603345466478,0.9740588311357866,0.004568012025154571,0.9740588311357866,True
0.0034044356961742787,0.12284103655224846,-0.1534799386909747,0.9740516228873398,0.004709251756573285,0.9740516228873398,True
0.003380089635609804,0.1229135671740229,-0.15361659600530103,0.9740004112391946,0.0047281752332902355,0.9740004112391946,True
0.003387772758828282,0.12299295412609984,-0.15372998078033864,0.9739538611872524,0.004603191335777418,0.9739538611872524,True
0.003388170333022372,0.12310374777919737,-0.15382471857690963,0.9739039297540343,0.004510115027470226,0.9739039297540343,True
0.003362671549417903,0.12294483369773332,-0.1537255210757613,0.9739762784157829,0.004792798358092085,0.9739762784157829,True
0.0033419618556320115,0.12303450110464986,-0.15387172131621868,0.9739239836836421,0.0047916549477949304,0.9739239836836421,True
0.0033280522367491383,0.12319560444874372,-0.1540267577600398,0.9738633137619783,0.004764975618529455,0.9738633137619783,True
0.0033432875341666366,0.12331657437407811,-0.15411961184667033,0.9738184092178773,0.004612017426285346,0.9738184092178773,True
0.0033096541692657724,0.12292843712360367,-0.153907755511822,0.9739502046274405,0.005040854059383414,0.9739502046274405,True
0.003310927726446678,0.12302852315429726,-0.15409009488379516,0.9738910565502805,0.0049110983573680995,0.9738910565502805,True
0.003302582303259572,0.12316363887316696,-0.15424482996292804,0.9738365082299038,0.0048465237180353275,0.9738365082299038,True
0.003257504705068901,0.12304289658439962,-0.15411581960281104,0.9738981255576591,0.005205612179083371,0.9738981255576591,True
0.003246126704640099,0.12318153520306725,-0.15432899857692353,0.9738372852017751,0.005150628904701856,0.9738372852017751,True
0.00326881369541157,0.12332315050522502,-0.15449481426651068,0.9737793098551253,0.004929882320607205,0.9737793098551253,True
0.0032144123932263393,0.12312696586185726,-0.15429838520382858,0.9738624701253411,0.005383169387509925,0.9738624701253411,True
0.003193147612884216,0.12323515460807656,-0.15448601557143357,0.9738206493591752,0.005413104745869901,0.9738206493591752,True
0.0031993759458475413,0.1233773881345105,-0.15470642848307375,0.9737624913941327,0.005271815328370956,0.9737624913941327,True
0.003195721242421806,0.12355069773862132,-0.15490458613582664,0.9737074574418578,0.0051831553839781245,0.9737074574418578,True
0.003193382194242748,0.12377201207119422,-0.15508306861380047,0.9736505496601088,0.005093701974685125,0.9736505496601088,True
0.003259925837617576,0.12357085007903462,-0.1550043163290876,0.9736628202766061,0.004739851914523454,0.9736628202766061,True
0.0032415466403519907,0.12368876453929963,-0.15503101107251582,0.973646270549381,0.004750853450458425,0.973646270549381,True
0.003258170360071749,0.12383470176334042,-0.15508619360820314,0.9736118314378209,0.004575705991960897,0.9736118314378209,True
0.003338268117689124,0.12347969280924402,-0.15510218241584278,0.9736293358913636,0.004266002531229397,0.9736293358913636,True
0.0033799588913013914,0.12348048323759445,-0.15516730576045487,0.9736080531840585,0.004044072537631051,0.9736080531840585,True
0.003354474585070538,0.12352007947207279,-0.15528869267018386,0.9736078487394404,0.004317208322879715,0.9736078487394404,True
0.0033381318915118733,0.12342762889482772,-0.1551962566680863,0.9736227156312377,0.004269905515494348,0.9736227156312377,True
0.0033091239336216862,0.12345677539668964,-0.1552918312166344,0.9736354862029241,0.0046536313382241545,0.9736354862029241,True
0.003295688862770095,0.12336797502288714,-0.15530258471014446,0.9736362193274442,0.00458535219971719,0.9736362193274442,True
0.003270378302653991,0.1233507272011893,-0.15529827106388286,0.9736394215456124,0.004629335277204423,0.9736394215456124,True
0.0032620828803698134,0.12336463379532424,-0.15533370772883084,0.973625796951673,0.004547265895802259,0.973625796951673,True
0.0032466373965662826,0.12343783259595426,-0.1553557978165489,0.973612985558072,0.004529070705071905,0.973612985558072,True
0.003237996631210964,0.12357143815101228,-0.1553969147772669,0.9735903462675961,0.0044726896413999715,0.9735903462675961,True
0.003226851515068863,0.12376589650613698,-0.15543479846526626,0.9735650933836298,0.004449340525142341,0.9735650933836298,True
0.0032479197506962232,0.12393773881023008,-0.1554875957123006,0.9735308828004413,0.004259699526719486,0.9735308828004413,True
0.003198829529910591,0.12380731159784741,-0.15544636801347428,0.9735694756133517,0.004615435495748322,0.9735694756133517,True
0.0032706109924719945,0.12361493700447244,-0.15541459620910106,0.9735677157202065,0.004268953853154167,0.9735677157202065,True
0.003357782970811821,0.12353545847966518,-0.15555454016877168,0.9735319100726043,0.003939349632512223,0.9735319100726043,True
0.0033459818298584615,0.1237512242962191,-0.15593566870722028,0.9734837117353627,0.0043708596774327145,0.9734837117353627,True
0.0033544088270100222,0.12365682643489445,-0.15591680411673087,0.9734859407895203,0.004220454172588545,0.9734859407895203,True
0.0033655532266028505,0.1235653226995638,-0.15588495462987478,0.9734905893876251,0.004062278333190441,0.9734905893876251,True
0.0033822852320191787,0.12350370543872022,-0.1558468622156619,0.9734944920619574,0.003894076223018046,0.9734944920619574,True
0.003356288497611097,0.12339212042729687,-0.15569398552146593,0.9735228544480166,0.003916497074417231,0.9735228544480166,True
0.0034622681480625515,0.12356611912357755,-0.15607821846283282,0.9734422528230046,0.0036058280464264913,0.9734422528230046,True
0.0034317387515613714,0.12340509810609947,-0.1558733409690154,0.973485994001169,0.003664933761927436,0.973485994001169,True
0.003403494129433797,0.1233615422755166,-0.15579999182395352,0.9735070250701839,0.0038038917074513286,0.9735070250701839,True
0.003382963867981702,0.12344326002309343,-0.15586154852132106,0.9735071901688004,0.004026977888036006,0.9735071901688004,True
0.003455184800171523,0.12363431643991157,-0.1559522517089767,0.9734658730658022,0.0037565103352696135,0.9734658730658022,True
0.0035841711885871977,0.12424484193126759,-0.15640101544151605,0.9733434510464083,0.0034229363313523766,0.9733434510464083,True
0.003549207135856164,0.12402533531003847,-0.1562145130289935,0.9733901584302159,0.003507643714566733,0.9733901584302159,True
0.0035161345972926743,0.12387347073126258,-0.1560840490747141,0.9734222417839636,0.00360968121687493,0.9734222417839636,True
0.0034901194848698546,0.12383349849656992,-0.1560446042277719,0.9734384962687908,0.0037480574992945024,0.9734384962687908,True
0.0034640119663561725,0.12362281788558442,-0.1559698432226932,0.9734568779870341,0.0037411746646518335,0.9734568779870341,True
0.0034438703153061843,0.12349349383407393,-0.1559052073273575,0.9734636859337498,0.0037138868020583525,0.9734636859337498,True
0.0034135788871538244,0.12349055411830678,-0.15587431775432103,0.9734727889535106,0.003875098604924753,0.9734727889535106,True
0.0034197085828264278,0.1234458485417703,-0.1558812663348742,0.9734619357475238,0.0037496468508191375,0.9734619357475238,True
0.003439011999231161,0.12343532245140625,-0.1558895328579644,0.9734488020839943,0.003595167816834151,0.9734488020839943,True
0.0034757261406199932,0.12346075649959724,-0.1559458377927394,0.9734331771597828,0.003412179367505174,0.9734331771597828,True
0.00344976095895329,0.12335622061399897,-0.15578252455898076,0.9734514209209387,0.0034289203540240052,0.9734514209209387,True
0.0034727578636977448,0.12335497748747881,-0.15579425714978087,0.9734410932148282,0.0032793534384897766,0.9734410932148282,True
0.0035570941810406202,0.12346606396118025,-0.15617518506956843,0.9733941585745115,0.0030185526964162084,0.9733941585745115,True
0.003554456753785952,0.12338136543971821,-0.1560407438317866,0.9734081046101436,0.0029503668000999046,0.9734081046101436,True
0.003528618489170418,0.12325926538766414,-0.15578793110692468,0.9734376781036342,0.002969290889483127,0.9734376781036342,True
0.003501706637734077,0.12323705619785195,-0.1556087311740832,0.9734533437992052,0.003044143610498896,0.9734533437992052,True
0.0035743301420607873,0.12321395875247064,-0.15594305873723027,0.9734342937078959,0.0027960328631954612,0.9734342937078959,True
0.0035534146701940777,0.12319300038304673,-0.1558836350041858,0.973446284428655,0.002899712480698616,0.973446284428655,True
0.0035957666574431522,0.12324669184472553,-0.15601893820284268,0.9734288545839067,0.0027308837709647616,0.9734288545839067,True
0.003568232143401178,0.12312912519120335,-0.1557977535951246,0.9734490805383628,0.002758107031759527,0.9734490805383628,True
0.0035690528164239463,0.12311099006558013,-0.15571697770683016,0.9734446859488864,0.002689473480185048,0.9734446859488864,True
0.0035426153713197833,0.1230889364438194,-0.1555260734072061,0.9734516369434956,0.002740179496054349,0.9734516369434956,True
0.0035295357344578013,0.12307214694582208,-0.15557890141615607,0.973466232774793,0.0028702235313987938,0.973466232774793,True
0.0035475931036091104,0.12307662993419814,-0.15558146604010842,0.9734556596235441,0.0027471459832493633,0.9734556596235441,True
0.0035240701989109904,0.12307327083418879,-0.1555280739878779,0.9734580547131634,0.002846845203660187,0.9734580547131634,True
0.0035262378231853547,0.12308287937284576,-0.15549885889270815,0.9734392884649362,0.0027645058239391474,0.9734392884649362,True
0.0035014944792923497,0.12310204844276432,-0.15541309522452426,0.9734233464779632,0.0028078711825647246,0.9734233464779632,True
0.00349852034748746,0.1229844901158535,-0.15547447416870755,0.9734848321372175,0.002995040419098806,0.9734848321372175,True
0.003477155970576372,0.12301110216761094,-0.15551511425626782,0.973442646618388,0.002992966830521078,0.973442646618388,True
0.0035232729627686955,0.12292028429262639,-0.1554948064687038,0.9734735099230085,0.002803139426165804,0.9734735099230085,True
0.0034971393553114424,0.12292738070352924,-0.15544224969421688,0.9734560883320302,0.0028519793033865127,0.9734560883320302,True
0.0034749654189342497,0.12299334053121207,-0.1554272522261616,0.9734205348900111,0.0028710253143149106,0.9734205348900111,True
0.003525472837704167,0.12285828659168536,-0.15544167122980823,0.9734511888594761,0.002658511378683132,0.9734511888594761,True
0.0035398863587155997,0.12286520219173644,-0.15543597349666652,0.9734386950695972,0.0025435696037719164,0.9734386950695972,True
0.0035183638249293553,0.12287959845695277,-0.15530809160530976,0.9734266482884307,0.0025549800506088783,0.9734266482884307,True
0.003500435094739425,0.1229818062767597,-0.15520184530799738,0.9734009336191268,0.002561591347954021,0.9734009336191268,True
0.003514876691784043,0.12302481909282686,-0.15519671194208678,0.9733828022639321,0.0024483872108628686,0.9733828022639321,True
0.003500284924487252,0.12293269296680322,-0.15526180685555363,0.9734132445024736,0.002605263697631838,0.9734132445024736,True
0.0034807242202020633,0.12289606752503822,-0.15525661220298742,0.9734364147289061,0.0027617700376479106,0.9734364147289061,True
0.003462378907916073,0.12286091210283576,-0.15522762270745782,0.9734671022633313,0.002932306729333181,0.9734671022633313,True
0.003451778533623415,0.1229210661993528,-0.15532837724452234,0.9734155396805301,0.0028799791986568748,0.9734155396805301,True
0.003435901233696669,0.12302799007949337,-0.15541962532893988,0.9733576790493238,0.0028575936978615622,0.9733576790493238,True
0.003409784189020138,0.1229410826010432,-0.15535423793491365,0.9734036158596783,0.0030713440400188335,0.9734036158596783,True
0.003447119358453275,0.12289559742338058,-0.1553198366858499,0.9734112190779508,0.00287263953956576,0.9734112190779508,True
0.003422475225672293,0.1229517069092327,-0.15536596570875424,0.973376694235451,0.0029156099870538596,0.973376694235451,True
0.003396078617697061,0.12294591929308293,-0.15534214213725792,0.9733921194961035,0.0030909178253339204,0.9733921194961035,True
0.003385402150141154,0.12304891432495849,-0.15549610545798392,0.9733294219007548,0.0030379927625606325,0.9733294219007548,True
0.0034009436427776918,0.12312151311708595,-0.15557856699623973,0.9732900033372917,0.002890926263846198,0.9732900033372917,True
0.003390176383899646,0.12269758251681247,-0.15528629623322163,0.9734834845122232,0.0033271682109181563,0.9734834845122232,True
0.003362408065764934,0.12271614992321196,-0.15543664687404718,0.9734431750197716,0.0033824740756883444,0.9734431750197716,True
0.0033351669277353188,0.1227672645140354,-0.15562171576767564,0.9733952632012841,0.0034385904230487675,0.9733952632012841,True
0.00330659628729848,0.12285689201345264,-0.15582995550694562,0.9733395240144932,0.003499133759657007,0.9733395240144932,True
0.003285141633277677,0.12299948339572499,-0.15609333233099174,0.9732666524060875,0.0035094629100466037,0.9732666524060875,True
0.0033473827727690266,0.12285911129228713,-0.1559420614062567,0.973299525925664,0.0032012222636018848,0.973299525925664,True
0.003315301886274428,0.12292216407600791,-0.15601322892125907,0.973274677563059,0.0033065128720936973,0.973274677563059,True
0.0032914731662093194,0.12303463087508318,-0.15616006411985545,0.9732274558393874,0.0033352123375322354,0.9732274558393874,True
0.0032748743241668805,0.1226058573413059,-0.15574951135100087,0.9733900150811013,0.003692276585388547,0.9733900150811013,True
0.0032580847689749723,0.12270003201519379,-0.1560087217523717,0.9733285131539736,0.003669567938814991,0.9733285131539736,True
0.003246171430688835,0.1228343342872588,-0.15624232765553042,0.973265921260115,0.003624273127164343,0.973265921260115,True
0.003209397001299902,0.12291216990010558,-0.15632375803739781,0.9732517917792229,0.0038036010239213395,0.9732517917792229,True
0.0031695906876389158,0.12295805242693533,-0.1563706782289321,0.9732520923377388,0.004022962460760708,0.9732520923377388,True
0.0031582638621085444,0.12313152856470262,-0.1566640715565223,0.9731834965281838,0.003973989724865535,0.9731834965281838,True
0.00313389454897892,0.1233309544091976,-0.15691930031426832,0.9731246974873817,0.0040190239966299375,0.9731246974873817,True
0.0031216994921030076,0.1235826339600504,-0.15719262806145795,0.9730568616788772,0.00399445995044357,0.9730568616788772,True
0.003173065090528769,0.12357278564816007,-0.15722517887484047,0.9730344218475815,0.003681715725603949,0.9730344218475815,True
0.003163639993843834,0.12377356885475484,-0.15736742034314957,0.972991640106317,0.003640943466733708,0.972991640106317,True
0.003151859985231503,0.12402103378898183,-0.15749191668033952,0.9729479948825128,0.0036210250701346875,0.9729479948825128,True
0.003094927264006431,0.12376213106805709,-0.15733323163722118,0.9730188889673865,0.0040417198883109795,0.9730188889673865,True
0.003054836495309953,0.12389508553500289,-0.157419235440292,0.9730083386750744,0.004240890898008546,0.9730083386750744,True
0.003066548757248534,0.12410091771692763,-0.15763686570284027,0.9729568304115321,0.00409048947828804,0.9729568304115321,True
0.0030860668549361095,0.12428286567116165,-0.15779180620339028,0.9729125650786347,0.0039015505490234883,0.9729125650786347,True
0.0031736014484559875,0.12396291974073978,-0.15766272126328043,0.972923657592867,0.0034906647813810992,0.972923657592867,True
0.0031286732733772434,0.12389486982201459,-0.15763819330983858,0.9729505324381529,0.0038740493137459325,0.9729505324381529,True
0.0032280891169685637,0.12388640110393617,-0.15758888371912713,0.972918562982422,0.0034867995712564667,0.972918562982422,True
0.0032184154060267084,0.1237770151671072,-0.1575155792822908,0.9729398599534527,0.0034069720876703452,0.9729398599534527,True
0.003182616903390208,0.12379562095538885,-0.15750117797914742,0.9729520190974505,0.003652301784414202,0.9729520190974505,True
0.003145203198560899,0.12382134091034679,-0.1574816448193976,0.9729691740426254,0.003947603455813982,0.9729691740426254,True
0.003124202962164469,0.12370426123235823,-0.15752074436330704,0.9729818142434279,0.00392184866671875,0.9729818142434279,True
0.003081579058949292,0.12370395288431725,-0.15749826620853244,0.9729996206198334,0.004173485318140212,0.9729996206198334,True
0.0030449466565929378,0.12364488942877802,-0.15756258251823324,0.9730147606985503,0.004281871953144494,0.9730147606985503,True
0.00301499923141234,0.12361811494331847,-0.15767285273326,0.9730181828939704,0.004327504366640446,0.9730181828939704,True
0.003049147585912901,0.123630640767621,-0.15773727055025324,0.9729973583489495,0.004077899761273469,0.9729973583489495,True
0.00303939184201596,0.12362966347896505,-0.15777960724440995,0.9730006489920296,0.0040158854463132505,0.9730006489920296,True
0.0030122129310596406,0.12365689927420495,-0.15778741306641592,0.9730117436629973,0.00406183230455168,0.9730117436629973,True
0.0029811362251479087,0.12373178620857499,-0.15780391742413286,0.9730217205305768,0.004151932265175681,0.9730217205305768,True
0.003071235349958372,0.1236134817943149,-0.15780837009311435,0.9729878581273458,0.003703336483613143,0.9729878581273458,True
0.00302956489136258,0.12360894475409022,-0.15778340806604804,0.9730068263204189,0.003970896506953818,0.9730068263204189,True
0.003095687087946456,0.12362694926603043,-0.15782939510340227,0.9729701032377893,0.0036278673101209848,0.9729701032377893,True
0.0031093779596932654,0.12358200548742243,-0.1577906208114801,0.9729758533300751,0.003467311239301176,0.9729758533300751,True
0.003089480064027566,0.1235024024542674,-0.1576591791177181,0.9730118787788279,0.0034601814328128443,0.9730118787788279,True
0.0030691528417000876,0.12349248012901129,-0.15752946292573022,0.9730413464458996,0.0034673986866717494,0.9730413464458996,True
0.0030315747062799,0.12341200859266363,-0.15764817661370664,0.9730409965926219,0.003852769334082003,0.9730409965926219,True
0.003098333491063302,0.12342788138316199,-0.15771118265197873,0.9730034926930673,0.0035224773371225716,0.9730034926930673,True
0.003075495322300842,0.12334023802877664,-0.15758749756592522,0.9730380630291009,0.003523253154408995,0.9730380630291009,True
0.0030388405916777156,0.12334498784860744,-0.15760187300130468,0.9730485758122152,0.003806174542805884,0.9730485758122152,True
0.003101344847652816,0.12337424304196687,-0.1576647902371659,0.9730123429021251,0.0034898440686307614,0.9730123429021251,True
0.003076466527821313,0.12326784570906263,-0.15753534462789912,0.9730494564669919,0.003500897893931331,0.9730494564669919,True
0.003072314358658237,0.12323806071479476,-0.1574497035551308,0.9730662123197131,0.0034185817062150617,0.9730662123197131,True
0.0030594167836609015,0.12323535381728715,-0.15733297165394697,0.9730894236223728,0.003387107833132127,0.9730894236223728,True
0.003024094509539162,0.12316526168134895,-0.15747311125199143,0.9730888012900833,0.0037592645898702065,0.9730888012900833,True
0.0029838676246981867,0.12315446256950792,-0.15743323246794164,0.9731100743814763,0.003972518663703534,0.9731100743814763,True
0.002961602781934224,0.12313092348370573,-0.15743635666907477,0.9731246508041297,0.003978024894445514,0.9731246508041297,True
0.0029541425202063115,0.12316806377188635,-0.15745510445467417,0.9731273924675315,0.003915475568243003,0.9731273924675315,True
0.002925878322658852,0.12323558795587558,-0.15743715314578913,0.9731400415958436,0.003988848960259061,0.9731400415958436,True
0.0028915562055233644,0.12333058732962471,-0.15743034046940402,0.9731518801224875,0.0041214949618396295,0.9731518801224875,True
0.0028464103728333455,0.12338219468413861,-0.15741483541776682,0.9731703557562705,0.004362647640181952,0.9731703557562705,True
0.0028140971655787233,0.12350823327131034,-0.15747137059287394,0.9731750123611983,0.004465675517395659,0.9731750123611983,True
0.0027699033642698168,0.12362888001606925,-0.1575064398893585,0.9731862712224671,0.004671916618367917,0.9731862712224671,True
0.00276135545795514,0.12380590653262741,-0.15761364372759093,0.9731748416466829,0.004634814151790162,0.9731748416466829,True
0.0028529858348773536,0.12362685569768533,-0.1575982680745443,0.9731424652138483,0.0041444392278800505,0.9731424652138483,True
0.002849641566168363,0.12369573215606322,-0.1575684846226288,0.9731536540743778,0.004067836440988382,0.9731536540743778,True
0.002844972077897003,0.12379465421682655,-0.15751753477063205,0.9731661776943115,0.004001912400250863,0.9731661776943115,True
0.0028151497004907304,0.12390502841793732,-0.15744565816307748,0.9731884532174514,0.004114460629281338,0.9731884532174514,True
0.0027663125358021803,0.1238990127226729,-0.15741048410509934,0.9732121776305076,0.004418663384022647,0.9732121776305076,True
0.002730728218708276,0.12400531349005288,-0.15739797915445103,0.97323209739285,0.0045637151509151435,0.97323209739285,True
0.0027310504718744415,0.12415185351935185,-0.1574347694061558,0.973232564638928,0.004475303463053757,0.973232564638928,True
0.0026801999000658273,0.12344997383863696,-0.15734752900180454,0.9732463422100618,0.005138193523111803,0.9732463422100618,True
0.003019818002260204,0.12297347659689475,-0.1562527679581204,0.9730661753210373,0.004246337936195251,0.9730661753210373,True
0.0030409324158155453,0.12396513007287216,-0.15686744910205563,0.9728584300079465,0.004709111653725528,0.9728584300079465,True
0.0030903725890276466,0.1254697365751962,-0.15709719428988853,0.9726400506945404,0.005162957049976847,0.9726400506945404,True
0.0031236093958781617,0.12681475739852843,-0.15694397427882936,0.9724992967474086,0.005565247155715206,0.9724992967474086,True
0.0031585545838827634,0.12690870230788368,-0.1569452750813136,0.9724751609653118,0.00538469207185954,0.9724751609653118,True
0.003131670492465063,0.12667735708850159,-0.15695117322509627,0.9725094303749041,0.005452414190953292,0.9725094303749041,True
0.0030943692299305863,0.126104204886048,-0.15703445261402407,0.9725754140560294,0.005431026894022677,0.9725754140560294,True
0.0030486422046209173,0.12573352362359713,-0.1570807061420098,0.9726303833972592,0.00553811702695592,0.9726303833972592,True
0.003022835699824922,0.12579588277623732,-0.15703761906165242,0.9726365938219211,0.005730729986880388,0.9726365938219211,True
0.0029865097649029006,0.1253253002527115,-0.15719952351249553,0.9726909077918378,0.00573109570136337,0.9726909077918378,True
0.002948875732947902,0.12523752358140353,-0.15720187511307313,0.9727129177727053,0.005910630667626277,0.9727129177727053,True
0.00290030193304851,0.12490435752243172,-0.15734948049361258,0.9727586312528468,0.006037673133544586,0.9727586312528468,True
0.0028788200058126458,0.12453798647757723,-0.15756138035609119,0.9727931752640775,0.005959830276419995,0.9727931752640775,True
0.002824097236725619,0.12438341852749403,-0.15760679170752115,0.972831282027858,0.006204168223797625,0.972831282027858,True
0.0028522478687090895,0.12423724781536635,-0.157745019379797,0.9728276030845712,0.005929943034935056,0.9728276030845712,True
0.0028599139160076113,0.12401410700113495,-0.1578666812050522,0.9728468970957443,0.005737076265845129,0.9728468970957443,True
0.0028313275696028616,0.12375932020639532,-0.15794405899850428,0.9728925350118302,0.0057339911600428365,0.9728925350118302,True
0.0028055448284603204,0.12357746664498724,-0.15803411016971125,0.9729329210633557,0.00573073618053814,0.9729329210633557,True
0.0027824476969563285,0.12342585354193801,-0.15807418721292413,0.9729733179716115,0.00573180859883505,0.9729733179716115,True
0.002760855907402521,0.12333213713906586,-0.1581393553374598,0.973008551538916,0.00571964221616061,0.973008551538916,True
0.0028226893633153016,0.12336012534385644,-0.15815643840872867,0.972968099786033,0.0053964015288504585,0.972968099786033,True
0.0028020806089918567,0.1232731222469941,-0.15811732879133827,0.97300824146523,0.005419980409488758,0.97300824146523,True
0.0027798055615360167,0.12319373780376004,-0.15808063464503427,0.9730540789513448,0.0054277578051655714,0.9730540789513448,True
0.0027622387640341734,0.12315825820541151,-0.15805499230117773,0.9730929777456847,0.005408479444102332,0.9730929777456847,True
0.0027462600353722203,0.12317474994374002,-0.158027580392274,0.9731290417029557,0.0053966291987671096,0.9731290417029557,True
0.002753670308985868,0.12323460036516662,-0.15802100110601547,0.973145446676539,0.005271364601943142,0.973145446676539,True
0.0027245180365381098,0.12325775773386345,-0.1579789637956255,0.9731703592096398,0.005418815110428227,0.9731703592096398,True
0.002689925842296736,0.1233029834169853,-0.15794762010354577,0.9732067376644957,0.005558735893882443,0.9732067376644957,True
0.0027295639032569787,0.12330267731078035,-0.15797649236641992,0.9731871428255321,0.005317651500740619,0.9731871428255321,True
0.002702588088584382,0.12331413134588735,-0.1578981472516711,0.9732333862856763,0.005386844096254201,0.9732333862856763,True
0.0026839504176148755,0.12336058749540467,-0.15784421362656229,0.9732692809953002,0.005412089083459239,0.9732692809953002,True
0.002667941820693703,0.12343709895900011,-0.15780181819459227,0.9733083026963509,0.005415679532119576,0.9733083026963509,True
0.0026491859305829988,0.12355301576918463,-0.1577584277378029,0.9733414578195516,0.0054582268615556906,0.9733414578195516,True
0.0026928869978377957,0.12354552998096896,-0.15779187253124263,0.9733178891400946,0.005193648745036352,0.9733178891400946,True
0.0026907001643355017,0.12362364030882202,-0.15769850634093116,0.973355998841093,0.005116240858442579,0.973355998841093,True
0.0026435407690545776,0.12364852790331092,-0.15764133981187695,0.9733864678927667,0.005387506304695244,0.9733864678927667,True
0.0026535261295449015,0.1237419934623276,-0.15759650537574987,0.9734134055774322,0.005249796765154542,0.9734134055774322,True
0.0026894672480098866,0.12383971009845347,-0.15756833181686294,0.973419319701502,0.004965864603149062,0.973419319701502,True
0.002688744031918049,0.12395575380392825,-0.15745362803042767,0.9734582236322835,0.004887081772798936,0.9734582236322835,True
0.0026614259318586434,0.12407702504750766,-0.1573533762626037,0.9734958700668959,0.005006718511436644,0.9734958700668959,True
0.0026662313832189265,0.12427026446900416,-0.15727229488751632,0.9735254327845687,0.004906705360887314,0.9735254327845687,True
0.002680567760723353,0.12446258753227328,-0.15721085390171094,0.9735424987371065,0.004771886142537085,0.9735424987371065,True
0.002521590901911049,0.12299537064432516,-0.15784400952036629,0.9734098594097744,0.006129581032903348,0.9734098594097744,True
0.0026763497488133162,0.12263403334410616,-0.15777632178044126,0.9730618501740367,0.005999029196834238,0.9730618501740367,True
0.002665177858647568,0.12238385141958373,-0.1575658920651239,0.9731368587388939,0.005919386540932944,0.9731368587388939,True
0.0026129905609436547,0.12256023152087163,-0.1577250615132711,0.9730993480095139,0.006376062167654521,0.9730993480095139,True
0.002599954607523245,0.12232157945219992,-0.1575956774556354,0.9731657714244066,0.006304560428025017,0.9731657714244066,True
0.0025874250480656578,0.12215562617271485,-0.1574700197604978,0.9732260142086165,0.006244509109129103,0.9732260142086165,True
0.0025105228473536103,0.12237732227653146,-0.15767784917572217,0.9731498018400828,0.007002793980827786,0.9731498018400828,True
0.0024392596632524886,0.1224040957225417,-0.1576257813082751,0.9731773665700183,0.007470931113329396,0.9731773665700183,True
0.0025572959568545507,0.12270162956820427,-0.15766389439698145,0.9730601641061376,0.006947817764265871,0.9730601641061376,True
0.002495994435754439,0.12266523623596713,-0.15760765222327217,0.9730974722905775,0.007308075917043967,0.9730974722905775,True
0.0024503070186646116,0.12255031881199806,-0.15756187720624984,0.9731413324670286,0.007526035460545414,0.9731413324670286,True
0.0025753314485655243,0.12298069923691765,-0.15763576649703182,0.9730055580393245,0.007000368293562719,0.9730055580393245,True
0.0025708633232302954,0.12268599245265828,-0.15754508351574154,0.973062861831152,0.006875277075580874,0.973062861831152,True
0.002595709758010061,0.1225540557983781,-0.1575085686365061,0.9730787615465037,0.006644255315610803,0.9730787615465037,True
0.0025618684412376086,0.12238044237167897,-0.15738037971071026,0.9731352506530777,0.0067504211363693355,0.9731352506530777,True
0.0025405966281538393,0.12214823793686305,-0.1572491703216604,0.9731985867358715,0.006731784889712844,0.9731985867358715,True
0.0024973579593008466,0.1220705079802991,-0.1571672856081768,0.9732413253782508,0.006937055033723569,0.9732413253782508,True
0.002643440147005351,0.12251391869385478,-0.15745498358088966,0.973054557275327,0.0064196763852854425,0.973054557275327,True
0.002615116114446369,0.12225685864481683,-0.15725633892971763,0.9731258593029573,0.006445287603558303,0.9731258593029573,True
0.002611607443683418,0.12209492628527742,-0.15711740282414058,0.9731696079675147,0.0063504023115179475,0.9731696079675147,True
0.0026113145638250105,0.12196947261145522,-0.15697295759381952,0.9732084772344406,0.006244910437689214,0.9732084772344406,True
0.0025764779224978877,0.12191531159294113,-0.15686223484488687,0.9732456435554199,0.00640643324179778,0.9732456435554199,True
0.002547028748846423,0.12181320930004345,-0.15671191407741833,0.9732950875005757,0.0064766420570822845,0.9732950875005757,True
0.002539240465403579,0.12174781483792677,-0.15659364137881188,0.9733296645000608,0.006412672698765243,0.9733296645000608,True
0.0025059043972576506,0.12172907914454673,-0.15647938183501856,0.9733667466697867,0.006544564294756122,0.9733667466697867,True
0.002513221183896672,0.12172515038052469,-0.15641186617687458,0.9733821930910106,0.006414661160333746,0.9733821930910106,True
0.00251156535604052,0.12173376071414085,-0.15630060689997488,0.9734068956077935,0.006328440966256251,0.9734068956077935,True
0.0025174050524390994,0.12177322136608998,-0.15619238757693085,0.9734249118087439,0.006209260075035108,0.9734249118087439,True
0.002508774206980591,0.12184313350396991,-0.1560401331262182,0.9734526299866771,0.006172285293183752,0.9734526299866771,True
0.0025522854236092922,0.12183527024559589,-0.15608246684884455,0.9734301579784519,0.005906185031157955,0.9734301579784519,True
0.0025721285350787356,0.12187467523077933,-0.15602467087449562,0.9734282679437795,0.005739243780130626,0.9734282679437795,True
0.0025653612230233636,0.12190274840824865,-0.15587110720055491,0.9734536843122457,0.0057216649787950906,0.9734536843122457,True
0.0025619618907394407,0.12195414203897108,-0.15565004187532863,0.9734868115585823,0.005661643332121336,0.9734868115585823,True
0.0025203149406259544,0.12134969319500381,-0.15683520025085498,0.9733729482063295,0.006355004238834122,0.9733729482063295,True
0.002492661164717618,0.1213235361846071,-0.15675979310598961,0.9733993221246252,0.006442337451335342,0.9733993221246252,True
0.0024426543523899274,0.12134402817010972,-0.15676742006427702,0.9734096664767546,0.006874986550579754,0.9734096664767546,True
0.002416231620382525,0.1212738171583142,-0.15677512021209997,0.9734321416305213,0.006915440318370961,0.9734321416305213,True
0.002426041938808518,0.12122555237529671,-0.15682427328883985,0.9734364475871388,0.006744376896971323,0.9734364475871388,True
0.002411909995545013,0.12120698158088056,-0.15683305524612215,0.9734530654580706,0.006711973524968922,0.9734530654580706,True
0.0023639899166037065,0.12119401313981691,-0.15678687495047727,0.9734731281073119,0.007050776534296902,0.9734731281073119,True
0.002360543405348594,0.12119363965559737,-0.1568635328430005,0.9734771472347278,0.006960892937305526,0.9734771472347278,True
0.0023029766434869937,0.12119476880140717,-0.1568386813831712,0.973508445000345,0.007281532202773846,0.973508445000345,True
0.0023282705916641386,0.12122028267056066,-0.15694321976649292,0.9734957515413352,0.00702110744190409,0.9734957515413352,True
0.0022557354797464054,0.12119673665508486,-0.15685374458041998,0.9735291285712914,0.00753087565700251,0.9735291285712914,True
0.002233484333987381,0.12118330036942632,-0.15694963278812088,0.9735445077639377,0.007555805615099285,0.9735445077639377,True
0.002213887807566932,0.12120646060522672,-0.15707283624009913,0.9735555482896974,0.007555475578906815,0.9735555482896974,True
0.0021834420231192616,0.12125122945508411,-0.15712230165836208,0.9735695696349262,0.0076913797484308,0.9735695696349262,True
0.0022200340088364048,0.12126233866196735,-0.1571696573112546,0.9735507902692386,0.007451380198786926,0.9735507902692386,True
0.0021889166783903716,0.1212890663095121,-0.15721034928709815,0.9735744421189552,0.007537794479593777,0.9735744421189552,True
0.002202827259194977,0.12132739060263478,-0.15728875264192235,0.9735764685584487,0.007370950659806039,0.9735764685584487,True
0.0022473115062383157,0.12137045324919424,-0.15734567934361246,0.9735599783412414,0.007036578305675744,0.9735599783412414,True
0.00223413649516723,0.1214124951492846,-0.15732318405250303,0.9735869889847741,0.00701709985775074,0.9735869889847741,True
0.002166386819323691,0.1213961155233901,-0.1572722185476934,0.9736213556883762,0.007445218399423432,0.9736213556883762,True
0.002136585615749944,0.12144674512463872,-0.15727841185332087,0.9736452200264132,0.007558786306671492,0.9736452200264132,True
0.0020813758623816165,0.12102694043000256,-0.156884402178454,0.973608460983121,0.00841352270393679,0.973608460983121,True
0.002036304919263911,0.12096668268209522,-0.15700162212313046,0.973641871294655,0.008583964040011592,0.973641871294655,True
0.0019299075985464021,0.12099962693768693,-0.15679243910086635,0.9736863816832375,0.009326449559251455,0.9736863816832375,True
0.0019243472838509788,0.12088987240361676,-0.15704293571939149,0.9737034799312199,0.009220237280076116,0.9737034799312199,True
0.0018670428749210295,0.12097178897334238,-0.15674372872808431,0.9737134836579945,0.009733252754408582,0.9737134836579945,True
0.00205160510130076,0.12140847506019636,-0.1560430568541969,0.9735686416149336,0.009049592433268985,0.9735686416149336,True
0.0020020721333525392,0.12128109270828215,-0.15603679018997732,0.973615153200886,0.00928079130314409,0.973615153200886,True
0.0021562479455750315,0.12162236533748007,-0.15602126189825044,0.9734839645375624,0.008532686599433879,0.9734839645375624,True
0.0020801642277755946,0.12134158488847177,-0.1559388177362647,0.9735731842156843,0.00886480256051127,0.9735731842156843,True
0.0020349371889685137,0.12117556915594593,-0.15589636478409702,0.9736280591486436,0.009049792525828344,0.9736280591486436,True
0.002040155478893435,0.12098633314740494,-0.1559149684267932,0.9736617327650545,0.008896760751059416,0.9736617327650545,True
0.0020348117920432566,0.12078492334361841,-0.15589309196318127,0.9737093718675536,0.008795379235698305,0.9737093718675536,True
0.0020071061118003344,0.12061688696093892,-0.15583343921520948,0.9737685666328604,0.008838490747126898,0.9737685666328604,True
0.001971215762294584,0.12050887472168849,-0.15578176761232596,0.973822720060567,0.008956368643220232,0.973822720060567,True
0.002114439574100579,0.12063969682493275,-0.15589941381710182,0.9737010440025837,0.008218046582900082,0.9737010440025837,True
0.0020962723722678946,0.12045917891554575,-0.1557725700371827,0.9737636890038633,0.008200568225138864,0.9737636890038633,True
0.0021122954311158276,0.12038607370066202,-0.15571061671681602,0.9737875168047943,0.008023039688073772,0.9737875168047943,True
0.0020675094615080145,0.12040821506301916,-0.15571124529892438,0.9737978011064536,0.00833043233318792,0.9737978011064536,True
0.001983424146345608,0.1203843114210377,-0.1556370583639806,0.9738462615269792,0.008836471632455883,0.9738462615269792,True
0.0020132945409897227,0.12024211212862042,-0.15562502897838945,0.9738736215810494,0.00852123353726964,0.9738736215810494,True
0.0019364512730189476,0.12017938942181833,-0.15554142797174988,0.9739369472957898,0.008922459836692523,0.9739369472957898,True
0.00199712316507533,0.12013147552147733,-0.15557620152194018,0.9739308386719356,0.00846670840881295,0.9739308386719356,True
0.001984665336033748,0.12006876198892302,-0.1555131104993274,0.9739739823827641,0.008426123691220649,0.9739739823827641,True
0.001917175524969487,0.12005165546871684,-0.155420789423329,0.9740357131450998,0.0087734071191694,0.9740357131450998,True
0.00197330340728167,0.12007367172550851,-0.15543580149516215,0.9740315025585882,0.00834028289986083,0.9740315025585882,True
0.0019493302658085921,0.12009301748366846,-0.1553628928503749,0.9740723747732288,0.008409758553989243,0.9740723747732288,True
0.001978962325106236,0.12012497940124328,-0.1553600596818335,0.9740749498551805,0.008172493198119662,0.9740749498551805,True
0.001956442306973024,0.12015580843554002,-0.15526717899063613,0.9741169387285318,0.00823559362332055,0.9741169387285318,True
0.0019867122160414264,0.12019445752771739,-0.15525323782737133,0.9741190934993289,0.007999512596863526,0.9741190934993289,True
0.0019540779540714653,0.12021793874794386,-0.15515559295180845,0.9741601813099315,0.008151202204613645,0.9741601813099315,True
0.0019723676730036624,0.12027136925803508,-0.15511060999674844,0.9741761839429799,0.007968956781347973,0.9741761839429799,True
0.0019214739182718723,0.12025812221973312,-0.1550877567371217,0.974196271647933,0.00829813462935407,0.974196271647933,True
0.0018158693782511033,0.1202025757635707,-0.15507496499821402,0.974206665162192,0.009087207965236982,0.974206665162192,True
0.001816984686016225,0.12016424291470294,-0.15510064040690394,0.9742368470927977,0.008972352620811665,0.9742368470927977,True
0.0018272740506315084,0.12017181784437284,-0.15511133795250928,0.974259690411375,0.008809976632317485,0.974259690411375,True
0.0019299197225192454,0.12016486304959212,-0.15519740259416337,0.9741954067644343,0.008203536205065285,0.9741954067644343,True
0.0019278137092176692,0.12011404313619986,-0.15509340600065652,0.9742428153616293,0.008118480123937205,0.9742428153616293,True
0.0019240319562836697,0.12014354008292645,-0.1549962049827155,0.9742793563799952,0.008048330351255992,0.9742793563799952,True
0.0019197627653163953,0.12020620376118464,-0.15490243033542594,0.9743194201589608,0.008001134079906796,0.9743194201589608,True
0.0018182940638284918,0.1201461829960544,-0.15486955256042434,0.9743523682605573,0.008671023744981422,0.9743523682605573,True
0.001871166902674029,0.12021816862797158,-0.15488251287466792,0.9743508521742091,0.008263786278425266,0.9743508521742091,True
0.001869999556879736,0.12030902782649762,-0.1548267312133399,0.9743840353919435,0.00819228849518947,0.9743840353919435,True
0.001860106297884969,0.12044758802847112,-0.15477230864100114,0.974416037125621,0.008192280259957671,0.974416037125621,True
0.0017545613785511672,0.12038040146894247,-0.15470146366293394,0.9744593960569993,0.008877186414722786,0.9744593960569993,True
0.0017068680720957717,0.12042256263096408,-0.15466659218736886,0.9744936620446768,0.009151395346621393,0.9744936620446768,True
0.0016527607358689594,0.12037576131026098,-0.15460850449220412,0.974510877096472,0.00952047795934946,0.974510877096472,True
0.001590956266896947,0.12038985270267728,-0.1545791347276201,0.974547107938415,0.009889998138721871,0.974547107938415,True
0.0015379047126317274,0.1203559178357973,-0.15446882933038567,0.9745618639996879,0.010272579005684285,0.9745618639996879,True
0.0015278481729549835,0.1203758914994439,-0.15464977894394297,0.9745893914869163,0.010228242020094841,0.9745893914869163,True
0.001510779109151223,0.12039614516195657,-0.15476537644570523,0.9746253119728395,0.010246893796559499,0.9746253119728395,True
0.0014383545047323228,0.12030636408087969,-0.15450466516511985,0.9746284856488286,0.010821534477787758,0.9746284856488286,True
0.0014461185892009503,0.12029002603637586,-0.15472673150807315,0.9746529771538969,0.010662046012458725,0.9746529771538969,True
0.0014291898675520497,0.12029625816120233,-0.15490056828019216,0.9746951727681529,0.010663805655468917,0.9746951727681529,True
0.001397965831874398,0.12033923724136743,-0.15504502386853716,0.974741273122905,0.010769631276822072,0.974741273122905,True
0.0013582394894337956,0.12039898232669576,-0.15517336361731515,0.974790208459493,0.010941199627956411,0.974790208459493,True
0.0014041511998741031,0.12043977269110662,-0.1552765279127469,0.9747772514468899,0.01062232354245258,0.9747772514468899,True
0.0012521947589605933,0.11994175997889159,-0.1539247017481853,0.9743239924645509,0.012671202959470117,0.9743239924645509,True
0.00143347700754657,0.12048140890423503,-0.1534248585454426,0.9741119286105054,0.011901587462259233,0.9741119286105054,True
0.001410567848459055,0.12016891362617438,-0.15347427749417805,0.9741925401417628,0.01189006964546337,0.9741925401417628,True
0.0014479109513543676,0.1200448368123369,-0.15353405174245197,0.9742058455493453,0.011583302357279356,0.9742058455493453,True
0.0014804864463827552,0.11990483605710113,-0.15355871701790683,0.9742280189753821,0.01129853680340513,0.9742280189753821,True
0.0014937983109113192,0.11971584513739705,-0.1535293502337353,0.9742801341823523,0.011103622929335423,0.9742801341823523,True
0.001476170055841698,0.1195260314026777,-0.15344394046330975,0.9743561530687121,0.011100440399335174,0.9743561530687121,True
0.0014333659573635372,0.11943958679846424,-0.1533760153367494,0.9744138692395468,0.011310221688398073,0.9744138692395468,True
0.001421057760161128,0.11928128059019376,-0.15332997301861911,0.9744861974047744,0.011278479699344921,0.9744861974047744,True
0.0014691666271699278,0.11926631013850207,-0.1533587160304662,0.9744753397008555,0.010945669205534697,0.9744753397008555,True
0.0013915126979624876,0.11948609777147558,-0.15347607084840284,0.974391633924494,0.011627769660060351,0.974391633924494,True
0.0014068756084241374,0.11931598096058557,-0.15347819061767287,0.9744373668633004,0.011427453528169207,0.9744373668633004,True
0.001483600987557706,0.11943674855536743,-0.15356524869880847,0.9743558630264342,0.011017845874855176,0.9743558630264342,True
0.0014863853451819043,0.11920979717144613,-0.1534451170423568,0.9744264093409539,0.010886991051120405,0.9744264093409539,True
0.0016054058937216157,0.11997254193780005,-0.15412179713537397,0.974063379924299,0.010622450485752465,0.974063379924299,True
0.0015855202065336359,0.11970313810173365,-0.15388817566292753,0.9741454996546409,0.010622290116995756,0.9741454996546409,True
0.00156903340802464,0.11945379965614816,-0.15365867896288388,0.9742266402884204,0.010606880137227753,0.9742266402884204,True
0.0015603332441580361,0.11925917454175265,-0.15343175899214795,0.9742996893424578,0.01055209764363246,0.9742996893424578,True
0.0015620285000854306,0.11912107355644998,-0.1532175915349263,0.9743615485328522,0.010447902626623344,0.9743615485328522,True
0.0015351650665436007,0.11913566794542942,-0.15322378884446783,0.9743676520513196,0.010623273436016222,0.9743676520513196,True
0.0015203170552165906,0.11902776649760229,-0.15304834933673814,0.974429780310911,0.010622809228338324,0.974429780310911,True
0.0015051323698676438,0.11899761727304992,-0.15292427739526512,0.9744732392712068,0.010649199962549235,0.9744732392712068,True
0.0014974676870754683,0.11896964755171434,-0.15280134788015415,0.974518147057845,0.010620069618731014,0.974518147057845,True
0.0014848892663715362,0.11897202197421641,-0.15265229357382018,0.9745684118154211,0.010620863345158457,0.9745684118154211,True
0.0015022945572997985,0.11901436019826843,-0.15257033616706253,0.9745864609316898,0.010454339118310752,0.9745864609316898,True
0.001478298890911276,0.11906936938892732,-0.15242732292941572,0.9746298131782414,0.010548995331037711,0.9746298131782414,True
0.0014691887521612887,0.11914709747174856,-0.15228644070385058,0.9746713732659384,0.01054004860994835,0.9746713732659384,True
0.0014747765981880934,0.11927608183608103,-0.15216822581321954,0.9746993520110508,0.010449492464982727,0.9746993520110508,True
0.0015069462211377788,0.11933631717992146,-0.15214630929012066,0.9746937172050311,0.010229054484186983,0.9746937172050311,True
0.0014555924376335723,0.11920668543959462,-0.1523047832870756,0.9746774473044449,0.010618523849721766,0.9746774473044449,True
0.0014727056583872,0.11923835521497488,-0.15224200115968078,0.9746946445115853,0.010455079459144478,0.9746946445115853,True
0.001484560431131785,0.11928140214662396,-0.152132423829309,0.9747230329719849,0.010313409364985685,0.9747230329719849,True
0.0014447804054128644,0.11922675044202025,-0.15222070553845604,0.974713216401724,0.01062625730701285,0.974713216401724,True
0.0013676022338093487,0.11917556980805365,-0.15237376056606688,0.9746572458045518,0.01134018370905794,0.9746572458045518,True
0.001314571933844071,0.119187722612968,-0.15233087295839168,0.9746793601735235,0.011694621203923684,0.9746793601735235,True
0.0013117707231023966,0.11906522045882119,-0.15239197204847577,0.9747146479806301,0.011589341701136093,0.9747146479806301,True
0.0012981727957199847,0.11899140486093816,-0.1524278073656363,0.9747542413124416,0.01156447756089655,0.9747542413124416,True
0.00126550533374111,0.11897117537996625,-0.1524397528744448,0.9747941110079599,0.011694049001317635,0.9747941110079599,True
0.0012534052793999257,0.11896129370168224,-0.15249870522460668,0.9748289219739028,0.011669221240436572,0.9748289219739028,True
0.001261640474713692,0.11900229987040338,-0.15256377822057327,0.9748486838306726,0.011534230377242452,0.9748486838306726,True
0.0012433090674184273,0.11906556156523562,-0.15258287172854898,0.9748848615540116,0.011572607151921058,0.9748848615540116,True
0.00124049360795008,0.11916909021335845,-0.152621079524844,0.9749125943959563,0.011515594877113981,0.9749125943959563,True
0.0012541134072055536,0.11931244154938277,-0.15265900561077422,0.9749294165415262,0.01136845101006166,0.9749294165415262,True
0.0012341105037689149,0.11946067243425432,-0.15264876242711173,0.9749625935666075,0.01144686960159795,0.9749625935666075,True
0.001267362937653627,0.11960599908017841,-0.15268835312431475,0.9749643730113615,0.011196407250825966,0.9749643730113615,True
0.0011918757966960368,0.11951896605593437,-0.15264164114417286,0.974988254323439,0.011699423496346973,0.974988254323439,True
0.0012085378205501612,0.11963710213132321,-0.1526843155137646,0.9750090967731971,0.011531273768167472,0.9750090967731971,True
0.0013724204216689464,0.11722448035075618,-0.1527100260277255,0.9743888746405434,0.011476214508547283,0.9743888746405434,True
0.0013416484193600159,0.11697802666890465,-0.15248476500960198,0.9744657771116985,0.011579484411614424,0.9744657771116985,True
0.001307129571191396,0.11682161254875868,-0.1523325730759729,0.9745230200506215,0.0117364595807022,0.9745230200506215,True
0.0012775601711796972,0.11654851825542686,-0.15212428896297103,0.9746039219984375,0.011808310698893043,0.9746039219984375,True
0.001246319195215712,0.11632331112047246,-0.1519369774111286,0.9746785613120363,0.011900796887474243,0.9746785613120363,True
0.0012052162926798901,0.11622871303493039,-0.1518349854522036,0.974726524484904,0.012112927457715016,0.974726524484904,True
0.0011912441833933146,0.1160175550713173,-0.15170184477404108,0.9747896779784,0.012085418431164265,0.9747896779784,True
0.0011765945094378632,0.11585525701931422,-0.151558582198609,0.9748508936619626,0.012070763263634874,0.9748508936619626,True
0.0011241807569661415,0.11594384772367294,-0.1516383455653892,0.9748349976190726,0.012490313994630265,0.9748349976190726,True
0.0011165040694372326,0.11578902346447137,-0.1515658687759087,0.9748857357980417,0.0124280642393052,0.9748857357980417,True
0.001140302047974112,0.11572155132096063,-0.15153570919989295,0.9749011512133509,0.012212826030109862,0.9749011512133509,True
0.0011178449576520696,0.11562497309303371,-0.15141567281503746,0.9749567588573749,0.012267555636296784,0.9749567588573749,True
0.0011043396300711202,0.11555451459854767,-0.15130722243342187,0.975008171845794,0.012261356716162299,0.975008171845794,True
0.0010964796828205087,0.1155384577131333,-0.15120548892902902,0.9750527307995426,0.012229607366416479,0.9750527307995426,True
0.001048237448187977,0.11554207129915627,-0.15115484573452062,0.9750835721065767,0.012528159935473545,0.9750835721065767,True
0.0010554899046859823,0.11555645511036573,-0.15110735648639373,0.9751127228168912,0.012408549019513613,0.9751127228168912,True
0.001073128216907364,0.11558950451902511,-0.15105769094056834,0.9751335756566949,0.012234023288939841,0.9751335756566949,True
0.0009915944136398432,0.1155042605805404,-0.15115606755725736,0.9751164374125829,0.012856505056323865,0.9751164374125829,True
0.0010768387405825817,0.11554098655485173,-0.15124795157598522,0.9750310490918993,0.012412003821114403,0.9750310490918993,True
0.0010731114427204513,0.11542356038107089,-0.15112743634902587,0.9750850331545472,0.012339520355976774,0.9750850331545472,True
0.001075368142823584,0.11536382808311445,-0.15101015726942382,0.9751312479015642,0.012239584650206971,0.9751312479015642,True
0.0010719379238377962,0.11535344379058118,-0.15088396117654437,0.9751773590163383,0.012185956299090927,0.9751773590163383,True
0.0011482828791223878,0.1152953086339901,-0.15111361954181404,0.9750790195256671,0.011790413559517541,0.9750790195256671,True
0.0010943274969531318,0.11536515480594617,-0.15125751204565827,0.9750559021709958,0.012213966966980813,0.9750559021709958,True
0.0011682537129897208,0.11553210718074458,-0.15147630479103552,0.9749499931072417,0.0118635695667537,0.9749499931072417,True
0.0011488721951955778,0.11535148171602286,-0.15128205843917086,0.9750167414726686,0.011895256207067809,0.9750167414726686,True
0.001211405303642358,0.11549306900269499,-0.1514893983416619,0.9749331607450927,0.011585672467688999,0.9749331607450927,True
0.0011956065173295586,0.11529057410239052,-0.15125317915502606,0.9750031161533688,0.011583483493956555,0.9750031161533688,True
0.0011871798455735973,0.1151483496681529,-0.15103680341910017,0.9750618748645656,0.011541730260563491,0.9750618748645656,True
0.0011519020221892522,0.11514926219800405,-0.15101161596794607,0.9750800184153335,0.0117706110695346,0.9750800184153335,True
0.001132623144463567,0.11505113367365076,-0.15084837179142913,0.9751323356691687,0.011802297111468237,0.9751323356691687,True
0.0011221072137778732,0.11499397652101957,-0.15069863856182705,0.9751770590912517,0.011781245364467093,0.9751770590912517,True
0.0011113669823065472,0.11499780131497533,-0.15055145505515968,0.9752164147648725,0.011771786816661346,0.9752164147648725,True
0.0010739907201079513,0.11501486399720329,-0.15048570465846925,0.9752441366546243,0.011994537127490015,0.9752441366546243,True
0.0010609043778988967,0.1150644820299394,-0.15038464714335034,0.9752766108715595,0.012004550800200476,0.9752766108715595,True
0.001052160459566738,0.11516893497703252,-0.15029057964727935,0.9753023580500773,0.011995628788604787,0.9753023580500773,True
0.0010275118312869818,0.11529711866432237,-0.1501961072997986,0.9753305393081135,0.012110546030908989,0.9753305393081135,True
0.0010194801111071759,0.11547534220991845,-0.15011856901813017,0.9753495928752205,0.012109478530299018,0.9753495928752205,True
0.001025390324476536,0.11569678001378601,-0.15005287271075943,0.9753578058398187,0.012030652672088237,0.9753578058398187,True
0.001031343087858944,0.11594946636053648,-0.14997355499338788,0.9753660854463135,0.011956059178598665,0.9753660854463135,True
0.0010140424429477828,0.11619311373870343,-0.14988229774694295,0.9753838412143121,0.012044862503968726,0.9753838412143121,True
0.0010121120685299258,0.11650297135957983,-0.14980592117912453,0.9753930782390123,0.012031579686414063,0.9753930782390123,True
0.001035777206247912,0.1167938383388583,-0.14976351257608425,0.9753856333878695,0.011866748417649231,0.9753856333878695,True
0.001020942406257423,0.11709201801553815,-0.149664174114557,0.9754025684844785,0.011949688864828539,0.9754025684844785,True
0.0010505338079272865,0.11734791739243419,-0.14962745984392983,0.9753928705193884,0.011746616803973086,0.9753928705193884,True
0.0010559380352460274,0.11767464459668123,-0.14951563471386692,0.9754047617726521,0.011695628638778734,0.9754047617726521,True
0.0011456147628359206,0.11487922408568123,-0.1504771234600308,0.9752671490463987,0.011167345236977043,0.9752671490463987,True
0.0011003325492663228,0.11492194802236226,-0.15068426087807416,0.9752402455258143,0.011519177669684551,0.9752402455258143,True
0.001093034941692566,0.11482492056962577,-0.15048772152848036,0.9752953553827882,0.011480550339929884,0.9752953553827882,True
0.0010785924426507268,0.11479361709107266,-0.15030113126476013,0.9753456154838368,0.011505385182300033,0.9753456154838368,True
0.0012179010160192087,0.11475232052879539,-0.15135372762876473,0.9750483875503188,0.010998755364585713,0.9750483875503188,True
0.0012016293297572099,0.1145489087078554,-0.15106952974903623,0.9751210856644065,0.011004208633011537,0.9751210856644065,True
0.0011698150096146472,0.1146358622962565,-0.15120906843989843,0.9751023748444224,0.011263692217848044,0.9751023748444224,True
0.0011744742119065498,0.11449359286129525,-0.1510668828260655,0.9751408977994468,0.011153537709386182,0.9751408977994468,True
0.0011718601635361038,0.11436846221747314,-0.15088077478982817,0.9751855690478546,0.011082823072897518,0.9751855690478546,True
0.0011608016191386804,0.11425962709738242,-0.15066605120899637,0.9752372580368666,0.0110603953345472,0.9752372580368666,True
0.0011484818936549324,0.11422470967136278,-0.150461678874785,0.9752810937825589,0.011062997042376722,0.9752810937825589,True
0.0011205108362846443,0.11423511207550759,-0.15033233851074784,0.9753141357942564,0.011200852270140556,0.9753141357942564,True
0.0010862528326897815,0.11424441675082435,-0.15026704074651606,0.9753391652321521,0.01140341738423316,0.9753391652321521,True
0.0011330527966029124,0.11423701744509503,-0.1503305233239945,0.9753085118459218,0.011121988964926045,0.9753085118459218,True
0.0011080278177042443,0.11420615864187349,-0.1501849491557559,0.9753482792092839,0.011216690304410356,0.9753482792092839,True
0.0010961233925321054,0.11419410643760296,-0.15004345446863443,0.9753824145675416,0.011211219426602989,0.9753824145675416,True
0.0010510923755053208,0.1141277313183029,-0.15019194638987687,0.975374309795639,0.011603485187320453,0.975374309795639,True
0.0010214028033355123,0.1141169885662878,-0.15012855805555272,0.9754047828533975,0.011727710702078478,0.9754047828533975,True
0.001004988011288399,0.11411897908566335,-0.150087110642108,0.9754296414514868,0.011741209565521382,0.9754296414514868,True
0.0009937044390501228,0.11417555008976224,-0.15005283643087702,0.9754473651272336,0.011731878073569742,0.9754473651272336,True
0.000969128853172274,0.11426941664589335,-0.1500076106502433,0.9754679145716625,0.011826646936426455,0.9754679145716625,True
0.0009503621073934339,0.11440084720546081,-0.14997952495801414,0.9754830962801352,0.011880226607707529,0.9754830962801352,True
0.0009354962184907611,0.11457738388319239,-0.1499604704425341,0.975493108230734,0.01191438000851211,0.975493108230734,True
0.00095229830132252,0.11473683962323537,-0.14996790453919695,0.975483751358189,0.011769225585827993,0.975483751358189,True
0.0009624469687832311,0.11490715444733104,-0.14993898578990117,0.9754832445368125,0.011661344806476268,0.9754832445368125,True
0.0009510583778201919,0.11511025208114264,-0.14986265812482719,0.9754976384336834,0.011687497245698512,0.9754976384336834,True
0.0009135845715055524,0.11523787729422327,-0.149801867554558,0.9755196469614971,0.011910221338704688,0.9755196469614971,True
0.0008932928307396949,0.11547478173349508,-0.149756016427307,0.9755332612819646,0.01199988086992019,0.9755332612819646,True
0.0008468600677934743,0.11555552523031504,-0.1497142969572611,0.9755573226928792,0.012288504851985588,0.9755573226928792,True
0.000812957105394263,0.11577438470228092,-0.14969950310860916,0.9755746462677537,0.012471170172555009,0.9755746462677537,True
0.0007855368853705545,0.11604125327913721,-0.14970668372372997,0.9755873467514521,0.012608177236459824,0.9755873467514521,True
0.0006934916162291872,0.11583025797242834,-0.14961062489497873,0.9756376581646782,0.013232453876976186,0.9756376581646782,True
0.0007139489243291638,0.11603796378023443,-0.14970217366608138,0.9756250043561593,0.01305524838234968,0.9756250043561593,True
0.0006589116549168567,0.11620343883811525,-0.14969422398207177,0.9756564532162584,0.013379830266965799,0.9756564532162584,True
0.0006235518452639181,0.11642161796430331,-0.14973143365442992,0.9756779220152545,0.013564617684630605,0.9756779220152545,True
0.0006323158971807678,0.1166420757845014,-0.14980796751715825,0.9756758087535998,0.013468338728760429,0.9756758087535998,True
0.0006031989498074058,0.11687680125332402,-0.14982638196369039,0.9756987669350626,0.013618029926671793,0.9756987669350626,True
0.000580784662599478,0.11715186658038762,-0.14986136358016033,0.9757175640371898,0.013724965577451391,0.9757175640371898,True
0.0005305115268832932,0.11745424296003958,-0.14987112868787045,0.975750719118697,0.014022998109129626,0.975750719118697,True
0.0005121719613356097,0.1177955614887149,-0.1499086690587186,0.9757667841413226,0.014119787387453524,0.9757667841413226,True
0.000605861654816386,0.11772067171092512,-0.14997650006633134,0.9757178428128461,0.013512280844131893,0.9757178428128461,True
0.0005722642056385673,0.11793826510785926,-0.149919126888234,0.9757546846615516,0.013706328193188254,0.9757546846615516,True
0.0006550602573164014,0.11778084654748809,-0.1499967754448437,0.9756999935039782,0.013183781336895982,0.9756999935039782,True
0.0006304128601089994,0.11790807191931098,-0.14987759670262987,0.9757487254257458,0.013307146406074246,0.9757487254257458,True
0.0007032226520453592,0.11794467308680244,-0.14990850381829582,0.9757211226904736,0.012825346749140853,0.9757211226904736,True
0.00066038319989686,0.11804975333434171,-0.14974379615923725,0.975783009889881,0.013067760180946183,0.975783009889881,True
0.0006241022157867609,0.11818181765242314,-0.14959417615491408,0.9758398011440708,0.01327190002935742,0.9758398011440708,True
0.000607665908236443,0.11835267897891275,-0.1494630774041552,0.9758860822847514,0.013350100881138272,0.9758860822847514,True
0.000561814146887437,0.11846497694684816,-0.14936863273042555,0.9759271082595187,0.013638691929634808,0.9759271082595187,True
0.0005285008514712789,0.1186561486573626,-0.14926451945267444,0.9759748152008548,0.013833906229585642,0.9759748152008548,True
0.0005225945437357533,0.11887894574386915,-0.14918826870462662,0.9760095226505326,0.013853191628553878,0.9760095226505326,True
0.0004698408240730051,0.11910063377303876,-0.14906899427487633,0.9760659900963775,0.014187508476110972,0.9760659900963775,True
0.0005442581633257876,0.11912639635575993,-0.14911888556638142,0.9760315895636902,0.013699237972758266,0.9760315895636902,True
0.0005391661731979696,0.11930608937517376,-0.14898506034088566,0.9760762058862753,0.013712073617948984,0.9760762058862753,True
0.0005239013483293384,0.1195190580933467,-0.14883957427134345,0.9761237651409636,0.013799980942982439,0.9761237651409636,True
0.0005518056053603581,0.11968225322786526,-0.14877517924824032,0.9761357666526406,0.013615141201043506,0.9761357666526406,True
0.000613549844029081,0.11960327482791272,-0.14887942677980018,0.9760900651395287,0.013213694954476196,0.9760900651395287,True
0.0005417196800687158,0.11942729210681906,-0.14917137577567127,0.9760377234896337,0.013720486648185535,0.9760377234896337,True
0.0005688741732361088,0.11944195702102428,-0.14911460685916406,0.9760552521563393,0.0135160666450352,0.9760552521563393,True
0.000550868030817075,0.119460007359329,-0.1489527547623857,0.9761143145953285,0.013591249571942585,0.9761143145953285,True
0.0004709531865827149,0.11943372283139159,-0.14898988904811722,0.9761203626033275,0.01414509448841534,0.9761203626033275,True
0.0004730573848253547,0.11943481088376971,-0.14890618725140928,0.976167091510962,0.014073443879434551,0.976167091510962,True
0.0004495197535580222,0.11945970681396349,-0.14880625554251442,0.9762182916268787,0.014188311354482015,0.9762182916268787,True
0.00044835473808835577,0.11950177792713111,-0.14872823888129064,0.9762666947541672,0.014147370278718477,0.9762666947541672,True
0.00035645443269469607,0.11918311238232465,-0.1490111291174522,0.976131437619177,0.014912020997826781,0.976131437619177,True
0.00034973659003156464,0.11913610321308687,-0.14901381740740072,0.9761828246423246,0.014883538038759126,0.9761828246423246,True
0.0002384732499723712,0.1191872245110961,-0.14894412441901517,0.9760893355459924,0.015828206947267442,0.9760893355459924,True
0.00026925023289830455,0.11909254603062194,-0.14902764958543321,0.9761077788428059,0.01555511413044576,0.9761077788428059,True
0.00028569291198432415,0.11897631060882227,-0.14907057464590473,0.976148757020697,0.015367558967915385,0.976148757020697,True
0.00035121064659977374,0.11895436697391683,-0.1491291421665427,0.9761242832627024,0.014920655381736172,0.9761242832627024,True
0.00034013793520634033,0.11883341658331574,-0.14906007777025188,0.9761905384891161,0.014906793726048605,0.9761905384891161,True
0.0003227629046511641,0.11879930361696833,-0.14901343749900953,0.9762318513007944,0.014988097390269638,0.9762318513007944,True
0.00023864747254799898,0.11884291465095356,-0.14895645774974303,0.9762483845331855,0.015567881026903442,0.9762483845331855,True
0.0001980133619601709,0.11879121910337177,-0.1489330934436145,0.9762985614642065,0.015788223902668277,0.9762985614642065,True
0.00016982978488886837,0.11870170189926336,-0.14894975722411213,0.9763584005747068,0.01589733652538704,0.9763584005747068,True
0.00016669715199499422,0.118611977790227,-0.14900710620081553,0.9764122431295842,0.015831580944285467,0.9764122431295842,True
0.00023517649201224822,0.11861222027953713,-0.1490533625688928,0.9763635746641538,0.015402020716345693,0.9763635746641538,True
0.00019750080564748257,0.1185664076866605,-0.14900179397759433,0.9764135130991642,0.015610864887853189,0.9764135130991642,True
0.00011663677389680798,0.11871239463770725,-0.14894661232645898,0.9763840087263642,0.01623271913302863,0.9763840087263642,True
0.0001766653649134647,0.11871073458263509,-0.14899677766426014,0.9763501388189849,0.01584435368242099,0.9763501388189849,True
0.00018138903297932644,0.11850382140390622,-0.14897423477737834,0.9764141385663777,0.015721073777067742,0.9764141385663777,True
0.00015828210472474948,0.11838961925982053,-0.14892510035906076,0.9764761235952848,0.015801233807844747,0.9764761235952848,True
0.00016354660573884465,0.11824780839040645,-0.14890680589748473,0.9765362722848949,0.01568945716973956,0.9765362722848949,True
0.00018500120089094766,0.11817483047203989,-0.1488983538489965,0.9765764358607718,0.015485608915888453,0.9765764358607718,True
0.00018777167709737062,0.1181120343528164,-0.14884560801105617,0.9766341053507009,0.015406333222749103,0.9766341053507009,True
0.00016705320809913755,0.11810019453661631,-0.14878297921674116,0.9766906656710274,0.015498266242597918,0.9766906656710274,True
0.0002440398829074244,0.1180817421807092,-0.14884690223679867,0.976652775991579,0.014995737778879532,0.976652775991579,True
0.0001347341975089862,0.11818316235595795,-0.14890352096174628,0.9766165606558002,0.015786103218416166,0.9766165606558002,True
5.455852250347735e-05,0.11832786862512926,-0.1488692273977818,0.9765906247008053,0.016401947508845414,0.9765906247008053,True
-3.194809096093445e-06,0.11833842460176744,-0.14881625201852794,0.9766204366829598,0.016782294686303708,0.9766204366829598,True
-0.00013405646425314888,0.11876231535901931,-0.1485736107600216,0.9765745975021367,0.017830217073000396,0.9765745975021367,True
-0.00016938460299461362,0.11851561097559564,-0.1486595038239224,0.9766470174687617,0.017958527727331294,0.9766470174687617,True
-0.00023940348882324865,0.1183358907136411,-0.14870484795419242,0.9767266338169868,0.018331298813172383,0.9767266338169868,True
-0.00019161732949189746,0.11811885654023112,-0.14887729247016715,0.9767490680660184,0.01792292636744299,0.9767490680660184,True
-0.0003045635499585425,0.1188707958855833,-0.14844079878948654,0.9766201512748598,0.018995960997580857,0.9766201512748598,True
-0.0003834922948967855,0.11972362032688989,-0.14789076846915492,0.976505664319882,0.019872199580968523,0.976505664319882,True
-0.00030443590784866835,0.11982157808493508,-0.1478941989541136,0.9764463527986857,0.019391707672145406,0.9764463527986857,True
-0.000391479494538317,0.12208012792124999,-0.14704999463887755,0.9761121651500346,0.020798357256433787,0.9761121651500346,True
-0.0003599874787695756,0.12165786660085723,-0.14726358728621197,0.9761494568688075,0.020441598606504137,0.9761494568688075,True
-0.0004374003074109131,0.1218379182057055,-0.14713291870600337,0.9761674255464355,0.021018182673006956,0.9761674255464355,True
-0.0005316202807943727,0.12394405134543816,-0.14617761618865363,0.9759341485399685,0.022400551788294087,0.9759341485399685,True
-0.0005731870213974383,0.12346627408952526,-0.14637151048308117,0.9760114110548197,0.022503646614463548,0.9760114110548197,True
-0.0005920926878262376,0.12282212963237377,-0.14668092328789423,0.9760986398607732,0.02240881162761429,0.9760986398607732,True
-0.0006252946424569752,0.1222265076683325,-0.1469565370853679,0.9761912216356771,0.022404650309334823,0.9761912216356771,True
-0.0006440794151116051,0.12755898229620702,-0.14404733320577098,0.9754509391402961,0.024649516889499314,0.9754509391402961,True
-0.00034049669309387285,0.1299794738338174,-0.14291162454477946,0.9750327730481118,0.023530664407470477,0.9750327730481118,True
-7.422112964420984e-05,0.1330946903829018,-0.14255655008837953,0.9744744043093247,0.02278447888804814,0.9744744043093247,True
-9.861256149588574e-05,0.13249729510321306,-0.1424402574922561,0.9745790547171023,0.022771675549457724,0.9745790547171023,True
-0.00011071284075633259,0.13200442977223373,-0.14234536233034656,0.9746656455885666,0.022698395691035454,0.9746656455885666,True
0.0002988822711758927,0.1384558686938355,-0.144103791918353,0.9732861000046704,0.022147197658633978,0.9732861000046704,True
0.00091363745092079,0.1482385220475775,-0.15027326612285558,0.9712451614455397,0.020964332263077375,0.9712451614455397,True
0.0009052448911731142,0.14833275311497057,-0.15033137796307242,0.9712348056957615,0.021047290001734983,0.9712348056957615,True
0.0008806934308148755,0.14784776120225748,-0.15004712560900918,0.9713129110502572,0.021045675808637847,0.9713129110502572,True
0.0010543556749735114,0.14996086807730216,-0.15148227661969726,0.9709398874360345,0.020717032363866676,0.9709398874360345,True
0.0010306076977564566,0.14972107901035833,-0.15129548860644113,0.9709861203878869,0.020782014188297945,0.9709861203878869,True
0.00100753843659628,0.14952768884393808,-0.15115840781239911,0.9710196201068058,0.02084730692168331,0.9710196201068058,True
0.000974792785098007,0.14916211415411157,-0.1509521532285527,0.9710655279436256,0.020876063583009516,0.9710655279436256,True
0.0009523219513632951,0.1490483987021162,-0.15087268723697828,0.9710835578881652,0.020951710279832093,0.9710835578881652,True
0.0009292226215334592,0.14894906228670873,-0.15081835148269962,0.9710972441652791,0.02103196885452436,0.9710972441652791,True
0.0008963721355169283,0.1487066950586079,-0.15076032664977468,0.9711032465476558,0.021045214187863644,0.9711032465476558,True
0.0008798165694891408,0.14858581051925976,-0.15073468091878486,0.9710946121772177,0.021006978038676072,0.9710946121772177,True
0.0008614622518329156,0.14848857677272298,-0.15069096982839866,0.9710846156963905,0.02097538593398331,0.9710846156963905,True
0.0008341240188121043,0.14842175933288754,-0.1506249067119152,0.9710741527189805,0.020988818309347537,0.9710741527189805,True
0.0008288841291654371,0.1484180805222243,-0.15063100171861263,0.9710959246608714,0.02110554060802113,0.9710959246608714,True
0.000814014595877169,0.14841682302791614,-0.15062110017927396,0.9711020180568157,0.021190866287320535,0.9711020180568157,True
0.000839083281407419,0.14842749402720612,-0.15060838532176216,0.9711043549608174,0.021091695167632093,0.9711043549608174,True
0.0008455195388596863,0.1484051774722997,-0.15062093697508178,0.9710910072562837,0.0209942091300111,0.9710910072562837,True
0.0008726077229565709,0.14843042759047484,-0.1506531674128732,0.9710811542822763,0.020864993445160122,0.9710811542822763,True
0.0008446706171655436,0.1483380285214738,-0.1505532498235891,0.9710867837573999,0.020905824958662486,0.9710867837573999,True
0.0008229983918748513,0.14832117771002853,-0.15051762000606034,0.9710925868699051,0.02099884572625661,0.9710925868699051,True
0.0007935559562609351,0.14828393347701602,-0.15049967400068023,0.9710762909266902,0.02102709846108748,0.9710762909266902,True
0.0007675995998188971,0.14830804706579573,-0.1505063715944068,0.9710479363618061,0.021033484683246364,0.9710479363618061,True
0.0007405428347359811,0.14839019286271185,-0.1505101890874275,0.9710229323128182,0.02108731582107121,0.9710229323128182,True
0.0007453790750593296,0.14817645513207447,-0.15040955789946628,0.9711130183520694,0.02130005855484579,0.9711130183520694,True
0.0007208187567558745,0.1482384217318253,-0.15054327711908042,0.9710627543555936,0.021279995128740053,0.9710627543555936,True
0.0007313809521917896,0.14829902373759996,-0.15062883334891722,0.9710215064854039,0.021124393409690245,0.9710215064854039,True
0.0007195296443059888,0.1483643578977157,-0.1506802416215046,0.9709896557595591,0.021085383921829366,0.9709896557595591,True
0.0007032278185139436,0.14847063196341082,-0.15071328081504468,0.9709530328690487,0.021048740285567216,0.9709530328690487,True
0.0006950546191477875,0.14861387882970511,-0.15075130726418218,0.9709102516670302,0.020976947577422012,0.9709102516670302,True
0.0007429768831122779,0.14842579651797713,-0.15076407538855632,0.9709330046903584,0.02079627086927105,0.9709330046903584,True
0.0007242185767948485,0.14848405142302848,-0.15068194476442162,0.9709215224253883,0.020792935278293234,0.9709215224253883,True
0.000713052514027231,0.14859847470514195,-0.15062483571445393,0.9709002627687106,0.02075090581250034,0.9709002627687106,True
0.0008554639593765198,0.1477668795092435,-0.15100296029469182,0.970989099351585,0.0203928963052653,0.970989099351585,True
0.000907361530277502,0.14789687840762436,-0.1513086796297907,0.9709427589027502,0.020229101796261487,0.9709427589027502,True
0.0009192726260277533,0.1481411554360231,-0.1516884358459028,0.970900556410814,0.02035648705684641,0.970900556410814,True
0.0009432850058838711,0.1482003258723434,-0.1517439645754031,0.9708848476292576,0.020247813934193677,0.9708848476292576,True
0.0009222144691313907,0.14800456395415149,-0.15157208599544827,0.9709085339835758,0.02023412805521446,0.9709085339835758,True
0.0009601394013859524,0.14811641252893473,-0.15172822546279033,0.9708849503904984,0.020113434137421702,0.9708849503904984,True
0.0009392403975680764,0.14802746667715214,-0.15160867175085693,0.9709027074049856,0.02016954308740493,0.9709027074049856,True
0.0009165847094793858,0.14794443930583076,-0.15150954527231036,0.9709135951414815,0.020221090928383766,0.9709135951414815,True
0.0008911024780325336,0.1478694014575284,-0.15142994363967477,0.9709152042460953,0.020262683037650126,0.9709152042460953,True
0.0008643272610270951,0.14782141234563237,-0.1513789516612263,0.9709046959283959,0.020290258842547742,0.9709046959283959,True
0.0008527142778953205,0.1478218914111819,-0.15136834437106803,0.9709234856768952,0.020414116806384157,0.9709234856768952,True
0.0008382564758104748,0.14780838178272449,-0.1514176058847247,0.9708900352418398,0.02035873596623576,0.9708900352418398,True
0.0008120061437411894,0.1478185595143949,-0.151425043384845,0.9708756128009941,0.020425764483108757,0.9708756128009941,True
0.0007851602411072264,0.14784116335767772,-0.15145468693925684,0.9708587924673252,0.020503158093452867,0.9708587924673252,True
0.0007459300197965944,0.14784356031814871,-0.15143960616486069,0.9708729798959299,0.02073217161116548,0.9708729798959299,True
0.000715616766419798,0.1478971317636378,-0.15160654687355016,0.9708158774057595,0.020733560659216603,0.9708158774057595,True
0.0007267323650501177,0.14798156646787114,-0.15174722575978658,0.9707559078727254,0.02054194639403438,0.9707559078727254,True
0.0007015276597538873,0.14809814401041885,-0.1518705124655852,0.9707007614864399,0.020534598847207524,0.9707007614864399,True
0.0007586801916279613,0.14791143934985593,-0.15176861604411138,0.9707448269987,0.020328755850937234,0.9707448269987,True
0.0007338180392677592,0.14796433207650145,-0.15176715705003976,0.9707208400901414,0.020345750854064704,0.9707208400901414,True
0.000710404624869935,0.14797791052362164,-0.1517509905332414,0.9707282464791134,0.02048075031195015,0.9707282464791134,True
0.000719591114248058,0.14801664945059828,-0.1517946208718203,0.9707022595120307,0.02036339834543263,0.9707022595120307,True
0.0006946949398379454,0.14808765363430712,-0.1518103044104006,0.9706752801613412,0.02037846753724851,0.9706752801613412,True
0.0006984764445966967,0.14815783096790555,-0.15184099990867417,0.9706468676853914,0.020282413679537883,0.9706468676853914,True
0.0006836914747372827,0.1482646127609525,-0.15183430884367022,0.9706180215593788,0.020251934863804496,0.9706180215593788,True
0.0006602130974002409,0.14840263173729165,-0.15181318625855608,0.9705944048399966,0.020291946534105786,0.9705944048399966,True
0.0006416479387610601,0.14859731803457754,-0.15182067380543668,0.9705568855759898,0.02028982907109284,0.9705568855759898,True
0.0006173204845355323,0.14857192832707514,-0.1517962419364414,0.9705760846191774,0.020455133350853655,0.9705760846191774,True
0.0005740182349302988,0.14853539570838534,-0.15174601550488984,0.9706092676687036,0.020751955806005612,0.9706092676687036,True
0.0005513953520268722,0.14874016596476772,-0.15187323102822767,0.9705571983143735,0.020753270225494197,0.9705571983143735,True
0.000593466626775087,0.14878149359905082,-0.1519308074841348,0.9705233455834633,0.020464114534707253,0.9705233455834633,True
0.0005482258924707759,0.14892527454271517,-0.15194079731486387,0.9705127161402957,0.020660469952589404,0.9705127161402957,True
0.0005309781009524689,0.14913093853156525,-0.15201581449245824,0.9704713466347298,0.0206461875670604,0.9704713466347298,True
0.0005001694541108354,0.1491470722224876,-0.15199571843574047,0.9704848829342793,0.020829541345511193,0.9704848829342793,True
0.0004962567126244477,0.1493424678911388,-0.15210283093615687,0.9704390824387711,0.020748102812450268,0.9704390824387711,True
0.00046986991058346544,0.14954338669869308,-0.15216310119654267,0.9704109902956668,0.02081035630433012,0.9704109902956668,True
0.0004638839432582622,0.149781368597356,-0.15225911106481238,0.9703662183434475,0.02074521217270567,0.9703662183434475,True
0.000563597322882699,0.14928928697407273,-0.15219352532113162,0.970396200892962,0.02030108423202038,0.970396200892962,True
0.0005454345359833431,0.14918292583787973,-0.1522455781981906,0.9704223038273794,0.0205675568245331,0.9704223038273794,True
0.0005596113552439956,0.14919078044406475,-0.15227192038964663,0.9704067976219982,0.02041936114922978,0.9704067976219982,True
0.0005320443096380994,0.1491897296476636,-0.15223324929502471,0.9704162809798058,0.020501104495134648,0.9704162809798058,True
0.000509903459707901,0.14921490396022652,-0.15222759832236996,0.9704136158527754,0.02050968618203137,0.9704136158527754,True
0.00046341666584074845,0.14919881212217015,-0.15218432330511195,0.9704431508611444,0.020818954817524084,0.9704431508611444,True
0.00044090353247185266,0.14926209804392107,-0.15224347363269394,0.9704298058758103,0.02082403963844762,0.9704298058758103,True
0.00041661594629238403,0.14937974788650088,-0.15229538603353351,0.9704152520566462,0.020855436162563884,0.9704152520566462,True
0.00039143657405680995,0.1495454839271447,-0.15235448566811335,0.970397648484554,0.020902067601366082,0.970397648484554,True
0.0003959826573730958,0.14970184491308472,-0.15242149079752243,0.9703697438252513,0.020796827190692403,0.9703697438252513,True
0.0003673059612810664,0.149869404864509,-0.15243626233317664,0.9703639227769802,0.02088526297527458,0.9703639227769802,True
0.0003634590624402414,0.15006675176706005,-0.15248724794606652,0.9703403389552964,0.020821738588620506,0.9703403389552964,True
0.0003948762859483504,0.15021280055436156,-0.15253334404999447,0.9703069153231895,0.020568820962242378,0.9703069153231895,True
0.00035855463014259817,0.15039234026394604,-0.15248596861946156,0.9703152078952315,0.02072021056669735,0.9703152078952315,True
0.00041231945470611897,0.1503881300855814,-0.15253461017352754,0.9702844124613277,0.02037246772670434,0.9702844124613277,True
0.0005111430369278834,0.14997702089554477,-0.15282552217993756,0.9702289735985341,0.019977114772959936,0.9702289735985341,True
0.0004905986088549782,0.14993635222863516,-0.15263784236675354,0.9702663120126329,0.02001760809914225,0.9702663120126329,True
0.0005125849062871803,0.1499379218514244,-0.1526553099018516,0.970253707654202,0.01987409464952403,0.970253707654202,True
0.0004911925444247804,0.1499146881665295,-0.15251043188889843,0.9702825100844917,0.019946238092312087,0.9702825100844917,True
0.0004689291292894235,0.14990962151015538,-0.15235211115605668,0.9703115278370529,0.019996415134390034,0.9703115278370529,True
0.00044166754340730827,0.14991345577385742,-0.15231452340896046,0.9703282954958231,0.020161837620129575,0.9703282954958231,True
0.0004155883075692946,0.1499001780855989,-0.15230445190735128,0.9703437998271853,0.020351429222381305,0.9703437998271853,True
0.00038249040190918034,0.14990351782289946,-0.15227277472847503,0.9703597579797925,0.020463106490364404,0.9703597579797925,True
0.00041790669300787754,0.14990478771257396,-0.15230240211098656,0.9703396381312536,0.020250691422486356,0.9703396381312536,True
0.0003926405165490258,0.149904113970629,-0.15229013305959424,0.9703538230025334,0.020439108389224137,0.9703538230025334,True
0.00037116521551536994,0.14986158402018288,-0.15228426651662494,0.9703645314695069,0.02044122441015407,0.9703645314695069,True
0.0003385488547152733,0.14986952861784167,-0.15225887340804664,0.9703802139829102,0.020561787062950393,0.9703802139829102,True
0.00029027688060083895,0.1498922022973764,-0.15225007171774474,0.9704001667787174,0.02075120375272149,0.9704001667787174,True
0.0003120844404888789,0.14994400940146202,-0.15230073673435068,0.9703785539907553,0.020533660885319372,0.9703785539907553,True
0.00026761053629109085,0.14999586029860698,-0.15226519813766815,0.9703994893203359,0.02071163448511829,0.9703994893203359,True
0.0002313780186048006,0.1500395382482036,-0.15224170154856972,0.9704170260717263,0.020889678323316934,0.9704170260717263,True
0.00021144147050960245,0.149962464610594,-0.1521822387148723,0.9704379817403903,0.02110820895335482,0.9704379817403903,True
0.000196141539919545,0.15000964871508413,-0.15226900115601671,0.9704324707487111,0.021093250201771992,0.9704324707487111,True
0.0002229791898151882,0.1500205316659901,-0.15231088734722337,0.9704150486829712,0.02089017289211476,0.9704150486829712,True
0.00018998666476413405,0.15003483096457956,-0.1522845223234517,0.970434324712278,0.021046467134460053,0.970434324712278,True
0.0001786434710511798,0.1500539975857992,-0.15231707760924496,0.9704390845598995,0.02100170383596234,0.9704390845598995,True
0.00015246374468738826,0.15007477731499796,-0.15230064117723346,0.9704527778993532,0.021137649199398152,0.9704527778993532,True
0.0001086212376399552,0.15010211755859038,-0.15230318615086716,0.9704756859287087,0.021338284079537157,0.9704756859287087,True
4.8628133431627254e-05,0.15014015299088213,-0.1523183455531003,0.9705052176660515,0.021629750745273384,0.9705052176660515,True
2.8186438700949954e-05,0.15021407128751635,-0.152414034683161,0.9705064943902725,0.021636555938855457,0.9705064943902725,True
2.1865426860887594e-05,0.15032744390201822,-0.15250015921403914,0.9705000320009941,0.021576136881696215,0.9705000320009941,True
6.788495954783429e-05,0.1503963954168118,-0.15257190531880072,0.9704702911034667,0.021232157795410316,0.9704702911034667,True
5.846130654279499e-06,0.15037403064356286,-0.1525166551847931,0.9705067245269531,0.0216406525929047,0.9705067245269531,True
0.0001061810004908576,0.15031851753609812,-0.1525485031265248,0.9704463196473225,0.021102909664473583,0.9704463196473225,True
4.232854408448655e-05,0.1503265956521955,-0.15251326306686686,0.9704745473144148,0.021559931356670926,0.9704745473144148,True
1.4553810748104791e-05,0.15026088533506193,-0.1525020441931945,0.9705057643848077,0.021619907524776733,0.9705057643848077,True
-3.897230758107656e-05,0.15023493167214472,-0.15248035333918739,0.9705467928273952,0.021857842401014734,0.9705467928273952,True
-5.4669181229170615e-05,0.1502382825059994,-0.15251294689927758,0.9705643931287181,0.021841363492207784,0.9705643931287181,True
-3.6393604043331496e-05,0.15028306574953246,-0.15256121891488686,0.9705620226255234,0.021623245632497155,0.9705620226255234,True
-0.00010326892229598438,0.1502100708132481,-0.15249020816600498,0.9705914367414842,0.0221392497944409,0.9705914367414842,True
-0.00012213815866200968,0.1502290313367678,-0.15255289396838528,0.9706091048002233,0.02214044858328362,0.9706091048002233,True
-0.0001621869642404468,0.15022300246375545,-0.1525139383160436,0.9706334215094625,0.022405820214877855,0.9706334215094625,True
-0.00013119561246909876,0.150238433725852,-0.1525731434435153,0.970614999166783,0.022171294957072114,0.970614999166783,True
-0.0001312029952481108,0.1502437493536801,-0.15260850517204527,0.9706283953583777,0.02207403038442183,0.9706283953583777,True
-0.0001182697331039529,0.15026504635904864,-0.15262794431787327,0.9706339192866467,0.021919326588035245,0.9706339192866467,True
-7.957177622807874e-05,0.15028488366110046,-0.15264381200814234,0.9706273410733784,0.021607041814892942,0.9706273410733784,True
-9.542572574146657e-05,0.15030692081280675,-0.1525669129742741,0.9706622237410646,0.0216284846576192,0.9706622237410646,True
-0.00014512753497167492,0.15035050134399564,-0.1524862468487113,0.9707075514994793,0.021893150325886228,0.9707075514994793,True
-0.00015610276132926035,0.15042544053808965,-0.15245219622231476,0.9707345657776996,0.021880112217382987,0.9707345657776996,True
-0.00020099502148034735,0.150390825975735,-0.1524149627881215,0.9707574113689957,0.022181060050288512,0.9707574113689957,True
-0.00014727643992397678,0.15037695723499256,-0.15245871820128876,0.9707219388842269,0.021858562055945486,0.9707219388842269,True
-0.0001853562017477793,0.15037527191394695,-0.15241478887384982,0.9707491508603538,0.022089866087344957,0.9707491508603538,True
-0.0002079785518589045,0.1503749497530269,-0.15238577306743983,0.9707870564278582,0.022138833334832103,0.9707870564278582,True
-0.0002330703393866019,0.1503077962058109,-0.15236462926347635,0.9707728635509535,0.022419554744948795,0.9707728635509535,True
-0.00022953373056896164,0.1502978433838248,-0.15240697359342673,0.9707801597872954,0.022333928789177445,0.9707801597872954,True
-0.00023709644380803994,0.1502671130382409,-0.15240842721402295,0.9708096458798808,0.02228235730201664,0.9708096458798808,True
-0.0002195258763547236,0.1502740240369564,-0.15242078568112674,0.9708164962278821,0.022110896752139928,0.9708164962278821,True
-0.0002454838475991993,0.1502712103686062,-0.1523578180928762,0.9708570636880945,0.022208967331101864,0.9708570636880945,True
-0.0002782370249044195,0.15028036057296149,-0.15231084145631174,0.9708945123181212,0.022364523586796414,0.9708945123181212,True
-0.000285465520681841,0.1503072830265672,-0.15230709543088117,0.9709240485213,0.022321983609357048,0.9709240485213,True
-0.00029818592264272385,0.1503721322310496,-0.15228605108915041,0.9709580250930221,0.022322630739553817,0.9709580250930221,True
-0.0002015267069824047,0.1501729114562429,-0.15239534953358896,0.9708555717891906,0.021829015660935036,0.9708555717891906,True
-0.00018874241282225413,0.15013976789568736,-0.15227788423772173,0.9708920708144353,0.021673260409369104,0.9708920708144353,True
-0.00018381607958827586,0.15016240987627752,-0.1521723496541595,0.9709250115250103,0.02157312311883575,0.9709250115250103,True
0.0001539334388171386,0.14862528536682754,-0.15657185874763604,0.9695455845630195,0.02127703997220751,0.9695455845630195,True
0.00023790630028387954,0.14964102092386442,-0.15742808133679154,0.9693186078382674,0.021023042245609212,0.9693186078382674,True
0.0002188980211441747,0.14923747175771757,-0.1570778057427913,0.9693985334163605,0.02102188358726743,0.9693985334163605,True
0.00022342188963330085,0.1495769171054814,-0.15739769933797504,0.9693362108065003,0.02110604440584517,0.9693362108065003,True
0.00019860531677601379,0.1491689338356297,-0.15711531688038072,0.9694027759989149,0.021105833667810693,0.9694027759989149,True
0.00021712254581146318,0.1492271356731753,-0.15717727854170727,0.9693862226986162,0.021021019314986844,0.9693862226986162,True
0.00020108794316322959,0.14896443815334953,-0.15693697106112087,0.969430196357177,0.020996983513293977,0.969430196357177,True
0.00018867838734535323,0.14877046593553725,-0.15672030325371725,0.9694623946714572,0.020961609501366874,0.9694623946714572,True
0.000293354084416754,0.14938935405967568,-0.15764243783525966,0.9693236141824753,0.020765106987132347,0.9693236141824753,True
0.00027941063600339617,0.1493615104608014,-0.1576006938531797,0.9693357772514044,0.02083834773138477,0.9693357772514044,True
0.0002626166447235775,0.14914917581559406,-0.15740978169529493,0.9693632353095785,0.020813566402102846,0.9693632353095785,True
0.00024540707751322067,0.14910523427057798,-0.15734848583230607,0.9693761028931608,0.020886832344492685,0.9693761028931608,True
0.00022247361670415286,0.14900566117534203,-0.15726159369332793,0.9693900855043484,0.02094511437022182,0.9693900855043484,True
0.00019912164129068513,0.14894225199285763,-0.1572102741697874,0.9693961128020376,0.021013799787140415,0.9693961128020376,True
0.00018658803183405195,0.1488558416805996,-0.157188100392769,0.9693825686765117,0.020957911309372596,0.9693825686765117,True
0.0001597703074393594,0.14879571500921457,-0.15713989719801844,0.9693751604508365,0.020990626692509548,0.9693751604508365,True
0.00013217952640545914,0.14877462295237953,-0.1571196099873831,0.9693629572202358,0.021040426056620428,0.9693629572202358,True
0.0001547700387641041,0.14876030591746225,-0.15704678127070285,0.9694531856395082,0.021266987425046884,0.9694531856395082,True
0.0001372575897751546,0.14869358947825792,-0.15716765990013046,0.969409794929186,0.02118324942489758,0.969409794929186,True
0.00014759229158190485,0.14869190052755188,-0.15718914283482457,0.9693994983406723,0.021104025185500565,0.9693994983406723,True
0.00022509215465193035,0.14876006397672784,-0.15715976631715664,0.9694274653270069,0.02092672383836116,0.9694274653270069,True
0.00020388413403550984,0.1486365800432556,-0.15707941606760398,0.9694284243087958,0.02090605883979939,0.9694284243087958,True
0.00019781225061718131,0.14859375098088984,-0.15703346025002274,0.9694183188905209,0.02083883875347141,0.9694183188905209,True
0.0001764119873593823,0.1485798030434649,-0.15698507822816757,0.969422405756648,0.02091374664779141,0.969422405756648,True
0.00015212615526140845,0.14856182044620447,-0.15694647211179089,0.9694077925237565,0.020921278336110693,0.9694077925237565,True
0.00020711797933121203,0.1485144102318381,-0.15698772297205585,0.9694224812407005,0.020750348873102658,0.9694224812407005,True
0.00026665453856996387,0.1485738026382853,-0.15711607556680943,0.9693985433295335,0.02050338713790452,0.9693985433295335,True
0.00024253812167913794,0.14847302084313876,-0.15695811379170194,0.969412445041792,0.020525579139350564,0.969412445041792,True
0.00023263180872206763,0.1484420310332637,-0.15686214772027843,0.9694084249535592,0.020484940548780837,0.9694084249535592,True
0.00021923181570121107,0.14844257402923486,-0.15686933889399404,0.9694188544062103,0.0205890484914958,0.9694188544062103,True
0.00017708310390852395,0.14841456894252178,-0.1567895173403878,0.9694202124540874,0.020715597901341892,0.9694202124540874,True
0.00019416470718864784,0.14832620081243666,-0.15684402926937954,0.9694894856717173,0.02091149223102977,0.9694894856717173,True
0.00017199713031296887,0.1482992443989961,-0.15690700522667794,0.9694564502036052,0.020880250521976906,0.9694564502036052,True
0.00014386078385852095,0.14831670760073612,-0.15694058512596754,0.969435253862524,0.020933833541767376,0.969435253862524,True
0.00012977015902470652,0.14829035718750497,-0.1568761118129487,0.9694709231942952,0.02110019639852136,0.9694709231942952,True
0.00048462566343389254,0.148069910131079,-0.15541171606668894,0.9699151747791702,0.02074462140019467,0.9699151747791702,True
0.0004561994302934179,0.14781888529041382,-0.15526523496265673,0.9699431784316787,0.020760838238750058,0.9699431784316787,True
0.0005397467283914355,0.14809891567549113,-0.1555111735807665,0.9698919680130725,0.020476494176917704,0.9698919680130725,True
0.0005130192534418696,0.14788565210884574,-0.1553188405665576,0.9699217266640237,0.02049895980823366,0.9699217266640237,True
0.0004860273093501004,0.14773904487928347,-0.15514983515370784,0.9699379598359973,0.02052198008938323,0.9699379598359973,True
0.00044450816264554686,0.14769681825028266,-0.1550053792805382,0.9699529708407724,0.020671129474447308,0.9699529708407724,True
0.0004212700308491217,0.14769272971960537,-0.1548957632974209,0.9699448485384241,0.02068596760053961,0.9699448485384241,True
0.00048254626651159956,0.14761995504416112,-0.15502206625197468,0.9699412472670127,0.020422687294207105,0.9699412472670127,True
0.0005189466159103087,0.14764115439020256,-0.15515482148800258,0.9699280319102762,0.020282526429421528,0.9699280319102762,True
0.0004981826489941943,0.14757036597031867,-0.154961931822386,0.9699393086477341,0.020290979685128534,0.9699393086477341,True
0.0005088195984735936,0.1475706915292845,-0.15495237544197055,0.969931427157328,0.020208739317312027,0.969931427157328,True
0.0005192570488599532,0.14756937252666494,-0.15494462250238844,0.969924512099837,0.020131183341649223,0.969924512099837,True
0.0005561342716475021,0.14760122065456216,-0.1551727407041588,0.9699077550700886,0.02001762108115629,0.9699077550700886,True
0.0005807345319819066,0.14765176311926137,-0.15531791962506683,0.969890508721584,0.019930288248269392,0.969890508721584,True
0.0006282623810311279,0.1480056088753198,-0.15608832146862747,0.9698377634130095,0.020017085358784593,0.9698377634130095,True
0.0006023898715584314,0.1478402304585094,-0.15597923441979503,0.9698443391052404,0.02003232387589053,0.9698443391052404,True
0.0005785464360323559,0.1477153578020702,-0.1559014761266964,0.9698339036785033,0.020015447785767127,0.9698339036785033,True
0.0005553316583727551,0.1476783863377952,-0.15584880554541394,0.9698186994446393,0.020035166574245776,0.9698186994446393,True
0.0005315107513414053,0.14766931971338576,-0.1558274561687892,0.9697833148173789,0.020017819200770046,0.9697833148173789,True
0.0005818564674616976,0.14758301805615917,-0.15584642503605237,0.9698319278639952,0.019906202351424557,0.9698319278639952,True
0.0006060234524721518,0.1476274584147756,-0.15600353827210392,0.9698852611254775,0.020054905891794875,0.9698852611254775,True
0.0005792588809940243,0.147563564007236,-0.15601228017818977,0.9698634250155936,0.02007688180882912,0.9698634250155936,True
0.0005534208036885132,0.147539426486828,-0.15604213610242298,0.9698387082736606,0.020112872318566,0.9698387082736606,True
0.0005240962480355139,0.14753750204697813,-0.15612577870705477,0.9697926082860342,0.020123758583620095,0.9697926082860342,True
0.0004944577323561074,0.14758187879031423,-0.15623708483263066,0.9697357602454687,0.020131361496669845,0.9697357602454687,True
0.0004669934409069363,0.14768487467546004,-0.1563804003614824,0.9696645920133868,0.02011998589704631,0.9696645920133868,True
0.00045755574992539035,0.14781003197856407,-0.15649895921654317,0.9696015231363612,0.020053431205212312,0.9696015231363612,True
0.0004366283044102183,0.1478364471640335,-0.15650233854102094,0.9696002210507106,0.020158810848155614,0.9696002210507106,True
0.0004074005308200078,0.14799622348468236,-0.15665639033194642,0.9695276186374501,0.020173685960204617,0.9695276186374501,True
0.00037879087147891556,0.14810930983606288,-0.15673773921788411,0.9694920508092153,0.02026383999748469,0.9694920508092153,True
0.00036860281375169054,0.14795331355047012,-0.1565664709396525,0.9695700758663418,0.020447421285081646,0.9695700758663418,True
0.0004397249628237809,0.14774513070566506,-0.15627827212217024,0.9696552805899447,0.020226456789706377,0.9696552805899447,True
0.0004087392110793892,0.1477988305385378,-0.15638530581284038,0.9696086632120853,0.020251199584720783,0.9696086632120853,True
0.0003796722563956246,0.14790842166055393,-0.156511393281647,0.9695526320435669,0.02026573479396402,0.9695526320435669,True
0.00035188590078531306,0.14795862729057,-0.15653461713105116,0.9695454317102579,0.02039268875470627,0.9695454317102579,True
0.0003642867922122356,0.1480072383547762,-0.15660129877327061,0.9695144952629867,0.020268169757884726,0.9695144952629867,True
0.00034131925973401785,0.14812680826233576,-0.15669885279058973,0.9694650303904555,0.02026125271068718,0.9694650303904555,True
0.00034131406118253745,0.14785290572142892,-0.15651983464380897,0.9695714861352357,0.02049252519963382,0.9695714861352357,True
0.00029800700083824986,0.14786132287516834,-0.15650336127608197,0.9695896380146176,0.02074766075165415,0.9695896380146176,True
0.00026676896847553535,0.14795063511382645,-0.1567205874772112,0.9695304156830875,0.02075813554567812,0.9695304156830875,True
0.0002341992904610825,0.14798996432269101,-0.15676110740755084,0.9695268241813064,0.02091297023044089,0.9695268241813064,True
0.00019476011209304796,0.14809046723413866,-0.15693283543273207,0.9694886364931773,0.021027541265256605,0.9694886364931773,True
0.00016889243673197493,0.1482395010411368,-0.15720056777393207,0.9694206881957155,0.021014855131808233,0.9694206881957155,True
0.00024046403243297844,0.14807105095258652,-0.1570098815581054,0.969454573047332,0.020721894950871803,0.969454573047332,True
0.0002114050014728493,0.14813336090069482,-0.15710242447574488,0.9694266458080714,0.02075325267079772,0.9694266458080714,True
0.0001837000786360503,0.14824831889722173,-0.15720405689791678,0.9693933081543966,0.02078299179177133,0.9693933081543966,True
0.00018141668242374154,0.14793330555859005,-0.15697149103141125,0.9694914960732743,0.021039434425665377,0.9694914960732743,True
0.00014841388012447603,0.14800526622472154,-0.15712109941396402,0.96946352108835,0.02110817538502965,0.96946352108835,True
0.00012817668049141398,0.14811672335106346,-0.15729782846165646,0.9694226174857863,0.021099016856074723,0.9694226174857863,True
0.0001141945208535641,0.14791276665578862,-0.15701077604340372,0.9695094167469387,0.021397049085875114,0.9695094167469387,True
5.21056720042802e-05,0.1479674085618622,-0.1572074323700639,0.9694926922294187,0.02162148013725249,0.9694926922294187,True
1.0987577135754435e-05,0.14806288503343185,-0.15741420549102325,0.9694636032803098,0.021726082403378373,0.9694636032803098,True
1.6127787747831907e-05,0.14814153735947527,-0.1575757306816933,0.9694262224525327,0.021600413716193204,0.9694262224525327,True
-4.2408465313414025e-05,0.14814786557985918,-0.15753987717873694,0.9694573900493338,0.02195536707412448,0.9694573900493338,True
-8.029300192144447e-05,0.1482343990018462,-0.15773397223451413,0.9694351467396819,0.022040283287986503,0.9694351467396819,True
-0.00010516291381882327,0.14835915616261147,-0.1579424185740049,0.9694041452414668,0.022050848431455074,0.9694041452414668,True
-0.00012686906102297562,0.1485172925423373,-0.15813085946758276,0.9693742019947043,0.02205294678910621,0.9693742019947043,True
-0.0001291326080944991,0.14868398759619536,-0.15828968503175292,0.9693408537886381,0.021962791011872745,0.9693408537886381,True
-0.00017103626661025265,0.148645176463841,-0.1582274846110328,0.9693715102844468,0.022243697850472168,0.9693715102844468,True
-0.00014856441104018188,0.148720603628773,-0.15833409965039535,0.9693426176489418,0.022047176937990336,0.9693426176489418,True
-0.00015294987814150565,0.14882821649715544,-0.15843693905556824,0.9693271591869161,0.02196667290907341,0.9693271591869161,True
-8.425387522746644e-05,0.14879573548058253,-0.1584743970092104,0.969290365317621,0.02156356069315549,0.969290365317621,True
-2.1050966540856396e-07,0.14874817426719858,-0.1585447051157192,0.9692394624361579,0.021115534512889566,0.9692394624361579,True
-6.627989805955882e-06,0.14873936230829535,-0.15846245959812896,0.9692590112875606,0.021074578534604153,0.9692590112875606,True
-6.37309260771584e-05,0.14870445171162147,-0.15866431972860903,0.9692515267447691,0.021662764772941556,0.9692515267447691,True
-9.062855736036019e-05,0.1486437236074675,-0.15864350475321592,0.9692745202942525,0.021732529348262426,0.9692745202942525,True
-0.00014545213031542074,0.1486402806757066,-0.15859921167521449,0.9693069324927213,0.022060477683493073,0.9693069324927213,True
-0.00015991017485293067,0.1485705099834624,-0.1586624223357276,0.9693160406173318,0.022011002037056335,0.9693160406173318,True
-0.00017685607957055455,0.14854870280558616,-0.1587120147471451,0.9693257532477718,0.02198768502121662,0.9693257532477718,True
-0.00020918126980273646,0.14857096272187173,-0.15872804019334844,0.9693428793546933,0.022109456882280113,0.9693428793546933,True
-0.000227602249335365,0.1486150950431174,-0.15880197195596374,0.9693482715824119,0.022104579259485932,0.9693482715824119,True
-0.00021545682104298183,0.14867871953997192,-0.15886650269106992,0.9693366620444531,0.021960336363687452,0.9693366620444531,True
-0.0002453320311536858,0.14845179572038456,-0.1587489454477494,0.969350671215836,0.02240570878443239,0.969350671215836,True
0.00019432247867072865,0.14861198595283365,-0.15758609197823967,0.9691258190999636,0.021294558231260186,0.9691258190999636,True
0.00017326654091944359,0.14830879666172003,-0.15739437996353348,0.9691876275078368,0.02128837115113067,0.9691876275078368,True
0.00014496594858162562,0.14823074438159897,-0.15731399595514461,0.9692189291974099,0.02142579534046606,0.9692189291974099,True
0.00014930553675217837,0.14810054443606632,-0.15724776430963897,0.9692370360798875,0.021321547106689674,0.9692370360798875,True
0.00012318947824518502,0.14793521102521315,-0.1571143847406624,0.9692800881095683,0.021379871947676005,0.9692800881095683,True
7.079602625547371e-05,0.14786099242255896,-0.15701852816776088,0.9693241041899469,0.021655034385458606,0.9693241041899469,True
3.530450403737597e-05,0.14804902599171407,-0.15706876141286938,0.9693184888471686,0.022036844199098148,0.9693184888471686,True
6.5606242969928805e-06,0.1478385947122714,-0.15705619299735585,0.9693504657371983,0.022057089071142327,0.9693504657371983,True
-2.5824508861861945e-05,0.14770740125868842,-0.15704856906291442,0.9693785458078731,0.02212620129407225,0.9693785458078731,True
-6.283868613716309e-05,0.14762495093765768,-0.15703943451187277,0.9694055849513351,0.022238295176872352,0.9694055849513351,True
-9.51757052059438e-05,0.147563253340172,-0.15705510595593616,0.9694270133576961,0.022307025431783808,0.9694270133576961,True
-6.804617898214492e-05,0.1475631650431466,-0.15708729766505292,0.9694110893231932,0.022112501701373792,0.9694110893231932,True
-0.00010397126518934962,0.1475338665233218,-0.1570420690927798,0.9694400812242474,0.022248544742675548,0.9694400812242474,True
-0.00012794267169775834,0.14751902225933416,-0.15702740749512087,0.9694604894221,0.02228386155184879,0.9694604894221,True
-0.00014430338204118173,0.14755483736347785,-0.15701306047562374,0.9694745561657659,0.02228523446730946,0.9694745561657659,True
-0.00016442221322218622,0.1476325351136995,-0.156985391185065,0.9694902801224902,0.022319229427906435,0.9694902801224902,True
-0.00016035388711807107,0.14773237289754304,-0.1569820097578736,0.9694891236892519,0.022229445985708723,0.9694891236892519,True
-0.00017872781365249754,0.14785656295595015,-0.15692809794052007,0.9695060965160551,0.02226965647101972,0.9695060965160551,True
-0.00020259474205627887,0.14760823109397012,-0.15695950551095683,0.9695132005254503,0.02250552734593449,0.9695132005254503,True
-0.0001996198658775508,0.14768627651604055,-0.15699479043568826,0.9695121676328121,0.0224116432625377,0.9695121676328121,True
-0.0002131378069040287,0.1477850899503909,-0.15698460501890618,0.969527069463293,0.022415859285171556,0.969527069463293,True
-0.00022967664563315843,0.1479095924242256,-0.15696870938111177,0.9695418348399885,0.022443261215909383,0.9695418348399885,True
-0.0002447322443246346,0.1480764572573498,-0.15695857786459466,0.9695553420181983,0.02246710731892142,0.9695553420181983,True
-0.00017178355815498567,0.14777994285766247,-0.15701485978823806,0.9695088512675366,0.022102981332849405,0.9695088512675366,True
-0.00016881264557610024,0.1478259906415428,-0.1569323838213253,0.9695279178064773,0.022022389001112478,0.9695279178064773,True
-0.00012780529446341902,0.14786268005187025,-0.15690813412695157,0.9695168859369914,0.021730818920833124,0.9695168859369914,True
3.108298855904997e-05,0.1475834713935712,-0.15786806656726768,0.9692544062733632,0.021105850434371128,0.9692544062733632,True
1.886920904844654e-05,0.14742625381571062,-0.15761869339874865,0.969311725719574,0.021095585670999326,0.969311725719574,True
1.5166304407227849e-05,0.14732820272054847,-0.15740956218328864,0.9693535106133828,0.021044631416808762,0.9693535106133828,True
0.00015656036585376116,0.1478201683730732,-0.15915275949118796,0.9689913222249336,0.02071867053835838,0.9689913222249336,True
0.00013514133341813606,0.14768068286081434,-0.1589674969513771,0.9690363277959521,0.02079603956166638,0.9690363277959521,True
0.00011121338076263337,0.14750175715364305,-0.15875568894191774,0.9690855148509923,0.020854311558889727,0.9690855148509923,True
8.797366119432094e-05,0.14742924485986422,-0.15865786848816313,0.9691121932236,0.02095328691101252,0.9691121932236,True
8.798283938583844e-05,0.14732825075258402,-0.15856862365805555,0.9691264105951352,0.020878821048313918,0.9691264105951352,True
6.439858808645418e-05,0.14727215556440634,-0.1584872057183046,0.9691486985212278,0.020979586910652888,0.9691486985212278,True
5.122954361552354e-05,0.14715297329123675,-0.15837674505286753,0.9691680949600829,0.020946009345157668,0.9691680949600829,True
8.662038562736513e-05,0.147193453923877,-0.15846181539038504,0.9691421117002263,0.020778857903933145,0.9691421117002263,True
9.591213182136033e-05,0.1471544643577165,-0.1584167592688422,0.9691425574324611,0.020682582388182637,0.9691425574324611,True
0.00010986677568215263,0.14707983624059387,-0.15830737069255155,0.9691475680805116,0.02051990985138378,0.9691475680805116,True
9.014488383571717e-05,0.1470001563161814,-0.15811987578816705,0.9691734954746607,0.020539223877865203,0.9691734954746607,True
7.832026600695367e-05,0.14697665472384938,-0.1579661955184306,0.9691851497095133,0.020514207593623594,0.9691851497095133,True
6.190914418324037e-05,0.14691879050440204,-0.1583048065090223,0.969196533601297,0.020852085953393554,0.969196533601297,True
3.7976520324159895e-05,0.14689746112311242,-0.15826823614326804,0.9692064871250536,0.02094921715711437,0.9692064871250536,True
1.0920012025615176e-05,0.14686916789101934,-0.15824811608748932,0.9692109455685282,0.021029758580816016,0.9692109455685282,True
-1.66257340332701e-05,0.14685436575425945,-0.15826061915743778,0.9692057534964583,0.021085114620586792,0.9692057534964583,True
-4.1193532930659784e-05,0.146850418543795,-0.15830749600890226,0.9691890337253019,0.02108612367470095,0.9691890337253019,True
-5.439970551099831e-05,0.1469133099621838,-0.15835993617752067,0.9691625704020544,0.021041244276404976,0.9691625704020544,True
-7.877585820755165e-05,0.14699714676591832,-0.1583847872767177,0.9691475261262288,0.021094098931985713,0.9691475261262288,True
-9.844222972292127e-05,0.14712184660841487,-0.1584483974680894,0.9691179136951933,0.021088819188697098,0.9691179136951933,True
-0.000123022071768386,0.14695429046010916,-0.1583562862073861,0.9691720447833551,0.021338107773300308,0.9691720447833551,True
-0.00017615138036654088,0.1470726826085355,-0.15844952657175929,0.9691578912115864,0.021539663203513665,0.9691578912115864,True
-0.00022054068679878465,0.1469175284371717,-0.1582635336045613,0.9692306779137556,0.021934558121337506,0.9692306779137556,True
-0.0002188154343908207,0.14702695673909838,-0.15848063330184228,0.9691780196819928,0.021779687503337013,0.9691780196819928,True
-0.00010279771663726353,0.14681191524769013,-0.15827060697598325,0.9691899399678142,0.021281855120628915,0.9691899399678142,True
-0.00011917993826304726,0.14681427175824335,-0.15829762648039017,0.9691836622174186,0.021254568996801594,0.9691836622174186,True
-0.00014670848506483536,0.1468522838803946,-0.1583010644325025,0.9691854591108372,0.021327944556709125,0.9691854591108372,True
-0.00019764669770624605,0.1468095874964254,-0.1582291060728058,0.9692272434833791,0.021710359238442684,0.9692272434833791,True
-0.00025017141903268755,0.14683603145926563,-0.1582850410721436,0.9692341666212765,0.021909519718944167,0.9692341666212765,True
-0.00020324685465744036,0.14685276215209037,-0.15835282947323434,0.9692014935215767,0.02159428575720644,0.9692014935215767,True
-0.00022840788080739878,0.14687650950576958,-0.15838445408392676,0.969202168556171,0.021627089470046747,0.969202168556171,True
-0.000262738123155329,0.14691488286739587,-0.15838816856543556,0.9692127028273052,0.021778020550924093,0.9692127028273052,True
-0.00031647358394953305,0.1469777243001095,-0.1584229029764362,0.9692245769358451,0.02199698628268015,0.9692245769358451,True
-0.00034186345585592725,0.14708826570371775,-0.15851057492669365,0.9692163116755822,0.02204299646064942,0.9692163116755822,True
-0.00033653154047512044,0.14718889484838085,-0.15858660150230108,0.9691949777395297,0.02193338829739084,0.9691949777395297,True
-0.00024343807414631594,0.14714703356896192,-0.15864180306427958,0.969147287340708,0.021393693412359673,0.969147287340708,True
-0.00029591974125345777,0.14718361265078117,-0.15857513011053415,0.9691794730742994,0.021645506424850403,0.9691794730742994,True
-0.00032543131289228624,0.14724664286325434,-0.15854639295973413,0.9691945736310975,0.021741068892359282,0.9691945736310975,True
-0.0003799447667241242,0.14722640126458503,-0.15849738371522992,0.9692278382368913,0.0221019534468545,0.9692278382368913,True
-0.0004185109088700938,0.14725917027158497,-0.15849289717453435,0.9692465069737511,0.022293782656324295,0.9692465069737511,True
-0.0003910312607374464,0.14727450788350896,-0.1585394154593766,0.9692274004821918,0.02209469663682048,0.9692274004821918,True
-0.0004002988098128237,0.14729869822825264,-0.15855524132201787,0.9692333168813018,0.02205296388642269,0.9692333168813018,True
-0.00040081305735386685,0.14734125852353214,-0.1585572936411621,0.9692359041589428,0.021975092466623977,0.9692359041589428,True
-0.00026648086308369835,0.14721685364839993,-0.15871741905173345,0.9691454068564439,0.021327486412967816,0.9691454068564439,True
-0.00022857394907477033,0.14723195043594478,-0.15877874420897364,0.9691163137557898,0.02111185938986629,0.9691163137557898,True
3.2261067879829065e-05,0.148324516736797,-0.16074211543640207,0.9686214374609025,0.020526029322828758,0.9686214374609025,True
-1.0782478695200952e-06,0.148293844303847,-0.16068303057252506,0.9686465764749999,0.020723325644063206,0.9686465764749999,True
-2.6220457440291788e-05,0.14798297607694724,-0.16044827206114579,0.9687067613276737,0.02074370601413533,0.9687067613276737,True
-2.0769881636719966e-05,0.1482938922472031,-0.16071673097085729,0.968657122379476,0.020880344764515484,0.968657122379476,True
4.161711675373641e-06,0.14833677838146098,-0.16075254829643373,0.9686393588229335,0.02075086938250479,0.9686393588229335,True
-6.096391687545591e-06,0.1484384091263621,-0.16080123907755467,0.9686349389050065,0.020871383352207652,0.9686349389050065,True
0.00021277818035401054,0.14990545338389408,-0.16134722541696628,0.9684318132498515,0.020419118715421253,0.9684318132498515,True
0.00018297796878952033,0.14957512797527686,-0.16114059905340233,0.9684843810787749,0.020451375952004917,0.9684843810787749,True
0.00016047804678268475,0.14946632297267853,-0.16105653251620936,0.968507182403676,0.020529633856170005,0.968507182403676,True
0.000149022347540321,0.14930113389623145,-0.16097653149977398,0.9685207556307974,0.020489692913109744,0.9685207556307974,True
0.00012205595918258704,0.1491662885496127,-0.16087537898376505,0.9685412959303444,0.020552487375411304,0.9685412959303444,True
7.878746581513484e-05,0.14900750019910317,-0.1607698475209498,0.968561921650285,0.020666360756527134,0.968561921650285,True
5.7061034551546596e-05,0.14898578321980083,-0.16073696461137527,0.968570767883221,0.020761502301711383,0.968570767883221,True
4.115739115406496e-05,0.14891958109225084,-0.1607211664886139,0.968559580916091,0.020724942900250613,0.968559580916091,True
1.4451384650169912e-05,0.14889640865415749,-0.160689078164254,0.9685587162991798,0.020794144861685245,0.9685587162991798,True
-1.1025667677772447e-06,0.14890112269275788,-0.16066671632343962,0.9685795319410817,0.020942542876455788,0.9685795319410817,True
-5.201269748877681e-06,0.14888195807695445,-0.16071887988142164,0.9685554258167761,0.020861617304635795,0.9685554258167761,True
-2.5224967116618425e-05,0.14888068222498538,-0.1606988343692709,0.9685711984942558,0.021000127346991124,0.9685711984942558,True
-2.9687337508267034e-05,0.14891204180447368,-0.16063099758235552,0.9685990026991823,0.021134470586505784,0.9685990026991823,True
-6.0572209456787305e-05,0.1488362519572263,-0.16077609780597424,0.9685686337879412,0.021133300271353572,0.9685686337879412,True
-8.892991320496174e-05,0.14883005790070086,-0.16092364944238235,0.9685323949255065,0.021131059484623575,0.9685323949255065,True
-0.00012687108515083357,0.1488464345677558,-0.16094476057261983,0.9685367746882428,0.02131039190114172,0.9685367746882428,True
-0.00016273742296704662,0.1488895876512583,-0.16108761574439173,0.9685065724431455,0.02138568680263457,0.9685065724431455,True
-0.00017282832813967822,0.1489548275167111,-0.16126036769667734,0.9684602930416601,0.021310672026489147,0.9684602930416601,True
-0.0002054501275955319,0.14903606676666561,-0.16139444139311668,0.968428160894308,0.021367555406199463,0.968428160894308,True
-0.0002339057777505781,0.14916135709024583,-0.16156120825326573,0.9683850847256962,0.021389081521993005,0.9683850847256962,True
-0.0002597259717654093,0.14934061181885447,-0.16172925715290926,0.9683379027194974,0.021405239208786984,0.9683379027194974,True
-0.00027977942081269574,0.14956953780642815,-0.16189304350854486,0.9682867681970584,0.02139915552506253,0.9682867681970584,True
-0.00021789380939300112,0.14939137024007157,-0.16183440779220368,0.9682913476058891,0.021099917266642013,0.9682913476058891,True
-0.00025099996021127243,0.1494450918686987,-0.16182373136907482,0.9682990946376757,0.021259883020637554,0.9682990946376757,True
-0.00025059144802027814,0.14956660697950727,-0.16190206168207272,0.9682671344985485,0.021150783706183347,0.9682671344985485,True
-0.00028808044960407177,0.14965506620524116,-0.16190708893034184,0.9682702018926473,0.021311391333016114,0.9682702018926473,True
-0.0001832045802962605,0.14928119030640719,-0.1617721160290361,0.9682932807628969,0.020951535100472703,0.9682932807628969,True
-4.350431092807678e-05,0.14934676289285598,-0.16207947167803546,0.9682093488922503,0.020504141584678944,0.9682093488922503,True
-8.497525896931776e-05,0.14926633584876595,-0.1619639062449736,0.9682463066012534,0.020698439164405672,0.9682463066012534,True
-7.63060003828272e-05,0.14914961468912327,-0.16187841677445183,0.9682557795484433,0.020545962759175206,0.9682557795484433,True
-1.809193209559476e-05,0.14928943005530684,-0.16208346142417973,0.9682036799676542,0.02034594765220842,0.9682036799676542,True
-4.0884860986011846e-05,0.14921448739002763,-0.16198732251159412,0.9682280253633828,0.02042905080933405,0.9682280253633828,True
-6.6647414652441e-05,0.1491162098939345,-0.16188035015367477,0.9682531472601859,0.020500192598627887,0.9682531472601859,True
-8.676229661521346e-05,0.14900495812225098,-0.16178027527537497,0.9682699484759361,0.020494995298450776,0.9682699484759361,True
-0.00012659405873339456,0.14899666069088968,-0.16173564949406866,0.9682925568941371,0.020720328874362842,0.9682925568941371,True
-0.00014398212157510886,0.14894300803976485,-0.16169695526872246,0.9682931386946579,0.020696055699646283,0.9682931386946579,True
-0.00016847426240104447,0.1489409814173557,-0.16165192260948708,0.9682949254113263,0.020732343903281252,0.9682949254113263,True
-0.00019566930999176946,0.1489622214768721,-0.16162631238027753,0.9683025830646433,0.02085005510936005,0.9683025830646433,True
-0.00020293221741331255,0.14900135423759117,-0.16165047053711468,0.9682846409022965,0.020786842501627236,0.9682846409022965,True
-0.00022844630981851678,0.14905982549121133,-0.1616381475643219,0.9682787091617013,0.020836620468944755,0.9682787091617013,True
-0.00025317649705499534,0.1491593198766516,-0.16164824552569768,0.9682650492342911,0.020874485453371176,0.9682650492342911,True
-0.0002844656083022082,0.1492315412951558,-0.16164253715525698,0.9682673495705352,0.021013329766744283,0.9682673495705352,True
-0.0003055537920530499,0.14938099904777147,-0.1617054894647823,0.9682418938888107,0.021023637364916838,0.9682418938888107,True
-0.0003333917754226625,0.14955296055967257,-0.161745485636844,0.9682238254963157,0.021103624992724158,0.9682238254963157,True
-0.0003363210026363519,0.14972695949169676,-0.16181455935311354,0.9681927779081986,0.021039810000519465,0.9681927779081986,True
-0.0003663808706055206,0.14955054283079397,-0.16174601075271194,0.9682382830336502,0.021297871052330365,0.9682382830336502,True
-0.0004244968545949067,0.14965351532703444,-0.16177637294685837,0.9682475922814923,0.021575826853028203,0.9682475922814923,True
-0.0004384939802430437,0.14981603118713305,-0.1619047309868727,0.9682171024290059,0.021546193654617074,0.9682171024290059,True
-0.0004571980856523064,0.15001188920642877,-0.1620122722855424,0.9681907467500519,0.021550502047948943,0.9681907467500519,True
-0.00049278561700565,0.15017746035179044,-0.16206285647107943,0.9681853167970964,0.021699997540394908,0.9681853167970964,True
-0.0005481151900284024,0.15038780287657524,-0.16213357554299013,0.9681843994749372,0.02195498221615315,0.9681843994749372,True
-0.0005297360409266274,0.15061260971109666,-0.1622793621616872,0.9681395645659362,0.021759161376784086,0.9681395645659362,True
-0.0005811388268342456,0.15083790323304835,-0.16233373371116197,0.9681420555938028,0.0219953866471636,0.9681420555938028,True
-0.0006022472253385811,0.15111650824629166,-0.16243933806472433,0.9681220544085032,0.02203748527374352,0.9681220544085032,True
-0.0006334539971943109,0.15142036437610606,-0.16252312337181926,0.9681098407222334,0.022155981271494585,0.9681098407222334,True
-0.0006631768972155246,0.15100157302103703,-0.16235445111432412,0.9681642113342973,0.02241107153078843,0.9681642113342973,True
-0.0006815241847082298,0.1512829430995705,-0.16252598773739785,0.9681424789078233,0.022433784982357853,0.9681424789078233,True
-0.0006570780961303985,0.15134136279492347,-0.16257615874187842,0.9681241730751657,0.022273120166053165,0.9681241730751657,True
-0.0006539593802771387,0.15152445135236287,-0.16264292956004103,0.9681139422998383,0.02218789740971239,0.9681139422998383,True
-0.000680944841205301,0.15170223140435485,-0.16265418381792576,0.9681264121041975,0.022292390895289418,0.9681264121041975,True
-0.0007173706603915121,0.1513802618175114,-0.16254797998024656,0.9681536228251602,0.022606419855608347,0.9681536228251602,True
-0.0007516209825838912,0.15150213205824858,-0.16261964409306925,0.9681688637224037,0.022738639449593475,0.9681688637224037,True
-0.0007712921708465324,0.15151849497833073,-0.1626159918736513,0.9681798015742025,0.022849662216356165,0.9681798015742025,True
-0.0007563277224454238,0.15153709940160257,-0.1626541460042825,0.9681698375915466,0.02274371836604663,0.9681698375915466,True
-0.0006456394562127456,0.1513671808999454,-0.16255661736432922,0.9680823157696733,0.022299752295189868,0.9680823157696733,True
-0.0006001353334541061,0.151391260687236,-0.1626148939355488,0.9680455697071735,0.022050962898708698,0.9680455697071735,True
-0.000630898896691164,0.15135666381372387,-0.16255285771980263,0.9680756321742099,0.02221167445607538,0.9680756321742099,True
-0.0006554416207900962,0.15123870623954497,-0.16245809126806218,0.9681241854475846,0.022262654950248678,0.9681241854475846,True
-0.0006706149841183765,0.15132150778946893,-0.16251197608501153,0.9681003458305483,0.02244562152867398,0.9681003458305483,True
-0.0006773771586189842,0.15122650311598795,-0.16250742247076932,0.9681239410129021,0.022406385039550156,0.9681239410129021,True
-0.0006916443435437565,0.15111898399731813,-0.16246507657297798,0.9681612659539949,0.022389240938540618,0.9681612659539949,True
-0.0007084538784974332,0.15106617116013019,-0.16242033850376608,0.9681928509537531,0.022406609098709188,0.9681928509537531,True
-0.0007390833943370619,0.15110522655057035,-0.1624136774629333,0.9681865833199572,0.02269281099689849,0.9681865833199572,True
-0.0007625468032165081,0.1510101799524495,-0.16244163711218268,0.9682205902517422,0.02271393608983898,0.9682205902517422,True
-0.0007825549621740253,0.15096912580458224,-0.16247261648438036,0.968249926372171,0.022724461181832346,0.968249926372171,True
-0.0007974076677754651,0.15098593679599712,-0.1625033284909565,0.9682743451578026,0.022717085167545756,0.9682743451578026,True
-0.0008169772933357485,0.15101397512115688,-0.16250123856163015,0.9682908788060174,0.022800898675511466,0.9682908788060174,True
-0.0008311124213490837,0.15106542402858614,-0.16255578986908223,0.968312736440041,0.022798264377075498,0.968312736440041,True
-0.0008430063437148187,0.15115622466865808,-0.16258037570007725,0.9683313333467644,0.022797069882673836,0.9683313333467644,True
-0.0008556646152308013,0.15128079762081018,-0.16264058780601506,0.9683534134234171,0.022798761181438046,0.9683534134234171,True
-0.0009039431285872267,0.15121556457273877,-0.16258287622454984,0.9683773769750618,0.0231102800378072,0.9683773769750618,True
-0.0009055796340445279,0.15133801624071685,-0.16267766520177923,0.9683919835081114,0.023044458201971006,0.9683919835081114,True
-0.0008540596727127762,0.15119685152737683,-0.1626495101092649,0.9683470997624899,0.02279369096314517,0.9683470997624899,True
-0.0008643954040190448,0.1512209384591002,-0.16261410839560697,0.9683797391888934,0.022799033065769997,0.9683797391888934,True
-0.000934101567699041,0.1510998130619699,-0.16259831949864695,0.9683394997839534,0.023401784142128818,0.9683394997839534,True
-0.0008161657843088733,0.1511974471749518,-0.16255664509291462,0.9682129213256763,0.02288698402593437,0.9682129213256763,True
-0.0008532086755095168,0.15110204524405113,-0.16248690870455712,0.9682632384553569,0.023049456605465663,0.9682632384553569,True
-0.0008335813576858147,0.15100415623349844,-0.16248178535194627,0.9682814538509904,0.022858106184819527,0.9682814538509904,True
-0.0008762775358919122,0.1509690089118623,-0.16242889467604074,0.9683162712557782,0.023095651902965118,0.9683162712557782,True
-0.0009261809422211777,0.15103240332486514,-0.1623981573192623,0.9683284553489651,0.02344161766099743,0.9683284553489651,True
-0.0009045880302311147,0.15092183350996013,-0.16243831496902456,0.9683400650619862,0.02323222909516812,0.9683400650619862,True
-0.0009551877001217042,0.150990040373819,-0.16240271513408056,0.9683505699996551,0.023578797185266568,0.9683505699996551,True
-0.0009548546449194262,0.1508249186653668,-0.1624431251297369,0.9683847983198474,0.02347573493951989,0.9683847983198474,True
-0.0009811962622093336,0.15069576192345827,-0.1624331747623526,0.9684309142727191,0.02353599408118488,0.9684309142727191,True
-0.001106693944891499,0.15087267849613312,-0.1622763399315076,0.9684539114260504,0.024463038286968292,0.9684539114260504,True
-0.0011882826258827392,0.1507495671897592,-0.16227803542366356,0.9685224073415801,0.02486650510414649,0.9685224073415801,True
-0.0011409555966069768,0.15061480847552436,-0.16241807903118938,0.9685174427843528,0.024473568921545365,0.9685174427843528,True
-0.0011561460867835006,0.15046482068769249,-0.1624848672229274,0.9685603136759712,0.02444328304710819,0.9685603136759712,True
-0.0011752865139854577,0.15037491511687542,-0.16253693580858766,0.9686029492773307,0.024454539106079216,0.9686029492773307,True
-0.0009583692569684342,0.15054420467019994,-0.16248948959122775,0.9683771090748051,0.023459492940420934,0.9683771090748051,True
-0.0007622143592207827,0.15174702109333152,-0.16321172748444707,0.9679276653154979,0.022924918739359132,0.9679276653154979,True
-0.0007917561824321369,0.1518537435233229,-0.16326014950941764,0.96792277545331,0.023140025220686932,0.96792277545331,True
-0.0008083478916486708,0.15152399675667796,-0.16309680250724135,0.967989307050683,0.02311628349438147,0.967989307050683,True
-0.0008329596059257943,0.1512962686008882,-0.1629493899072165,0.9680475048951847,0.023166294159365584,0.9680475048951847,True
-0.0006766653397412243,0.1524139132492724,-0.16368956361946563,0.9677369690163434,0.022800472548063118,0.9677369690163434,True
-0.0006894655521513922,0.15224961575210288,-0.16355798622285603,0.9677746834428909,0.022811411963064562,0.9677746834428909,True
-0.0006940591294827914,0.15261118257795464,-0.16377086565952131,0.9677181571423792,0.02299441693526802,0.9677181571423792,True
-0.000716871744686294,0.15277113849167762,-0.16379287679770996,0.9677135501951688,0.023203974030199314,0.9677135501951688,True
-0.0007515679411212249,0.15246169611248953,-0.16374794173991206,0.9677590441793957,0.0232646517849453,0.9677590441793957,True
-0.0007493301873654011,0.15229768848306907,-0.1637521572330419,0.967769546313579,0.023163415847917174,0.967769546313579,True
-0.0007785617051222669,0.15221678687306392,-0.16371761283337222,0.9677935003411764,0.023292581861954258,0.9677935003411764,True
-0.0008193273597834144,0.1519616386271679,-0.16369429309973482,0.9678334917463539,0.023383357517196206,0.9678334917463539,True
-0.0008527815642175083,0.15188863725884694,-0.16367617774951418,0.9678563191349647,0.023528776037958773,0.9678563191349647,True
-0.0008784781384418623,0.15169185984469058,-0.16371814217584088,0.9678757009318307,0.023522743694227643,0.9678757009318307,True
-0.0009101393585049972,0.15155218139906476,-0.16374282157599826,0.9678970168432157,0.02357168524018863,0.9678970168432157,True
-0.0009189026299241863,0.15147331684474538,-0.16378831365900026,0.9679018341239521,0.023513356600149506,0.9679018341239521,True
-0.0009980310374340534,0.15142288679045887,-0.16373974919751433,0.9679495232203377,0.02391516432141788,0.9679495232203377,True
-0.0009459189343603234,0.15139709929023515,-0.1638226318489345,0.967915655330049,0.023520315382798744,0.967915655330049,True
-0.0008572748065351165,0.1514796865143833,-0.16387581856696107,0.9678593936348682,0.023165920104375303,0.9678593936348682,True
-0.00046372120850394,0.15354970664557385,-0.16553238444014573,0.967285900985072,0.02259077494038899,0.967285900985072,True
-0.00036597992184873965,0.1547638658147412,-0.16649713474018285,0.9670358924659878,0.022406532269283193,0.9670358924659878,True
-0.00038654117590289583,0.1544043180263963,-0.166208232660961,0.9671003449156845,0.022407653226136658,0.9671003449156845,True
-0.00023884774531168388,0.15588166061978231,-0.16770269953969438,0.9667952150968917,0.022160353307201074,0.9667952150968917,True
-0.00026212918958222307,0.15556252869771448,-0.1674039558105763,0.9668541627731175,0.022175713649792983,0.9668541627731175,True
-0.00022981272197573235,0.15606524196651356,-0.16797179878090673,0.9667737831929177,0.02224248493519973,0.9667737831929177,True
-0.0001933840303403108,0.1563008737985191,-0.1681167710409887,0.9667438706253113,0.02215757018822054,0.9667438706253113,True
-0.00016376608725700173,0.15677611707949454,-0.1684409349028592,0.9667032736769882,0.022245632287945735,0.9667032736769882,True
-0.0001084410049478154,0.1571813201184972,-0.16856180104146157,0.9666804300973746,0.022174183518426,0.9666804300973746,True
-0.00011932946018728801,0.15701344453362992,-0.16848600088056978,0.9666875514686986,0.022135288883602965,0.9666875514686986,True
0.0001309516737972788,0.15893201371113172,-0.16968036478853946,0.966593899123161,0.022048752422292508,0.966593899123161,True
0.00013992770502508815,0.15911524836399965,-0.1698169405850362,0.9665755331347738,0.022084636752045094,0.9665755331347738,True
0.00017801190270258778,0.159439875631453,-0.16997062356350978,0.9665516079707482,0.02203934103678696,0.9665516079707482,True
0.0003408373625791415,0.1609073257104466,-0.17086382258199115,0.9664563530918108,0.02196953590774173,0.9664563530918108,True
0.0003704447296720173,0.1612833437421722,-0.17113499917067976,0.9664228956998147,0.021993110254338633,0.9664228956998147,True
0.0005296985133265575,0.16281273283441206,-0.17166534029527822,0.9663939327346991,0.022004769171494094,0.9663939327346991,True
0.0005158296529443816,0.16270911697470075,-0.17160390669248166,0.9664013703027007,0.02202389765498305,0.9664013703027007,True
0.0005153904222140116,0.16266717417619747,-0.1715922497096539,0.9663987760431847,0.02199845044296799,0.9663987760431847,True
0.00048766077277600264,0.1624508448263097,-0.17148266296156936,0.9663845880825684,0.021975193286027178,0.9663845880825684,True
0.0004908472738987582,0.1624466841172677,-0.17148106240394922,0.9663797721875659,0.02194827038381391,0.9663797721875659,True
0.0004733871597529726,0.16238196230315563,-0.17141593834999466,0.9663489939870629,0.02191644850449231,0.9663489939870629,True
0.0005057054752089158,0.1624235719476103,-0.171544503878162,0.9664449099653344,0.02202585352699917,0.9664449099653344,True
0.00048358637385463804,0.16236593116012368,-0.17158578971090713,0.9663813565761454,0.02197623633390227,0.9663813565761454,True
0.0004981080617714074,0.16236259798651098,-0.17149488062088517,0.9664752614442365,0.022092748328245506,0.9664752614442365,True
0.0004961411468332032,0.1623598831229013,-0.17155198049933137,0.9664395431769804,0.022034931821596673,0.9664395431769804,True
0.0004840805429029121,0.1623544727192884,-0.17157961651857942,0.9664179281455978,0.022047006647650854,0.9664179281455978,True
0.00046701230022746604,0.16236464362039188,-0.171732887124842,0.9663240201290592,0.02195616694243872,0.9663240201290592,True
0.0005022260078864454,0.16230918803509614,-0.17156911913288933,0.9664377577016446,0.021987708196398722,0.9664377577016446,True
0.0004834194819789543,0.1623003008448839,-0.17159730112344224,0.9663919893792102,0.02197236329977311,0.9663919893792102,True
0.0005365593596891424,0.16222039332153848,-0.17128577687671567,0.9666665555801656,0.022246312559912038,0.9666665555801656,True
0.0005089332251548098,0.16217227198168133,-0.17151258980224682,0.9665571556830859,0.02215577050888187,0.9665571556830859,True
0.0005120973363252575,0.1621493295420969,-0.17138099392636535,0.9666258044359489,0.02225685087713931,0.9666258044359489,True
0.0004920661895110286,0.162165695932202,-0.17165343225590388,0.9665086683089751,0.02214989446923855,0.9665086683089751,True
0.0004930268246748751,0.1621351064121068,-0.1714980355686031,0.96658307396946,0.02226852966886175,0.96658307396946,True
0.0005048191775760751,0.16213693289272588,-0.17149279783205035,0.9665825884672359,0.022214465951428064,0.9665825884672359,True
0.00047761066238297557,0.16215041176883838,-0.17171187534016022,0.9664780609738809,0.02214787572398428,0.9664780609738809,True
0.00048048479267850686,0.16217012778612605,-0.1717852283048552,0.9664410608470266,0.02207254061042112,0.9664410608470266,True
0.0005184535321915614,0.16211039196037083,-0.17163442888722713,0.9665292766345694,0.022054128499611723,0.9665292766345694,True
0.0005040957597131975,0.16210817483657,-0.17164209876560957,0.966516069791827,0.02208550315954484,0.966516069791827,True
0.0004790865321895344,0.16211087899952054,-0.171753157748466,0.9664383246625781,0.022032976992576035,0.9664383246625781,True
0.00045815284459698,0.16215972997512518,-0.17181362070115688,0.9663932581920249,0.02205215248314603,0.9663932581920249,True
0.0004403294453834954,0.1622584650915105,-0.1719768966591126,0.9662954894764368,0.021971379332674824,0.9662954894764368,True
0.0004424406263880997,0.16211674228056594,-0.171813343823278,0.9664036078652205,0.02213205124094399,0.9664036078652205,True
0.00043452475568489177,0.1621884166146613,-0.1719800618060012,0.9663232044416662,0.02203684464901758,0.9663232044416662,True
0.0004105129607580469,0.16230172478422095,-0.17215616421484822,0.9662265397343002,0.02198766342248571,0.9662265397343002,True
0.00038568514959450077,0.16242144307710654,-0.17227776166440584,0.9661604737993645,0.02200878452519167,0.9661604737993645,True
0.0003760772776533335,0.162570037159696,-0.17245962373542362,0.9660676510249224,0.02191717586183977,0.9660676510249224,True
0.000357035413419112,0.1626387437067279,-0.17250560003687235,0.9660411093262606,0.021974851651716334,0.9660411093262606,True
0.00033308084972876394,0.16283929379143425,-0.1727341649316058,0.9659297784425651,0.021926661727399096,0.9659297784425651,True
0.00038874926701431395,0.1623784189474451,-0.17235924344162623,0.9661203903484503,0.02189907258095677,0.9661203903484503,True
0.0004377370647168422,0.16233908606673572,-0.17236839847969834,0.9661243484532184,0.02169070397518167,0.9661243484532184,True
0.0004156272473222046,0.16235441167110692,-0.1723465662499203,0.9661103901728922,0.021737964465244113,0.9661103901728922,True
0.00043614265774464297,0.16222521041014865,-0.1722348587512401,0.9662611305326991,0.02201406310614489,0.9662611305326991,True
0.000434693303118479,0.1622101084007623,-0.1723067600879814,0.9662279147034833,0.0219365609788569,0.9662279147034833,True
0.00042327803841349295,0.16221722803298616,-0.17227106343510862,0.966249412375021,0.022041029477501122,0.966249412375021,True
0.0004129707406170715,0.16218485029591598,-0.17238815812312608,0.9662018713979962,0.02195806435421729,0.9662018713979962,True
0.0003913071372827278,0.16218122731940546,-0.17239887672712445,0.9661976302443857,0.022037382027324526,0.9661976302443857,True
0.00037872258464143147,0.16218113696190106,-0.1723417549017449,0.9662258285508357,0.022159018088593177,0.9662258285508357,True
0.0003535175185911987,0.16214584613691402,-0.1725522842062265,0.9661591821933848,0.02210313804358175,0.9661591821933848,True
0.00032325745573895317,0.16216197484362066,-0.17272114134812183,0.9661025533610322,0.022104672258455565,0.9661025533610322,True
0.00029613772876047566,0.16219476633974886,-0.17280479240199767,0.9660777347629558,0.022179147131286665,0.9660777347629558,True
0.0002861467125950029,0.16215036925992965,-0.17260203168498695,0.9661496750374882,0.02237165031361591,0.9661496750374882,True
0.00026467795003712216,0.1621685923472786,-0.17288944508472662,0.9660726677853587,0.022302561662401386,0.9660726677853587,True
0.00026814239002661416,0.16213627031747144,-0.1726998069913757,0.9661305462508257,0.022412285260381953,0.9661305462508257,True
0.0002693213468011048,0.162134527308984,-0.1727637508013354,0.9661133728611611,0.022365785170950156,0.9661133728611611,True
0.0002676144917343096,0.16212478275666917,-0.1729072039041876,0.9660710900421571,0.022259913023633046,0.9660710900421571,True
0.001282006976025522,0.16181176886652554,-0.16743761642076826,0.9677056717141896,0.022530571120619437,0.9677056717141896,True
0.0012478682927037953,0.1613422526962836,-0.167098676254314,0.9677923053829991,0.022586883451952162,0.9677923053829991,True
0.001229017222766695,0.16119755844853445,-0.16698730363441036,0.9678212136403104,0.022646225853685562,0.9678212136403104,True
0.001198739890316909,0.16078337077816712,-0.16673501684176492,0.9678791320833829,0.022661413099569053,0.9678791320833829,True
0.0011678239228530404,0.16044174510665504,-0.1664926652445579,0.9679251543145416,0.022683302540136837,0.9679251543145416,True
0.0011399684329332028,0.16022143673002306,-0.16629927771336517,0.9679534763599232,0.022715303058128404,0.9679534763599232,True
0.0011093213859596385,0.16004331105258254,-0.16612868225528102,0.9679726559901729,0.0227611978056216,0.9679726559901729,True
0.0011865000439996302,0.16028988594449003,-0.16643169525207974,0.9679481947686177,0.02257698950993091,0.9679481947686177,True
0.0011604545469440241,0.16016733061627703,-0.16628911101589264,0.9679669739653969,0.022633617631876015,0.9679669739653969,True
0.001142472725135447,0.16012486169493415,-0.16623657003987222,0.9679745146073109,0.02269524016693616,0.9679745146073109,True
0.0011216813713953709,0.16007421214897785,-0.16619452761625733,0.9679787295560652,0.022761404296204057,0.9679787295560652,True
0.001093394201290178,0.1599763860738532,-0.16616171038670183,0.9679720289423316,0.0227971546440812,0.9679720289423316,True
0.0011005094117911378,0.16000410857021258,-0.16616023102627425,0.9679770342510935,0.022799761067311505,0.9679770342510935,True
0.0010917100486148557,0.15995776342857357,-0.16618056122626843,0.9679722578432006,0.02279766161087691,0.9679722578432006,True
0.0010726442948172535,0.15991509064693324,-0.16617996243970343,0.9679535358716055,0.022798734350589062,0.9679535358716055,True
0.0010489422735882633,0.15984558738463234,-0.1662189721849055,0.9679343313457058,0.022798815430670128,0.9679343313457058,True
0.0010409526823216282,0.15985807661190382,-0.16622049453281706,0.9679150848240243,0.02278251888399132,0.9679150848240243,True
0.0010363828453459737,0.15985619438355736,-0.16621701563912805,0.9679152612206023,0.022799295713603628,0.9679152612206023,True
0.0010227218571523748,0.15984222771531192,-0.16623031673633906,0.9679029685400204,0.022807898843564697,0.9679029685400204,True
0.0009987070807341378,0.1598257704639289,-0.16630186508349704,0.9678690594326553,0.022799057911276684,0.9678690594326553,True
0.0009798267608737033,0.1598419846012377,-0.16632479986647622,0.9678531849497366,0.02283525784727717,0.9678531849497366,True
0.0009501913271822757,0.15987669081316278,-0.16641411057868372,0.9678140514839603,0.022859053848945626,0.9678140514839603,True
0.0009194631580505449,0.15994343025522315,-0.16647438894712802,0.9677883500577903,0.022942489248029198,0.9677883500577903,True
0.0009643864790077515,0.15985387838916854,-0.1663845772028211,0.9678195714458584,0.022799198066927557,0.9678195714458584,True
0.0009458787809622706,0.15985885875400171,-0.16639715424336968,0.9678060224956501,0.022823849144516507,0.9678060224956501,True
0.0009358518366981948,0.15987293830968838,-0.16643518054100384,0.9677859820263274,0.022798948967736397,0.9677859820263274,True
0.0009285465276947948,0.15986623567161487,-0.166416994846761,0.9678020162680325,0.02288702708338539,0.9678020162680325,True
0.0009140712708703351,0.15986537555679756,-0.1664878413132806,0.9677735216836331,0.02284233837614174,0.9677735216836331,True
0.0008858562303121621,0.15988780434841535,-0.16649881561245358,0.9677680838659741,0.022937104236088045,0.9677680838659741,True
0.0008541141791382597,0.15991374415613827,-0.1665623398372659,0.9677480903568456,0.022996987596421957,0.9677480903568456,True
0.000815381332640087,0.15995243429855288,-0.16659753585584186,0.9677428486577679,0.023149056588521854,0.9677428486577679,True
0.0007834964271686924,0.15997686068229153,-0.16662793120328145,0.9677416963995735,0.023283736123471288,0.9677416963995735,True
0.0007376314592204052,0.1600428357949725,-0.16676517771599964,0.9677149035537197,0.02341566147700556,0.9677149035537197,True
0.0007935318295697335,0.16000159953848714,-0.16672307109693985,0.9677084673700871,0.023148361267544222,0.9677084673700871,True
0.0007902227056040712,0.15996029846893928,-0.16656555860123012,0.9677690805245834,0.023404769448022434,0.9677690805245834,True
0.0007675990626930393,0.15991540987540798,-0.16670981736444293,0.9677451417436489,0.023380257129277868,0.9677451417436489,True
0.0007330167731025911,0.1599120048887917,-0.16680858690113984,0.9677327209407457,0.023452472002044054,0.9677327209407457,True
0.0006978812364308404,0.1599350960931421,-0.16693209650796462,0.9677143456186857,0.0235177853624514,0.9677143456186857,True
0.0007008289451264116,0.1599700630229197,-0.1670343775162063,0.9676867590661743,0.023414733302659013,0.9676867590661743,True
0.0006672570638852294,0.16001705390548307,-0.16710105823523874,0.9676784003859888,0.02350045782489381,0.9676784003859888,True
0.000603365950995332,0.15993580537219879,-0.1669151360196307,0.9677505009958005,0.0240097213369859,0.9677505009958005,True
0.0005630244762798845,0.1599512232901634,-0.1670261304067523,0.967744464714946,0.02412909472316744,0.967744464714946,True
0.0005363791952061375,0.15989929730260444,-0.16669329979363995,0.9678172810395639,0.02450845651409665,0.9678172810395639,True
0.0004915390085839229,0.1598673697929263,-0.16690564919524928,0.9678065325246604,0.024616267891893643,0.9678065325246604,True
0.000497445684976201,0.15986672134290936,-0.16706183179707412,0.967779351122694,0.02448593919018633,0.967779351122694,True
0.0004283340214884086,0.15988620646522353,-0.1667342119506833,0.9678583499816816,0.025108484978553985,0.9678583499816816,True
0.0005402337272612166,0.16031625490628684,-0.1654437384956773,0.9679470086235087,0.025380286075621327,0.9679470086235087,True
0.002415664771560264,0.16884190434698326,-0.15359437236277723,0.967922304978639,0.022697333123132015,0.967922304978639,True
0.0025380013702082983,0.1704703610335557,-0.1546033680747873,0.9676148794757526,0.02246503993970004,0.9676148794757526,True
0.0025293609608404346,0.17051584232427722,-0.15461943842156295,0.9676135813049799,0.022537104636033915,0.9676135813049799,True
0.0025439155765136397,0.17054725657637435,-0.15465033599219147,0.9676014625017934,0.022456917368636854,0.9676014625017934,True
0.0025187939737927015,0.17031275777590296,-0.15450002354497416,0.9676422678673214,0.022513043433251795,0.9676422678673214,True
0.0024846416652565106,0.16994085109115853,-0.15429690930633724,0.9676945406282671,0.022546468794621834,0.9676945406282671,True
0.002458113483214716,0.16963818506208855,-0.15413140570258302,0.9677286053930106,0.022537508312841466,0.9677286053930106,True
0.0024472124668943767,0.16947770065286108,-0.1540298158476133,0.967741857679293,0.022492279912582715,0.967741857679293,True
0.0024451753872093357,0.16938776013928658,-0.15396184697537155,0.9677462118167949,0.022429236899251904,0.9677462118167949,True
0.002421460081452821,0.16927819211069672,-0.15384607513697404,0.9677628318296134,0.022485273754033225,0.9677628318296134,True
0.002471906059556718,0.16947367200139515,-0.15405393830789735,0.9677480122362895,0.022407589690562463,0.9677480122362895,True
0.0024467315328121925,0.16929648701179262,-0.15388566345753324,0.9677663987836461,0.022405871248421125,0.9677663987836461,True
0.0024419704044702324,0.16929746214854322,-0.15387954619093172,0.9677682837189213,0.022434187568825825,0.9677682837189213,True
0.0024239415464595297,0.1692051149484254,-0.15381108427287218,0.9677607993629688,0.02241076128242211,0.9677607993629688,True
0.002398881418168559,0.16918237119340815,-0.15373446762260876,0.9677566112109226,0.022455322014929575,0.9677566112109226,True
0.002372652998816217,0.16918451004906618,-0.15368503459033608,0.9677422909068584,0.022503632637581417,0.9677422909068584,True
0.002371473872251376,0.16914767732883637,-0.15368132762666595,0.9677814482784796,0.02263621452078984,0.9677814482784796,True
0.0024043861766546415,0.16914956670028697,-0.15368363061358328,0.9677857150747028,0.022500325326380556,0.9677857150747028,True
0.002400377117904186,0.16917957119332264,-0.15367967620796444,0.9678068376017913,0.022622168814980834,0.9678068376017913,True
0.00237394298038446,0.1691385783346714,-0.15368781427982028,0.9677990330557101,0.0226907445175781,0.9677990330557101,True
0.00237949537921007,0.16919205926979775,-0.15362367193045767,0.9678290913882172,0.022791298688125298,0.9678290913882172,True
0.002366303532328661,0.16912807698274948,-0.15370559073255902,0.9678052004923609,0.022748437604317898,0.9678052004923609,True
0.002355360033388986,0.16906753589467147,-0.1537726325115438,0.9677810424580907,0.022690980742846253,0.9677810424580907,True
0.002332153104660165,0.1690157381574829,-0.153824881405101,0.967753454802929,0.022665491944005942,0.967753454802929,True
0.0023805106010710876,0.1689877649407216,-0.15380485254232348,0.9677717712719979,0.022510085066366068,0.9677717712719979,True
0.0023532866351034477,0.1689300219627998,-0.15376461696864474,0.9677666767137361,0.0225356366789609,0.9677666767137361,True
0.0023336818196057936,0.1689226528414497,-0.15375504014932162,0.9677456776482618,0.0225133078602605,0.9677456776482618,True
0.002309556939021788,0.16896907875124695,-0.15373776947039774,0.9677279762729851,0.022557930857288522,0.9677279762729851,True
0.0023756293365237166,0.1687826042467582,-0.15373322829570374,0.9677839892122294,0.02240673911237135,0.9677839892122294,True
0.0023551751210144412,0.16873220561311594,-0.15365550821426724,0.9677827196182893,0.022403645394283,0.9677827196182893,True
0.0025253995483398768,0.16869461211054845,-0.1542075251952965,0.9678203303268701,0.022158599604331846,0.9678203303268701,True
0.00250042997643086,0.16854388404722206,-0.1540652744431515,0.9678457357628749,0.022205629366104467,0.9678457357628749,True
0.0024916757226937365,0.16843733480271972,-0.153980969984065,0.9678542708734178,0.022163567271347794,0.9678542708734178,True
0.002469260822211566,0.16836158693342904,-0.15388156347531584,0.967866509203372,0.022215855619324973,0.967866509203372,True
0.0024588534247199987,0.16838625881254463,-0.15388172284413687,0.9678736234625966,0.022304082840466578,0.9678736234625966,True
0.002470287200044804,0.1685050405363398,-0.15391883644666352,0.9678894549300862,0.022407373056839774,0.9678894549300862,True
0.002488481909662718,0.16862344382039238,-0.15388603327167155,0.9679106124636077,0.022471061714913313,0.9679106124636077,True
0.002458602328783523,0.16844452037403293,-0.15397818278792766,0.9678885037603248,0.022449370533253007,0.9678885037603248,True
0.0024426133416985095,0.1684553643639701,-0.15395913958846888,0.9678974873375847,0.022556270492605973,0.9678974873375847,True
0.0024159617423719164,0.16835184062614897,-0.1541059887220206,0.9678568838390182,0.02252137420517558,0.9678568838390182,True
0.002391115591662095,0.1683429409863481,-0.15416834400888224,0.9678388911241835,0.022577228551538386,0.9678388911241835,True
0.002408625793753828,0.16833080413396365,-0.15419730704710968,0.967826388939975,0.022452701761290456,0.967826388939975,True
0.002398454395973397,0.16836260889023522,-0.15413531994804747,0.9678525049039641,0.022602390231403507,0.9678525049039641,True
0.002386486995996253,0.16839046547353947,-0.15406700384825647,0.9678762044945721,0.022744623036878013,0.9678762044945721,True
0.0023772082374177747,0.16832152638904868,-0.1542035362232991,0.9678439762031977,0.022662375846633727,0.9678439762031977,True
0.0024129586507553222,0.16834850847814484,-0.15416673304723563,0.9678457498702939,0.02252025986438874,0.9678457498702939,True
0.0023851314619053833,0.1682494502338151,-0.1541961101701912,0.967837958431265,0.02253904401739317,0.967837958431265,True
0.002382592305489919,0.16820847281819423,-0.15424549156750034,0.9678186410019476,0.022454239092706534,0.9678186410019476,True
0.0023561949512172398,0.16817361632937872,-0.15425390636587427,0.967811055999532,0.022503405278596095,0.967811055999532,True
0.0023570277833593243,0.16820259328916426,-0.15416190740663832,0.9678554976707581,0.02269952201604339,0.9678554976707581,True
0.002334795158760051,0.1681284805022737,-0.1542767286960106,0.9678286563883859,0.0226633357243936,0.9678286563883859,True
0.0023074727090400086,0.1681159411569912,-0.1543698660743876,0.9678026757185766,0.022680342913990476,0.9678026757185766,True
0.002301983731962283,0.16813957399796065,-0.154468273308629,0.9677693541475406,0.022596928952203277,0.9677693541475406,True
0.0022851365886690502,0.1681279101019298,-0.15441236706216913,0.9677946807389805,0.022756448437660254,0.9677946807389805,True
0.0022578869129029813,0.16814388141625883,-0.15453076826375672,0.9677647844965847,0.022774685527607592,0.9677647844965847,True
0.0022353454315574874,0.16820936783347898,-0.1546665931666424,0.9677261313794462,0.022762359295495995,0.9677261313794462,True
0.002233651313404891,0.16819375950215146,-0.1546431088560793,0.9677345390479415,0.022799650948908904,0.9677345390479415,True
0.0022082058877773737,0.16827762982461617,-0.15480307472330082,0.9676927323311072,0.022798850297923876,0.9676927323311072,True
0.0021930991097825854,0.16838802562121716,-0.15492074328093558,0.9676608886034388,0.022799925370905295,0.9676608886034388,True
0.00222375009885277,0.1682617484292913,-0.1548194785916399,0.9676856646928398,0.02270044011554988,0.9676856646928398,True
0.0022054180361893846,0.16829446875619022,-0.15486315771530806,0.9676703515008288,0.022679943392268816,0.9676703515008288,True
0.0021946122747419517,0.16838881241636997,-0.15491030084585436,0.9676467088857826,0.022629213850582676,0.9676467088857826,True
0.002203603830456722,0.1684655629207151,-0.15494842481711713,0.9676237666611819,0.02250160315631812,0.9676237666611819,True
0.002189271595961109,0.1682650098299213,-0.15491273849654694,0.9676726672436302,0.02279498007028032,0.9676726672436302,True
0.0021680240786487687,0.16830014932052123,-0.15497276714104571,0.9676606512794886,0.022798415213953083,0.9676606512794886,True
0.0021587038491073054,0.1683363690406612,-0.15500281999097099,0.9676533054160658,0.022800102533041138,0.9676533054160658,True
0.0021824859385015443,0.16828564855788383,-0.15495959100636897,0.9676574549420285,0.022718677586274626,0.9676574549420285,True
0.0021788420252653257,0.16827009503994925,-0.15497664341260042,0.9676530380917997,0.02263719153430192,0.9676530380917997,True
0.0021695055521397154,0.16827377814604483,-0.1549670696418461,0.9676523981121512,0.022576979534461455,0.9676523981121512,True
0.0021542009099017215,0.16832701427399718,-0.15494278537140568,0.9676514011280752,0.022560162492560605,0.9676514011280752,True
0.002130087697005261,0.16841589371656446,-0.15491606463744978,0.967653417365141,0.022636390571165763,0.967653417365141,True
0.002111207726267987,0.16837023267363918,-0.1548881362777758,0.9676705193428927,0.02279726959640381,0.9676705193428927,True
0.002096703656059348,0.168444797619994,-0.1549371963710611,0.9676613679986863,0.02278340032033964,0.9676613679986863,True
0.002079061765563364,0.16856658092247945,-0.15496535911234485,0.9676527398622082,0.02279585471145568,0.9676527398622082,True
0.002071229425456713,0.16862593921129426,-0.15497933576306405,0.9676492789304839,0.022801358919944156,0.9676492789304839,True
0.002198693536161073,0.16797218430724511,-0.1547530668807137,0.9676757749918368,0.02243084205938467,0.9676757749918368,True
0.0021710528728264267,0.16794088905908722,-0.15469862203295623,0.9676970336546088,0.022559162865495867,0.9676970336546088,True
0.002141344158165053,0.16789955882785162,-0.1546535903908042,0.9677187724080397,0.022683319400866413,0.9677187724080397,True
0.00218520919157723,0.1681587164698632,-0.1546901723282465,0.9676729902322585,0.022800515997965346,0.9676729902322585,True
0.0021554369489030457,0.16808055418055123,-0.15469694381294563,0.9676914564772233,0.022911860742911936,0.9676914564772233,True
0.0021247115321857287,0.16789198846265174,-0.15478182808053204,0.9677116812710227,0.02292627492871902,0.9677116812710227,True
0.002090322890835344,0.16779460357503947,-0.15484865887271637,0.9677273529600735,0.02300649359171407,0.9677273529600735,True
0.0020936971882197773,0.16774079029161923,-0.154925256373898,0.9677246845057058,0.022883316360388803,0.9677246845057058,True
0.0021154672500880546,0.167763328955498,-0.15491998040034763,0.9677126158396264,0.02279884195819407,0.9677126158396264,True
0.0021094619722536526,0.16776981921896528,-0.15491720907921655,0.9677130323510708,0.02283711241483869,0.9677130323510708,True
0.0021143901640126393,0.16816405267001217,-0.15480830207051804,0.9676795030963329,0.023234229222830506,0.9676795030963329,True
0.0020834569416982598,0.1679251275839722,-0.1548984379322858,0.9677070903457359,0.023242491905487956,0.9677070903457359,True
0.0020839281577009245,0.16780820574000388,-0.1549786206417716,0.9677111786915229,0.02312503564461974,0.9677111786915229,True
0.0020495458926783837,0.1677033535938143,-0.1549972405314681,0.9677367732031051,0.02323027187813065,0.9677367732031051,True
0.0020330088753784978,0.16757732304137768,-0.15506792134824857,0.9677540787732037,0.023180882668329447,0.9677540787732037,True
0.0024494818890091635,0.1688061571358859,-0.15441607945442648,0.9674315306169674,0.0226634060192895,0.9674315306169674,True
0.002424052705211721,0.16862147872031963,-0.15430430788247226,0.9674726877446237,0.022741825693964074,0.9674726877446237,True
0.0025406051430205833,0.16961310305308608,-0.15479333965870387,0.9672796454054151,0.022489122469320968,0.9672796454054151,True
0.002536415118422459,0.16978488517047888,-0.15486939449948464,0.967258674527888,0.022596225645551568,0.967258674527888,True
0.0025243191035128195,0.16985774682838892,-0.15487747050368333,0.9672576885155583,0.022705284797473812,0.9672576885155583,True
0.002490223875799457,0.16946432497751915,-0.15478680344423676,0.9673074550956912,0.022714609269034618,0.9673074550956912,True
0.002478264488284052,0.1694669338636119,-0.15477159524516643,0.9673156373881681,0.022799059769259916,0.9673156373881681,True
0.002450560240942602,0.16920046698798835,-0.15475160003142607,0.9673402514590566,0.022798592137267412,0.9673402514590566,True
0.0024330097032513134,0.1690788988350471,-0.15474725606196665,0.9673511696520355,0.022807862394849023,0.9673511696520355,True
0.002403802175361609,0.16884856356140954,-0.1547818385339754,0.9673637603140399,0.022803215825961513,0.9673637603140399,True
0.0023757967747945062,0.16869196141139,-0.15481327539355974,0.9673698482982551,0.02280493263788641,0.9673698482982551,True
0.0023471298519098884,0.16860292182100142,-0.15484044742033573,0.9673718600221196,0.022830761639491125,0.9673718600221196,True
0.0023146934394613675,0.16859875130313207,-0.15484992141035886,0.9673750737188768,0.022944619173738145,0.9673750737188768,True
0.002292224269849285,0.16858910052792905,-0.15491672950249288,0.9673631198707418,0.022941834379087245,0.9673631198707418,True
0.0022691064265057356,0.16863081017018547,-0.1549735772576766,0.9673492598107412,0.022952298974472422,0.9673492598107412,True
0.0022752229703306122,0.16868389316542406,-0.15502380876304242,0.9673291341319674,0.022839462052502323,0.9673291341319674,True
0.0022631374139306746,0.16876684560809585,-0.15504154006453502,0.9673162217920785,0.0228085141072579,0.9673162217920785,True
0.0022712325051474007,0.16874056674647658,-0.1550446191701591,0.9673172504857964,0.022788715075898254,0.9673172504857964,True
0.0022554245990563772,0.1687752809858097,-0.15498393258035006,0.9673225699424873,0.022778331675945045,0.9673225699424873,True
0.002260990992703707,0.16867606648021438,-0.15502652455743565,0.9673286512726494,0.022838441045160245,0.9673286512726494,True
0.0025343327661861083,0.16833058794789893,-0.15500757255211492,0.9673012281863722,0.02240786931768115,0.9673012281863722,True
0.0025150742947936426,0.16809259087221182,-0.15485529231563372,0.9673459490275085,0.022399881597779742,0.9673459490275085,True
0.0025703806623840982,0.16880969663817122,-0.1554017143688551,0.9672116822633187,0.0225060931269628,0.9672116822633187,True
0.0025691045689879813,0.16863519043933087,-0.15537097703153194,0.9672257065030683,0.0224163502319186,0.9672257065030683,True
0.0025817810232460566,0.16872649805967488,-0.1554119506553413,0.967210313892135,0.02239197700966967,0.967210313892135,True
0.0025956408136111027,0.16870706311178565,-0.15541611945404032,0.9672055612119203,0.022298670322213516,0.9672055612119203,True
0.0025937611943254012,0.16884790508762731,-0.15549436488704405,0.9671914850733152,0.022400258731113468,0.9671914850733152,True
0.0025744345287889835,0.16862262596342012,-0.15541787412099065,0.967214679220852,0.02236651067712399,0.967214679220852,True
0.0025715105619517594,0.16866300628432881,-0.15542397047104292,0.9672144955208134,0.022407888080600836,0.9672144955208134,True
0.0025493700363729277,0.16849124477061325,-0.15538983323633013,0.9672269418402779,0.022410821462497055,0.9672269418402779,True
0.002527834118873791,0.168456430142445,-0.15537045936252253,0.9672365719900934,0.022504407706036074,0.9672365719900934,True
0.0025000278710637243,0.16830385525692934,-0.15540119062324967,0.9672341652832258,0.022505306331721868,0.9672341652832258,True
0.0024708575175575492,0.1682530973652274,-0.15541799145660348,0.9672319847775286,0.022577397706786996,0.9672319847775286,True
0.0024463877943002475,0.16820327290477186,-0.1554876316365836,0.9672127790090165,0.022568671240604625,0.9672127790090165,True
0.0024175773697533917,0.16821244515629813,-0.1555352088437837,0.9671962395702074,0.022618083543139742,0.9671962395702074,True
0.002496521431808313,0.16810402314388959,-0.1554059609563283,0.9672385198941958,0.02240693317304254,0.9672385198941958,True
0.002483054523388246,0.16804160222878872,-0.15537926201711097,0.9672392707806812,0.022379370531369507,0.9672392707806812,True
0.002467388625705567,0.1680107134059216,-0.1553461454299946,0.9672432841459757,0.022408280074205967,0.9672432841459757,True
0.002465965154706161,0.16799860139701905,-0.155345879282471,0.9672382968552057,0.022366224964887348,0.9672382968552057,True
0.002457164652381455,0.16795291998439116,-0.15531213099170899,0.9672353157862622,0.022310650887614275,0.9672353157862622,True
0.0024335942293253437,0.16794741439644592,-0.1552505885235825,0.9672402876016637,0.02236582266497326,0.9672402876016637,True
0.002447217912767966,0.16792811500941798,-0.15529189226621548,0.967258146950543,0.02246074129454026,0.967258146950543,True
0.002424887741378255,0.16787758998427654,-0.15532233506708024,0.9672476545007588,0.02244732786315295,0.9672476545007588,True
0.0024097209210823204,0.16789750668401587,-0.15535343216692638,0.96722936677249,0.022410680532347,0.96722936677249,True
0.0023894495311257325,0.16794002550020956,-0.15536326068419515,0.9672166919507849,0.022437676057521408,0.9672166919507849,True
0.0023802304733123343,0.16779743729388422,-0.15525499232254036,0.9672806577781471,0.02270588352070097,0.9672806577781471,True
0.0023640585455953814,0.1678063924289101,-0.15536725004035268,0.9672531786876452,0.022663525300932963,0.9672531786876452,True
0.002342048451639726,0.16786978812617537,-0.15546026171902874,0.9672272176390032,0.02266546069830126,0.9672272176390032,True
0.0023143778657589904,0.16795514809454512,-0.15550942018605773,0.9672136696985094,0.022757581456276807,0.9672136696985094,True
0.002293442181448259,0.1680878340540661,-0.15563412200685114,0.9671787260679342,0.022761174969369937,0.9671787260679342,True
0.002270430020605656,0.16825367395948207,-0.15573346451112757,0.9671455851354855,0.022798833323386083,0.9671455851354855,True
0.002268280050702441,0.1683922787320501,-0.15582828842681312,0.9671185818781607,0.02275339243496261,0.9671185818781607,True
0.0022477662021292196,0.16811303378741946,-0.15564757510730245,0.9671897128399602,0.023048402040081423,0.9671897128399602,True
0.002280570476142847,0.16813326038694174,-0.155735578791311,0.9671600202688031,0.022798396866821228,0.9671600202688031,True
0.0023022518812439836,0.16811615070245955,-0.15573841253253595,0.9671512455798082,0.022679738678212782,0.9671512455798082,True
0.0022893664011809215,0.16813841006898073,-0.15572664433187045,0.9671513176535632,0.022798815340613236,0.9671513176535632,True
0.0023282535189151363,0.168150790142885,-0.15571344218300603,0.9671458823831305,0.022664393998353273,0.9671458823831305,True
0.00230296303284599,0.1680399538230158,-0.1556766176966575,0.9671664834512251,0.022681329888002824,0.9671664834512251,True
0.0022817500545174695,0.16799121017039242,-0.15565360575882475,0.967179314567619,0.022681056207747886,0.967179314567619,True
0.002265876186148041,0.16800586155004746,-0.1556350303373315,0.9671853781249148,0.022668238181240592,0.9671853781249148,True
0.0022408169118728147,0.16802810637918023,-0.15560999562978073,0.9671950252272583,0.02279621041458491,0.9671950252272583,True
0.002221627812606556,0.168074627683874,-0.1556231173578535,0.9671967581258094,0.022797271930694113,0.9671967581258094,True
0.002244651376989183,0.16809128901750042,-0.15564606813003298,0.9671843152696885,0.022658197566251682,0.9671843152696885,True
0.0022277330270397302,0.16812680775380714,-0.15561671457430884,0.9671906825604775,0.022657432618350803,0.9671906825604775,True
0.0022034929028269864,0.16809924295831585,-0.15560069675988242,0.967202146792055,0.02279915766616348,0.967202146792055,True
0.0022726329311725567,0.16800887955136687,-0.15561496990590842,0.9671798038450814,0.02254385619986164,0.9671798038450814,True
0.002299413727259268,0.16801566827936554,-0.1556589283727581,0.9671615426230686,0.02240774814584908,0.9671615426230686,True
0.00243719895530469,0.1684635009031092,-0.15626480193027745,0.9669858450276988,0.022115132899620842,0.9669858450276988,True
0.0024191972242105695,0.16843394822986088,-0.15622126432821576,0.9670014408581058,0.022210309351682583,0.9670014408581058,True
0.0023983074099071717,0.16820158103091434,-0.15608295363183441,0.9670428385567791,0.02219232695616643,0.9670428385567791,True
0.0024035948114550644,0.16813072215920521,-0.1560401301267391,0.967049862154759,0.022103060322469077,0.967049862154759,True
0.002387200737111989,0.16798460029195886,-0.15589680123168514,0.9670794393524418,0.022076355639696364,0.9670794393524418,True
0.0023671985721865066,0.1679726148465726,-0.1558529180201303,0.967091768989027,0.022177403230089952,0.967091768989027,True
0.00234560723048459,0.16795652385401316,-0.15581724687867549,0.9671047640658893,0.022287727240657897,0.9671047640658893,True
0.0023315352297644484,0.16788148485501436,-0.15577535301190584,0.9671094744459295,0.022247769751713647,0.9671094744459295,True
0.002308922381823563,0.16784975247179937,-0.15572111898972793,0.9671136803340011,0.022259292096939533,0.9671136803340011,True
0.002288782576411374,0.16787904103644982,-0.15568230520204743,0.9671087005997552,0.0222636371318628,0.9671087005997552,True
0.002272549288404688,0.16797696224233583,-0.1556547250368618,0.9670944645664884,0.022258100887479208,0.9670944645664884,True
0.0022537343220605803,0.16813079275332052,-0.15562133999315395,0.967079534958434,0.022291934665592365,0.967079534958434,True
0.0022537656989610926,0.1682833543579476,-0.1556206535031121,0.9670527804683408,0.022216137039541506,0.9670527804683408,True
0.0022431088484719435,0.16847697704288372,-0.15558450272130453,0.9670323390872159,0.022201918716973967,0.9670323390872159,True
0.002231840931050302,0.16871964923175298,-0.155544983008739,0.9670070189222473,0.022201254320151565,0.9670070189222473,True
0.0022307459603412593,0.16900635875685105,-0.1555204354038163,0.9669730429872224,0.022142688239512553,0.9669730429872224,True
0.0022107645233273134,0.1692142909931696,-0.15547814032628773,0.9669620498540922,0.022234343771648225,0.9669620498540922,True
0.00219573531471224,0.16951995091166197,-0.15545880691955902,0.9669336928549026,0.022274342440724595,0.9669336928549026,True
0.0021976567344083433,0.16983990872419852,-0.15546821349417375,0.9668958270268159,0.02221181928778001,0.9668958270268159,True
0.002224171353185419,0.16990421613015502,-0.15549504959382515,0.9668728074789767,0.022030968726543164,0.9668728074789767,True
0.0022191527526230926,0.17015685308531017,-0.15543438276244276,0.9668557945402865,0.02199634226275768,0.9668557945402865,True
0.0021817064538765564,0.16919234795786645,-0.15557124099446323,0.9669518919943355,0.02240985222345314,0.9669518919943355,True
0.0021581239452537647,0.16926846572088505,-0.15556269469869807,0.9669546951312902,0.022519254507588404,0.9669546951312902,True
0.0021543169431217824,0.16941882449958037,-0.15561996711006454,0.966934458448501,0.022445661096491556,0.966934458448501,True
0.0021239455738642824,0.16945507294621814,-0.1555962930806611,0.9669474919849625,0.02262926452636189,0.9669474919849625,True
0.0021056642755787275,0.16960917727834926,-0.15565770707260906,0.9669356892589469,0.022655659487588894,0.9669356892589469,True
0.0020917340276338046,0.16980075058844246,-0.15573601046785548,0.9669192626834091,0.02265228347607182,0.9669192626834091,True
0.0020744542867514155,0.1700448254573093,-0.15580883432421802,0.9669021589218081,0.0226806810139875,0.9669021589218081,True
0.002057396004971258,0.1700285600245868,-0.15578463603756756,0.9669151274015736,0.022799381413625662,0.9669151274015736,True
0.0020476869094267843,0.1702251277458,-0.15587639440000198,0.9669013767214398,0.022798956405216196,0.9669013767214398,True
0.002011323490832804,0.17036584259879758,-0.1558894546778813,0.9669089181340305,0.022979993010022785,0.9669089181340305,True
0.002104507232899546,0.16990894377870308,-0.1557720273474325,0.9668917013236756,0.02253917813004405,0.9668917013236756,True
0.0020764781062535902,0.1699300826240192,-0.15573042049867622,0.966915900958688,0.02264441255576513,0.966915900958688,True
0.002084159327138787,0.16994571177060333,-0.15573516188497236,0.9669201645155258,0.022528640374303348,0.9669201645155258,True
0.0020631084774242327,0.16996688122401127,-0.1556792952644502,0.9669494469182337,0.022565777366231384,0.9669494469182337,True
0.002073146546887626,0.17000226565816054,-0.15567579818896446,0.9669508510371413,0.02244438796800627,0.9669508510371413,True
0.0022053415675974577,0.16972650306745593,-0.15608248151716597,0.9667954346868717,0.022045552486904273,0.9667954346868717,True
0.0022008051541019323,0.17001026170457603,-0.1563303443665132,0.966725758809329,0.022271905663287527,0.966725758809329,True
0.0021776647438122884,0.16998786899993792,-0.15629755085261826,0.9667418367837491,0.022397702553791157,0.9667418367837491,True
0.0021513873041741696,0.16975541119010779,-0.15623536726886167,0.9667876874471671,0.022407467584563693,0.9667876874471671,True
0.002128641638686001,0.16958739930846822,-0.1561902078681495,0.9668249263445302,0.022415977372767022,0.9668249263445302,True
0.0021193398720870233,0.16950538561626127,-0.15617592797510887,0.966842694597854,0.022402989328274173,0.966842694597854,True
0.0020986128134061056,0.1693782462851687,-0.15611321038602255,0.96687748424495,0.0224000026632313,0.96687748424495,True
0.0020854873467547664,0.16934036346720957,-0.15607139921240504,0.9668977831045551,0.022407666888015494,0.9668977831045551,True
0.002069579827170146,0.16929771693865428,-0.15603851289637077,0.9669206184651292,0.022407416824942683,0.9669206184651292,True
0.002049085951130055,0.16930957672790664,-0.15603002831845939,0.966923655459155,0.022561415850729048,0.966923655459155,True
0.0020656800737983124,0.16928814188093785,-0.15605620183015315,0.96691833087223,0.022408392209882878,0.96691833087223,True
0.0020370860102083116,0.16927656638760935,-0.15601787913466886,0.966938408507478,0.022560520735339776,0.966938408507478,True
0.00202141175026035,0.16921102590245657,-0.15601350839578734,0.9669594656220285,0.02252808980274969,0.9669594656220285,True
0.002001155698944143,0.1691937462693229,-0.15599589978328016,0.9669809683874643,0.022542170973795937,0.9669809683874643,True
0.001974935649231188,0.16922353352985975,-0.15597815324078318,0.9670005195186341,0.022614279729487253,0.9670005195186341,True
0.0019448016018466011,0.1692784915809381,-0.1559664898519693,0.9670188822791504,0.022726529819560387,0.9670188822791504,True
0.001920048493189777,0.16935386227121255,-0.1559756604176104,0.9670346055297345,0.022798265928844486,0.9670346055297345,True
0.0019740788474886324,0.16927776219609567,-0.15599803963508055,0.9670055852472763,0.02251468072560319,0.9670055852472763,True
0.0020578972613548687,0.1692600012093649,-0.15614804861051182,0.9669225392321731,0.02220739606677455,0.9669225392321731,True
0.0020334188218469394,0.16913248482887586,-0.1560103076619281,0.9669715821573537,0.02224570915660215,0.9669715821573537,True
0.002013407205314732,0.1691573184894366,-0.15601851855753573,0.9669740271237383,0.022405494886446286,0.9669740271237383,True
0.001990747363059959,0.1690500055411487,-0.15595548502322815,0.967006450960045,0.022407595777703664,0.967006450960045,True
0.0019669634577438393,0.16901440347508614,-0.15589297758607676,0.9670405752620826,0.022474041395512342,0.9670405752620826,True
0.0019788907547137425,0.16900626940453745,-0.15590072230292243,0.9670367982542633,0.02238877465749895,0.9670367982542633,True
0.0019626964049721716,0.16898079381770642,-0.15584060390286622,0.9670592595061365,0.022417438231622122,0.9670592595061365,True
0.0019472324522791463,0.16895301166287516,-0.15578485222946617,0.9670849681865066,0.022408637127453307,0.9670849681865066,True
0.0019260680874846404,0.16896599636671963,-0.15571299115831894,0.9671120823632083,0.022442448274511837,0.9671120823632083,True
0.001895987987791495,0.1690298510282952,-0.15564585089881203,0.9671360131519251,0.02256222454142227,0.9671360131519251,True
0.0019029959388602079,0.16908618320696214,-0.1556365719322647,0.9671371156331524,0.02246683031729472,0.9671371156331524,True
0.0018929677627726109,0.16915508048488845,-0.15557253430040552,0.967155229641055,0.02245142649670248,0.967155229641055,True
0.0018936721691617021,0.1692066018603183,-0.15554269848114705,0.9671592210798348,0.02240134578513509,0.9671592210798348,True
0.0018809203308927283,0.1692702420466034,-0.15545171525893728,0.9671793120811204,0.022407690920450182,0.9671793120811204,True
0.0018960351918025026,0.16929801888102974,-0.1554468852263968,0.9671762497005735,0.022307827130621006,0.9671762497005735,True
0.0018828151233486105,0.16928055212848583,-0.15547019471829185,0.9671768335711478,0.022420691782634037,0.9671768335711478,True
0.0018706649618206125,0.16929237382261553,-0.15540605327435728,0.9672001188343836,0.022407952992007398,0.9672001188343836,True
0.0020096338480853643,0.168984370920114,-0.15591431600910935,0.9670352879763113,0.022017754475155617,0.9670352879763113,True
0.001992606366569796,0.16879288535750292,-0.1557272239822757,0.9670892924615481,0.022002095023363685,0.9670892924615481,True
0.0019722976139164533,0.1688114823570658,-0.1557200951191701,0.9670971864982459,0.02214479864451427,0.9670971864982459,True
0.0019583902867886154,0.16893735444210986,-0.15580327707929267,0.9670783178808425,0.022351148820618328,0.9670783178808425,True
0.0019482279471274644,0.16878337744766767,-0.15575606433600578,0.9671044864325569,0.02228557093243506,0.9671044864325569,True
0.0021092625521841107,0.16950225379208406,-0.15621584709722589,0.9669017454613765,0.021987455435368255,0.9669017454613765,True
0.0020837338068845235,0.1692169744180963,-0.15603150644999741,0.9669601559597462,0.021998167917431706,0.9669601559597462,True
0.002104414651557575,0.16928453017290365,-0.15610242366048338,0.9669362365402918,0.021902126919626296,0.9669362365402918,True
0.0021402876944076206,0.16930215231015497,-0.15616586442957847,0.9669134772936839,0.021703334726496864,0.9669134772936839,True
0.0021204062871385135,0.16921639007768893,-0.15606802453298643,0.9669390779578073,0.02177235953557052,0.9669390779578073,True
0.0020781440695730505,0.16906063671313315,-0.15591024300993858,0.9669797947294871,0.021910327775579778,0.9669797947294871,True
0.0020630444466360935,0.16899613033152203,-0.1558421072827781,0.9669961170883943,0.021947848519087904,0.9669961170883943,True
0.002055992071849795,0.16894371460588622,-0.15580367675590814,0.9669999262645539,0.02190938288235072,0.9669999262645539,True
0.002036599406409214,0.16885896479876283,-0.1557071243490046,0.967014222641164,0.021908369442801272,0.967014222641164,True
0.002018693402156688,0.16883010627670836,-0.15561768721930586,0.9670207115539985,0.02190928442258282,0.9670207115539985,True
0.0020228526385213767,0.16880462582259217,-0.15570806640493434,0.9670369084011783,0.0220671249330471,0.9670369084011783,True
0.001995434735168113,0.16876525119011235,-0.15569785659348281,0.9670363865559783,0.022106765459526192,0.9670363865559783,True
0.001971035525633311,0.16876546743707266,-0.15568480249512281,0.9670421899844949,0.022221251177169877,0.9670421899844949,True
0.0019404564242212776,0.16877204652160377,-0.1557141600028354,0.9670348310099987,0.022296111439920177,0.9670348310099987,True
0.001909545023264934,0.16880929866045538,-0.15576812479059535,0.9670200749726573,0.02236275196903806,0.9670200749726573,True
0.0018898043946264718,0.1688581714024475,-0.15580698518526803,0.9670085740712187,0.022412981640912405,0.9670085740712187,True
0.001861347415546047,0.16895113164744324,-0.1559096542087507,0.9669810985656979,0.02245185397117013,0.9669810985656979,True
0.0018570667345611123,0.16902688901648374,-0.1559786593863089,0.9669577101864608,0.02240711854768479,0.9669577101864608,True
0.0018484038658118562,0.16895672629216132,-0.15591764859795162,0.9669855219450407,0.022552244137560032,0.9669855219450407,True
0.0018164541049358013,0.16902187144553035,-0.15601153418606975,0.9669693793452057,0.02262216812292694,0.9669693793452057,True
0.0017812468134414895,0.16909676260919218,-0.15606459393993238,0.9669636239141732,0.022760622027088683,0.9669636239141732,True
0.0017721086146330225,0.16910383051848352,-0.1560742090052958,0.9669661749185805,0.022799049991191228,0.9669661749185805,True
0.0017083539022447107,0.16917439597978443,-0.156094413018756,0.966978345353442,0.023141949738586815,0.966978345353442,True
0.0016636175220520184,0.1692508331567295,-0.1561955588622748,0.9669719613046701,0.02331764658779135,0.9669719613046701,True
0.0016213303636453038,0.1693426591070741,-0.15637390335819693,0.9669587362274026,0.023460498794874322,0.9669587362274026,True
0.0016348634330308252,0.1694147310792808,-0.15650717732451755,0.9669297209572875,0.023303300342872868,0.9669297209572875,True
0.0017376622467604917,0.16925685078021502,-0.15642739696528007,0.966908501020188,0.022798384410413586,0.966908501020188,True
0.0017181693085221812,0.16923029438004622,-0.15643364373854773,0.9669223573994986,0.02279945161380213,0.9669223573994986,True
0.0016693638277555094,0.1692366868855841,-0.15637730286013096,0.9669466184342236,0.023138107130694845,0.9669466184342236,True
0.00164035132199821,0.16924359084855278,-0.15642080351370743,0.9669586992974469,0.02319856535615011,0.9669586992974469,True
0.001594753181358019,0.16928670299853354,-0.15641828002097094,0.9669783239587357,0.02341924981514086,0.9669783239587357,True
0.001587890552655417,0.16933599012854986,-0.156484107106311,0.9669755662466533,0.0233741758360973,0.9669755662466533,True
0.0015513127205373357,0.1693910239829788,-0.156486464696073,0.9669927693193703,0.02353175659915807,0.9669927693193703,True
0.0015410001086894932,0.16945718782385943,-0.15654123335799255,0.9669949368999553,0.023505778677740022,0.9669949368999553,True
0.001544465954509613,0.16951651161178186,-0.15657860677882668,0.9669925513866439,0.02341263225362391,0.9669925513866439,True
0.0015208599707514918,0.16959581554083555,-0.15656625166946808,0.9670095187169279,0.023471388574654497,0.9670095187169279,True
0.0014892941522674434,0.16970410395812352,-0.156544868591948,0.9670292232405838,0.023607083380584225,0.9670292232405838,True
0.0020086700292949846,0.16717665641267598,-0.15650295347528745,0.966745529595996,0.02172077016846272,0.966745529595996,True
0.0019882294341485424,0.1673273808010873,-0.15656906210013355,0.96672977235368,0.021913087479773753,0.96672977235368,True
0.002159793590830094,0.16859207513909383,-0.1572663549353604,0.966444462217274,0.021381981397154824,0.966444462217274,True
0.0021610668064507973,0.16851766477957725,-0.1572331402177257,0.966448787767312,0.021313535782161788,0.966448787767312,True
0.0021589480071278304,0.16859257997796587,-0.1572722183696463,0.9664449940198061,0.021392374241284744,0.9664449940198061,True
0.0021551001191429794,0.16841695566330223,-0.15719816301570116,0.9664676225543462,0.021328484122592525,0.9664676225543462,True
0.002113929995280111,0.16835831087648148,-0.15712329307393913,0.9664966039847792,0.021549875320091713,0.9664966039847792,True
0.002135354724549791,0.16884696494692686,-0.15730945071286703,0.9664410603497539,0.021707740606651205,0.9664410603497539,True
0.002102852413593789,0.16852701064922504,-0.15726302288028465,0.9664754053198917,0.021725435190030087,0.9664754053198917,True
0.002098413890982651,0.1683723699985287,-0.15726028870293798,0.9664826308216001,0.021654540855809482,0.9664826308216001,True
0.0020742073426029354,0.16829848679689405,-0.1572257964173847,0.9664993149416302,0.02174706737546441,0.9664993149416302,True
0.0020848730143040624,0.16824548951552606,-0.15724279405877883,0.9664926895007053,0.02164194479515047,0.9664926895007053,True
0.002100345499828722,0.16812157622895132,-0.157242902890169,0.9664869000303897,0.02143297009805056,0.9664869000303897,True
0.0020750141017825867,0.16824954007576728,-0.15725224830397655,0.9664970683170152,0.02171567836886827,0.9664970683170152,True
0.002103216400609083,0.1681878313503572,-0.1572829508020461,0.9664821995171626,0.021478974052843144,0.9664821995171626,True
0.0021369941327488654,0.16827347326355505,-0.15732810609908326,0.9664648828969412,0.02135152982304623,0.9664648828969412,True
0.002134250079945286,0.16819469557171512,-0.15729652577479325,0.9664732577901636,0.021314305703251053,0.9664732577901636,True
0.0021360986857146985,0.16830085697913183,-0.1573522638775,0.9664636457087843,0.021385052438105505,0.9664636457087843,True
0.002114017059398949,0.16822013471543323,-0.1573181239577085,0.9664744328690119,0.021449803083234287,0.9664744328690119,True
0.0020645665188304134,0.16809972239608637,-0.15728083448829488,0.9664920316442341,0.02163076231575512,0.9664920316442341,True
0.0020560479015133267,0.16816249382000398,-0.15724880509971007,0.9665075006695144,0.021767379311024505,0.9665075006695144,True
0.0020300086145069764,0.1680202419704231,-0.15732200019542666,0.9664945063144158,0.021751068837268774,0.9664945063144158,True
0.002004050341211695,0.16793883363926176,-0.15739372369697313,0.9664763247002358,0.02174577727564927,0.9664763247002358,True
0.0019884380277686822,0.16793519618704844,-0.15747503379124503,0.9664473763359089,0.021697091138323396,0.9664473763359089,True
0.001974488598419343,0.16797049385814847,-0.15753722614709792,0.9664172886437137,0.021655034488108925,0.9664172886437137,True
0.0019497310905979793,0.16801589894200447,-0.15755675528610094,0.9664037935406087,0.02172360525326502,0.9664037935406087,True
0.0019121365320605914,0.16811140469333236,-0.15761558160899097,0.9663773316377368,0.021825777435287158,0.9663773316377368,True
0.0020827474672047834,0.16739127491594577,-0.15735121298646462,0.9665242782807358,0.021317415273160938,0.9665242782807358,True
0.002060941648585165,0.16728449419160818,-0.1572575637580306,0.9665387828110047,0.02131463113764446,0.9665387828110047,True
0.0020494840261088216,0.16727446608462743,-0.15719288744760204,0.9665385012288126,0.02131434914538092,0.9665385012288126,True
0.0020257828074965703,0.1672656064183366,-0.15710303454111793,0.9665428902576271,0.021313816836180142,0.9665428902576271,True
0.002020561676722065,0.16727964675827692,-0.15708210763968697,0.9665413762907201,0.02131916762676915,0.9665413762907201,True
0.0020041274898219435,0.16733759884794436,-0.1570471917184401,0.9665285087178562,0.021314377530061466,0.9665285087178562,True
0.0020674943082862407,0.16717315654576342,-0.15711383285516375,0.9665382180954202,0.021071142409201372,0.9665382180954202,True
0.002049127649746507,0.16715195232373353,-0.15701562311827055,0.966544411842901,0.021068566412992252,0.966544411842901,True
0.002121476316104656,0.1670307798726972,-0.1572295014524808,0.9665362729695174,0.02083942102782851,0.9665362729695174,True
0.002127823156974852,0.16700345619512658,-0.15719576271034952,0.9665359522675624,0.020760468449281446,0.9665359522675624,True
0.002132722775747053,0.16697573700745239,-0.15715945761437697,0.9665347146457107,0.020682403320403303,0.9665347146457107,True
0.0022059215062254643,0.16702592586487608,-0.1573737562220036,0.9664894672329398,0.020341157799426773,0.9664894672329398,True
0.002182939247519809,0.1669080834740214,-0.1571851778174133,0.966517987905727,0.02036712025384931,0.966517987905727,True
0.0021859950754875563,0.16688588054841721,-0.1571379139799368,0.9665178917917897,0.020305693353513007,0.9665178917917897,True
0.0021678892993133273,0.16683617307009482,-0.1569723946661328,0.9665292656724261,0.020302595235161956,0.9665292656724261,True
0.0021557830964222067,0.16685204067438328,-0.1568379671494729,0.9665273059208113,0.020279988377910764,0.9665273059208113,True
0.0021624313736462487,0.16675079192358627,-0.1570598689496582,0.9665514399565618,0.020412750574291132,0.9665514399565618,True
0.0021215237324311493,0.166762431558413,-0.15698223834171812,0.966553096161913,0.020565992609557698,0.966553096161913,True
0.0020859333601062546,0.16679001497751808,-0.1569404716739452,0.9665553066770038,0.020735453687158012,0.9665553066770038,True
0.0022141367951678203,0.16659845059282163,-0.15699284751083886,0.9666166900488629,0.020325547284043656,0.9666166900488629,True
0.0021890033179426402,0.16650709819998447,-0.15689486735868194,0.9666239209946885,0.02035226991046416,0.9666239209946885,True
0.0021703036009333783,0.16647025079539154,-0.15682651431996733,0.9666160247230898,0.020338684399402784,0.9666160247230898,True
0.002148197981741403,0.166485681344582,-0.15677177797041278,0.9666100913245921,0.020393046991480576,0.9666100913245921,True
0.0021019457215973344,0.16649173352867272,-0.15673012787862167,0.9666421671907344,0.02071910496534719,0.9666421671907344,True
0.0021928805552148506,0.16643052334634081,-0.15676218617635343,0.9666540766774075,0.02034003227445505,0.9666540766774075,True
0.002235148042797212,0.16649621445764978,-0.15684459608080198,0.9666483327207028,0.020212935467496047,0.9666483327207028,True
0.0022136613139688475,0.16637631609708575,-0.15673375995719432,0.9666571999792191,0.020206595976136152,0.9666571999792191,True
0.002200564275400577,0.16638399579244922,-0.1567225172100714,0.9666626383149434,0.020290368642364946,0.9666626383149434,True
0.002178632467893123,0.16632511723007581,-0.15666945594874176,0.966654024462481,0.02028581502350335,0.966654024462481,True
0.0022369886575458104,0.16627912862147254,-0.15674820851680693,0.9666786469040194,0.02013062015371322,0.9666786469040194,True
0.0022224506331667724,0.16621671815497535,-0.15666516720059873,0.9666771232160241,0.02010701663606527,0.9666771232160241,True
0.002219437563986739,0.16620039592428187,-0.15661864707494869,0.9666694578771607,0.02005604309830912,0.9666694578771607,True
0.0022363453154350776,0.1662000585795104,-0.1566535356457575,0.9666642014882505,0.019973655729352616,0.9666642014882505,True
0.002220493273115534,0.16618711730805627,-0.15659791233543402,0.9666688499974964,0.020030288492616323,0.9666688499974964,True
