omega,alpha,beta,mu,persistence,converged
0.03771587037278484,0.09542809848384075,0.8857577701348317,0.02728131843972338,0.9811858686186724,True
0.03633411932403793,0.09538221561922344,0.8865328541859234,0.027775470799454176,0.9819150698051469,True
0.03741224665568722,0.09530248996969429,0.8860290533835499,0.029999836736679022,0.9813315433532441,True
0.03604361401087027,0.09510044146535548,0.886933903085674,0.03095259330851687,0.9820343445510294,True
0.03482216344605938,0.09502086502672832,0.8876615687007848,0.03241759760106012,0.9826824337275132,True
0.033670274787091475,0.09500277664697186,0.8883048927497899,0.03405971027163611,0.9833076693967617,True
0.03441748659710737,0.09501743317713966,0.8878793406659986,0.03118413477533155,0.9828967738431382,True
0.034357915750510774,0.09499151601180467,0.8879380829317856,0.03316783042165568,0.9829295989435902,True
0.033099401304484216,0.0947856502234569,0.8887997583003645,0.03432578262148436,0.9835854085238214,True
0.03198547183174251,0.09467866095400272,0.8895025660261443,0.03584309261656023,0.984181226980147,True
0.030612767598927268,0.0946188002503006,0.8903120327936838,0.03650790583621179,0.9849308330439843,True
0.0305652301267819,0.09458779088547166,0.8903687211684234,0.03861103385154413,0.984956512053895,True
0.02942714760717727,0.09453227719287138,0.8910477955529881,0.03858128335498336,0.9855800727458595,True
0.028400002538604745,0.09453245257346507,0.8916232715817491,0.03817094038724018,0.9861557241552142,True
0.030855323568433613,0.09443146728220705,0.8903332359265737,0.04045968044769492,0.9847647032087807,True
0.03197516163520972,0.09473483803091926,0.8894528309269033,0.03728101942283214,0.9841876689578226,True
0.0331936014646903,0.09520364237723973,0.888383336265229,0.03437411885204811,0.9835869786424688,True
0.03212469297662882,0.0946054967311126,0.8894704403574475,0.034634884982505915,0.9840759370885601,True
0.03106374119773458,0.09415552314442135,0.8904258604358923,0.03472575670582644,0.9845813835803137,True
0.030222277480665832,0.09389647359193479,0.8911068165917833,0.03571726777356808,0.985003290183718,True
0.029236482411706153,0.09369620216619937,0.8918121648946596,0.03550014363847522,0.985508367060859,True
0.02951404308485304,0.09373149111525683,0.8916305092868301,0.03338677902194888,0.9853620004020869,True
0.028563018870139536,0.09353645228334469,0.8923136660328843,0.033994712204014066,0.985850118316229,True
0.02944628488780077,0.09360791054061096,0.8917783789291748,0.03652457489897143,0.9853862894697858,True
0.02843950935847273,0.0932877462932948,0.8925966436291376,0.0368387216048884,0.9858843899224324,True
0.027521270870078936,0.09309480680524845,0.8932695375344931,0.03779772405422779,0.9863643443397416,True
0.028200321953043356,0.09315497443284065,0.8928458192049228,0.03998546294562124,0.9860007936377635,True
0.027474442607195743,0.09293862694651074,0.8934307053548809,0.03952960879662979,0.9863693323013917,True
0.026903811997626623,0.09282026713640433,0.8938434351888683,0.03868123356665085,0.9866637023252727,True
0.02704350721430012,0.09283206515417308,0.8937606652818074,0.040653299809423324,0.9865927304359805,True
0.026465364951124566,0.09268113115512173,0.8942061772652417,0.039884781936726045,0.9868873084203634,True
0.025798451019959624,0.09254209015369379,0.8946927896705189,0.03919117512945038,0.9872348798242127,True
0.025060955035148054,0.0924459764993236,0.8951838439635297,0.03856769621586962,0.9876298204628533,True
0.024252903317044994,0.09239245623371094,0.8956810662760115,0.03798114332548818,0.9880735225097225,True
0.02335306282947981,0.09239593814494651,0.8961863071516931,0.037519650066415916,0.9885822452966396,True
0.022589935104330022,0.09243201494298314,0.8965933093508783,0.038648265329802436,0.9890253242938615,True
0.021525714771490855,0.09252598057106462,0.897128033388354,0.038909378548435965,0.9896540139594187,True
0.020412650758092257,0.09270330723532157,0.8976284898963104,0.03921800859802933,0.990331797131632,True
0.021645502524265687,0.09238061012294009,0.8971807250193432,0.04205730392222865,0.9895613351422833,True
0.02151118202507253,0.0923873664166507,0.8972512454630593,0.04034647992185694,0.98963861187971,True
0.02049045416756332,0.0922536125095831,0.8979661409965964,0.041025004539647254,0.9902197535061795,True
0.01950024937387755,0.09220068139753214,0.898600435199907,0.04198815166108237,0.9908011165974391,True
0.01857902622217656,0.09220205866582429,0.8991533048944486,0.043260182819995295,0.9913553635602729,True
0.021921281506332074,0.09209084892311613,0.8972408125349889,0.03781211976531471,0.989331661458105,True
0.02132036396791147,0.09183537924216503,0.8978101019183633,0.03676777467617569,0.9896454811605283,True
0.02568491392498671,0.09331338789400397,0.8940070830933436,0.032743592957802985,0.9873204709873477,True
0.026720737270153765,0.09428887285292399,0.8925918749131899,0.03083083932617796,0.9868807477661139,True
0.02723774218255816,0.09492685944114392,0.8917690889727673,0.03302192185416877,0.9866959484139112,True
0.027686086333470108,0.09546511655316037,0.8910684880207265,0.031394222139683986,0.9865336045738868,True
0.027187087878234012,0.09477601967137181,0.8919194935181449,0.03179655116182371,0.9866955131895168,True
0.02724514047877536,0.0948813833572625,0.8918014747986998,0.03330330976518277,0.9866828581559622,True
0.026684796370492283,0.09416726469841313,0.8926902930917334,0.033274181091399714,0.9868575577901466,True
0.028071440835994773,0.09552988961217158,0.8908460671622159,0.03072273549490442,0.9863759567743875,True
0.02831575352976116,0.09586953705471032,0.8904356456216067,0.02932553015711209,0.9863051826763171,True
0.027877019940264706,0.09512066508024415,0.891273001614136,0.02881765811903947,0.9863936666943802,True
0.02746079843962526,0.09450727481308142,0.8919777699831017,0.028565100641821155,0.9864850447961832,True
0.027641289284208434,0.09475504534711664,0.8917001401519685,0.030388869403575644,0.9864551854990852,True
0.027257985556810655,0.09424736448636094,0.8922916283190139,0.030292239510930873,0.9865389928053748,True
0.027504841584600658,0.09451186131886902,0.89197970614036,0.0321525284863271,0.9864915674592291,True
0.027160140618957048,0.09409325539430917,0.8924747044984247,0.032601551895437904,0.9865679598927338,True
0.026835152646929487,0.09377635003277028,0.8928667969619166,0.03283159985976296,0.9866431469946869,True
0.026608306461089894,0.09366357309466174,0.8930478561705677,0.03371689235262609,0.9867114292652295,True
0.026371641393304647,0.09359626012600598,0.8931926953751468,0.034620288075908966,0.9867889555011528,True
0.02612066224849624,0.09359778719556026,0.8932742195495227,0.03429739632609633,0.9868720067450829,True
0.025854565594500507,0.0936968993252833,0.8932765291662932,0.03403946585999979,0.9869734284915765,True
0.02558520025731411,0.09386958823565528,0.8932243559579073,0.0348032853488238,0.9870939441935626,True
0.02629373340610366,0.09332004270716127,0.893422270822334,0.03167935055109978,0.9867423135294953,True
0.025919946221095048,0.09318910411184987,0.8936903032706919,0.03184164088930471,0.9868794073825418,True
0.02564346750951383,0.0931942762878031,0.8937954344715727,0.03114924903083977,0.9869897107593758,True
0.025279510618654567,0.0932835389352754,0.8938665394278972,0.031021189469480345,0.9871500783631726,True
0.02658164929956782,0.09261881045359964,0.8938827051573284,0.02799225172769324,0.986501515610928,True
0.026334798831853204,0.09242525978647335,0.8941618877052856,0.028762083117489116,0.9865871474917589,True
0.02673387752890651,0.09269489162584278,0.8937630528868711,0.030919305430181628,0.9864579445127138,True
0.026336772807451746,0.09227632874122982,0.8942997480101071,0.03076005681271052,0.986576076751337,True
0.02594378908169033,0.09199029959906438,0.8947174838369394,0.03088297459257016,0.9867077834360037,True
0.026400306932768385,0.09216169355164927,0.8943672980008418,0.028775306186324873,0.9865289915524911,True
0.02637484057566811,0.09212904997179351,0.8944013119920009,0.02750923941096875,0.9865303619637944,True
0.026397820591306118,0.09216086196140909,0.8943703555788131,0.028960504236765966,0.9865312175402221,True
0.02603239148873644,0.09181952288439829,0.8948184845869255,0.0287634417360159,0.9866380074713238,True
0.025808636510465284,0.09169681363006012,0.8950197502379126,0.02960692392543871,0.9867165638679727,True
0.025807186555620292,0.09169834290618711,0.8950128775614112,0.028272855932039563,0.9867112204675983,True
0.02593881883414402,0.09175226485781196,0.8949058594698898,0.026728660256206172,0.9866581243277017,True
0.025823783281201558,0.09168247422287591,0.8950181650132852,0.027827053042736832,0.9867006392361611,True
0.025597579567941,0.09155013503055955,0.8952300286013448,0.02865094237514104,0.9867801636319044,True
0.02534088720608738,0.09143657935214747,0.8954304000787308,0.02800160407229581,0.9868669794308782,True
0.025354007657842535,0.09145100724596122,0.8954061138494658,0.026611849948055405,0.986857121095427,True
0.025087398153502905,0.09137929899237417,0.8955826097784948,0.027229811326791864,0.986961908770869,True
0.02481335515183432,0.09137466983186496,0.8956967227038829,0.026561016760691235,0.9870713925357478,True
0.02449881647385509,0.09144183030449095,0.8957707707881162,0.02695018691982579,0.9872126010926071,True
0.02421044081478535,0.09157232184747101,0.8957821359882507,0.02760571885865298,0.9873544578357217,True
0.024874561964988582,0.09107497164288544,0.8959330680526526,0.03025632520387033,0.9870080396955381,True
0.02451031784041323,0.09093926026700279,0.8962203587034355,0.030960432732120013,0.9871596189704384,True
0.024248999913109998,0.0909137331558348,0.8963664011527481,0.032016574279611014,0.987280134308583,True
0.023864318619223137,0.09092360168434746,0.8965354742027362,0.03205339435801723,0.9874590758870836,True
0.023513887431341477,0.09101816172382736,0.8966195115015447,0.03294312226813269,0.9876376732253721,True
0.023738923460636517,0.09094270114827903,0.8965722132022859,0.030894926716800535,0.9875149143505649,True
0.024676279225173015,0.09084858000070233,0.896202259173017,0.03330176020331381,0.9870508391737193,True
0.024222027353075163,0.09051782877244718,0.89671470546409,0.033784247812467104,0.9872325342365372,True
0.024350777195511816,0.09057162696750191,0.8966005510702547,0.032141977262351226,0.9871721780377566,True
0.024517762328159044,0.09066101967326422,0.8964368823579126,0.03050281526297414,0.9870979020311769,True
0.02430154655716474,0.09050942224896444,0.8966766382814978,0.0315010703479663,0.9871860605304622,True
0.023884998997170448,0.09024792705812464,0.8971060903829224,0.03151793807754571,0.9873540174410471,True
0.023492991052284282,0.0901172743399732,0.8974073561868905,0.03130933262459298,0.9875246305268637,True
0.023191816537377948,0.09010400414428872,0.8975620484707526,0.03063777067579591,0.9876660526150414,True
0.022899137351006803,0.09012764636525605,0.897685393609371,0.03150713725502141,0.9878130399746271,True
0.022902178024090215,0.09011218439495475,0.8977011720250997,0.03307670985029355,0.9878133564200544,True
0.022563922079024957,0.09013823075479747,0.897846628970769,0.03260934141802496,0.9879848597255664,True
0.02222668789629672,0.09020611494037503,0.8979576050274193,0.03200033394103643,0.9881637199677943,True
0.021868947344136552,0.09031426705623369,0.8980493485269947,0.03284108067075766,0.9883636155832284,True
0.021588717247810946,0.0904203659424091,0.8981061162451534,0.03399773105496636,0.9885264821875624,True
0.022969768723981297,0.08988134273351543,0.8978325151986967,0.030231288769077904,0.9877138579322121,True
0.02307859003772824,0.08994017592829008,0.8977214853492176,0.02868886585521598,0.9876616612775077,True
0.022633297806486045,0.08966088205649263,0.8982001728208714,0.02898863160419646,0.987861054877364,True
0.022536697469747655,0.0896247959658048,0.8982799654180685,0.02769791517290952,0.9879047613838734,True
0.022069828741441158,0.0894388461567224,0.8986872348782156,0.02752363592581031,0.9881260810349379,True
0.021591903697875576,0.08936194144865718,0.8990093393090863,0.027411872851285903,0.9883712807577435,True
0.02120866729101398,0.08939755900234365,0.8991830642386848,0.026602657436297902,0.9885806232410285,True
0.021131378434970708,0.08942867913164329,0.8991961897198152,0.025138518774658947,0.9886248688514585,True
0.020820617618222896,0.08947553052962641,0.899324584268205,0.023982830868848407,0.9888001147978315,True
0.02171380425626459,0.08928437220113022,0.8989991521913336,0.027306859762340152,0.9882835243924639,True
0.024048468252641387,0.0903214294218121,0.8968087585162691,0.024211983818434413,0.9871301879380812,True
0.023582696341948393,0.08967303830948577,0.897623541753444,0.02429680572881314,0.9872965800629299,True
0.023137911921515725,0.08914574286215542,0.8983153482589632,0.023819198200706646,0.9874610911211186,True
0.023132409746886864,0.08914892418619086,0.898318230366818,0.025148790344132057,0.9874671545530089,True
0.022735468955449395,0.08877021337283293,0.8988528463164145,0.025481193843857563,0.9876230596892475,True
0.022393341088195302,0.08853235730406867,0.8992371795670387,0.026068524601542464,0.9877695368711075,True
0.021997874040451088,0.08833783157111086,0.899608484763618,0.026389077107195076,0.9879463163347288,True
0.021997397649092833,0.08834306851676764,0.8996016437457649,0.025006841670489898,0.9879447122625326,True
0.021586106795830323,0.08821067720250644,0.8999284894821776,0.024885305549982934,0.988139166684684,True
0.023019092961333566,0.08826782213359528,0.8991346313589049,0.022072293367287568,0.9874024534925002,True
0.022596355642375526,0.08781719419022818,0.8997471930246703,0.02200986624834754,0.9875643872148985,True
0.022992101478231778,0.08813472891296244,0.8992717716158892,0.024074226124009217,0.9874065005288517,True
0.022611377074121867,0.0877078684414145,0.8998370283895271,0.02376291753486923,0.9875448968309416,True
0.022849213134015185,0.08790319407406066,0.8995439303757747,0.022181521892627037,0.9874471244498354,True
0.022900628036207432,0.08796407559336887,0.8994683025083227,0.023561346149642712,0.9874323781016915,True
0.02264343757493747,0.08768258858463368,0.8998409797523997,0.02424741235482217,0.9875235683370334,True
0.02268949004575585,0.08772934013046291,0.8997811739524493,0.025598141158527616,0.9875105140829121,True
0.022380515485740517,0.08740481139565229,0.9002121444208483,0.025330658819066258,0.9876169558165006,True
0.022076739840514042,0.0871949361267961,0.9005372568623949,0.02503794559857514,0.987732192989191,True
0.02175433726106506,0.087065516090097,0.9008001966257196,0.02527849747091474,0.9878657127158166,True
0.021614274180180856,0.08705228070929591,0.900878816305373,0.026366694008622335,0.987931097014669,True
0.021288299474070887,0.08704552486983615,0.9010371292305505,0.026502329778960353,0.9880826541003866,True
0.02134988330032132,0.08704129269121659,0.9010086322339496,0.024977801103420426,0.9880499249251662,True
0.02112587032987053,0.08704367610048003,0.9011160937331022,0.025842173633342232,0.9881597698335822,True
0.020792168458666802,0.08710024628214706,0.9012303319963014,0.026227367066680288,0.9883305782784485,True
0.021123642481878768,0.08692833242997891,0.9012200593650141,0.028151489885587657,0.988148391794993,True
0.020958630540008696,0.08689298864222815,0.9013368655901486,0.029323494043646252,0.9882298542323767,True
0.02063345973760922,0.08684899312883589,0.9015413397002451,0.02915935020959345,0.988390332829081,True
0.020268705635233628,0.08688420090969318,0.9016985658389051,0.029234612285411896,0.9885827667485982,True
0.019939708456135043,0.08699982304304539,0.9017691657219279,0.030035792749490777,0.9887689887649733,True
0.01956050026237477,0.08717690096423618,0.9018192080219942,0.030689108251106562,0.9889961089862304,True
0.019670446997876765,0.08712322746038081,0.9018041444251838,0.0289131038783519,0.9889273718855646,True
0.01929889976928846,0.08724346630081468,0.9019055723748498,0.0296038477883711,0.9891490386756645,True
0.01922096424067635,0.08729425511396312,0.9019035967865852,0.02828063851662314,0.9891978519005483,True
0.018908004848602153,0.08739361460983659,0.9019961658273501,0.029193662490654016,0.9893897804371867,True
0.02002328817156457,0.08700687648127596,0.9016857492204472,0.026044619972968114,0.9886926257017231,True
0.01980646254113771,0.08689663771325408,0.9019077612869456,0.025000333249936935,0.9888043990001997,True
0.019692867750124188,0.08685463297954077,0.9020087258624304,0.023750510329876805,0.9888633588419712,True
0.01938756797428089,0.08673123211479629,0.9022926029388988,0.024405468353054127,0.9890238350536951,True
0.019104420549534862,0.08664908895865032,0.9025297292472313,0.02520531441183432,0.9891788182058816,True
0.018657260645552842,0.08657137840916866,0.9028572560763312,0.024950606557336583,0.9894286344854998,True
0.018210907557795777,0.08658570462249597,0.9031066536987917,0.025163803184649745,0.9896923583212877,True
0.017736712342781867,0.08668810363445899,0.9032987853895706,0.025170864907481872,0.9899868890240296,True
0.017701248135321222,0.0866863647923385,0.9033223769803151,0.026703616948979624,0.9900087417726536,True
0.018522655198136114,0.0865418918624921,0.9029496694754314,0.02404595660262736,0.9894915613379235,True
0.018191410814770943,0.08641885724947906,0.9032563017062002,0.023172965363771794,0.9896751589556793,True
0.018473230166314684,0.08650311286378044,0.9030115376040231,0.021451207100984006,0.9895146504678035,True
0.018585158626376816,0.08656554679295109,0.9028889487751697,0.019961641488104948,0.9894544955681208,True
0.018210919551986685,0.08632960574954719,0.9033198711477005,0.02030564525453026,0.9896494768972477,True
0.0183746295789061,0.08641135030331328,0.9031494235983941,0.0187782250165428,0.9895607739017074,True
0.01794870021664468,0.0861511541654511,0.9036320260782716,0.018028045021929135,0.9897831802437227,True
0.01781731909064027,0.08609176578649609,0.903763170906527,0.01911465037437542,0.9898549366930232,True
0.01737498280592445,0.0859136529720341,0.9041849914951323,0.01859508630970027,0.9900986444671664,True
0.018902566085822806,0.08617330570848855,0.9030364621488762,0.02249506459482924,0.9892097678573648,True
0.01933254390091969,0.0866322653029422,0.9023836703350707,0.02423673749939435,0.9890159356380129,True
0.018942165733753263,0.08611439002983413,0.9030624533499482,0.024782548658247798,0.9891768433797823,True
0.018563920099232006,0.08570278533112172,0.9036403032305624,0.025338549342466887,0.9893430885616842,True
0.018162932646387214,0.08536202214159087,0.9041683598023073,0.025586153753305634,0.9895303819438981,True
0.01871219406363656,0.08565840787878878,0.9035964060199974,0.02732546992677188,0.9892548138987861,True
0.01928419097687044,0.08625381380001797,0.9027522196676195,0.028751972923349422,0.9890060334676375,True
0.01905686912096208,0.08592087854736737,0.9031730182413179,0.029769741112128843,0.9890938967886853,True
0.01870837927139992,0.08547109673595962,0.9037575826201302,0.029994825689152044,0.9892286793560898,True
0.018387365969736492,0.08515275302924688,0.9042106206582801,0.030074979045937998,0.9893633736875269,True
0.018047245306127564,0.08491161091655137,0.9046061181033763,0.030536272223313607,0.9895177290199277,True
0.017982141522377818,0.08487983658766879,0.9046706838060847,0.03179428364438841,0.9895505203937536,True
0.01793596494052127,0.08485370649466258,0.9047202209572374,0.03307475319610926,0.9895739274519,True
0.017602814992587028,0.08469240166887074,0.9050432202013647,0.033449614508619926,0.9897356218702354,True
0.017602829092294534,0.08470199058517332,0.9050331720986943,0.032165123691777285,0.9897351626838676,True
0.017431362372207108,0.08464733977027454,0.9051766500727864,0.03327617020320145,0.9898239898430609,True
0.017104163297639627,0.08459098300166938,0.9054062753538028,0.033828769187152684,0.9899972583554721,True
0.017602770618064208,0.08455612989513724,0.9051574435620936,0.03115140127484249,0.9897135734572309,True
0.017358068308569848,0.08440934003785326,0.9054241477934111,0.03197891727462925,0.9898334878312643,True
0.01701947555673571,0.08426866771427352,0.9057380908452612,0.03239218171604443,0.9900067585595348,True
0.016696327285737843,0.08422446864455414,0.9059604068920946,0.032972241449781864,0.9901848755366487,True
0.01635840498762197,0.08427015041068467,0.9061134937036047,0.03301292752048562,0.9903836441142894,True
0.016186404310266418,0.08434831700748235,0.9061438365853144,0.0321322298051917,0.9904921535927967,True
0.015825338950349585,0.08449121648226819,0.9062292988247477,0.03232628673579834,0.9907205153070159,True
0.016427592952388877,0.0840945656284958,0.9062209999806865,0.03452288445605022,0.9903155656091823,True
0.01604471357721314,0.08400136946891362,0.9065329278170938,0.03490932200516659,0.9905342972860074,True
0.015671490251226664,0.08401084136181028,0.9067484325881446,0.0349871970118715,0.9907592739499549,True
0.015281020610669882,0.08410097359991292,0.9069088088734046,0.03510703062565467,0.9910097824733175,True
0.01577885993740925,0.08392392045512381,0.9067529636464104,0.03262987610740063,0.9906768841015343,True
0.015614255486089999,0.08388713416321632,0.9068881510543317,0.03374457969572034,0.9907752852175481,True
0.015285394220243123,0.0838276666703218,0.9071459873734178,0.034495610315000924,0.9909736540437396,True
0.01487077749584479,0.08381305984640972,0.9074209336365691,0.034826817618008515,0.9912339934829788,True
0.015112169575284636,0.08375058007013024,0.9073224269110282,0.03657222589629046,0.9910730069811584,True
0.01476637538113317,0.0836781335247375,0.9076077808560657,0.03748739533294991,0.9912859143808033,True
0.014333859762467475,0.08365642447735215,0.9079056978992354,0.03795019773781236,0.9915621223765875,True
0.01390470184680327,0.08372610487434948,0.9081244737790295,0.038090488773094386,0.991850578653379,True
0.015087367681844965,0.08341696002107965,0.9076147671096582,0.03437492530564843,0.9910317271307378,True
0.014653649110161227,0.08317348618812294,0.9081095443919013,0.034415252313307915,0.9912830305800242,True
0.014716541419409456,0.08318069691113274,0.9080628533386627,0.035928959182451446,0.9912435502497954,True
0.014319619927791459,0.08298419842771172,0.9084938267817443,0.036509941184910764,0.991478025209456,True
0.013889770386653375,0.08286174384897273,0.9088829290974395,0.03679667557269715,0.9917446729464122,True
0.013514271635059819,0.0828343823034978,0.9091572237145757,0.036428007396917816,0.9919916060180736,True
0.013356691035861248,0.08283647152662788,0.9092607115805483,0.037680768400860085,0.9920971831071762,True
0.012906001389996789,0.08282372568847263,0.9095782020068396,0.0381983462398452,0.9924019276953122,True
0.01250791037842611,0.08289640376885433,0.9097868758615687,0.03785430345850053,0.992683279630423,True
0.012114148207055074,0.08300509316007933,0.9099647773070123,0.03734719955896703,0.9929698704670916,True
0.012014967170882263,0.08306364616261072,0.9099839547797837,0.03596158606169178,0.9930476009423944,True
0.013860505977285,0.08272293005855638,0.9089886252367839,0.032587826839592646,0.9917115552953403,True
0.013924764041496103,0.08278486917144273,0.9088904226788539,0.031171522009265477,0.9916752918502967,True
0.013691436991876742,0.08257664903728329,0.9092303831999383,0.03193071216068863,0.9918070322372217,True
0.013287907851739666,0.08226527648027479,0.9097768079553787,0.031414957354556024,0.9920420844356536,True
0.013045346121224231,0.08211633196564978,0.9100724429437904,0.03221608743928179,0.9921887749094402,True
0.013148298779482587,0.08218385943931966,0.909942753266307,0.030693039484267506,0.9921266127056267,True
0.012809674728485267,0.08196197975909832,0.9103673348798723,0.031122254716742168,0.9923293146389707,True
0.013089178464328511,0.08211421323675705,0.9100430583032503,0.029437267089832325,0.9921572715400073,True
0.012897950133516849,0.08196380629353026,0.9103045768923593,0.030299266624941,0.9922683831858896,True
0.013399911900321618,0.08227221219843808,0.9096943824129227,0.032529169427886646,0.9919665946113607,True
0.013929533821088918,0.08283994488577819,0.9088432735520283,0.03056188831438272,0.9916832184378065,True
0.013824483290141944,0.08269948705010668,0.9090347700677714,0.029524288649026117,0.9917342571178781,True
0.013726770384247121,0.08257583818772282,0.9092062952526258,0.028452455864667683,0.9917821334403486,True
0.013404293022642419,0.08217006019363211,0.9097710833280553,0.027840135313611396,0.9919411435216875,True
0.013099018466260286,0.08185358967628122,0.9102465946396152,0.028024178683853204,0.9921001843158964,True
0.012805314925389668,0.08161665846554486,0.9106453413413463,0.028304965616380653,0.9922619998068912,True
0.012476753247553948,0.08142745055147467,0.911025608578705,0.02839323760422486,0.9924530591301797,True
0.012127995081174854,0.08131494750612304,0.9113547924676012,0.02815762629813807,0.9926697399737242,True
0.012072441131814254,0.08129580453908876,0.9114093085834862,0.029404087248700757,0.992705113122575,True
0.012032194930098595,0.08127632724329745,0.9114511293761486,0.03069311655596133,0.9927274566194461,True
0.011737264570613151,0.08118956629165444,0.9117255164847214,0.03131376242912202,0.9929150827763759,True
0.011457764517326854,0.08117090116610322,0.9119310678660132,0.030757887684106158,0.9931019690321164,True
0.012096251569564828,0.08111100612639623,0.911549368280398,0.033018124849269144,0.9926603744067942,True
0.011770137691794682,0.08089284131068185,0.9119592646074631,0.03290700512386152,0.992852105918145,True
0.011419843117580656,0.08074044794662695,0.9123312889452655,0.033257881029006814,0.9930717368918924,True
0.011621212508931968,0.08078920343722441,0.9121517785326543,0.031419742242719116,0.9929409819698787,True
0.01135897492439836,0.08065229687653935,0.912450364455568,0.032122461286301515,0.9931026613321075,True
0.011595697427729278,0.08072802992305445,0.9122224843181433,0.0338182697956184,0.9929505142411978,True
0.011255652436687915,0.08048716303085439,0.9126651605817759,0.03381614530285665,0.9931523236126303,True
0.010996918174476527,0.08036552889738303,0.9129508779936514,0.034662673810635855,0.9933164068910344,True
0.010641115534341723,0.08025957014110588,0.9132914743854713,0.034969221525837486,0.9935510445265772,True
0.010993680702639001,0.0802988170655379,0.9130100837180651,0.03278307758625706,0.993308900783603,True
0.010645650717064392,0.08011421951495455,0.9134156868736024,0.03303536633927497,0.993529906388557,True
0.012488483990280541,0.0806409797204271,0.9116672497822954,0.02938162540400764,0.9923082295027225,True
0.01243341608321036,0.08054186035859161,0.9117911587715077,0.030407641936170647,0.9923330191300993,True
0.01233711560586523,0.08037881899763158,0.9119983056385682,0.0313563703565015,0.9923771246361998,True
0.01253859874591579,0.080669875442778,0.9116090179239168,0.032791420894981646,0.9922788933666948,True
0.012486897799751375,0.08058651613004073,0.9117159102897285,0.03182198583131499,0.9923024264197693,True
0.012293641983589586,0.08026102630350343,0.9121270155518404,0.03253094759151306,0.9923880418553438,True
0.012013100901049616,0.07984316958615323,0.9126740983881236,0.03251774116972947,0.9925172679742769,True
0.011736327840858993,0.07951943279440699,0.9131358709697035,0.032624369005792866,0.9926553037641105,True
0.012265112420185341,0.07992412844236824,0.9124420765330583,0.03451061473400246,0.9923662049754265,True
0.011993422554172715,0.07950339166182549,0.9129839089624101,0.03475444688470706,0.9924873006242356,True
0.011813522049897888,0.07929256553163351,0.9132827903338151,0.03426159254719989,0.9925753558654486,True
0.012224419031711809,0.07970533727312541,0.9126617783912051,0.03216797502145166,0.9923671156643306,True
0.011981621942113498,0.07932007770212317,0.9131519158354917,0.03243192405366489,0.9924719935376148,True
0.011977407524742394,0.07932508522763417,0.9131501626812412,0.031320780021380605,0.9924752479088753,True
0.011882684637359591,0.07919623539902797,0.9133218171000628,0.03217089078082531,0.9925180524990908,True
0.011967976321836852,0.07930769654339613,0.9131715093825316,0.03086884277047934,0.9924792059259276,True
0.012055007486037089,0.07943607408794869,0.9130055817018117,0.02962314211356846,0.9924416557897604,True
0.011829553808543041,0.07908962685581485,0.9134470202903684,0.029689319324113686,0.9925366471461833,True
0.011812129310232903,0.07907954611735679,0.9134664794239322,0.02860997446120208,0.992546025541289,True
0.01164928286581445,0.07889362471613436,0.913727824545278,0.027855874395480016,0.9926214492614124,True
0.01188252616947575,0.07911534346730133,0.9133937992474033,0.026522828432873232,0.9925091427147046,True
0.011658182203300005,0.07879772274555598,0.9138074578290671,0.026269525706085012,0.9926051805746231,True
0.011443038098733755,0.07858092326517797,0.9141258812010912,0.02608801588960035,0.9927068044662691,True
0.011234426763152085,0.07845667349530981,0.914358619417383,0.025975920890360316,0.9928152929126928,True
0.01123285193443439,0.07846843960677413,0.9143495240299983,0.02478987524172548,0.9928179636367724,True
0.011862537704666866,0.07865858413201629,0.9138053985781796,0.028098421584530592,0.9924639827101959,True
0.011653725659158499,0.07831519820281103,0.9142338600864012,0.027722101098570956,0.9925490582892122,True
0.011443278701775103,0.07804337053422554,0.9145991206067954,0.02780837342145009,0.9926424911410209,True
0.011310037118665676,0.07792118399655958,0.9147857344002001,0.028422576137209398,0.9927069183967596,True
0.011141231759620186,0.07780619174995183,0.9149870784317454,0.028886473160030672,0.9927932701816973,True
0.01104316613303959,0.07776668744778192,0.9150797759127236,0.029724402910580854,0.9928464633605055,True
0.010835570093848878,0.07771590119775493,0.9152485290045738,0.029863891966173443,0.9929644302023287,True
0.010736206787916425,0.0777271125280794,0.9152980026688091,0.030762910062645407,0.9930251151968885,True
0.011242106052745046,0.07763624572227487,0.9150695714193899,0.0282686136574582,0.9927058171416648,True
0.011778377413815357,0.07821685822803752,0.9142285460927576,0.026331005721840488,0.9924454043207951,True
0.011576464258375715,0.07781608461516419,0.9147059388870884,0.02654973840887938,0.9925220235022526,True
0.01156872021686099,0.07779624487191499,0.914728027420053,0.027571931022224216,0.9925242722919679,True
0.012081276508425979,0.07865171456825945,0.9136672830695945,0.025737415201617014,0.992318997637854,True
0.01293221215843472,0.0807120495563903,0.9113524481668037,0.028331292965140756,0.992064497723194,True
0.01279950205170353,0.08024854551852477,0.9118367358334363,0.028877883738880068,0.9920852813519611,True
0.012816015932980743,0.08031084509808255,0.9117730785411705,0.028007596695765854,0.992083923639253,True
0.012647497813557214,0.07975058009492726,0.9123575440807784,0.028327712831726106,0.9921081241757057,True
0.012805586406880953,0.08023498042466484,0.9118501179004728,0.027127343310395638,0.9920850983251376,True
0.01268354770423745,0.07982551105095233,0.9122715014560968,0.027538853386338165,0.9920970125070492,True
0.012536783394204993,0.07936068962831681,0.9127453248651648,0.027649007932996964,0.9921060144934816,True
0.012489054092452743,0.07922946141153432,0.9128800206420096,0.02835126728711097,0.9921094820535439,True
0.012356185844684895,0.07889545655379473,0.9132264080923,0.02834041962570847,0.9921218646460948,True
0.012289798724683247,0.07876613469670811,0.9133639342701994,0.02898413354165165,0.9921300689669075,True
0.012353248368073753,0.0788733975318095,0.9132510146857408,0.027778144061497267,0.9921244122175503,True
0.012276078713242744,0.07871243011701133,0.9134176833790748,0.028305022540359662,0.9921301134960862,True
0.012361917311337466,0.07885800374014759,0.9132623002017392,0.02706078249147588,0.9921203039418868,True
0.012364360766316293,0.07885496272638198,0.9132644413003466,0.02796842223517753,0.9921194040267285,True
0.012306513456979445,0.07871802839738837,0.9134043519871776,0.028611684710360914,0.992122380384566,True
0.012332500858796436,0.0787618493003868,0.9133609939683691,0.029615842052607585,0.9921228432687559,True
0.012240250990463707,0.07855189372245364,0.9135739507190503,0.030121384798995218,0.992125844441504,True
0.012173254225235672,0.07844207987006077,0.913688729999677,0.030778455003739755,0.9921308098697378,True
0.012088104950022428,0.07834866036141602,0.9137882726783251,0.030654137958187996,0.9921369330397412,True
0.012002688778885327,0.07833179439715204,0.913815600565798,0.030705650668008885,0.99214739496295,True
0.011952776281208704,0.07836927694529326,0.913787619146677,0.031417258306191125,0.9921568960919703,True
0.011933412960588828,0.07840800296740394,0.9137549808224112,0.03059055902887125,0.9921629837898152,True
0.011942971858254239,0.07838553960661086,0.9137733486703399,0.031643984628497004,0.9921588882769508,True
0.011850293788472835,0.07842319390991441,0.9137618352568132,0.032042911486149815,0.9921850291667276,True
0.011759387207085411,0.07855211340663015,0.9136668090827231,0.03205781923446862,0.9922189224893533,True
0.011668735610945686,0.07877196688658897,0.9134898949416594,0.032286583075150546,0.9922618618282484,True
0.011587006228245475,0.07905696149964998,0.9132536874743563,0.03210323648618069,0.9923106489740063,True
0.011531386359365764,0.07927295867289554,0.9130752884282977,0.03290393029436963,0.9923482471011932,True
0.01144619677554801,0.0796055638752694,0.9128062843657249,0.03353011559449899,0.9924118482409943,True
0.01134343921378286,0.08000486586567479,0.9124886997531567,0.03407804460414353,0.9924935656188315,True
0.011230621175072572,0.08048150828883706,0.9121106200952762,0.0345914498248678,0.9925921283841133,True
0.011114090681018112,0.08097943306714561,0.9117224435024617,0.035251406184059045,0.9927018765696073,True
0.010967765464328032,0.08160418031331992,0.911242316986603,0.03553391824499512,0.9928464972999229,True
0.010803227056461367,0.08230044279576698,0.9107176640104147,0.03586545372576792,0.9930181068061816,True
0.010624031157252575,0.08307047774103632,0.9101451083792466,0.036240726804182784,0.9932155861202829,True
0.011725770533958416,0.07873444344454784,0.9133059587825477,0.03127297760171103,0.9920404022270956,True
0.01151826018382877,0.07864170234200751,0.9135194718029216,0.031420305102138314,0.9921611741449291,True
0.011619886080692655,0.07862332704085631,0.9134705374648133,0.03281542493150943,0.9920938645056696,True
0.011444218854102193,0.07854270743504124,0.9136551435378911,0.03239886967906538,0.9921978509729323,True
0.011390764285482845,0.07854744556894115,0.9136858827130341,0.03142637268370354,0.9922333282819752,True
0.01146684774711809,0.07854574917095343,0.9136372891100413,0.03274893697947401,0.9921830382809947,True
0.01161560586942271,0.07865997465082117,0.913439106147912,0.03128727200183296,0.9920990807987332,True
0.011448361658690814,0.07848122359792926,0.913707204395857,0.031800843668103526,0.9921884279937863,True
0.011333346356098116,0.0783807208109219,0.9138715350461674,0.032555420082437926,0.9922522558570892,True
0.011136149970289158,0.07825128369069426,0.9141163619873323,0.03298275814485434,0.9923676456780265,True
0.010920995537594092,0.07818097108799343,0.9143211749598846,0.033242641833723344,0.992502146047878,True
0.01076740787119418,0.07816690484412596,0.9144364547698012,0.033960345657074,0.9926033596139271,True
0.010653418586800942,0.0782073272281803,0.9144775395763419,0.03321262618678152,0.9926848668045223,True
0.010581967271022966,0.07820634786537672,0.9145267437277051,0.03421633789834788,0.9927330915930819,True
0.010406324433573377,0.07822342295388207,0.9146330917684029,0.03488549050223314,0.992856514722285,True
0.010419742195736449,0.078241462382013,0.914608155080441,0.03363866262582657,0.992849617462454,True
0.0102377834520928,0.07825408192600933,0.9147267844113925,0.03305403415742334,0.9929808663374019,True
0.009999972876682462,0.07830686752554508,0.914849713153787,0.03323355517628237,0.9931565806793321,True
0.009828700930770106,0.0783704843501141,0.9149180588398275,0.03394457096369489,0.9932885431899415,True
0.00985047691863222,0.07833555140469792,0.9149326119142775,0.035248789453571815,0.9932681633189755,True
0.009596425123539547,0.07839750127588871,0.9150648211258068,0.03515645190772018,0.9934623224016955,True
0.009591761834557764,0.07836545330240793,0.915098511551374,0.03643093466439587,0.993463964853782,True
0.009359164415460235,0.07839956224131925,0.9152453915114485,0.03712072689174078,0.9936449537527677,True
0.00973305512713928,0.07832797898745295,0.9150201329304686,0.03487642609544251,0.9933481119179215,True
0.00948821245252644,0.0782348002225517,0.9152906209328027,0.034479227385161564,0.9935254211553544,True
0.009481633836150598,0.07821366421439034,0.9153147577108163,0.035688350690639734,0.9935284219252066,True
0.009200255561704118,0.07811824215898565,0.9156153137300671,0.03561744205959464,0.9937335558890528,True
0.009030269502701034,0.07808819702686198,0.9157743734997408,0.03646350734162735,0.9938625705266028,True
0.00905502273626553,0.07806365590064966,0.915776244484612,0.037760828331388566,0.9938399003852617,True
0.010407864136692008,0.07846649580141142,0.9143665854172742,0.03384518626218613,0.9928330812186856,True
0.01013437740155255,0.07800352428574892,0.9149810534207532,0.033770992434310455,0.9929845777065021,True
0.009864036100685243,0.07763185754489361,0.9155135829606204,0.03368540650820808,0.993145440505514,True
0.009600241144685214,0.07735071829163594,0.9159613664132081,0.033604343458724324,0.9933120847048441,True
0.009370319244111663,0.0771837262415682,0.916285013150927,0.03315482152751632,0.9934687393924952,True
0.009754102255748114,0.07742317871440045,0.9157795141329671,0.03144126474004475,0.9932026928473675,True
0.009566693580803807,0.07719539853424373,0.9161227401951434,0.031879026625761565,0.9933181387293871,True
0.009673500050371861,0.07726738862801454,0.915977316667598,0.03325633982623938,0.9932447052956125,True
0.009613003605209242,0.07721517645972668,0.916070860316847,0.03229452675649774,0.9932860367765737,True
0.010300787611559517,0.07794713432415824,0.9149062187877035,0.03459627212948259,0.9928533531118617,True
0.01006088105863045,0.07746491528913826,0.9155083159226074,0.03453470480123864,0.9929732312117456,True
0.01047041485211341,0.07811913955619479,0.9146314170610934,0.03608029144450907,0.9927505566172882,True
0.010248800664125755,0.07761046040326962,0.9152391943272751,0.03642120279352155,0.9928496547305447,True
0.010085368714239566,0.0773074124745753,0.9156243959427643,0.03604692680102207,0.9929318084173396,True
0.009895811934637974,0.07699751024139029,0.9160327557015396,0.03582091528331403,0.99303026594293,True
0.009847976136233913,0.07695237358495088,0.916106911280424,0.03494875574236103,0.9930592848653749,True
0.00971308023980018,0.07679017278227855,0.9163460568564651,0.03435301551155081,0.9931362296387436,True
0.009509416784309922,0.07657260899555327,0.9166820454273589,0.03418594212250814,0.9932546544229122,True
0.009375595366202513,0.0764939251992656,0.9168465571561427,0.03354146667553219,0.9933404823554083,True
0.009573831329352656,0.07661943361309625,0.9165946663986151,0.03212935487231724,0.9932141000117114,True
0.009814891660822646,0.07690787719584455,0.9161686594497774,0.03084131554997243,0.993076536645622,True
0.009656459541921528,0.0766438681861947,0.916514008317462,0.031096147956371414,0.9931578765036567,True
0.009459876357796725,0.0763759882334691,0.9168897592586142,0.031003620639060602,0.9932657474920833,True
0.00926346943396282,0.07619652095024831,0.9171877454018056,0.030709480184468625,0.9933842663520539,True
0.009070803431663017,0.0760946970752787,0.9174146080523266,0.030611206477380058,0.9935093051276053,True
0.009196501831856826,0.0760838244756085,0.9173336778488169,0.03213519866439515,0.9934175023244254,True
0.009073206703414223,0.07601650639944889,0.9174820747002398,0.03143597624577955,0.9934985810996887,True
0.009567458123795978,0.07629055591386806,0.9168845901186934,0.029749856019277248,0.9931751460325614,True
0.010145128483116939,0.07724244377261452,0.9156330973677306,0.028441374014498606,0.9928755411403452,True
0.009993690686253226,0.07686453024928988,0.9160735013792244,0.02779836880272756,0.9929380316285142,True
0.010065603462215158,0.07704588762634211,0.9158629380055303,0.026872915149831048,0.9929088256318724,True
0.009888263530570266,0.07661046477167104,0.9163681725309023,0.026350775536644593,0.9929786373025733,True
0.00992237316394655,0.07670627987275383,0.91626170437267,0.02542096457976869,0.9929679842454238,True
0.009748096341306817,0.07634093926723744,0.9167017814093599,0.024918991672014827,0.9930427206765973,True
0.009621910780696545,0.07611748001097982,0.9169819781479918,0.025059246980954228,0.9930994581589716,True
0.009864076927658836,0.07646790370316625,0.9165161451318697,0.024082214068586075,0.992984048835036,True
0.010491586897262031,0.0777265526877359,0.9149983029825175,0.027393799998274602,0.9927248556702534,True
0.0110778484082171,0.07974039758267591,0.9128529764595812,0.02619883752658562,0.9925933740422571,True
0.01131639702762914,0.0807429698019009,0.9118254728536721,0.027501594155899776,0.992568442655573,True
0.011163930712901211,0.0800268564584485,0.9125441533740364,0.027305689904070354,0.9925710098324849,True
0.011037348311156412,0.07945717076849626,0.9131140250473694,0.02702176671474095,0.9925711958158656,True
0.011073068994645708,0.079633164498326,0.9129447025439804,0.026256598973496137,0.9925778670423064,True
0.010960588774116507,0.07913413928658923,0.9134361762932622,0.02629803779806686,0.9925703155798514,True
0.010863139234861818,0.07873358423444568,0.9138283771899752,0.026383953336318766,0.9925619614244209,True
0.010889150593741034,0.07880766107243319,0.9137535938210773,0.027238008201581,0.9925612548935105,True
0.010812856063125252,0.07851743742695602,0.9140349235960159,0.027532156357630563,0.992552361022972,True
0.010732722386429633,0.0782568708074117,0.9142846358279758,0.027381068245258298,0.9925415066353875,True
0.010661160481719768,0.07807901668580473,0.9144519955922094,0.027409744385069157,0.9925310122780141,True
0.010598569311299105,0.07799823719196457,0.9145244931679088,0.027354424817857145,0.9925227303598734,True
0.010546034081848137,0.07800508093005774,0.914511260101671,0.027414030399687993,0.9925163410317288,True
0.010544188157190923,0.07799433505914265,0.9145192755946497,0.028245991801540905,0.9925136106537924,True
0.010500647908709332,0.07804921661585272,0.9144628950200824,0.028624922179354646,0.9925121116359351,True
0.010452732588439954,0.07818460266063519,0.9143312681515287,0.02857836067782286,0.9925158708121639,True
0.010421394312138088,0.07834907321650068,0.9141746650499349,0.028114683273542454,0.9925237382664356,True
0.01037719139200527,0.07859045437112379,0.9139492488228728,0.028332632657681593,0.9925397031939965,True
0.010413920108833536,0.07833054413274575,0.9141849333269729,0.029577396281395597,0.9925154774597187,True
0.010367305295648081,0.07845136913312677,0.9140806939059025,0.03012166381793458,0.9925320630390293,True
0.010332030501799084,0.07855807094245963,0.9139892024815736,0.030812629025994662,0.9925472734240331,True
0.010286355352838651,0.07870136822679544,0.9138671275078791,0.0315009336915489,0.9925684957346745,True
0.010263227849079942,0.07877980123289711,0.9138027841484372,0.03235676473388013,0.9925825853813343,True
0.010188498565747283,0.0790298707776332,0.9135984639983995,0.032679654981938956,0.9926283347760327,True
0.010213471986350857,0.07893381030131272,0.9136787724272021,0.03144022196051559,0.9926125827285148,True
0.01011974884362763,0.07912764937932576,0.9135465939903835,0.031340975758253786,0.9926742433697093,True
0.010100164993527077,0.0791939232269381,0.9134972036534471,0.030465427093452388,0.9926911268803852,True
0.01024905996702748,0.07885535161060588,0.9137260274988463,0.031992772795566386,0.9925813791094522,True
0.01013188009102136,0.07886017522119292,0.9137827107142943,0.03224334263024967,0.9926428859354872,True
0.010026620280262145,0.07893815844479558,0.9137713740436122,0.031997023430451216,0.9927095324884078,True
0.009911447303483551,0.07907154986455088,0.9137168819420639,0.03233175039589319,0.9927884318066148,True
0.0099092613683435,0.07908479431525413,0.9137077062997127,0.03131523422473645,0.9927925006149668,True
0.009778341905003563,0.07923235586513189,0.9136557057608721,0.03117706328601669,0.992888061626004,True
0.009666090069947796,0.07942428163402149,0.9135531456337136,0.03157928554401179,0.9929774272677351,True
0.009523910245803647,0.07968227444336021,0.9134159722087306,0.03171613531911187,0.9930982466520908,True
0.009569879552638123,0.0795748801164307,0.9134788587222114,0.032946083921377385,0.993053738838642,True
0.009471458514117861,0.07969321391369795,0.913441183641015,0.03367713922052734,0.993134397554713,True
0.00935560646831979,0.07984622787695506,0.9133884444960502,0.03317864951178877,0.9932346723730052,True
0.009605483691869829,0.07953001652806761,0.913489249876803,0.031327767922182295,0.9930192664048706,True
0.0095703607770299,0.07954172351290971,0.9135054874127174,0.03039344255510546,0.9930472109256271,True
0.009387609570717369,0.07951729530803561,0.913661620474315,0.030389127893143054,0.9931789157823506,True
0.00920992421231337,0.07956350263525955,0.9137532166951775,0.030516755042694264,0.9933167193304371,True
0.009165622937929404,0.079579629913028,0.9137716306214675,0.03142732733932345,0.9933512605344955,True
0.008970925416212897,0.07966635907404,0.913844179553868,0.03146522557101519,0.993510538627908,True
0.009497455697637614,0.07930319296685093,0.9137572394620254,0.02939728411223104,0.9930604324288763,True
0.00931647598469656,0.07914572687318332,0.9140353314853463,0.029584345322357836,0.9931810583585297,True
0.009239428815406573,0.07912035485410662,0.9141182798098192,0.028730935730727172,0.9932386346639258,True
0.009221175080877999,0.07912783751990035,0.9141268985718082,0.027731944350390166,0.9932547360917086,True
0.010693452794337423,0.07994419717878426,0.9122650945944565,0.03218803927402987,0.9922092917732408,True
0.010552164074615965,0.07952759962263536,0.9127388478413607,0.03267107164703529,0.9922664474639961,True
0.01035671479391557,0.07899422948157901,0.9133536008370602,0.032773510019675565,0.9923478303186392,True
0.010399628878905264,0.07908197341519163,0.9132443512419943,0.03369386101434537,0.992326324657186,True
0.010236462968841141,0.07868167472865385,0.9137147130768765,0.034069844039965824,0.9923963878055303,True
0.010066974640728865,0.0783356046531967,0.9141389620891698,0.03430701060823074,0.9924745667423664,True
0.009930142650054652,0.07811478191287294,0.9144316021574888,0.03478609672605525,0.9925463840703617,True
0.009836965084681841,0.0780121838523871,0.9145877210572777,0.03429572553790352,0.9925999049096648,True
0.009685306058807013,0.07787312177402586,0.9148159883108945,0.03422755264686433,0.9926891100849203,True
0.009564541964381647,0.0778166271269438,0.9149517152433919,0.03381597475453977,0.9927683423703357,True
0.009485570623621724,0.07782290189928374,0.9150009417564798,0.033182284971121516,0.9928238436557636,True
0.009380137946716579,0.07781380550047555,0.9150835688598219,0.03372885972610833,0.9928973743602975,True
0.010754691739687698,0.07755986224150195,0.9143341634169486,0.030423084733154068,0.9918940256584505,True
0.010603654577751958,0.07708839876991228,0.9148601862532955,0.030645413002514717,0.9919485850232077,True
0.010434505460155532,0.07661480252185966,0.9153988452951438,0.030634200338393112,0.9920136478170035,True
0.010274439009446221,0.07623389188904904,0.915847661490501,0.03061744281480249,0.9920815533795501,True
0.01020479240294215,0.07609185927862408,0.9160203509879524,0.031194931530989747,0.9921122102665765,True
0.01029510268479414,0.07623209812444463,0.9158345060227744,0.0322819630757726,0.992066604147219,True
0.010149612427468563,0.07592958390046772,0.9162005535471175,0.0322139256227479,0.9921301374475853,True
0.010175670161919514,0.07598321293081794,0.9161366946378422,0.031276547067575225,0.9921199075686602,True
0.010159189829528313,0.07594362338789769,0.9161820311508441,0.032054912145106265,0.9921256545387418,True
0.010413499831447797,0.0764078770451798,0.9156060877956844,0.030591612796037615,0.9920139648408642,True
0.010336882971937297,0.07620789500919069,0.9158328268798263,0.03002663611642861,0.9920407218890169,True
0.010210070451456804,0.07589802589371071,0.9161892501341148,0.03017532502669009,0.9920872760278255,True
0.010284651479840085,0.07605777166750875,0.9160022922395862,0.029202781076411506,0.9920600639070949,True
0.01033396838649389,0.07616382025179441,0.9158777746491068,0.03016748688066804,0.9920415949009012,True
0.010208772582169647,0.075847442853927,0.9162370545733244,0.029915076668087515,0.9920844974272514,True
0.010090627909365888,0.07561437761091444,0.916514785510334,0.030010126932382496,0.9921291631212485,True
0.009984311210921264,0.07545241270407876,0.9167192568508135,0.029708692177285605,0.9921716695548922,True
0.01011590927753303,0.07554827706671952,0.9165632061333983,0.03104709924019646,0.9921114832001178,True
0.010019877661373746,0.07537153623968658,0.9167740332191385,0.03141818560168976,0.9921455694588251,True
0.010023552710996171,0.07536796836139056,0.9167727630135538,0.032256101092863074,0.9921407313749444,True
0.009927600019611064,0.07523232621580803,0.9169497023302486,0.03199008744974744,0.9921820285460566,True
0.009833042393415096,0.07514331634740241,0.9170850570957574,0.031695469604990964,0.9922283734431598,True
0.009803023393081676,0.07512304068134847,0.9171182482150803,0.032426593080083686,0.9922412888964287,True
0.009702918690488208,0.07509095872974639,0.9172042662926669,0.032281276272079246,0.9922952250224133,True
0.009610495275248666,0.07511990575531431,0.9172284740473373,0.03264292661573443,0.9923483798026517,True
0.00950680377704241,0.07520501493725372,0.9172114112966856,0.032725958009792784,0.9924164262339393,True
0.009662756682071385,0.07497055465919558,0.9173348922068486,0.031121780456336377,0.9923054468660442,True
0.009745932825191397,0.07499185021849707,0.9172628003023644,0.03227901124386738,0.9922546505208615,True
0.009620135438923117,0.07485218210352869,0.9174678360480845,0.03228128037803477,0.9923200181516132,True
0.009566439410988349,0.07483522394239873,0.9175174396565754,0.031643833427006655,0.9923526635989741,True
0.009511259371732712,0.07481804039900698,0.9175690361121998,0.030974608772897854,0.9923870765112067,True
0.009398610497798589,0.07479249866232218,0.9176645213774013,0.030659113748718613,0.9924570200397235,True
0.009288428909416932,0.07481940735410983,0.9177112875524875,0.030839804094106773,0.9925306949065974,True
0.009325233565834942,0.07480211745871768,0.9177037830784316,0.029789605546642315,0.9925059005371493,True
0.009475065918643917,0.07477127745812015,0.9176294438274916,0.03128070197009786,0.9924007212856117,True
0.009346376867553496,0.07464535001659293,0.9178300908397686,0.03147067037657219,0.9924754408563615,True
0.009552416189513678,0.07472218931187874,0.9176187639083653,0.0328865482979898,0.9923409532202441,True
0.00946285599248144,0.07457703722826729,0.9178104432627123,0.033458235659983716,0.9923874804909796,True
0.00933420757384315,0.07441063655769471,0.9180482749070163,0.03379666215875849,0.9924589114647111,True
0.009237835732126368,0.07434212133692086,0.9181766788608264,0.03342188276004454,0.9925188001977473,True
0.009117258499015955,0.07429359082256237,0.918303658698777,0.03323284812995956,0.9925972495213393,True
0.009136732261075243,0.07430132859821584,0.9182843305358159,0.03223858963287926,0.9925856591340317,True
0.00911783988734447,0.07428645234705397,0.9183099401225853,0.03306370692559266,0.9925963924696393,True
0.008999648274552203,0.07423398530293412,0.9184420442179885,0.03276180505746443,0.9926760295209226,True
0.008863684437348082,0.07422536532900136,0.9185473902957212,0.032844474137570426,0.9927727556247226,True
0.00874097456782129,0.07428904749712915,0.9185808014502479,0.032583538873451924,0.9928698489473771,True
0.008774011325186433,0.07426549043287349,0.9185770665569003,0.03149227230926951,0.9928425569897738,True
0.00877938997621267,0.07425216563724021,0.9185845730595972,0.03244642006901666,0.9928367386968374,True
0.008648919438884519,0.07424582486573658,0.9186896235342479,0.03210979477220957,0.9929354483999845,True
0.008504682785577105,0.07428928801151581,0.9187618804202237,0.031893023101758,0.9930511684317395,True
0.008531544557818177,0.07426214233718613,0.9187642831564231,0.032955890583261614,0.9930264254936092,True
0.008423165249360386,0.0742805441946508,0.9188330998195514,0.033500184624545855,0.9931136440142022,True
0.008273949917923625,0.07434094212539312,0.9188984704375275,0.033316947241575565,0.9932394125629206,True
0.008120566261378758,0.07444988768537827,0.9189256894216205,0.033577428745110736,0.9933755771069988,True
0.008410373076601106,0.0741729416804581,0.9189355308946431,0.03178704735819791,0.9931084725751012,True
0.008251221709625058,0.07411844972029802,0.9191149585516056,0.031974823007081994,0.9932334082719037,True
0.008082134107226635,0.07410369659961079,0.9192688259440347,0.031807435922937395,0.9933725225436455,True
0.009298244813921427,0.07372806837870068,0.9185891734459685,0.035000741911736556,0.9923172418246692,True
0.009125591767802544,0.07329726925558738,0.9191153135100976,0.035295736394892245,0.9924125827656849,True
0.00895388988786108,0.07291648270995808,0.9195922332846518,0.03554522653233037,0.9925087159946099,True
0.008804716661843728,0.07265291082990877,0.9199477298265958,0.03536901595560447,0.9926006406565046,True
0.00872592858794828,0.07254622844225002,0.9201067070550158,0.034786395389615345,0.9926529354972659,True
0.008565016916249063,0.07234333338467143,0.9204174786457372,0.03481254199633698,0.9927608120304087,True
0.008496413038012688,0.07228030420378537,0.9205285466758797,0.03550923223441228,0.9928088508796651,True
0.00866527675576651,0.07241592717552571,0.9202720980011256,0.034108147206039656,0.9926880251766513,True
0.008720099825814088,0.07248684620882224,0.9201638596353443,0.03510945862942667,0.9926507058441666,True
0.008625649532379993,0.07233293961324866,0.9203776350674815,0.03459373922396318,0.9927105746807301,True
0.008510675068892366,0.07216066790530427,0.920623493328731,0.035051471694828064,0.9927841612340352,True
0.008365740301496371,0.07199272577051843,0.9208907347008718,0.034870178518362424,0.9928834604713902,True
0.00822450758493363,0.07188001573755388,0.9211053622477869,0.03513869918380791,0.9929853779853408,True
0.008076181395054461,0.07182290011417157,0.9212766804559847,0.03503817630286064,0.9930995805701562,True
0.008667014034220015,0.07182640828501252,0.9207942811501221,0.032848834759664096,0.9926206894351346,True
0.008516346981143584,0.07152412460271396,0.9211867167143175,0.03297413618130753,0.9927108413170315,True
0.008372059188008985,0.07129443256680838,0.921509411201267,0.03265922844616067,0.9928038437680753,True
0.009787170685572947,0.07293687180772192,0.9189131556441466,0.030769831840232527,0.9918500274518685,True
0.009690561268882035,0.07257908758882926,0.919309112976026,0.030221308479079393,0.9918882005648553,True
0.009693211511203325,0.07259610844554468,0.9192924405002076,0.02953198786409667,0.9918885489457523,True
0.009692892048159684,0.07260222899137428,0.9192878339659196,0.02884851296701103,0.9918900629572939,True
0.009686252111306855,0.07257160645134987,0.9193194158698665,0.029489876927689906,0.9918910223212164,True
0.009868112467285594,0.07320674778585223,0.9186209008460166,0.030754857535238062,0.9918276486318688,True
0.010376916144520396,0.07522196586676723,0.9164747331320876,0.029699583037201254,0.9916966989988548,True
0.010422220813434212,0.07542681170604998,0.9162605923623566,0.03038338277678543,0.9916874040684065,True
0.01040930322206482,0.07536921086804253,0.916320269611765,0.030905918990869616,0.9916894804798075,True
0.010579502921442734,0.07623032725346734,0.9154502869531023,0.03008470044801396,0.9916806142065696,True
0.010472675303195511,0.07564569731706372,0.9160333146998266,0.0298628953446165,0.9916790120168903,True
0.010432533300862813,0.07545108217760192,0.9162280076636102,0.029390525346109746,0.9916790898412121,True
0.010341336961285317,0.07497531404967134,0.9166949933372223,0.02919804520180172,0.9916703073868935,True
0.010374942507598467,0.07515153237183363,0.9165264470387101,0.028565620249790008,0.9916779794105437,True
0.010418949858911165,0.07538948146909248,0.9162999334511964,0.02795283189422004,0.991689414920289,True
0.010388330970584139,0.07521669758895559,0.9164638399684232,0.028293500706460174,0.9916805375573787,True
0.010633313408249367,0.07654209566812059,0.915227553293033,0.0300468300292413,0.9917696489611536,True
0.010595535762814537,0.07630839459027015,0.9154510832829554,0.029663593981470292,0.9917594778732256,True
0.010529631400499737,0.07587016883557175,0.9158588858938227,0.029751515802504753,0.9917290547293944,True
0.010498538175310166,0.07566065446675561,0.9160487300271197,0.030081062652935885,0.9917093844938754,True
0.010458801378716612,0.07539885130131076,0.9162801994008607,0.029817406561435614,0.9916790507021714,True
0.010423692834702718,0.07516537893286787,0.9164804080520937,0.03002301659547125,0.9916457869849616,True
0.010420448817534829,0.0751496589557739,0.9164919651269625,0.02948916086419787,0.9916416240827364,True
0.010407158172095764,0.07505152908136996,0.9165638448963658,0.029839996594352113,0.9916153739777357,True
0.010477830229016213,0.07552035873150804,0.9162637159891637,0.031130371896025407,0.9917840747206718,True
0.010441387332138641,0.07526759129708484,0.916490817987593,0.03087930599346819,0.9917584092846778,True
0.010403970822102617,0.0749835535913742,0.916731638011774,0.031039799083945357,0.9917151916031482,True
0.010377360747234351,0.07477036104325596,0.9168958125104957,0.03116543344577597,0.9916661735537516,True
0.010363423434494092,0.07465238227165089,0.916971008854308,0.03144665928287228,0.9916233911259589,True
0.010364166522893896,0.07468224028446463,0.9169681687382624,0.030731542898036455,0.9916504090227269,True
0.01039014432228287,0.07493223061789209,0.916837698692314,0.02971089607597175,0.9917699293102061,True
0.010353416046848663,0.07465807695998515,0.9170679123170301,0.02957024006766983,0.9917259892770153,True
0.010337668713608944,0.0745160233997385,0.9171698201767674,0.02978832989699507,0.9916858435765059,True
0.010350908239199746,0.07463528052291866,0.9171047623333729,0.030618369069713,0.9917400428562916,True
0.010339385789538014,0.07454033937025767,0.9171764395780748,0.030240888334609854,0.9917167789483325,True
0.010383852492945761,0.07492580632469899,0.916914240582599,0.031255106261134785,0.991840046907298,True
0.010345385197489341,0.07462278448818659,0.91717529995014,0.031466098543974606,0.9917980844383266,True
0.010322044695747759,0.07439112706527945,0.9173533339228055,0.031589256850515814,0.991744460988085,True
0.010308135893925898,0.07424328499987921,0.9174439621042861,0.0315757627541533,0.9916872471041653,True
0.010306867971436212,0.07417447790361442,0.9174531151752384,0.03156519641296181,0.9916275930788528,True
0.010314051785616903,0.07418795448514305,0.9173966389581238,0.03126727775388262,0.9915845934432669,True
0.010322244353374609,0.07422016030957597,0.9173311139701026,0.03171100756000928,0.9915512742796786,True
0.010341921682740271,0.07430251545813649,0.9171866050925189,0.031918790054413795,0.9914891205506554,True
0.01036826071313181,0.07445649763354635,0.9169708289114562,0.03177892243689334,0.9914273265450025,True
0.010391968854565229,0.07462274544740123,0.916756123457595,0.03150439862219728,0.9913788689049963,True
0.010423493890155667,0.0748474112225334,0.9164783356616494,0.031220168148317365,0.9913257468841827,True
0.010465935814038168,0.07514724264569408,0.9161164506548354,0.03144322884787701,0.9912636933005294,True
0.010514064463723775,0.07553419915692137,0.9156649326578882,0.031507393356672735,0.9911991318148096,True
0.010436090446160189,0.07484079682964172,0.9164494045691438,0.03260262779099805,0.9912902013987855,True
0.010436754209627714,0.07482695543207236,0.9164637313506988,0.033291856600109616,0.9912906867827712,True
0.01044454010111286,0.07498512128245477,0.9162647626108827,0.03359922303757044,0.9912498838933375,True
0.010452079924136857,0.07513419943898914,0.9160903798561895,0.033267544191288294,0.9912245792951786,True
0.010463038210297924,0.07538848655964106,0.9157986640844472,0.033341375032061214,0.9911871506440882,True
0.01047721594597851,0.07566113172406068,0.9154972727350962,0.03310749385701445,0.9911584044591568,True
0.010494099036867125,0.07602628706129681,0.9151018958808989,0.03304970097661209,0.9911281829421956,True
0.010506348626725876,0.07627387973604667,0.9148377112518281,0.03358284719462453,0.9911115909878748,True
0.010520758361944752,0.07670362874873177,0.9143874416575671,0.03376913021767743,0.991091070406299,True
0.010531422878164514,0.07720047303321036,0.9138810763351929,0.0338957973559097,0.9910815493684032,True
0.010541122693319915,0.07774421302170771,0.9133341686403662,0.03392545058457058,0.991078381662074,True
0.010544278510814374,0.07831317165128068,0.9127766251837787,0.034232829970624594,0.9910897968350594,True
0.010541157714120366,0.07738463393393495,0.9136826537795364,0.032723760223921386,0.9910672877134713,True
0.010526554720615306,0.07751592041698518,0.9135634364464915,0.032075852952821,0.9910793568634767,True
0.010483887834084505,0.0778311180716443,0.9132807882096365,0.032096833014196455,0.9911119062812809,True
0.010552458676176607,0.07728532840371806,0.9137615658289783,0.033497959107108684,0.9910468942326963,True
0.010508337046858792,0.07737904674669503,0.9136934978904806,0.033978557264523875,0.9910725446371756,True
0.010438858514204997,0.07754434772625961,0.9135742857460604,0.03402168517884973,0.99111863347232,True
0.010371098588655396,0.07776443288040563,0.9134058873598,0.03422812552088236,0.9911703202402056,True
0.010315980121736469,0.07798339873311336,0.9132356607414838,0.03387879381569428,0.9912190594745971,True
0.01029226290512671,0.07805239172957994,0.9131858087966184,0.03463224274929861,0.9912382005261983,True
0.010276831401931669,0.07810924836123631,0.9131434453942157,0.03387815397071623,0.991252693755452,True
0.010335623275871552,0.0779856113248725,0.9132154761729843,0.03493891433673237,0.9912010874978567,True
0.010414371657510956,0.07791167310716289,0.9132279032084528,0.035957671545182215,0.9911395763156157,True
0.010303885718985193,0.07789099452476972,0.9133212682686418,0.036227634813532444,0.9912122627934115,True
0.010193649380550125,0.07794094232281132,0.9133535716566569,0.036287506768620484,0.9912945139794682,True
0.010137265307695703,0.07799980058906734,0.9133392029610655,0.03577666689342228,0.9913390035501328,True
0.010031312140763428,0.07809760139438976,0.9133301623193149,0.036111940100777846,0.9914277637137046,True
0.010381627160596717,0.07763963033293224,0.9134812465471084,0.03752160672663959,0.9911208768800406,True
0.01025950455171128,0.07750781275294413,0.9136895091854385,0.037887787511539824,0.9911973219383826,True
0.010133187033806487,0.07743170234497418,0.9138488319505851,0.03811289604312437,0.9912805342955593,True
0.0100103735752674,0.07742781148239088,0.9139452706979106,0.03842961230049912,0.9913730821803015,True
0.009892379310911187,0.07747375078603082,0.9139947551661481,0.03838329269308982,0.991468505952179,True
0.010040138542016835,0.07736297391253508,0.913977128354652,0.03945669509154512,0.991340102267187,True
0.009910085463413817,0.07731782363528865,0.9141187888241397,0.0398342998621458,0.9914366124594283,True
0.009825785525542436,0.07732532134693124,0.9141797175798636,0.03946166961538701,0.9915050389267949,True
0.009692039009415064,0.07735319207374235,0.9142617956948511,0.03977516790494793,0.9916149877685935,True
0.009561482408723454,0.07743612012773209,0.9142945206602154,0.04014203722795645,0.9917306407879475,True
0.009505850150007437,0.07748731815669249,0.9142946322948627,0.040921782963283006,0.9917819504515553,True
0.00939254942466513,0.07757687149265086,0.9143113896856175,0.04153451463982383,0.9918882611782684,True
0.009288456978072556,0.07767037943026026,0.9143198794545713,0.042238189132071904,0.9919902588848315,True
0.009172048257973568,0.07777085333116336,0.9143292549007479,0.04293751006490536,0.9921001082319113,True
0.009021963147131861,0.077934162017047,0.9143177161073479,0.043014329789018896,0.992251878124395,True
0.008850363198806247,0.07813516654836301,0.9142971406370966,0.043189107521634885,0.9924323071854596,True
0.00907139789793036,0.07783910777035272,0.9143548261204149,0.04138990208515187,0.9921939338907676,True
0.008899233520519485,0.07788721196202102,0.9144710288812962,0.041310119278627794,0.9923582408433171,True
0.00875080272877463,0.07796316265056481,0.9145422957075592,0.04096449493475725,0.992505458358124,True
0.009461292627465024,0.07754092313775042,0.9142484406915186,0.042899074041780165,0.991789363829269,True
0.009347606979242657,0.07740689064997268,0.9144693369307719,0.04349863758270525,0.9918762275807446,True
0.009191695714004165,0.07724694694448325,0.9147526719983714,0.04392394544622735,0.9919996189428546,True
0.009208511684899811,0.07725515903332256,0.9147306045517757,0.04299876863807198,0.9919857635850983,True
0.00903529691691909,0.07709992314108782,0.9150254931051756,0.0431106477943225,0.9921254162462634,True
0.008885927365099997,0.0770164045566962,0.9152367242844954,0.043533057950279966,0.9922531288411917,True
0.009027304568978439,0.07706756380525931,0.9150596973990399,0.04462456637264468,0.9921272612042993,True
0.008887326343411559,0.07694976553473325,0.9152924415866737,0.045161421744550595,0.9922422071214069,True
0.00873985043680719,0.07685786606202513,0.9155101455046708,0.045691405142635484,0.992368011566696,True
0.008565241516825845,0.07679492989036381,0.9157285761312971,0.045900450605754456,0.992523506021661,True
0.008383752403202969,0.07678016142051174,0.9159145382951297,0.04615948523571187,0.9926946997156414,True
0.008201526817977563,0.07681291023472625,0.9160604489216676,0.04649065756544869,0.9928733591563939,True
0.008029589377740811,0.07687888561696901,0.9161701913101084,0.047009478105708664,0.9930490769270773,True
0.008018703103050168,0.07688205731271514,0.9161783930581734,0.04607587231815598,0.9930604503708885,True
0.009517453705651957,0.0764787540649054,0.9150789184072056,0.04218550211850853,0.9915576724721109,True
0.009414363315782603,0.07623619078234513,0.915387299748173,0.04261604155693795,0.9916234905305181,True
0.009697589765090964,0.0768343561334118,0.9146006305235582,0.04390106912116509,0.99143498665697,True
0.009536023640611428,0.07640662758350811,0.9151236908330722,0.04395131737821813,0.9915303184165803,True
0.00940733251229717,0.07610039950738316,0.9155071187239342,0.04369989829804412,0.9916075182313173,True
0.009461719777208829,0.07621103631319738,0.9153618782000483,0.044559537137224846,0.9915729145132457,True
0.009371040251985926,0.07600998352501333,0.9156177699122089,0.045065394975199395,0.9916277534372222,True
0.009234289404632088,0.07573939399419087,0.9159757192313241,0.04502562682570561,0.991715113225515,True
0.009184998470825058,0.07566169701532767,0.9160871801256013,0.04444683580387129,0.991748877140929,True
0.009056529158091102,0.0754688989936546,0.9163668563828276,0.044672321617252944,0.9918357553764822,True
0.008946354823091964,0.07534427189545807,0.916570415359382,0.04505566166003091,0.9919146872548401,True
0.008817733169008772,0.07524605365283259,0.9167698750279221,0.04496303254061562,0.9920159286807546,True
0.008685245379380247,0.07518978369930555,0.9169351376637416,0.04512178708265792,0.9921249213630471,True
0.008881366327803042,0.07520204137771075,0.9167516830301702,0.04632680387723624,0.9919537244078809,True
0.00889167404621757,0.07521131695322739,0.9167351566917245,0.0454866189368177,0.9919464736449518,True
0.008793900992708053,0.07509508450689778,0.9169233553483452,0.045104483131792945,0.992018439855243,True
0.008667446925227348,0.0749727664158122,0.9171425530300642,0.04533643915382186,0.9921153194458764,True
0.00853653901005101,0.07489299981092311,0.9173290152391093,0.045229655783284674,0.9922220150500324,True
0.008479812520501962,0.07487778851153973,0.9173936420219867,0.04459934808090471,0.9922714305335264,True
0.008551034070741105,0.07489198380623797,0.9173181689395534,0.04357239227887797,0.9922101527457914,True
0.008550380674726746,0.07489265901273824,0.9173174558472559,0.04437453332486829,0.9922101148599941,True
0.00858114216805934,0.07492134771151886,0.9172636840298671,0.045262111469387536,0.992185031741386,True
0.008470637927435399,0.07479266463201194,0.9174770307443973,0.04493793106405579,0.9922696953764093,True
0.008427307372302796,0.07475405738568802,0.9175508163499629,0.04427187051291079,0.992304873735651,True
0.008311047399336517,0.07465199336967249,0.9177464379086053,0.04391425707645688,0.9923984312782779,True
0.008187416999702537,0.07458158796810734,0.9179216259400377,0.04410997637526248,0.992503213908145,True
0.008402551666242212,0.07463258120508783,0.917680433390765,0.04283624388832741,0.9923130145958529,True
0.008342147585346456,0.07455706170625824,0.9178016875040114,0.04336293468198607,0.9923587492102696,True
0.008210920704967631,0.07440725936230284,0.9180545416537763,0.04311113348502187,0.9924618010160792,True
0.008113716533315373,0.07433213115346007,0.918209790623963,0.04348025966688496,0.9925419217774231,True
0.0080526605214892,0.07429830169767722,0.9182954875673166,0.044063792201850256,0.9925937892649939,True
0.00816911877843896,0.07436042904134532,0.918131938562465,0.0451668933183125,0.9924923676038103,True
0.008054799221086378,0.07423219319401514,0.9183510544790988,0.044888397537307397,0.992583247673114,True
0.007916834867081444,0.07411911920792191,0.918579152812958,0.044928791736894666,0.9926982720208799,True
0.007850590865134779,0.07408918715898799,0.9186681570294343,0.0443442806111898,0.9927573441884223,True
0.00772322074519569,0.07403907986030234,0.9188322996572765,0.044578839435868135,0.9928713795175789,True
0.007649223490842267,0.07402825471838306,0.9189131157294204,0.043992171800669645,0.9929413704478034,True
0.007542037685759117,0.07401879990022352,0.9190235493591585,0.044389883966857654,0.9930423492593821,True
0.00774251471416351,0.07400975714935587,0.9188368594025589,0.04572419102198831,0.9928466165519148,True
0.008380200093560192,0.07452637540816866,0.9177732827577076,0.04345777879481445,0.9922996581658763,True
0.00824375262321025,0.07417330642285248,0.9182133306426008,0.043243087419894854,0.9923866370654533,True
0.008109441600031592,0.07387027601453995,0.9186063998209725,0.04306704987943461,0.9924766758355125,True
0.008068967388360292,0.07379424473521032,0.9187104604073544,0.04365685194946302,0.9925047051425647,True
0.008094966693217655,0.07383660881745222,0.9186481955008363,0.04446874602189294,0.9924848043182886,True
0.008082366058087528,0.07380979133436935,0.9186828030954732,0.04516373883217034,0.9924925944298426,True
0.007957608529699551,0.07356993455381233,0.9190079985849007,0.045366722179297936,0.992577933138713,True
0.00783269543418464,0.07338256983356202,0.9192874692350068,0.045435297832641657,0.9926700390685689,True
0.007708433554743431,0.07325634575116773,0.9195129785544639,0.04549906123447645,0.9927693243056316,True
0.007598347858052567,0.07318665246731229,0.9196757330287046,0.04583063326488801,0.9928623854960169,True
0.007488211522061549,0.07315322963705827,0.9198075338876942,0.04564459776283582,0.9929607635247525,True
0.007662129079303478,0.0731499929050488,0.91964945895755,0.044264627278026415,0.9927994518625988,True
0.007597494317479597,0.07308493428103204,0.9197679738728277,0.043698914251629445,0.9928529081538597,True
0.007752968580815543,0.07321703151188506,0.9195043081736557,0.04493572649951057,0.9927213396855408,True
0.007774778062371948,0.0732495072556704,0.9194545432144355,0.045730476355508025,0.9927040504701059,True
0.007651739681932939,0.07303333787652182,0.9197600013201089,0.04591187690422718,0.9927933391966307,True
0.007531383178213156,0.07286819798836464,0.9200177064638136,0.04585575779631569,0.9928859044521783,True
0.007421207734338723,0.07276139395088867,0.9202144996986233,0.04615483214730033,0.992975893649512,True
0.007302119081789462,0.07268914909515355,0.9203901418602367,0.046106372594240226,0.9930792909553903,True
0.007186214723532408,0.07266836791156392,0.9205184614423517,0.045984874960585106,0.9931868293539157,True
0.007155483114728594,0.07266491040613812,0.9205512766070229,0.045272306799173836,0.993216187013161,True
0.007037888900192318,0.07265420565585336,0.9206740668939553,0.04504038257197155,0.9933282725498086,True
0.014184810442985262,0.07038091351441672,0.9163356865465391,0.039661830176736676,0.9867166000609557,True
0.014119539848822355,0.07010240723182105,0.9166399995539701,0.03993143419798527,0.9867424067857912,True
0.013961974398345836,0.06940287612225399,0.9173947685328618,0.03972698905677948,0.9867976446551159,True
0.014028182949904506,0.06969286753383994,0.9170838045836038,0.03929055056574687,0.9867766721174438,True
0.013989149588734293,0.06951863280795992,0.9172710840629674,0.03891418644892139,0.9867897168709273,True
0.014129102766701637,0.07017505552077358,0.9165830396384027,0.03965665687182502,0.9867580951591763,True
0.01401379247858345,0.06960999067753063,0.917167716093528,0.03952357531192617,0.9867777067710586,True
0.013962782419396592,0.0693646822313797,0.9174171722969469,0.039765257022698834,0.9867818545283266,True
0.013871632355920127,0.0689139011992825,0.9178723437374442,0.039702298840990545,0.9867862449367267,True
0.013798976858527347,0.06854375468564693,0.9182355153719917,0.03969128311677905,0.9867792700576385,True
0.01394791174971938,0.069347011933153,0.9174872269840574,0.03897355896781398,0.9868342389172103,True
0.013902196724059608,0.06910293329108132,0.9177258699283125,0.039165792856153174,0.9868288032193938,True
0.013840565028240898,0.06876066629754406,0.9180508536352296,0.03913303704583341,0.9868115199327737,True
0.013813911864405422,0.06860629916079794,0.9181911839470582,0.03881171696586721,0.9867974831078562,True
0.013824721607414152,0.06866736395483145,0.9181362872529543,0.03931376965340088,0.9868036512077857,True
0.013798861499152961,0.06849359139394813,0.9182820905266433,0.03949282754105511,0.9867756819205915,True
0.013833680097222648,0.06875042273989795,0.9180852615595058,0.040210722021447154,0.9868356842994037,True
0.013797206631897239,0.06850860205533157,0.9182925653222812,0.04018707244309521,0.9868011673776128,True
0.013776739523856517,0.06833700136447407,0.918419072834757,0.04025394768408347,0.9867560741992311,True
0.013770826517826691,0.06823382356166643,0.9184689675521077,0.040202622126022,0.9867027911137741,True
0.013778051169415457,0.06819603270742794,0.9184481480145968,0.04009038897148628,0.9866441807220248,True
0.01378277848395063,0.06819678571568755,0.9184259743932663,0.03969687592089123,0.9866227601089539,True
0.013805915178319517,0.06822971152565512,0.9183198328193247,0.03972138492029785,0.9865495443449799,True
0.013842612390280845,0.0683283598261146,0.9181393958439598,0.03975829115201817,0.9864677556700744,True
0.013825276587894607,0.06827021188713152,0.9182324334430378,0.04037869054142934,0.9865026453301694,True
0.01385992382690753,0.06837115926798948,0.9180525382726692,0.04046090350633172,0.9864236975406586,True
0.013906833035694599,0.06853461692913096,0.9178029299753677,0.04056826996389017,0.9863375469044987,True
0.013965496855407374,0.06875979191538288,0.9174843063201115,0.040672958023973235,0.9862440982354943,True
0.01401114605699473,0.06894926660334162,0.9172281752881377,0.040396123831422895,0.9861774418914794,True
0.014065837021877841,0.0691816229029015,0.9169206463722124,0.04071914333783159,0.9861022692751139,True
0.014039800146207572,0.06905906435328854,0.9170800806649646,0.04138915549650292,0.9861391450182532,True
0.01409297430556395,0.06930051410272059,0.916757335033326,0.04164398105742036,0.9860578491360465,True
0.014152906670540675,0.0695899982380776,0.9163805336831632,0.04181428316894838,0.9859705319212408,True
0.014219907821589493,0.0699303344209303,0.9159501638085871,0.041870132198672805,0.9858804982295174,True
0.014265089086047155,0.0701709346829196,0.9156519827069396,0.04157022610674046,0.9858229173898592,True
0.01433811333551858,0.07058086106043863,0.9151518891793057,0.04164921534603094,0.9857327502397443,True
0.014293144695397251,0.07030361480195242,0.9154832197990562,0.04243623682854159,0.9857868346010087,True
0.0143393673307287,0.07061462093383618,0.9151039465218919,0.04262100286604682,0.9857185674557281,True
0.014300584336708395,0.07036392476926412,0.9154044628353255,0.04170181323341616,0.9857683876045896,True
0.01432291303029509,0.07057567245731904,0.9151461887802805,0.04193623270855715,0.9857218612375995,True
0.014336137396120994,0.07068481956352266,0.9150156733677571,0.042470641559972974,0.9857004929312798,True
0.014348375942560573,0.07080878091737529,0.9148688492483311,0.04298863679217025,0.9856776301657064,True
0.01436283043455554,0.07104446635170819,0.9145949209764109,0.043087026343894344,0.9856393873281191,True
0.014377441509458192,0.07129645316030984,0.9143100938840074,0.04301753424057891,0.9856065470443173,True
0.0143977786637963,0.0715709920575988,0.9140015136454965,0.043351634381987324,0.9855725057030953,True
0.014349948325566436,0.07086962969664298,0.9147759966466646,0.04189035172219757,0.9856456263433077,True
0.014327699268268584,0.07094501292637893,0.9146955871967504,0.041646534878015035,0.9856406001231293,True
0.014306426366424931,0.07107196094264291,0.9145616164311375,0.04162019424375273,0.9856335773737804,True
0.014310291933397558,0.07108594904900098,0.9145440900318624,0.04229314232745384,0.9856300390808634,True
0.014285354849154467,0.07118870937228242,0.9144426937157693,0.04207646981956364,0.9856314030880516,True
0.014260604705641278,0.0713347216786093,0.9142972562553439,0.04199211622698769,0.9856319779339532,True
0.014237554509524986,0.07151616743066995,0.9141203077699113,0.04186546858242406,0.9856364752005812,True
0.014214964814362829,0.07173730465385963,0.9139062152878509,0.041831545860874966,0.9856435199417105,True
0.014242849943368852,0.07131116967378942,0.9143213275734042,0.040655338921099085,0.9856324972471937,True
0.014205542631799576,0.07136610855990831,0.91428367493617,0.04094321445304545,0.9856497834960783,True
0.014236813445204813,0.07133389384003945,0.9142998518674466,0.04183263371886791,0.985633745707486,True
0.014175778077013486,0.07133850901853965,0.9143257911204782,0.041687698974630996,0.9856643001390178,True
0.014115417880862723,0.07138488591786651,0.9143121578861021,0.04165577616376713,0.9856970438039686,True
0.01408536861761539,0.07141964325881264,0.9142959934223138,0.04114660823547755,0.9857156366811265,True
0.014224301010600673,0.0711969576518185,0.9144345176352562,0.039927712094407056,0.9856314752870747,True
0.014838533518259913,0.0719996277321682,0.9133032534936171,0.03891509860853566,0.9853028812257852,True
0.014705545988239787,0.07156500918354472,0.9137992339526955,0.03882726954501517,0.9853642431362402,True
0.014829154482148044,0.07194461479685364,0.9133665874009933,0.03821811302844268,0.985311202197847,True
0.015095625310355038,0.07282157763960068,0.9123772432113497,0.03953816908773369,0.9851988208509503,True
0.015025502272894647,0.07256302252677324,0.9126615868986425,0.0398065658831856,0.9852246094254158,True
0.014910985959957546,0.07215060741410867,0.9131136220527977,0.03964865826804049,0.9852642294669063,True
0.01481708948715524,0.07183184631859094,0.9134620785517369,0.039706425084172325,0.9852939248703279,True
0.014993565696507954,0.07239209096263197,0.9128590232517058,0.038902057992226714,0.9852511142143378,True
0.014928586286608952,0.07215060830994272,0.9131167783390483,0.03911466370524777,0.9852673866489909,True
0.014868998302323806,0.07194237746787914,0.9133407074860934,0.03876108824274182,0.9852830849539725,True
0.014913691451619152,0.07209498181478473,0.9131823863127881,0.03817449743659984,0.9852773681275728,True
0.01504374535135298,0.07255966234664776,0.912693506142919,0.03916892821517823,0.9852531684895668,True
0.014952760077758994,0.07220104906443942,0.9130683924285058,0.03907805322414137,0.9852694414929453,True
0.014952351695038432,0.07219689894793363,0.9130703255856965,0.03955043989829573,0.98526722453363,True
0.014882687472928266,0.07193554599874892,0.9133364920580371,0.0394495213125643,0.9852720380567861,True
0.014827192312251295,0.07174059266630456,0.9135263109956279,0.039448151971930946,0.9852669036619324,True
0.014913773022820603,0.07200134580505871,0.9132999634929865,0.0385594853152852,0.9853013092980452,True
0.014886859627405243,0.07189534600430773,0.9134044567232277,0.038886077214466214,0.9852998027275354,True
0.015011076955696553,0.07236359107733172,0.9129441503804527,0.03982914026578645,0.9853077414577844,True
0.014934619704211506,0.07203917185611886,0.9132711334026833,0.03981332370285202,0.9853103052588021,True
0.0148751252296353,0.07179494379550928,0.9135092342495538,0.039776381236481445,0.9853041780450631,True
0.014833119423620264,0.07163078220682695,0.9136586680321658,0.039662754862181834,0.9852894502389927,True
0.014808768935262088,0.07154436737617319,0.9137236942951679,0.03987146966066515,0.9852680616713411,True
0.014791534711943593,0.07149820276986303,0.9137415420364559,0.04005659180673261,0.9852397448063189,True
0.014821703474126088,0.07146467475498416,0.9139289509424616,0.03872845292625963,0.9853936256974458,True
0.014764173804044928,0.07122425461952457,0.9141621831735673,0.038763201166235696,0.9853864377930919,True
0.015053492921791619,0.07238418020998527,0.9131210803166786,0.03770252728396088,0.9855052605266639,True
0.015151913260033586,0.07283656556491591,0.9126543145008332,0.03836533169547848,0.9854908800657491,True
0.015159763325284487,0.07287897744300115,0.9126129075701644,0.037968559292306164,0.9854918850131655,True
0.015086828217846366,0.07251536702420998,0.9129770084518429,0.038054343126232834,0.985492375476053,True
0.015052905590375587,0.07233737065888132,0.9131494399516965,0.03829963203938203,0.9854868106105779,True
0.015134088931461648,0.07276715237803526,0.9127422736605739,0.038965304664941525,0.9855094260386091,True
0.015126057157648667,0.07271812046559722,0.9127873556828466,0.039319871943482895,0.9855054761484439,True
0.015156343295666924,0.07288339979270027,0.9126306308450526,0.03977416928369535,0.9855140306377529,True
0.015498989375290794,0.07494984868866128,0.9107383553628096,0.03834559554017725,0.9856882040514708,True
0.015407007795866798,0.0744471327043353,0.9112385754988374,0.0383958440506412,0.9856857082031727,True
0.015439421382022664,0.07464399127786023,0.9110508930903868,0.03801223256060291,0.985694884368247,True
0.015448090068983227,0.07470306272015695,0.9109964253501502,0.037676119858574074,0.9856994880703072,True
0.015403635445762464,0.07441277547638758,0.9112662372746725,0.03779942481841612,0.9856790127510601,True
0.015357009260062471,0.07407012626020695,0.9115700524550803,0.03773055592863063,0.9856401787152872,True
0.015330586850808889,0.0738104529002326,0.9117779649442919,0.03773135732972165,0.9855884178445244,True
0.015331749145515607,0.07380044146486399,0.9117813014886392,0.03807070791064341,0.9855817429535032,True
0.015327821367933467,0.0736310400004161,0.9118831699406365,0.03802407190411904,0.9855142099410525,True
0.015330151903981444,0.07360123117783306,0.9118924459325325,0.037703144418240214,0.9854936771103655,True
0.015267247764418299,0.07381592722509916,0.9119368576545476,0.037039983440153586,0.9857527848796468,True
0.01529891598979273,0.07415540652176773,0.9116718865313869,0.037664475014878955,0.9858272930531546,True
0.015266795610168802,0.07386985330000259,0.9119110933422846,0.037558627397527675,0.9857809466422872,True
0.015262244296120456,0.07378257450789347,0.9119720510166333,0.03780636051326217,0.9857546255245268,True
0.015258844145689588,0.07369429369789367,0.9120296761194155,0.0375475745827703,0.9857239698173093,True
0.015264376916606587,0.07355381127023229,0.9120957952605848,0.03757620642813279,0.9856496065308171,True
0.015286815818015968,0.07348640218022744,0.9120784133023369,0.03748475559617995,0.9855648154825642,True
0.015288385884986997,0.07349177466002389,0.9120724553357922,0.037866341029474754,0.985564229995816,True
0.015325987370070907,0.07348813122883266,0.9119808627423743,0.03794865902229322,0.985468993971207,True
0.015361537065395156,0.07353183821359106,0.9118677380592696,0.03820250071420413,0.9853995762728607,True
0.015404945317649802,0.07360070620735783,0.9117188234207316,0.03800605580075716,0.9853195296280894,True
0.014929603556985483,0.07267094327446467,0.913456041628694,0.03902759040494855,0.9861269849031586,True
0.014910295584527,0.07246518285608251,0.9136188460748381,0.03922045544495169,0.9860840289309206,True
0.014904486274332364,0.07234681865411596,0.913698644060391,0.03904732208865938,0.986045462714507,True
0.014909381669144994,0.07221243312068676,0.9137620240978734,0.03902819156437315,0.9859744572185603,True
0.01493058235875091,0.07214380490725598,0.9137478331051915,0.038996098468321846,0.9858916380124475,True
0.014958149857916884,0.07214331172851829,0.9136763050496223,0.03920362137289885,0.9858196167781406,True
0.014998458651981107,0.07218698143407941,0.9135509244791626,0.03945279851540394,0.9857379059132421,True
0.014995196845095834,0.07218386127101431,0.913562433575155,0.03987393285281085,0.9857462948461693,True
0.015045888147611697,0.07225563512821977,0.9133897652899493,0.03990040798787225,0.9856454004181691,True
0.015108022649794974,0.07238579515505118,0.9131536872136241,0.039887592561061454,0.9855394823686753,True
0.015187621168634154,0.07258649819154606,0.9128323609658935,0.040027354157510006,0.9854188591574395,True
0.015243031958600347,0.07274114472992306,0.9125977417211263,0.03980481889010475,0.9853388864510494,True
0.015247999968512853,0.07275511377433957,0.912578316375786,0.04026407224084205,0.9853334301501255,True
0.01532907224026361,0.07298965946976278,0.9122268842204231,0.04025078601293347,0.9852165436901859,True
0.015389880547523684,0.07318147652193704,0.9119522838786045,0.04002423348511823,0.9851337604005416,True
0.01538025566288713,0.07315148869799251,0.9119936397401498,0.03951499723746786,0.9851451284381423,True
0.015382953667961668,0.0731615422993501,0.9119782915029477,0.03904635314839081,0.9851398338022979,True
0.015450074482738722,0.0733768667393113,0.9116628011242732,0.03917968313538681,0.9850396678635845,True
0.015511023749952883,0.07359955702149595,0.9113567304173245,0.038936006113180224,0.9849562874388205,True
0.0155604876596796,0.07377638217193004,0.9111131200676202,0.039263898170619566,0.9848895022395503,True
0.015569859373882692,0.07380891206941106,0.9110692132553113,0.039763685507604785,0.9848781253247224,True
0.015634515038287444,0.07405950634147883,0.9107245462519337,0.0396573880702461,0.9847840525934125,True
0.01570669948187994,0.07435786135239265,0.9103283962924845,0.03982301891718017,0.9846862576448772,True
0.015776606030908157,0.07466510953197299,0.909931638180472,0.04007330476336181,0.984596747712445,True
0.015772897073076293,0.07465351655504529,0.9099466740591379,0.03950383724194918,0.9846001906141831,True
0.015723676193522943,0.07440311069474813,0.9102662374154743,0.04025088168341403,0.9846693481102224,True
0.01534907360215241,0.07253390986895979,0.9127870820446197,0.03804478179994292,0.9853209919135795,True
0.015289267616889273,0.07224756303549265,0.9130592688049115,0.038019714613618465,0.9853068318404041,True
0.015274912475064928,0.0721825843467607,0.9131189179127943,0.037636682158299656,0.985301502259555,True
0.01531106412222187,0.07235439642975312,0.912969227808185,0.03831092287807092,0.9853236242379382,True
0.015659150304083286,0.07406055626468035,0.9114179743730039,0.037266103333016894,0.9854785306376842,True
0.0155711517957288,0.07363978151926769,0.9118497241976297,0.03704038296803584,0.9854895057168973,True
0.015609960536308051,0.07383949404382585,0.9116520512941013,0.03665493435939503,0.9854915453379272,True
0.01558726708596617,0.07372595258142087,0.9117654339922334,0.036321773127942505,0.9854913865736543,True
0.015968436727586542,0.07580260250634492,0.9097673286576817,0.03790149587234298,0.9855699311640267,True
0.015867820782586632,0.07527151767763278,0.9103008330366145,0.037792205824317415,0.9855723507142472,True
0.015885193820339174,0.07537629314436514,0.9102007027935436,0.037459155098306794,0.9855769959379087,True
0.01580977759024054,0.07493654034761044,0.910623093487019,0.03741797023191482,0.9855596338346294,True
0.01582036055954829,0.07501631111516983,0.9105528916200188,0.03707525110650131,0.9855692027351887,True
0.015785044318180088,0.07474877423242209,0.9107893988403216,0.0371457249527803,0.9855381730727437,True
0.015832157130627765,0.07521974102971866,0.9104116410895562,0.03671911651765501,0.9856313821192748,True
0.015860256317268496,0.07542648020905844,0.9102282417824089,0.03716237196454716,0.9856547219914673,True
0.015937725580795942,0.07602443424530878,0.9097042216182365,0.03675532266246514,0.9857286558635453,True
0.015916908231389037,0.07586378499501688,0.9098495194936229,0.03694114046825235,0.9857133044886398,True
0.016078191711339195,0.07717469671464534,0.9087116826651593,0.037807305812826486,0.9858863793798047,True
0.016004867123499033,0.07670077415597659,0.9091584154154928,0.037794639495345346,0.9858591895714695,True
0.015975250164087802,0.07646581465962406,0.9093660758707853,0.03795657251547596,0.9858318905304094,True
0.015948108088312752,0.07620982028949451,0.9095799045133507,0.0378328911896016,0.9857897248028452,True
0.01594145329262191,0.07605600319061996,0.9096921209622212,0.037649436741481496,0.9857481241528412,True
0.015943472612854923,0.0761256310982137,0.9096466031672162,0.03799265773963376,0.9857722342654299,True
0.015943778894893,0.07611563491834067,0.9096507923326242,0.03827667685893355,0.985766427250965,True
0.015952349100538207,0.07594371297673838,0.9097413051150813,0.0382989579614016,0.9856850180918197,True
0.015970217022685675,0.07587246638203904,0.9097438917993511,0.03848956691014931,0.9856163581813902,True
0.01581254549312487,0.07601836288649348,0.9099882764710615,0.03763174981281768,0.986006639357555,True
0.01580581347523314,0.07586920892140843,0.9100949403695171,0.03780153073312934,0.9859641492909256,True
0.015810171678299314,0.07568621624747233,0.9102026346250744,0.03776245623969357,0.9858888508725467,True
0.015812093723630717,0.075672753042518,0.9102074288049516,0.03747794740343718,0.9858801818474696,True
0.015806004465853684,0.0756839906375238,0.9102124036903894,0.03715647835340174,0.9858963943279132,True
0.01582776356210072,0.0755949234348544,0.910217195969789,0.037234041692025516,0.9858121194046434,True
0.01587339374594393,0.07555490590398542,0.9101474791673613,0.0371974689105997,0.9857023850713467,True
0.01592645391452858,0.07558823191279593,0.910015595731239,0.03732905841997457,0.985603827644035,True
0.015969124362359505,0.07564147041294528,0.9098926516433051,0.037560514769591026,0.9855341220562504,True
0.01602922110185967,0.07573039649756201,0.9097098537231683,0.037768340799855624,0.9854402502207302,True
0.016127893088772383,0.07590317349584336,0.9093913169881527,0.037849490476669766,0.985294490483996,True
0.01608497613334669,0.07581252723102942,0.9095390583827289,0.03741099402685621,0.9853515856137582,True
0.016179290271934772,0.07598743154732777,0.9092259912349282,0.03731696967445248,0.985213422782256,True
0.016236136017872348,0.07611037125263896,0.9090255476876316,0.037043950262508646,0.9851359189402705,True
0.016267354880382934,0.07618061361464674,0.9089130183661892,0.03670712300243096,0.985093631980836,True
0.016384537048923113,0.07644645546527247,0.9084901972679205,0.03662444106334116,0.984936652733193,True
0.015716452032532906,0.0747599621895166,0.9110153823439612,0.03588319454755269,0.9857753445334778,True
0.015740644574292476,0.07468576068298033,0.910999085143018,0.035755302108476744,0.9856848458259984,True
0.015691550482574833,0.07467730170084011,0.9111208640013813,0.03533990848321661,0.9857981657022213,True
0.015699999915750266,0.07466022325227337,0.9111113684328503,0.035596060979267076,0.9857715916851237,True
0.015720410385603584,0.07461753300221262,0.9110853291491741,0.035715742699101855,0.9857028621513867,True
0.015741102349272996,0.07462289045799218,0.9110356722479056,0.035419444827448465,0.9856585627058978,True
0.01576957009219095,0.07464172569118714,0.9109585335480006,0.03562394871908358,0.9856002592391877,True
0.015578156630280641,0.0744243804423139,0.9115310291218892,0.03504509258350566,0.9859554095642031,True
0.015579288434967876,0.07435387221851059,0.91156849112937,0.03475428913450063,0.9859223633478806,True
0.015527700017462441,0.07478591181036533,0.9114437553760654,0.03441711796097856,0.9862296671864307,True
0.015512399787702151,0.07466115453745598,0.9115510623741875,0.03413048883515454,0.9862122169116434,True
0.01550204054419312,0.07455604778752954,0.911635839879102,0.03383520979073232,0.9861918876666316,True
0.015532484624459091,0.07504231847791733,0.9112817636022951,0.034706724287782174,0.9863240820802124,True
0.015508653229559327,0.07482797089421793,0.9114632672316788,0.03481393965064586,0.9862912381258967,True
0.01551037175923063,0.07486653237490977,0.9114356628679372,0.03450148144419481,0.986302195242847,True
0.015517696457064328,0.07495611233668045,0.9113661115088311,0.034877000053248425,0.9863222238455115,True
0.015503610359817442,0.07473549812961254,0.9115311883618423,0.034928657657748476,0.9862666864914549,True
0.015504528875189242,0.07461440265116916,0.9116027453447951,0.03472525949684403,0.9862171479959643,True
0.015492129582857157,0.07472096867472977,0.9115656153935087,0.03519507663195516,0.9862865840682384,True
0.015491692758476512,0.0747819002242055,0.911530027393212,0.03555566773495642,0.9863119276174175,True
0.015490538417404592,0.07476322109845773,0.9115436519917862,0.035265309919375896,0.986306873090244,True
0.01546213324711005,0.07525520514296888,0.9113020002349922,0.0346778633923517,0.9865572053779611,True
0.015440303742209883,0.07503976216326025,0.911481600858528,0.03448822649253177,0.9865213630217883,True
0.015429525993357115,0.07483823481682424,0.9116299647526003,0.03456076869926968,0.9864681995694246,True
0.015432307298250871,0.07469870325885532,0.9117107504362972,0.03438331799234308,0.9864094536951525,True
0.015450975007969365,0.07459547178663146,0.9117358818683982,0.03444112072005309,0.9863313536550297,True
0.015469407568062173,0.07456303880900302,0.9117160059417598,0.03463171434352727,0.9862790447507629,True
0.015492095664834725,0.07456549890956601,0.9116670867400688,0.034869463508761495,0.9862325856496348,True
0.015520054181586427,0.07457983901831737,0.9115988168352241,0.034630040641674194,0.9861786558535415,True
0.015583879276169516,0.07462247313834414,0.9114353660939257,0.03459868025331386,0.9860578392322699,True
0.01566465622606694,0.07475470311369073,0.9111795444619702,0.03465406689341141,0.985934247575661,True
0.015761966605258224,0.0749488426548759,0.910847225683874,0.0347296643830984,0.9857960683387499,True
0.015804197896021756,0.07504327511566748,0.9106967139752095,0.03443196451174409,0.9857399890908769,True
0.01588940382219333,0.0752385312427605,0.910390767769968,0.03462261586020141,0.9856292990127284,True
0.015846828973286504,0.07513528318699975,0.9105484948691542,0.03507824860704273,0.985683778056154,True
0.015906907703031138,0.075270415882688,0.9103327485119945,0.03535537271017768,0.9856031643946825,True
0.016016234461424615,0.07552848533592006,0.9099300310745772,0.03535568656964654,0.9854585164104972,True
0.016009476996616506,0.0755110697979994,0.909954864121378,0.03493618520292095,0.9854659339193774,True
0.015534878608243968,0.07430705538369899,0.9117704051297433,0.0339530247476711,0.9860774605134422,True
0.015559262024939279,0.07425915110979668,0.9117381372848129,0.033819259093719606,0.9859972883946095,True
0.015595794244453808,0.07427434250557782,0.9116404624019123,0.03363235565650875,0.9859148049074902,True
0.015638014867553847,0.07433116945097541,0.911509145219526,0.033801456953863385,0.9858403146705014,True
0.01542324099095583,0.07394285631342745,0.9122500222077666,0.03313799196584878,0.9861928785211941,True
0.015423394766092743,0.0739233297055121,0.9122594626734182,0.03279941516098585,0.9861827923789303,True
0.015416529430824836,0.0739546468817899,0.9122586521715365,0.03241989964748985,0.9862132990533263,True
0.01536780129275993,0.07490325775840162,0.9118685439295078,0.03444563350217272,0.9867718016879095,True
0.015324198615068533,0.07464361760660643,0.9121182884737864,0.03424282812602108,0.9867619060803928,True
0.015267511947943827,0.074260964436903,0.9124709969203696,0.0342342510272143,0.9867319613572726,True
0.015277723979288756,0.07435881749260767,0.9123896307860728,0.03390457100600068,0.9867484482786805,True
0.015261946600322072,0.07422500156514798,0.9125040283256763,0.03365656050253398,0.9867290298908243,True
0.015427938981318117,0.07620350499009,0.9109596839463701,0.035100571163769426,0.98716318893646,True
0.015528970111570978,0.07681231201082517,0.9103713569512688,0.03476573070316541,0.987183668962094,True
0.01548874209503967,0.07656517546206407,0.9106092649002093,0.03491344484609757,0.9871744403622734,True
0.015505444301609649,0.07667217523696726,0.9105080475479811,0.035175761289738885,0.9871802227849483,True
0.015445542325132707,0.07623825338891625,0.910905381018243,0.03518527696931013,0.9871436344071592,True
0.015428814374575675,0.07608396111603857,0.9110375033384791,0.03500534599222097,0.9871214644545176,True
0.015407739254672863,0.07580050477964362,0.9112618906212436,0.0349446222436377,0.9870623954008872,True
0.015407189925752601,0.07566865848690872,0.9113477997130067,0.03477618087058052,0.9870164581999155,True
0.015422491269600706,0.0755171603308117,0.9114153125524045,0.03481090104254439,0.9869324728832162,True
0.015264677806827014,0.07586864511945005,0.9115041536907922,0.03550268440890514,0.9873727988102422,True
0.015241365815304008,0.07556340424377504,0.911748111674114,0.03552708066974685,0.987311515917889,True
0.015241015423706318,0.07534591580443822,0.9118902402050614,0.03558302160255968,0.9872361560094995,True
0.015262611982634105,0.07520581656118196,0.911938877556799,0.0356149294344792,0.987144694117981,True
0.015305895832574752,0.07514798621402125,0.9118910999799367,0.03562209133899751,0.987039086193958,True
0.01535182860365897,0.07516399796976693,0.9117868200599769,0.03549433631756249,0.9869508180297438,True
0.01543215251318813,0.0752426188874137,0.9115773640023302,0.03553930740294387,0.9868199828897439,True
0.015526177463091363,0.07538923727439685,0.9112958419705615,0.03547899855318877,0.9866850792449583,True
0.015645659847257697,0.07561836525554837,0.9109109138986614,0.035551626164485664,0.9865292791542097,True
0.015158255037335746,0.07455853612093051,0.9125740853749973,0.03614948931035537,0.9871326214959278,True
0.015211723887099774,0.07455253754102216,0.9124700354642674,0.03622901913620388,0.9870225730052896,True
0.015285876795468393,0.07462391927792746,0.9122740801436849,0.036293892958147805,0.9868979994216124,True
0.015366314003521335,0.07474992831459781,0.9120296933277019,0.03622995990379798,0.9867796216422997,True
0.015473683137608342,0.07495490095032957,0.9116794758259011,0.0362326746316806,0.9866343767762307,True
0.015587274545366682,0.07520395610442841,0.9112880399921431,0.036398504363549064,0.9864919960965716,True
0.015735031728758515,0.07555010286249224,0.9107644139405828,0.0364579302751022,0.986314516803075,True
0.01587158922026276,0.07590307525619273,0.9102567931906853,0.036367607692467184,0.9861598684468781,True
0.015982950966948885,0.07620825374757545,0.9098311978306026,0.03617854554418353,0.9860394515781781,True
0.015495483084728874,0.07486080751999313,0.9117071640714846,0.0368369508572593,0.9865679715914777,True
0.01556818316697982,0.07500011213522816,0.9114637621103149,0.03673009376373486,0.986463874245543,True
0.015615710529443891,0.07510455838632522,0.9112967067786629,0.037032518373113464,0.9864012651649882,True
0.015413732140038704,0.07464468021084468,0.9120200134494796,0.03625292713235059,0.9866646936603243,True
0.015468909025993568,0.07470369977404201,0.9118606752900927,0.03617743438362145,0.9865643750641347,True
0.01547550293999265,0.07471687961502671,0.9118387363182654,0.03653134972321225,0.9865556159332921,True
0.015546209607221785,0.07483221413123473,0.9116092332550253,0.03656038173484515,0.98644144738626,True
0.015631400929273405,0.07501220761381605,0.9113075561066266,0.03665818314884805,0.9863197637204426,True
0.015595768914460222,0.07492580547803714,0.911441976451413,0.03710387232512915,0.9863677819294502,True
0.015675880250718772,0.07510071047801642,0.9111519424837421,0.037261515595345567,0.9862526529617586,True
0.015701248173493304,0.07516382317727761,0.9110542583027897,0.03694272548628423,0.9862180814800674,True
0.015503189328501378,0.07466385086785479,0.911816232625825,0.036127840396175795,0.9864800834936798,True
0.015548811847397963,0.0747114552616052,0.9116754045082033,0.03610780258491557,0.9863868597698084,True
0.015583109575959011,0.07477694608727871,0.9115536906715787,0.036370253544279564,0.9863306367588573,True
0.015638289438767328,0.0748936104289365,0.9113496772457247,0.03654900982487476,0.9862432876746612,True
0.015698129900138868,0.07504023335180338,0.9111163572170918,0.03676678240870495,0.9861565905688952,True
0.015672029563332916,0.07497025718572353,0.9112206464505617,0.036273846761234574,0.9861909036362853,True
0.01571040719699894,0.07506514374225427,0.9110662771981605,0.036004508953123515,0.9861314209404147,True
0.015777274361576197,0.07524406495711394,0.9107865241343529,0.035946973153341825,0.9860305890914669,True
0.015484569416391883,0.0743651389227783,0.9120571788731257,0.03695604180836294,0.986422317795904,True
0.01550140969421767,0.07433951811918675,0.9120160558677524,0.03706900418488123,0.9863555739869391,True
0.015522305950993702,0.0743613545414376,0.9119404914558391,0.03687933210844721,0.9863018459972767,True
0.015459116141071802,0.07423771987027562,0.9121891724499575,0.036180098747786806,0.9864268923202331,True
0.015469855874406068,0.07420184206362523,0.9121676578876244,0.03629102468146626,0.9863694999512497,True
0.015494120097135312,0.07421704730796645,0.9120807510128149,0.03628822998499957,0.9862977983207813,True
0.015519368447581871,0.07426866251740512,0.9119747182538255,0.036048353492148015,0.9862433807712306,True
0.015507538282152589,0.07423827329036195,0.9120241912485265,0.035575849078733734,0.9862624645388884,True
0.01554187550137337,0.07431309333719512,0.9118740918888414,0.035560351208310505,0.9861871852260365,True
0.015587001573419216,0.07444335209439541,0.9116636183794518,0.035443515199177586,0.9861069704738472,True
0.01563923049984526,0.07461700724456768,0.911409208917651,0.03526955846323704,0.9860262161622186,True
0.015686524969709237,0.07478680840155769,0.9111722779027842,0.03547304513387073,0.9859590863043419,True
0.014937586579248156,0.07196188848377573,0.9149669341701796,0.03418753382206758,0.9869288226539553,True
0.01488946172021352,0.07170887053650443,0.9152039204999664,0.03420083181666368,0.9869127910364708,True
0.014858625626990625,0.07152023364743061,0.9153635465238542,0.034218399930181456,0.9868837801712849,True
0.014890631127682886,0.07178506432567243,0.9151803965873063,0.03369021739645459,0.9869654609129788,True
0.014886710597708049,0.07176646736664972,0.9151985427559125,0.03332599376825292,0.9869650101225622,True
0.014945942164143553,0.07211674122703374,0.9148915568649318,0.0340998965224179,0.9870082980919656,True
0.015040281343492688,0.07267192214959238,0.9143852066088402,0.03363614804236254,0.9870571287584325,True
0.014982803275379935,0.07235172179763863,0.9146900105764634,0.033645020331857296,0.987041732374102,True
0.014963766493432605,0.07223959165873418,0.9147937065888543,0.03334179491784979,0.9870332982475885,True
0.014981319690863911,0.07236998267667123,0.9146837299403824,0.03296866560124254,0.9870537126170537,True
0.015103660787313128,0.07318181541032806,0.9139709230355856,0.03401591656002315,0.9871527384459137,True
0.015074656217729542,0.0730094614940913,0.9141334800029655,0.03421274697244599,0.9871429414970567,True
0.015023927314000061,0.07268309304636765,0.914431507824126,0.034182448192892706,0.9871146008704936,True
0.015022123323314752,0.07263585772466609,0.9144663365151554,0.03446162653491698,0.9871021942398215,True
0.014999869181792544,0.07244918812648027,0.914616661628234,0.03459127627660925,0.9870658497547142,True
0.015015378762595736,0.07280107929574331,0.9143903945353008,0.03396976226355763,0.9871914738310441,True
0.015025101660069236,0.07289861250522002,0.914311744372861,0.033614434014186644,0.987210356878081,True
0.015079473915863721,0.07332681016401786,0.913946622361133,0.03420873387326165,0.9872734325251509,True
0.015108562578284858,0.07352570985903403,0.913767114700682,0.03459333275703378,0.987292824559716,True
0.015105269848193676,0.07350866573465425,0.9137838640469033,0.0343116388683796,0.9872925297815576,True
0.015084889803373172,0.07335112003746756,0.913921360758517,0.03410292887614622,0.9872724807959846,True
0.015153167944497647,0.0740444097440331,0.913362098365575,0.034747954104842424,0.9874065081096082,True
0.015108778847153738,0.07371974798084792,0.9136538539032293,0.03483032484339169,0.9873736018840772,True
0.01511156202950784,0.07375765915614506,0.9136243630182834,0.03452718801367528,0.9873820221744285,True
0.015099499991064021,0.07362161265726977,0.9137333751245648,0.03471773207247251,0.9873549877818345,True
0.015093284520706355,0.07352900927218646,0.9138029035607408,0.0345020613963133,0.9873319128329272,True
0.01509075217875875,0.07338390017641658,0.9138971839043298,0.03436275891789718,0.9872810840807464,True
0.015100985936518733,0.07329810095079572,0.9139285908490256,0.03451454269134972,0.9872266917998213,True
0.015094246078119489,0.07330681978907344,0.9139369217680816,0.034177534881724356,0.9872437415571551,True
0.015098794986930973,0.07328307211778819,0.9139414175055058,0.033904678943572686,0.987224489623294,True
0.015125681923105032,0.07322983249595831,0.9139168753756075,0.03397197420269403,0.9871467078715658,True
0.015170579552227302,0.0732301259783808,0.9138211764893672,0.033978820351229476,0.9870513024677481,True
0.015039350895877096,0.07308213394645613,0.914191824371125,0.033442250150993544,0.9872739583175811,True
0.015063272100091342,0.07301172208616583,0.9141833761447806,0.03344703924713606,0.9871950982309464,True
0.015083101859735973,0.07301319657519124,0.9141405106029056,0.033671791511634616,0.9871537071780968,True
0.01508812945267208,0.07301916469052999,0.9141269071491067,0.03398983449506561,0.9871460718396368,True
0.01511884923519723,0.07302255240378334,0.9140562258768181,0.03380711085117524,0.9870787782806014,True
0.01517835313525231,0.07308935365740232,0.9138874466809491,0.0337568665244586,0.9869768003383514,True
0.014696927063512291,0.07226590325602832,0.9154408266083843,0.032884394992276925,0.9877067298644127,True
0.014715746962442228,0.07252666736817107,0.9152419332472754,0.03339276389907534,0.9877686006154465,True
0.014804592710381046,0.07346464526161553,0.9144801909583288,0.03290561813006057,0.9879448362199443,True
0.014751789600907577,0.0730996702924598,0.914815285246694,0.03290227882177711,0.9879149555391538,True
0.01474720708924277,0.0730492056815163,0.9148579251190506,0.03313052546007323,0.9879071308005669,True
0.014995024123811776,0.07568384588084769,0.9127042898566851,0.032606407726668986,0.9883881357375327,True
0.014966230843697014,0.07550752790687491,0.9128750375383378,0.03274704632674092,0.9883825654452126,True
0.015296274881603665,0.07766946495059857,0.9108404231810422,0.03249827568530847,0.9885098881316408,True
0.01535219005965507,0.07800193223574123,0.9105186414951586,0.032759488260832595,0.9885205737308999,True
0.015350320361562336,0.07799272115127327,0.9105285325566793,0.03258844841171717,0.9885212537079526,True
0.015348941690446592,0.07799601183472689,0.9105281611329255,0.03241638133384603,0.9885241729676524,True
0.01529264170145698,0.07756083723521605,0.9109208324097456,0.03237537270359246,0.9884816696449616,True
0.015274079005603772,0.07736932058201917,0.9110836603902488,0.032469227538547245,0.988452980972268,True
0.015493967386411806,0.08134838119870783,0.9080379818593834,0.03233909487102874,0.9893863630580912,True
0.015555680107285114,0.08172267543099111,0.9076799341020398,0.032541723477711386,0.9894026095330309,True
0.0154728259977696,0.08118436108391458,0.908185634742693,0.03250429384061584,0.9893699958266076,True
0.015500861326284313,0.08140889989950961,0.9079854826291791,0.032361554983966596,0.9893943825286887,True
0.015593053524837775,0.08221579902529585,0.9072817941585156,0.032226657638011746,0.9894975931838115,True
0.01564288163643217,0.08263037863720762,0.9069162436268432,0.03210990563227424,0.9895466222640508,True
0.015619230884616584,0.08243562086082686,0.9070876667957125,0.03199639214958754,0.9895232876565394,True
0.01574461012315993,0.08384141243965997,0.9059256512424075,0.031972647681699926,0.9897670636820675,True
0.01633166476866733,0.08884306206453987,0.9015862627632538,0.03304907128316946,0.9904293248277937,True
0.016243583058091055,0.08829611418846484,0.9020994610703088,0.03300950395403087,0.9903955752587736,True
0.016450705804185253,0.08980495935211547,0.9007463532289307,0.032918570997896746,0.9905513125810461,True
0.016410828586901283,0.08952741250019156,0.9009979738316493,0.032950471943052596,0.9905253863318408,True
0.016413837365656457,0.08954542990185657,0.9009810315894258,0.03302223141762447,0.9905264614912823,True
0.016381544107400114,0.08924262660251156,0.901236409537991,0.03297568964602299,0.9904790361405026,True
0.016383186092183814,0.08926458599817767,0.9012191471989092,0.03290111057766427,0.9904837331970868,True
0.016367852407243644,0.08894653887070386,0.9014561022375235,0.03289796304862639,0.9904026411082274,True
0.016371285540028334,0.08881560330750837,0.9015372156945568,0.03283601388014801,0.9903528190020652,True
0.01628903924289982,0.08959541153239567,0.9011604334069623,0.03307057548149595,0.990755844939358,True
0.016273164229493584,0.0892686737342604,0.9014041983936705,0.03305801270015772,0.9906728721279309,True
0.016275458497556496,0.08910399824629557,0.9015089144255546,0.033104906838555194,0.9906129126718501,True
0.016300638501733987,0.08890402307719626,0.9015996353509855,0.033115055579706426,0.9905036584281818,True
0.01634468184482598,0.088764589981636,0.9016175166597776,0.033122979753961924,0.9903821066414136,True
0.016385549505290347,0.08874567954024559,0.9015625253601938,0.03318546814034449,0.9903082049004394,True
0.01639798556513445,0.08874093980740619,0.9015443097256505,0.03310893830078944,0.9902852495330566,True
0.016350163313807398,0.0887433335383577,0.9016229808887092,0.03299826157360543,0.9903663144270669,True
0.01639163170401664,0.08872356427239236,0.9015661435300383,0.03305419046710781,0.9902897078024306,True
0.01647270615617389,0.08872582052649716,0.9014276908561741,0.033031581101517105,0.9901535113826713,True
0.016525108328700855,0.08875950722035923,0.9013167175417173,0.03296660372437015,0.9900762247620765,True
0.01650860755602653,0.0887450189513556,0.9013541292416957,0.03286699330663446,0.9900991481930512,True
0.016397441532105893,0.08866574099732294,0.9015949683166564,0.03300967110388482,0.9902607093139794,True
0.016365875895841736,0.08866322655593664,0.9016498962144729,0.03290444938700005,0.9903131227704095,True
0.016438725787161206,0.0886446160302264,0.9015390829440457,0.032869690503668815,0.9901836989742722,True
0.016522252034667773,0.08868412647127338,0.9013716670046016,0.032902570152008453,0.9900557934758749,True
0.016326528551314657,0.08851062891631907,0.9018185871452387,0.03274608622473682,0.9903292160615578,True
0.01615248330708756,0.08854455933932386,0.902090124331043,0.03262567944004618,0.9906346836703668,True
0.016144529784440732,0.08857439299844894,0.9020842168236356,0.03272390615403799,0.9906586098220845,True
0.01610529371954262,0.08870541484950377,0.9020643209155579,0.0328560136564854,0.9907697357650617,True
0.016135449125125975,0.08853462323299031,0.9021263905136532,0.032862097056608655,0.9906610137466435,True
0.016155388188156473,0.08849915473787194,0.9021161924907033,0.03292910796449903,0.9906153472285752,True
0.01621439183618955,0.0884354914791429,0.9020583554783813,0.03295773104239574,0.9904938469575242,True
0.01592183233484413,0.08842765093995462,0.9025609259064795,0.03272704493065821,0.9909885768464342,True
0.015934577406541924,0.0883476505434432,0.9025925146407808,0.03278183201311089,0.990940165184224,True
0.015966071804059158,0.08824100396463026,0.9026099229875921,0.03281948971027767,0.9908509269522224,True
0.01600948914442921,0.08818058785190258,0.9025762970914801,0.032779200419639734,0.9907568849433828,True
0.016052083108825912,0.08816727200594197,0.9025128989795526,0.0328384468675835,0.9906801709854945,True
0.016087709643978005,0.08817387790998371,0.9024481463205999,0.03291197270900894,0.9906220242305837,True
0.016168953315375417,0.08820945973723583,0.9022865571723577,0.032888136432279585,0.9904960169095935,True
0.016281920402730705,0.08831117131601005,0.9020273275555354,0.03291687350256348,0.9903384988715455,True
0.016364589528697317,0.08841567407581344,0.9018176788211708,0.03286205198493545,0.9902333528969842,True
0.016501399235045035,0.08861014059451673,0.9014567555635248,0.0329054647015364,0.9900668961580416,True
0.016643055062462154,0.08883629934867261,0.9010644033416071,0.03287432045178698,0.9899007026902797,True
0.01650331407863539,0.0885922076583202,0.9014653787587257,0.03301728407670881,0.9900575864170459,True
0.016647577361986545,0.08880806399818401,0.9010776037215805,0.03300788981510976,0.9898856677197645,True
0.01676803306544991,0.089011466616849,0.9007386133308102,0.03295625748168918,0.9897500799476592,True
0.016927326210358768,0.08929095003268334,0.9002808597728429,0.03291918556356273,0.9895718098055262,True
0.01710031870878171,0.08961836379111926,0.8997728534284277,0.03287410254228736,0.9893912172195469,True
0.01729890103501501,0.09001170817442312,0.899176603323447,0.03283204399859593,0.9891883114978701,True
0.017539027475528306,0.09050653914385695,0.8984437715858133,0.032862747144348184,0.9889503107296703,True
0.017802070978282635,0.09106951734452597,0.8976285208034092,0.03290016805738548,0.9886980381479351,True
0.018098109582597263,0.09172264935755722,0.8966990252019194,0.03289143159213064,0.9884216745594766,True
0.0181204455384233,0.09177250429393363,0.8966290174535835,0.03305282976248531,0.988401521747517,True
0.018320116919263548,0.09221390821394478,0.8960022141462974,0.0331686743029766,0.9882161223602423,True
0.018123207335556103,0.0917730506312186,0.8966241642263457,0.03336736723191286,0.9883972148575644,True
0.018377294905635378,0.09230036494534934,0.8958484346677499,0.03340852241825906,0.9881487996130992,True
0.01863302143777421,0.09285064507278468,0.895056149318808,0.033509093060126276,0.9879067943915927,True
0.018302445456726307,0.09211532067093742,0.8960969036912964,0.033168825952090426,0.9882122243622338,True
0.01852365462071155,0.0925541264029603,0.8954342982362682,0.03321992181581462,0.9879884246392285,True
0.018498455476496024,0.09250172322343132,0.8955112119579045,0.033018418954073224,0.9880129351813358,True
0.018413273528714795,0.09233155874446924,0.8957672911727342,0.03279503331350945,0.9880988499172034,True
0.018607168328868336,0.09268670236933618,0.8952047825497355,0.032789542407444174,0.9878914849190716,True
0.01827216984916937,0.092021009229018,0.8962116703607214,0.03250023840039832,0.9882326795897394,True
0.018427289058491773,0.09226037577009162,0.8957896458055454,0.03246046554295722,0.988050021575637,True
0.018578859883532788,0.09252314735921442,0.8953584986964234,0.03249768561565283,0.9878816460556378,True
0.017291064037349035,0.09000305508623892,0.8992231573556997,0.03212304924868103,0.9892262124419386,True
0.01718578488095698,0.09011419065832199,0.8993338874707022,0.032482252199267814,0.9894480781290242,True
0.017206677446535455,0.09001750437042573,0.8993611258376865,0.032383226828396706,0.9893786302081122,True
0.017250907527078745,0.08991845211622687,0.8993487361992785,0.0323823994748865,0.9892671883155053,True
0.01730922935209402,0.08987609872304841,0.899275084629138,0.03240232066296919,0.9891511833521864,True
0.017379308541869965,0.08990114584159928,0.8991373603613776,0.03245950511571589,0.9890385062029768,True
0.017264706403362737,0.08980376833564269,0.8994001107556595,0.03272731928948597,0.9892038790913023,True
0.017191899290471668,0.089811476636199,0.8995218372475525,0.032474556032923485,0.9893333138837516,True
0.01720674224522069,0.08979254922249487,0.8995081906945788,0.03233365390353696,0.9893007399170737,True
0.017263536711247276,0.08973857858740361,0.8994441654942862,0.03228955401944192,0.9891827440816898,True
0.017316279825093654,0.08975432343110017,0.8993422197939814,0.03237900424652867,0.9890965432250816,True
0.017404024547413466,0.08981462754898221,0.8991501162062022,0.03232730427617061,0.9889647437551844,True
0.01746358890393459,0.0898832487555571,0.8990017565566732,0.03245009582353682,0.9888850053122303,True
0.017364967145999523,0.0897553170963339,0.8992575136448631,0.03271175428863142,0.989012830741197,True
0.017459657239276616,0.08982968797312696,0.8990436169890693,0.03274412527272717,0.9888733049621963,True
0.01694832109774442,0.08917677764409551,0.9003647533811763,0.03216921279567739,0.9895415310252718,True
0.016982587104281244,0.08906284723970995,0.9003782384623615,0.03219186507771882,0.9894410857020715,True
0.0170373706374598,0.08900833721164067,0.9003170943754664,0.03218113379212413,0.9893254315871071,True
0.017091807679528566,0.08901882244944172,0.9002144237127625,0.032077588630212005,0.9892332461622042,True
0.01678457362972415,0.08879554002316385,0.9009006434291892,0.031735982169638154,0.989696183452353,True
0.01681784338186974,0.0886709455849963,0.9009238928960084,0.031678421794834884,0.9895948384810047,True
0.016854564099671225,0.08860558283484843,0.9009019908846041,0.03155347196128467,0.9895075737194525,True
0.0169056514400444,0.08859445910719584,0.9008189162157971,0.03142842555813158,0.989413375322993,True
0.016737571235132722,0.08851235148030037,0.9011693806876343,0.03121272903619384,0.9896817321679346,True
0.016667162952363163,0.08867101825119007,0.9011893927482099,0.03161190673420873,0.9898604109993999,True
0.016685727175188857,0.08852010432645441,0.9012551571847626,0.031525530630289116,0.989775261511217,True
0.016704656456003043,0.0884680548324775,0.9012559595612756,0.031385822022704644,0.9897240143937531,True
0.01670241836157253,0.08846942565194846,0.9012586279991976,0.03120712215049415,0.9897280536511461,True
0.016545197824515273,0.08869343230403484,0.9013917170114212,0.03103170753903877,0.990085149315456,True
0.016551251105699466,0.0884958556765973,0.9015092116128247,0.030921148953334296,0.9900050672894221,True
0.016554254850981928,0.08848123347561551,0.9015136317716566,0.031068936305177958,0.9899948652472721,True
0.016493893465933527,0.0887570063846992,0.9014404213184204,0.030888004967407203,0.9901974277031196,True
0.016499568326705273,0.08853455900910912,0.901575071145509,0.03083215175970778,0.9901096301546182,True
0.016518984311277757,0.08841818454451285,0.9016166842436689,0.03070808973051728,0.9900348687881818,True
0.016325638949571966,0.0888835073383149,0.9016565392306151,0.03141601911228029,0.99054004656893,True
0.016314132081023208,0.08861001542792868,0.9018543120070711,0.03142767401841365,0.9904643274349998,True
0.016306768250285108,0.08882522362808379,0.9017262254684612,0.03164813435963464,0.9905514490965449,True
0.01630837576402387,0.08859895151365164,0.9018727191688336,0.031688588000543194,0.9904716706824852,True
0.016326612098219874,0.08842341434736709,0.901955025934702,0.0316793524269711,0.9903784402820691,True
0.01631416608696266,0.08846324459031316,0.901951401979879,0.03185627376497515,0.9904146465701922,True
0.016324828916892346,0.08842867524699086,0.9019555301984122,0.03199198196763388,0.9903842054454031,True
0.0163556600829985,0.08835596848886432,0.9019488941570102,0.031939668209918885,0.9903048626458745,True
0.01633343767940868,0.08837264679067393,0.9019770492588476,0.03173732774149904,0.9903496960495215,True
0.016005506189526626,0.08882073087799786,0.9022603080264326,0.032132401624750534,0.9910810389044304,True
0.01599583701934144,0.08863918843673323,0.9023962349253821,0.032051903090219554,0.9910354233621154,True
0.015990695699754854,0.08840106880137971,0.9025595741964098,0.032121218417152875,0.9909606429977895,True
0.01599777684177259,0.0882945340075058,0.902617102922733,0.032226393274433426,0.9909116369302388,True
0.016011480000773945,0.0882041815232076,0.9026522960403031,0.03215197115805914,0.9908564775635107,True
0.015984827345649228,0.0882757234619594,0.9026527596546947,0.03195121340383059,0.9909284831166542,True
0.016012465581345482,0.08815157373828574,0.9026847723277045,0.031997102210255354,0.9908363460659902,True
0.016036253969026866,0.08811180027617968,0.9026696110400299,0.03210493207720432,0.9907814113162096,True
0.016025441786122696,0.08811960290817306,0.9026836553612799,0.03226833922810331,0.990803258269453,True
0.016074348996053336,0.0880717684511866,0.9026296577552779,0.03224787947034315,0.9907014262064645,True
0.01608053875427997,0.08807154200732015,0.9026187834067866,0.032100096715485665,0.9906903254141067,True
0.016139020896512604,0.08808016054791985,0.9025112937576432,0.03217687218394499,0.9905914543055631,True
0.016224966595922565,0.08814519699409216,0.9023188244862471,0.03219627579742673,0.9904640214803393,True
0.01626587341506252,0.08819695348760093,0.9022133490413833,0.03206860514999317,0.9904103025289842,True
0.01635207391414815,0.08831486352765526,0.9019856941942611,0.03215762121114131,0.9903005577219164,True
0.016420720258100967,0.08842583882260374,0.9017931884030858,0.032291152249653336,0.9902190272256894,True
0.01600069059118005,0.0876987937545115,0.9030046792892351,0.03180187265062606,0.9907034730437466,True
0.016022610316610994,0.08769431965450064,0.9029692121259334,0.03193394413089079,0.990663531780434,True
0.01608403381086038,0.08769913186068409,0.9028581375932094,0.03188984453684678,0.9905572694538936,True
0.016152326258375642,0.08775360336061876,0.9027027796946906,0.03196712215845956,0.9904563830553094,True
0.016227966918108322,0.08784459632541475,0.9025099948377266,0.03188876528924953,0.9903545911631414,True
0.0163363977463277,0.08800385440122188,0.9022156299407152,0.031854946153482167,0.9902194843419372,True
0.016318215959418663,0.08797414305911799,0.9022661664904353,0.032074540891336815,0.9902403095495533,True
0.016435109942277155,0.08816509258754021,0.9019345534025266,0.03209344372894646,0.9900996459900668,True
0.016145971766889568,0.08761227086981835,0.9028087600193958,0.03242981544532129,0.9904210308892142,True
0.016225411988149238,0.08767850083724174,0.9026240366474781,0.03243390512149516,0.9903025374847199,True
0.0162494227619129,0.0877115837748337,0.9025599812532037,0.03262311385149372,0.9902715650280374,True
0.01629397273518136,0.08777812645683901,0.9024375191386276,0.03248818121227223,0.9902156455954666,True
0.01628448599962149,0.0877581197451508,0.9024666016600238,0.03226775108403013,0.9902247214051746,True
0.01637805544028083,0.08788652051395786,0.9022157370707812,0.03224157929201658,0.990102257584739,True
0.016252273197496562,0.0876697632609258,0.9025815338247004,0.031906588090407674,0.9902512970856262,True
0.016320782556974875,0.08774578581924923,0.9024093548295367,0.03198478018032316,0.9901551406487858,True
0.01618671759785692,0.08755364689930854,0.9027761768868935,0.03234058851551904,0.990329823786202,True
0.016251822579280293,0.08757664417108914,0.9026427411482747,0.03234353422612428,0.9902193853193638,True
0.016322478645046344,0.0876564893681358,0.9024635370898182,0.032272663742750195,0.9901200264579539,True
0.016346893783727872,0.08769117473464585,0.9023963273780742,0.032079134117285,0.99008750211272,True
0.01623749155852754,0.08752681252209221,0.9027017882285963,0.03242890909160752,0.9902286007506884,True
0.016232909881882585,0.08752305763339907,0.9027123286099464,0.03219921243541352,0.9902353862433455,True
0.016261042860659592,0.08753749012673537,0.902651640184129,0.032367718533855915,0.9901891303108644,True
0.016204257729281,0.08749690878586731,0.9027829855404165,0.032660909796243455,0.9902798943262838,True
0.016258627432054043,0.08749436093355828,0.9026837064690941,0.03270333608282906,0.9901780674026524,True
0.01628642196140985,0.08751271647393487,0.9026191356699794,0.03254472211569096,0.9901318521439143,True
0.01634026492316167,0.08756399746785128,0.9024874060923251,0.03268703412378299,0.9900514035601764,True
0.016417836284137517,0.08765885821770972,0.9022827391441638,0.03265303775613488,0.9899415973618735,True
0.016507754972299452,0.08781480010153424,0.9020170767921789,0.03275673834145557,0.9898318768937131,True
0.01661192820390121,0.08801695076286123,0.9016909917638798,0.03274407449731589,0.989707942526741,True
0.016726167168092845,0.08826532585176641,0.9013189851403485,0.03285509796437202,0.9895843109921149,True
0.016452782717200395,0.08762629285816965,0.9022383785374455,0.032275601822495975,0.9898646713956152,True
0.01646382226295568,0.08763793737570681,0.9022126912342159,0.032013284270111304,0.9898506286099227,True
0.016545319334958477,0.08775704329570848,0.90198149516957,0.031957425203625114,0.9897385384652785,True
0.016617129482045825,0.08789094750365385,0.9017590879671449,0.03207567643304413,0.9896500354707988,True
0.01618372783526646,0.08699241799679314,0.9031603397124552,0.031479431124202095,0.9901527577092484,True
0.016218698910562365,0.08693854612953009,0.9031259260882865,0.03143239691486331,0.9900644722178166,True
0.01625202385688967,0.08694228807177012,0.9030557845470988,0.03153988316061704,0.9899980726188689,True
0.016190840060682735,0.08689946671219971,0.9032074940037903,0.031975773764593735,0.99010696071599,True
0.016215079216844713,0.08687692152548337,0.9031723566401271,0.03212810617336577,0.9900492781656105,True
0.01624618070562671,0.0868789626646418,0.9031071782571619,0.031986115770055217,0.9899861409218037,True
0.01629973471514789,0.08691949254600043,0.9029751734262197,0.03205917787761371,0.9898946659722201,True
0.016370206563606715,0.08701738581928135,0.9027750178761913,0.03205797143331314,0.9897924036954726,True
0.016260879165508505,0.08681469081084366,0.9031186381975543,0.031589958024997575,0.989933329008398,True
0.016316387369111906,0.08686161572775865,0.9029776003208911,0.03153837270370255,0.9898392160486498,True
0.016383821284050772,0.08696238017549654,0.9027781698172763,0.031543846959384836,0.9897405499927728,True
0.01618023237432191,0.08656409736071939,0.9034407467864767,0.03219753378146175,0.990004844147196,True
0.01621264977181614,0.08655085715056533,0.9033783859843926,0.03232980728802986,0.9899292431349579,True
0.016037307129238797,0.0864281862565189,0.9038201881370859,0.03283920817001042,0.9902483743936048,True
0.016046995872127164,0.08629117328697525,0.9038847187656329,0.032864842121125275,0.9901758920526081,True
0.016057101937224698,0.08624853928221118,0.9038878146461387,0.033086288864552234,0.9901363539283499,True
0.01608445925074449,0.086200830979465,0.9038599238184336,0.033233916863603497,0.9900607547978986,True
0.016123740519655858,0.08619622285568582,0.903779032745216,0.03330593301020929,0.9899752556009018,True
0.01603479819487238,0.0861064422093567,0.9040226394428327,0.033662382663533726,0.9901290816521894,True
0.016061610650439446,0.08605674255050567,0.903994871073247,0.03381068003243045,0.9900516136237527,True
0.01609640223979574,0.08606056333556039,0.9039168357043313,0.033792400141265964,0.9899773990398917,True
0.016144488392417135,0.08610617455858346,0.9037864118406387,0.03381354437402701,0.9898925863992222,True
0.016165878997052137,0.08614069230526043,0.9037203166288998,0.03410262301211344,0.9898610089341603,True
0.016120946234647802,0.08606392236411459,0.9038645261610908,0.03445322702392867,0.9899284485252053,True
0.016166074389717976,0.08610689856045833,0.9037402575263694,0.03462439655694878,0.9898471560868278,True
0.016218843588285382,0.08619350543710833,0.9035715476479173,0.034653516566300134,0.9897650530850256,True
0.016271064253719717,0.08629902674407579,0.9033935642408505,0.03458177302750675,0.9896925909849262,True
0.016340286569867326,0.08646491668412233,0.9031395512869469,0.03459552817726185,0.9896044679710693,True
0.01630123643727248,0.08635942993975378,0.903290141471375,0.03410922468435024,0.9896495714111287,True
0.016308964339990135,0.08637685958979291,0.9032628388922987,0.034454039870494696,0.9896396984820917,True
0.01634284837679449,0.08645238584502529,0.9031396255354627,0.034731334075509386,0.9895920113804879,True
0.016051463538950553,0.08574708445550568,0.904240664140039,0.033466621987346554,0.9899877485955447,True
0.01605451410176982,0.08568405997404745,0.9042632029940576,0.03365816197983494,0.9899472629681051,True
0.016063319228461093,0.0856463299898843,0.9042635138018205,0.03387898157401432,0.9899098437917048,True
0.016070182895708347,0.08563473216467736,0.9042529161299323,0.03416073673211597,0.9898876482946096,True
0.016092358858502426,0.08561182545928316,0.9042077105758649,0.03420528123306446,0.989819536035148,True
0.016124939313974896,0.08563783386148466,0.9041100954122316,0.03430786956671255,0.9897479292737164,True
0.016167737425959974,0.08571419817754766,0.9039579376377953,0.034359007661359076,0.989672135815343,True
0.01621822027343639,0.0858362488381002,0.9037601157364622,0.03448400252708874,0.9895963645745625,True
0.01622544689409456,0.08585779951514912,0.9037286719473427,0.0341263019625797,0.9895864714624919,True
0.015992879349958862,0.08520973532795563,0.9046971113428106,0.03312265330976802,0.9899068466707662,True
0.0159979386727046,0.08513982745662876,0.9047141277264512,0.03296476409548905,0.98985395518308,True
0.01600509946769498,0.08512255790057079,0.9047004735405432,0.03318948819501643,0.9898230314411139,True
0.016012833560334713,0.08512004242002881,0.9046774965995736,0.03345622929069577,0.9897975390196024,True
0.01602387201254529,0.08511815156124786,0.9046442713368524,0.03370089646275464,0.9897624228981003,True
0.016027364860468782,0.08512044002940014,0.9046330801402998,0.03404843606113814,0.9897535201696999,True
0.016044584741250877,0.0851308121145598,0.9045715561908007,0.03424789754842638,0.9897023683053605,True
0.01606883561511109,0.08517640768925348,0.9044712151885063,0.034442809984779894,0.9896476228777598,True
0.01602636702838666,0.08506366314238899,0.9046637970297275,0.0349447887693794,0.9897274601721165,True
0.016041519955450074,0.08506337349956086,0.9046074240492851,0.034980526074658125,0.9896707975488459,True
0.016064192379514633,0.08510483166556122,0.9045098559834255,0.03495653970739384,0.9896146876489867,True
0.016086087446761047,0.08516707084200943,0.9044052763559085,0.03524693650962337,0.989572347197918,True
0.016090055260933083,0.08518201538034076,0.9043824154080996,0.034870545847562794,0.9895644307884404,True
0.016074678280391073,0.08513413913892931,0.9044598975808044,0.03432770508857222,0.9895940367197337,True
0.01603587035702636,0.08503858772678102,0.9046795281421077,0.03504821342946997,0.9897181158688888,True
0.016025641080590583,0.08495415637705256,0.9047257580775235,0.03498116303130469,0.989679914454576,True
0.016025600125283198,0.08491852069475339,0.9047214312783983,0.03485811290622393,0.9896399519731517,True
0.01597884433025263,0.08493229887715996,0.9050008485982132,0.0336438736564126,0.9899331474753731,True
0.015996823171538263,0.08504185450370483,0.9049090723333931,0.034057135136112644,0.989950926837098,True
0.016010094603482426,0.08511518414209904,0.9048441284433753,0.03442110734776856,0.9899593125854743,True
0.01597591793647341,0.08488851505079259,0.9050329203871013,0.03450611939566702,0.9899214354378938,True
0.015962987739303307,0.08477875839876854,0.9051135266762157,0.03472707048858316,0.9898922850749843,True
0.01595092398421964,0.0846516283195705,0.9051962606479933,0.03487448635428857,0.9898478889675638,True
0.015947488162388626,0.08456377737402263,0.9052346889668919,0.03485321745473778,0.9897984663409145,True
0.015939418978027413,0.08462734195527712,0.9052503651622591,0.03535271562423539,0.9898777071175362,True
0.015931833865151172,0.08452076185865556,0.9053107294538824,0.03552767833975321,0.9898314913125379,True
0.015933138416349843,0.08448899142590234,0.9053166902461256,0.035828596320691734,0.989805681672028,True
0.015936674949776037,0.0844549558846273,0.9053120398555087,0.03571305437720737,0.9897669957401359,True
0.015938112323023997,0.08445175181940118,0.9053056411958577,0.035390589017106844,0.9897573930152588,True
0.015940265910158978,0.08445152048643383,0.9052994728958794,0.03575138124894459,0.9897509933823132,True
0.015937450750380805,0.08445347481538383,0.9053087067504745,0.035325523668791714,0.9897621815658583,True
0.015943845260472923,0.08442494344523319,0.9052939252591308,0.03517304786313185,0.989718868704364,True
0.015907983636331554,0.0844216491494901,0.905446224506666,0.03439100003775847,0.9898678736561561,True
0.015944062057993275,0.08475597441218918,0.9052278677745729,0.03513598813517691,0.989983842186762,True
0.016095840452463164,0.08584118321653846,0.9043513101226138,0.03432096541292676,0.9901924933391523,True
0.016052919329607028,0.08556660631584015,0.9045944049765355,0.03441567204926814,0.9901610112923757,True
0.016012407881667134,0.08528473265162344,0.9048361768536944,0.034443031593588455,0.9901209095053178,True
0.01598437143976472,0.08505193797856843,0.9050220122359786,0.03447003785041714,0.990073950214547,True
0.015999944702111153,0.08521886435604939,0.9049021319171054,0.034894791225271664,0.9901209962731549,True
0.015981163856291537,0.08502356328790187,0.9050461444808457,0.03496468203448336,0.9900697077687476,True
0.015997151795668997,0.08531931436162646,0.9048613673666337,0.03543043246292313,0.9901806817282601,True
0.01597657731117587,0.0851060687303733,0.9050213586174733,0.0354856170272517,0.9901274273478466,True
0.015969538525899656,0.08496164538859556,0.9051166625025696,0.035637898169652474,0.9900783078911651,True
0.015967269323851774,0.08491658610793773,0.905142861194168,0.03540569587839139,0.9900594473021057,True
0.015972772514011892,0.08483543304075827,0.9051713791363301,0.03556057557330984,0.9900068121770883,True
0.015968221415790042,0.08485387353277075,0.9051745574966417,0.03591139187922024,0.9900284310294124,True
0.015981680218424738,0.08478280220858185,0.9051797431640136,0.03600489006897056,0.9899625453725954,True
0.016004825057781686,0.08476475201577544,0.9051301725958893,0.0360519844989564,0.9898949246116648,True
0.01598900042195468,0.08474842337289362,0.9051780172397671,0.035613706963435535,0.9899264406126607,True
0.01601067027078044,0.08475309856202036,0.9051141677815274,0.035525166558467366,0.9898672663435478,True
0.016002983493713662,0.08473975337524436,0.9051429694076647,0.03590732634084167,0.989882722782909,True
0.016032094878339433,0.08475671951403042,0.9050573546247601,0.03599068295693303,0.9898140741387905,True
0.01606746842898722,0.08481737767359443,0.9049314795491495,0.036142613392691744,0.989748857222744,True
0.015989104619308962,0.08463418944267426,0.9052357145738019,0.03544042706489543,0.9898699040164762,True
0.01600802473970721,0.08462900860002909,0.9051826645466139,0.03553744052273079,0.989811673146643,True
0.01600111819149879,0.08461914267594203,0.9052092634361197,0.03594145866640861,0.9898284061120618,True
0.01602455997396633,0.08463431724959666,0.9051318838560336,0.03595746055884461,0.9897662011056303,True
0.01603512069469841,0.08465365366629353,0.9050887244295995,0.03567594332083684,0.989742378095893,True
0.016059164832109216,0.08470319523940685,0.9049919803747467,0.03588203657517803,0.9896951756141535,True
0.016096722365610234,0.08479335789596323,0.9048373076833689,0.03583225328600051,0.9896306655793321,True
0.01607278569067871,0.0847305803896951,0.9049340120298993,0.035324927923824884,0.9896645924195944,True
0.01610012603328965,0.08480382478146982,0.9048071465170064,0.03544110183495733,0.9896109712984763,True
0.01612686192532577,0.08488635742926927,0.9046812463005723,0.03568215646945932,0.9895676037298416,True
0.016160225581983188,0.08500434526410715,0.9045127143197517,0.03587012710973927,0.9895170595838588,True
0.01618156100401635,0.08508624564211564,0.9044018433471338,0.03619796411612185,0.9894880889892494,True
0.016208918109213516,0.08520200512262194,0.9042474129053062,0.03598202064532734,0.9894494180279281,True
0.016250370080346653,0.08538792926763558,0.9040058746901547,0.03607151546992544,0.9893938039577903,True
0.01618814513329409,0.08508977539233528,0.9043772762074728,0.035322647515887075,0.9894670515998081,True
0.01620861544805268,0.08519142631613157,0.9042285247427682,0.03529097424836316,0.9894199510588997,True
0.016200362440379926,0.08514039968256548,0.9042955664656654,0.03583094580658758,0.9894359661482309,True
0.016212955702125047,0.08521777881185205,0.9041816215837449,0.036015622964129856,0.989399400395597,True
0.01622998207507673,0.08533473612739886,0.9040249560043648,0.036134122714373836,0.9893596921317637,True
0.016245811795730824,0.0854465623686418,0.9038847386358059,0.03642275855858992,0.9893313010044477,True
0.016266281705918356,0.08561117600252828,0.9036845577077448,0.03659199924270479,0.9892957337102731,True
0.016288008710204666,0.08580458444493431,0.9034586421740415,0.03653930869584929,0.9892632266189758,True
0.0163116928458743,0.08603624391228078,0.9031962316116273,0.036544367568205866,0.9892324755239081,True
0.016284970472928352,0.08576613687017222,0.9034951031928506,0.03573278725810124,0.9892612400630229,True
0.01627660001606792,0.08520677846909148,0.904139382510901,0.03693226049112813,0.9893461609799925,True
0.016246053779966473,0.08513171401595389,0.9041968895411941,0.03710017168663526,0.989328603557148,True
0.016219562042122777,0.08509391776756266,0.9042158271143196,0.03718386111241194,0.9893097448818823,True
0.016204211044838886,0.08509957672378365,0.9041956377115249,0.037459233031506535,0.9892952144353085,True
0.016189393132865965,0.08512906689752868,0.904151124080894,0.03771196109415968,0.9892801909784227,True
0.016174822914139162,0.08519226300332661,0.9040726384520884,0.03787273228334332,0.989264901455415,True
0.01618236536678045,0.08511309676578803,0.904162900148403,0.037116060321338275,0.989275996914191,True
0.016186207751486124,0.08511186572029711,0.904164506027583,0.037630447931871286,0.9892763717478801,True
0.016159448651776275,0.0851113439817762,0.9041559328627605,0.037837111870371684,0.9892672768445367,True
0.016194945223533406,0.08506109767030015,0.9042188331526341,0.036948886369124974,0.9892799308229342,True
0.01624591994890133,0.08513240192180994,0.9041567979133754,0.037653542272646036,0.9892891998351854,True
0.016272750104849087,0.08520346101303165,0.9040910367790562,0.03707077252560016,0.9892944977920879,True
0.016489367584754742,0.08584546458686544,0.9034877696867935,0.03609484338158709,0.9893332342736589,True
0.016771747376895307,0.08700880941861733,0.9023769209219548,0.03553070623251943,0.9893857303405721,True
0.01670584722480897,0.08669467948480702,0.9026748296276019,0.03557503197081825,0.989369509112409,True
0.016647554092295673,0.08641976708287194,0.902933821922445,0.0353737980483059,0.9893535890053169,True
0.016601353253739494,0.08619392628400523,0.9031380481981025,0.035430894987027214,0.9893319744821077,True
0.016611313487076597,0.08624601017390786,0.9030934697618733,0.03505621102148764,0.9893394799357812,True
0.01661426514698846,0.08626423165229137,0.9030785211706093,0.034701571051799586,0.9893427528229006,True
0.016653077748542983,0.08646234529882936,0.9029095684419857,0.03529564455220437,0.989371913740815,True
0.016657039479618527,0.08648001353090055,0.90289351290846,0.0356428138489936,0.9893735264393605,True
0.016626441166521424,0.0863070058614612,0.9030393666274877,0.035465421645876044,0.989346372488949,True
0.016839743031186162,0.08760094837673478,0.9020267109812682,0.034775925177940745,0.989627659358003,True
0.016779310837653574,0.08724621264039212,0.9023464790258754,0.034731749243338814,0.9895926916662675,True
0.01674534681288851,0.08703795529956157,0.9025301570305917,0.034523848187748056,0.9895681123301533,True
0.016740934583863245,0.08700493736865655,0.9025574893383356,0.034780674027307314,0.9895624267069921,True
0.016708808472202824,0.08677418439013415,0.902746552490023,0.03467613032591745,0.9895207368801572,True
0.01670294940636108,0.08671434483251153,0.9027894644910996,0.03490272752595718,0.9895038093236111,True
0.016690275244541475,0.08656164208585451,0.902890750877361,0.034842221720519005,0.9894523929632155,True
0.01669219960956106,0.08663478407376,0.9028564115649796,0.03528513517814383,0.9894911956387397,True
0.01668637247847958,0.08652164274057993,0.9029224509330948,0.03540358167734443,0.9894440936736747,True
0.01668921362924097,0.08645773311372212,0.9029419462996016,0.03557138175916184,0.9893996794133237,True
0.016700552328952227,0.08641560930904636,0.902925820562115,0.03565372210744064,0.9893414298711614,True
0.01672231620340142,0.08642349857848096,0.9028555935616512,0.03568512606465873,0.9892790921401322,True
0.016705370119135914,0.0863917748159636,0.9029201830460225,0.03522074416024749,0.9893119578619861,True
0.01671257058317018,0.08639713797260726,0.9028960794211974,0.035516564688923634,0.9892932173938047,True
0.016733271724110915,0.08641468292528594,0.9028198133707562,0.03547801139128138,0.9892344962960422,True
0.016763809862583016,0.08648185867965867,0.9026902521613236,0.03550455605781757,0.9891721108409822,True
0.016761767206120378,0.08647409057969443,0.9027027422604949,0.035909632777258504,0.9891768328401893,True
0.016791650621400207,0.08655518742427798,0.9025646320355506,0.0360534192833121,0.9891198194598285,True
0.016830256437285356,0.08668392189308713,0.90237467547758,0.036135445428672176,0.9890585973706671,True
0.01687276832592524,0.08684466493901578,0.9021568874644389,0.036316587454731694,0.9890015524034547,True
0.016795233381637197,0.08651434493292849,0.9025828139903121,0.03689933273364119,0.9890971589232407,True
0.016816276424860273,0.08658528618585792,0.9024598897775135,0.03699713736481533,0.9890451759633714,True
0.0168440479138467,0.08670056813761909,0.902293246871114,0.037160918298106714,0.9889938150087331,True
0.016870936724885807,0.08682526068903068,0.9021281334576744,0.03745436243687309,0.988953394146705,True
0.016899845776400323,0.0869715917968871,0.901941812333835,0.03775885720799976,0.988913404130722,True
0.016936606778982413,0.08717730134022982,0.9016883926297528,0.037881067659892395,0.9888656939699826,True
0.016977640875624315,0.08742311133875418,0.9013955713898136,0.03800845407620589,0.9888186827285678,True
0.016978242142811635,0.08741934819227438,0.9013996672707979,0.03850888413705202,0.9888190154630723,True
0.016993321535927572,0.08752713703489157,0.9012734723753048,0.038942896372698,0.9888006094101963,True
0.017013485894621087,0.08773195826574048,0.9010391457920436,0.039054127223047,0.988771104057784,True
0.016994300282275453,0.087540185687159,0.9012525163429694,0.03824483045566985,0.9887927020301285,True
0.016997691924944026,0.08762262151358437,0.90115604283833,0.03861426075314175,0.9887786643519143,True
0.016999660149618366,0.08765495303706346,0.9011187210359292,0.0390819788313899,0.9887736740729927,True
0.01699550960891729,0.08771083143785789,0.9010553061163373,0.03879311949009516,0.9887661375541952,True
0.016986676497556835,0.08781850694401226,0.9009353045316943,0.038737011586387315,0.9887538114757066,True
0.016978562025956066,0.08796235520066875,0.9007814069750159,0.03873659212576315,0.9887437621756846,True
0.01697850218406051,0.08801072202314453,0.9007304583964123,0.03921713706440432,0.9887411804195568,True
0.016963347441899035,0.08816109395568926,0.9005777197427479,0.039337421630784845,0.9887388136984372,True
0.01695183395704978,0.08827936221385073,0.9004616374805825,0.03908566172800128,0.9887409996944332,True
0.016962350187558397,0.08821239382862704,0.900524258357152,0.03972411631821968,0.988736652185779,True
0.016933017555774352,0.08831196879785241,0.9004331588608524,0.03997802841479165,0.9887451276587048,True
0.016927109967208677,0.0883229993534896,0.9004247306836888,0.03946982662600702,0.9887477300371784,True
0.016896080409837783,0.0884019306104361,0.9003583882700406,0.03976932881785432,0.9887603188804767,True
0.016852594943482103,0.08850561348381512,0.9002781159353467,0.03994198808131731,0.9887837294191618,True
0.016808981453678318,0.08864403530067103,0.9001658992694973,0.040056564746043605,0.9888099345701683,True
0.016913300030310514,0.08829464501963288,0.900442448174433,0.04094088974677732,0.9887370931940659,True
0.016852351784272104,0.08829393563185926,0.9004653263097583,0.04111037872841567,0.9887592619416176,True
0.016807251356906167,0.08831800744087014,0.9004625147504701,0.04149155294043033,0.9887805221913403,True
0.016857181439748202,0.08829234286844984,0.9004623416253305,0.04212681318902871,0.9887546844937802,True
0.01679363940011312,0.08826678812069584,0.9005149008858547,0.04210657748052886,0.9887816890065506,True
0.016735443057766065,0.08827160997771552,0.9005378257208891,0.04245473397338897,0.9888094356986047,True
0.016695271172762927,0.08828305573265047,0.900547451861984,0.042174818324928295,0.9888305075946345,True
0.01767345354383682,0.08784428277448415,0.90044741825579,0.038385429524228146,0.9882917010302742,True
0.017630421630377098,0.08769259579833813,0.9006035599940435,0.0386526466692114,0.9882961557923816,True
0.01769227415691473,0.0878983952913645,0.9003910317426569,0.03915925375486505,0.9882894270340215,True
0.017754594224256147,0.08811701070353971,0.90016927838548,0.03962919063614975,0.9882862890890197,True
0.018162874281443073,0.08966856205115392,0.8986387600037831,0.03847207938336709,0.988307322054937,True
0.018095175161114696,0.0893700784083824,0.8989300812789838,0.03829352237037187,0.9883001596873662,True
0.018692954470385582,0.092075917865907,0.89635685408759,0.03768751611855586,0.988432771953497,True
0.019314941527568418,0.09523527874802976,0.8933672862007798,0.03888808047805715,0.9886025649488095,True
0.0192225502629972,0.09473427373665731,0.8938374024419798,0.0388459514906182,0.9885716761786372,True
0.019186906325348738,0.09452190069965567,0.8940306127268626,0.038980487865436626,0.9885525134265183,True
0.01915550276445415,0.09432378682237262,0.8942066223761023,0.038840259008809594,0.9885304091984749,True
0.01910799749563023,0.09398134009829667,0.8944998861254687,0.03883509919229725,0.9884812262237654,True
0.019097857456011183,0.09389626128026274,0.8945684833388237,0.03865097963237508,0.9884647446190864,True
0.019078643304672106,0.09367936546363895,0.894732016540264,0.038548686859492524,0.988411382003903,True
0.019104662826755978,0.09464604413266786,0.8941166453503049,0.03813235767886238,0.9887626894829727,True
0.019083266903141872,0.09447250942675886,0.8942606883104228,0.03796913783131561,0.9887331977371817,True
0.019057090463263527,0.09419220828998491,0.8944798580685944,0.03790926676478728,0.9886720663585793,True
0.019047968933975312,0.09399822707722998,0.8946134396461244,0.0377770101645717,0.9886116667233543,True
0.01903461504273021,0.09444967087559737,0.8943688096380769,0.03837931843841656,0.9888184805136743,True
0.019032348985643377,0.09440615668877311,0.894401589148395,0.03819323506201411,0.988807745837168,True
0.019040617321131374,0.09460248467654582,0.8942632652622681,0.038493125344059256,0.9888657499388139,True
0.019029240053000246,0.0943657160151603,0.8944318771172307,0.03851329228469691,0.988797593132391,True
0.01902826591055697,0.09426961371905325,0.8944917807381348,0.03837429856073274,0.9887613944571881,True
0.019040346057897416,0.0941742895220087,0.894528617005626,0.03847915694711856,0.9887029065276347,True
0.019064553794776472,0.09409012974373551,0.8945358340929123,0.038411253180749096,0.9886259638366478,True
0.018986227055598503,0.09418933439225212,0.8946197194521314,0.03880345411308204,0.9888090538443834,True
0.01900114969474306,0.0940482362547284,0.8946793826149144,0.03880346149597752,0.9887276188696428,True
0.018981032696673263,0.09410732542729439,0.8946806748481206,0.03906467157783325,0.988788000275415,True
0.01900405536665746,0.09399360585089658,0.894708780197901,0.03909808925874585,0.9887023860487976,True
0.01904360562129439,0.09394111345248317,0.8946688769783236,0.039157402255336995,0.9886099904308068,True
0.019096803974783402,0.09394761392671214,0.8945671199773753,0.03915539199616468,0.9885147339040874,True
0.0190747916713936,0.09392639626787776,0.894619751334091,0.03886916685742293,0.9885461476019688,True
0.019132315723114534,0.09395538375056475,0.8944951439304728,0.038826494010132426,0.9884505276810376,True
0.019100855123562153,0.09391831759877851,0.8945753577208702,0.03852776371451841,0.9884936753196487,True
0.019159758131720852,0.09395869614070554,0.8944400058355968,0.038449851608893,0.9883987019763023,True
0.01884495900231625,0.09355700378642905,0.8952766968087432,0.03796428197011605,0.9888337005951723,True
0.01885513204996764,0.09347739276153097,0.8953052227127035,0.037794111194883975,0.9887826154742345,True
0.018879676421395163,0.09340072067139776,0.8953050808722366,0.03766242949817016,0.9887058015436343,True
0.01891496192378056,0.09337645616347806,0.895253268239379,0.037696919758954985,0.988629724402857,True
0.01873732781687503,0.09332238861570893,0.8956265868400938,0.03841486902201285,0.9889489754558027,True
0.018745169598539432,0.09322210463661776,0.8956735627793936,0.03853046797953911,0.9888956674160113,True
0.018769030374501536,0.09311974035085742,0.8956932748757626,0.03853789421941373,0.98881301522662,True
0.01877376010287243,0.09311762800641626,0.8956859100336353,0.03876229249176773,0.9888035380400515,True
0.018809891525779672,0.09307589066455632,0.8956401042640814,0.038787161243317936,0.9887159949286377,True
0.0188625005037837,0.09309276856543447,0.8955292866629403,0.03881610816776463,0.9886220552283748,True
0.01892068299700316,0.0931569506462652,0.8953806363195628,0.038945836287816143,0.9885375869658279,True
0.018950044765583474,0.09320129267206023,0.8952986761668171,0.039179925325662064,0.9884999688388774,True
0.018941977995757128,0.09318887318846353,0.895319882726144,0.03888903331993829,0.9885087559146075,True
0.01882031110296888,0.09302211306010649,0.8956581554556818,0.03930055639509966,0.9886802685157883,True
0.01884366766722969,0.09301565084220122,0.895620406021604,0.039505373494139115,0.9886360568638052,True
0.01888883867619671,0.09301879893689828,0.8955298409807887,0.03956627860167112,0.9885486399176869,True
0.01892956175003806,0.09305829371136305,0.895424056166007,0.03947362923349048,0.98848234987737,True
0.018982680599792103,0.09313253228661977,0.8952719367539197,0.03940020400021009,0.9884044690405395,True
0.018817901454006025,0.09284065829689798,0.8957820561196663,0.039839055481395394,0.9886227144165644,True
0.018846489347657033,0.0928215481171549,0.895732382964185,0.03979472544760342,0.9885539310813399,True
0.018882021364264454,0.09284167112664947,0.8956469367810324,0.03997816027773734,0.9884886079076818,True
0.018935363492231037,0.09290219644428614,0.895499981244676,0.04001544133460237,0.9884021776889621,True
0.01899097401540136,0.09299796556233013,0.8953283266770466,0.04020099416779331,0.9883262922393767,True
0.019044429349905363,0.09310824584748802,0.8951500773742395,0.040097534569609676,0.9882583232217275,True
0.01860056858595415,0.09209499170832497,0.896689841183485,0.03889141861518432,0.9887848328918101,True
0.018606756559374448,0.09200894827680896,0.8967256659636608,0.03874725107860046,0.9887346142404697,True
0.018620783477739773,0.09192689527503144,0.8967362182705371,0.03870996640016947,0.9886631135455685,True
0.01862516350093677,0.09192809266448572,0.8967270842062686,0.038982716452717926,0.9886551768707543,True
0.01865435281759831,0.09191858223464666,0.8966643137464755,0.03900400799619638,0.9885828959811221,True
0.018598713770204115,0.0918700499894253,0.8968160677492333,0.03853686195159071,0.9886861177386586,True
0.018616241837658035,0.0918267997858584,0.8967975547783367,0.03840647155357401,0.9886243545641951,True
0.018594572749164234,0.09182474393286087,0.8968475721168333,0.038050751042102864,0.9886723160496942,True
0.018613005841671876,0.09178189917642147,0.8968262925102698,0.038066758073628255,0.9886081916866912,True
0.01863153797879784,0.09178159358130422,0.8967808323349497,0.0378448063952026,0.9885624259162539,True
0.018603576384842717,0.09175612452364179,0.8968597960833301,0.03748810532075357,0.9886159206069719,True
0.018627657810179124,0.09173674832086029,0.896811521234247,0.03737269121121702,0.9885482695551073,True
0.018436986886084923,0.09157257884142399,0.8973758005237427,0.038736340234422205,0.9889483793651667,True
0.018426946306899807,0.09145626778009294,0.8974587568343003,0.038884091758459215,0.9889150246143933,True
0.018424806081331586,0.0914145177002596,0.8974862384806016,0.03866254730665159,0.9889007561808612,True
0.018422693173867646,0.09130796378328027,0.8975471329022188,0.038782575105759914,0.988855096685499,True
0.018429524888245147,0.09122153409193372,0.8975753351104956,0.03886861094295683,0.9887968692024293,True
0.01843581939565202,0.0912118647779893,0.8975668197722211,0.03912157533232861,0.9887786845502103,True
0.018456664806092562,0.09117122233105615,0.8975395489920157,0.03913101532718619,0.9887107713230718,True
0.018486271395062648,0.09118424588467527,0.8974604465943382,0.03924721816823523,0.9886446924790135,True
0.018527606848149948,0.09124013717941142,0.8973301228484905,0.03926854231881895,0.9885702600279018,True
0.01848386270997376,0.0911489602546865,0.8974899017096437,0.03969823641387577,0.9886388619643303,True
0.018515001782846416,0.09117676598626888,0.8973956205280464,0.039695469737849154,0.9885723865143153,True
0.018545548641599553,0.09123105359809383,0.8972880370873363,0.039576363320487785,0.9885190906854301,True
0.01855828775346966,0.09126179643983365,0.8972356502610874,0.039301478849487884,0.9884974467009211,True
0.018590327732281992,0.09133522707792537,0.8971105042377728,0.03913379563316341,0.9884457313156982,True
0.01863526248383549,0.09145261195244721,0.8969298637166607,0.03924845337417849,0.988382475669108,True
0.018687551865081257,0.09161113713942526,0.8967035393792718,0.039173733017482636,0.9883146765186971,True
0.018737644608888923,0.09178593071961641,0.8964685640368747,0.03902420469713971,0.9882544947564911,True
0.0187477953299801,0.09182658366972155,0.8964165201255111,0.03865670481433934,0.9882431037952326,True
0.018540164606181603,0.09102771117076995,0.8974647466045526,0.03973902969400685,0.9884924577753225,True
0.018543226183295826,0.09098928639996247,0.8974522794870443,0.03974585660976824,0.9884415658870068,True
0.018554857342303322,0.09099937562718095,0.8973920759635909,0.03971207662346859,0.9883914515907719,True
0.01857476952712274,0.09105483731591324,0.8972844327350467,0.039755524011989445,0.9883392700509599,True
0.018599704844498164,0.09114680445890917,0.8971445236109356,0.039895251114715966,0.9882913280698448,True
0.0186108696459721,0.09119006864685657,0.8970852587610569,0.04025069895520027,0.9882753274079135,True
0.018629276625491884,0.09127952955399421,0.896960450733414,0.04009516242276531,0.9882399802874082,True
0.0186501879981647,0.09138448769013614,0.8968219807816048,0.040353574061153884,0.988206468471741,True
0.018597178168557472,0.09109427445941237,0.8971910701005475,0.039522621382155294,0.98828534455996,True
0.01859977199019684,0.09109714794951324,0.8971904961581295,0.039942868282942065,0.9882876441076427,True
0.01859588144047168,0.09109937050252614,0.8971534734540887,0.040047079514579746,0.9882528439566148,True
0.018598651280523838,0.09114427727072914,0.8970770554027795,0.04020228630697925,0.9882213326735086,True
0.018603058402633328,0.09121980865826312,0.8969668188460577,0.040236330707955216,0.9881866275043207,True
0.01861076234966394,0.09131711412530467,0.8968445327952298,0.04009338268293747,0.9881616469205344,True
0.01862012058878268,0.09145327942698113,0.8966786585097274,0.04010386830993071,0.9881319379367085,True
0.018632141133570732,0.09162769581361029,0.8964790191361344,0.04012525363125499,0.9881067149497447,True
0.018634283307040957,0.09161650080222074,0.8964901917257123,0.04063349318582856,0.988106692527933,True
0.018636101183946006,0.09173568173522002,0.8963575048610116,0.040920529477730797,0.9880931865962317,True
0.01864902304824311,0.09078075632469462,0.8973834853040424,0.04171891080538599,0.9881642416287371,True
0.0186125425648378,0.09068014967443196,0.8974712094057176,0.04196535604060947,0.9881513590801495,True
0.0185747190549186,0.09060223202962459,0.8975364330323787,0.04197451020798987,0.9881386650620033,True
0.018567336452208705,0.09059096886302159,0.8975472837872046,0.041601277846841464,0.9881382526502263,True
0.018542808740210602,0.09055917743232343,0.8975684212237774,0.04183950919652916,0.9881275986561009,True
0.01852172816608917,0.09054530607364965,0.8975714196577023,0.04166478603773813,0.9881167257313519,True
0.01855401445909553,0.09052045709752103,0.8976172827787917,0.040886878788963375,0.9881377398763127,True
0.018517183543651852,0.09044588617973255,0.8976795775271849,0.040776613197085136,0.9881254637069175,True
0.01861139845055451,0.09054038220558752,0.8976191455072201,0.039987630162043805,0.9881595277128077,True
0.018558695478735236,0.09037782510256483,0.8977715511770874,0.03991163969800484,0.9881493762796523,True
0.01863462078498517,0.09057115078005538,0.8975939302598581,0.04067706955906223,0.9881650810399135,True
0.018586051096433125,0.0904061405848438,0.8977457578941739,0.0407558501339481,0.9881518984790176,True
0.01854512456919973,0.09027710801628122,0.8978576252797501,0.040697265256628375,0.9881347332960313,True
0.018610136430695458,0.09043262803720592,0.8977371171686888,0.04002448606072072,0.9881697452058946,True
0.018671602766074668,0.09064443501532168,0.8975450417069759,0.04065309675915741,0.9881894767222976,True
0.018693694098857,0.09073470168908178,0.8974670977935824,0.040241261445886196,0.9882017994826642,True
0.018646230034173452,0.09053462481973683,0.8976444149893514,0.04028312244711258,0.9881790398090883,True
0.01861909236822565,0.09043048514789008,0.8977344112451097,0.04004644558787771,0.9881648963929998,True
0.01874612285184629,0.09089809633721113,0.8973549352657959,0.041004384371021774,0.988253031603007,True
0.01875961900139513,0.0909554759969395,0.897302007807795,0.041348914847114226,0.9882574838047345,True
0.018715982101246566,0.09074067203820962,0.8974897779831389,0.04145016520221817,0.9882304500213486,True
0.018678282008720914,0.09055935810628385,0.8976421155311651,0.0414504202207741,0.9882014736374489,True
0.0186521562298135,0.09042859529128318,0.8977389504007525,0.04150062628485257,0.9881675456920357,True
0.018638016099519615,0.09035718389992213,0.8977781156607579,0.04165892722741631,0.98813529956068,True
0.01863271335423983,0.09032133971575869,0.8977770113602064,0.041842648482444206,0.9880983510759651,True
0.018632670662133328,0.09032261930597475,0.8977499898296138,0.042112533436013976,0.9880726091355886,True
0.018633659704654755,0.09034338650472103,0.8976916919211301,0.04221073815352749,0.9880350784258511,True
0.01864103328526656,0.09040703975627284,0.897590824579216,0.04232145441153745,0.9879978643354889,True
0.018645402977706803,0.09046809465623654,0.8975084328922527,0.042122530622571645,0.9879765275484892,True
0.018653882936214596,0.09053654057087006,0.8974197653396443,0.042443353192832954,0.9879563059105143,True
0.0186587116016138,0.09061345532998553,0.8973231960300854,0.04224365819567365,0.9879366513600709,True
0.01866995545579426,0.09074479738496949,0.897167596197115,0.04241185922033886,0.9879123935820844,True
0.018675573776932502,0.09080499539183508,0.8970940955089021,0.04280056664231367,0.9878990909007371,True
0.01868069493104535,0.09093746996124329,0.8969427851425453,0.04304905293325717,0.9878802551037886,True
0.018683810595120854,0.09109691904412257,0.8967680947386875,0.0430235821214809,0.98786501378281,True
0.01868854286912436,0.09129785411702838,0.8965544436381877,0.04311008522678274,0.9878522977552161,True
0.018690660908828073,0.09151596383871041,0.8963283993349648,0.04327034470329603,0.9878443631736752,True
0.01869028839976151,0.09176346613787263,0.8960807982005418,0.043381174126684914,0.9878442643384144,True
0.018685533005363016,0.09200109847024142,0.8958504275594222,0.04328928142833886,0.9878515260296636,True
0.01867562015336349,0.0922784391235238,0.8955864343393707,0.04333839590694838,0.9878648734628945,True
0.018706642829162057,0.09179852350051669,0.8960255148248516,0.044161528210866594,0.9878240383253682,True
0.01866874395845768,0.09190907036598249,0.8959341646920298,0.04420389361529914,0.9878432350580123,True
0.018653145253542253,0.0919779580950254,0.8958750538168848,0.044650540321568954,0.9878530119119102,True
0.018610977850261032,0.09207817892751934,0.8958002057045993,0.04455465643229728,0.9878783846321186,True
0.018566413880116688,0.09218935954021572,0.8957190363191355,0.04442480516182703,0.9879083958593512,True
0.01851442198395881,0.09232070549885554,0.8956248797516091,0.04433118376241956,0.9879455852504646,True
0.018473160060892814,0.09244128659250682,0.8955376109820176,0.04467171085143204,0.9879788975745244,True
0.018551644526436588,0.09227381060215131,0.895641766793794,0.045427162772943785,0.9879155773959454,True
0.01848476955978898,0.09230973952877192,0.8956475600623106,0.045367716056251936,0.9879572995910826,True
0.018506632799348964,0.09230693706676098,0.8956364058412373,0.04596263560226716,0.9879433429079982,True
0.01842781609163587,0.09232101667112687,0.8956677156139299,0.04619725795629607,0.9879887322850568,True
0.01857628972824156,0.09223271680664377,0.8956604824880443,0.04499542165363248,0.9878931992946881,True
0.018491342198997958,0.09215461879898403,0.8957782335126411,0.04489418615157314,0.9879328523116251,True
0.018410780631726725,0.09211255256350734,0.895857763889747,0.045050744743442415,0.9879703164532544,True
0.018385321758651655,0.0921137668669041,0.8958715605545162,0.04549648350192608,0.9879853274214203,True
0.01829583302582816,0.0920879116041401,0.8959496668566445,0.04556699579881222,0.9880375784607845,True
0.01823653398182933,0.09209773773860917,0.8959757363400149,0.04590944164556085,0.9880734740786241,True
0.01815784105771703,0.09211581677596378,0.8960075626930637,0.046166405741169536,0.9881233794690275,True
0.018901171462937117,0.09179240775910182,0.8958263496904839,0.04367627933036007,0.9876187574495857,True
0.018881337932463313,0.09173931503169541,0.8958821181162874,0.0440425777971235,0.9876214331479828,True
0.019153656261942834,0.09239033793366602,0.8951640962983713,0.04489517824616934,0.9875544342320374,True
0.01906369437367305,0.09210776602550873,0.8954576741697485,0.044835210497503775,0.9875654401952573,True
0.01897883241928796,0.09187332747444206,0.895703506612379,0.04494882355658516,0.9875768340868211,True
0.018910313046739714,0.09169344491910568,0.8958880936865133,0.04510144267348419,0.987581538605619,True
0.01887866216992147,0.09163151165096454,0.8959569398433781,0.04542868953411737,0.9875884514943426,True
0.018831613983433255,0.09153620258005878,0.8960569466150671,0.04569996895556467,0.9875931491951259,True
0.01877363520152689,0.09144214102711269,0.8961592751697363,0.04562603596581954,0.9876014161968489,True
0.018716942701889335,0.09137794647706912,0.8962351224414294,0.04570419513846192,0.9876130689184985,True
0.018697446118508685,0.0913739228419191,0.8962400918606824,0.04608990783703116,0.9876140147026016,True
0.018646281875813155,0.09135314368351957,0.8962768327900821,0.04630920109995951,0.9876299764736016,True
0.01860622505766907,0.09135701154058468,0.8962867626057563,0.04613486032700867,0.9876437741463411,True
0.01859533707955408,0.09136984690816977,0.8962774511271786,0.04657834696884167,0.9876472980353483,True
0.018548275990063392,0.0913853179444083,0.8962792433634622,0.04684901996470536,0.9876645613078705,True
0.0184968487858888,0.09142392716830335,0.89626387578604,0.047082350934931856,0.9876878029543434,True
0.019009334801536677,0.09080463133070867,0.8966127001248165,0.04428370996734287,0.9874173314555252,True
0.01896773872887736,0.09068704947241846,0.8967353564000192,0.04398317733423008,0.9874224058724377,True
0.01889155313086501,0.09046949156106837,0.8969595246471957,0.04388350812410733,0.9874290162082642,True
0.018929739787402974,0.09055871763034616,0.8968651418052641,0.04439434002925058,0.9874238594356103,True
0.018893650627398166,0.09046522621985101,0.8969594797050205,0.04464243941327771,0.9874247059248715,True
0.019087276053978114,0.09094912218919267,0.896472782308625,0.04380105931524088,0.9874219044978177,True
0.019015529170356864,0.09070418621459732,0.8967152800463604,0.04380253608266521,0.9874194662609577,True
0.019162218543184832,0.09116266675842603,0.89626710257271,0.04454878694920397,0.987429769331136,True
0.019133172344150278,0.09105807478343972,0.8963698869033309,0.044298893162748446,0.9874279616867706,True
0.019113377952181234,0.0909850058686891,0.8964372904452245,0.04402478047261968,0.9874222963139135,True
0.019098422554089344,0.09092430260062705,0.8964931856859567,0.044289019817545384,0.9874174882865837,True
0.01905161783314349,0.0907484289036363,0.8966520804878555,0.04421882313322753,0.9874005093914918,True
0.01916433806276984,0.09115165079568435,0.8963162861378959,0.04353319420173269,0.9874679369335803,True
0.019135016630727322,0.09101489014851141,0.8964363393818031,0.04368767039636472,0.9874512295303145,True
0.019105267485122646,0.09089279395779208,0.8965476319068736,0.04345914192859514,0.9874404258646656,True
0.019116603736827498,0.09094943218399348,0.8965024951636115,0.04309636724300325,0.987451927347605,True
0.019202959170261064,0.0913465574437101,0.8961742053404955,0.04270278752734823,0.9875207627842056,True
0.019216714211766142,0.09140455458150225,0.8961210701889954,0.04304951661944904,0.9875256247704977,True
0.019172147507453087,0.09118133475979943,0.8963148310846195,0.04295694904894182,0.9874961658444189,True
0.019202220060205166,0.09133107516016259,0.896190820355643,0.04341690419527793,0.9875218955158056,True
0.019170444025999836,0.09115630711217415,0.8963356968619695,0.043298434091848324,0.9874920039741436,True
0.019148298947002207,0.09101480417914197,0.8964385047097015,0.043338594389581535,0.9874533088888435,True
0.019146648556632773,0.09099089160219603,0.8964507305733193,0.043602981441746506,0.9874416221755153,True
0.019136537928817532,0.09090730302941263,0.8964958290107977,0.04368457540198502,0.9874031320402104,True
0.019134042738549094,0.09086492982125101,0.8964980943179295,0.043602386062833044,0.9873630241391805,True
0.019139198204715793,0.09086515213446555,0.8964700732830756,0.043830060421755135,0.9873352254175412,True
0.01914590851468617,0.09087624441244584,0.8964329967730326,0.04408605640873563,0.9873092411854784,True
0.01915596754455642,0.09090482541409231,0.8963603251768815,0.04406420636389732,0.9872651505909738,True
0.019174416438472806,0.090978875227632,0.8962385498737396,0.044126981337790035,0.9872174251013717,True
0.01919667464286293,0.09108909599677331,0.8960853007161643,0.044139608721304756,0.9871743967129376,True
0.019223526403866487,0.09122652571902969,0.8959065933171007,0.04431092884811974,0.9871331190361303,True
0.01924849273868605,0.09137565501853949,0.895721501313923,0.04419717079830251,0.9870971563324625,True
0.01927143367632098,0.09153270546375512,0.8955346916088931,0.04403101643963077,0.9870673970726482,True
0.019263409604640257,0.09149658798402305,0.8955783253289614,0.043556037843428486,0.9870749133129845,True
0.019277964834669422,0.09166067281773659,0.895384734277244,0.043500280676425966,0.9870454070949806,True
0.01929451292314916,0.091852808154413,0.8951664992144087,0.0434891715609809,0.9870193073688217,True
0.01925899816868055,0.09145009223453426,0.8956120876382778,0.04275837681819885,0.9870621798728121,True
0.019255037184680645,0.09148785258266776,0.8955641920380959,0.04300986540152565,0.9870520446207637,True
0.01928815935502922,0.09136100760328332,0.8957143648667727,0.04386653344618193,0.9870753724700561,True
0.019255298617219436,0.09130434666716059,0.8957594172750942,0.043806848748549496,0.9870637639422548,True
0.019259683710590128,0.09130961422425693,0.8957523058629991,0.04422395333195631,0.9870619200872561,True
0.019248505126161115,0.09130107008728283,0.8957541505791814,0.044548267998365955,0.9870552206664642,True
0.01922286892298268,0.0912858572443092,0.8957592042012339,0.044751820275159476,0.987045061445543,True
0.019196981220129937,0.09129901086832931,0.895738863666316,0.04471897419300691,0.9870378745346453,True
0.019175788855854928,0.0913226274470461,0.8957117968052104,0.04452639058661988,0.9870344242522565,True
0.019170951763519652,0.09132044400217544,0.8957162190812911,0.044093237222691414,0.9870366630834665,True
0.01918900587138584,0.09129442553586943,0.8957466341207877,0.04352505440941259,0.9870410596566571,True
0.019158585919708922,0.09127834881465353,0.8957612159759016,0.043670943307004,0.9870395647905552,True
0.019166348317806153,0.09127792375907508,0.8957585906130833,0.044147410236741735,0.9870365143721583,True
0.01921012598680674,0.09129934458353953,0.8957387684625857,0.04351356700862795,0.9870381130461252,True
0.019172934696551833,0.09123535003009718,0.8958024829839596,0.043697830551594596,0.9870378330140568,True
0.019160631878604444,0.09122132635326412,0.8958188289701873,0.043335462602882846,0.9870401553234514,True
0.019114217132142418,0.09116296116343228,0.8958765611934607,0.04325706522165428,0.987039522356893,True
0.01912805579979073,0.09117178981545022,0.8958668628055951,0.04374957548673531,0.9870386526210454,True
0.019085871359012702,0.09112737123239295,0.895911486478271,0.04385090475679068,0.9870388577106639,True
0.019149671759744365,0.0911398334756553,0.8958977180336986,0.04313294707034073,0.9870375515093539,True
0.019096407321112993,0.0910403025046293,0.8959988960901861,0.04301647120442835,0.9870391985948155,True
0.01905621808531472,0.09099448941524796,0.8960474841108819,0.04311980113243476,0.9870419735261298,True
0.01902615341355269,0.0909740119288043,0.8960688820376395,0.04332887112863317,0.9870428939664437,True
0.019066871984666774,0.09098879985430396,0.8960465698080582,0.04393555940737371,0.9870353696623622,True
0.0194654918617219,0.09148407128937201,0.8955191492688563,0.04240315347053016,0.9870032205582283,True
0.019387771610621787,0.09119612827235651,0.8958036002603,0.042302426938154454,0.9869997285326566,True
0.019404775907786206,0.09126271455326711,0.8957416467783982,0.041954040530356354,0.9870043613316652,True
0.019341115010629593,0.09102370643446382,0.8959706752169155,0.04182189640854363,0.9869943816513793,True
0.01929861334518439,0.09088701926639756,0.8960993566536252,0.041594088062033636,0.9869863759200227,True
0.019283057296331778,0.09083436136605194,0.8961450650635331,0.04183133054128843,0.986979426429585,True
0.0192414837694493,0.09071051570029932,0.8962548067746527,0.04178351502745428,0.9869653224749521,True
0.0192754373952042,0.09078210495467075,0.8961949929150805,0.04235368659779334,0.9869770978697513,True
0.01939226944913292,0.09115502115385563,0.8958761396770522,0.041668270093959084,0.9870311608309078,True
0.019339865345824485,0.09093889824003554,0.8960759223566669,0.04166269674726632,0.9870148205967024,True
0.019306782078492367,0.09080762815594372,0.8961907220964317,0.04177737233122281,0.9869983502523754,True
0.01934237757171994,0.09092951364889158,0.8960860755803022,0.042268180885680816,0.9870155892291937,True
0.019317428362670492,0.09083263735770826,0.8961706355812193,0.04206637361722824,0.9870032729389276,True
0.019286774710310567,0.09071344331400408,0.8962690416392495,0.041946084457869334,0.9869824849532536,True
0.01928425561524809,0.09069898379298069,0.8962768364552837,0.04224998314074378,0.9869758202482644,True
0.019306854631535173,0.09077066626850462,0.8962232943570692,0.042702406961330035,0.9869939606255738,True
0.019297347899223997,0.09072686386828947,0.8962576552168294,0.0429872551858924,0.9869845190851189,True
0.019296969746276968,0.09071833413359835,0.8962612105587978,0.043310246540825735,0.9869795446923961,True
0.019274735700850785,0.09062858711830028,0.8963236112072681,0.04335788798855131,0.9869521983255684,True
0.0192597696399709,0.09057463336958818,0.8963456239566601,0.04346964316869974,0.9869202573262482,True
0.019264738827346726,0.09058140533482503,0.8963454471631129,0.043854424726317384,0.986926852497938,True
0.019303225615255576,0.09068966041156278,0.8963396208417229,0.04275454287245946,0.9870292812532857,True
0.0192718812730944,0.09055600701092086,0.8964549322035356,0.04262541164022648,0.9870109392144564,True
0.019245943261740978,0.09043917300554917,0.8965450638794219,0.042723482488316276,0.9869842368849711,True
0.019235161825139343,0.09040201612647565,0.8965714866434057,0.042470622889841554,0.9869735027698814,True
0.019229748590555176,0.09038835127449736,0.8965822141150791,0.04215593781502658,0.9869705653895765,True
0.01926590396434575,0.09051260895722682,0.8965092095421318,0.04279445482806417,0.9870218184993585,True
0.01923485356365872,0.09037185105895187,0.8966217437939231,0.04277310416213197,0.986993594852875,True
0.019256659760443582,0.09045307846773823,0.8965639180304117,0.043213026709729895,0.9870169964981499,True
0.019237933572175923,0.09037229711665656,0.8966273865029201,0.04305760712954657,0.9869996836195767,True
0.019219652151153146,0.09029024738409107,0.8966842468186338,0.042937911367303634,0.9869744942027249,True
0.01926711771829992,0.09052191398343662,0.8965881769845012,0.042153615151496134,0.9871100909679378,True
0.019229949673299756,0.09033771409626494,0.8967463960528277,0.04202363736231575,0.9870841101490926,True
0.019205493277307112,0.0902121626699064,0.896846507592255,0.04184939718095489,0.9870586702621614,True
0.019312362194316528,0.09082731953335378,0.8964271159782451,0.04140134163345592,0.9872544355115989,True
0.019271193077337056,0.09060252965685738,0.8966272200605211,0.04142303156313333,0.9872297497173784,True
0.019817477774631186,0.0938481888154067,0.8939087789687866,0.04154333245977434,0.9877569677841933,True
0.02069951170844794,0.098785156311777,0.8893606473655175,0.041920001196072504,0.9881458036772944,True
0.020837068362373135,0.09955254257139075,0.8886489115170632,0.042217666388276336,0.988201454088454,True
0.020932740046953398,0.10013767403976738,0.8881196065707525,0.04210970006852726,0.9882572806105199,True
0.02099022373808026,0.10050485801668367,0.8877924978513217,0.04228788965429577,0.9882973558680054,True
0.02095596749618075,0.100258617773907,0.8880059724501935,0.042330982707276275,0.9882645902241005,True
0.020918710239606342,0.09993646863582002,0.8882726546350103,0.0422861838405979,0.9882091232708303,True
0.020896376141008807,0.09964356364366095,0.888496684934072,0.04226877101485107,0.9881402485777329,True
0.02089985654216415,0.09997655067449158,0.8882769347979507,0.04211510198042914,0.9882534854724423,True
0.020889181370804165,0.09971925045606155,0.8884594625909894,0.04208713169296587,0.988178713047051,True
0.020888308850905753,0.09976913457398003,0.8884293770324972,0.0422185662639051,0.9881985116064773,True
0.020896943331286666,0.09962091426736697,0.8885110058390479,0.04226287883321535,0.9881319201064148,True
0.020913706912902577,0.09952426622857097,0.8885458561218298,0.04219484760285977,0.9880701223504007,True
0.02091052584402226,0.09953670170531363,0.8885435536834521,0.04232323813401347,0.9880802553887656,True
0.02094965246701359,0.09943762529367572,0.8885441630122107,0.042340255016302085,0.9879817883058865,True
0.021006050797376392,0.09939731920275104,0.8884789525970472,0.04237132761203914,0.9878762717997983,True
0.02106498778803305,0.0994088361191114,0.8883758046509217,0.04232091881025862,0.9877846407700331,True
0.021143493187140806,0.0994607851542793,0.8882148123126258,0.04228169249745966,0.987675597466905,True
0.021079910909213174,0.09939510145622364,0.8883612456048224,0.04246719241269499,0.9877563470610461,True
0.021144791671400542,0.09943446472759798,0.8882300597906294,0.04241375846399452,0.9876645245182274,True
0.021236139749440677,0.09952099278589403,0.8880257553435215,0.042473403157461426,0.9875467481294155,True
0.0213302246154688,0.09964014281101224,0.8877959679661557,0.04256327285711089,0.9874361107771679,True
0.021397088932009447,0.09973819400756949,0.8876242156635669,0.04269796294690432,0.9873624096711363,True
0.021423582616924747,0.09977861582315346,0.8875555487801461,0.0428625014748387,0.9873341646032996,True
0.02150877085744827,0.0999062317657415,0.8873334462146272,0.04280272229514066,0.9872396779803687,True
0.02164340427319566,0.10012368399572243,0.8869725195909893,0.042834117366927986,0.9870962035867118,True
0.02129286096847396,0.09949141164100775,0.8879548889739083,0.04237348000972174,0.987446300614916,True
0.021089290033856834,0.09930328762105049,0.8884129458761985,0.04205570275307186,0.9877162334972489,True
0.0210770211588915,0.09931879898919029,0.8884244851082562,0.042240974730286075,0.9877432840974465,True
0.021110265231896675,0.09927357385955941,0.8883978747187087,0.04231758948592512,0.987671448578268,True
0.02110110758716414,0.09927444044315503,0.8884119062986027,0.042144144265348585,0.9876863467417577,True
0.021147506933868614,0.099247246094053,0.8883515193215121,0.04219437196423098,0.9875987654155651,True
0.021050261284459002,0.09922181946650731,0.8885299936674577,0.04193585226349701,0.987751813133965,True
0.02104648745612993,0.09923089365918887,0.8885314025126608,0.04210749875460905,0.9877622961718497,True
0.021056469092956758,0.0992182417170067,0.8885232420183832,0.04224729558433788,0.9877414837353898,True
0.021067915246917437,0.09920742069566056,0.8885114615245929,0.04239125886871833,0.9877188822202535,True
0.020983732618870165,0.09928366385789919,0.8886064695094764,0.04262073704603792,0.9878901333673756,True
0.021009536620732527,0.09916266956642525,0.8886396186101614,0.04266396856102237,0.9878022881765867,True
0.02104583479677106,0.09911115148388648,0.8886114278783455,0.042765203403901636,0.987722579362232,True
0.02110186870948799,0.09909486742221274,0.8885272123705964,0.04279342402726544,0.9876220797928091,True
0.021086164901023958,0.09908506877170661,0.8885590426957247,0.0425903601776594,0.9876441114674314,True
0.021081998050325224,0.099085309044978,0.8885668161100789,0.04277172327379784,0.987652125155057,True
0.021114634255008338,0.09908673081909089,0.8885099306110827,0.042674429905828586,0.9875966614301737,True
0.021180910490222613,0.09911629766355562,0.888378596812228,0.042740729925567704,0.9874948944757835,True
0.021224708555640518,0.09915951948541903,0.888277222781925,0.0428922051521522,0.987436742267344,True
0.02117602318110913,0.0991037435962483,0.8883945471882116,0.042624864805371664,0.9874982907844599,True
0.021225424447810393,0.09913855249601776,0.8882880875619051,0.04274738679732114,0.9874266400579229,True
0.020948971911421883,0.09886038575797156,0.8889427050282631,0.04306663478766353,0.9878030907862346,True
0.020923651115060237,0.09893173652406685,0.888941008687968,0.04279960316199632,0.9878727452120348,True
0.02089628472013934,0.09908232405593183,0.8888934520651849,0.0425313096138747,0.9879757761211168,True
0.02090065987601543,0.0990169729833251,0.8889272302757522,0.04264918499371818,0.9879442032590773,True
0.02090547686149754,0.09898960572385179,0.8889367280630559,0.04279342021181184,0.9879263337869078,True
0.02092541681217773,0.09888326302113894,0.8889686642421705,0.042755826049085816,0.9878519272633094,True
0.02096013884885343,0.09882244363679339,0.8889471677255595,0.042822905322748586,0.9877696113623529,True
0.020988286753236402,0.09881493547794719,0.888903928543285,0.04296069685821028,0.9877188640212322,True
0.02075281210897422,0.09877682810788245,0.8893327832568838,0.042408493478769634,0.9881096113647663,True
0.020762207337669685,0.09865092500863458,0.889395476423689,0.04246998001476292,0.9880464014323236,True
0.02076618437469794,0.0986403439706594,0.8893959959231289,0.04262609746336276,0.9880363398937884,True
0.020788478903914498,0.09857792984419916,0.8893951919445493,0.04255168082313758,0.9879731217887484,True
0.02082723676850082,0.09852593691471251,0.8893612220715693,0.04260155842310701,0.9878871589862819,True
0.020832203186484696,0.09852373667090165,0.889353197362449,0.042430629355149546,0.9878769340333506,True
0.020836215306361004,0.09852160960320851,0.8893467306876373,0.04225468034344255,0.9878683402908458,True
0.020890634714978328,0.09851781552256973,0.8892545238284754,0.04221811041913786,0.9877723393510451,True
0.020856604504132736,0.09849210431387465,0.889328684842914,0.041989935083658954,0.9878207891567887,True
0.020910678745816348,0.09850319574280328,0.8892268900921244,0.04190188979882836,0.9877300858349277,True
0.020830503140186883,0.09843306744602212,0.8894098958338972,0.04165607429694087,0.9878429632799193,True
0.02087993185414586,0.09842248539454561,0.8893289987744267,0.0415681083059919,0.9877514841689723,True
0.020738583574973043,0.09833175001472048,0.8896375839306956,0.04207036673327061,0.9879693339454161,True
0.02076976792477516,0.09825890670884932,0.8896273925978698,0.04207798260089311,0.9878862993067191,True
0.02054440249429055,0.0983623487874385,0.8899668419950114,0.042615251314005204,0.98832919078245,True
0.0205406543179804,0.09816310892413989,0.8900965603062154,0.04262895805268837,0.9882596692303554,True
0.02055342024784477,0.09802144439941023,0.8901619713795225,0.042637271273056165,0.9881834157789327,True
0.020573424723011782,0.09796563732608142,0.8901620358324271,0.04275529988945945,0.9881276731585086,True
0.020612741846001703,0.09791604323288562,0.8901237923595708,0.042786992639383764,0.9880398355924565,True
0.020665509285424166,0.09792145904819023,0.8900277248463854,0.04285993880533616,0.9879491838945756,True
0.020585586336294346,0.09785463883391697,0.8902089234787257,0.042513068476558336,0.9880635623126427,True
0.020586804513168983,0.09785690996820899,0.8902063833429372,0.04270965157312642,0.9880632933111462,True
0.020591460954675872,0.0978519490856071,0.8902002123814332,0.04253059375210194,0.9880521614670403,True
0.02061930026227824,0.09783847608295743,0.8901581298712962,0.042412777466798814,0.9879966059542535,True
0.020644542506132128,0.09784247316075738,0.8901096136902555,0.042263018763815566,0.9879520868510129,True
0.020701250124852105,0.09787309700638064,0.8899887927199086,0.04228702026223827,0.9878618897262892,True
0.020763175640433056,0.09794267576396415,0.8898335460681492,0.042194138512391614,0.9877762218321133,True
0.02078999297460674,0.09798275765343743,0.8897591327404544,0.04199928347416224,0.9877418903938918,True
0.02049281976655958,0.0975296366476105,0.8905850051139064,0.042646104193100776,0.9881146417615169,True
0.020519744755591266,0.09745784341449036,0.8905787063165758,0.042673465672389325,0.9880365497310661,True
0.0205490880914148,0.09744570282233439,0.8905323121779658,0.042801113651322616,0.9879780150003001,True
0.020582954566574573,0.09745607095182282,0.890463770772459,0.04294747324445215,0.9879198417242818,True
0.020640299624459263,0.09749908179897467,0.8903306480449771,0.04299338732279497,0.9878297298439518,True
0.020634070834311565,0.09749071218849437,0.8903459716767426,0.04274362550920157,0.9878366838652369,True
0.02066384092473679,0.09752474479663621,0.8902699963056853,0.04292731850363918,0.9877947411023215,True
0.020716961225922547,0.09759247272867841,0.8901270640457745,0.0428524280549376,0.9877195367744529,True
0.0206809668614874,0.09753308160397807,0.8902340519044106,0.04315683431419305,0.9877671335083887,True
0.020738755635715242,0.09759843291395699,0.8900822365154414,0.04322543901469638,0.9876806694293984,True
0.020806329173123108,0.0977090504769699,0.8898837358959554,0.0433224816916507,0.9875927863729252,True
0.020879836725927862,0.09785602124883891,0.8896500541703491,0.043303656704336745,0.987506075419188,True
0.02096518312175054,0.09804876691471971,0.889364861113235,0.04340367920678282,0.9874136280279547,True
0.021004646436283598,0.09814529615790432,0.8892292570395147,0.04366146299905539,0.9873745531974191,True
0.021095254607922834,0.09837523252729535,0.8889063595233522,0.04374068986486856,0.9872815920506475,True
0.021189662819267666,0.09863656581106695,0.8885549873610573,0.043878652001182405,0.9871915531721243,True
0.021253684276317845,0.09883053205770298,0.8883028551237431,0.04372987949940993,0.987133387181446,True
0.02133963602609824,0.09909705805430044,0.8879597738229933,0.04390935501124609,0.9870568318772938,True
0.02129973849609055,0.0989575637407502,0.8881343260812682,0.04431020263718835,0.9870918898220183,True
0.021354673846720157,0.09913070670861464,0.8879063475932765,0.04456675416446434,0.9870370543018911,True
0.021418523299830666,0.0993470570675298,0.8876275739841774,0.044798654455007005,0.9869746310517071,True
0.021480789053873968,0.0995809322950616,0.8873350934989782,0.04477245254245099,0.9869160257940398,True
0.021548940822547633,0.09985838170653974,0.8869968038392085,0.04479736400655941,0.9868551855457482,True
0.021551460187837823,0.0998588079045319,0.8869950071857919,0.045202563810975246,0.9868538150903239,True
0.021575461823026724,0.09998064275280072,0.8868492155343648,0.04498014494437505,0.9868298582871655,True
0.021619094535248934,0.10021358089149597,0.886571988441976,0.0450112188566567,0.9867855693334721,True
0.021649094768410877,0.10040312670640386,0.8863545683549103,0.04484594565162936,0.9867576950613142,True
0.021685292668942178,0.10066219775444367,0.8860630832706602,0.04483927529699195,0.9867252810251038,True
0.0216767595544123,0.10055933045276905,0.8861732445842427,0.04535133635022563,0.9867325750370117,True
0.02169084313905228,0.10074973960651515,0.8859620379768427,0.045493672884447695,0.9867117775833578,True
0.021664206881194796,0.10017082570035006,0.8865775751166468,0.04613496242603476,0.9867484008169969,True
0.021644006352570824,0.10019015093545482,0.8865432863853215,0.04619246945086551,0.9867334373207763,True
0.021629107890860096,0.10024446766057547,0.8864767896145707,0.04640039077366968,0.9867212572751461,True
0.02161622644917053,0.10032311156579397,0.8863897368619708,0.04664364923751694,0.9867128484277647,True
0.02160029726369807,0.10043224424509871,0.886276376014884,0.04681323742159704,0.9867086202599826,True
0.021600841734523205,0.10038259805193883,0.886328456500671,0.04625952867231362,0.9867110545526099,True
0.021603372874198352,0.10039257857044667,0.886316228568996,0.04669022230098361,0.9867088071394426,True
0.021568923099548123,0.1004351973989519,0.8862786696273991,0.04666572808645149,0.986713867026351,True
0.02154973168386572,0.10046426894180867,0.8862557995034498,0.04636657276525732,0.9867200684452585,True
0.021609160823643433,0.10038429950171943,0.8863147630919306,0.04701829937362439,0.98669906259365,True
0.021563067657985796,0.10035966628961761,0.8863462973256402,0.04720882267777826,0.9867059636152578,True
0.021513642022861542,0.1003628724999914,0.8863547520345021,0.047292054043302466,0.9867176245344935,True
0.02147701511689357,0.1003857811578737,0.8863447894434765,0.047111684402583814,0.9867305706013502,True
0.021446021285140632,0.10042270382648656,0.8863199410809303,0.04740903071348975,0.9867426449074168,True
0.021398254578454384,0.10047819899135901,0.8862862028955197,0.04759642449562747,0.9867644018868788,True
0.021346989741508685,0.10055759495389079,0.8862350049243575,0.04776372042581762,0.9867925998782483,True
0.021300614807906296,0.10064820684822703,0.8861742183850143,0.04802788493493629,0.9868224252332414,True
0.021268362836418652,0.10069780053085939,0.8861469048947082,0.047713348527920744,0.9868447054255676,True
0.021244277884621063,0.10074420450060605,0.8861174290519739,0.04812069322919919,0.9868616335525799,True
0.02119410165578162,0.10079361694452746,0.8861016098144829,0.047884141869652126,0.9868952267590104,True
0.02115812638108567,0.10082210843193312,0.8860977271260686,0.047518195092676505,0.9869198355580018,True
0.02157584287168821,0.1004645614126096,0.8861710550773663,0.04626249796953276,0.9866356164899759,True
0.02155442832992546,0.10042532890119715,0.8862151766009745,0.04658135827047752,0.9866405055021716,True
0.021605313450794437,0.1005135825577239,0.8861116372671729,0.04710978561908451,0.9866252198248968,True
0.021539122292459585,0.10037974373397175,0.8862586601553274,0.047280356756062056,0.9866384038892991,True
0.02146147668534398,0.10024921199527462,0.8864075469352847,0.04728153366118635,0.9866567589305593,True
0.02180899178943639,0.10067307757061683,0.8858807406461019,0.04817811951256302,0.9865538182167187,True
0.02173074331610655,0.10044798948800172,0.8861092297645432,0.048187464165507274,0.9865572192525449,True
0.021688019793953326,0.10033751015325205,0.8862204968125575,0.0484473710580376,0.9865580069658096,True
0.021632040722134455,0.10020941524161614,0.8863515741575281,0.04836370286109253,0.9865609893991443,True
0.02158373231914172,0.10011712049739085,0.8864457962507395,0.04857544477694046,0.9865629167481303,True
0.021536785347089665,0.10004866192692692,0.8865189715670494,0.048468111631660094,0.9865676334939764,True
0.021487040869152346,0.09999985869243715,0.8865745409587377,0.048406003574478954,0.9865743996511748,True
0.021488433599955867,0.09999523602600746,0.8865805494565305,0.04796294815096768,0.986575785482538,True
0.02144330732536191,0.09996181389132634,0.8866211659091245,0.04810543250381959,0.9865829798004508,True
0.021577095706612454,0.10000157371342241,0.8865470149996388,0.048872371283542465,0.9865485887130613,True
0.021525653712489653,0.09989794890267915,0.8866543477759603,0.04875658658899331,0.9865522966786394,True
0.021493144237203315,0.09984569269012991,0.8867104902813374,0.04851145993281781,0.9865561829714673,True
0.021441160582830885,0.09977489455386011,0.8867868486208462,0.04840983058151442,0.9865617431747064,True
0.021435100593644202,0.09977331027253795,0.8867878609496593,0.04877789575752098,0.9865611712221973,True
0.021399780097647637,0.0997412144348951,0.8868262143436707,0.04855272093365582,0.9865674287785658,True
0.021446404013476222,0.09976045496358585,0.8868003268779098,0.047963808610117495,0.9865607818414956,True
0.021514311955480408,0.09986146816940503,0.8866946978015795,0.04744374588459026,0.9865561659709845,True
0.02171449341754563,0.10031838827814062,0.8862374892328092,0.04700269143298556,0.9865558775109499,True
0.021689238231350324,0.10022918936992174,0.8863222501947021,0.047196831021992444,0.9865514395646239,True
0.021736416322070184,0.10038052630777887,0.8861760480071339,0.04767197166158253,0.9865565743149127,True
0.021677175979740837,0.10016628068244497,0.8863759484565168,0.04760127437233084,0.9865422291389617,True
0.021743431548394847,0.1003802224589681,0.886179189180555,0.04812554814913944,0.9865594116395231,True
0.0216979944978814,0.10020785630541641,0.8863353320546484,0.048019616660937556,0.9865431883600648,True
0.021674579468717044,0.10012707083780996,0.8864068975717073,0.04779656865651892,0.9865339684095172,True
0.021667124316707885,0.100105969156409,0.8864268716775376,0.04749494424077797,0.9865328408339467,True
0.02163653219837791,0.09999877677783273,0.886513168309059,0.0475610605147991,0.9865119450868918,True
0.02167123205659263,0.10009464604387201,0.8864396705432938,0.04807569964362324,0.9865343165871657,True
0.02165381690312872,0.10002696789431571,0.8864924284878022,0.048291924584843514,0.9865193963821179,True
0.021628773784979596,0.0999428088318951,0.8865567074882733,0.04817589037792488,0.9864995163201684,True
0.021616353067822357,0.09990561938337364,0.8865770387261848,0.0483955849829081,0.9864826581095584,True
0.02159828939792853,0.09986660329578986,0.8865950187821581,0.048295265999543646,0.986461622077948,True
0.02159373451209967,0.09986027670642349,0.8866007909014695,0.04796165546884862,0.986461067607893,True
0.02157566661452318,0.09984035521798892,0.8865971749237319,0.0479589706667569,0.9864375301417209,True
0.02156476056892877,0.09985162450404433,0.8865716281394224,0.0477506531778525,0.9864232526434666,True
0.021557731717927416,0.09986102922074958,0.8865568876202703,0.04743675924788242,0.9864179168410199,True
0.021544197081482523,0.099897249974048,0.8865035461584382,0.04745696121055446,0.9864007961324862,True
0.02155461499902903,0.09979624039550421,0.8866266106707233,0.04691698245204329,0.9864228510662275,True
0.02154019990027145,0.09978210487081621,0.8866364092279202,0.046598536329297634,0.9864185140987364,True
0.02151818891754713,0.09976755929774833,0.8866430499639608,0.04632034957373032,0.9864106092617091,True
0.021585736323505533,0.09973790612007613,0.8867061331653553,0.04592384010280476,0.9864440392854315,True
0.021699048566535206,0.10004546303519515,0.8864276466221422,0.046897131411906205,0.9864731096573374,True
0.02164707281036132,0.0998493444128782,0.8866058651056598,0.0468746487181281,0.9864552095185379,True
0.021603560253830055,0.09969845362486304,0.8867373316622241,0.046823136819443195,0.9864357852870872,True
0.021569945844173596,0.09959840132513825,0.8868175715604705,0.04682824798275201,0.9864159728856088,True
0.021594709838155843,0.09965018100009533,0.8867781227245551,0.0473122112495587,0.9864283037246505,True
0.02164715357283212,0.09981031156456742,0.8866568108333783,0.04675882029349137,0.9864671223979458,True
0.021607005140608294,0.09965818506204983,0.886788590352238,0.046635339019702196,0.9864467754142878,True
0.021573111482530043,0.0995409856255091,0.8868826669167796,0.04655371664682675,0.9864236525422887,True
0.021565159548060604,0.09951654969202509,0.8868962774213079,0.04679133594141038,0.986412827113333,True
0.021688112963188576,0.09981706073241921,0.8867086887213754,0.04770240129740707,0.9865257494537947,True
0.021640867411696893,0.09960307457983346,0.8868964758360238,0.047739920414080754,0.9864995504158572,True
0.02165985981575421,0.0996970225593218,0.8868219570659973,0.04735269198937979,0.9865189796253191,True
0.02166339266086242,0.09970644127903218,0.8868118733235966,0.04763559499213882,0.9865183146026287,True
0.021641793708604536,0.09960373920782828,0.886896306401554,0.047472482580090576,0.9865000456093823,True
0.021641849885222476,0.09959603011382431,0.8868995551560774,0.04774544288012929,0.9864955852699018,True
0.02161881971848594,0.09947148107255999,0.8869891084608539,0.047814700939495546,0.9864605895334139,True
0.021618776435491312,0.09946205408797501,0.886990780809191,0.04809408607564703,0.9864528348971661,True
0.021605651588097914,0.09938903594096189,0.8870282832687073,0.048087417380575495,0.9864173192096692,True
0.02162251992789917,0.09952888577287121,0.8870802790361803,0.04706529997697233,0.9866091648090515,True
0.0216571565369594,0.09972881566957902,0.886918146774286,0.046727319672903854,0.9866469624438651,True
0.02162487207470732,0.09954178004091062,0.8870732465466927,0.04676831938752432,0.9866150265876034,True
0.021613551394101663,0.09946276586078981,0.8871323268661184,0.04693289446171107,0.9865950927269083,True
0.021597484969414642,0.09933856351714303,0.8872182917629017,0.04683885784529832,0.9865568552800447,True
0.02158872490928894,0.099246597194429,0.8872675372388504,0.04687792908430505,0.9865141344332794,True
0.02158715260481677,0.09920321517082327,0.887275484851592,0.046728359909131156,0.9864787000224153,True
0.021592268818825807,0.09918241265525245,0.8872502360740635,0.04664965169674028,0.9864326487293159,True
0.02159076803600642,0.09917970083932393,0.8872506098024286,0.04634827277678563,0.9864303106417526,True
0.021600215145607466,0.09918963105938763,0.8871942752340671,0.046280176770533046,0.9863839062934547,True
0.02160961545617938,0.09922178662026386,0.8871320949929375,0.046054193982911655,0.9863538816132014,True
0.021625002744368307,0.09928410689487424,0.8870296541457029,0.04588402842784089,0.9863137610405771,True
0.021636937679116834,0.09933380710942363,0.886959124149339,0.04610804843828936,0.9862929312587626,True
0.021645702623715356,0.09937184599669065,0.8869060493208,0.04638196930752134,0.9862778953174907,True
0.02166038345638768,0.09946097483365182,0.8867810170102401,0.04646226540610929,0.9862419918438919,True
0.021643246221594505,0.0993615107514124,0.8869091585598857,0.04597483945761265,0.9862706693112981,True
0.02163981585957948,0.0993480085756657,0.8869296396460099,0.04560107171087324,0.9862776482216756,True
0.021633370909253793,0.09936656861074808,0.8868825738670505,0.04551302162453889,0.9862491424777986,True
0.021643947033940247,0.09921794294872995,0.8871016121582063,0.046426662144168886,0.9863195551069363,True
0.021618037870560377,0.09913462709252985,0.8871596477344664,0.04640739121161807,0.9862942748269963,True
0.02161017579894944,0.09911886627437594,0.8871693806480315,0.04612549000624741,0.9862882469224075,True
0.02159156510635157,0.09908374381080771,0.887180571627844,0.04604397425844721,0.9862643154386518,True
0.021585835909908722,0.09908025360080233,0.8871800153756725,0.04572870931805354,0.9862602689764748,True
0.02157156288953755,0.09908135139469341,0.8871570260657772,0.04573068223100483,0.9862383774604706,True
0.021565841306569772,0.09910988155251364,0.8871133878368836,0.045901763962462205,0.9862232693893973,True
0.021555861847358342,0.09916400766012562,0.8870410194809728,0.04591158961747721,0.9862050271410985,True
0.02154809503039248,0.09925216864550349,0.8869377682635269,0.04591169200595842,0.9861899369090303,True
0.02154087512568416,0.09936890529923167,0.8868106285276885,0.045842058740935276,0.9861795338269203,True
0.021533344729596268,0.09951523081720272,0.8866586277958993,0.04580224279963798,0.986173858613102,True
0.021524760195978584,0.09968646184674422,0.8864873648730403,0.045824818745679514,0.9861738267197845,True
0.02153027622598828,0.09967199543178688,0.886498467427318,0.04630264630877877,0.9861704628591048,True
0.021506110365817514,0.09980628043053325,0.8863739528493626,0.04630692961116185,0.9861802332798959,True
0.02148501773299925,0.0999142936307187,0.8862788572231696,0.046079436428323226,0.9861931508538883,True
0.021452283031809908,0.10007075938918487,0.8861447393983132,0.04607454908906586,0.986215498787498,True
0.021482569271408937,0.09988792448649092,0.8863019163418596,0.04540517328222789,0.9861898408283505,True
0.02143108144681997,0.09995348592000743,0.8862630078936895,0.045323408452254674,0.9862164938136969,True
0.021379717260212386,0.10003879206228693,0.8862094185122141,0.04515819403570007,0.9862482105745011,True
0.02132372514825905,0.10014933742963598,0.8861380478766857,0.04511173677881148,0.9862873853063217,True
0.02135677510269837,0.10005672540952869,0.886204187866751,0.04452837822129026,0.9862609132762797,True
0.021289600909461158,0.10010016737015215,0.8862018507057461,0.04432082328048502,0.9863020180758982,True
0.021220027029588265,0.10016444062806329,0.8861847116432439,0.04410829481330762,0.9863491522713072,True
0.02196201735635515,0.09935209583276158,0.886456554890482,0.046847072111291306,0.9858086507232436,True
0.021917915605624425,0.09923952682225348,0.8865774519741815,0.04660543983943366,0.9858169787964349,True
0.021842802466762724,0.09905776413448894,0.8867711676503636,0.046690839303203474,0.9858289317848525,True
0.021778263724216793,0.09892444098515162,0.8869158151634836,0.04682002062171043,0.9858402561486352,True
0.021960222401367465,0.09923637025924305,0.8865648946659358,0.04748641148213287,0.9858012649251788,True
0.0219000017718527,0.0990742461417292,0.8867314837162469,0.04738804377577401,0.9858057298579761,True
0.021834838062443417,0.09891780129352694,0.886892236855561,0.047377112941205744,0.9858100381490879,True
0.02177632412327222,0.09880600347215458,0.8870086431466144,0.047417293740685984,0.985814646618769,True
0.021722441226675215,0.09873199498751511,0.8870888462731921,0.04743529461278029,0.9858208412607072,True
0.021675446823517013,0.09869716172600491,0.8871318455904655,0.047365495265560574,0.9858290073164705,True
0.02173605811195582,0.09869099585902176,0.8871250460035827,0.04671240442910573,0.9858160418626044,True
0.02171180806419929,0.0986537562898783,0.8871664232735302,0.04640621790079101,0.9858201795634085,True
0.02173303552648265,0.09868519212976112,0.8871306913542972,0.04685919325054142,0.9858158834840584,True
0.021681493435753776,0.09860063108976218,0.8872201512615779,0.0469443087642502,0.9858207823513401,True
0.021630037370358193,0.09854453283053978,0.8872833177526278,0.046969493932837565,0.9858278505831676,True
0.02159474021299819,0.09853283768553671,0.8873016195789105,0.047163351978609824,0.9858344572644472,True
0.021591103788612898,0.09853980474831271,0.8872947708930742,0.04754128456906706,0.9858345756413869,True
0.02155428046896187,0.09852767754643393,0.8873167637142416,0.047363731277066536,0.9858444412606755,True
0.021607414751994496,0.09851084891625556,0.8873182092558732,0.04672872528118195,0.9858290581721287,True
0.02159450310181988,0.09849266799726263,0.8873399456817403,0.04637582026933389,0.985832613679003,True
0.02153653479597749,0.09842300214218772,0.8874212013219243,0.04631598731317385,0.985844203464112,True
0.02154806816019645,0.09843556244352034,0.8874046924103214,0.046749709970574475,0.9858402548538417,True
0.021589631969297366,0.09848015015756076,0.8873493316967311,0.04725853826038621,0.9858294818542919,True
0.021547555626332496,0.09841697112430076,0.887418944506166,0.04747517330485272,0.9858359156304668,True
0.021499356077464133,0.09835992551449411,0.8874857417834203,0.04736288533978747,0.9858456672979145,True
0.021445677741861804,0.09832305876316093,0.8875355937659863,0.04737738010106399,0.9858586525291473,True
0.02160161280979325,0.09831423647056343,0.887496373386174,0.04645191122014097,0.9858106098567375,True
0.02154624719923273,0.09819674969030218,0.8876207864538314,0.04627029444716005,0.9858175361441335,True
0.021493213966748925,0.09810602090721904,0.88771832894185,0.04632852888671792,0.9858243498490691,True
0.021438246450390875,0.0980389066707241,0.8877948483797524,0.046262549632863956,0.9858337550504765,True
0.021485046682522213,0.09807304879142485,0.8877486347188379,0.04682676011688995,0.9858216835102628,True
0.021508321610964054,0.09810247486471559,0.8877169731791493,0.04637155292836956,0.9858194480438649,True
0.021452745667868783,0.09800277037189804,0.887822720363462,0.046408223937179936,0.9858254907353601,True
0.02145056996961444,0.09800285809783825,0.8878218242812882,0.04676116296162082,0.9858246823791265,True
0.021878212562371394,0.09855845663570754,0.8872114592787012,0.04555148955490356,0.9857699159144087,True
0.02190781429427515,0.09867152843989027,0.8871026405351614,0.045251185512384356,0.9857741689750517,True
0.02184059168378134,0.09841090500166168,0.8873521732488605,0.045172607399983675,0.9857630782505222,True
0.021784330528300668,0.09820029750253953,0.8875489074937222,0.045098619875871764,0.9857492049962617,True
0.021744480220592596,0.09806183835671271,0.8876745427838217,0.044913524362722536,0.9857363811405344,True
0.02178941903910839,0.0982089416288823,0.8875512885954818,0.04456004196374367,0.9857602302243641,True
0.02174703539993633,0.09805066272530431,0.887691736895413,0.04439235289005903,0.9857423996207173,True
0.021720847131480963,0.09795950394865333,0.8877662381662705,0.044447318274403076,0.9857257421149239,True
0.021826536889962563,0.09827434984880887,0.8875257537669109,0.04542988218912415,0.9858001036157198,True
0.021781413932027337,0.09807901533388934,0.8876982824403797,0.045411539586509245,0.985777297774269,True
0.02174761679248826,0.09793522791787951,0.887816978531636,0.045435548407093095,0.9857522064495154,True
0.02177117600338635,0.09802387610395527,0.8877486047347916,0.045837494712129175,0.9857724808387468,True
0.021742877356429772,0.097900601180847,0.887846164184655,0.045790479382909144,0.985746765365502,True
0.02172737219128206,0.09783862905022582,0.8878890689793123,0.04563459720084418,0.9857276980295381,True
0.021723557135618743,0.09782131110819098,0.8878944781956939,0.045878813494177724,0.9857157893038848,True
0.021713442160179477,0.09778442151087746,0.8879064687633961,0.04603858149714447,0.9856908902742736,True
0.02170462680536872,0.09776637739148748,0.8878938549731845,0.046071169484469925,0.985660232364672,True
0.021701399421824318,0.09777611241773031,0.8878665925720173,0.045887740890337265,0.9856427049897476,True
0.021699082830911612,0.09780950939710699,0.8878060478403248,0.045828839108018354,0.9856155572374318,True
0.021701445887334254,0.09787877199438969,0.887709929833314,0.04589648662205974,0.9855887018277036,True
0.02170671708407853,0.09796944347058686,0.887597251122571,0.0460503698971532,0.9855666945931579,True
0.021712414630949944,0.09808231570620651,0.8874646505862291,0.04620842819649732,0.9855469662924357,True
0.021717305588917504,0.09822889585185389,0.8873003938467556,0.04625165408570575,0.9855292896986095,True
0.021721104644042758,0.09826781519370016,0.8872574201121274,0.046626398653670686,0.9855252353058276,True
0.021716300644339125,0.09840882262464533,0.8871080567731593,0.0467012719583425,0.9855168793978046,True
0.021712689451065526,0.09840940879824919,0.8871091943658708,0.046297866192551815,0.98551860316412,True
0.021700112346212316,0.09848213610693002,0.8870383667315428,0.046060646778301316,0.9855205028384728,True
0.02174272238967482,0.09828333275438504,0.8872238788346076,0.04676349687886676,0.9855072115889927,True
0.021787305270108557,0.09829515262486728,0.8872054176934043,0.04725828248000785,0.9855005703182717,True
0.021784791135281246,0.09828872018169262,0.8872134806231378,0.04689735034796336,0.9855022008048304,True
0.021759431188334042,0.09825189456160781,0.8872502086973264,0.047150481611212505,0.9855021032589342,True
0.02191468267452476,0.09843091510427424,0.8870667395176872,0.04618936256107989,0.9854976546219615,True
0.021862143583653414,0.09827489045479895,0.887220270893029,0.04604648274700779,0.985495161347828,True
0.021822644792501383,0.09817060315118349,0.8873219593039317,0.04584973679456932,0.9854925624551152,True
0.02177686978932873,0.09806518756295142,0.887422609222472,0.04573132665861401,0.9854877967854234,True
0.02180970966274897,0.09811735186620836,0.8873771253563106,0.04530736502762309,0.985494477222519,True
0.0219362280258031,0.09841952497370286,0.8870888481979566,0.046158313595076446,0.9855083731716595,True
0.02224919298231073,0.09949568396714494,0.8860699556598788,0.04700803934595845,0.9855656396270237,True
0.022184497592136785,0.09920922139874969,0.8863402242117412,0.046980357541075025,0.9855494456104908,True
0.022136562014748357,0.09899037478991167,0.8865392107319354,0.047082275412387596,0.9855295855218471,True
0.022096165284331653,0.09880460955304961,0.8867020287900228,0.04703805912421028,0.9855066383430724,True
0.022065847928457394,0.09866358631251555,0.8868178078859559,0.04697657091672121,0.9854813941984715,True
0.02204367189844611,0.09855770424301208,0.8868938297730863,0.047050863632274995,0.9854515340160983,True
0.02203951677933249,0.0985346192592905,0.8869025633979111,0.04728641149652123,0.9854371826572016,True
0.02202751744325878,0.09848190866943643,0.8869222789401383,0.0473165025283687,0.9854041876095747,True
0.022023103017944103,0.09847209813326006,0.8868987912518543,0.047322557944609565,0.9853708893851144,True
0.022025384364653292,0.09850333832605422,0.886833535052811,0.047372900062759224,0.9853368733788652,True
0.022032730223672022,0.09857262151283575,0.8867314054030117,0.04739191290896772,0.9853040269158474,True
0.0220399366566017,0.0986243325910499,0.88666472114985,0.04767452806909778,0.9852890537408998,True
0.02204807544265023,0.09872323761924073,0.886539094469025,0.04781540368349277,0.9852623320882657,True
0.022055726032119128,0.09880498231128053,0.8864416652331679,0.048097012202210986,0.9852466475444485,True
0.02206235610196712,0.09893688035888581,0.8862888509921226,0.04824284104186142,0.9852257313510084,True
0.022068972529227366,0.09909840508025317,0.8861104800034151,0.048325493717202656,0.9852088850836682,True
0.02207410366000891,0.09918923340858588,0.8860130084721333,0.04866684656699382,0.9852022418807191,True
0.02207156333716179,0.09934746283655078,0.8858492282434552,0.04867088322597011,0.9851966910800061,True
0.02206993516312768,0.09949051092439097,0.8857049739503201,0.0489584485185934,0.9851954848747111,True
0.022061929993360773,0.0995865272697638,0.885613402322525,0.048727628610066104,0.9851999295922887,True
0.022045717016115234,0.09971887417913063,0.8854911194393758,0.04858464396228821,0.9852099936185064,True
0.022084371451327193,0.09949251039959234,0.8856897651731727,0.049203572638504,0.985182275572765,True
0.022160556786731133,0.09938272260541357,0.8857718187910572,0.04834143661313688,0.9851545413964707,True
0.022197404640049937,0.0994323025223678,0.8857134000760755,0.048802840725522975,0.9851457025984433,True
0.022138267538822778,0.09933145192665836,0.8858229642567155,0.048851589894174166,0.9851544161833738,True
0.0220867150729245,0.09927344632477067,0.8858909838697187,0.04880141213454675,0.9851644301944893,True
0.02206265022891954,0.09926619378837545,0.8859034900779629,0.04907971093455223,0.9851696838663383,True
0.02201270200075693,0.09925065146345453,0.8859328920425746,0.04909644430454575,0.9851835435060292,True
0.021966597972461307,0.09927024373985793,0.8859298061162729,0.049210092058550384,0.9852000498561309,True
0.021919711022206034,0.09931872140536764,0.8859026534126058,0.04928665502059631,0.9852213748179734,True
0.021872527532614153,0.09939474490023541,0.8858530185460197,0.049369516732549995,0.9852477634462551,True
0.021825789043660514,0.09948514423761598,0.8857933653847836,0.049304301271415066,0.9852785096223996,True
0.021845603261698154,0.09946155353277691,0.8858031614936037,0.04980574796493412,0.9852647150263807,True
0.022034671678844153,0.09926387688444553,0.8858836449243486,0.04866385895871029,0.9851475218087941,True
0.022016100205730794,0.09923444053488907,0.8859198581067003,0.048327573122427955,0.9851542986415893,True
0.022060444693959215,0.09930155606729281,0.8858375486282578,0.04882009941910726,0.9851391046955507,True
0.02245970615526351,0.10000479050867431,0.8850325861024364,0.047937442101821465,0.9850373766111107,True
0.022413863051723368,0.0998531125841285,0.8851856947348486,0.04808277798034201,0.9850388073189772,True
0.022462988344889356,0.10000655930961053,0.8850300674161053,0.04848339342335972,0.9850366267257159,True
0.02239755426935361,0.09978444905415308,0.8852485841203876,0.048407224095907336,0.9850330331745407,True
0.022344463431733696,0.09961623205938107,0.8854106549001564,0.04848586691901261,0.9850268869595374,True
0.022310065800945206,0.09951873583781379,0.8855018165761804,0.04865200651764133,0.9850205524139942,True
0.02231000336548069,0.09951809636243959,0.8855003986894056,0.048959663077481105,0.9850184950518451,True
0.02226813051409536,0.09941336747915508,0.8855951494148492,0.04903760718231899,0.9850085168940043,True
0.022234059896445193,0.0993533444313218,0.8856451645209579,0.049139149286545565,0.9849985089522797,True
0.022212354986811542,0.09933920098871321,0.8856513148281548,0.049344037080412795,0.984990515816868,True
0.022191782502689904,0.09934575137290642,0.8856375853020088,0.04955182318727213,0.9849833366749152,True
0.02216949989205439,0.09936954293808065,0.8856094373334013,0.04949230194687809,0.9849789802714819,True
0.02214731113539381,0.09942618276662725,0.8855497440027597,0.049604655230403714,0.984975926769387,True
0.02213819438535017,0.0994784807976924,0.8854966179608933,0.04990815936465747,0.9849750987585857,True
0.02213038244998424,0.09948731555703541,0.8854903830867124,0.04957083232932458,0.9849776986437477,True
0.022119336409081102,0.09949613671238217,0.8854851163537572,0.04924463045939026,0.9849812530661393,True
0.022087964621672854,0.09952657500463245,0.8854642522028217,0.049089154789808916,0.9849908272074541,True
0.02208761723172726,0.09954105291141657,0.8854492597626541,0.04946786922434453,0.9849903126740707,True
0.0221136622725394,0.09950544181745474,0.8854757130184124,0.04893079349452875,0.9849811548358671,True
0.022121029609861356,0.09951537055196973,0.8854628031310857,0.049323178776055125,0.9849781736830554,True
0.02208643626303973,0.09948391550717837,0.8855035650768242,0.04909383635494922,0.9849874805840025,True
0.02209342336958012,0.0994939339416959,0.8854906482566957,0.049482958438775954,0.9849845821983916,True
0.022038455600464173,0.09944078750836828,0.8855588729013962,0.0494790694787437,0.9849996604097645,True
0.021994351792667233,0.09943330977129113,0.8855807155347621,0.04963574774583568,0.9850140253060533,True
0.021962697391918792,0.09943633664447467,0.8855907538363842,0.049399560797151486,0.9850270904808589,True
0.02193491286096016,0.0994534376590756,0.8855855759655317,0.04966316751180344,0.9850390136246072,True
0.022012126626151582,0.09940033998291267,0.8856025139190801,0.04897137367783609,0.9850028539019927,True
0.02196478246638326,0.09935048517379844,0.8856670485831167,0.04912444602135393,0.9850175337569151,True
0.02195360501363158,0.09934708431237327,0.8856738076672565,0.049455041909906954,0.9850208919796297,True
0.021903749392644938,0.09931057213473947,0.885727632114812,0.04962793105652377,0.9850382042495515,True
0.022018087084041,0.09936676363958077,0.8856232928400996,0.0502195761421076,0.9849900564796803,True
0.021961000484881206,0.09926767175060702,0.8857373408545248,0.05041104442462416,0.9850050126051318,True
0.022551937680722303,0.09997429543724468,0.8848628461117158,0.04843557404179619,0.9848371415489605,True
0.0226259430536925,0.10023824790949075,0.884597085806894,0.0488194995783632,0.9848353337163848,True
0.022695253372360974,0.10051369046031476,0.884329921873712,0.04847012608535813,0.9848436123340267,True
0.022648016838361568,0.10031966433773899,0.8845167761256321,0.04830802005218624,0.984836440463371,True
0.02259675647904203,0.1001021779087926,0.8847194959728678,0.0483565413680092,0.9848216738816604,True
0.02259193750341283,0.10007740596773161,0.8847400834249165,0.048588890249098286,0.9848174893926481,True
0.022549579878403996,0.09989359780859508,0.8849008277606493,0.048588522716853814,0.9847944255692443,True
0.02252296338966104,0.09977893973195953,0.8849922912962727,0.048683777829393,0.9847712310282322,True
0.02251137713840082,0.09972933614693313,0.8850245370451597,0.048872174433770815,0.9847538731920928,True
0.022495088556112312,0.09966793597482643,0.8850577225478424,0.04895979704112516,0.9847256585226689,True
0.022493029251625288,0.09966378958385919,0.8850659935520219,0.04864315712980502,0.984729783135881,True
0.022494817429135266,0.09966692842292378,0.8850595388525204,0.048932573360422046,0.9847264672754442,True
0.02248120643560931,0.09962666271104122,0.8850727862240411,0.0490273373311472,0.9846994489350823,True
0.022476882461194492,0.09962787331489523,0.8850500456155698,0.049217383616351924,0.984677918930465,True
0.02247471840741694,0.09964815998337535,0.8850074817978433,0.0494117738629523,0.9846556417812187,True
0.02247207560591795,0.09968579041565388,0.8849483477851747,0.049334204265751476,0.9846341382008286,True
0.022472862199592797,0.0997607654318659,0.8848486586899342,0.04939774335204352,0.9846094241218002,True
0.022474481195741976,0.0996961366326916,0.8849255252512888,0.04982162922351648,0.9846216618839804,True
0.02246977950333212,0.09972475482912924,0.8848843137453265,0.05008106975692629,0.9846090685744557,True
0.022461859514617728,0.09974898855371066,0.8848524681822856,0.049900880267249224,0.9846014567359962,True
0.022449512657704722,0.09980660908941714,0.8847814998402503,0.04993919677159725,0.9845881089296675,True
0.02244043276011865,0.09989847509075403,0.8846790371009304,0.050045505901286876,0.9845775121916844,True
0.022438849025011788,0.09985706422813044,0.8847245740542902,0.04960035504763314,0.9845816382824206,True
0.022421192115433208,0.09990588877028445,0.8846742785874421,0.04943563501237008,0.9845801673577266,True
0.022415357312664124,0.09994481101049846,0.8846339832624178,0.04972613389034289,0.9845787942729163,True
0.02241181229844576,0.09993771073621979,0.8846431820366238,0.04934647205990309,0.9845808927728437,True
0.02238690131329929,0.09997395238467784,0.8846108778853123,0.04949832710274316,0.9845848302699902,True
0.022373452003344535,0.10000845199887863,0.8845794245554661,0.04977464289398479,0.9845878765543448,True
0.022356186534667588,0.10002608602626688,0.8845683839496759,0.049486311153598514,0.9845944699759427,True
0.022490776291678366,0.09983579356293022,0.8847093841841921,0.04868244938134192,0.9845451777471224,True
0.022501157359641026,0.09985670707348543,0.8846855315522512,0.04903989748250679,0.9845422386257365,True
0.022441309618869015,0.09972953417661304,0.8848191512418755,0.04899132282805534,0.9845486854184885,True
0.02248559911686354,0.09979648931201908,0.884748621333155,0.04854824708293702,0.9845451106451741,True
0.02248984088795444,0.09980621798098731,0.8847402624881568,0.04821518229875713,0.9845464804691442,True
0.02261088616681434,0.1000854411113331,0.8844530401292279,0.04895377540244997,0.984538481240561,True
0.02258782710125664,0.10001092932617457,0.8845253277031027,0.049165297847689075,0.9845362570292773,True
0.02257032663100282,0.09995553488607095,0.8845776415392503,0.04939956565639161,0.9845331764253213,True
0.022644391264761147,0.10017800805913928,0.8843692128963061,0.04889578685863547,0.9845472209554453,True
0.022964385527953914,0.10132209307052029,0.8832920570325903,0.04834291175196358,0.9846141501031106,True
0.02297186782182697,0.10136073541783822,0.8832568192273134,0.04812319056627535,0.9846175546451515,True
0.022944380554738426,0.10122719197764002,0.8833797110427882,0.04823927862861731,0.9846069030204283,True
0.022925392519153976,0.10112809166895789,0.8834673534847527,0.04838349566015448,0.9845954451537106,True
0.022893616405524758,0.10095613566162115,0.8836146339385561,0.04845494144226388,0.9845707696001773,True
0.022871527022765507,0.10082369339318044,0.8837195108724938,0.048547014336384725,0.9845432042656742,True
0.02285216663967712,0.10069522427376285,0.8838105904807088,0.04850844599788634,0.9845058147544716,True
0.022847180085734956,0.10063753355166753,0.8838363192553386,0.0486294579777936,0.9844738528070061,True
0.02284849228058898,0.10061613969893064,0.8838323560137149,0.04880939292022113,0.9844484957126456,True
0.02285228431930467,0.10059420672101028,0.8838097560801743,0.0488325664401033,0.9844039628011846,True
0.02284395465483244,0.10057883283116958,0.883866793799,0.04920316725010644,0.9844456266301695,True
0.022843540379110062,0.10054658962038494,0.8838616368062829,0.04934365223833574,0.9844082264266679,True
0.02284736715378027,0.100545462309204,0.8838291616923764,0.049268417388225336,0.9843746240015804,True
0.022858943569996373,0.1005783712992145,0.8837547389575228,0.04938219826297554,0.9843331102567373,True
0.02287265669939416,0.10063090628189647,0.8836719121119637,0.049595095576250754,0.9843028183938602,True
0.022891878630109785,0.10072017560337712,0.8835416373093871,0.04971970735020544,0.9842618129127642,True
0.02291213328187186,0.10083222621610803,0.8833939211286799,0.049683663202072355,0.9842261473447879,True
0.02292861946812071,0.10093925996776268,0.8832609348599237,0.049548445674258985,0.9842001948276864,True
0.022951323090374395,0.10109582305625316,0.8830722912963657,0.04967518844057979,0.9841681143526189,True
0.022967698264947187,0.10123808956428099,0.8829084131903595,0.04953721416976921,0.9841465027546406,True
0.02298738075668256,0.10143639425183329,0.8826860049612689,0.049539344805501304,0.9841223992131022,True
0.023006257108942784,0.10166188994137251,0.8824417814919585,0.04957606201890438,0.984103671433331,True
0.02298449094890532,0.10124578879565739,0.8828754816561672,0.050188556831638184,0.9841212704518246,True
0.02297017073631549,0.10131694461576496,0.8827978375009734,0.05015489690580449,0.9841147821167384,True
0.02296380813802036,0.10133399468408096,0.8827818571572621,0.049840390734259124,0.9841158518413431,True
0.02294660897603376,0.10138850791846402,0.8827285784015152,0.04965448643713385,0.9841170863199792,True
0.022929790875410506,0.10146505988962427,0.8826544187979855,0.049821251919885165,0.9841194786876097,True
0.022905206771237297,0.10156265194701622,0.8825655492489256,0.049735580474290775,0.9841282011959418,True
0.022883493404579867,0.1016755926517075,0.8824640384534881,0.0498864707562278,0.9841396311051955,True
0.022873437197753376,0.10169847620652676,0.8824475880745031,0.049527471207626544,0.9841460642810298,True
0.023025309251321714,0.10124312245247565,0.8828108370808079,0.04870320725006516,0.9840539595332836,True
0.023008480503993494,0.10121320215601938,0.8828455989751917,0.04838583789823943,0.984058801131211,True
0.022967805734875817,0.10114603938217752,0.8829206475037377,0.04850399707773917,0.9840666868859151,True
0.0229512469754786,0.10112169430380678,0.8829499082437409,0.04818347722261877,0.9840716025475477,True
0.022971410651739042,0.10115134882790454,0.8829142869987595,0.04860094516226858,0.9840656358266641,True
0.022927502898894798,0.10107888416187313,0.8829957551929314,0.048384603247705577,0.9840746393548045,True
0.02313395692750671,0.1013309695402961,0.8827028268615831,0.047875913315580214,0.9840337964018792,True
0.023072358261688103,0.10114961265517836,0.8828873499598465,0.0478828846623509,0.9840369626150249,True
0.02301219371558794,0.10099190979396647,0.8830471654149629,0.04783660741892468,0.9840390752089293,True
0.022973107321182493,0.100908349599021,0.883131031962108,0.04793112254666179,0.9840393815611289,True
0.022972944478627216,0.1009093669276949,0.883128254979011,0.04824053575796179,0.984037621906706,True
0.022926470619920213,0.10082761897202276,0.8832103212462492,0.04825445400203978,0.984037940218272,True
0.02294518302105651,0.10085037113271964,0.8831847844269254,0.04865064684462796,0.984035155559645,True
0.022936399940352497,0.1008384026838178,0.8831952400732356,0.048938728394239926,0.9840336427570534,True
0.022898227239159828,0.10078267843338515,0.8832506595147943,0.04909235912618564,0.9840333379481795,True
0.022864214017463073,0.10075540078710796,0.8832798857678525,0.049003709120479765,0.9840352865549605,True
0.022848623317968744,0.10076035226303702,0.8832750069326613,0.04927345284964057,0.9840353591956983,True
0.022824454037886924,0.10076904231596259,0.8832685601057011,0.049510106533015734,0.9840376024216637,True
0.022878726931601825,0.10074715004460276,0.8832774770704441,0.04995741447606791,0.9840246271150469,True
0.02283350732125343,0.10068820125851786,0.8833420911860503,0.04995894688151436,0.9840302924445682,True
0.022808119168525254,0.10066949285397303,0.8833659434680479,0.04976685724377929,0.984035436322021,True
0.022769749641481183,0.10065316873876594,0.8833903530809977,0.049678347303494116,0.9840435218197636,True
0.022735852228931618,0.10065828994504494,0.8833948113869009,0.04953632737595352,0.9840531013319458,True
0.022705899793369243,0.10068593591018585,0.8833768706050914,0.049729592899582314,0.9840628065152772,True
0.022691841092114137,0.10069147371071843,0.8833778020386212,0.04941173903134609,0.9840692757493396,True
0.022704067517470644,0.100694744591074,0.8833686223473929,0.049823208171764964,0.9840633669384669,True
0.02265372891315582,0.10068882818994437,0.8833937568405147,0.049780675372272924,0.9840825850304591,True
0.022703058698393442,0.10064818506077994,0.8834124233755601,0.049199768311676224,0.9840606084363401,True
0.022735497035220226,0.10067100299924339,0.8833797742094028,0.048766138988615086,0.9840507772086462,True
0.022834512637114602,0.10081124640843898,0.8832136094341752,0.04832871025173002,0.9840248558426141,True
0.02276431146210454,0.10065003155933784,0.8833875229075714,0.04823208634809986,0.9840375544669092,True
0.023151694397432223,0.1013627768586143,0.8825945724350506,0.04969328188032335,0.9839573492936649,True
0.023084499195592287,0.10112397616186775,0.8828335892528014,0.04977237546190686,0.9839575654146692,True
0.023059396034916305,0.10104140248001828,0.8829164823270635,0.049556497398696185,0.9839578848070818,True
0.023120750909425686,0.10124262210942234,0.8827189590845861,0.049958725950746,0.9839615811940084,True
0.023086093547923306,0.10111227856739646,0.8828423265281582,0.050126694420752876,0.9839546050955547,True
0.0230367267367043,0.10093438145663972,0.8830074125142129,0.05014697434451758,0.9839417939708526,True
0.023011871765360337,0.10085174368848956,0.8830787456406145,0.05032742442498664,0.9839304893291041,True
0.022989062881134736,0.100786202273355,0.883134263489508,0.05019020107340974,0.983920465762863,True
0.022965419312822238,0.10072834260761733,0.883175776064989,0.050310479487115214,0.9839041186726063,True
0.02294530109234895,0.10070206426179769,0.8831840973411689,0.050388760349448516,0.9838861616029666,True
0.022937707326085306,0.10071523177126583,0.8831585127263294,0.05060820389788967,0.9838737444975952,True
0.022928600573911412,0.10072616345652391,0.8831406815056257,0.05041197461547762,0.9838668449621497,True
0.022915452179263444,0.10075359587529686,0.8831028174695821,0.05029533861942991,0.9838564133448789,True
0.0229042759556644,0.10081361444440227,0.8830315177427551,0.050396485055919454,0.9838451321871574,True
0.022896788177357123,0.10089338173707131,0.8829438242567743,0.05056531288622323,0.9838372059938456,True
0.02288676967508769,0.10097028316751241,0.8828645754366655,0.05040454080980596,0.983834858604178,True
0.02288146254372786,0.10104268701733564,0.8827905597323231,0.05066279450949287,0.9838332467496588,True
0.022926215879605236,0.10070383143825803,0.8831225713670035,0.0498148034971825,0.9838264028052615,True
0.02301042652812289,0.10081630550643896,0.8830006516464054,0.05041987371774103,0.9838169571528443,True
0.02295538125389761,0.10067980470873662,0.8831380563625504,0.05042223444795904,0.983817861071287,True
0.022911915292593687,0.10059679179806152,0.883221876450884,0.050337791038483175,0.9838186682489456,True
0.022911217915737612,0.10059893124318285,0.8832179518587306,0.05064813044714399,0.9838168831019135,True
0.02288433283016542,0.10056389242180439,0.8832522388961985,0.05085382228405305,0.9838161313180029,True
0.022856647493837586,0.1005423988087249,0.8832735669061131,0.051056949646568685,0.983815965714838,True
0.022829183857515412,0.1005328601926366,0.8832858485800302,0.05092205098745345,0.9838187087726669,True
0.022797780794701877,0.10054017320847307,0.883283056334359,0.05083122433071038,0.9838232295428321,True
0.02277147285945675,0.10056419561831775,0.8832653772850485,0.050667128054943576,0.9838295729033663,True
0.022781515990826496,0.10056330342326639,0.8832620371351987,0.0510644478877666,0.983825340558465,True
0.02275904225094037,0.10057673656757489,0.8832542278245648,0.05131494005191705,0.9838309643921397,True
0.02271874612822494,0.10059784462338715,0.8832467521004529,0.051294498756593074,0.9838445967238401,True
0.02267830094859443,0.10065060546272092,0.8832116174628232,0.05133132854772555,0.983862222925544,True
0.022642705725407136,0.10072807198609718,0.8831538531169242,0.05148852979059652,0.9838819251030213,True
0.0226016288287976,0.10082462786576855,0.8830842470380009,0.05146877491625615,0.9839088749037694,True
0.022566683362756,0.10091027058051412,0.8830247950390052,0.051294311989538946,0.9839350656195194,True
0.022545751091398555,0.1009465604278066,0.8830045201693579,0.05096726249076146,0.9839510805971645,True
0.022489276249128252,0.10104012906278782,0.8829535621276607,0.05090648783002117,0.9839936911904485,True
0.02246750410762777,0.10106752901002458,0.882943429560766,0.05054484717870059,0.9840109585707906,True
0.022619956156983714,0.10090239341308699,0.8829911785430217,0.051417178177395655,0.9838935719561086,True
0.02255007509160877,0.100852490246475,0.8830772347657649,0.05154341208118333,0.98392972501224,True
0.022502016042983436,0.10083031739835621,0.8831268999736678,0.05131604515903036,0.983957217372024,True
0.02267626958124731,0.10085851258176147,0.8829951839289125,0.05060478001099897,0.983853696510674,True
0.02261333396078382,0.10075610904902285,0.8831233241463575,0.05037673324032112,0.9838794331953804,True
0.022533576446057652,0.1006496640893131,0.8832641035704402,0.050267909057105375,0.9839137676597532,True
0.02251363286742146,0.10063622961565877,0.8832868200800758,0.05055036531442049,0.9839230496957345,True
0.022458464620983977,0.10058501131596478,0.8833647582185841,0.050326080303062334,0.9839497695345488,True
0.02283440295360441,0.10083322818086965,0.8829229543184097,0.051512686646242006,0.9837561824992793,True
0.022752895899966714,0.1006246110356735,0.8831514786463971,0.05146942213584039,0.9837760896820706,True
0.022676904697901814,0.1004561271429268,0.8833394774354318,0.05147659616321635,0.9837956045783587,True
0.022637282697768935,0.10038694005426751,0.8834193587568316,0.05169020646345227,0.9838062988110992,True
0.022576663815092116,0.10029556122008958,0.8835285232770042,0.05179668089809173,0.9838240844970937,True
0.022542706085007982,0.10026473073910572,0.8835704861649866,0.052039582313989696,0.9838352169040923,True
0.022485099906082533,0.1002220740399677,0.8836344428981702,0.052071518587336184,0.9838565169381379,True
0.022430625653677577,0.10021469626388872,0.8836658271814262,0.052090598022344343,0.9838805234453148,True
0.022401230986671232,0.10023542787641576,0.8836603244138909,0.05236025764953681,0.9838957522903067,True
0.022473313784159735,0.10017827136876598,0.8836775636734963,0.05166794524606418,0.9838558350422623,True
0.022408257906276857,0.10011372088952268,0.8837681680945522,0.05163086391315278,0.9838818889840748,True
0.022360091164149123,0.10008866618665475,0.8838157097142042,0.051444527326137794,0.983904375900859,True
0.022344975592669052,0.10009318696086543,0.8838186280192905,0.05174948311307805,0.9839118149801559,True
0.02228218360980759,0.10007712202586398,0.8838664434234134,0.05174183879623583,0.9839435654492773,True
0.022220960563257435,0.10009332872237899,0.8838857533975517,0.05175749706592301,0.9839790821199307,True
0.022168677673239105,0.10013540821103087,0.8838781797061881,0.051904387140067856,0.9840135879172189,True
0.02242201155175786,0.09985840292302248,0.883972941017437,0.050888401130951284,0.9838313439404595,True
0.0225020660560545,0.09999771771365383,0.8838025442846401,0.05141173809836365,0.983800261998294,True
0.02245533559017795,0.09989796367257474,0.8839157624243422,0.051603187947521036,0.983813726096917,True
0.022385489376606883,0.09976416901548256,0.8840711536635852,0.05153949710859642,0.9838353226790678,True
0.022343998426363487,0.09970118209557119,0.8841487978921541,0.05132724394167366,0.9838499799877253,True
0.02228766214939078,0.09963226781414346,0.8842376161073787,0.05142613069242555,0.9838698839215222,True
0.022226902834461885,0.09958492039103,0.8843095231247645,0.05143023601050656,0.9838944435157945,True
0.022261044548535554,0.09958275523716337,0.8842961950559999,0.050960485929245486,0.9838789502931633,True
0.022805811550857143,0.10010579474500327,0.8835604850670931,0.050283297015537354,0.9836662798120963,True
0.022746339701688902,0.0999053294983766,0.8837679361248565,0.05007834628323077,0.9836732656232331,True
0.0226985028467075,0.09974679231132799,0.8839289741352432,0.050160622691578706,0.9836757664465712,True
0.02270961382621373,0.09978409089651424,0.8838930839810978,0.04988026535447098,0.9836771748776121,True
0.022721907896988528,0.09982155278638435,0.8838542420353638,0.050180103062029274,0.9836757948217482,True
0.022689476210001513,0.09971389209029619,0.8839601399824648,0.04997315283947811,0.983674032072761,True
0.02294247771689994,0.10054361082615479,0.8831789107266428,0.04967084067565999,0.9837225215527976,True
0.022898759557954045,0.10035333884639401,0.883361030632595,0.04972802123496955,0.9837143694789889,True
0.022845661290318026,0.10012022260478244,0.8835786571443175,0.04962060723736939,0.9836988797491,True
0.022866122485539334,0.100205838711837,0.8835003269056951,0.049931585775064326,0.9837061656175321,True
0.02287635022150051,0.10024843565528725,0.8834608892029309,0.05018921902246591,0.9837093248582182,True
0.02284075196057178,0.1000705732643137,0.8836132472097974,0.050209309121529704,0.9836838204741111,True
0.022843014093176017,0.10007574684367192,0.8836066630345903,0.05044710853493952,0.9836824098782623,True
0.022820619227968228,0.09995122817554343,0.8836997288344735,0.050468661349938854,0.9836509570100169,True
0.022812735525983525,0.09989534544359448,0.8837276347215588,0.05060426470368194,0.9836229801651533,True
0.022811048987124213,0.09986999781352765,0.8837252665077783,0.050766629515512265,0.983595264321306,True
0.02281285906289435,0.09986176864352041,0.8836952980205336,0.05083712680464256,0.983557066664054,True
0.022813859183930595,0.09986847247400436,0.8836764611780309,0.05062821767574442,0.9835449336520352,True
0.022820419473451634,0.09989413966166738,0.8836263561552959,0.05081850333635095,0.9835204958169633,True
0.0228291746118036,0.09994305511440094,0.8835422619402007,0.05080362599430324,0.9834853170546016,True
0.022840264039238233,0.10000270553433867,0.8834588781828979,0.051012994409151816,0.9834615837172366,True
0.022854257262536086,0.10010096300054869,0.8833270856173611,0.05103251784390035,0.9834280486179098,True
0.022872049043787583,0.10023497551688149,0.8831610231720184,0.05106379474863193,0.9833959986888998,True
0.02288605357327934,0.10033787752799449,0.8830396496414054,0.05130761472682143,0.9833775271693999,True
0.022901444658730175,0.10049209632295819,0.8828621580581038,0.051464176355196636,0.9833542543810619,True
0.022894877046147257,0.10044927122180816,0.8829109628075908,0.051068710154720566,0.983360234029399,True
0.022901662403900958,0.1001480324968985,0.8832435142627606,0.05165496686093039,0.9833915467596591,True
0.022873478689882255,0.10011251700254134,0.8832694553672891,0.05172892391715458,0.9833819723698304,True
0.022852801428824784,0.10011901260418267,0.8832539959139497,0.05185872547901882,0.9833730085181324,True
0.02283407123882743,0.10015848105241748,0.8832071120488618,0.05192197337995883,0.9833655931012792,True
0.022818129870827816,0.10022966844814511,0.8831314757555826,0.05193619364361568,0.9833611442037277,True
0.022809839801210492,0.10026124174623138,0.8831011651102375,0.05167795063109717,0.9833624068564689,True
0.02278918971788226,0.1003488537422282,0.8830164311609835,0.0516877947687507,0.9833652849032117,True
0.02282598768337242,0.10008478151351959,0.883269015379344,0.05099139990742587,0.9833537968928636,True
0.022790104668172446,0.10005711674002218,0.8833037806311272,0.05080971200578433,0.9833608973711494,True
0.02280967394500904,0.10006841435273782,0.8832864261721226,0.05122765447548472,0.9833548405248604,True
0.02280263953942456,0.10006633845024318,0.8832887322835412,0.05151433756030981,0.9833550707337844,True
0.0227821693030286,0.10004327358765261,0.8833170135457863,0.05126543096851508,0.9833602871334389,True
0.022761978037842072,0.10002980575532561,0.8833339821232495,0.05149560611083903,0.9833637878785751,True
0.022778111770322313,0.10003305292883334,0.8833283610596218,0.05108977030070074,0.9833614139884551,True
0.022744531139060033,0.09998749312495334,0.8833817104379453,0.05087535675461317,0.9833692035628987,True
0.02271379389780268,0.09996073420299272,0.8834148810223343,0.051030777256897954,0.983375615225327,True
0.02271620533107161,0.09995558278090769,0.883420647809908,0.050678009717131496,0.9833762305908157,True
0.022671550531504943,0.09991012478030178,0.8834776369812292,0.050514205373874146,0.983387761761531,True
0.02264488953819254,0.09990382383042766,0.8834912779705423,0.050683430752840285,0.9833951018009699,True
0.022656954183668285,0.09991336677960722,0.8834766004289067,0.05106371672087435,0.983389967208514,True
0.022645700815133025,0.09991087728573556,0.883481688020704,0.05134891872429441,0.9833925653064396,True
0.02260457104524134,0.09988548355839932,0.8835195731330715,0.05150677214615773,0.9834050566914708,True
0.022559335429297465,0.09987765975864775,0.8835443293822436,0.05145626902086827,0.9834219891408913,True
0.02264289258160169,0.09981872875777803,0.8835668225042818,0.050779540768556675,0.9833855512620597,True
0.02259867030716639,0.09975526703930179,0.8836425350725401,0.050909387973008424,0.9833978021118419,True
0.022656146359066806,0.09982152632925083,0.8835565662374787,0.051383885957114725,0.9833780925667295,True
0.023063654210557897,0.1005431556657449,0.8827406089272314,0.050319642904467436,0.9832837645929763,True
0.023028318529258077,0.10041352307748538,0.8828712409132919,0.05046906654012906,0.9832847639907774,True
0.0229900412349856,0.10027395863926013,0.8830095435344419,0.050609975901621286,0.9832835021737021,True
0.022995658717492422,0.10029083642266329,0.8829914632031625,0.050867606710609074,0.9832822996258257,True
0.022948548286792284,0.10011849700528978,0.8831559913326258,0.05096127717034064,0.9832744883379155,True
0.022915264658120577,0.10000322889881366,0.883261036298937,0.05109746591435514,0.9832642651977507,True
0.0228840389854375,0.09990732427606172,0.8833444191869703,0.05104879255942432,0.983251743463032,True
0.022859024776986033,0.09984664634940539,0.8833892213953379,0.051128844688999336,0.9832358677447434,True
0.022842455945501473,0.09982906131863269,0.8833913897631335,0.05125663027691016,0.9832204510817661,True
0.022833279487086536,0.09984171520908491,0.8833660955355868,0.051449396793442896,0.9832078107446717,True
0.02281856283268815,0.09986748123550179,0.8833305263515717,0.051603740447060606,0.9831980075870735,True
0.022808193126614848,0.09993024512333357,0.8832554959278541,0.051656279645057986,0.9831857410511877,True
0.02280158294879903,0.10002487246363394,0.8831510546243474,0.05178607646130102,0.9831759270879813,True
0.0228021892342186,0.09991558344051506,0.8832682044395613,0.05126335240638182,0.9831837878800764,True
0.022793978520959286,0.09993883384789734,0.8832425264225962,0.051511068566467075,0.9831813602704935,True
0.02276928532310097,0.0999748152976149,0.8832073097259387,0.051470925004149584,0.9831821250235536,True
0.022791118119427977,0.09993397460325076,0.8832428451087488,0.05190597124094516,0.9831768197119997,True
0.022756324337793645,0.09993476355475042,0.8832467993415409,0.051981088229790536,0.9831815628962913,True
0.022739762423883904,0.09994460346525899,0.8832417767513374,0.05175200507654951,0.9831863802165964,True
0.022762322484015836,0.09990846688162291,0.8832731414986031,0.05127330335815431,0.9831816083802261,True
0.022727037539480972,0.09988508462941066,0.88330412225544,0.05139315079995361,0.9831892068848507,True
0.02272024666328569,0.09987746088413556,0.8833148160079719,0.05107223259226153,0.9831922768921074,True
0.022732752922811482,0.09988979540062093,0.8832977003244873,0.05144153945753732,0.9831874957251082,True
0.02268781107159938,0.09984743781776748,0.8833513121641375,0.051525431430244656,0.983198749981905,True
0.02267331897738559,0.09984830340314121,0.8833541675261061,0.05179329383089855,0.9832024709292473,True
0.02262807267478613,0.09983491363463796,0.8833827741691639,0.051767771920758654,0.9832176878038018,True
0.02260694636601205,0.09985089844291221,0.8833750102003836,0.052019278812392086,0.9832259086432957,True
0.022562776525000383,0.09987555569148351,0.8833702072716771,0.052100103395034666,0.9832457629631607,True
0.02251953018837057,0.09992672629757372,0.8833428388748371,0.052091404615908055,0.9832695651724108,True
0.022478691596252556,0.10000298826826778,0.8832931547515723,0.052220153997408515,0.9832961430198401,True
0.022479984789876607,0.1000166736585504,0.8832789428434379,0.05259829580671945,0.9832956165019883,True
0.022427584546733475,0.10007707411322321,0.8832538092759341,0.05270388197036999,0.9833308833891573,True
0.02237329599899642,0.10015949227346974,0.8832124477566592,0.05275125285174536,0.983371940030129,True
0.022340166130000335,0.10020854408789016,0.8831904014532692,0.05251457195402467,0.9833989455411594,True
0.022377790948833437,0.10013552395161929,0.8832314916538749,0.05197153146666902,0.9833670156054942,True
0.022306555360268078,0.10014514638629397,0.8832697761597984,0.05196374490458045,0.9834149225460924,True
0.022246259649686736,0.10017888883933902,0.8832806334945987,0.052090939099747394,0.9834595223339377,True
0.022274953421522355,0.10017287923160584,0.8832649739586609,0.05255257345228401,0.9834378531902668,True
0.022197495736630792,0.10017136721903706,0.8833200808580242,0.05262465057544931,0.9834914480770612,True
0.022119673216302115,0.10019306776250116,0.8833566601598231,0.052605823422287826,0.9835497279223242,True
0.022138266221200277,0.10016979916695792,0.8833641851540422,0.05213786222421062,0.9835339843210001,True
0.022093108004071153,0.10017153133279418,0.8833951583749718,0.05238387891799431,0.9835666897077661,True
0.022009778126873,0.10016446943938292,0.8834628418607652,0.05230744955087589,0.9836273113001481,True
0.021924754616549032,0.10017922054586069,0.8835140844813724,0.052232174687900174,0.9836933050272331,True
0.021944680004756058,0.10018275974226797,0.8834950378985121,0.052680034482076706,0.9836777976407801,True
0.02185382278249799,0.10017611710377432,0.8835702158034922,0.05274247546380073,0.9837463329072664,True
0.02180424709790482,0.10017793910378422,0.8836076891711644,0.05247095128819041,0.9837856282749486,True
0.02184629426460715,0.10016253907371366,0.8835887294521969,0.05197428659201468,0.9837512685259105,True
0.021793885033933195,0.10014222626177795,0.8836465256335435,0.0522016053462851,0.9837887518953214,True
0.021749050073595975,0.10011842695427565,0.8837024184803738,0.05189787206943487,0.9838208454346494,True
0.02171032784475238,0.10010683167118968,0.883742142860804,0.05217130756063002,0.9838489745319937,True
0.021627283737024525,0.10006692099934615,0.8838415512429302,0.05200148838952386,0.9839084722422763,True
0.02156096066560081,0.10005403128656237,0.8839045327634049,0.052194927322858596,0.9839585640499673,True
0.02187301689285836,0.1000853149342636,0.8836319922760576,0.05138955668525799,0.9837173072103212,True
0.02178464905502998,0.09994515284884467,0.8838193328032876,0.051205304968818796,0.9837644856521323,True
0.02172394149190854,0.09986869059147087,0.8839301153849611,0.05135661054517548,0.983798805976432,True
0.02163942175602909,0.09977710886081749,0.8840715137182407,0.051401224871105225,0.9838486225790581,True
0.021550442653815206,0.09970783146944104,0.8841973278243619,0.05133480114553233,0.983905159293803,True
0.021462706104378816,0.09966960783580885,0.8842959115725326,0.05128803874379289,0.9839655194083414,True
0.021430175422914626,0.09965929698746792,0.8843300758889968,0.05095694266282691,0.9839893728764647,True
0.02134120677340301,0.09963751611289444,0.884416661400704,0.05086697003647224,0.9840541775135984,True
0.022346910220748778,0.0995491358669443,0.8837237152340365,0.05019348307606521,0.9832728511009807,True
0.02231097538562608,0.09944323204985366,0.8838395131908624,0.05036287430697136,0.983282745240716,True
0.022347927177120853,0.09954998006423062,0.8837239128756126,0.05006591649360437,0.9832738929398432,True
0.022265843880056903,0.09930652204275095,0.8839856642206531,0.04996678222166622,0.983292186263404,True
0.02222784449533977,0.09920591433935429,0.8840955053743832,0.04972508985035058,0.9833014197137375,True
0.022167888739070406,0.09905448568058636,0.8842588801807872,0.04971498671305274,0.9833133658613736,True
0.022111297257720958,0.09893381634372339,0.8843918103913947,0.04956294977684604,0.983325626735118,True
0.0220969483047908,0.09891165922969061,0.8844161953645848,0.04978606570911814,0.9833278545942754,True
0.022063495812456233,0.09886126946099319,0.8844733804650456,0.04991959666781761,0.9833346499260388,True
0.022073396251619814,0.09887606574892151,0.8844547506439526,0.05025764044639608,0.9833308163928741,True
0.022045442173375042,0.09883733781978041,0.884498782603337,0.05045193413202409,0.9833361204231175,True
0.022003862350974415,0.0987923363183567,0.8845532550893491,0.05056439617462863,0.9833455914077058,True
0.02196712745808449,0.09877796172676834,0.884577751485182,0.05070216645908766,0.9833557132119504,True
0.021946710366222512,0.09878800759293142,0.8845742143188032,0.050946636764338506,0.9833622219117346,True
0.02190595222066185,0.09880429332372942,0.8845740057613701,0.05101391768189419,0.9833782990850995,True
0.021866977904130662,0.09884877757378902,0.8845489221658899,0.051023063010724456,0.9833976997396789,True
0.02182839623625102,0.09891755298305846,0.884503511323813,0.051012328255762976,0.9834210643068715,True
0.021788755271115623,0.09900764849210493,0.8844416030482993,0.05099226295373199,0.9834492515404043,True
0.02174717382137406,0.0991152941262777,0.8843675278240427,0.050956661752564934,0.9834828219503204,True
0.021705543410083378,0.0992256726041332,0.884293934126779,0.05084571248985029,0.9835196067309122,True
0.021668029040278206,0.09931511916943447,0.8842390110519397,0.050633250649398595,0.9835541302213742,True
0.021689247421692346,0.09924317402492193,0.8842895939282278,0.05014941129470247,0.9835327679531497,True
0.021645597791387923,0.09928215939471427,0.8842845791700208,0.050318373311356385,0.9835667385647351,True
0.021578432058973016,0.09933425173468445,0.8842859532303233,0.05032643080920031,0.9836202049650078,True
0.021510405831800274,0.09939941446149712,0.8842785792119698,0.05021041010498593,0.983677993673467,True
0.021559519898318738,0.09936222453019658,0.8842731414159694,0.05074718008653749,0.983635365946166,True
0.021481966858989596,0.09937414889987882,0.8843204573408864,0.050815378843493055,0.9836946062407652,True
0.02146212936881304,0.09939157583746164,0.8843197701677042,0.05115525040984701,0.9837113460051659,True
0.021544098483245788,0.0993643502035932,0.8842817021771596,0.05054408833074473,0.9836460523807529,True
0.021541494492858394,0.09935663299417584,0.88429115700485,0.05017581186185434,0.9836477899990258,True
0.021575352746916573,0.09939363429576505,0.8842329043673818,0.05060639032855986,0.9836265386631469,True
0.022052681244632756,0.09996307262567344,0.8833929019086125,0.04976805089657945,0.9833559745342859,True
0.021966915629954953,0.09972330859063945,0.8836596029624363,0.04962560770611101,0.9833829115530758,True
0.021895300873667936,0.09954227423190774,0.8838639821023125,0.049449906926252334,0.9834062563342203,True
0.02207110445052522,0.09993682377192101,0.8834133509188858,0.04910112972889582,0.9833501746908069,True
0.021992874975037352,0.09970326878330167,0.8836637171990238,0.04898407816398167,0.9833669859823255,True
0.021926050464262166,0.09952501646509733,0.8838564791113727,0.04883033701293302,0.98338149557647,True
0.02211075126117925,0.09994624189119407,0.8833981373329777,0.04856785786801701,0.9833443792241717,True
0.022282285184078335,0.10050858274457043,0.8828165878463096,0.049314803272658476,0.98332517059088,True
0.02249090440396476,0.10132312693531519,0.8820034484107412,0.049030620609924705,0.9833265753460564,True
0.022566612870534616,0.10166490366495579,0.881671297799496,0.048836100663921495,0.9833362014644518,True
0.022501336300961575,0.1013581551237493,0.8819662507044812,0.04876230232259394,0.9833244058282304,True
0.02246794590510136,0.10119907355746241,0.8821152081651759,0.0485907639569065,0.9833142817226382,True
0.0224267455260883,0.10098817821554099,0.8823036093563915,0.048478363949368095,0.9832917875719325,True
0.02242077440076553,0.1009488926679787,0.8823340488629556,0.04863420456484267,0.9832829415309343,True
0.022478071471176437,0.10127332280169532,0.882076325650488,0.0491518956131466,0.9833496484521833,True
0.022456073774547097,0.10115164504527965,0.8821824591204294,0.04901800896956231,0.983334104165709,True
0.0224564767096818,0.10114570674050061,0.8821850595301604,0.04920793250250564,0.983330766270661,True
0.02243494810846835,0.10099529264090606,0.8823013787666367,0.049170771799152614,0.9832966714075428,True
0.022437391788493685,0.10100207773777212,0.8822938023611225,0.049381531781427034,0.9832958800988947,True
0.022428509485594602,0.10090399420720611,0.8823525455436002,0.04935848861010081,0.9832565397508063,True
0.022431234202913205,0.10087173120159582,0.8823535329421208,0.04949321525992424,0.9832252641437167,True
0.022432380031994645,0.10088190415551393,0.882350448271301,0.04973456222745828,0.983232352426815,True
0.022436819621039,0.1008433779810478,0.8823435434658431,0.049783521690744625,0.9831869214468909,True
0.02244741826096928,0.10084814671082637,0.8822993561517406,0.04972749174509675,0.9831475028625669,True
0.02246141230141087,0.10087769974794288,0.8822385472906659,0.04990465411454012,0.9831162470386088,True
0.022481799194225383,0.10093138525438348,0.8821421010339686,0.05004800025581824,0.9830734862883521,True
0.022509550850449755,0.10102345772773141,0.882000152531942,0.05012495279914104,0.9830236102596734,True
0.022540683489815347,0.10114367802679132,0.8818343099943012,0.050271203550016665,0.9829779880210926,True
0.022581949250596305,0.10130992449886171,0.8816148731913382,0.05035981368711195,0.9829247976901999,True
0.022620228441157037,0.10149506786183818,0.8813845377413487,0.050369718789700604,0.9828796056031869,True
0.022662055039195148,0.10171637649468881,0.881118941315356,0.05046174726431655,0.9828353178100447,True
0.022703926521369683,0.1019647494809193,0.880830564943396,0.05051753372101001,0.9827953144243152,True
0.02274477222493935,0.10223735060626603,0.8805232597218438,0.05058852893341004,0.9827606103281098,True
0.02276132476630168,0.1023467355057867,0.8804019489503483,0.050888649665298616,0.982748684456135,True
0.022782173518095722,0.10256805168506179,0.8801638219446717,0.05085086720269447,0.9827318736297335,True
0.02280176482694509,0.10281865641233631,0.8799008385881368,0.05098386909234945,0.9827194950004732,True
0.022810682057594088,0.10292907831001118,0.8797865360612416,0.05129799942524261,0.9827156143712528,True
0.02281392649664418,0.10313016015033061,0.8795871309664658,0.051510995586440574,0.9827172911167964,True
0.022808671558492755,0.10334880635009941,0.879379520295397,0.0515273114206759,0.9827283266454965,True
0.022800762720116285,0.10356158929038614,0.8791828724639004,0.05173384102762948,0.9827444617542865,True
0.022784120061887275,0.10374132724889769,0.8790264739435126,0.05162383914739297,0.9827678011924104,True
0.022798914672653825,0.10355198912853195,0.8791917032519587,0.05104905224525109,0.9827436923804906,True
0.022802575356155534,0.10356469493123005,0.8791768744085017,0.05141620153897732,0.9827415693397317,True
0.022768250573085028,0.10361300435142162,0.8791531431276615,0.05163405339482666,0.9827661474790831,True
0.02271621021795429,0.10367073927909702,0.8791341519222874,0.051577981687981805,0.9828048912013844,True
0.02266204262753994,0.10375247479672034,0.8790968397123601,0.051681027454427535,0.9828493145090804,True
0.022691925936989255,0.10367870079863797,0.8791426615142536,0.051169905666499996,0.9828213623128915,True
0.022620590047032662,0.10368876013091821,0.8791836350152151,0.05107903198474578,0.9828723951461333,True
0.023103119579767937,0.103366566061428,0.8791281203992736,0.050198292546266066,0.9824946864607016,True
0.023048004886134867,0.1032285685273292,0.8792837481565127,0.05030255717638558,0.9825123166838419,True
0.02334497429279628,0.10389977899863907,0.8785136936117969,0.04991235448541066,0.982413472610436,True
0.023312801744939392,0.1037978226621285,0.8786231816088631,0.04968220620539794,0.9824210042709915,True
0.023302273935140214,0.10376618355535772,0.8786577118393962,0.04943747040408613,0.9824238953947539,True
0.023539841802092173,0.10454274908436303,0.8778610085564102,0.05036352078508117,0.9824037576407733,True
0.023843105675648582,0.1057637909717664,0.8766490069995878,0.05103009430688071,0.9824127979713542,True
0.023769803198808996,0.10542324469495826,0.8769798051164626,0.05100311889062232,0.9824030498114208,True
0.02371805650271068,0.10517152213104793,0.877216391759217,0.05106432836520545,0.9823879138902649,True
0.023672785551310065,0.10494121589764904,0.8774241224887122,0.051087088758497004,0.9823653383863612,True
0.023640456371731573,0.1047658666114508,0.8775714643407759,0.051092515497491275,0.9823373309522268,True
0.023622541975067097,0.10465520346157459,0.8776512859000813,0.05116409253087385,0.982306489361656,True
0.023614307108809268,0.1045864226556373,0.8776829699127553,0.051205484614319625,0.9822693925683926,True
0.023612668185038453,0.1045690902425115,0.8776783091781355,0.051070287787945354,0.982247399420647,True
0.023607686836123347,0.10456036789128985,0.8777032072703841,0.05078077679426928,0.982263575161674,True
0.023603616982991082,0.10452708547129212,0.8777010425596106,0.05073274112682696,0.9822281280309026,True
0.023578515113437337,0.10446068730577525,0.8779073785192544,0.05027214878247472,0.9823680658250297,True
0.0235740231226243,0.10444425616545878,0.8779233937579298,0.0500613425715446,0.9823676499233887,True
0.023585116488014483,0.10449640057434609,0.8778792612673287,0.05033323504940661,0.9823756618416748,True
0.023629392911244277,0.1047405246291411,0.8776838718715018,0.05074274331058008,0.9824243965006428,True
0.02361309113649868,0.1046519911513339,0.8777604369401507,0.0505950337909373,0.9824124280914847,True
0.02360029027026156,0.104577205389947,0.8778216707818447,0.05043748129522204,0.9823988761717917,True
0.023583065795397692,0.10445434588461777,0.8779115187037619,0.05034543234629615,0.9823658645883797,True
0.023577135062443414,0.10439945238731552,0.8779427157311211,0.0501890117503527,0.9823421681184367,True
0.023574441000298322,0.10438915885559502,0.8779515730727429,0.049974231861461056,0.9823407319283379,True
0.023578647559832466,0.10442896298923049,0.8779333834515749,0.050282826441591974,0.9823623464408053,True
0.023571703070626556,0.10434610581832748,0.8779761704632894,0.05028884126825583,0.9823222762816168,True
0.02357559902740862,0.10432120580866093,0.8779651444636031,0.05037577986711023,0.982286350272264,True
0.023566477493324165,0.10433039441872215,0.8780123115736225,0.050733064509613526,0.9823427059923446,True
0.023561494543049944,0.10428050648352878,0.8780368010203453,0.0506190127314857,0.9823173075038741,True
0.023562967865835366,0.10424246161118116,0.8780333381737597,0.050670133787043464,0.9822757997849408,True
0.023546157636659376,0.10422436746420331,0.8781080540033439,0.0503010703654172,0.9823324214675472,True
0.02354702727409663,0.10426947139225212,0.8780977836882935,0.05002038822361173,0.9823672550805456,True
0.023545056290503616,0.1042433810326286,0.878111654305665,0.05018352279823581,0.9823550353382936,True
0.023548142471446213,0.1042933564975179,0.8780888528304699,0.04992372026136834,0.9823822093279878,True
0.023554836136494953,0.10432872001835698,0.8780605268590755,0.050166991234144157,0.9823892468774326,True
0.023568721234607747,0.10441783281131561,0.8779939348028079,0.050444141686259165,0.9824117676141235,True
0.023551172168222032,0.10429358480025748,0.8780875892532612,0.050373095425562245,0.9823811740535188,True
0.02355178670147896,0.10428015360275034,0.8780915287553339,0.05055872901772512,0.9823716823580843,True
0.023545729812473746,0.10420077491808163,0.8781330320917639,0.05051228244550723,0.9823338070098455,True
0.023547577531897405,0.10416774288033559,0.8781321829747459,0.05041494912165727,0.9822999258550815,True
0.023549575322984892,0.10417530046526358,0.878126964210217,0.05065137140712952,0.9823022646754805,True
0.023556740597376676,0.10415484732475593,0.8781012949431337,0.050679941884264924,0.9822561422678896,True
0.02356041878093223,0.10416305615899137,0.8780890608207969,0.05091285684121191,0.9822521169797882,True
0.02357241194079707,0.10417815171284735,0.8780337066204941,0.0510459942031736,0.9822118583333415,True
0.0235940215247223,0.10423239392674451,0.877929636032232,0.05113214330411988,0.9821620299589765,True
0.02362006764544847,0.1043257896387984,0.8777880990895941,0.05118288234788454,0.9821138887283924,True
0.02365094409703657,0.10445584072490946,0.8776112807899834,0.05120291698653816,0.9820671215148928,True
0.023669811318579214,0.10454429239957845,0.8774996880954508,0.05143243898257134,0.9820439804950292,True
0.023700715093194453,0.10470652716473308,0.8772956577107098,0.05148109068732976,0.9820021848754429,True
0.02373213387743902,0.10488619748940697,0.8770799438016209,0.05163890459431078,0.9819661412910279,True
0.023762872052621287,0.10509330574136835,0.8768399553162723,0.05165398396460721,0.9819332610576407,True
0.02379114630279017,0.1053150189928641,0.8765915625515354,0.05163777556236839,0.9819065815443995,True
0.023806501673849966,0.10547224840857676,0.8764214606013706,0.05147502921203153,0.9818937090099473,True
0.02381417931257811,0.10552988193143263,0.8763584657134099,0.051782324546031905,0.9818883476448426,True
0.02381409971383456,0.10561749810826167,0.8762688507287002,0.05157194224398293,0.9818863488369619,True
0.023809728636961507,0.1056891131221498,0.8761985154935262,0.051335793795805086,0.981887628615676,True
0.023799235495878708,0.10583900023395044,0.876052854066363,0.051358476718061735,0.9818918543003134,True
0.02384574954472113,0.10503063683048915,0.8768211863825973,0.050548200269583024,0.9818518232130865,True
0.023808919558104494,0.1049656943549417,0.8768911251473659,0.050627525955077156,0.9818568195023076,True
0.02398530225994148,0.10518020907643025,0.8766489355910071,0.05016904183206927,0.9818291446674373,True
0.02392613925587437,0.10498766194040611,0.8768457203430063,0.05001384459742906,0.9818333822834124,True
0.02398455461918252,0.10515807273563538,0.8766712949858325,0.05045743761792532,0.9818293677214679,True
0.023956055277245644,0.10506463548341916,0.8767651048781822,0.050263602970006684,0.9818297403616013,True
0.02401198837276068,0.10524149728266624,0.8765907774268575,0.05066984574231452,0.9818322747095238,True
0.02396641424694276,0.10507567502708211,0.8767505667201536,0.05057215496857884,0.9818262417472358,True
0.02399497602438791,0.1051690437277642,0.876661270663236,0.05088772594209261,0.9818303143910001,True
0.02396328205795777,0.10505280119846973,0.8767694853530817,0.0507691529020198,0.9818222865515515,True
0.023936311017617493,0.10495500079162211,0.8768538654221552,0.05086793795554857,0.9818088662137773,True
0.02391144209015958,0.10487979081987352,0.8769132787711199,0.0508071965505659,0.9817930695909934,True
0.023900506856280306,0.10485722232092748,0.8769286372858891,0.05061810688660582,0.9817858596068165,True
0.023935545722715907,0.10490090181288354,0.8769345396343426,0.05016750983538695,0.9818354414472262,True
0.02390066883129907,0.10477189947565078,0.8770508540130388,0.05004206657883134,0.9818227534886896,True
0.02387431335036119,0.10468500473592435,0.8771204943979098,0.05003129580245455,0.9818054991338342,True
0.02389610586523828,0.10473614569304023,0.877083623277203,0.05042818874879393,0.9818197689702433,True
0.023895118946347944,0.10473604098685245,0.8770873207447455,0.05017611921635404,0.9818233617315979,True
0.023870831139591077,0.10465270201458554,0.8771569566232541,0.050038519196484395,0.9818096586378396,True
0.02386275214432975,0.10462811343965274,0.877170287426849,0.050195246985242,0.9817984008665017,True
0.023845996348504234,0.10458781212005712,0.8771935191437524,0.05008290339311955,0.9817813312638095,True
0.023836744565584673,0.10458531268443438,0.877176589781792,0.05015065563541435,0.9817619024662264,True
0.023833446000232728,0.10461162370455643,0.8771332270803563,0.050276171502133614,0.9817448507849128,True
0.023828555248888637,0.10463576107874449,0.8770994523056602,0.05009111259592729,0.9817352133844047,True
0.023824058220801646,0.10469592588615144,0.8770221696215373,0.050128642818825446,0.9817180955076887,True
0.023824720537662523,0.10476700001118272,0.8769392114937457,0.05028825447738404,0.9817062115049284,True
0.023820884389804273,0.1048704301013942,0.8768245195801543,0.05026475678210527,0.9816949496815485,True
0.023827720810161747,0.10480062431110633,0.8768956306979088,0.05066386567822044,0.9816962550090151,True
0.023809983752120744,0.10485083329161159,0.8768427101336249,0.05062992305889995,0.9816935434252365,True
0.023803178256119422,0.10490741754323663,0.8767842344687676,0.050851010714471435,0.9816916520120043,True
0.02378713760685201,0.10498975212865819,0.8767041106390036,0.05099226150894604,0.9816938627676617,True
0.023774630232434795,0.10503534077444085,0.8766642242428307,0.050785025130966215,0.9816995650172716,True
0.02375577089031963,0.10512108177756596,0.8765873985955263,0.05094348048239793,0.9817084803730922,True
0.023740020194493533,0.10516445952546877,0.8765539407987943,0.050713076627348884,0.9817184003242632,True
0.023792493281782814,0.10497126347558336,0.8767131935677037,0.05012658791376789,0.9816844570432871,True
0.023748039146159344,0.10493968377098033,0.8767612195767488,0.05018445555100502,0.9817009033477291,True
0.023845023698225436,0.10493787366578251,0.8767215518717234,0.049696791649247146,0.981659425537506,True
0.023803494784215562,0.10485534355358433,0.8768165128595294,0.04947554899764221,0.9816718564131137,True
0.023760376110979007,0.10478516088522657,0.876898595333031,0.049540553842585794,0.9816837562182577,True
0.023732776072702293,0.10474853053339177,0.876945004296893,0.04929190958358384,0.9816935348302848,True
0.023691334487602436,0.10470332329672843,0.877004751660995,0.0490812199455051,0.9817080749577234,True
0.023642025475725015,0.1046750280330544,0.8770519324391032,0.0489748111830712,0.9817269604721576,True
0.02370298471098134,0.10468010416187352,0.8770173187156971,0.04955154409059232,0.9816974228775707,True
0.02365645380209532,0.1046224507110298,0.8770902236542004,0.049633341328821245,0.9817126743652302,True
0.023605564397398374,0.10458502944681655,0.8771468588980504,0.04958173444676741,0.981731888344867,True
0.02355854967912524,0.10458263625162013,0.8771711661048969,0.049508981285209225,0.981753802356517,True
0.02352069670155335,0.10461314602443769,0.8771615072005207,0.04961379967414013,0.9817746532249584,True
0.023614297518404322,0.10447960390540824,0.8772357999829417,0.04901971753695168,0.9817154038883499,True
0.023655810505786662,0.10454107919393311,0.8771572072048609,0.049433219345173654,0.981698286398794,True
0.02359412563188014,0.10442797859954205,0.8772902669906861,0.04935365330925602,0.9817182455902281,True
0.023539564838455613,0.10435804383484873,0.8773800402804833,0.049397561282015716,0.981738084115332,True
0.023487658989250947,0.10432038986403036,0.8774399861660567,0.04931985885916094,0.981760376030087,True
0.023443884198181813,0.10432044101275167,0.8774614456314712,0.04940821886436231,0.981781886644223,True
0.023483764581361418,0.10428405504219018,0.8774755514403593,0.048952974132071704,0.9817596064825495,True
0.023476047341315035,0.10427128651472377,0.8774926545315961,0.048650557418006016,0.9817639410463198,True
0.023416587415937225,0.10420727123519714,0.8775823650969847,0.04854830943806097,0.9817896363321819,True
0.02353147829383872,0.10427540788196818,0.8774559925050418,0.04922809509802025,0.98173140038701,True
0.023476361432998014,0.10417203366144456,0.8775773445645084,0.04932111336035914,0.981749378225953,True
0.023440611210429414,0.10411830947205865,0.8776449007531361,0.049125413199916465,0.9817632102251947,True
0.023414299750719757,0.1040902207248412,0.8776822584247129,0.049323917005329995,0.9817724791495541,True
0.023361049105115755,0.1040381552534006,0.877755066927255,0.04937635016340635,0.9817932221806556,True
0.02342606777740502,0.10407347239014253,0.8776885791759413,0.049823449164030455,0.9817620515660839,True
0.023393874242475646,0.104027958525807,0.8777445749341943,0.050036210988229746,0.9817725334600014,True
0.02333795714081077,0.10396009337444179,0.8778325738443084,0.0501056922981171,0.9817926672187501,True
0.023349272559103594,0.10395853097860089,0.877830661884907,0.04973420191552643,0.9817891928635079,True
0.0233046377593901,0.1039049081968456,0.8779017378980128,0.04959280422682117,0.9818066460948585,True
0.023771586960459508,0.10420609631650808,0.8774035884546637,0.04866598416928505,0.9816096847711718,True
0.023693818660557222,0.10393339308302371,0.8776867436578016,0.048634704681056094,0.9816201367408254,True
0.023674389470792027,0.10386510456470753,0.8777552205046572,0.048803136280959156,0.9816203250693647,True
0.023622301497244935,0.10369265968578174,0.877929981538895,0.04868753802581686,0.9816226412246768,True
0.02359698442189687,0.1036139521330355,0.878006500245777,0.04882717836035959,0.9816204523788125,True
0.02372949687331068,0.10398755663225,0.8776489642533498,0.04837464915321465,0.9816365208855998,True
0.023672125917846912,0.10376964354517966,0.8778627456119193,0.04834510717339512,0.981632389157099,True
0.023687183947538985,0.10382043246249686,0.877811976192589,0.04861067685741086,0.9816324086550858,True
0.023652440415060438,0.1036835169519685,0.8779382070829094,0.04868314294330963,0.9816217240348779,True
0.023619032656110487,0.10356137783083331,0.8780454264432493,0.04865581600318544,0.9816068042740826,True
0.02361580369388677,0.10354908592317058,0.8780511559941034,0.04886297719433243,0.981600241917274,True
0.02359380697330995,0.10348383241093412,0.878097769813338,0.048880154553877814,0.981581602224272,True
0.023582025130799298,0.10346576359757875,0.8781028014933937,0.04875541423133721,0.9815685650909725,True
0.023571478672178448,0.10346812980998163,0.8780820646649216,0.048682753861331036,0.9815501944749032,True
0.023566353871679713,0.10347600047261213,0.8780691071523662,0.04846345791115944,0.9815451076249784,True
0.023560531109209356,0.10348039786894388,0.8780614949698807,0.0482268831924171,0.9815418928388246,True
0.023582437468266257,0.10345187396586936,0.8781067204770817,0.0487214961446799,0.981558594442951,True
0.023574519896597774,0.1034359800966519,0.8781163446065512,0.048919525158004615,0.9815523247032031,True
0.02354956758767465,0.10339091415714728,0.8781493714251437,0.048929087414100576,0.981540285582291,True
0.023533907241515994,0.10338538683836697,0.8781473118944502,0.04880778525349281,0.9815326987328171,True
0.023518479261331222,0.10340234295404385,0.8781216612058861,0.04872063739151472,0.9815240041599299,True
0.023509141914634435,0.10345055638972624,0.8780647166243499,0.048828421411293094,0.9815152730140762,True
0.02351002396690743,0.10339715119693092,0.8781251586607137,0.0484534191915549,0.9815223098576447,True
0.02355724558247507,0.10338890343356189,0.8781337277590059,0.04897829328357028,0.9815226311925678,True
0.02356900058623328,0.10341351247981369,0.8781133632094175,0.048663265970802096,0.9815268756892311,True
0.023527649317715126,0.10330830803252739,0.8782158276912493,0.048660968527838834,0.9815241357237767,True
0.023494240455180244,0.10324886856906001,0.8782728243165924,0.048585950194860554,0.9815216928856524,True
0.023481304569539584,0.1032436546322388,0.8782745182276464,0.04875945919503364,0.9815181728598852,True
0.023458240238513815,0.1032343246142827,0.878283089481922,0.04863224815429428,0.9815174140962047,True
0.023462259739080876,0.10321666504451145,0.8783042879875694,0.048299626166579526,0.9815209530320809,True
0.02369088063835369,0.10336330356737257,0.8781570899799334,0.0478244168424696,0.9815203935473059,True
0.024857314496369878,0.10786135521679956,0.8736867328702521,0.048456395782993225,0.9815480880870516,True
0.02481255002317967,0.10764673243523154,0.8738981980389923,0.04832811722041895,0.9815449304742239,True
0.025104230766923762,0.10916452843058552,0.8724518568651719,0.04894578534072761,0.9816163852957575,True
0.025137843752655018,0.10934422818696347,0.8722811281543308,0.04908964317037088,0.9816253563412942,True
0.02508806822223301,0.10904651394282391,0.8725544038982491,0.04902851667614761,0.9816009178410731,True
0.025150899579400615,0.10951143159150975,0.8721545257938703,0.04888864568128554,0.9816659573853801,True
0.025142946041599026,0.10944707673665702,0.8722089999596089,0.048969788558007064,0.9816560766962659,True
0.025113158571219575,0.10917766674981566,0.8724296067486819,0.04894856091466388,0.9816072734984975,True
0.025121884229917582,0.10931252265325514,0.8723311203112826,0.04909981355372788,0.9816436429645377,True
0.02511567299560753,0.10920749965226925,0.8724071560191637,0.0490230224076121,0.981614655671433,True
0.025117572821255867,0.10905170722334125,0.8725002596859393,0.049044650230596995,0.9815519669092805,True
0.025135203596418996,0.1089472257646799,0.8725324784172136,0.04901715891773922,0.9814797041818935,True
0.02515433158517952,0.10892477337179714,0.8725114989666198,0.049106565010213925,0.981436272338417,True
0.02518862927170672,0.10891020680231835,0.8724574586368121,0.04918159365233873,0.9813676654391305,True
0.0252435394982755,0.10892971170226279,0.872343599843488,0.04918141682189216,0.9812733115457508,True
0.025309986796909774,0.10900164075407914,0.8721757641017659,0.049250448668703886,0.981177404855845,True
0.025310612579470877,0.10900045467476412,0.8721746678979937,0.04910207432623448,0.9811751225727579,True
0.025388216842119254,0.10910479796291762,0.8719643007967851,0.0490925933316476,0.9810690987597027,True
0.025472594011130313,0.10924954689045999,0.8717154720465137,0.049054618131320955,0.9809650189369736,True
0.025104857216676702,0.1085268593263247,0.8728580235450638,0.04865282797594586,0.9813848828713885,True
0.02514294712733502,0.10850322406332892,0.8727983786125038,0.04862353564029557,0.9813016026758327,True
0.025104329902054804,0.10848395396298664,0.872886221283838,0.04884893361589029,0.9813701752468246,True
0.02514210088619161,0.10846603015536291,0.8728231728199993,0.04886912933246191,0.9812892029753623,True
0.025108762855916497,0.10844807567323729,0.8729004943461384,0.049070612807092885,0.9813485700193757,True
0.025144042279195016,0.10843524201174885,0.8728382034792443,0.0490473928145216,0.9812734454909932,True
0.025179558446216076,0.10846357149430925,0.8727512701984775,0.04915622835657093,0.9812148416927868,True
0.02521328442172167,0.10850419498242907,0.8726602993814404,0.049288321694205064,0.9811644943638694,True
0.025277544857020953,0.10859231584986297,0.8724785580430493,0.04934068207322568,0.9810708738929123,True
0.02532549947383608,0.10867880491218104,0.872329291974398,0.04926268407136705,0.9810080968865791,True
0.025386046585940833,0.1087988344424639,0.8721334412311998,0.04919843314084246,0.9809322756736637,True
0.025307232867391335,0.10862661044053634,0.8724005143592295,0.049451492147726525,0.9810271247997658,True
0.025364847863240513,0.1087159297630138,0.8722255279441605,0.04949578086255764,0.9809414577071743,True
0.025431369769207086,0.1088503046060206,0.8720040396931583,0.04950765011982022,0.980854344299179,True
0.02547162995368171,0.1089450195472145,0.8718604141627815,0.04938932205206964,0.980805433709996,True
0.02533655629354782,0.10861168948359982,0.8723554249552692,0.04970443854693506,0.980967114438869,True
0.02537001504489634,0.10864675888255591,0.872255866663666,0.04969198879670986,0.9809026255462219,True
0.025413112312203348,0.10872419816144087,0.8721095745649009,0.0496807429115497,0.9808337727263418,True
0.0254016499947106,0.10869824897356085,0.8721539874523542,0.0499161225607098,0.980852236425915,True
0.025442248964740774,0.10877610935060243,0.8720087528461393,0.04994698096349257,0.9807848621967418,True
0.02547704972566228,0.10886298610131351,0.8718715969498719,0.049869111591220476,0.9807345830511854,True
0.02545055900759283,0.10878758990129231,0.8719850549982263,0.05014013350489921,0.9807726448995187,True
0.025482445874009538,0.10885886575271073,0.8718573981114218,0.05025239718613631,0.9807162638641326,True
0.025514655104566044,0.10895097605112695,0.8717152472177367,0.05021307321076225,0.9806662232688637,True
0.02555589967222931,0.10908666498771505,0.8715223555697641,0.050221100455022226,0.9806090205574791,True
0.02560200738213311,0.10925968205696548,0.8712925816132893,0.05023589848283747,0.9805522636702547,True
0.02556523124614286,0.10911419717235213,0.8714762595672677,0.04986398772077334,0.9805904567396199,True
0.025591128262776493,0.10922583892044208,0.8713217613458799,0.04991895236224012,0.980547600266322,True
0.02560879964724425,0.10931998618320453,0.8712005365601398,0.04976903101323917,0.9805205227433443,True
0.025527098634393987,0.10887707195400026,0.8717524453747627,0.049266624793681504,0.9806295173287629,True
0.02553186716782919,0.10889110437730927,0.871763953322552,0.04899142321055475,0.9806550576998613,True
0.02557075960375136,0.10903269700261811,0.8716567993152686,0.04948449706676753,0.9806894963178867,True
0.025538155529448513,0.10888724209124379,0.8717802678965657,0.04942626305774127,0.9806675099878095,True
0.02557802189089389,0.10905267459630258,0.8716544964668388,0.049835238169883736,0.9807071710631414,True
0.025545675641424258,0.10889737034695346,0.8717858824367403,0.049812258911731036,0.9806832527836937,True
0.025528325223999667,0.1088075114349792,0.8718492989460586,0.049884909882961105,0.9806568103810378,True
0.02551738738607411,0.10875130876065275,0.8718750206338006,0.04985961912143904,0.9806263293944534,True
0.02551598088771042,0.10874263250630048,0.8718499497383333,0.04989451534475114,0.9805925822446337,True
0.02552171535048956,0.10877759062062453,0.8717805525708555,0.04989317590189627,0.98055814319148,True
0.025534055355616782,0.10885549170390031,0.8716682473325528,0.04993138930051373,0.9805237390364531,True
0.025542068798771387,0.10892229779998933,0.8715823407522252,0.04977945983071771,0.9805046385522145,True
0.02554054607943648,0.10887924550940148,0.8716354402053134,0.05011256693436055,0.9805146857147149,True
0.02553589683935956,0.10881371584264098,0.8717259208742936,0.04971186683268365,0.9805396367169346,True
0.02556551554203649,0.10884440887825049,0.8717393331395982,0.04929797106145398,0.9805837420178487,True
0.025686751077864556,0.10927045990101004,0.8713585558716247,0.049940044887412716,0.9806290157726347,True
0.02565322837592632,0.10912539562883417,0.8714950086920573,0.04981624451660553,0.9806204043208915,True
0.025630514279253884,0.10902623018655942,0.8715850758951388,0.049666693590376114,0.9806113060816982,True
0.025617708208800553,0.10897155423127762,0.8716335521049796,0.04948761611396608,0.9806051063362572,True
0.025592901950513326,0.10884979819038011,0.8717297420683477,0.04948529182978382,0.9805795402587278,True
0.025640468834844256,0.10910597222877491,0.8715835294386766,0.04915357986740515,0.9806895016674515,True
0.025608275187747664,0.10893954544898592,0.8717290944542047,0.049170739178282415,0.9806686399031905,True
0.025607485446859524,0.1089271228674733,0.8717362286181661,0.0493456182540207,0.9806633514856394,True
0.02562852964559067,0.10904066220983279,0.8716448662432575,0.049625675163308125,0.9806855284530903,True
0.0256523519469851,0.109200459777018,0.8715220318870658,0.049356295792154135,0.9807224916640838,True
0.025751245750275455,0.10982203698775285,0.8710125495273159,0.04908710431335784,0.9808345865150687,True
0.025720738749055568,0.10964258663062573,0.8711717804379973,0.049133028596737335,0.980814367068623,True
0.02570341296064948,0.10952049783000219,0.8712724268574743,0.04921176287150124,0.9807929246874765,True
0.025702919005864317,0.10950334122130165,0.8712829119456917,0.04936094965664266,0.9807862531669934,True
0.02568808800966476,0.10935012004796239,0.8713925602822228,0.0493286833885352,0.9807426803301852,True
0.025687127892929616,0.10925358418287807,0.8714405108677787,0.04928422471037928,0.9806940950506569,True
0.025691838643785332,0.10925074635192324,0.8714313421740558,0.04944977508693228,0.980682088525979,True
0.02569741505031603,0.10922420232750314,0.8714283601015969,0.049330046889254124,0.9806525624291,True
0.02569552362126839,0.10921672875434568,0.871434977759306,0.04914282917693391,0.9806517065136517,True
0.02567773569093759,0.10922750152470558,0.8714748391299751,0.04890061862244527,0.9807023406546808,True
0.0256825124630114,0.10915602546146834,0.8714941780085159,0.048875430990879556,0.9806502034699842,True
0.025669769136636225,0.10915764599724997,0.8715255935541723,0.04865568295127166,0.9806832395514222,True
0.025630716992910422,0.10936961582657939,0.8715366602340805,0.04846962014420383,0.9809062760606599,True
0.02562233060728269,0.10931617445526841,0.871581821833745,0.048314731890039056,0.9808979962890134,True
0.025603414958199417,0.10914094340707992,0.8717134395384154,0.04823645494550123,0.9808543829454953,True
0.025602657228221568,0.10907216462611974,0.871749787934726,0.04829208254262606,0.9808219525608457,True
0.025575043689715055,0.10936064785799403,0.8716724548559404,0.04813080739489024,0.9810331027139344,True
0.02558420477494083,0.10942274402560909,0.8716203557242339,0.04831687565574168,0.9810430997498429,True
0.025611373498826577,0.10969992276604733,0.8714104718914963,0.04815880835247979,0.9811103946575437,True
0.02558423405623447,0.10947356647738966,0.8715934898972888,0.04810409075995222,0.9810670563746785,True
0.025581009717585482,0.10944755304451108,0.8716140461080294,0.04796231703187229,0.9810615991525404,True
0.02557771946545624,0.10932058105699284,0.8716924320131426,0.04795879108520272,0.9810130130701354,True
0.025569454539558046,0.10944217340347945,0.8716428571035908,0.04824702405864383,0.9810850305070702,True
0.025567445311760428,0.10946663677453307,0.8716322882331169,0.04809214647373179,0.98109892500765,True
0.025569210974947066,0.10944757014124643,0.8716402154321823,0.04821634123796695,0.9810877855734287,True
0.025569275599913694,0.10940127432582328,0.8716660151970792,0.048093128608769714,0.9810672895229025,True
0.0255803212998381,0.10931841495355785,0.8716912043902971,0.048119105487006486,0.981009619343855,True
0.025527474929721093,0.10942848074959094,0.8717383871930118,0.04843886966653754,0.9811668679426027,True
0.0255278217758326,0.10929064621876826,0.8718172755969714,0.04843696487263934,0.9811079218157397,True
0.02551084390020761,0.10935036331633598,0.8718162588406652,0.04822550096088654,0.9811666221570011,True
0.025517745996182395,0.1092546321309778,0.8718579796073369,0.048267255705047425,0.9811126117383147,True
0.02553879047468707,0.10919106768199077,0.8718521104844755,0.04827463666061508,0.9810431781664664,True
0.02548583651897796,0.10919325256144981,0.8719577832707901,0.04802546265695881,0.98115103583224,True
0.025482894315625997,0.1091915091928256,0.8719640018813847,0.0478730564819795,0.9811555110742103,True
0.025498642321607232,0.109110647299213,0.8719782955215329,0.047827737078093284,0.981088942820746,True
0.02552916894546727,0.10908637211063418,0.8719293169159572,0.047775238434397925,0.9810156890265914,True
0.025515371442962956,0.10907202957931855,0.8719651458508384,0.047594446857962325,0.981037175430157,True
0.025459383032981876,0.10907642507408094,0.8720816944483661,0.04794548701889951,0.981158119522447,True
0.025455262666125928,0.10912244493115629,0.872065285502065,0.048141454670903666,0.9811877304332213,True
0.025454716987576738,0.10916085119168153,0.8720455316877719,0.04831336550730587,0.9812063828794534,True
0.025460655514006923,0.10906314565035882,0.872088819186601,0.04828268313291036,0.9811519648369598,True
0.02548162603771511,0.10900635245120455,0.8720776623401955,0.04828914137262713,0.9810840147914,True
0.025474991902129214,0.10901343824458096,0.8720885635303774,0.04847044064619787,0.9811020017749584,True
0.025469295010026944,0.10900961092238749,0.8721017102536416,0.04829381309717725,0.9811113211760291,True
0.025493285402341227,0.10898110771611075,0.8720673031000538,0.048357614580446316,0.9810484108161646,True
0.025498116611939937,0.10898805510568198,0.8720540959378142,0.04852561493110061,0.9810421510434962,True
0.025531432588996247,0.10899413212748797,0.8719786918957678,0.048520673971062335,0.9809728240232558,True
0.02555087440907858,0.10901468743074047,0.8719240110152866,0.048400975035033905,0.9809386984460271,True
0.025395147737207416,0.10880629588034801,0.8723865123180383,0.04872743792415102,0.9811928081983863,True
0.0254010809391318,0.10872003875274655,0.8724203662875784,0.04880777579223841,0.981140405040325,True
0.025419190877467763,0.10867855946159859,0.8724027665456159,0.048894547394161006,0.9810813260072144,True
0.02544922234358761,0.10868228622397638,0.8723334693467462,0.04898516978882489,0.9810157555707225,True
0.025491916367340044,0.10873296141917412,0.8722089465968478,0.04904865935274435,0.9809419080160219,True
0.025475858927983316,0.10870098957188087,0.87226150721633,0.048812364248917835,0.9809624967882109,True
0.025511329250744633,0.10875327253116072,0.872150104236654,0.04891770744029945,0.9809033767678147,True
0.025560354620400186,0.108848825367789,0.8719812981250417,0.048962509993058304,0.9808301234928307,True
0.025468016797970457,0.10862457441237651,0.872329254298663,0.0492466095724031,0.9809538287110395,True
0.02549250342797741,0.10863835260960629,0.8722571454091126,0.04926787894167661,0.9808954980187189,True
0.02552578336842099,0.10869590739225497,0.8721393930971989,0.0492747240278544,0.9808353004894539,True
0.025557303574994743,0.10877147382110204,0.8720181846978241,0.04943340845817265,0.9807896585189262,True
0.02558612749403802,0.10884886639422316,0.8719018696754555,0.04961705402126748,0.9807507360696787,True
0.02562895595052622,0.10897505082518821,0.8717162744360194,0.04964498235389279,0.9806913252612076,True
0.02567889267315543,0.10914324896875859,0.8714870550781098,0.049741769680585315,0.9806303040468684,True
0.02573144477004223,0.1093429689287143,0.8712289194272096,0.04978106470696593,0.9805718883559239,True
0.025734935779565083,0.1093637700223399,0.8712031305915438,0.049539644195730134,0.9805669006138836,True
0.02577497995492564,0.10954825676094102,0.8709718977437033,0.049537220249988176,0.9805201545046444,True
0.025816962209746896,0.10976550596528031,0.8707109979283307,0.04956808984726281,0.9804765038936111,True
0.025799875915464583,0.10964818857359217,0.8708457937384311,0.049912571936736934,0.9804939823120232,True
0.02581542381509729,0.10975921981137315,0.8707125034753915,0.0500990160843669,0.9804717232867647,True
0.02582682088251073,0.10988338030820813,0.870569165291031,0.050039194632464076,0.9804525455992391,True
0.025833796473843942,0.1099962580389645,0.8704443070445634,0.049916496519870124,0.980440565083528,True
0.025815472287990155,0.10974033323393026,0.8707227641861299,0.04940966017224389,0.9804630974200602,True
0.02583747453209261,0.109720383296175,0.8707465417773765,0.04982181771113329,0.9804669250735516,True
0.025876573319345224,0.10976174331614992,0.8707180479000075,0.04939508892600481,0.9804797912161575,True
0.025838204802162906,0.10965578928391313,0.8708194321519743,0.0492846298668585,0.9804752214358875,True
0.02584669301230988,0.10967544546398351,0.8707983971756426,0.04955322794588961,0.9804738426396261,True
0.02586138326190268,0.10971113031482524,0.8707625972391273,0.049832715364694975,0.9804737275539526,True
0.025824488784893868,0.10961044692409343,0.8708546088184514,0.04983986941885674,0.9804650557425448,True
0.025816920684419112,0.10959841444084836,0.8708612762496132,0.050045194044204634,0.9804596906904616,True
0.025794081056152992,0.1095632105435055,0.8708869380775227,0.05016339997410908,0.9804501486210282,True
0.025772921428695177,0.1095583950310374,0.8708821532626587,0.050228255023951236,0.9804405482936961,True
0.02576365829349515,0.10956316638849271,0.87087638492198,0.05003010539757931,0.9804395513104728,True
0.025744526889982664,0.10958685507144655,0.8708486200767571,0.04996628522384594,0.9804354751482036,True
0.025727769507076417,0.10964610673445341,0.8707866341768103,0.050017236483507255,0.9804327409112638,True
0.02571344090730918,0.10973417128528945,0.8706992963873267,0.05010131992781687,0.9804334676726161,True
0.02572562084457429,0.10958747066125818,0.8708429297544542,0.04962417225228261,0.9804304004157124,True
0.025733031691838718,0.10959742899626801,0.870829610353662,0.049923740772754056,0.98042703934993,True
0.025752155034576327,0.10959583635964863,0.8708290204947274,0.04956580762095296,0.9804248568543761,True
0.025732635612621697,0.10956430396592856,0.87086532402364,0.04934016658240315,0.9804296279895686,True
0.02568777878728898,0.10950459289341344,0.8709333173965795,0.049261046923022744,0.9804379102899929,True
0.025648253001607432,0.10948675282441839,0.8709606120329052,0.04922090221172673,0.9804473648573235,True
0.025725633380510832,0.10946794451261697,0.8709513376628659,0.049809393187014,0.9804192821754829,True
0.02575277117726769,0.10951276462403574,0.8709037321387657,0.04947367470405752,0.9804164967628014,True
0.02569946265053147,0.10939079194060747,0.8710325742841907,0.049433391383865544,0.9804233662247981,True
0.025725083319388588,0.10943680861019849,0.8709807538547824,0.04976284165455076,0.9804175624649808,True
0.02574584838507375,0.10947853295798343,0.8709393690195073,0.04944975042900127,0.9804179019774908,True
0.025695490666386947,0.1093523971026394,0.8710682621176856,0.04941267928968112,0.9804206592203251,True
0.025661978961248975,0.10928910934116617,0.8711341544115226,0.04926436895827366,0.9804232637526888,True
0.025625368250295346,0.1092410921301892,0.8711848123437477,0.04916392429397201,0.9804259044739368,True
0.025692875796982668,0.10927765384996713,0.871137826700265,0.0497014377972456,0.9804154805502321,True
0.025676734702572025,0.10924152816303892,0.8711729255069247,0.04989206631675444,0.9804144536699636,True
0.02563452972206335,0.10915411415597359,0.871260776430041,0.0499102605037021,0.9804148905860146,True
0.02560150383321323,0.1091128552688655,0.8713031710692234,0.049851418633715845,0.9804160263380889,True
0.025572690986928315,0.10910783859159852,0.8713092712338377,0.04992374852303858,0.9804171098254363,True
0.025550217703778955,0.10913582863094011,0.8712837105177458,0.05004559997803172,0.9804195391486858,True
0.025538535233333593,0.10917296937421378,0.8712486469266985,0.05025965913353512,0.9804216163009123,True
0.02551159365298546,0.10922955570663247,0.8712013388209866,0.05035780440650909,0.9804308945276191,True
0.025490636981082244,0.1093040519270551,0.8711375055833268,0.05053368743892244,0.9804415575103819,True
0.025462180677151613,0.10939069439104393,0.8710691878977659,0.05050316103750524,0.9804598822888098,True
0.025481092199039834,0.10928477850809011,0.8711594125772769,0.050031257269383525,0.9804441910853671,True
0.025439743709355936,0.1093007064537196,0.8711660441836205,0.04991179509639046,0.9804667506373401,True
0.025395974896614056,0.10933746158326814,0.8711566737267079,0.04980263432867778,0.9804941353099761,True
0.025357931668169704,0.10939667176425188,0.8711248820058951,0.049908221981464926,0.980521553770147,True
0.02536028074347461,0.1094120856603974,0.8711083937214271,0.050228203311192064,0.9805204793818245,True
0.025314094442207294,0.10945119214338599,0.871102173057551,0.05036859108902309,0.9805533652009369,True
0.025262408060056595,0.10949671093454032,0.8710963090719716,0.05028319145655133,0.9805930200065118,True
0.02547734077194364,0.10928173767577647,0.8711353164146772,0.0509255037643949,0.9804170540904537,True
0.025901266901026718,0.1098991081332931,0.8703265992861335,0.049865408684150764,0.9802257074194266,True
0.02612203069297017,0.1106074826789161,0.8695747570384075,0.050363666519127916,0.9801822397173235,True
0.02624109228051222,0.11105567426036245,0.869117567953888,0.05065450075586717,0.9801732422142504,True
0.026271918880202978,0.1111658403240302,0.8690014662249512,0.05084941532803903,0.9801673065489814,True
0.026235524075922542,0.11100755766716805,0.869155017269528,0.05075730721803498,0.9801625749366961,True
0.026193814026371047,0.11082843953395594,0.8693264625347189,0.050864813352386205,0.9801549020686748,True
0.02615470284410764,0.110641217932439,0.869492537998252,0.05088438420274242,0.980133755930691,True
0.026131323744311347,0.11052162401985526,0.8695875906407486,0.05097923850606934,0.9801092146606039,True
0.026125331299667993,0.11048367274629947,0.8696089388335958,0.05114875927139432,0.9800926115798952,True
0.026114520909597597,0.11042298097412773,0.8696381756835414,0.051195774621918946,0.9800611566576691,True
0.026115563695702722,0.11041980020231236,0.8696171911388788,0.0513643034455392,0.9800369913411912,True
0.02611928590802519,0.1104356141133936,0.8695687217357654,0.05149102784244964,0.980004335849159,True
0.026127754428531887,0.11048695310157053,0.8694844375734608,0.05152269585590901,0.9799713906750314,True
0.026140778473380723,0.11056436823279331,0.8693796129160934,0.05169695780221831,0.9799439811488868,True
0.026149188149166357,0.11063677391715789,0.8692875017846147,0.05160519263747885,0.9799242757017725,True
0.026158459108452572,0.11073263260056476,0.8691707953774542,0.051536159170387515,0.979903427978019,True
0.02617102055607845,0.11087353622863674,0.8690069758021219,0.0515765497669928,0.9798805120307587,True
0.026182636673088136,0.1110330890937997,0.8688306121766713,0.05154989437078409,0.9798637012704711,True
0.026194266665239288,0.11122412539947285,0.8686270446771042,0.05161059361268977,0.9798511700765771,True
0.026201596307716037,0.11142496878171171,0.8684215241112967,0.05157857286537802,0.9798464928930084,True
0.026195563622112183,0.11135249216525706,0.8684964224666497,0.0512132547735025,0.9798489146319067,True
0.026184283266390277,0.111474709895268,0.8683807439442791,0.05131089519599813,0.9798554538395471,True
0.026166231462728142,0.11162337381599373,0.8682467582138793,0.051333906722864586,0.979870132029873,True
0.026144147428703586,0.11178310184840244,0.8681092102730263,0.051273538395247974,0.9798923121214288,True
0.02611710034198038,0.11196266915639075,0.8679602302839049,0.051270973952996755,0.9799228994402956,True
0.026090833013898335,0.11209444737199488,0.8678585537866151,0.0510854997561656,0.9799530011586101,True
0.026074944243767644,0.1121841742550386,0.8677885448214854,0.051327436887373824,0.979972719076524,True
0.026035026920454556,0.11230615978041235,0.8677081743685316,0.051474812993585126,0.980014334148944,True
0.0260327439719073,0.11228760063543121,0.8677270359529264,0.05111538872944043,0.9800146365883576,True
0.02597095734408224,0.11236141695744344,0.8677078892828173,0.05117170033467721,0.9800693062402607,True
0.025909151916438253,0.11244635090485039,0.8676810940958339,0.051265964887999296,0.9801274450006843,True
0.025835417684359586,0.11254256732663864,0.8676561925324952,0.051229346147191324,0.9801987598591337,True
0.025764208018142894,0.11264738865255212,0.8676238540715371,0.05132575622550605,0.9802712427240892,True
0.025771184069719625,0.11261756647309291,0.8676442887287629,0.05093091757184242,0.9802618552018558,True
0.025683881787599807,0.11265745769417816,0.8676829191479956,0.05081590987894111,0.9803403768421737,True
0.02565706758093992,0.11268640786110873,0.8676804427848724,0.05109528542118793,0.9803668506459812,True
0.025573809766564058,0.11270819757386656,0.8677328907261246,0.05094782482080683,0.9804410882999911,True
0.025510203428129628,0.11272450248280667,0.8677742385437921,0.05070837366942563,0.9804987410265987,True
0.02540834909039874,0.11275284956225826,0.8678387122975734,0.05062863369493282,0.9805915618598317,True
0.025329800944370245,0.11279413740088805,0.867872807758496,0.05076601813914604,0.980666945159384,True
0.02522287924696431,0.11283782069020094,0.8679312864550621,0.05069918511669251,0.9807691071452631,True
0.025141985085584833,0.11287157615477203,0.8679763029051646,0.050473534892459725,0.9808478790599366,True
0.025860488560471958,0.11261375996822262,0.8675410249682032,0.051778632189785755,0.9801547849364258,True
0.02625552424565464,0.11334453596835706,0.8666018611687514,0.051058637982509,0.9799463971371084,True
0.026157404856681953,0.11306163391621567,0.8669157950171372,0.050992960152262345,0.9799774289333529,True
0.026199023893891855,0.11316962255994288,0.8667931070268798,0.05130126099574029,0.9799627295868227,True
0.026117513928552483,0.11294508454241518,0.8670396315587534,0.05128785202923583,0.9799847161011686,True
0.026045348429838584,0.11277426589742089,0.867231430512677,0.05127032567427202,0.9800056964100979,True
0.026119142310129222,0.11291650284074357,0.8670640127423795,0.051645363626213,0.9799805155831232,True
0.026090321948499605,0.112845707611271,0.8671404500129958,0.051835224607618455,0.9799861576242668,True
0.026100369811947105,0.11286709450076123,0.8671182031688396,0.05155257725479336,0.9799852976696009,True
0.026073496304477573,0.11280145837707697,0.8671873327056073,0.05172683422670141,0.9799887910826843,True
0.026039155919262966,0.11272584143358315,0.8672673274868077,0.051883710115325214,0.9799931689203908,True
0.026062812409532517,0.1127652365148058,0.8672259806476766,0.05154320251962935,0.9799912171624825,True
0.026017915348206876,0.11265989136657116,0.867336348346534,0.05145415792799418,0.9799962397131051,True
0.02599520702656251,0.11261786803744726,0.8673819958727937,0.05126610490969135,0.979999863910241,True
0.02596602126562033,0.11257597608335566,0.8674266221492823,0.051374792640722186,0.980002598232638,True
0.025927884980835293,0.11254158873655054,0.867466734356626,0.051370199247917386,0.9800083230931765,True
0.02591138337471091,0.11255119169336437,0.8674602427372149,0.0515473614103187,0.9800114344305793,True
0.02599552518895193,0.11249309094657658,0.8674954273589838,0.05098160731351079,0.9799885183055603,True
0.0259444061545229,0.11237215890959414,0.8676221022116494,0.05096293223617674,0.9799942611212435,True
0.025909339738145038,0.11231146146155292,0.8676881885094666,0.05081098333167163,0.9799996499710195,True
0.025878846164557583,0.11227465265097912,0.86773074522947,0.050638013225101544,0.9800053978804492,True
0.025867724014003564,0.11227380859116731,0.8677329170468573,0.05082862953931246,0.9800067256380246,True
0.025833846162975262,0.11225854244221964,0.8677556210522024,0.050883672815544366,0.980014163494422,True
0.02580154883832603,0.11226736512240931,0.8677574428641015,0.05077486958628366,0.9800248079865108,True
0.02578019490473954,0.11230027493869983,0.8677334235402485,0.0509184913030713,0.9800336984789484,True
0.02575515241602188,0.11232779061972985,0.8677189365720085,0.050743938372196984,0.9800467271917384,True
0.025721837767264805,0.11237149519284163,0.8676946122862831,0.05060842824771617,0.9800661074791247,True
0.025690922674472517,0.11242067384709363,0.8676663786737783,0.05042838258615836,0.9800870525208719,True
0.025648786881674168,0.11249910809440337,0.8676194217274164,0.05035641181078934,0.9801185298218197,True
0.02567498424474995,0.11241157330761341,0.8676829746098392,0.04997129746545721,0.9800945479174527,True
0.025674922258568263,0.11240046234795721,0.8676939906223983,0.04966623108715758,0.9800944529703555,True
0.025648854283200278,0.11238491712828888,0.8677246861984408,0.04939654630650868,0.9801096033267297,True
0.025590419176890578,0.11236023395501842,0.8677833704191967,0.049214243640166674,0.9801436043742151,True
0.026238496686837802,0.11233509778499506,0.8673817156415939,0.05145361608769809,0.979716813426589,True
0.026173569773867516,0.1121096391115988,0.8676161384680855,0.05153161929603922,0.9797257775796843,True
0.026193265956041413,0.11217413885751845,0.8675484713591695,0.05176635399204624,0.9797226102166879,True
0.026134047537562995,0.1119702940799847,0.867754132033851,0.051836968617402425,0.9797244261138357,True
0.026086943811057747,0.11182302004818302,0.8679010600069099,0.0517969666901629,0.9797240800550929,True
0.026044112646229724,0.11170815863847072,0.8680130944146315,0.05183035751517275,0.9797212530531022,True
0.026041031876687173,0.1117052664896584,0.8680140925557736,0.05205391827322166,0.979719359045432,True
0.026009086665809974,0.11164301680901721,0.8680730982944181,0.05202563891063477,0.9797161151034354,True
0.02599276008262605,0.1116317444146143,0.8680810952849738,0.05220090132357353,0.9797128396995881,True
0.025965226614475888,0.11161996060636252,0.8680963653215864,0.05215063599290559,0.9797163259279489,True
0.02596713700225723,0.11163020838256996,0.868084515331992,0.05241011124068389,0.979714723714562,True
0.02594081249364168,0.11163407834248208,0.8680811975005259,0.05251988585750584,0.979715275843008,True
0.02591627463463875,0.11167213692039264,0.8680464493072679,0.05258606044082957,0.9797185862276606,True
0.025900500198273436,0.11173286322026743,0.867990287874147,0.052769688382114266,0.9797231510944144,True
0.02588945101369182,0.11175499397381228,0.8679734774740632,0.05256399273203943,0.9797284714478754,True
0.025861979081416905,0.11182148210907239,0.8679206439129294,0.05266323141906598,0.9797421260220018,True
0.025837005496584332,0.11188907626635808,0.8678692737691437,0.052559107566163804,0.9797583500355018,True
0.025817031248661165,0.1119351528824075,0.8678376914734173,0.052363898678602826,0.9797728443558248,True
0.02577850928280926,0.11202347912066468,0.86777864137397,0.052360039431959216,0.9798021204946347,True
0.025775857549957055,0.11205036002866808,0.8677553073456158,0.052651858475445894,0.9798056673742839,True
0.025738573419311597,0.11211292128453744,0.8677224246637395,0.05281067272940887,0.9798353459482769,True
0.02592048268157452,0.11185825947217168,0.8678264997865518,0.053334192390489095,0.9796847592587234,True
0.025858590130477675,0.11176046256166011,0.8679503875133446,0.05346795639498833,0.9797108500750047,True
0.02583887661137998,0.11174421842510551,0.8679759259977208,0.05371433572551272,0.9797201444228263,True
0.02578084548483546,0.11168302761308013,0.8680648684206753,0.053729182425837296,0.9797478960337554,True
0.02577598623553178,0.11168889594556985,0.8680617686975398,0.05400439562487142,0.9797506646431097,True
0.025816864067482667,0.11170604031735941,0.8680231757579171,0.05356142567663224,0.9797292160752765,True
0.025771007509524324,0.11164142172858728,0.8681069402826898,0.05371787611660518,0.979748362011277,True
0.02579640428886925,0.11166079043878735,0.8680761379130973,0.053364762970795204,0.9797369283518846,True
0.025737914592021075,0.11156837132748895,0.8681910944890674,0.05342252934969831,0.9797594658165564,True
0.02569539148372586,0.11152757245793504,0.8682506386643122,0.05355850210887337,0.9797782111222473,True
0.025652820049358784,0.11149784001460485,0.8683013879877677,0.05343796405707123,0.9797992280023725,True
0.025605015756637456,0.11148380863585677,0.8683415414382657,0.0533443089844318,0.9798253500741225,True
0.025554661680254963,0.11149872248108933,0.8683580669336247,0.053381915469816,0.9798567894147141,True
0.02550959465887825,0.11154037493347212,0.8683490335413578,0.0534792367495332,0.97988940847483,True
0.025566742615192622,0.11145045765667658,0.8683920016443605,0.0530028708567029,0.9798424593010371,True
0.025504145934516144,0.11141070776088534,0.8684677611731592,0.05293130545531369,0.9798784689340445,True
0.025468316960675613,0.11140091241581847,0.8685007287331485,0.05271160980703256,0.979901641148967,True
0.02549101193281294,0.1114135891498756,0.8684733254529735,0.05306991889721055,0.9798869146028492,True
0.025473986416487997,0.11140905719818776,0.8684881027663854,0.05330606289051167,0.9798971599645732,True
0.02541062127331817,0.11136307771112518,0.8685710462775567,0.05326087510215949,0.9799341239886818,True
0.02536383416827725,0.11135782771656809,0.8686072130363973,0.05341002463693907,0.9799650407529654,True
0.025323562336901587,0.11135353426700197,0.8686394890152676,0.0532354494128749,0.9799930232822696,True
0.025259462746772557,0.11136009295628121,0.8686794226325074,0.05320799850922298,0.9800395155887887,True
0.025206251713142266,0.11139363951600473,0.8686890158103409,0.05332810436588151,0.9800826553263455,True
0.025156991006249668,0.11142246184468775,0.8687015995115999,0.05316683942508628,0.9801240613562876,True
0.025095801899783266,0.1114711214582194,0.8687067826643258,0.05325935835792617,0.9801779041225451,True
0.025060036414680038,0.11149211647627028,0.8687176576573408,0.053018807933819884,0.9802097741336111,True
0.024992341415361007,0.111536178115161,0.8687344484657038,0.053095329046025944,0.9802706265808648,True
0.02495855492876443,0.11154992046951515,0.8687511125630778,0.05282985650087045,0.980301033032593,True
0.024905203555349795,0.11157973842554235,0.8687699561409301,0.052992634526794764,0.9803496945664725,True
0.024846363673139797,0.11159548892227061,0.8688067077896863,0.05279156200875456,0.9804021967119569,True
0.024864516111807795,0.11160318608058635,0.8687840135727427,0.053159490064827813,0.9803871996533291,True
0.024962409450450848,0.11163619496581952,0.8686719588727769,0.053613460192515915,0.9803081538385965,True
0.024877564371310223,0.1115503621034789,0.8688152934776796,0.053577739226456714,0.9803656555811585,True
0.024799732754457897,0.1114962824124939,0.8689260768313467,0.05349749693115871,0.9804223592438406,True
0.024826283937398705,0.11149523692853501,0.868905465763658,0.053126537034841166,0.980400702692193,True
0.024739268138143308,0.11141977610683726,0.8690413781897864,0.053069259261630294,0.9804611542966237,True
0.02465360170763751,0.11137743765378015,0.86914836878797,0.05303451236807194,0.9805258064417501,True
0.024568793511008147,0.11136491842726683,0.8692300596220324,0.05301615982725365,0.9805949780492992,True
0.02459943013102742,0.11137419809864306,0.8691954875931881,0.053398577287988094,0.9805696856918311,True
0.02452494005408846,0.11133913271631873,0.8692881833481795,0.05328769595823258,0.9806273160644983,True
0.02443823687831827,0.11132012135925831,0.8693779741330683,0.053261682537144674,0.9806980954923266,True
0.02435298823104764,0.1113281683526178,0.8694444572770459,0.053306705503121686,0.9807726256296637,True
0.02435669871335814,0.11134000284957567,0.8694306702042591,0.053643176333107154,0.9807706730538348,True
0.024302145435595154,0.1113399774448741,0.8694778630278659,0.053865724099884375,0.98081784047274,True
0.024285424354213665,0.11134831046319027,0.8694849937393025,0.05416713979587479,0.9808333042024928,True
0.024230062903850914,0.11133769613373543,0.8695419550330222,0.05441096013610234,0.9808796511667577,True
0.024204935837483406,0.11134035260220214,0.8695612882349688,0.05470746726104146,0.9809016408371709,True
0.024117823331348234,0.11130474379228983,0.8696675596774966,0.054724672658375245,0.9809723034697865,True
0.02402952554544441,0.11129505227527133,0.8697535020266157,0.05486786272410289,0.9810485543018871,True
0.024033260591794132,0.11130705238460928,0.8697396039061484,0.055203204824157186,0.9810466562907576,True
0.023944897135027468,0.11127987624539298,0.86984101795228,0.05521468085507668,0.981120894197673,True
0.023850540475928758,0.11127454229390359,0.8699300456211095,0.05530673393131289,0.9812045879150131,True
0.023756909287070884,0.11129151926054393,0.8700006802897646,0.05543043168438945,0.9812921995503086,True
0.02366329294616452,0.11132490811183374,0.8700586772776263,0.055573357595210655,0.98138358538946,True
0.023602321450293905,0.1113423633785835,0.8701010886301437,0.055391473118187616,0.9814434520087272,True
0.024213034413399167,0.11120398893798529,0.8696464989245585,0.05606956656531457,0.9808504878625438,True
0.02421564105500661,0.11120393472467388,0.8696447401167084,0.05579134382193099,0.9808486748413823,True
0.024123047160801915,0.11101515845585332,0.8698815001787203,0.05581893145006548,0.9808966586345736,True
0.02406030801724667,0.1109083036415408,0.8700236869381618,0.05568977125496723,0.9809319905797026,True
0.02400157455305073,0.11082234579156869,0.8701443497606932,0.05554047980786414,0.9809666955522619,True
0.023932855582354827,0.11073977993373381,0.8702696718542007,0.05542232058043844,0.9810094517879345,True
0.023857459489901825,0.11067826075620121,0.8703820572382935,0.0554351618754269,0.9810603179944948,True
0.023802568649756595,0.11066043948683417,0.8704409407567202,0.0555743442934604,0.9811013802435543,True
0.023728058849350142,0.11064466854521215,0.870514566536744,0.05557632886400903,0.9811592350819561,True
0.023696384300217428,0.11063979603049831,0.8705451254378602,0.0553321880056542,0.9811849214683586,True
0.02377888760927403,0.11065896998227429,0.8704598293163793,0.05580226895110183,0.9811187992986536,True
0.02371171443474814,0.11059137404449162,0.8705721295498857,0.05569923020853955,0.9811635035943773,True
0.023727026604360657,0.1105910568606004,0.8705605250682745,0.0553671480528762,0.981151581928875,True
0.023653277882844756,0.11051175431032524,0.8706875363816796,0.05526048066820788,0.9811992906920048,True
0.023953131282888247,0.11068937932228674,0.8702964571411379,0.05474978839281216,0.9809858364634246,True
0.02387722779833244,0.11050504504062438,0.8705115835500209,0.054732184780804695,0.9810166285906453,True
0.023806326947604126,0.11035829088803648,0.870689553288895,0.054609832793502046,0.9810478441769315,True
0.023739690865921707,0.11024954868435707,0.8708307223312733,0.05449389828163388,0.9810802710156304,True
0.02367853288994719,0.11017908399276893,0.8709345682169787,0.05436323546941926,0.9811136522097477,True
0.023689844716817197,0.11019582410838243,0.8709114141853121,0.05467317776103473,0.9811072382936946,True
0.023627435052180838,0.1101339509554598,0.8710083192364588,0.05466079343530777,0.9811422701919186,True
0.023579439440309786,0.11011629907871498,0.8710568030424932,0.05476182220900368,0.9811731021212082,True
0.023527769946266628,0.11010748558023345,0.8711012860392922,0.05464625251107883,0.9812087716195256,True
0.02346888568404333,0.11012196809183301,0.8711314234349053,0.05463288463321009,0.9812533915267384,True
0.023430117287370555,0.11013958081408137,0.8711456070706572,0.054434015252719084,0.9812851878847386,True
0.02337917113269423,0.11017575200553144,0.8711533097710573,0.05452849087236166,0.9813290617765887,True
0.023315340261624084,0.11022500311329031,0.8711613733453502,0.05451449123955905,0.9813863764586405,True
0.023255078495385557,0.11028210369416629,0.8711617317671139,0.05439732017159612,0.9814438354612801,True
0.023242427214639195,0.11028041364484861,0.8711743191058784,0.05408566021885578,0.981454732750727,True
0.023345904521119825,0.11025452189946351,0.8711079655742422,0.05465044476542314,0.9813624874737057,True
0.02329273008882859,0.11020724858852782,0.8711926404665282,0.05447592346567547,0.981399889055056,True
0.023226085949129276,0.11016099348313661,0.8712876151848048,0.054338521353171756,0.9814486086679414,True
0.023285996373295672,0.11019745913111238,0.8712057509781249,0.05476058536863539,0.9814032101092373,True
0.023438228015083513,0.11037061385948599,0.8709324857258334,0.05522502377489308,0.9813030995853194,True
0.023407115789077268,0.11031184738481423,0.8710067055048196,0.05543908030683095,0.9813185528896339,True
0.023334115691386135,0.11017458406199336,0.8711800726275315,0.055453028689600586,0.9813546566895248,True
0.023264572504333548,0.110076485745641,0.8713163664257976,0.055518115657279994,0.9813928521714386,True
0.023205841187465912,0.11002555498158692,0.8714036541197464,0.05565329585989574,0.9814292091013334,True
0.023142080827450732,0.1099946107524021,0.8714779056161894,0.05570595328388006,0.9814725163685916,True
0.023084469071929254,0.10999126706154595,0.8715246407224508,0.05566916577993791,0.9815159077839968,True
0.02302280678368381,0.11001326095705549,0.8715534593348191,0.05574511929013988,0.9815667202918745,True
0.022959970452852637,0.11005478156654819,0.8715679586558014,0.05574905921009526,0.9816227402223496,True
0.02289853413854805,0.11010893083981593,0.8715721754788927,0.05569668200957427,0.9816811063187085,True
0.022834519233016777,0.11018104096445368,0.8715645815852913,0.05579739365036381,0.981745622549745,True
0.02277919119914424,0.1102365582046388,0.871565585717686,0.05565327801339221,0.9818021439223249,True
0.02277678118852931,0.11025490846119178,0.8715517288244952,0.055979295145340544,0.981806637285687,True
0.02270158426219372,0.11028036533895638,0.8715972459628953,0.055924234670453765,0.9818776113018517,True
0.023637987021237806,0.10974100956023697,0.8712153380845958,0.054457597251062785,0.9809563476448329,True
0.02356618101956878,0.10952465788750745,0.871457193584813,0.054500586799983965,0.9809818514723204,True
0.02351504748964877,0.10938321449357404,0.8716168986669535,0.0546031483901659,0.9810001131605275,True
0.023446605489057408,0.10920827811118897,0.8718165701954487,0.054629398510231186,0.9810248483066376,True
0.023386130792611363,0.10907880907568478,0.8719695644174583,0.054673685903210596,0.9810483734931431,True
0.023350850554561146,0.10902264694270393,0.8720407625107941,0.0548238811688142,0.981063409453498,True
0.023297007022958234,0.10894717864932069,0.8721407186032718,0.0547808980416026,0.9810878972525925,True
0.023245615085481387,0.10890532736475472,0.872209259742672,0.054754196181287,0.9811145871074267,True
0.023267839665062826,0.1089204741870825,0.8721810083297004,0.05507849045655059,0.9811014825167829,True
0.023215936077363882,0.10887215686593844,0.8722563140998479,0.05505731010734277,0.9811284709657864,True
0.023181540358220967,0.10885582323116146,0.8722930186556237,0.05490959510939621,0.9811488418867852,True
0.023133649496312175,0.10885255352565028,0.8723267403641263,0.05497311385727284,0.9811792938897765,True
0.023084049609752508,0.10887391340991719,0.872341090279911,0.054983105911666184,0.9812150036898282,True
0.023035066378370234,0.10891895837352784,0.8723357970008261,0.054956801281660674,0.9812547553743539,True
0.023016951513186838,0.1089556926737038,0.8723163166320568,0.055196275669617385,0.9812720093057605,True
0.022966750254524698,0.10899643937523014,0.8723188165357642,0.05512623228439547,0.9813152559109943,True
0.02291979027126518,0.1090408734773853,0.8723171842526775,0.05500064058861714,0.9813580577300628,True
0.022986121216967893,0.10899094573722662,0.8723060644096867,0.055450905261375784,0.9812970101469134,True
0.023019211043416393,0.10899135580631399,0.8722801366099735,0.0550666140185206,0.9812714924162875,True
0.022948896703365692,0.1089155961983398,0.8724009948528109,0.055020733101747744,0.9813165910511507,True
0.022881882034740564,0.10887254775614445,0.8724913389067065,0.05496047034571527,0.9813638866628509,True
0.022814941406813012,0.10885874900627189,0.8725569606236948,0.05494999093953325,0.9814157096299667,True
0.022900337912917387,0.1088239283733709,0.8725180951515288,0.0544987200102144,0.9813420235248997,True
0.022965939949149992,0.108906006297167,0.8723939339522311,0.05492521072568792,0.981299940249398,True
0.023038557302453636,0.10902058934284817,0.8722394208019439,0.05456483276094815,0.9812600101447921,True
0.022969765924041086,0.10886800251788702,0.8724228455944283,0.054579632418134176,0.9812908481123153,True
0.023038148148174908,0.10898504622197884,0.8722725561550051,0.05425521265658535,0.9812576023769839,True
0.022969707953872542,0.10882211801041713,0.8724621947308345,0.054205105614917086,0.9812843127412516,True
0.022909092253440972,0.10870535427143325,0.8726050612991009,0.05410117272360437,0.9813104155705341,True
0.02291692391537818,0.1087224264757066,0.8725840623159202,0.05437389718837006,0.9813064887916269,True
0.022861878964314533,0.10863496960264685,0.8726959379419849,0.05439209023172411,0.9813309075446317,True
0.022809563683390974,0.10858098913557791,0.8727764057289962,0.05434923511283034,0.9813573948645741,True
0.022760200057301963,0.10856224772139403,0.87282404526885,0.05433167152815422,0.981386292990244,True
0.022745614776770874,0.10857561163708739,0.8728209208087302,0.054551255921347824,0.9813965324458176,True
0.022696045015615236,0.10857954950121392,0.872850394945087,0.054557428579684854,0.9814299444463009,True
0.022647863929041185,0.10860965534976173,0.8728572268312302,0.05452916032851613,0.981466882180992,True
0.022605283835075287,0.10866254583959611,0.8728412492373242,0.05463381229266013,0.9815037950769203,True
0.02255621639909533,0.10873027288165268,0.8728159199574316,0.05462690040713672,0.9815461928390843,True
0.022506262306560724,0.10880602066777684,0.8727893421297586,0.05455441681508557,0.9815953627975353,True
0.022451640129640488,0.10889325298752041,0.8727584816524835,0.05449040188949194,0.9816517346400039,True
0.02239904532512946,0.108988996902626,0.8727202227660569,0.05459320007731995,0.9817092196686829,True
0.022334494794434646,0.1090931587722771,0.8726871254939267,0.054597481254295324,0.9817802842662038,True
0.02228077702551563,0.1091698577686142,0.8726701158085688,0.0544330764398946,0.981839973577183,True
0.022212492198368496,0.10926466672812607,0.8726519110462017,0.05451119731277718,0.9819165777743277,True
0.022161015874521815,0.10931707189673148,0.872656006154639,0.05429602068314021,0.9819730780513705,True
0.022077232319356283,0.10939072723231386,0.872673334135728,0.05422828389004365,0.9820640613680418,True
0.0227927693067626,0.10868498704872435,0.8725872029737363,0.05340006450445108,0.9812721900224606,True
0.022877938546855214,0.10888751919607736,0.8723395932002916,0.05381596905014501,0.981227112396369,True
0.0227914143309548,0.10866023355582052,0.8726060414014154,0.05375614678137254,0.981266274957236,True
0.022715209570237073,0.1084875764353927,0.8728155809223747,0.05376239928886876,0.9813031573577673,True
0.023067442931154383,0.10913431130819409,0.8719857338771727,0.05328323608642245,0.9811200451853668,True
0.022988977523108065,0.10887235983315453,0.8722696102603955,0.05321885357823293,0.9811419700935501,True
0.023029235461766554,0.10899596598525027,0.8721339976746479,0.0535181336921824,0.9811299636598982,True
0.022979718068069376,0.108834189716213,0.8723065879837574,0.05339458878487063,0.9811407776999703,True
0.022929758845777772,0.1086833660166445,0.8724672399613911,0.053286434560434186,0.9811506059780356,True
0.022880999038884464,0.1085557887509689,0.8726037060368442,0.05323092717250185,0.9811594947878132,True
0.022839904576281204,0.10847471979326165,0.8726925217493994,0.05321161220865358,0.981167241542661,True
0.02281877349815647,0.10845427674974434,0.8727170853412094,0.0533356554306191,0.9811713620909537,True
0.02280899036983773,0.10845396090557662,0.872719146647642,0.0535279909253622,0.9811731075532186,True
0.02281553076410296,0.10844900267166449,0.8727232902512266,0.053243537409710225,0.9811722929228911,True
0.0227843010411599,0.10840797547125816,0.8727718210148658,0.05332277769880153,0.981179796486124,True
0.022749143370244553,0.10838325932438042,0.8728071198809975,0.0532902007624747,0.9811903792053779,True
0.022797646730514837,0.10838328115697195,0.8727872659801068,0.05370129545815303,0.9811705471370787,True
0.022762753741898952,0.10832530322761198,0.8728541941777895,0.05381595904064018,0.9811794974054016,True
0.022724341941133486,0.10828423094255583,0.8729069623189248,0.053848747372209814,0.9811911932614806,True
0.02269034244580161,0.10827923341170521,0.8729250357169543,0.05384961805786945,0.9812042691286595,True
0.022661601664950758,0.10830845868799614,0.8729098466716202,0.053944326665366506,0.9812183053596163,True
0.0226333207912301,0.10836376063360263,0.8728687204337401,0.05400489036751485,0.9812324810673427,True
0.022603298491141326,0.10844274193747921,0.8728124272426908,0.054035101519707085,0.9812551691801701,True
0.022580202355410757,0.10850510131435966,0.8727701833819854,0.05389582348009272,0.9812752846963451,True
0.02255070614502534,0.10857564726172807,0.8727262706162802,0.05377200214423778,0.9813019178780082,True
0.022511931072297323,0.10867384636350703,0.8726655723530535,0.053773032243030226,0.9813394187165606,True
0.022488777338838903,0.10875160621056819,0.8726133821503339,0.053963667826329546,0.9813649883609021,True
0.022443336867569687,0.10885142330790465,0.8725605977342078,0.054020656722867925,0.9814120210421124,True
0.022422275583210485,0.10891413245961684,0.8725223258616895,0.054260849793703575,0.9814364583213064,True
0.02237286631177805,0.10899680779930027,0.872491236916164,0.05439540612980533,0.9814880447154644,True
0.022315140299494416,0.10908982650424659,0.8724601601749004,0.05448453017201738,0.981549986679147,True
0.022327101465556366,0.10909182858426045,0.8724472355713286,0.05482660764871501,0.9815390641555891,True
0.022268365381703882,0.10911960930961019,0.8724755831893883,0.05475430267421074,0.9815951924989985,True
0.022209592044847418,0.10916238081283408,0.8724917093553087,0.05492515630141461,0.9816540901681428,True
0.022138825471383697,0.10921227686560872,0.8725139052716651,0.0550470064814029,0.9817261821372738,True
0.022072933628231713,0.10925595773439241,0.872538524586261,0.054963519712990454,0.9817944823206535,True
0.02199482152592863,0.10931477119940052,0.8725627183001639,0.055054793544001654,0.9818774894995643,True
0.021910983480829555,0.10938083122303913,0.8725877996202122,0.05510735607466724,0.9819686308432513,True
0.021824247385432753,0.10945390748927596,0.8726113028165181,0.0551771385485901,0.9820652103057941,True
0.021732455521161168,0.10952902050471883,0.872639689176471,0.05519489495632653,0.9821687096811897,True
0.021721609067266886,0.10951979145366389,0.8726587674528317,0.05485475835144221,0.9821785589064955,True
0.021629328599084948,0.10954464353836235,0.8727309602824315,0.05492899015143122,0.9822756038207938,True
0.021661354346883932,0.10951679523229849,0.8727221226911345,0.054525461566915026,0.982238917923433,True
0.021561449299513896,0.10948246013627116,0.8728517530829681,0.054531337837857435,0.9823342132192393,True
0.02153350551163679,0.10946571462657506,0.8728944455534474,0.05423099983898377,0.9823601601800225,True
0.021435084521707448,0.10942711889923729,0.873026156185937,0.05423607069612979,0.9824532750851743,True
0.02133447303680667,0.10940447235159641,0.8731474401217767,0.05423978360408336,0.9825519124733731,True
0.021229523767227483,0.10939380525897047,0.8732640827113289,0.05418917356401076,0.9826578879702994,True
0.02116265467540407,0.10940445797304667,0.8733242020815983,0.054368156966973134,0.982728660054645,True
0.021060973949273767,0.10940356831712036,0.873430776388481,0.05442954081698415,0.9828343447056014,True
0.020957897105511308,0.10940384375939417,0.8735387112794973,0.05433404632901261,0.9829425550388915,True
0.02085364626622192,0.10941577802189982,0.8736388278439997,0.054408467717713044,0.9830546058658995,True
0.02083175178806281,0.10940425877229464,0.8736719915202691,0.05408184076922947,0.9830762502925637,True
0.020719941264113105,0.10937611225270422,0.8738140915070998,0.05398036666886716,0.9831902037598039,True
0.020604881803104366,0.10936230814228189,0.8739483025361127,0.05396634985901966,0.9833106106783945,True
0.020530804984060076,0.10935045987579257,0.8740377952249438,0.05372140491835718,0.9833882551007365,True
0.020580814050937847,0.10934078193687742,0.8739926492395427,0.05332362261326719,0.9833334311764201,True
0.020776684082313063,0.10949053918311948,0.8736599591838984,0.05400515725580017,0.9831504983670178,True
0.02071032458580501,0.10939072427313058,0.8738116065218087,0.053803684958749945,0.9832023307949392,True
0.020611649920194763,0.10926166541008651,0.8740198789497943,0.053827690649950286,0.9832815443598808,True
0.020644534800340956,0.10930642066121277,0.8739485030880404,0.054179129054527465,0.9832549237492532,True
0.020552368452394287,0.10918251343348102,0.8741443553494829,0.054111198238966686,0.9833268687829639,True
0.020468241992941356,0.10909799494216872,0.8742982911275735,0.054208179542866705,0.9833962860697423,True
0.020376533900095098,0.10902207263171228,0.8744528143379479,0.05415373275868984,0.9834748869696601,True
0.02061505118116945,0.10917377714884911,0.8740872721265223,0.05473024347494893,0.9832610492753714,True
0.020527687140385786,0.10901982936084922,0.874300555066174,0.05471876551156579,0.9833203844270232,True
0.02062193631870964,0.10916226950248001,0.8740899930529632,0.05507989767631197,0.9832522625554432,True
0.020552242094123048,0.10902434195153592,0.8742711555480884,0.05501829109586509,0.9832954974996243,True
0.020478520520263745,0.10890186646927151,0.8744417118502167,0.05497967755938175,0.9833435783194882,True
0.02043803362149308,0.10884364246965243,0.8745280703658935,0.054801337195242154,0.9833717128355459,True
0.020363801356315304,0.10875994364494342,0.874665867480946,0.054781004777058176,0.9834258111258894,True
0.020309007245370603,0.10871848098756896,0.8747492162447593,0.05491559793401625,0.9834676972323283,True
0.02029702438272613,0.10872114432255274,0.8747573598990243,0.05517723730152932,0.983478504221577,True
0.020240873223608322,0.10869292816161906,0.8748332224465629,0.05533288559327957,0.9835261506081819,True
0.02017072633524193,0.10865270726249918,0.8749318033574257,0.05545195835686538,0.9835845106199249,True
0.020102086874798152,0.10864188686297198,0.8750025689125215,0.05546526458709024,0.9836444557754934,True
0.020085362102594827,0.10863214534538286,0.8750269924333256,0.05519846366652304,0.9836591377787085,True
0.020029760518574278,0.10862453718839515,0.8750869337552207,0.0553602752572686,0.9837114709436159,True
0.020050530505526035,0.10864070234441021,0.8750537243969683,0.05569397700140069,0.9836944267413785,True
0.020022431980124638,0.10861434232322885,0.8751024408599335,0.05547209964087069,0.9837167831831624,True
0.019949075915845906,0.10855809128898553,0.8752178886322042,0.05542734282517996,0.9837759799211897,True
0.019880013407998325,0.10853227214738544,0.8753050219914161,0.05552065140461467,0.9838372941388016,True
0.019804167331461456,0.10851634847115373,0.8753915511929897,0.05549297463593452,0.9839078996641435,True
0.019734162588348057,0.10851524450626529,0.8754609390673348,0.05539776174529784,0.9839761835736001,True
0.01965415265163632,0.10852856627268823,0.8755288177696389,0.05539425098720253,0.9840573840423271,True
0.019584157116070654,0.10856554197391213,0.8755665530951318,0.05548717636766145,0.9841320950690439,True
0.019566431214787867,0.10855932901137105,0.875590107144241,0.055189549233345736,0.984149436155612,True
0.01963941192166911,0.10857286912381897,0.8755051753906261,0.055648204344228576,0.984078044514445,True
0.01966046263575278,0.10860130834892837,0.8754597434395726,0.05596995038464262,0.9840610517885009,True
0.019614800539213006,0.10855516818448827,0.875543293349601,0.05618748225860678,0.9840984615340893,True
0.019640124840784513,0.10859183179262695,0.8754870259993618,0.05649427940351375,0.9840788577919888,True
0.019564655642554912,0.10849402286402607,0.8756410848611864,0.05662514731749141,0.9841351077252125,True
0.019493321595927288,0.10842630601623356,0.8757667710900476,0.05678667797904009,0.9841930771062812,True
0.019425741048363056,0.1083755724716704,0.8758751301314921,0.05674306489385957,0.9842507026031625,True
0.019480359743863494,0.1084154271749755,0.8757878337850334,0.057084395334244725,0.984203260960009,True
0.019494631992948475,0.10844039265803129,0.875752671613433,0.057373468473228696,0.9841930642714642,True
0.019453314041712765,0.10837857866025168,0.8758441291560892,0.057231939139911064,0.9842227078163409,True
0.01956624734725062,0.10853207225213211,0.8756089979396772,0.05757360870567727,0.9841410701918093,True
0.01950209533090563,0.10839693269394386,0.8757806261556548,0.05754707312512345,0.9841775588495987,True
0.019463176655036885,0.10833446878442889,0.8758680859716285,0.05775351289788199,0.9842025547560573,True
0.01950650151846817,0.10840869937002622,0.8757661616848444,0.05803662865418945,0.9841748610548706,True
0.01944338873360394,0.10828678337386576,0.8759241677968552,0.058183125227707085,0.984210951170721,True
0.019380729327523518,0.10819149894381275,0.876058883272326,0.05823359058238343,0.9842503822161387,True
0.019317838761382416,0.10812362937488851,0.8761712803866422,0.05831866711964225,0.9842949097615307,True
0.01948822534642264,0.1082348737928358,0.8759287122807019,0.05862408664677846,0.9841635860735377,True
0.019498024850559396,0.10825235078301018,0.8759077202848623,0.05834748661471991,0.9841600710678725,True
0.01959885643649969,0.10849336640967606,0.8756210300778463,0.05789713392989045,0.9841143964875224,True
0.019534732168946755,0.10828986363598957,0.8758449091570216,0.05788822243440221,0.9841347727930112,True
0.019482132701014194,0.1081439839909562,0.8760077977608873,0.05782588828619601,0.9841517817518435,True
0.019994710421726975,0.10925859385120279,0.8746994590784551,0.057162286191954945,0.9839580529296579,True
0.021151495269489996,0.11472897122815114,0.8692426884953383,0.057588936963296984,0.9839716597234894,True
0.021164833357065097,0.11480633838493558,0.8691677899678909,0.05769683860004504,0.9839741283528265,True
0.02111266423673279,0.11447764436717911,0.8694759983916899,0.05762621610386386,0.983953642758869,True
0.02130829734730538,0.11586283101766345,0.8682339172991631,0.05760656143189,0.9840967483168266,True
0.021283765721916426,0.11568981384151376,0.8683905951927213,0.05763305996650453,0.9840804090342351,True
0.02126609616151253,0.11554557603793934,0.8685153535630421,0.05766914016609982,0.9840609296009815,True
0.02124102751114282,0.11529576121951687,0.8687199413050335,0.05764854138195265,0.9840157025245504,True
0.021236395504664527,0.11520588518375434,0.8687839671778816,0.05770058393770992,0.9839898523616359,True
0.02123613571838455,0.1151296694378791,0.8688303520595222,0.05775836476785793,0.9839600214974012,True
0.02124303361854819,0.11500745443761257,0.8688889786078327,0.05775535921641581,0.9838964330454452,True
0.021259302809390253,0.11495325762045704,0.868886079384157,0.05771314676551262,0.983839337004614,True
0.02128580472515656,0.11493424994256565,0.8688393943796785,0.05767329962819595,0.9837736443222441,True
0.021328000067679178,0.11496101720271926,0.8687303581185499,0.05767752486647563,0.9836913753212692,True
0.021309788776854872,0.11493846242370905,0.8687842758011646,0.05781524537383459,0.9837227382248737,True
0.02132522217861025,0.11495676173164264,0.8687389879804501,0.057917038444331916,0.9836957497120927,True
0.02132315226500926,0.1149501068188862,0.8687475395876905,0.05779614110855875,0.9836976464065766,True
0.02133537761707156,0.1149563712161941,0.8687161979591165,0.05770060229409002,0.9836725691753105,True
0.021315697447187566,0.11493183216249256,0.8687753161914249,0.0575557869038536,0.9837071483539175,True
0.021345551031301122,0.11493727209574452,0.868703908476574,0.05758073981442504,0.9836411805723185,True
0.021356236217607488,0.11495348265729283,0.8686699118206402,0.057690142513567744,0.9836233944779331,True
0.021398266460109953,0.11500264784792508,0.8685438601199614,0.0577156595092586,0.9835465079678865,True
0.021451619699887917,0.11510174469223343,0.8683616072519842,0.05771588544131845,0.9834633519442176,True
0.02150644484980775,0.1152316355846199,0.8681571322276498,0.05778442653854334,0.9833887678122697,True
0.021393049885087945,0.11493851780092694,0.8685971409372327,0.05799256069986661,0.9835356587381596,True
0.021430652102751135,0.1149864885014869,0.8684781101716134,0.05800421363369106,0.9834645986731003,True
0.02145644087171298,0.11503625569731281,0.8683862603122366,0.057925102788049875,0.9834225160095494,True
0.02149009401201365,0.11510918461289209,0.868261011589864,0.05785532308645394,0.9833701962027561,True
0.02154194144667064,0.11523808654438651,0.8680574309502184,0.05784062245567945,0.9832955174946049,True
0.021593799799925116,0.1153870899657058,0.8678409664047638,0.05778809442938233,0.9832280563704696,True
0.0214882798871145,0.11504917867514079,0.8683033338171731,0.05749752575317729,0.9833525124923138,True
0.02152183073755473,0.11511458657008265,0.8681752676317291,0.05748834827912132,0.9832898542018118,True
0.021559995083337783,0.1152149235861921,0.8680145471441705,0.05742181349679928,0.9832294707303626,True
0.02117706226494715,0.11401314112560398,0.8697377152455521,0.057073327861310835,0.9837508563711561,True
0.021212647738815777,0.1143925141336241,0.8694557186824883,0.0569739722455623,0.9838482328161123,True
0.021290759866886746,0.11502871108495828,0.8689232229002453,0.05738835842606975,0.9839519339852035,True
0.021300008417373707,0.11510295839139531,0.8688598809125999,0.057284791304436235,0.9839628393039952,True
0.021271695035647006,0.11486394429630184,0.8690615532272672,0.0572223113490557,0.9839254975235691,True
0.021290365057506474,0.1151036106960048,0.8688820853744653,0.0571162628647962,0.9839856960704702,True
0.021282923032358292,0.11501878405634916,0.8689479921733165,0.05717048034133229,0.9839667762296657,True
0.021277299157993944,0.11491924326300618,0.8690184403947965,0.057215679314554756,0.9839376836578027,True
0.021276749883325112,0.11481554108069728,0.8690798416675096,0.057249368657631625,0.9838953827482069,True
0.02128555821141234,0.11473153668120731,0.8691083904885126,0.05727153165629789,0.9838399271697199,True
0.02128055933116893,0.1147511706682129,0.8691085599448904,0.057406084319426134,0.9838597306131034,True
0.0212942553847104,0.11470075117624795,0.8691062004287649,0.05736448362709954,0.9838069516050127,True
0.021312801439859006,0.1146944302218618,0.8690669105226506,0.057440432620534505,0.9837613407445124,True
0.021334953142326994,0.11470865171411243,0.8690071061876066,0.057529033847975586,0.9837157579017191,True
0.02134746853169876,0.11472661466005951,0.8689674700188411,0.057647986530760836,0.9836940846789006,True
0.02138784525286254,0.11477487427567098,0.868844168679362,0.057689375608639994,0.983619042955033,True
0.021422206045334676,0.11483971198091428,0.868724900908711,0.057639758144880385,0.9835646128896253,True
0.021477615499171786,0.11496358765194979,0.8685204611981467,0.057662640527597404,0.9834840488500965,True
0.021408521573138797,0.11477563300747226,0.868795600984935,0.057404429107712034,0.9835712339924073,True
0.021448527164716524,0.11484604185400576,0.8686558902939154,0.057431010440102896,0.9835019321479213,True
0.021454098707098017,0.11486264442803198,0.8686328570758118,0.057581446597005814,0.9834955015038438,True
0.02146586381390561,0.114885267745262,0.8685895793846871,0.05745759408061206,0.983474847129949,True
0.021506962571891153,0.11497616636129139,0.868431335362357,0.057482846071023316,0.9834075017236483,True
0.02152393110104304,0.11502044348821021,0.8683614136014549,0.05735404243413187,0.9833818570896651,True
0.02156540136862008,0.11513580091625324,0.8681851687934724,0.05729735419123614,0.9833209697097256,True
0.02161218732518033,0.11528632760747555,0.8679738909886228,0.057348257315320464,0.9832602185960984,True
0.021667279657536648,0.11548125435378795,0.8677124536598558,0.05733716844667634,0.9831937080136438,True
0.021649090210151593,0.11541183757668468,0.8678037128404802,0.05756614680707993,0.9832155504171649,True
0.021643625673997094,0.11539308285801692,0.8678320484453019,0.05777113890297987,0.9832251313033189,True
0.021673983255980713,0.11550054496668527,0.8676743660099746,0.05781212888755128,0.9831749109766599,True
0.02167420679225078,0.11550084637141247,0.8676715313737875,0.057622605449999566,0.9831723777451999,True
0.021695976803890165,0.1155930078347462,0.8675443267285358,0.057726612724096876,0.983137334563282,True
0.021722308280659075,0.11571910615585734,0.8673779868485442,0.05771445769860892,0.9830970930044015,True
0.021726700867843774,0.11574066226344003,0.86735292323438,0.0579240091030706,0.98309358549782,True
0.02174182579540778,0.11583392857705675,0.8672335209239328,0.05785848256850709,0.9830674495009896,True
0.0217608729789926,0.11596451506947524,0.867075306063255,0.057953792076558854,0.9830398211327303,True
0.021777212783379307,0.11609850606870929,0.8669194970702877,0.057896217262866964,0.983018003138997,True
0.021724310211187627,0.11562928922584882,0.8674444892945581,0.057384758104598886,0.9830737785204069,True
0.021749442710318586,0.11565933921622429,0.8674443767467565,0.057792220843970114,0.9831037159629807,True
0.021738966875195366,0.11561673436607611,0.8674820744501619,0.05764409295466284,0.983098808816238,True
0.02172318045131912,0.11555669608017019,0.8675292869272336,0.05772966738007161,0.9830859830074038,True
0.021705939728617858,0.11550358360188931,0.8675649991181045,0.05773507662805446,0.9830685827199938,True
0.021708984355121717,0.11551450408444945,0.8675543238765577,0.057945849404361226,0.9830688279610071,True
0.02169455686601539,0.11548689125231397,0.8675659684120093,0.05795404911695153,0.9830528596643232,True
0.02168584360057074,0.11550248012814597,0.8675352378214336,0.05800166184575414,0.9830377179495796,True
0.021681018208045945,0.1155555515962762,0.8674690522599167,0.058054361528003466,0.9830246038561928,True
0.021677782199183555,0.11560719393644293,0.8674112065874269,0.05794468800132472,0.9830184005238698,True
0.02167436897283937,0.1156949447293138,0.8673175845194738,0.058030150280800614,0.9830125292487877,True
0.02166931817683264,0.11578412003761329,0.8672274947952879,0.0579466291047314,0.9830116148329012,True
0.021664005031067534,0.11583369048174262,0.8671802902401219,0.05776712014746799,0.9830139807218645,True
0.021652085208021633,0.1159405305718678,0.8670810023084797,0.05780350526919691,0.9830215328803475,True
0.02165437076416106,0.11587350722537042,0.867143668700408,0.057492770510462796,0.9830171759257784,True
0.021764611582530017,0.11559636136233012,0.867355343172665,0.057075862158286444,0.9829517045349951,True
0.02171976795662631,0.11545836540658402,0.8674980121152948,0.05704560365230889,0.9829563775218788,True
0.021737423205446513,0.11549666827356381,0.867458235356309,0.05681946452638643,0.9829549036298728,True
0.02171615942707508,0.11543601712784138,0.8675196825557969,0.05691307498307318,0.9829556996836383,True
0.021680138178875503,0.11534202274023231,0.8676151177349993,0.05690205520955551,0.9829571404752316,True
0.021687556503289032,0.11536201012442276,0.8675938270026287,0.057141104848203325,0.9829558371270515,True
0.02170247042429673,0.1154004429655577,0.8675538736512131,0.057393407214492244,0.9829543166167708,True
0.02167337831922052,0.11532491959051086,0.8676288954523728,0.057486890567882754,0.9829538150428836,True
0.021677661078153367,0.1153266488371912,0.8676281101419191,0.05724558023004679,0.9829547589791103,True
0.021691239550451966,0.1153644468644287,0.8675895393972104,0.057487939732668844,0.9829539862616391,True
0.021657258914930845,0.11526781082471904,0.867684243390427,0.05746498912923349,0.9829520542151461,True
0.021636044102962687,0.11522973366109872,0.8677205555601444,0.0575772255066995,0.9829502892212431,True
0.021612214316672505,0.1152063654789099,0.8677429981586328,0.057650678560145156,0.9829493636375427,True
0.021597928812351955,0.1152042752994849,0.867746482856533,0.05752126297002446,0.982950758156018,True
0.021576801143848596,0.1152226921071585,0.8677312914823233,0.05757923378827293,0.9829539835894818,True
0.02156838260125767,0.115255260112024,0.8677015227530522,0.057759673958927324,0.9829567828650763,True
0.02158571205384143,0.11524197003312794,0.8677075693944127,0.058046167985177824,0.9829495394275407,True
0.021559814909824532,0.11522558945832079,0.8677316617978077,0.05798872160273238,0.9829572512561284,True
0.021552478705545573,0.115216236348751,0.8677438599382898,0.057777600213481974,0.9829600962870408,True
0.02153642283790098,0.11521937678371257,0.8677469392056442,0.057943015992659844,0.9829663159893567,True
0.021506670941816682,0.1152145414136382,0.8677647375164751,0.05788246626881188,0.9829792789301133,True
0.021496958019029774,0.1152330093792088,0.8677520957079016,0.05808518608106205,0.9829851050871103,True
0.0214727569789424,0.11525130006422878,0.8677478789928654,0.05823775192827549,0.9829991790570942,True
0.021446625096760073,0.11528164121261068,0.8677351589214107,0.058392527767610856,0.9830168001340214,True
0.021411970252339926,0.11532414472830069,0.8677186944340957,0.05840629561075414,0.9830428391623963,True
0.021379351371686714,0.11538010026101628,0.867691279213288,0.058359033965830406,0.9830713794743043,True
0.02136263214989863,0.11539968660506834,0.8676866061927555,0.05815516314625805,0.9830862927978239,True
0.021370120018038882,0.1154082723529262,0.8676729267697788,0.05844170808904736,0.983081199122705,True
0.02141514988133017,0.11537506185981006,0.8676685730034375,0.05803100261847187,0.9830436348632475,True
0.02144481059992547,0.11542056128779805,0.8676065429937182,0.058338159868710285,0.9830271042815163,True
0.021392886329502512,0.11533308696408419,0.8677193867630261,0.05840812367173679,0.9830524737271102,True
0.0213456020037414,0.11528186636262307,0.8677974688261902,0.05849778783470283,0.9830793351888133,True
0.021297002870022216,0.11525219838183762,0.8678586093123132,0.05847779997840881,0.9831108076941508,True
0.02125256679661855,0.11524835259836864,0.8678953838920116,0.05841287662515583,0.9831437364903802,True
0.021290192899018876,0.1152513131262831,0.8678629122512342,0.05875241309735409,0.9831142253775174,True
0.021236215112373634,0.11520949415176039,0.867940205014813,0.058789248068253905,0.9831496991665734,True
0.021222516238829953,0.11521738336597588,0.8679436442037733,0.05901951150551088,0.9831610275697492,True
0.021201372532649688,0.11520035733120056,0.8679754028540372,0.05883054514649871,0.9831757601852378,True
0.021153979901102713,0.11517275469339344,0.8680369984374564,0.058748259423248975,0.9832097531308499,True
0.02111605977984492,0.11516047122260105,0.8680786360057281,0.058601214576932834,0.9832391072283292,True
0.021081717892457094,0.11515138333800821,0.8681151920596448,0.05842244742215103,0.983266575397653,True
0.021027553518952826,0.11515371971073793,0.8681587292256788,0.05845276167668877,0.9833124489364168,True
0.02098612208372808,0.11517708379256322,0.8681744531061135,0.05858110450243504,0.9833515368986767,True
0.020926770596251865,0.11520454763015767,0.8682036840383688,0.058564272762605625,0.9834082316685264,True
0.020934645738411216,0.11521582664726301,0.8681865255942399,0.05886611470187304,0.983402352241503,True
0.0209465806940709,0.1151994994372533,0.8681899819710672,0.05854662063906463,0.9833894814083205,True
0.020933218019183696,0.11520150845932463,0.8681999401695406,0.05877914352532508,0.9834014486288652,True
0.02086671842158139,0.1151527236548026,0.8683007981509818,0.05881638666144927,0.9834535218057844,True
0.02093151231864932,0.11519070464440026,0.8682092051811827,0.05918034332656815,0.983399909825583,True
0.02089256602139628,0.11513663612869446,0.8682896584993527,0.059034051715796745,0.9834262946280472,True
0.020829871496527583,0.11506563016289732,0.8684050904911367,0.058985611579668036,0.983470720654034,True
0.02078974396180626,0.11503119837646607,0.8684701749000876,0.05882253248732188,0.9835013732765536,True
0.020736010269810933,0.11500443799677819,0.8685406278341324,0.05892113196877948,0.9835450658309106,True
0.02069108976238879,0.1149985634447277,0.8685859846131185,0.059070647461174526,0.9835845480578462,True
0.020628339611198285,0.1149877151527635,0.8686526632927455,0.059030659820738386,0.983640378445509,True
0.020562188626316664,0.1149994446806349,0.8687045185941796,0.0590423324284732,0.9837039632748146,True
0.02067858637345513,0.11491824089608031,0.8686626093446014,0.05852797087330788,0.9835808502406816,True
0.020607655159444765,0.11483383878740783,0.8687988023336988,0.05845905837261275,0.9836326411211066,True
0.02054642583427591,0.11478394982885147,0.8688975894249309,0.05832324315182977,0.9836815392537823,True
0.0229894419938879,0.11570830288090485,0.8658817264194516,0.05834702139234271,0.9815900293003564,True
0.023175434171047397,0.1166323142439921,0.8649621023674365,0.05830357479132356,0.9815944166114287,True
0.02311956660954072,0.1163300967902911,0.8652555179897554,0.05819136265203566,0.9815856147800466,True
0.023204939200728022,0.11681946403166901,0.8647939061493181,0.058491316123838406,0.981613370180987,True
0.023154568153847692,0.11651040653480273,0.8650794837960465,0.058442291208787626,0.9815898903308492,True
0.023162835656465968,0.11656962516933565,0.8650287346740626,0.058327099284706876,0.9815983598433983,True
0.023135836600212453,0.1163672016944103,0.8652015149726515,0.05824217851499459,0.9815687166670618,True
0.023120349865903368,0.11621897662317195,0.8653170092501085,0.05814966669530472,0.9815359858732804,True
0.023157460200252247,0.11693980574954321,0.8648573826132506,0.05812206267244018,0.9817971883627938,True
0.023165235454964524,0.11699729491182728,0.8648069158775752,0.058240028836897724,0.9818042107894025,True
0.02314181742790206,0.11679445116065254,0.8649753662370163,0.05816606280734043,0.9817698173976689,True
0.023141334673519972,0.11678048216039387,0.8649840982820144,0.058257096631748904,0.9817645804424082,True
0.023137499730783013,0.11669701598632481,0.8650399679917817,0.05831221599863878,0.9817369839781065,True
0.023138529003547948,0.11663741795154176,0.865071105698362,0.058379605308198045,0.9817085236499037,True
0.02314438838720999,0.11656208394325386,0.8651001635653346,0.05832671341624443,0.9816622475085884,True
0.02316058302299118,0.11652094491198565,0.8650853841494612,0.05836604556772086,0.9816063290614468,True
0.023183891229521084,0.11652044525346393,0.8650305784504534,0.05842622854436537,0.9815510237039173,True
0.02310941934318407,0.11646281533207689,0.8652398410609873,0.05861858320642533,0.9817026563930642,True
0.023121008359483948,0.11639216370704593,0.8652517794659776,0.058621045518001236,0.9816439431730236,True
0.02312682556666838,0.11638073719017081,0.8652443785035437,0.05852492505220052,0.9816251156937146,True
0.02308341960005737,0.11638625594651517,0.8653462182675753,0.05830680864162565,0.9817324742140905,True
0.023090830924759335,0.11629996260112256,0.865376400049717,0.05826847590307887,0.9816763626508396,True
0.023102771092368475,0.11627307865101566,0.8653626093545674,0.058184933272025695,0.9816356880055831,True
0.023112340317096573,0.11627726636266562,0.8653368753847152,0.058283022178437394,0.9816141417473808,True
0.023140246791139754,0.11628343206278287,0.865265043070698,0.058299920209604096,0.9815484751334809,True
0.023075492286919682,0.11618424297976473,0.8654800200673464,0.05807599533060383,0.9816642630471111,True
0.02304670034127745,0.11624048576593878,0.865521873607782,0.05791507849462308,0.9817623593737208,True
0.02304775342654275,0.11613538606556281,0.865576226466081,0.05789697014224053,0.9817116125316439,True
0.02305524355406509,0.11609298795845532,0.8655807267772316,0.05779957509249035,0.981673714735687,True
0.02304242127462299,0.11612251194666434,0.8655965487688952,0.05799900929355405,0.9817190607155596,True
0.023053260867425433,0.1160624750272992,0.8656017347601049,0.058009852094936934,0.9816642097874041,True
0.022995393279984653,0.1161167362924965,0.8657181063015643,0.05828953974209591,0.9818348425940608,True
0.022992369129637324,0.11599485999837723,0.8657914707269634,0.0582720107987696,0.9817863307253406,True
0.02300034601253874,0.11593871265503379,0.8658018483976616,0.058331980179800354,0.9817405610526954,True
0.02299921204841547,0.11595057907715108,0.8657981008183454,0.058465753132571546,0.9817486798954965,True
0.022883024279345677,0.11621814059684998,0.8659474426713687,0.0579024124211431,0.9821655832682187,True
0.022857096388821347,0.11598888147997027,0.866136988091268,0.05786560055265401,0.9821258695712383,True
0.022875057169445115,0.11626015558258049,0.8659425746010312,0.05773809684551131,0.9822027301836117,True
0.022856350726713104,0.1160540690859578,0.8661034799229467,0.05770814349535576,0.9821575490089045,True
0.02285146635347284,0.11590336896646938,0.8662012424000013,0.05767407705846407,0.9821046113664706,True
0.022859632669066956,0.11581992956319165,0.8662304036968811,0.05768268671682223,0.9820503332600727,True
0.02287989961473762,0.11577498765288961,0.8662095542001944,0.057656778555910344,0.981984541853084,True
0.022834223322771827,0.11575360814341874,0.8663279800838996,0.05749333015145088,0.9820815882273183,True
0.022812582523911974,0.11582593114083894,0.8663371984519905,0.057368985003478215,0.9821631295928295,True
0.022815889122947654,0.11571182634522452,0.8663950186520496,0.05730941776643568,0.9821068449972741,True
0.022808973057000904,0.11572549386013863,0.8664034421990583,0.05719569312365199,0.9821289360591969,True
0.02280088307038247,0.11575792476452733,0.8664038457851154,0.057088558079342336,0.9821617705496427,True
0.02277708967911294,0.11600389220713724,0.866318040751358,0.05704784932849206,0.9823219329584952,True
0.022796501763008892,0.11633128577013345,0.8660849528530482,0.05701610063691587,0.9824162386231816,True
0.022925049587269,0.11776165101889648,0.8649612704753336,0.05770347119683177,0.98272292149423,True
0.02288805296529567,0.11747961190722048,0.8652093378906077,0.05769159270028187,0.9826889497978282,True
0.022862393696935077,0.11722761845300027,0.8654159073086609,0.057659153950064546,0.9826435257616611,True
0.022853766767177756,0.11706490207590542,0.8655326362070643,0.057668828419794975,0.9825975382829697,True
0.02285662688395774,0.11692232146694338,0.8656132812598373,0.05765607958682341,0.9825356027267806,True
0.022840450467727664,0.11698907436390164,0.8656071256378549,0.05755123770187269,0.9825962000017565,True
0.0228223058519593,0.11721714478255271,0.8655058870646929,0.05773150989978969,0.9827230318472456,True
0.022819259201028876,0.1170688791144947,0.8656025870461405,0.05774811641098416,0.9826714661606352,True
0.022827483333996496,0.11697661555936052,0.8656416641462774,0.0577806400611276,0.982618279705638,True
0.022848581583731046,0.11691072957627138,0.8656378614972934,0.05780406891539697,0.9825485910735647,True
0.022883459094188666,0.11689599828245426,0.8655739596625684,0.05783086328637683,0.9824699579450227,True
0.02293290030731729,0.11693455545440869,0.8654468950475714,0.05784850140269759,0.9823814505019801,True
0.022983430717547614,0.11700818889024307,0.8652959448765724,0.057823628538059925,0.9823041337668155,True
0.023015864989624928,0.11707059145049825,0.8651893307318149,0.057910843259368766,0.9822599221823132,True
0.023088629907614382,0.11721063499081999,0.8649499621566235,0.05795460281359206,0.9821605971474434,True
0.02315096080542823,0.1173527912014441,0.8647308660047381,0.058041592546978354,0.9820836572061822,True
0.02315018998127204,0.11735465107032199,0.8647311593930501,0.05816207444403487,0.9820858104633721,True
0.02312562131659342,0.1172950123604885,0.864820451877486,0.058010605284595645,0.9821154642379746,True
0.02319116598909916,0.11742190151612626,0.864601294716372,0.058051538750257564,0.9820231962324983,True
0.023268722874267064,0.11759989336858236,0.8643245506907802,0.05808390417475149,0.9819244440593625,True
0.023314288725458793,0.11772008980471074,0.8641519440677922,0.05819684044652548,0.9818720338725029,True
0.02334995204388956,0.11781111357737588,0.8640182967096308,0.058111699398372296,0.9818294102870067,True
0.023430011120475915,0.11802291041198903,0.8637120136680555,0.05811588758032486,0.9817349240800446,True
0.023313535322002865,0.1176928786433656,0.8641724112515706,0.05830455940643488,0.9818652898949363,True
0.023338543800537237,0.11775110456822448,0.864079731128558,0.05842818617616817,0.9818308356967824,True
0.02339437890771662,0.11787740010164902,0.8638737055075474,0.058478373289855126,0.9817511056091964,True
0.023432527007925957,0.11798182382167044,0.863721773467182,0.058608932972433775,0.9817035972888525,True
0.023488335332666792,0.11813927273882492,0.8634950923695641,0.05872350447486776,0.9816343651083891,True
0.02355347945139757,0.11833698841792537,0.8632205414339001,0.05875790560775522,0.9815575298518255,True
0.0235215944217973,0.11822693724123737,0.8633634015796686,0.05852377844724309,0.981590338820906,True
0.023574804382764512,0.11838847821216503,0.863132705364406,0.05856564442936859,0.981521183576571,True
0.023633648779245727,0.11858861012066814,0.8628633104051051,0.05859889315043268,0.9814519205257732,True
0.02354973584078887,0.11828034124116522,0.86326456439195,0.05883997921309207,0.9815449056331152,True
0.02357976491559609,0.11837095909504765,0.8631245950214403,0.05893866719609519,0.981495554116488,True
0.023611687821883654,0.11848195691960671,0.8629662825993838,0.05892688085990447,0.9814482395189905,True
0.023585809364770876,0.11838309860188667,0.8631020720839502,0.05914166522297235,0.9814851706858368,True
0.023607226327441593,0.11845687343607259,0.8629848275738412,0.05922716812339449,0.9814417010099138,True
0.02363322199660702,0.11856683243285338,0.8628328510226847,0.05932557358563026,0.9813996834555381,True
0.023652460230363406,0.11865970253554892,0.8627118789488751,0.059261192713590684,0.981371581484424,True
0.02366519204184377,0.11872871280118477,0.8626277217185564,0.05944235397779783,0.9813564345197412,True
0.023687024420743125,0.11886349030132684,0.8624607037562612,0.05952937369210629,0.981324194057588,True
0.02370888396107241,0.11901891690669204,0.8622777713452248,0.059552372245795925,0.9812966882519168,True
0.023730498985815588,0.11919806981544678,0.8620757505189123,0.05957565051800498,0.9812738203343591,True
0.023747036328601458,0.11936558031533905,0.8618937119364578,0.05952806806949526,0.9812592922517969,True
0.023751592578093426,0.11940678502035565,0.8618507652562509,0.05976132810875068,0.9812575502766065,True
0.02375215239676372,0.11947915737803706,0.8617760130705623,0.05962517767272633,0.9812551704485993,True
0.02374923741662108,0.11959853018358484,0.8616570561217567,0.059574731438002015,0.9812555863053415,True
0.023747797319200625,0.11954053583173978,0.8617135678787992,0.05928460155146957,0.9812541037105389,True
0.02376406077014916,0.11943123496839789,0.8618136117147213,0.05895163470621,0.9812448466831192,True
0.02373751001209685,0.11941023813606892,0.8618401120865122,0.05881895993163208,0.9812503502225811,True
0.023845148785332393,0.11941456655710112,0.8618020303732541,0.05952401212695412,0.9812165969303552,True
0.023809066931100995,0.11930031943666096,0.8619166229826819,0.05959561775569768,0.9812169424193429,True
0.023797194689077115,0.11927301324737538,0.8619437539522242,0.05975626551961482,0.9812167671995996,True
0.023762890642978686,0.11918652721606729,0.8620296098412336,0.05974757831214581,0.9812161370573008,True
0.023733321776983826,0.119140894316243,0.8620756471464804,0.059768415325556726,0.9812165414627234,True
0.023714075328972004,0.11914150968268421,0.8620769950651342,0.0598861160857573,0.9812185047478185,True
0.023690257721083147,0.11915807095739198,0.8620656371511225,0.05991058578044583,0.9812237081085144,True
0.023674202878727263,0.11918298326194403,0.8620470061850833,0.059798020566449575,0.9812299894470273,True
0.023726319217348624,0.11909838885824617,0.8621056511230617,0.06018239794708683,0.9812040399813079,True
0.023994264754818778,0.1195398592998779,0.8616122854591581,0.05927000247420036,0.981152144759036,True
0.023939651603588803,0.1192928773725846,0.8618532472951741,0.059212244530983116,0.9811461246677586,True
0.023921687556119637,0.11921562579968589,0.8619262887281489,0.05932062414337339,0.9811419145278348,True
0.023898969112628173,0.11911581482834464,0.8620193824394488,0.05920253705134676,0.9811351972677934,True
0.023872269716699257,0.1190042019963526,0.862118580198995,0.05924395958286655,0.9811227821953477,True
0.02386095925969266,0.11896415479220283,0.862150314372262,0.05936171770187677,0.9811144691644648,True
0.023883077998150464,0.1190432367328625,0.862086119062853,0.059613348327697185,0.9811293557957156,True
0.023856977591789303,0.11893348906764845,0.8621789342152548,0.059637515157198694,0.9811124232829033,True
0.023839262649295985,0.1188737817783302,0.8622209439657512,0.059687832797440284,0.9810947257440814,True
0.02382890704910164,0.11885997451306919,0.8622180929338966,0.05977070817929211,0.9810780674469658,True
0.02382184307033311,0.11887907201050973,0.8621822777727852,0.059816791554345765,0.981061349783295,True
0.023818945029246065,0.11888715697125267,0.8621698395187463,0.059656470882892644,0.9810569964899989,True
0.02381402898185014,0.11892916361972415,0.8621177721122839,0.0597562919056319,0.9810469357320081,True
0.02380804129685866,0.11899404531385471,0.8620442614056352,0.05975552667694341,0.9810383067194899,True
0.023803274676528697,0.11908479878187893,0.8619489793358501,0.05973546435151207,0.9810337781177291,True
0.023798579665426565,0.11920541117653553,0.861828575237512,0.059758391921908724,0.9810339864140475,True
0.02379292879950363,0.11930317343985762,0.8617355665072034,0.0596469866736,0.981038739947061,True
0.02378248796603012,0.11944355214916838,0.8616071093140123,0.059663364880762175,0.9810506614631807,True
0.023802985592892754,0.11927491897897197,0.861751973094115,0.06004312406912506,0.9810268920730869,True
0.02377857940020664,0.11929480611522549,0.8617450410111057,0.059963889891297785,0.9810398471263312,True
0.02374901847149613,0.1193368843589758,0.8617222495057898,0.05993579080809482,0.9810591338647656,True
0.023719538395622443,0.11940673633106219,0.8616768425229074,0.05999411483135749,0.9810835788539696,True
0.023687302449256164,0.11949579348804279,0.861618909997611,0.06001255192048964,0.9811147034856538,True
0.023726535727179858,0.11933754425488718,0.8617301403647415,0.05957925809672749,0.9810676846196287,True
0.023688906323780977,0.11932344122981584,0.8617683274324761,0.05944198732018609,0.981091768662292,True
0.023670776062354855,0.11931394186721278,0.8617897409366307,0.05922513893009084,0.9811036828038435,True
0.024046099367344895,0.11931622624913828,0.8615181657320129,0.05894853954277072,0.9808343919811512,True
0.023985683520930903,0.11909305290039944,0.8617494388180212,0.05882236960619908,0.9808424917184206,True
0.023941587781926024,0.11894333057015652,0.8619047275273578,0.05866808798401621,0.9808480580975143,True
0.024455278737411344,0.12046632792494297,0.8603250516965427,0.058972997144406576,0.9807913796214857,True
0.024426731042179652,0.12032159737840055,0.8604646507230265,0.059023370496220286,0.980786248101427,True
0.024387129374684735,0.12011172964221578,0.8606617009281353,0.0590315241682631,0.980773430570351,True
0.024374441881634953,0.12004154069077026,0.8607244218171638,0.05912419982273477,0.980765962507934,True
0.024356522522753155,0.11993658483771075,0.8608163939198292,0.05901030855154617,0.98075297875754,True
0.024350073763404336,0.11989491447969448,0.8608489295681179,0.059117033516018304,0.9807438440478123,True
0.02433299449035072,0.11977837913548202,0.8609388348579687,0.05904530622238981,0.9807172139934508,True
0.024339316673148564,0.1198386171503534,0.8609076980061346,0.058854373324720786,0.980746315156488,True
0.024337582249648174,0.11982863056135885,0.8609175885072022,0.05870767171234876,0.9807462190685611,True
0.0243297046405351,0.11976823890144227,0.8609623044071688,0.05857400965066961,0.9807305433086111,True
0.024321190651282878,0.11968330445413165,0.8610129418638278,0.05854672242704201,0.9806962463179595,True
0.024320449620493276,0.11964191791893566,0.8610202813700356,0.058445858691809634,0.9806621992889712,True
0.024292514869911623,0.11967944888442775,0.8611701856893456,0.05909963989305746,0.9808496345737733,True
0.02428229424255463,0.11960604331411574,0.8612286956736582,0.059191089486678665,0.980834738987774,True
0.024271332987552647,0.11951429517727748,0.8612959413953716,0.059268113370839696,0.9808102365726491,True
0.024264603416268658,0.11943344732601398,0.8613442381466782,0.05933604411137993,0.9807776854726922,True
0.02426452802935339,0.11937753563618962,0.8613593015029273,0.059347479816076784,0.9807368371391169,True
0.024272669196384093,0.11936872581983068,0.8613273988372666,0.059330836239024604,0.9806961246570973,True
0.024287107035799966,0.11940232377496518,0.8612561595634903,0.05941889799769046,0.9806584833384555,True
0.02430821534723865,0.11946991157262817,0.8611437474655066,0.05944858198163786,0.9806136590381348,True
0.02429568067492866,0.11942305286435734,0.8612152833647015,0.059660980583341294,0.9806383362290589,True
0.024308464720045657,0.11946721793491322,0.8611340758443237,0.05974579165446156,0.9806012937792369,True
0.024305230415317545,0.11945492709057824,0.8611578638369605,0.05994323236578852,0.9806127909275387,True
0.02431249343909879,0.11948651525930049,0.8610944117281285,0.059966058991336536,0.980580926987429,True
0.02429806155570644,0.1194055131303416,0.8612049098217806,0.059647014856504095,0.9806104229521222,True
0.024295789233831216,0.11939857216683114,0.8611846830476283,0.059625978793965397,0.9805832552144594,True
0.024299705733818885,0.11943288469557174,0.8611264715963793,0.059710059805546084,0.9805593562919511,True
0.024300162728571266,0.1194269230261765,0.8611402333239024,0.059928943625367784,0.980567156350079,True
0.024298745836423843,0.11944872468731339,0.8610968926742484,0.06001936628106191,0.9805456173615618,True
0.024297360156332867,0.11945403996092878,0.8610856531478442,0.059864618994439706,0.980539693108773,True
0.02429558816143543,0.11949741292537303,0.8610236290255298,0.05990557913110961,0.9805210419509027,True
0.024297862672011034,0.11955484522605447,0.8609557698403622,0.0600510377224623,0.9805106150664167,True
0.024298269036622078,0.11963752998061505,0.8608611566874826,0.060146281652833845,0.9804986866680977,True
0.0242986223448174,0.11974712508134787,0.8607430472391447,0.06018616562373728,0.9804901723204926,True
0.024297258796352302,0.11982203358344126,0.8606662797133287,0.06007062975983288,0.9804883132967699,True
0.024296233994582014,0.11974217648832729,0.860745732392679,0.05976863371932518,0.9804879088810063,True
0.024283879834500675,0.11978727066373877,0.8607032238219882,0.059864532055549126,0.9804904944857269,True
0.02426809345969063,0.11985038478474758,0.8606467173016583,0.05993467607534405,0.980497102086406,True
0.02427420640367137,0.11985169139634876,0.8606429440622808,0.060192932110699156,0.9804946354586296,True
0.024260837483946807,0.11988205063252738,0.8606197926808417,0.060366211011629284,0.980501843313369,True
0.02425207986460207,0.11987817627683317,0.8606275804917962,0.06017156172385388,0.9805057567686294,True
0.0242237612326206,0.11988782922560048,0.8606325614336328,0.06009569213828117,0.9805203906592332,True
0.024198496931122,0.1199078267861162,0.8606282803552381,0.05997866642449682,0.9805361071413543,True
0.024290175825156825,0.11974496753041386,0.8607205652328804,0.05951828395555633,0.9804655327632943,True
0.02432566501864959,0.11981227597600702,0.8606425925328244,0.05928533361421909,0.9804548685088315,True
0.02515961555462478,0.12214040495438777,0.8581687221431421,0.05977851129055203,0.9803091270975299,True
0.025164749146299337,0.1221682905197155,0.8581414778950075,0.05989810068205065,0.9803097684147231,True
0.025108455742889186,0.12185148629681049,0.8584386239455801,0.05984054247006986,0.9802901102423907,True
0.02516999950296275,0.12222445610793023,0.8581023891555182,0.06009835320439163,0.9803268452634484,True
0.025167077371234536,0.12220633968034908,0.8581193628649292,0.05998911599006995,0.9803257025452783,True
0.025178008878607938,0.12228258563581351,0.8580529898114614,0.06012534156724192,0.9803355754472749,True
0.025293200042615024,0.12320227390067365,0.85729911679645,0.05994066193489749,0.9805013906971236,True
0.02525359193326549,0.12291899350749741,0.857547176333948,0.05990911897129174,0.9804661698414454,True
0.025243135014762722,0.12282229137942811,0.857624510778651,0.05996380666747922,0.9804468021580791,True
0.025232032928957447,0.12268962333167924,0.8577239319986923,0.0598940170449519,0.9804135553303716,True
0.025229586540036084,0.12259058577578384,0.8577842079622952,0.05993132711825604,0.980374793738079,True
0.02523576432902318,0.12249148050244703,0.8578244545402595,0.059911702126206834,0.9803159350427065,True
0.02524289190438945,0.12248488114344869,0.857810813675663,0.060005466047770996,0.9802956948191117,True
0.025261808532884213,0.12245803544648283,0.8577804950985941,0.059967020634291865,0.9802385305450769,True
0.02528513110952177,0.12247504078235666,0.8577146633705184,0.0600393976440433,0.9801897041528751,True
0.025279147448033903,0.12247496077730488,0.8577288553381294,0.06017949661485919,0.9802038161154343,True
0.02529937823832144,0.12248445087697173,0.8576738287359831,0.06012418861556778,0.9801582796129548,True
0.025301236277112775,0.12249392304907544,0.857663682239815,0.06025881264116964,0.9801576052888905,True
0.025293770329418427,0.1224947271931117,0.8576818810204827,0.060402303678276204,0.9801766082135944,True
0.025316549653703363,0.12249287866410312,0.8576197853544167,0.060444470518226344,0.9801126640185198,True
0.025351787783191214,0.12254711659155126,0.8574992161953247,0.06047953194143952,0.9800463327868759,True
0.025377606940218247,0.12261113089791872,0.8573971659937419,0.06060750608171521,0.9800082968916607,True
0.025419548784187795,0.12271922651893706,0.857227375524233,0.06070907034388158,0.9799466020431701,True
0.025461246882640037,0.12284095131362711,0.8570493902045556,0.06069618715570569,0.9798903415181828,True
0.02551335517945186,0.12301352182001872,0.8568132752824851,0.0607899889833772,0.9798267971025038,True
0.02557185481171185,0.12322735579415292,0.8565340689725682,0.06085418196219785,0.9797614247667211,True
0.025632984789690005,0.12347316932811045,0.8562260610690074,0.06090230972795138,0.9796992303971179,True
0.02569493696160028,0.1237459712217186,0.8558956063057495,0.060941737188025195,0.979641577527468,True
0.02565793861788369,0.12356445681298595,0.856106019259831,0.060646772526947716,0.979670476072817,True
0.025676122426624117,0.12365745474959153,0.8559938070079717,0.06080106005805543,0.9796512617575632,True
0.025700364674488493,0.12379393160142041,0.8558263961244719,0.06075012487274914,0.9796203277258922,True
0.025720066466599967,0.12392066520459974,0.8556792780187003,0.06088889640953785,0.9795999432233,True
0.025654542413290942,0.12343207336159484,0.8562343319992572,0.060385365869756125,0.9796664053608521,True
0.02569520776626966,0.12347406236164585,0.856288758916616,0.06005812318493207,0.9797628212782619,True
0.025681591980578577,0.12340477746561715,0.8563498261274675,0.06014641287958536,0.9797546035930846,True
0.025658786976252335,0.12328289879239474,0.8564546578377176,0.060039326155711024,0.9797375566301123,True
0.025701109375168153,0.12351343353914639,0.8562798435900109,0.05985732756850574,0.9797932771291572,True
0.025693850466014936,0.12347101249453683,0.8563152095016173,0.05995852848503409,0.9797862219961542,True
0.025678427585019807,0.12337412246758038,0.8563935067143857,0.060016296546147464,0.9797676291819661,True
0.02566129557299156,0.12325476369108364,0.8564817284161828,0.0599657594804445,0.9797364921072664,True
0.025663214683694018,0.12326573474056829,0.8564707107280857,0.060121935578288564,0.9797364454686539,True
0.025655744339541552,0.12319652837755672,0.8565069579992097,0.0600830016804751,0.9797034863767664,True
0.02565745643802706,0.12317851175867361,0.8564907428545688,0.06012407875726916,0.9796692546132424,True
0.02566287479605272,0.12319709140667336,0.8564550551346091,0.06025531549901021,0.9796521465412824,True
0.025668648839482253,0.12321474348888077,0.8564095870964966,0.060189957088678664,0.9796243305853773,True
0.025680253178723383,0.12327068814345736,0.8563217146188419,0.06025654175664638,0.9795924027622992,True
0.025696279673633287,0.12336302372620264,0.8561968425666471,0.06030650370892649,0.9795598662928497,True
0.025707719397863055,0.12343713459731259,0.8561073978375988,0.060464534405666986,0.9795445324349115,True
0.025722265402414617,0.12355528961099814,0.8559638086476704,0.06048292387128445,0.9795190982586686,True
0.02573748456073968,0.12369255149971048,0.8558078351771709,0.06059938511717684,0.9795003866768813,True
0.025747099446566297,0.12380938699273746,0.8556791958846034,0.0605248168873344,0.9794885828773409,True
0.02574169713430744,0.12368146790100863,0.8558158069409806,0.060808723006134206,0.9794972748419892,True
0.025736532269270435,0.12373266278143033,0.8557593496627448,0.060955974344296865,0.9794920124441752,True
0.025727398475084214,0.12379766640102437,0.8556913822176462,0.060958591043839674,0.9794890486186706,True
0.025718449566281616,0.12389532483433564,0.8555952203458719,0.06099956412503163,0.9794905451802075,True
0.025712729403424207,0.12399951265900562,0.8554965974767182,0.06115382472036958,0.9794961101357239,True
0.025702004571082352,0.12412123840124667,0.8553866640293624,0.0612872147014808,0.979507902430609,True
0.02568773263320329,0.12422674147294892,0.8552971825460183,0.061233258152229054,0.9795239240189672,True
0.02566898465448151,0.1243614934534634,0.8551868329631737,0.06134756804009283,0.979548326416637,True
0.02564361843150241,0.12450863588975788,0.855073379026276,0.06138956933159667,0.9795820149160339,True
0.02561498669956192,0.12466649116329305,0.8549565720153468,0.06148279399995532,0.9796230631786399,True
0.02564195210432801,0.12458655971549835,0.855003929323764,0.06180273793910581,0.9795904890392624,True
0.025595754242876686,0.12463916007729985,0.8549944807124603,0.06183120892951395,0.9796336407897601,True
0.0255763694653654,0.12464941313925225,0.8550016900333856,0.06163846298201061,0.9796511031726378,True
0.025530248634038397,0.12467910967898212,0.8550146380469229,0.061552171312328735,0.979693747725905,True
0.025479995640535942,0.12473267797617052,0.8550120397465099,0.06164126037990941,0.9797447177226803,True
0.025534701951627988,0.12470394454901144,0.8549877626523906,0.06199396531648788,0.9796917072014021,True
0.025477023030270322,0.12468664447742171,0.8550513517650499,0.06211058708200582,0.9797379962424716,True
0.025446325899183688,0.12469963844035986,0.8550668209519323,0.0623181121830259,0.9797664593922921,True
0.02541979381056013,0.12468386992128044,0.8551034690524427,0.062141442849933726,0.9797873389737232,True
0.02552803100020962,0.12468116982855967,0.8550117202029685,0.061664936037394924,0.9796928900315282,True
0.025550473315287935,0.12470573443591453,0.8549730343952321,0.061411584684481796,0.9796787688311466,True
0.025533554596807586,0.12467940896793239,0.8550082337863583,0.06157784448353546,0.9796876427542907,True
0.02547304929598649,0.12456108160332009,0.855154400307249,0.06159164740023972,0.9797154819105691,True
0.025524316171125484,0.12465040870247225,0.8550394614622988,0.061906821193248605,0.979689870164771,True
0.025482575579958533,0.12455702559185923,0.8551489669650001,0.06180039243734085,0.9797059925568593,True
0.02543093839544104,0.12446397314232148,0.8552642716980422,0.06174420996453195,0.9797282448403637,True
0.02538722205191243,0.12441883900016008,0.855332629435702,0.061819337758955095,0.979751468435862,True
0.025425104673991783,0.12445974416208735,0.8552707499718963,0.062114854433604316,0.9797304941339837,True
0.02537328048671328,0.12438117413227526,0.8553728730625125,0.06214903476097255,0.9797540471947878,True
0.025325205975647126,0.12434211394764642,0.8554387057430778,0.062170133382940605,0.9797808196907242,True
0.025281696178171158,0.12434265777470346,0.8554696521007475,0.062184155863655215,0.979812309875451,True
0.025254870393304377,0.12437059539332572,0.8554647158271473,0.06235229528452589,0.9798353112204731,True
0.025209620256763585,0.12439588736699068,0.8554769022814914,0.062347575004438605,0.9798727896484821,True
0.025163916333821125,0.12444929165394844,0.855467063768351,0.06242762459851405,0.9799163554222995,True
0.025115001125177408,0.12451714585941784,0.8554496468608845,0.06244142163679252,0.9799667927203024,True
0.025108360705980073,0.12455100578488383,0.85542647704118,0.06269249102832054,0.9799774828260639,True
0.025052582902233,0.12459299551127757,0.8554394983201783,0.0627054231518591,0.9800324938314559,True
0.025073416180189757,0.12454293908267736,0.8554632171278322,0.06236322762285816,0.9800061562105096,True
0.02501723255998148,0.12454005427399588,0.855515061373244,0.06244382803918934,0.9800551156472398,True
0.025127087695414253,0.1245551000835743,0.8554034010042635,0.06285071910189403,0.9799585010878378,True
0.02518115051673138,0.12461064962405462,0.8553113446926289,0.06250195154391454,0.9799219943166836,True
0.025131592749585298,0.12451363364020672,0.8554329414694886,0.06259910675488176,0.9799465751096953,True
0.025086404391459146,0.12443155481936914,0.8555382912333633,0.062482836603138976,0.9799698460527325,True
0.025063437549111982,0.12441074659343755,0.8555735529424037,0.06265114786344436,0.9799842995358412,True
0.025065813671530893,0.12442713600027043,0.8555573918762313,0.06287733344918754,0.9799845278765017,True
0.02502531485665153,0.12436190395472044,0.8556435331007415,0.06277860980747353,0.980005437055462,True
0.025029345305223116,0.12438034960277275,0.8556243755355305,0.06300725289839786,0.9800047251383033,True
0.024980422648302924,0.12430871131308177,0.8557213304673135,0.06296664427708397,0.9800300417803952,True
0.024933131342680503,0.12427296622302172,0.8557863518937945,0.0630545799644316,0.9800593181168162,True
0.024971453324421772,0.1243041586328331,0.8557306025449869,0.06333674701637182,0.98003476117782,True
0.024927443691080013,0.12425333371522057,0.8558057463092263,0.06347197506983854,0.9800590800244469,True
0.02488494303002471,0.12421528746253566,0.855869374325029,0.06342781676643346,0.9800846617875646,True
0.024835621366307403,0.12419859712784073,0.8559201940715958,0.0634555538007007,0.9801187911994366,True
0.024787787954109415,0.1242152515805839,0.855942588172814,0.06352216763931279,0.9801578397533979,True
0.0248815736508868,0.12409924435835981,0.8559670626287023,0.06298826747031512,0.9800663069870621,True
0.025224922491053074,0.12460104073040015,0.85528248275197,0.0625320564955413,0.9798835234823702,True
0.02524919833387615,0.12470162994330589,0.8551800245035852,0.06274518064715777,0.9798816544468911,True
0.02519264633279715,0.12446858948380596,0.855412718568321,0.06268298697485102,0.9798813080521269,True
0.02515013165388239,0.12430876680208877,0.8555705660880306,0.062705766214045,0.9798793328901194,True
0.025337956991838554,0.12492192247839817,0.8549742508870042,0.06237987485665777,0.9798961733654024,True
0.02531126172613229,0.12479139691765319,0.855097936200426,0.06244141205598249,0.9798893331180791,True
0.02536609614255614,0.12507092075756987,0.8548394775163227,0.06270672322308377,0.9799103982738926,True
0.02537110641984837,0.1250997100983056,0.8548124415274541,0.06284600449880942,0.9799121516257596,True
0.025338751816787665,0.12491060634051797,0.8549783766086372,0.06288511151436976,0.9798889829491552,True
0.025322530534627085,0.12480887232991728,0.8550619344999676,0.0628094684161351,0.9798708068298849,True
0.02531571821418299,0.12476115284388216,0.855094457126873,0.06291584077279126,0.9798556099707552,True
0.02530496656765188,0.12467767803610459,0.8551456226229502,0.0629527008642099,0.9798233006590549,True
0.025305101908304827,0.12466626275800942,0.8551377401181259,0.06307274828642076,0.9798040028761353,True
0.025305968741340522,0.12465206680320942,0.8551188061427829,0.06307753349104764,0.9797708729459923,True
0.02531411075622087,0.12468513645684282,0.8550516645059055,0.06313500547227699,0.9797368009627483,True
0.025322125993646798,0.1247353831774703,0.85497345237705,0.06309058090913124,0.9797088355545203,True
0.025333954253325134,0.1248108951791614,0.8548770149500213,0.06322033058634657,0.9796879101291828,True
0.025340423607906407,0.12486199983894797,0.8548108900741104,0.06311371020216448,0.9796728899130583,True
0.025319610036906033,0.12467558834927948,0.8550325729625367,0.06276097303989042,0.9797081613118162,True
0.02550284283355687,0.12493426491019906,0.8551560164812805,0.06239000006648701,0.9800902813914796,True
0.025724605289173613,0.12623980250130865,0.8539408129112767,0.06243600660923141,0.9801806154125853,True
0.025671278273357866,0.12590403969834157,0.8542499239346422,0.0623480074935652,0.9801539636329837,True
0.025963568262521317,0.12802087024651318,0.8524061418760093,0.0625976898268644,0.9804270121225225,True
0.025913336129930784,0.12767711233799772,0.8527157597340608,0.0625192278894446,0.9803928720720585,True
0.026021974735490914,0.12857304931691466,0.8519554587305848,0.06284170214289092,0.9805285080474995,True
0.026039572659396326,0.12871558045602635,0.8518338414677599,0.06279129121501942,0.9805494219237862,True
0.02609187916261919,0.1291900628987794,0.8514398433877638,0.06295001738388945,0.9806299062865432,True
0.026109088010098896,0.12935291571601504,0.8513063609964872,0.06290283424076488,0.9806592767125022,True
0.02609288498596457,0.12918217402366786,0.8514432779970239,0.062851620344085,0.9806254520206917,True
0.026184594636012384,0.13098409760424667,0.850162147819673,0.06296252954642215,0.9811462454239197,True
0.026211042000596044,0.1312042723627373,0.8499745535788205,0.06303927546949091,0.9811788259415577,True
0.026230414204140986,0.13138284956359889,0.8498266458731895,0.0630146730249984,0.9812094954367884,True
0.026356119412497454,0.13277147736257544,0.8487259277415994,0.06310947803681291,0.9814974051041748,True
0.026408862113966917,0.13321965395774285,0.8483469884546286,0.06320742882772208,0.9815666424123715,True
0.026514622039384084,0.13419281025145866,0.8475440151854254,0.06326024301721955,0.9817368254368841,True
0.026497994593523328,0.13405253278732104,0.8476608136706135,0.06325755379702225,0.9817133464579346,True
0.02649070254927696,0.13395954566441376,0.8477340663854772,0.06323350272164838,0.9816936120498909,True
0.026479197191195257,0.13372693926960932,0.8478996226482709,0.06320733346391472,0.9816265619178802,True
0.026480656376768642,0.13368423987835393,0.8479234790890031,0.06318174241669557,0.9816077189673571,True
0.02649206142255706,0.133575429023677,0.8479671407302405,0.06315352946650148,0.9815425697539175,True
0.026444969099455887,0.1337184726902671,0.8479714356196887,0.06322337499363519,0.9816899083099557,True
0.026456844350963158,0.1335819010111229,0.8480323657949658,0.06321566029540007,0.9816142668060887,True
0.02645300199840754,0.133591828212737,0.848033723355359,0.06324122194988546,0.9816255515680959,True
0.026474669250322942,0.13353414390827198,0.8480268056427466,0.06322554966032165,0.9815609495510186,True
0.02650149324879751,0.13351227990347136,0.8479876359338856,0.06324170243335707,0.981499915837357,True
0.02654884268712855,0.13351164252340247,0.8478964579409298,0.06323612529467185,0.9814081004643322,True
0.026542109479842937,0.13350344038445341,0.8479148153760909,0.06320306514600195,0.9814182557605443,True
0.026590347159753096,0.13353311659154213,0.8478026880274807,0.06322013336722761,0.9813358046190228,True
0.02648708254532423,0.13342268563749793,0.8480723355810187,0.06325764208136937,0.9814950212185166,True
0.026536097855206987,0.13341135262398185,0.8479838615925139,0.06326376339539866,0.9813952142164958,True
0.026562666717309596,0.13343082262362901,0.8479198087626849,0.06329423292965428,0.981350631386314,True
0.026629788691712942,0.13349659342015097,0.8477486151719117,0.06330192584531268,0.9812452085920627,True
0.02666646540863207,0.13354960664352566,0.8476442963297744,0.06333931381708528,0.9811939029733001,True
0.026722178724912,0.13363525071196614,0.8474830581598275,0.06333141398499961,0.9811183088717936,True
0.026818728094990602,0.1337997265970325,0.8471935005167955,0.06336057662146821,0.980993227113828,True
0.02689492846488777,0.13394151768549875,0.8469562206111614,0.06335516268413531,0.9808977382966602,True
0.026878488868724962,0.13390376360656933,0.8470115410245337,0.06330196987259018,0.980915304631103,True
0.026930501489785198,0.13400350532637925,0.8468487033239454,0.06334342948237867,0.9808522086503246,True
0.027040508114861285,0.13420865667339918,0.8465069897876338,0.06336504009188003,0.980715646461033,True
0.027133200822088435,0.13440782324313158,0.8462032230145643,0.06341334121810752,0.9806110462576959,True
0.027261261926771273,0.13470036826296608,0.8457739179986458,0.06343507048292593,0.9804742862616118,True
0.027228439798452124,0.13461956342442633,0.8458867386396185,0.06349363565484199,0.9805063020640448,True
0.02733017950343973,0.13484550704739065,0.845549342814535,0.0634994239388369,0.9803948498619256,True
0.027466536538780735,0.13515735363026582,0.845090256778201,0.06354419171306164,0.9802476104084669,True
0.027591663397615908,0.13546546606406498,0.8446543034650975,0.06360945187851987,0.9801197695291625,True
0.027725300387106917,0.1358033405924784,0.8441870779440495,0.0636237624730839,0.9799904185365278,True
0.027821596991624058,0.13605555540869005,0.8438423169351806,0.06370565447897675,0.9798978723438707,True
0.027988408835231102,0.13648820724653019,0.8432476618578364,0.0637612409443308,0.9797358691043666,True
0.02782923592712655,0.13605302645090503,0.8438300568018725,0.0635820472236622,0.9798830832527775,True
0.027784400101251695,0.1359369600963832,0.8439895176509079,0.06347459059677786,0.9799264777472911,True
0.027840365039202106,0.13605770752010976,0.843803637509328,0.06353628046658578,0.9798613450294378,True
0.02757293347125609,0.1354805235721177,0.8446909852355988,0.0636594296488834,0.9801715088077165,True
0.027604584902660052,0.1354978382445876,0.8446173978912024,0.06362395987419416,0.98011523613579,True
0.02761205995537358,0.13551042352507628,0.8445941641948603,0.06370124926405112,0.9801045877199366,True
0.02765758805329976,0.13554913016152415,0.8444773959728751,0.0636821311226715,0.9800265261343992,True
0.027691063272938295,0.1355970355648039,0.8443781156808094,0.0637546198596636,0.9799751512456134,True
0.02770247767524937,0.13561958646089015,0.844340279946503,0.06384208671396827,0.9799598664073931,True
0.0277656627691728,0.13570644146994165,0.8441601081269338,0.06386329175353528,0.9798665495968755,True
0.02783869704571947,0.13584813168627952,0.8439210045681316,0.06392393982527102,0.9797691362544111,True
0.027897924273107312,0.13598306345247127,0.8437139827878954,0.06401333046567104,0.9796970462403667,True
0.027896584385428844,0.13598229258960864,0.8437192629266635,0.06412848854843117,0.9797015555162722,True
0.02796920111250603,0.13613443767501768,0.8434732447625289,0.0641564257835964,0.9796076824375466,True
0.027973474797849406,0.13615078293020563,0.8434538030188108,0.06427578206962689,0.9796045859490164,True
0.028010622595018714,0.13622888523538643,0.8433270506459416,0.0642249761059995,0.979555935881328,True
0.028060949424287628,0.13634440767168501,0.84314888640852,0.06418938964291353,0.979493294080205,True
0.025597843875563738,0.12997539565636868,0.8523397648348162,0.062235573258657445,0.9823151604911848,True
0.025562411635137994,0.1297001266011142,0.8525757196930261,0.062218567756678396,0.9822758462941403,True
0.02555487134533238,0.1296218471059778,0.8526375337544397,0.06225887693413627,0.9822593808604175,True
0.025540156755395744,0.12941214867497416,0.852792289177696,0.062223189001731134,0.9822044378526702,True
0.02554007361704872,0.12925262380408473,0.8528870625220597,0.06220322033666091,0.9821396863261445,True
0.02555415220323899,0.1291652679848031,0.8529095508135883,0.06221392178153707,0.9820748187983914,True
0.025581653932366975,0.12912487894231728,0.8528761279095868,0.06222735130671175,0.9820010068519041,True
0.025510589779782676,0.12909542301690333,0.853042652643742,0.06208383496758784,0.9821380756606454,True
0.02552472729936233,0.12904546464889916,0.8530425657494688,0.06211369683980909,0.9820880303983679,True
0.025535087057178184,0.12903860039519044,0.8530247149043315,0.062178103158109926,0.982063315299522,True
0.02555132584074441,0.1290334362052874,0.852993442429412,0.06224057243322005,0.9820268786346994,True
0.025584390095926838,0.1290373684334042,0.8529212801479056,0.06228570402712026,0.9819586485813098,True
0.025587339945694162,0.1290461637291919,0.8529095272631597,0.06237735920390832,0.9819556909923516,True
0.025607614065991484,0.12905732913469295,0.8528600405141228,0.06232234448837387,0.9819173696488157,True
0.02564593914303437,0.12910002798330739,0.8527528674131695,0.062384323891280215,0.9818528953964769,True
0.025690757751144377,0.12916604005435378,0.8526180091689901,0.062360073731406465,0.9817840492233438,True
0.025721120836602076,0.12921942092339897,0.8525214080460634,0.06229410976489857,0.9817408289694624,True
0.025724527767814694,0.12923205640424998,0.8525062238901079,0.062404088786211634,0.9817382802943578,True
0.02575649388214442,0.12929366828917122,0.852399773068744,0.06249434615423051,0.9816934413579153,True
0.025810316180669774,0.12939713874339617,0.8522203890406332,0.06248895397190252,0.9816175277840294,True
0.02585030084356842,0.12949402336538687,0.8520745819688128,0.06258946695626272,0.9815686053341997,True
0.025917978301917697,0.1296674631562167,0.8518201720584382,0.06265355623734534,0.9814876352146549,True
0.025977907469758962,0.12983563889501212,0.851586197201727,0.06276019536080567,0.9814218360967392,True
0.025918652214261928,0.1296544993289839,0.8518279367664338,0.06253005950442432,0.9814824360954176,True
0.025951159667855682,0.12973620446564546,0.8517036514208055,0.0626311466936188,0.981439855886451,True
0.02597720321733325,0.1297982377089335,0.8516055425247059,0.06254666475267535,0.9814037802336394,True
0.025953303650934262,0.12974289206318743,0.8516955206742719,0.06271514619676676,0.9814384127374594,True
0.025983068267696235,0.1297995017159909,0.8515869463743005,0.06268174985567913,0.9813864480902914,True
0.02600731521900779,0.12986523066718922,0.851486932197744,0.06279508709458077,0.9813521628649332,True
0.02604454437941031,0.12996967454335387,0.8513294553798181,0.06288299044827728,0.9812991299231719,True
0.026072611382230965,0.13006344802420428,0.851201357823326,0.06301488764633577,0.9812648058475302,True
0.026095156726187112,0.1301451906729671,0.8510932040965971,0.06316323922783852,0.9812383947695642,True
0.02613277007503686,0.1302835113043979,0.8509073917652297,0.06327701353878132,0.9811909030696275,True
0.02611626293724546,0.13020990286629924,0.8509965553354948,0.06304604002003177,0.9812064582017941,True
0.026073151220103764,0.1300516060533323,0.8512302445676158,0.06327274944847944,0.9812818506209481,True
0.026075098256907497,0.13002889796225095,0.85121756911247,0.06327166741553861,0.981246467074721,True
0.026084084646117722,0.1300518471036336,0.8511603757232871,0.06335742543006759,0.9812122228269207,True
0.026098285141422525,0.13011148882969956,0.8510658620257948,0.06343743284745738,0.9811773508554944,True
0.026108091372809564,0.13016105844890252,0.8509958589290438,0.06335508159253352,0.9811569173779464,True
0.02612341586109009,0.13025525750723244,0.8508750749190302,0.0634489736269516,0.9811303324262627,True
0.02611235481677272,0.1301740941141289,0.8509776147531869,0.06367481514269253,0.9811517088673158,True
0.02611406131522792,0.1302116724115566,0.8509202740623943,0.06379442593655797,0.981131946473951,True
0.02611450091051065,0.1301845550778486,0.8509618001722108,0.06399675537099264,0.9811463552500594,True
0.02610690358825212,0.1301862997687089,0.8509417719248571,0.06410564471525625,0.981128071693566,True
0.02610296659509115,0.13020259180559826,0.8509145277497367,0.06404544360923256,0.981117119555335,True
0.0261081333756141,0.1301941034174571,0.8509309318035486,0.06425680945665882,0.9811250352210057,True
0.026146196484715285,0.13023970126812529,0.8509185057502056,0.06443271674509249,0.9811582070183309,True
0.02662523602085177,0.13222628036437173,0.849221089705852,0.06269569414250915,0.9814473700702238,True
0.026764869863794442,0.13306325919479334,0.8484592511205865,0.06262402103467428,0.9815225103153798,True
0.026774215103704715,0.13312430850671608,0.8484044560793561,0.06271674794800779,0.9815287645860722,True
0.02677557101933662,0.13313467659606606,0.8483961138953732,0.06263872064409927,0.9815307904914392,True
0.026759683414053728,0.13300234310564207,0.8485047606020713,0.06267325415859704,0.9815071037077133,True
0.026740717707239552,0.13279561956201003,0.8486622932638844,0.0626692855951274,0.9814579128258945,True
0.02673369982725482,0.13263918590239895,0.8487652328976701,0.06262754646310373,0.9814044188000691,True
0.026736922262016797,0.13257047047918516,0.8487961775089211,0.06255720326796381,0.9813666479881062,True
0.02674088034108509,0.13254324711129314,0.8488034374703595,0.06246915444448368,0.9813466845816526,True
0.026752380410174602,0.1325203514181089,0.8487903826813816,0.06252267049333657,0.9813107340994905,True
0.026689862573169035,0.13256663768263233,0.8489063665813623,0.06236740950677439,0.9814730042639946,True
0.02669128750894897,0.13243684437753564,0.8489757450330645,0.0623417138192913,0.9814125894106002,True
0.026688479744863818,0.13246562416647295,0.8489654906094491,0.062460484203553504,0.981431114775922,True
0.026698360168117025,0.13239360922729643,0.8489833054874502,0.062408546643396914,0.9813769147147466,True
0.026716246177361066,0.13237084219618472,0.8489553054033533,0.062450350232796825,0.9813261475995381,True
0.026743736440446617,0.13238007101727686,0.8488883493329128,0.06249744472613871,0.9812684203501897,True
0.02670425328364574,0.13234623172527799,0.8489968141014804,0.0626504360493734,0.9813430458267585,True
0.02669372393587933,0.13234557524297114,0.8490220646341413,0.06251722984147176,0.9813676398771125,True
0.0266844438807975,0.1323891481044399,0.8490192476139827,0.06265192482090993,0.9814083957184226,True
0.026691992904649808,0.13234049714450696,0.8490280554797957,0.0627201402925641,0.9813685526243026,True
0.026686850956176927,0.1323724451596361,0.8490223594924099,0.06283653469374775,0.981394804652046,True
0.02669509686035612,0.13231580061382156,0.8490339433208125,0.0628027677129903,0.981349743934634,True
0.026710104606442134,0.13229033679636892,0.8490128335328264,0.06276029838100096,0.9813031703291953,True
0.026739227887429117,0.13229450111737204,0.8489416135922944,0.06275916483281416,0.9812361147096664,True
0.026694601571473447,0.13221955949351213,0.849089555637477,0.06256514751848669,0.9813091151309892,True
0.02671539276902896,0.1322015921626455,0.8490479585438314,0.06258629435751055,0.9812495507064769,True
0.026747571769920056,0.13222936201772315,0.8489557110109914,0.06255705469293177,0.9811850730287146,True
0.026782070872433783,0.1322953542285463,0.8488347564891818,0.06261721291187439,0.9811301107177282,True
0.026644786031229786,0.1319660010858269,0.8493550191532035,0.06231858999457139,0.9813210202390305,True
0.02665322211221095,0.1319084977859402,0.849362195525267,0.06225130981420683,0.9812706933112072,True
0.026457733023874806,0.13200375515505444,0.849828401908003,0.06213111859007059,0.9818321570630575,True
0.026436849730934898,0.13183254253283927,0.8499691969429048,0.062139947377912,0.9818017394757441,True
0.02642647257846642,0.13172074402524606,0.8500548942676127,0.062052847513374074,0.9817756382928587,True
0.02642264789490766,0.13163770114872167,0.8501092244427716,0.062091131333939883,0.9817469255914932,True
0.026423962037350902,0.13169760800806213,0.8500717322841992,0.06221775855007657,0.9817693402922614,True
0.02642882404330763,0.13186947539571722,0.8499654660633291,0.06236907311096153,0.9818349414590464,True
0.026432901777902584,0.13194362233811974,0.8499145857405016,0.062472480121538394,0.9818582080786213,True
0.026426449859033183,0.13177885131330794,0.8500215063972024,0.06247743423446504,0.9818003577105103,True
0.026428572056089603,0.1317376084204764,0.8500395290534117,0.06255575628836899,0.9817771374738882,True
0.026442345791124505,0.13165986963354284,0.8500526500856521,0.06256634461114725,0.9817125197191949,True
0.02646379779864231,0.13164880961644027,0.8500107067927899,0.06263800041026572,0.9816595164092301,True
0.026475319143753166,0.1316488235446326,0.8499850345624259,0.06256419225109067,0.9816338581070585,True
0.026473014096603662,0.13165529670814693,0.8499862660086391,0.06267715805256882,0.981641562716786,True
0.026478280451705274,0.1316643770478573,0.849968877918353,0.06278287168125614,0.9816332549662102,True
0.026501479155242716,0.13166392862053405,0.8499156647045027,0.06276199101546723,0.9815795933250369,True
0.026493564959575815,0.13164700323471948,0.8499437637492973,0.06263132316419816,0.9815907669840167,True
0.02652292784669754,0.13166229674941016,0.8498661284026208,0.06267615200531662,0.9815284251520309,True
0.026545016952275898,0.13169027101602973,0.8497985388837325,0.06260596494534255,0.9814888098997622,True
0.026579335127750018,0.13175463005319177,0.8496806425632543,0.06267674652544912,0.981435272616446,True
0.026520426059386322,0.1316347992697921,0.8498890513231004,0.06284873335776384,0.9815238505928925,True
0.026545127635368128,0.13164001743539716,0.8498236776072498,0.06285552680570193,0.981463695042647,True
0.026579986801457695,0.13169775278790202,0.8497041636193581,0.06291403099037138,0.98140191640726,True
0.02661172355318995,0.1317690592320281,0.8495847568783985,0.0628704278128975,0.9813538161104266,True
0.026603809351031224,0.13175500146818078,0.8496127461233132,0.06302600944183429,0.9813677475914939,True
0.026638880545550362,0.1318350513466267,0.8494749884914505,0.06309035140195321,0.9813100398380772,True
0.02668123840172601,0.13195846553877336,0.8492933755720701,0.06312384649193063,0.9812518411108434,True
0.02668825291830373,0.13198806976985913,0.8492583072875075,0.0632838596318875,0.9812463770573666,True
0.026722467264974323,0.13210227952405637,0.849097275901436,0.06328708804084482,0.9811995554254924,True
0.026761286528307594,0.13225457438609026,0.8488995809224722,0.063385323142818,0.9811541553085624,True
0.026730790504024948,0.13211645830831598,0.8490654808807415,0.06311640003615869,0.9811819391890575,True
0.026753144022650974,0.1322059146523262,0.8489367637718157,0.06311115752816508,0.9811426784241419,True
0.026778311934648157,0.13232731932147426,0.8487809218486237,0.06308362546066539,0.981108241170098,True
0.026790532479048376,0.1323950713960821,0.8486969483863696,0.06295324669449161,0.9810920197824516,True
0.026744547782834752,0.1320902830629115,0.8490653913410561,0.06331919447294676,0.9811556744039676,True
0.026737879611112614,0.13206852991604565,0.8490615300286857,0.06335748374417832,0.9811300599447313,True
0.02673887460209939,0.13209073246839095,0.8490254548608437,0.06348647820266437,0.9811161873292347,True
0.026736209150635196,0.13205869872368137,0.8490656890515894,0.06325401452151898,0.9811243877752708,True
0.026728179299266387,0.13204000309067032,0.8490693612384382,0.06316070881593024,0.9811093643291086,True
0.026720981193160322,0.132042807478646,0.8490493249462547,0.06309651607034325,0.9810921324249007,True
0.026717221220904714,0.13208555798898156,0.8489909066135426,0.06309052365429438,0.9810764646025242,True
0.026717650444581895,0.13215470534932075,0.8489133329637356,0.06318037093460506,0.9810680383130563,True
0.02672164521675399,0.13213193310589905,0.8489395788038486,0.06342441979271463,0.9810715119097477,True
0.026709205294845474,0.13215079064861282,0.848915184469313,0.06338019586183583,0.9810659751179258,True
0.026697457005325567,0.13220624625416064,0.8488578847800193,0.06342712437575168,0.98106413103418,True
0.026693602898718586,0.13226218467508058,0.8488042394794051,0.06359163285100819,0.9810664241544856,True
0.026751205813969756,0.1318900003578567,0.849144141290496,0.06290813403449962,0.9810341416483527,True
0.026737490885862185,0.13184913913563748,0.849182756197621,0.0630294929855271,0.9810318953332584,True
0.026719806616097675,0.13179838391644558,0.8492297427060198,0.06314208161104345,0.9810281266224654,True
0.026799254539588258,0.13202934729207444,0.8490173596452336,0.06344690105512307,0.9810467069373081,True
0.026773091845550486,0.13191962448358896,0.8491173097376499,0.06355253785922435,0.9810369342212388,True
0.026740487164595532,0.13178779265653678,0.8492333225180978,0.06358476040260766,0.9810211151746346,True
0.026717306870385604,0.13172156416108993,0.8492879753250883,0.06366799303331683,0.9810095394861782,True
0.026703498051365706,0.1316896987268552,0.8493097983885555,0.0636057762971773,0.9809994971154107,True
0.02670353045122221,0.13167586813824486,0.8493250864515414,0.06340121545572747,0.9810009545897862,True
0.02670381697665796,0.13168531698262897,0.8493147959924834,0.0635720453547704,0.9810001129751124,True
0.026750279246670727,0.13179489703688702,0.8492264530742801,0.0638355853574979,0.9810213501111671,True
0.026718109575683872,0.13166148256585283,0.8493431862385181,0.06387616525891911,0.981004668804371,True
0.026699546791344925,0.1315949367104947,0.8493975538463167,0.06381904009116383,0.9809924905568114,True
0.026684822851532543,0.13155997553946344,0.8494199127936739,0.06391416992987108,0.9809798883331373,True
0.026670865901585503,0.13154286308361304,0.849424381830046,0.06389559054574089,0.980967244913659,True
0.026789208304888942,0.13124101033622648,0.8498495431653801,0.06285319065094913,0.9810905535016066,True
0.026764894352705616,0.13110895263184605,0.8499692664234972,0.06291064277076783,0.9810782190553433,True
0.026860747699964993,0.13166310290838135,0.8494871509633838,0.06275728287516284,0.9811502538717651,True
0.02688527205361483,0.13181577651109813,0.8493524204780128,0.06291792181629796,0.981168196989111,True
0.02688763170893952,0.13183074853764817,0.84933871949268,0.06302290094298912,0.9811694680303282,True
0.026858772980904538,0.13161121755754082,0.8495180023769864,0.06301242105702856,0.9811292199345272,True
0.026856227813337963,0.13157908749191685,0.8495392648101716,0.06310682292451009,0.9811183523020884,True
0.026847862701519738,0.1314557686619508,0.8496190342369612,0.06314526233288299,0.981074802898912,True
0.026850171677756118,0.13140642308315106,0.8496349590433504,0.06322635766241273,0.9810413821265015,True
0.026859390482340213,0.13135947544620466,0.8496302457540673,0.06323990265051614,0.980989721200272,True
0.02687896114735931,0.13136428335776815,0.8495714330750957,0.06325620111026263,0.9809357164328639,True
0.026908052463273387,0.1314207260224164,0.8494598241697313,0.063303137381728,0.9808805501921477,True
0.026937480283572433,0.13150540139143554,0.8493324282851149,0.06340605319024858,0.9808378296765504,True
0.026975734183583833,0.13162747843891143,0.849158015093765,0.06342553675098071,0.9807854935326764,True
0.02702016325489574,0.13179317072330493,0.8489405776522292,0.06346388356200187,0.9807337483755341,True
0.027046635026929715,0.13190246969162037,0.8488029099696109,0.06337570540874977,0.9807053796612313,True
0.027083957307371703,0.13207205553004714,0.8485946641381288,0.06334090042557915,0.980666719668176,True
0.027064007559075287,0.1319677102559657,0.8487139212175334,0.06310502107215982,0.9806816314734992,True
0.027085793071643428,0.13208932852104932,0.8485606689661553,0.06310413474588157,0.9806499974872047,True
0.02706115315056503,0.1319267089109899,0.8487562534905431,0.0634016729662017,0.980682962401533,True
0.027038516429088288,0.13154373763018584,0.8493735975844628,0.06263533318036982,0.9809173352146487,True
0.027005415950472518,0.13135335927277467,0.8495429383176608,0.06254003146590166,0.9808962975904355,True
0.02711916888638214,0.13206164800920653,0.8489461901377878,0.06297870330032003,0.9810078381469943,True
0.027093830094223503,0.13189970149789026,0.8490876276460136,0.06290261680878934,0.980987329143904,True
0.027098047899211695,0.13193292104442939,0.8490617828907016,0.06279130911484325,0.980994703935131,True
0.02709725663039632,0.13192970678244148,0.8490658304355045,0.06268596496808308,0.980995537217946,True
0.02711586937146467,0.13209774555090228,0.8489363456821344,0.06286832436683361,0.9810340912330366,True
0.027098317535365526,0.1319339451546439,0.8490622052790393,0.06280824244567765,0.9809961504336833,True
0.027100757467418562,0.13195923840610155,0.849043043947683,0.06292282896816064,0.9810022823537846,True
0.027096520981018314,0.13185378980870432,0.8491067609932443,0.06296285971566834,0.9809605508019487,True
0.027099786575804072,0.13182701864785584,0.8491118148272493,0.06305119136727232,0.9809388334751051,True
0.027110240185043596,0.1317661621424849,0.8491160834560727,0.06307550531284323,0.9808822455985576,True
0.02712838150753039,0.13176684032855202,0.8490691685985331,0.06315250107116595,0.9808360089270851,True
0.02715718868451076,0.13179686345848177,0.8489793072983808,0.06316211217305567,0.9807761707568625,True
0.027194189529363023,0.1318756090222678,0.8488421932754683,0.06323254108562008,0.9807178022977361,True
0.027110025137085214,0.1316422535135461,0.8491852499783159,0.06291698925314126,0.980827503491862,True
0.027120326903320963,0.1316282115895578,0.8491621416010076,0.06284041140160199,0.9807903531905653,True
0.027131463469940716,0.13164392055352894,0.8491222377761155,0.06293691684225988,0.9807661583296444,True
0.0271347109497028,0.1316406747169487,0.8491139662636209,0.06281291940470157,0.9807546409805696,True
0.0271466568024038,0.13164838830254605,0.849073162180907,0.06271941695580788,0.980721550483453,True
0.027164349320423307,0.13168556057901626,0.849000242975102,0.06278449179703369,0.9806858035541183,True
0.027112483183874377,0.13156340598296226,0.8492248813487462,0.06306443857723898,0.9807882873317084,True
0.02711284626257854,0.13150422202885056,0.8492414029579678,0.06306336465497694,0.9807456249868184,True
0.027121267099523373,0.13149446392007252,0.8492119968255344,0.06302690372655655,0.9807064607456069,True
0.027136635710869685,0.1315274906371609,0.8491410550818775,0.06309594090812828,0.9806685457190385,True
0.02710389240899579,0.13143496204644098,0.849304682969909,0.06331840111132725,0.98073964501635,True
0.027103727135547127,0.13139237819211524,0.8493091468293178,0.06333463286807212,0.980701525021433,True
0.027112516546295488,0.13140061094648933,0.8492618614708086,0.06337979418187037,0.980662472417298,True
0.02712562879441263,0.13144784504286386,0.8491857865137993,0.06349156687979512,0.9806336315566632,True
0.02714389472360949,0.13152638163125827,0.8490710766418201,0.06353720526780296,0.9805974582730784,True
0.027165234071945474,0.1316381487258709,0.848929305070822,0.06364045954864427,0.9805674537966929,True
0.027180098373246392,0.13172883535008006,0.8488188254521802,0.06357362280888255,0.9805476608022603,True
0.02716126024627387,0.13158791065860453,0.8489866555570341,0.06381043813886639,0.9805745662156387,True
0.027159185360195508,0.13159294744024005,0.8489717443170054,0.06370315915582386,0.9805646917572455,True
0.027156906391177314,0.13157249842377106,0.8489949498144814,0.06350297315967271,0.9805674482382525,True
0.027162947619257905,0.13158964969297607,0.8489839577384098,0.06370829079755636,0.9805736074313859,True
0.027168759896584984,0.13159470304383233,0.8489882642158796,0.0634841508627081,0.980582967259712,True
0.027147908424643048,0.13151985946287392,0.8490454281618537,0.06349907416243432,0.9805652876247276,True
0.02713303961651875,0.1314866711187746,0.8490616010647125,0.0634750490032414,0.9805482721834871,True
0.027123640363323324,0.13149632452976584,0.8490372542572575,0.06344851520138149,0.9805335787870233,True
0.02712395412452287,0.13152508496245705,0.8490049123103957,0.06360438259332694,0.9805299972728527,True
0.02711588504205225,0.13156665030160228,0.8489550209004239,0.06366331618062666,0.9805216712020262,True
0.027113458879723207,0.1315468913659461,0.8489747371257936,0.06345487623998443,0.9805216284917397,True
0.02709799221151749,0.1315755191292402,0.8489431648920605,0.06343825749727026,0.9805186840213007,True
0.027104760585252626,0.1315758910176457,0.8489425563031301,0.0636726703060067,0.9805184473207758,True
0.027132396278520238,0.13153281065171177,0.8489823607449882,0.06332973960842005,0.9805151713967,True
0.027151114019421628,0.13156859704727614,0.8489483061556339,0.06311738333548138,0.98051690320291,True
0.02740066772793508,0.13234398683438453,0.8482175231628402,0.06299812256198796,0.9805615099972247,True
0.02740574998919289,0.13237097833119393,0.8481919536784756,0.06312878978012075,0.9805629320096695,True
0.02736354580480066,0.1321430795236216,0.8483975816643105,0.06304989368362196,0.980540661187932,True
0.027355364702966962,0.13209661640200182,0.8484384003229042,0.06292457877339648,0.9805350167249061,True
0.02733012344892449,0.13194415151526784,0.8485636263087057,0.06283264840600333,0.9805077778239736,True
0.027333602565737834,0.13196547728082975,0.8485453219542205,0.06298221767271621,0.9805107992350502,True
0.027334642190224228,0.13197029514005912,0.8485389888118324,0.06311460860056672,0.9805092839518915,True
0.027321311992798625,0.13187090871986712,0.8486069165571013,0.06306767120658213,0.9804778252769684,True
0.027316992468279115,0.13181755682069238,0.848625390096728,0.06308032734419204,0.9804429469174204,True
0.0273209343339295,0.13181136819353886,0.8485955522125366,0.06307760322632475,0.9804069204060755,True
0.027331448179917443,0.13184921989315204,0.8485236525511076,0.06305039325724177,0.9803728724442596,True
0.027347996749858473,0.1319319697937289,0.84840829234988,0.0630744824357103,0.9803402621436089,True
0.02735954140026687,0.13200092586530554,0.8483200277530977,0.06297132463356724,0.9803209536184032,True
0.027375529357920567,0.13211496000129003,0.8481818348643125,0.06292426978462454,0.9802967948656025,True
0.02739346869749263,0.13226482626213756,0.8480117456085615,0.06290494766206513,0.980276571870699,True
0.027408478046693645,0.13241880250109983,0.8478452503138704,0.06283217199999794,0.9802640528149702,True
0.027418845473944888,0.13254074121689585,0.8477194872907707,0.0629644312390116,0.9802602285076666,True
0.027425800117973263,0.13270597174261095,0.8475539228455331,0.06303039617594229,0.980259894588144,True
0.027426756371313626,0.13285136395722472,0.8474145327049918,0.06295193488607234,0.9802658966622165,True
0.027423791969930843,0.132799563742843,0.8474634153845447,0.06269983905933747,0.9802629791273877,True
0.027405452179867607,0.13289280345040907,0.8473857054850166,0.06263508463200998,0.9802785089354257,True
0.027505593796065004,0.13239986693990294,0.8477746941973547,0.06331187815899099,0.9801745611372576,True
0.027479721332311264,0.1323370862106212,0.847840072324326,0.06343179436067124,0.9801771585349472,True
0.027440886048857256,0.13224874975490866,0.8479322927883914,0.06341119842294002,0.9801810425433001,True
0.027427964045404818,0.13224026065018718,0.8479437737922827,0.06356717382606901,0.9801840344424699,True
0.02739527595737044,0.13220524966863922,0.8479858668271971,0.06364406325415066,0.9801911164958363,True
0.02736417414574071,0.13220364212764202,0.8479985753394389,0.06368672288293983,0.9802022174670809,True
0.02733535742087586,0.13223837702872443,0.8479799768521135,0.06373915241936534,0.9802183538808379,True
0.027328389722274894,0.13227474488148597,0.8479512904976884,0.06393575077526359,0.9802260353791743,True
0.027299565201218578,0.13230436366919632,0.8479414484586507,0.06389676141584132,0.980245812127847,True
0.02727490117441039,0.13235759084182744,0.8479103481658081,0.06404234779732414,0.9802679390076355,True
0.02732050910474302,0.13223924355335742,0.8479820495932451,0.06361019912080233,0.9802212931466026,True
0.02728370062305438,0.13220672035910325,0.8480328318224633,0.06369904657386122,0.9802395521815666,True
0.027255133674351686,0.13218110153665413,0.8480732411291593,0.06356448704474954,0.9802543426658135,True
0.027209864600535046,0.1321654057977323,0.8481163063397354,0.06358356576935528,0.9802817121374677,True
0.027183854864312344,0.1321600400564949,0.8481389711341584,0.06342712668387739,0.9802990111906533,True
0.0274613166080721,0.13205717580930615,0.8480294329737382,0.0629691280429819,0.9800866087830444,True
0.02758343956027464,0.1324780935626277,0.8475974727193302,0.06338971590856822,0.9800755662819579,True
0.02756608741426484,0.13241051638846332,0.8476637456000098,0.06350174636839259,0.9800742619884731,True
0.027517065417831648,0.13221244256663198,0.8478540809663166,0.06351892960555375,0.9800665235329487,True
0.02747888581339501,0.13207271888235775,0.8479853740533042,0.06355426030100174,0.9800580929356619,True
0.027459114082703302,0.13200798095590333,0.8480450326812398,0.06344973720501486,0.980053013637143,True
0.027431109312575294,0.13193281214091238,0.8481116690786187,0.06342172727110669,0.980044481219531,True
0.027415434873764466,0.131917580253746,0.848121792169742,0.06350591929967493,0.980039372423488,True
0.0273982282074477,0.13191108431233825,0.8481244635762247,0.06344229296554536,0.980035547888563,True
0.027405095081567514,0.1319226487479913,0.8481133532711886,0.06365789899011674,0.98003600201918,True
0.027394367917562768,0.13190585248790057,0.8481295810336993,0.06351656299932217,0.9800354335215998,True
0.027388385486557316,0.13191359188511664,0.8481220215940272,0.06367265231501416,0.9800356134791438,True
0.02736321472332477,0.13189529980546685,0.8481413901053781,0.06365362694475635,0.980036689910845,True
0.0273410391156614,0.13191677112405392,0.8481248468185032,0.06368981646718283,0.9800416179425571,True
0.027322964673015766,0.1319714713571438,0.8480793141904417,0.06377182844138259,0.9800507855475855,True
0.027306347116346514,0.13204459461532242,0.8480194397770462,0.06388330166304944,0.9800640343923686,True
0.02728629283363196,0.13213441785083596,0.8479491224363067,0.06398751116236315,0.9800835402871426,True
0.027297280092946054,0.13204602128527526,0.8480205318376004,0.06366588131234883,0.9800665531228756,True
0.02739006011964236,0.13197028449219844,0.848033627912673,0.06325993444118595,0.9800039124048714,True
0.027340561460126717,0.13184743417216047,0.848165970105482,0.06323182945177978,0.9800134042776425,True
0.027361717839876887,0.13189772726685614,0.8481110685595936,0.0634753590288497,0.9800087958264497,True
0.027317386311478675,0.13179760068191487,0.8482190560107179,0.0634910182099979,0.9800166566926327,True
0.0272800195172999,0.13174527900981814,0.8482814533510036,0.06353137203205912,0.9800267323608217,True
0.027277547681016534,0.13172905934473453,0.8482973369607244,0.06332813431991054,0.980026396305459,True
0.02725246593972137,0.1317077551312934,0.8483273996773342,0.0634248419472454,0.9800351548086276,True
0.027218172717028883,0.13168149500553558,0.8483669810669126,0.0633572279164806,0.9800484760724482,True
0.027182604141687508,0.13168664573064015,0.8483807707073385,0.06334524991262841,0.9800674164379787,True
0.027155255198206333,0.13172528560111474,0.8483625964247424,0.06342988039574977,0.9800878820258572,True
0.02713602017489914,0.1317377027527338,0.8483641065585663,0.06327161429047298,0.9801018093113001,True
0.027099401575845887,0.1317672572034646,0.8483630894917791,0.06318753569998899,0.9801303466952437,True
0.027086579776904863,0.13176430066790382,0.848374920747848,0.06298048373351632,0.9801392214157518,True
0.027046542326869247,0.13179185115371816,0.8483806675453137,0.0630176394694866,0.9801725186990319,True
0.027051030351476855,0.131764037494214,0.8484009233362677,0.06276864485974457,0.9801649608304817,True
0.02709496384997797,0.13179642839480324,0.8483398536000132,0.06310610569951036,0.9801362819948164,True
0.02704435096751089,0.13172765630982453,0.8484349907183939,0.0630211678066459,0.9801626470282184,True
0.027431357708963357,0.1319791684231751,0.8479373577584406,0.06254450862833526,0.9799165261816156,True
0.027367509749624156,0.13173507539993745,0.848183876878545,0.0624495410750247,0.9799189522784825,True
0.02738415822782532,0.13179855127867718,0.8481201325633667,0.06264657986702911,0.979918683842044,True
0.027432094933959476,0.1319803271736731,0.8479412588190611,0.06289120375079219,0.9799215859927343,True
0.027390373051824037,0.13180792040139136,0.8481062233080489,0.06282919823787944,0.9799141437094402,True
0.02758661832587549,0.13254945121185435,0.8474185098253011,0.062494413072192334,0.9799679610371554,True
0.027535327583092135,0.13228534622395766,0.8476631479050953,0.062454778213063486,0.979948494129053,True
0.027555321641910366,0.13239107582753198,0.8475707844503845,0.06232025727961937,0.9799618602779164,True
0.02757527063495191,0.13250512591334676,0.8474731360938733,0.062200265525149165,0.97997826200722,True
0.027568604312712706,0.1324636735718906,0.8475074672382403,0.0622863043052314,0.9799711408101309,True
0.027545352442941918,0.13230730944440003,0.8476339324932136,0.06228462231908283,0.9799412419376137,True
0.02754075467536036,0.13226553667528063,0.8476610360303957,0.06236937192449965,0.9799265727056763,True
0.02753566365154172,0.13221956819059624,0.8476920617742868,0.06226254113881059,0.979911629964883,True
0.027530364278385244,0.13214612023284805,0.8477298936800377,0.062198137972789586,0.9798760139128857,True
0.02753447336620425,0.13212257529143237,0.847716654082314,0.0622195821461514,0.9798392293737463,True
0.027511320844649058,0.13211140734121293,0.8478251473098781,0.06252462830011168,0.9799365546510911,True
0.02750065754785769,0.13201376256325412,0.8478879323876409,0.06256175874636997,0.9799016949508951,True
0.027501545548283914,0.13199829430349522,0.847886043089534,0.06267139553585631,0.9798843373930292,True
0.027504045295808112,0.1319727701821133,0.847877361989385,0.06274791805167788,0.9798501321714983,True
0.027513549384020394,0.13198409949849776,0.8478284098239134,0.0628192452929772,0.9798125093224112,True
0.02752320568371031,0.13201945775742197,0.8477667436638086,0.06294194220134039,0.9797862014212305,True
0.02754155444256084,0.1320932081928915,0.8476558925243186,0.06300534110266469,0.9797491007172101,True
0.02755254616966726,0.13214637301684604,0.8475836976709511,0.06292166265049812,0.9797300706877972,True
0.02754615065976755,0.132109667429155,0.8476354086862526,0.06311869446950315,0.9797450761154076,True
0.02755180222292062,0.13215329618359958,0.8475654473335864,0.06319331358597985,0.979718743517186,True
0.027560818968258204,0.13222466057747567,0.8474752427620004,0.0633208136796567,0.979699903339476,True
0.02756707388517033,0.13227709272016175,0.8474147906151739,0.06349093692862798,0.9796918833353356,True
0.027572194585115773,0.13234502190885572,0.8473360734897434,0.06365046004095556,0.979681095398599,True
0.02757618500058712,0.13243161817294927,0.8472393657121225,0.06380070664509763,0.9796709838850718,True
0.027578885452896083,0.13254668121128987,0.8471169780503306,0.06389856058909,0.9796636592616205,True
0.0275783599789511,0.13262089375438818,0.8470420449151727,0.06382036389431875,0.9796629386695608,True
0.027577607739649117,0.1324663146616117,0.8471923025763431,0.06346039670984087,0.9796586172379549,True
0.027555944953994323,0.1324792058422344,0.8471817991126724,0.06345436225679403,0.9796610049549068,True
0.02756232200919232,0.13248920110221132,0.8471707519588534,0.06367247661169721,0.9796599530610647,True
0.02753595110265388,0.13249443530064997,0.847172539372116,0.06369158611196582,0.979666974672766,True
0.027520108731566163,0.13253313218345536,0.8471425136927092,0.06382011085063566,0.9796756458761646,True
0.02749957035441925,0.1325640571073426,0.8471235491924417,0.06374604828577045,0.9796876062997844,True
0.02748232141703674,0.13262915574465098,0.8470746281159023,0.06386310998365223,0.9797037838605532,True
0.027456723421830417,0.13268120138626133,0.8470437251630983,0.06380155195320894,0.9797249265493597,True
0.027434400056161292,0.13272081916617234,0.8470237412555858,0.06367767139836329,0.9797445604217581,True
0.027398749797034723,0.1327936197331601,0.846985664050946,0.06370572983467658,0.9797792837841061,True
0.027366518321963552,0.1328788331945767,0.8469371348957554,0.06379920364994406,0.9798159680903321,True
0.028097244697468576,0.13112302417172084,0.8478484462688797,0.062422418145400525,0.9789714704406005,True
0.028125409649916056,0.1312436661069591,0.847728180105812,0.06259965252055968,0.978971846212771,True
0.02830011096196885,0.1320225453441414,0.8469759795381921,0.06244889717849547,0.9789985248823335,True
0.028295913503545406,0.13200164681197063,0.8469963330943109,0.06234066387075809,0.9789979799062816,True
0.02832133644175787,0.1321379689458301,0.8468707772536453,0.06250243088907725,0.9790087461994754,True
0.028302065663609308,0.13202676860864657,0.8469702277260647,0.062406951582410095,0.9789969963347113,True
0.028299453407899938,0.13200702599995862,0.8469853592278102,0.06250200390865612,0.9789923852277688,True
0.028345944901354544,0.13234157863495896,0.8467159440576335,0.06272621193309404,0.9790575226925925,True
0.028316740019815462,0.13213342058473423,0.8468883166583041,0.06273715665193487,0.9790217372430383,True
0.028305849635133957,0.13203036586653114,0.8469643402398802,0.06267556439534301,0.9789947061064114,True
0.02830471143311268,0.1319865140832828,0.8469872674264786,0.06275657313580693,0.9789737815097613,True
0.02830347431588369,0.1319534562353184,0.8470057009927269,0.06266425964921372,0.9789591572280453,True
0.028304796437853712,0.13190973712400514,0.8470219958924508,0.06258409211953805,0.9789317330164559,True
0.028297722869066448,0.13196064257519205,0.8470185209279079,0.0627615188952236,0.9789791635030999,True
0.028296243437117802,0.13192593765397104,0.8470383234660719,0.06266866908100215,0.9789642611200429,True
0.028290502448393144,0.1319674830242407,0.8470352049383082,0.06251971279965526,0.9790026879625489,True
0.02828847371131608,0.1319513280481927,0.8470481530023605,0.06241097135870155,0.9789994810505531,True
0.028292821214509045,0.132074443660841,0.8469792341840169,0.06261556333964598,0.9790536778448579,True
0.02828975252172525,0.13201948099205146,0.8470134222875244,0.06268611441191627,0.9790329032795759,True
0.028288979093236775,0.13193991171661834,0.8470537543789551,0.06273451510894258,0.9789936660955735,True
0.028287915029929264,0.13197277530685247,0.8470406687368136,0.06286362623432161,0.9790134440436661,True
0.028292150238234694,0.13189495965941944,0.8470672334282981,0.06287195805725547,0.9789621930877176,True
0.02830946464220797,0.1318737069209829,0.8470321083114077,0.06290366653882726,0.9789058152323906,True
0.028334494339946985,0.13189912248388794,0.846953341737431,0.06288822181302012,0.9788524642213189,True
0.02836698180135522,0.13196216294540916,0.8468352138084356,0.06286786883609966,0.9787973767538448,True
0.028398279811337863,0.1320456857507996,0.8467091257310412,0.06296421122777164,0.9787548114818407,True
0.02844321396321252,0.1321743037940675,0.8465206264453038,0.06298247025555587,0.9786949302393713,True
0.028183695121438306,0.13130418871645588,0.8476840806071932,0.06242576941601834,0.9789882693236491,True
0.02817672690411271,0.13120744046311514,0.8477404754603516,0.06238016690665442,0.9789479159234667,True
0.028179416139315832,0.13116830726450532,0.8477445683384838,0.06229999277685998,0.9789128756029891,True
0.028190534999485137,0.13116021098452024,0.8477083466682591,0.06224482755054472,0.9788685576527794,True
0.02819474317086233,0.13117478242336525,0.8476889510699872,0.06238077624316851,0.9788637334933524,True
0.02821041933864487,0.1312010015175848,0.8476205512724333,0.062409098021512864,0.9788215527900181,True
0.028160458735628356,0.13104681979436256,0.8478634547062438,0.06213604418192697,0.9789102745006064,True
0.028156786027704148,0.13098676369097909,0.8478863418088781,0.06209901783630966,0.9788731054998572,True
0.028131499548097304,0.13099206189625434,0.8480104220858898,0.061891723220916045,0.9790024839821442,True
0.028130911418534608,0.13099206368423572,0.8480127374284766,0.061770442269673875,0.9790048011127124,True
0.028132376881136574,0.13100848700821635,0.8480030576773685,0.06165138881997685,0.9790115446855848,True
0.02817279314055804,0.13134160769408443,0.8477614233035188,0.0616088520910034,0.9791030309976032,True
0.0281454655888522,0.13115311320398734,0.8479181065507274,0.06156700494210868,0.9790712197547148,True
0.028146759426123772,0.13117307827360483,0.8479061162828466,0.061459669440638895,0.9790791945564514,True
0.028132523007688193,0.13103382921366735,0.848006629644695,0.0613643710591475,0.9790404588583623,True
0.02812993703289004,0.13095935083504773,0.848046331861405,0.06125468792292963,0.9790056826964527,True
0.028106480961691646,0.13119384588205224,0.8480121832546772,0.06181255054162866,0.9792060291367295,True
0.028089645362453775,0.13105106393592067,0.8481234012479604,0.061835537651903895,0.9791744651838811,True
0.028086194724483517,0.1309928376917505,0.848160079164811,0.06190330535261875,0.9791529168565615,True
0.028088913047063683,0.1312984501300091,0.8480064314472154,0.06169368923598225,0.9793048815772245,True
0.028068452749498887,0.13111861410974465,0.8481474244647963,0.06168877568247705,0.979266038574541,True
0.028060318830530246,0.13098721829866825,0.8482343544623159,0.06163890757053403,0.9792215727609841,True
0.028064423384979876,0.13093746898166803,0.8482498852491179,0.061687776663398544,0.979187354230786,True
0.028061667042083575,0.1309656483242128,0.8482421506022507,0.06181781882992871,0.9792077989264636,True
0.0280469834643185,0.13104701231714183,0.848236422332147,0.06164624038945518,0.9792834346492889,True
0.028050450250482993,0.13121180794486842,0.8481430737744579,0.06152253434108909,0.9793548817193263,True
0.028037617591661092,0.13105482135558438,0.8482558976919066,0.06146315382312725,0.979310719047491,True
0.028039224289011587,0.13109852309807252,0.8482289518119328,0.06158506022033758,0.9793274749100054,True
0.02803922980164502,0.13098333532548836,0.8482903573874774,0.06157156083439916,0.9792736927129657,True
0.02800683759282715,0.13108721058774014,0.8483103221133639,0.06141548024266343,0.979397532701104,True
0.02800192357046363,0.1309784057348306,0.8483801145987716,0.06134442166042328,0.9793585203336022,True
0.02800234359734068,0.1309449730291432,0.8483972337863808,0.06125320838095478,0.979342206815524,True
0.02798984752047509,0.13100696308585894,0.8483924001140107,0.06115573574469698,0.9793993631998696,True
0.027991388124287486,0.1310200130162954,0.8483817936748215,0.06125305125057104,0.9794018066911169,True
