omega,alpha,gamma,beta,mu,persistence,converged
0.023897889059858412,6.920057528511952e-11,0.15394070501677865,0.9125619940349021,-0.029611932048269174,0.989532346612492,True
0.02260190635704438,0.0,0.15371591991981798,0.9133523635148139,-0.028938532438415404,0.9902103234747228,True
0.025000906657055694,3.0535752452904126e-14,0.1532807262245414,0.9119262800364751,-0.026126516114127255,0.9885666431487764,True
0.02371644293707224,1.3637458271539673e-10,0.15299791094861534,0.9126839003879,-0.02477897587079458,0.9891828559985822,True
0.022718915868368526,1.2624065042664333e-11,0.1525406665385774,0.9132853844703905,-0.022572795472787517,0.9895557177523032,True
0.02186839483971007,0.0,0.1520520204881102,0.9138021534120833,-0.020132951033031237,0.9898281636561383,True
0.023655994086368797,1.4819057375036923e-13,0.15305531977097314,0.9127202968709034,-0.025183885937997325,0.9892479567565382,True
0.02409311969063461,0.0,0.15295372172203395,0.9123156065185907,-0.022631600425572416,0.9887924673796077,True
0.023084324270883125,1.9541481280810496e-10,0.1521672739419404,0.9131078729684072,-0.02110916914452512,0.9891915101347922,True
0.022278243740947046,0.0,0.15146282827880328,0.9137170123765245,-0.01911112413514973,0.9894484265159261,True
0.021121195905578198,0.0,0.1508511922082352,0.9145907341174014,-0.01827775807196309,0.990016330221519,True
0.021651058154794227,2.6661065144031017e-11,0.15059645215651318,0.9141831701834021,-0.015682013834198434,0.9894813962883198,True
0.020743638009249245,0.0,0.15033860640509933,0.9148414478751805,-0.01584961015403593,0.9900107510777302,True
0.01997666824112308,3.5924187835003826e-11,0.15018665177592758,0.9154123736534823,-0.016463853804824465,0.9905056995773702,True
0.023204055254585482,0.0,0.15089868995474254,0.9129953635094658,-0.01376834014140087,0.9884447084868371,True
0.025310154685017877,0.0,0.1523880545651029,0.9115394372081604,-0.019007777720770436,0.9877334644907119,True
0.026726707259442217,8.968693733123359e-13,0.15434878777758126,0.9102047508703661,-0.022617474244399312,0.9873791447600536,True
0.02593896059002208,0.0,0.15294226810678013,0.9111857279110361,-0.02221696199612789,0.9876568619644261,True
0.02517261027065163,0.0,0.15170757028463447,0.9120952736403262,-0.021941423074855557,0.9879490587826434,True
0.024594939687890557,0.0,0.15076101454385615,0.912715747025401,-0.020733918409180863,0.9880962542973291,True
0.023908818754081886,2.0390097222752922e-11,0.1499232781654257,0.9134482953537183,-0.020833372632292766,0.9884099344568212,True
0.02412659331811433,1.3717351681764668e-12,0.15039556366032536,0.9132886348448553,-0.022951714261093034,0.9884864166763897,True
0.023508331719016982,1.1236952817236399e-11,0.14941276247796276,0.9139720162372995,-0.022117486871347194,0.9886783974875177,True
0.024053476391400774,0.0,0.14980691106450977,0.9133207214029002,-0.019499523533352055,0.9882241769351551,True
0.02339748780912821,0.0,0.14909084231142264,0.9139531092205935,-0.019183091331778573,0.9884985303763048,True
0.02281431084675554,2.4676775478346028e-12,0.14841119006112322,0.9144735779157523,-0.018046122800410888,0.9886791729487816,True
0.023396650104602595,0.0,0.14847027308902216,0.9139369241819697,-0.015411328441377641,0.9881720607264808,True
0.02295262348478114,4.024416087028333e-11,0.1483183363894419,0.9142946671819857,-0.01612359684071696,0.9884538354169508,True
0.02262653733995888,5.551751230424676e-11,0.14830370872681092,0.9145655937305694,-0.017234788267553168,0.9887174481494924,True
0.02286752402069192,4.6084608148515285e-11,0.14808307189879996,0.9143364368642172,-0.014697385143907468,0.9883779728597017,True
0.022541296049160307,9.044608466113242e-13,0.14810455372305828,0.9145948880482956,-0.015829192158869052,0.9886471649107292,True
0.02213461238031935,1.51218646404493e-11,0.1480026393135688,0.9149327220397926,-0.0167685602342953,0.9889340417116989,True
0.021669251809327033,5.7396433607505656e-11,0.14784030605663948,0.9153237171813681,-0.017583301230741165,0.9892438702670843,True
0.02116174589672871,0.0,0.1476324750336694,0.9157424794280047,-0.01825200814649347,0.9895587169448394,True
0.020605605021912735,8.414967623313946e-11,0.1474095279644012,0.9161846459289447,-0.01874021559645729,0.989889409995295,True
0.020162357206829316,0.0,0.14696889478199213,0.9165191507428375,-0.01732938306495396,0.9900035981338335,True
0.019532000182163854,2.2874339485153393e-11,0.14668756121249826,0.9169747338722614,-0.016990067504818827,0.9903185145013849,True
0.018882152210775688,4.626583146162859e-11,0.14645172602209194,0.9174211237385667,-0.01653866663112175,0.9906469867958785,True
0.019677806607912615,0.0,0.14598104023943323,0.9169113403664184,-0.01331209966852339,0.989901860486135,True
0.01972350991051396,7.154369879350948e-13,0.14637458026786912,0.9168737968074216,-0.015383237606354313,0.9900610869420716,True
0.01911040413861928,8.964326109858266e-11,0.14594477570995956,0.9173515608653495,-0.014576725232902932,0.9903239488099727,True
0.018523879395038505,0.0,0.14549361377368306,0.9178025105583675,-0.013432016389009961,0.990549317445209,True
0.018000376855474808,0.0,0.14507421618066005,0.9181822390148129,-0.011949711280117587,0.9907193471051429,True
0.02025230616020014,0.0,0.14655993870454423,0.9166258189261407,-0.017489709093844157,0.9899057882784128,True
0.01988539993897407,5.270095281285045e-11,0.1459465246539392,0.917149814022438,-0.018283661172280585,0.9901230764021085,True
0.022252704695730947,0.0,0.15039663253111044,0.9142827435667548,-0.022509324666056523,0.9894810598323099,True
0.022696132483292667,3.1754895699319126e-10,0.1518290969143608,0.9135924388251869,-0.024356270223156083,0.9895069875999163,True
0.022833538866508244,0.0,0.15238390709557595,0.9131830830888342,-0.022810043765402476,0.9893750366366222,True
0.023066417711057278,9.33586834226026e-11,0.15317164435000857,0.912852262344721,-0.024335712767547805,0.989438084613084,True
0.022731028889361307,4.529421565609972e-11,0.1518930574074361,0.9134975436838266,-0.023736881140139703,0.9894440724328389,True
0.0226832709849862,4.004227429962183e-11,0.1517723700174908,0.9134768924983288,-0.02240294167321915,0.9893630775471165,True
0.022337464193352762,0.0,0.15058604893037042,0.9141207312504434,-0.022316223077013513,0.9894137557156286,True
0.023155952480957545,1.2893544175616914e-10,0.1531347814796501,0.9128758505215577,-0.0247593341655182,0.9894432413903183,True
0.023259692400317285,4.9102176466218903e-11,0.15350152743979148,0.9127622833403555,-0.02596547034872055,0.9895130471093534,True
0.022962577903074967,0.0,0.15210805867301871,0.9134666267545893,-0.026089063748215582,0.9895206560910987,True
0.022681543437235618,1.4684939119212656e-10,0.15084297574548636,0.9140918564170094,-0.026001838382231898,0.989513344436602,True
0.022684982859448442,0.0,0.1509456126365009,0.9139632820238321,-0.024640293800546432,0.9894360883420826,True
0.022462548091052005,0.0,0.1500451844360149,0.9144030166867022,-0.024588304116193872,0.9894256089047097,True
0.022507826283936747,5.7808539222720256e-11,0.15025769543439355,0.9142082546964672,-0.02293830015132385,0.9893371024714724,True
0.022322481079193553,0.0,0.14968309864330157,0.9144635208942221,-0.02248204060007581,0.9893050702158729,True
0.02215607855954326,0.0,0.1492339288559349,0.9146674064526685,-0.022252942134649595,0.989284370880636,True
0.022016191521344756,0.0,0.1489128495077668,0.9147758498595003,-0.02134230870405366,0.9892322746133837,True
0.021888509228298315,0.0,0.14868835901589267,0.9148328927004008,-0.020461634607485894,0.9891770722083472,True
0.021809732627989055,1.1196094909296801e-11,0.14878611502196992,0.9148095974019834,-0.02086975838079186,0.9892026549241644,True
0.021724377515348822,2.3050552951263897e-10,0.14894847061434147,0.9147530200446008,-0.02119150367916655,0.989227255582277,True
0.021595547989720798,0.0,0.14898306724077948,0.9147051744086605,-0.020432197721458028,0.9891967080290502,True
0.02193237477987577,4.489886533349566e-11,0.148919332353837,0.9148495088625714,-0.02310065668069858,0.9893091750843888,True
0.021725190702310132,3.3485908724366824e-10,0.1483894117125885,0.9151157882706286,-0.02283045853985759,0.989310494461782,True
0.021609390527348945,0.0,0.14821368746020802,0.9152428442474546,-0.023358306480302616,0.9893496879775586,True
0.021441458364020304,0.0,0.14795616545082385,0.9153877497814001,-0.02333188874166489,0.9893658325068121,True
0.02197963632420144,2.7271899152953467e-10,0.1487362900115475,0.9150982183697347,-0.026047105234612542,0.9894663636482274,True
0.021792814257448178,0.0,0.14804122071403486,0.9154041038544061,-0.025239833265567068,0.9894247142114235,True
0.021865286495077376,2.2144817224970822e-10,0.148333930730229,0.9151609588866394,-0.023593484007925478,0.9893279244732021,True
0.021682572853984988,0.0,0.14776599865338802,0.9154554715126422,-0.02367217010782019,0.9893384708393362,True
0.021504733551919505,0.0,0.14734100632240746,0.9156626292937959,-0.02349178716078758,0.9893331324549997,True
0.02174363328165211,3.3187586210787248e-12,0.147911406149928,0.9154763767986239,-0.025378831204273866,0.9894320798769067,True
0.021734764586835414,3.822687262235583e-10,0.14788335255500143,0.9155515752964186,-0.02641337189662198,0.9894932519561881,True
0.021673461339196648,0.0,0.14767634571536548,0.9155810336511382,-0.02513038098263257,0.989419206508821,True
0.02150002462654592,0.0,0.1471270014343968,0.9158618733717717,-0.025234234917240757,0.9894253740889701,True
0.021362474438767563,8.286824811380376e-11,0.14674802038620216,0.9160020654030891,-0.02435956662448214,0.9893760756790585,True
0.021402043322598416,2.784356079851516e-10,0.14692348745878409,0.915978881058781,-0.02555794026825052,0.9894406250666087,True
0.021486283751608642,2.607284683892889e-10,0.14720618597688645,0.9159142268373718,-0.02691572895204399,0.9895173200865435,True
0.02137230420170377,1.7835767730023227e-10,0.1468159041234285,0.9160513598043695,-0.025866242598200116,0.9894593120444414,True
0.021243193725398617,1.8251772101858763e-10,0.14644746344177847,0.9161856033317768,-0.02505017405447052,0.9894093352351837,True
0.02116081426462053,0.0,0.14634338306396732,0.9162724981711662,-0.025664692755894277,0.9894441897031498,True
0.02119804735108639,9.272581188951772e-11,0.14653292764867254,0.9162502050899938,-0.02689523384264429,0.9895166690070558,True
0.02106524343781915,1.6317678016410374e-10,0.14619978101627923,0.9163788303713326,-0.026295980744791517,0.989478721042649,True
0.020981990153559466,0.0,0.14615517681856785,0.9164370820498078,-0.02689453069007216,0.9895146704590917,True
0.0208530316107528,4.350776294875858e-11,0.14599573516706052,0.9164973233573803,-0.02652646648988935,0.9894951909844183,True
0.020731200368731925,0.0,0.1459172220113939,0.9165125517507455,-0.025927393129386068,0.9894711627564425,True
0.02077379296466321,0.0,0.14511731956755922,0.916732994250198,-0.023211221389459552,0.9892916540339777,True
0.020655147113498928,0.0,0.14522822767039556,0.9166641991161176,-0.02264098553293528,0.9892783129513154,True
0.020538105114063704,3.2666312002533026e-11,0.14520242555676144,0.9166328214505891,-0.021553864951412288,0.9892340342616361,True
0.020452518977026626,6.33291586539654e-17,0.1457153068303283,0.9164272212101456,-0.0218021261418632,0.9892848746253099,True
0.02032917605706562,1.0808122882242809e-11,0.1459892456167609,0.9162816657304751,-0.02100099814956375,0.9892762885496637,True
0.02048812603906532,2.4286636023873564e-16,0.1460815940347237,0.9163214071731153,-0.022987022234244335,0.9893622041904774,True
0.020752388097643668,0.0,0.14522146766017296,0.9164293211656162,-0.019925888873087674,0.9890400549957026,True
0.020564803467483222,0.0,0.14536591072618585,0.9164068590768369,-0.019627162045344572,0.9890898144399298,True
0.02075273739170191,0.0,0.145621679224052,0.9163554876670066,-0.021591857101021524,0.9891663272790325,True
0.020930056189537985,1.2927163427008415e-10,0.14599436198799606,0.9162392630110777,-0.023303657489462806,0.9892364441343473,True
0.020786807687528674,0.0,0.14563798461639604,0.9163769870412792,-0.022216713835792434,0.9891959793494772,True
0.02055954451736865,1.9834614720166314e-10,0.14532274228505293,0.9166044646891301,-0.022281260855701913,0.9892658360300027,True
0.02035881760862854,0.0,0.1451812010055804,0.9167602769108847,-0.022557682005799825,0.9893508774136749,True
0.02022148606469023,0.0,0.14523480343295353,0.9168351156642912,-0.023256227925314676,0.989452517380768,True
0.020047753472526016,6.521482779295498e-17,0.14502970977826857,0.9169289598204968,-0.022303203442657186,0.9894438147096312,True
0.019999397295135384,0.0,0.14467350420549324,0.9169852072934349,-0.020501608446704286,0.9893219593961815,True
0.019861561361478725,0.0,0.14493510551255587,0.916970497791303,-0.02116324818496924,0.9894380505475809,True
0.019722395093128293,8.119130724588214e-11,0.14522397115251875,0.9169548121690803,-0.021920659525600388,0.9895667978265309,True
0.019524775462138343,1.2234809258165234e-11,0.14517944204899733,0.9169984726104616,-0.021024256871843304,0.9895881936471951,True
0.019360376153220737,4.158890640781197e-11,0.14505424514442078,0.9170384911648863,-0.019758772873538562,0.9895656137786857,True
0.020209301733924864,9.985981739287778e-11,0.14473469845917522,0.9170117726192064,-0.02307458309284691,0.9893791219486539,True
0.020279247368175934,0.0,0.14498682128020565,0.9169660780868434,-0.024460381029421663,0.9894594887269462,True
0.019995891774370608,0.0,0.14421168532181938,0.917399952725255,-0.024048200128787667,0.9895057953861647,True
0.019944258236424674,3.2335282872285885e-11,0.1441456990366894,0.9175223542972005,-0.02510911466376707,0.9895952038478805,True
0.019664682326443753,7.408365070806025e-14,0.14347313879867088,0.9179358457314317,-0.025105689224904013,0.9896724151308413,True
0.01940948414030779,8.311595232484493e-15,0.14294478958395976,0.9182688301359626,-0.025026772277635178,0.9897412249279508,True
0.0192174575657719,0.0,0.14269619507743198,0.9184957537985682,-0.025553352857974602,0.9898438513372841,True
0.019175544331011873,4.3693826900076065e-15,0.14277588323417437,0.9185569837637465,-0.026702393189282116,0.989944925380838,True
0.019037245530828605,1.2329125106429146e-13,0.14263948720166408,0.9187276721969383,-0.02752219026650709,0.9900474157978937,True
0.019248540162597735,1.3146246456808617e-14,0.14264502423281536,0.9184632425825339,-0.024968763573150227,0.9897857546989547,True
0.02041835974460412,3.7998185085600763e-11,0.1440679621377691,0.9175262556463522,-0.02773703717357314,0.9895602367532349,True
0.0201241139857519,1.7981548897572303e-10,0.14294048460501327,0.9181193300581669,-0.027418833050491802,0.9895895725404891,True
0.019877757642667835,0.0,0.14202849647310742,0.9186243035222034,-0.02760746385238315,0.989638551758757,True
0.019798300907263817,1.090701046781715e-11,0.14176527237461967,0.9186952150488711,-0.02642851759838196,0.989577851247088,True
0.01956971772407063,1.187748151642153e-10,0.1410793779010726,0.9190540831480039,-0.02600114069716001,0.9895937722173149,True
0.0193715687904756,3.1696672920808935e-14,0.1405318501803664,0.9193229214988881,-0.025346143220702284,0.989588846589103,True
0.019163699036323333,3.4271972950152936e-11,0.14007029754472172,0.9195754765976955,-0.024978161504675415,0.9896106254043282,True
0.019184417147416054,7.475099686887502e-12,0.14022609498929833,0.9195712117475664,-0.026152950858460755,0.9896842592496907,True
0.01898164543861597,6.865681631912773e-14,0.13980890714499103,0.9198263032769372,-0.026140135395582093,0.9897307568495013,True
0.01960026965325679,1.5152231259121713e-10,0.14098883656421649,0.9192517834091393,-0.028687564494509814,0.9897462018427698,True
0.019348339193377365,7.248885628317472e-12,0.1400222985570456,0.9197575994678733,-0.02849346464426891,0.989768748753645,True
0.019421519966381313,4.424016682404475e-11,0.14029217167315663,0.9195178814404139,-0.02697254361931605,0.9896639673212324,True
0.01923628378547601,5.580843963942051e-15,0.13970314043398735,0.9198487449837484,-0.027152957264217195,0.9897003152007475,True
0.019364622225026336,0.0,0.1401135924316767,0.9197151480325665,-0.02857646633682049,0.9897719442484049,True
0.019319371180585115,2.466863647060666e-10,0.13996755169879865,0.9197178478680116,-0.027322174769637247,0.9897016239640972,True
0.019167418161476955,5.701952032685998e-14,0.13948860923374962,0.9199320951832674,-0.02660888222977332,0.9896763998001992,True
0.01913387307524439,0.0,0.13932310776941215,0.9199315541799138,-0.025212693718491042,0.9895931080646199,True
0.01901085606706555,4.859280211492607e-11,0.13911292493786045,0.9200754010397152,-0.025562828820517077,0.9896318635572382,True
0.01889240861102934,0.0,0.13898338399297155,0.9201806474287182,-0.025904098005255522,0.9896723394252039,True
0.018752292670173806,5.939088677952573e-13,0.13884683430470202,0.9202600836545626,-0.025702063257509532,0.9896835008075074,True
0.01865002796770291,3.5455507406330665e-13,0.13863271403770888,0.9203138340444144,-0.024549054964758055,0.9896301910636234,True
0.01851789575573069,2.207130080895008e-13,0.1387155230739774,0.9203043019358692,-0.024477920467122043,0.9896620634730786,True
0.018597152614952178,4.2966826298434437e-13,0.1389845539791285,0.9202491750001736,-0.025938235827464386,0.9897414519901675,True
0.01846524124000517,2.1844221952527258e-14,0.1387907752691652,0.9203202907572036,-0.025044313546407095,0.9897156783918081,True
0.01830994424131476,0.0,0.13876016284806664,0.9203572493834988,-0.024673949142268118,0.9897373308075321,True
0.018356150236781,5.010379967593264e-13,0.13820701372319824,0.9204652923364436,-0.022585711299616198,0.9895687991985438,True
0.018253622965148455,1.3276898603858613e-12,0.1380144246403456,0.9205038374257786,-0.021258201500090557,0.9895110497472791,True
0.01814792963430271,0.0,0.13838912764844402,0.9203960675196226,-0.0216448233833079,0.9895906313438445,True
0.01800896348487487,9.009928699989235e-11,0.13877855426005692,0.9202817032305911,-0.02175412781363025,0.9896709804507189,True
0.017849064676266464,0.0,0.13895630760818797,0.9202093289423001,-0.02092604112484924,0.9896874827463941,True
0.017672823230224594,2.253988915365183e-11,0.1392934022738367,0.9200947318088971,-0.020308058600333738,0.9897414329683554,True
0.017792553853254497,2.4695883525743613e-11,0.13953415055949334,0.9200582177642164,-0.022103630409560707,0.989825293068659,True
0.017598370523183565,0.0,0.13953667717009957,0.9200964470676025,-0.02140082356318883,0.9898647856526523,True
0.017606036015124713,3.0401505941062473e-12,0.1398641159922211,0.9200364942133883,-0.02269416256912292,0.989968552212539,True
0.017425045021386937,1.1360245587046539e-10,0.13972235809782596,0.9201181318435439,-0.02172783538679902,0.9899793110060593,True
0.018019032081211774,7.219606370270242e-11,0.13993249324268167,0.9199301367711811,-0.024518729630669905,0.989896383464718,True
0.017902834644901378,1.6739606082223938e-10,0.1397269097514802,0.920131720778423,-0.02534830820933214,0.9899951758215592,True
0.017838538497731614,0.0,0.13965762991325564,0.9202614213512602,-0.02635386655531587,0.9900902363078881,True
0.01764404768600589,0.0,0.13914239638868195,0.9205278162681719,-0.025650048884113732,0.9900990144625129,True
0.01745876490555295,5.6486117817833877e-11,0.1387102014919302,0.9207467929521507,-0.02481605896043741,0.9901018937546019,True
0.017235713491601464,0.0,0.13838627377193302,0.9210025039834123,-0.024958234766489982,0.9901956408693788,True
0.017009971454948578,0.0,0.13809924205562418,0.9212132697620673,-0.02464820710119601,0.9902628907898794,True
0.01678723782422506,8.272684400306493e-11,0.13793193631613565,0.9213833896112421,-0.02451641218591083,0.9903493578520368,True
0.016699006926860813,8.867381415995977e-11,0.13765760635283528,0.9214478072132374,-0.023077086933339593,0.9902766104783288,True
0.01707345127397479,0.0,0.1380462075557155,0.9212510779669734,-0.025377160829816208,0.9902741817448311,True
0.016911479940784614,1.2658647391111652e-10,0.13778228904886333,0.9214883012652496,-0.026009629749013975,0.9903794459162678,True
0.017027764564155473,4.734588133622641e-11,0.13813454049530355,0.9213796626238029,-0.027486126801526928,0.9904469329188006,True
0.01706011545987738,0.0,0.13829084169489078,0.921380101398584,-0.028716244900615685,0.9905255222460293,True
0.01684547339156618,7.99048567397418e-11,0.13763460364934013,0.9217309771098577,-0.02822032329047811,0.9905482790144327,True
0.01689783630979677,5.53226750832912e-11,0.13786011743682852,0.921696100378589,-0.029498843471967663,0.9906261591523259,True
0.016692418619246273,3.098429660965799e-11,0.13726701133528965,0.9220752250102614,-0.02989840342580345,0.9907087307088905,True
0.01656449896553999,0.0,0.13688179710270032,0.9222375603908867,-0.028928973667733855,0.9906784589422368,True
0.01637292759298335,0.0,0.13649084818897725,0.9225130252509824,-0.02922500547354122,0.9907584493454711,True
0.016787721589951524,6.210180008590805e-11,0.13687438513261846,0.9219621412039222,-0.026258377067988153,0.9903993338323331,True
0.01696433292624532,0.0,0.13677569994870475,0.92177080657013,-0.023955842540552552,0.9901586565444824,True
0.0167723654889777,0.0,0.1365717940485366,0.9219141681287132,-0.023417563608443964,0.9902000651529814,True
0.016580444761529173,5.2638887208095936e-11,0.13644290360299466,0.9220244135870221,-0.02288349845050239,0.9902458654411583,True
0.01638365542375337,1.3196673531493006e-10,0.13647078423768164,0.9220971768540456,-0.022786653365331998,0.9903325691048531,True
0.016688622443682348,1.6177315850697618e-10,0.13568705329359101,0.9221135102247974,-0.020117776532091198,0.989957037033366,True
0.01713161728411348,2.3728102431488952e-11,0.13458203190370382,0.9221841626295416,-0.017262064256225215,0.9894751786051217,True
0.017028136332925613,2.6156014275645415e-11,0.13434096182461902,0.9222432772487383,-0.015776254618259343,0.9894137581872038,True
0.016832028388074266,8.290489309148603e-13,0.13467028803708087,0.9222127287409964,-0.015940589586584366,0.9895478727603658,True
0.01664373718407744,1.5110354770229627e-12,0.13506389148797543,0.922166099534571,-0.016258221500623057,0.9896980452800697,True
0.016395955103165143,0.0,0.13537685328509655,0.9221454577620847,-0.015908054226495355,0.9898338844046329,True
0.016415876531514016,2.1735772631484387e-12,0.1348003913970762,0.9222435338432756,-0.013919607812757829,0.9896437295439873,True
0.016474226168723308,4.5350352442455646e-11,0.1341376030343651,0.9223568506505191,-0.011898588016202161,0.989425652213052,True
0.016206428388492723,0.0,0.13457583692596012,0.9223125315888334,-0.011734931184072771,0.9896004500518135,True
0.016433203274469944,0.0,0.13476985396543895,0.9222469716865817,-0.013917405493539958,0.9896318986693011,True
0.01631965207844457,4.187285606031269e-13,0.13449369295269667,0.9223244474295241,-0.012375349040588656,0.9895712939062913,True
0.016010744033250913,3.529116443418168e-14,0.1344918740016796,0.9224726630949729,-0.01180437663868098,0.989718600095848,True
0.01685800640558226,0.0,0.13479576413322267,0.9220692796953853,-0.015285993970371914,0.9894671617619967,True
0.016632803318905907,0.0,0.13429362577253248,0.9223489885713626,-0.014282832739253456,0.9894958014576288,True
0.01631958560460733,0.0,0.1337612620957745,0.9227329425547525,-0.013817462074313381,0.9896135736026397,True
0.01602390504002296,4.4184950792318825e-12,0.1333094983991802,0.9230581196612931,-0.013142912277590473,0.9897128688653017,True
0.01572806263802175,0.0,0.13300870174193818,0.9233626441721172,-0.013087301186320684,0.9898669950430863,True
0.015612863994459518,0.0,0.13305377049518707,0.9234770375219875,-0.014000636856990626,0.990003922769581,True
0.015305993087176402,0.0,0.1327358783841403,0.9237802663613669,-0.013681390548306482,0.9901482055534371,True
0.015791738971255454,3.4680263782573913e-12,0.1327004347722036,0.9233312268007974,-0.011335944562986467,0.9896814441903672,True
0.015477455794030832,0.0,0.1325028671323848,0.9235809010028856,-0.010899582133299423,0.989832334569078,True
0.015176263099871445,5.114599815060612e-12,0.1324286860300322,0.9237941990922659,-0.010800677349897082,0.9900085421123965,True
0.014865037849236906,5.138054154880923e-13,0.13238937116545385,0.9239941455951656,-0.010599214290518128,0.9901888311784063,True
0.01542626390599229,0.0,0.13285864563238908,0.9236415743053509,-0.01350920725937111,0.9900708971215454,True
0.015284592776441855,4.589257844226807e-11,0.13250484807338034,0.9237899335039135,-0.012200145543142747,0.9900423575864963,True
0.01502529203095409,0.0,0.1320594432813393,0.9240781361533154,-0.011270012028549568,0.990107857793985,True
0.014707904388928092,2.5229094774822025e-12,0.1316757163691401,0.9244100897308849,-0.010806793076943082,0.9902479479179778,True
0.01488129987567191,8.243805814708779e-12,0.13154530251369217,0.9242251940870212,-0.00890104413247354,0.9899978453521111,True
0.014622273121744626,1.4476033669511703e-10,0.13123428763020467,0.9244476962636105,-0.007807436056264741,0.9900648402234731,True
0.014293829041742003,6.0056692187695195e-12,0.13102630942093468,0.9247105978946599,-0.007271531859241235,0.9902237526111329,True
0.01397680675692091,0.0,0.13093346346015408,0.924942977675404,-0.00705443408973396,0.990409709405481,True
0.015028551608279012,3.793398375035666e-11,0.1317066752812346,0.9242116902563094,-0.011186113117448623,0.9900650279348607,True
0.014710143929285756,7.858340015371047e-12,0.13095262701111177,0.924719556145798,-0.0109323352575372,0.9901958696592124,True
0.014711064249853146,0.0,0.1308300811296281,0.9246658354140881,-0.009420968213635408,0.9900808759789022,True
0.014419231873366632,4.296997442148216e-12,0.1302598792371306,0.9250490776474322,-0.008693780113488769,0.9901790172702944,True
0.014111496431239476,0.0,0.1297513109657914,0.9254309122117785,-0.008238815102467526,0.9903065676946743,True
0.013860404719078661,2.151609616599162e-11,0.12946776499330587,0.9257282222722212,-0.008428862525076975,0.9904621047903902,True
0.01372436817697498,1.4912020216880732e-10,0.12914452458357045,0.9258613469053945,-0.0070510975058467665,0.9904336093462999,True
0.013422874615663695,0.0,0.12880165318565384,0.926160046544506,-0.006383404977834735,0.990560873137333,True
0.013169983509624303,1.0606371893096375e-10,0.12867482157359442,0.9263937531486901,-0.006553374058482851,0.990731164041551,True
0.012931054614285502,9.082398018616783e-11,0.1286025957163302,0.9266036571628,-0.006837139421590145,0.9909049551117891,True
0.012877366495738053,4.8243820343292764e-11,0.12876270824363512,0.9266500871615575,-0.007992414290055223,0.9910314413316189,True
0.013950241286847874,5.7947099826151164e-11,0.13011145294523782,0.9256110826495421,-0.01162549499149495,0.9906668091801081,True
0.01395628339968573,0.0,0.13018229777609192,0.9256557947915832,-0.012770655161715992,0.9907469436796292,True
0.013769071730722133,0.0,0.12953974492645884,0.9259917324997858,-0.011924456717325999,0.9907616049630152,True
0.013521456587685068,0.0,0.1288148488447127,0.9264718397531468,-0.012126889539454937,0.9908792641755032,True
0.013339167688871887,8.965880575313798e-11,0.12827704615405724,0.9267564982634037,-0.01123512163339291,0.9908950214300911,True
0.013378709293598266,3.166604952510864e-11,0.12845933229058226,0.9267408030263865,-0.012513857712304014,0.9909704692033436,True
0.01315869148656185,0.0,0.12782273148220763,0.9271097697159886,-0.011911560647117705,0.9910211354570924,True
0.01328290078681056,5.46733810708459e-11,0.1282254097729129,0.926958677940181,-0.013357644300560996,0.9910713828813109,True
0.013124027745551664,1.3755582601831786e-11,0.1277140847999363,0.9272193958645163,-0.012503844070454476,0.99107643827824,True
0.013285734628676873,0.0,0.12803672134656366,0.9268577188033849,-0.010681529977362039,0.9908760794766667,True
0.013627381628806392,2.710856835166989e-11,0.12894207160803425,0.9263879374646604,-0.012555209569565802,0.9908589732957861,True
0.013566726879458561,2.0132775782521666e-11,0.12875927778760907,0.9265623349696135,-0.013445135834071729,0.9909419738835508,True
0.013510418682204763,6.201161433254857e-11,0.12857895941001196,0.9267332332707018,-0.014346272436331206,0.9910227130377194,True
0.013326324914111981,0.0,0.127912645448662,0.9271510259331418,-0.014715173856342844,0.9911073486574729,True
0.013127760093476788,1.1235400620644996e-10,0.12725127033782138,0.927528205244556,-0.014390677456089424,0.9911538405258208,True
0.01294944959594471,5.896104423953009e-13,0.12669983824666356,0.9278424739369145,-0.01399949543033089,0.991192393060836,True
0.012759876185099404,0.0,0.12619433315961787,0.9281520334699225,-0.013776058773581186,0.9912492000497314,True
0.01257759859834835,5.663838012430509e-11,0.12581328382047222,0.9284216997612234,-0.013801556709464891,0.9913283417280978,True
0.01249018259407641,1.3380964656421118e-11,0.12553770123712343,0.9285197269938047,-0.01268386954459366,0.9912885776257474,True
0.012413503737684734,0.0,0.1252931045079207,0.9285911236184322,-0.01146852251856436,0.9912376758723925,True
0.012248823268880065,0.0,0.1250588611824058,0.9287447553789233,-0.01083613958046106,0.9912741859701262,True
0.012120694604131742,0.0,0.1250711633686835,0.9288433363577612,-0.011314366900625126,0.9913789180421029,True
0.012323711644855281,0.0,0.12476665172931024,0.9287147544421587,-0.009080217522763173,0.9910980803068138,True
0.012163111115903862,1.3286335425102673e-10,0.12481771639773868,0.9288006449574506,-0.009304462581552682,0.9912095032891833,True
0.01197750219415775,0.0,0.12482308388563139,0.9288859096383179,-0.008969004537735551,0.9912974515811336,True
0.01214371110633789,0.0,0.1250835742869755,0.9287908795529723,-0.01076805411390777,0.9913326666964601,True
0.01197753516386505,2.286066822558438e-12,0.12480909486501404,0.9289607490285052,-0.010001277697863353,0.9913652964632983,True
0.01205652279004368,0.0,0.12458831761156991,0.9288875189306915,-0.008166251420454679,0.9911816777364765,True
0.011867423253014198,2.2168427284576787e-11,0.12453029148870337,0.929032837356401,-0.00823954233805512,0.9912979831229211,True
0.011708239504125296,0.0,0.1243734882696098,0.9291400730215975,-0.007306682759872796,0.9913268171564024,True
0.01150098687710349,1.369833637498977e-10,0.12436857489539381,0.9292540397163846,-0.007015402917730915,0.9914383273010648,True
0.011771926382706691,2.215460112997726e-14,0.12466725260747785,0.9290946094947286,-0.009170102628922396,0.9914282357984897,True
0.011557477979274816,1.3282307881612933e-11,0.12432332694895729,0.9293560469712016,-0.008815748817019516,0.9915177104589624,True
0.012678735323850023,0.0,0.12596636372476472,0.9281707853602158,-0.012432383436163687,0.9911539672225982,True
0.012588689265681437,0.0,0.125570926044871,0.9283284111618257,-0.011450514118624725,0.9911138741842612,True
0.012485893471870867,0.0,0.12516026367815852,0.9285084196077242,-0.010499500264922473,0.9910885514468035,True
0.012561277834090006,0.0,0.1253875235950168,0.9282718665944932,-0.009115966946604942,0.9909656283920016,True
0.012555749348141642,1.6454631988637192e-11,0.12543246119251752,0.928319811589317,-0.01008825962293608,0.9910360422020303,True
0.012408601599369115,5.553059910185415e-11,0.12488921518328128,0.9285919515131988,-0.009314833799854136,0.99103655916037,True
0.012221464371653563,4.589199140434178e-11,0.1243175500412085,0.9289517668350125,-0.009304017760506291,0.9911105419015087,True
0.012035552473728686,2.2228369172690854e-11,0.12380849945292659,0.9292710347212395,-0.009140648717186048,0.9911752844699311,True
0.012315452374929921,2.469534245396016e-11,0.1242647365984292,0.9287851986002545,-0.007221606384895718,0.9909175669241646,True
0.01213316462222551,2.7935594098937792e-11,0.12392207166195951,0.9290279106199768,-0.007010318353011027,0.9909889464788921,True
0.012040477509116883,3.1768149187699225e-12,0.12387917605321414,0.9291383652665638,-0.007599355900574882,0.9910779532963476,True
0.012427110847120436,2.7750840343607555e-10,0.12464244150084533,0.9287241977320088,-0.009827661487693543,0.9910454187599398,True
0.012242657896708772,0.0,0.12399800802995724,0.9290884552768075,-0.009450101457695861,0.9910874592917861,True
0.01226379447120557,3.6271932211456954e-11,0.12411378142747816,0.9290917751397778,-0.010499765995155206,0.9911486658897889,True
0.012166159258601017,1.8883958080555088e-10,0.12375129706763968,0.9292491603183672,-0.009589539287318479,0.9911248090410267,True
0.012254714098258332,3.325391365670241e-11,0.1240718551334064,0.9291371955874055,-0.010828088601030662,0.9911731231873626,True
0.012328458827248532,2.929121952849686e-10,0.12437722242002389,0.9290378156607544,-0.011983880266821147,0.9912264271636786,True
0.012157772092647562,0.0,0.12365538328883353,0.9294339841394227,-0.011774691558460405,0.9912616757838395,True
0.012152516963445752,1.7486761311353756e-11,0.12364902133828881,0.9294960949739164,-0.012679638078052726,0.9913206056605476,True
0.012044272804129907,0.0,0.12322057774648537,0.929773776322779,-0.013201172662982178,0.9913840651960217,True
0.012187686806277973,5.095374942015232e-12,0.1237857938746019,0.9295307742307924,-0.01448212118438872,0.9914236711731887,True
0.012028150639158703,0.0,0.12303731048307369,0.9299445741996629,-0.014483165990087553,0.9914632294411998,True
0.011880261137442272,4.297135431523479e-11,0.12240117596424487,0.9302921191770949,-0.014410841113499087,0.9914927072021887,True
0.011736279728041348,7.986016195535238e-11,0.12184360909390791,0.930605566728975,-0.014319713784230356,0.9915273713557891,True
0.011732312317346057,0.0,0.12186135768299317,0.9306542494778727,-0.015229542190409241,0.9915849283193693,True
0.011936650828733266,1.1767568813208763e-10,0.12254609953390147,0.9301273269584052,-0.01312135694131574,0.9914003768430315,True
0.011827751986372325,2.9978177669837946e-11,0.12223211840000062,0.9303368425634235,-0.013456599417269847,0.991452901793402,True
0.011707518700994547,2.2066476613162375e-11,0.1219224562046819,0.9305166828335169,-0.013285127017857265,0.9914779109579243,True
0.011609989802792983,0.0,0.12166109150596753,0.9306374131623515,-0.012614927003655933,0.9914679589153352,True
0.01150335580228254,1.1327921301689727e-10,0.1214616390157365,0.9307425554726089,-0.012103911208544033,0.9914733750937563,True
0.01142130356121366,0.0,0.12127255422435163,0.9308094523945205,-0.011220768461008798,0.9914457295066963,True
0.011313378777091283,1.2155828796639657e-10,0.12125811930351667,0.9308536132729128,-0.011085517160664348,0.9914826730462295,True
0.011231965703111748,1.6254491372531193e-10,0.12112317689664237,0.9308973029621666,-0.01014608837075247,0.9914588915730326,True
0.011557139734389672,3.928762762521923e-11,0.12120631698352242,0.9308450335015236,-0.012397265707153502,0.9914481920325724,True
0.011900593366889296,4.3236406454506114e-11,0.12236284585094992,0.930270739902256,-0.014212179510502486,0.9914521628709674,True
0.01174720784762578,0.0,0.12159918894798503,0.9306670976480528,-0.013875584821807414,0.9914666921220453,True
0.011693905886874587,2.219413686021004e-10,0.12136892172220101,0.9307395811214457,-0.012956120150018218,0.9914240422044875,True
0.01202222703090101,1.3500382837965036e-12,0.12273858308989927,0.9300763836253809,-0.01464868120843877,0.9914456751716806,True
0.012446420924939427,0.0,0.1253038825994299,0.9286350922197527,-0.012953789609196653,0.9912870335194677,True
0.012350138292739355,0.0,0.12481781451766581,0.9288528213634073,-0.012280481496751537,0.9912617286222402,True
0.012414924722101393,4.300930715017105e-11,0.1251076004231821,0.9287568767304804,-0.013286953949274203,0.9913106769850807,True
0.012289028453069808,0.0,0.12443126543621304,0.9290866532199136,-0.012895101061937109,0.9913022859380201,True
0.012455805252086059,6.693493448248314e-11,0.12523902645332358,0.9287370364692259,-0.01416133569667912,0.9913565497628226,True
0.012345791578619697,0.0,0.12460440241285664,0.9290343522773226,-0.013672157024867775,0.9913365534837508,True
0.012221376520574787,0.0,0.12388519274859869,0.9293903269882268,-0.013503718002875193,0.9913329233625261,True
0.012157905007965843,0.0,0.12357355177671206,0.9295082036856155,-0.012754370161332072,0.9912949795739715,True
0.012060194660549767,0.0,0.1230760707921132,0.9297591110937379,-0.012774354198641839,0.9912971464897945,True
0.01198682046765167,3.051652743169595e-10,0.12276876801105481,0.9298799655961669,-0.012088770408862507,0.9912643499068595,True
0.012075584422619653,8.59068828927489e-11,0.12312498451881126,0.9297610868108525,-0.013253942161416314,0.991323579156165,True
0.011994468100733591,1.9111226056479484e-11,0.12273326223314925,0.9299262337057372,-0.012684877676824793,0.9912928648414231,True
0.012091616557093385,8.631895466499072e-11,0.12314930068860434,0.9297785954944777,-0.013849093645675093,0.9913532459250989,True
0.012054910500480706,4.4750496830429496e-11,0.12300077797639362,0.9298101766029157,-0.012978019206941933,0.991310565635863,True
0.011988635516807157,7.719429061159005e-11,0.12268439578234519,0.9299298433193954,-0.01230008623035194,0.9912720412877623,True
0.011970246238815476,0.0,0.12260555120625036,0.929919737546062,-0.011239970145606711,0.9912225131491872,True
0.011896587075303795,0.0,0.12232899777691891,0.9300304479944933,-0.010766557982645407,0.9911949468829527,True
0.01183373376897939,0.0,0.12211942702143196,0.930099059616579,-0.010110412772751995,0.991158773127295,True
0.011792097179404984,0.0,0.12210170388531762,0.9301166822482148,-0.010373300015626308,0.9911675341908736,True
0.011744060352319499,0.0,0.12211796615222159,0.9301084782550518,-0.010462304591943724,0.9911674613311626,True
0.011689910532779195,8.39656636764541e-11,0.12202568324844261,0.9301155046658625,-0.009735803051490882,0.9911283463740493,True
0.011716075904355992,3.118036674108369e-11,0.1222425922570585,0.9300528907898694,-0.01063390526851683,0.991174186949579,True
0.011676661047665187,8.45059304036292e-12,0.12199376689759318,0.9301154713702514,-0.009438967726751969,0.9911123548274986,True
0.011619807385831482,4.262715897708758e-13,0.12207305394328838,0.9300633880087309,-0.009145750458482482,0.9910999149808014,True
0.011578424256239424,0.0,0.12231672016046172,0.9299579849159758,-0.009282788940114386,0.9911163449962067,True
0.011528740946969762,0.0,0.12256800670693616,0.9298324842978162,-0.009147633766062953,0.9911164876512842,True
0.011500628683077644,7.359834256669732e-11,0.12296030666683433,0.9296644863195099,-0.009431311827371766,0.9911446397265254,True
0.011440970781500432,0.0,0.12299915861688387,0.9296123543923296,-0.008603311758601975,0.9911119337007716,True
0.011380789485271764,1.8037655037873133e-11,0.12324217975653178,0.9294769288530995,-0.008006762645127227,0.9910980187494031,True
0.011319651515443225,0.0,0.12362149039804074,0.9292901830135302,-0.007527999034305418,0.9911009282125506,True
0.011256297226077898,1.1835674995567182e-12,0.1240642139681712,0.9290762777334426,-0.007080229104706681,0.9911083847187118,True
0.011186513314692347,3.341130230889039e-11,0.12447497793727881,0.9288751955129451,-0.006470387907151336,0.9911126845149958,True
0.011119415078033263,0.0,0.12513101468373355,0.9285881247259402,-0.006268469947946137,0.9911536320678069,True
0.011042505321254592,0.0,0.12580953121312802,0.9282944916320054,-0.0059786497939360835,0.9911992572385694,True
0.010958121177672689,3.073894462474073e-11,0.12651242851040806,0.9279929898487419,-0.005603073959852693,0.9912492041346849,True
0.011549282655866631,0.0,0.1233566826911468,0.9293928654866167,-0.009935076185087453,0.9910712068321901,True
0.011391159421837608,0.0,0.12283677680698687,0.9296895122916677,-0.009596718937704871,0.9911079006951612,True
0.011392287937659031,0.0,0.12273993272821208,0.9296565266630745,-0.00842803492070874,0.9910264930271806,True
0.011288239045461432,3.3253515011673827e-12,0.12254657749598293,0.929815431939556,-0.008682783542020634,0.9910887206908727,True
0.011270054230341902,6.060868347333546e-12,0.12261809164534891,0.9298413684251307,-0.009459364058852579,0.991150414253866,True
0.011257624133097988,3.9408575391978855e-10,0.12245528060097641,0.9298453137713621,-0.008256372794841023,0.9910729544659361,True
0.011374358901278138,2.651874510005911e-11,0.12281431188100654,0.9297095595343142,-0.009625980825554943,0.9911167155013363,True
0.011252078041068739,0.0,0.122408968875618,0.9299189809049241,-0.009034295232152698,0.9911234653427331,True
0.011154949167641894,6.279576050817128e-11,0.12210147186477614,0.9300589451942158,-0.008243236324496557,0.9911096811893997,True
0.011026329364511929,9.246017426059999e-11,0.12181027033238823,0.9302284237291291,-0.007769208338430849,0.9911335589877833,True
0.01089491995088118,2.453240677245666e-10,0.12160102726514042,0.9303736227375046,-0.007457195326813502,0.9911741366153989,True
0.01078694290346975,9.100065531209263e-12,0.12139727619116412,0.9304751534268935,-0.00671138273051727,0.9911737915315756,True
0.010739096078158478,0.0,0.12152170417586396,0.9304867180369488,-0.007348268901046254,0.9912475701248809,True
0.010662036873010303,9.10763465312142e-11,0.12130726410340822,0.9305618422111057,-0.006343997808929772,0.9912154743538862,True
0.010549315852554744,0.0,0.12119609337285547,0.930630866236136,-0.005640543775105082,0.9912289129225638,True
0.01057889219729099,0.0,0.12141872451126484,0.9305863876872964,-0.00675325331536803,0.9912957499429288,True
0.010493543244154637,0.0,0.12146344544877341,0.9306483249984079,-0.00722740994756367,0.9913800477227945,True
0.010355574884258775,0.0,0.12137131722672485,0.9307559379329807,-0.006975053109496052,0.9914415965463431,True
0.010241629475966239,4.64906199688081e-11,0.12124085997385581,0.9308355475791932,-0.006233673893804761,0.9914559776126117,True
0.010203318591304751,7.176817594071147e-12,0.12098573489857276,0.930889214275731,-0.00495437505068749,0.9913820817321942,True
0.010074105795582997,6.190813377644785e-11,0.12112482291932634,0.930913895701821,-0.005016153173924111,0.9914763072233923,True
0.010030658157184166,4.5108696808136676e-11,0.12085010453098925,0.9309753517193158,-0.00370038604346766,0.9914004040299191,True
0.009890990508695897,0.0,0.12087679761927986,0.9310078426677919,-0.0029914320581615073,0.9914462414774319,True
0.010134409892775312,0.0,0.12100712658957115,0.9309255641613684,-0.005048629291100499,0.991429127456154,True
0.010003633285378009,1.603425120766709e-11,0.12091423576969715,0.9310753234065452,-0.0053415301182645645,0.991532441307428,True
0.009956043559077907,5.102946535153898e-11,0.12067621814858556,0.9311302234838901,-0.004126904217005439,0.9914683326092124,True
0.009799452392430685,0.0,0.12061190458105057,0.931266909759211,-0.0041426781026491,0.9915728620497363,True
0.009679290200088578,2.0060559724905742e-11,0.12042677667343935,0.9313701520663944,-0.003226426734233594,0.9915835404231745,True
0.00965454016993072,7.188910593786071e-13,0.12014600705890419,0.9314175622020355,-0.001849270689189114,0.9914905657322065,True
0.01054402403888909,5.281078219477651e-11,0.12050555617731434,0.9308744869081671,-0.005516414684647294,0.991127265049635,True
0.010361273793513643,4.2689790459784225e-11,0.11978635818556495,0.9313111706873526,-0.005414346542753378,0.9912043498228248,True
0.010180476434692002,2.179905866414157e-11,0.1191495708917257,0.9317076790596471,-0.005292487605012057,0.991282464527309,True
0.010008644690780277,0.0,0.11860367797429666,0.9320574326600374,-0.005153693367420768,0.9913592716471857,True
0.00986750951713619,0.0,0.11823672206758387,0.9323289763261131,-0.005325555609037835,0.9914473373599051,True
0.010072822246509114,0.0,0.11888048145399825,0.9320108544826883,-0.006948875910143265,0.9914510952096874,True
0.009932012717684839,7.646636273681973e-12,0.11833153090984218,0.932309895637708,-0.006367891070537319,0.9914756611002759,True
0.009929063193911248,3.5821163551892647e-12,0.11825044910626674,0.9322717053323806,-0.005219471785629851,0.9913969298890961,True
0.009900090027120542,0.0,0.1182274201193968,0.9323521702989557,-0.0060087146844424,0.991465880358654,True
0.010202842294822469,1.1209850318396293e-11,0.11901487458101055,0.9316828675424507,-0.004180190834036348,0.9911903048441657,True
0.010055648716815723,1.5925186249248053e-11,0.11863960075041667,0.9319486580359195,-0.004229172665985036,0.991268458427053,True
0.010309495446354802,1.0537797449286326e-11,0.11897733217771257,0.9315124818542426,-0.0024107257715784767,0.9910011479536367,True
0.01015843599337143,2.6774167495315502e-11,0.11868231831909082,0.9317183537598124,-0.002033179463008039,0.9910595129461319,True
0.010078043243008913,7.466737466594629e-12,0.11866894804188238,0.9318142177442884,-0.0025683535403664606,0.9911486917726963,True
0.009962619155939864,0.0,0.11858260187520957,0.931951847560945,-0.0028836956513071965,0.9912431484985498,True
0.009979283177580107,0.0,0.11876167115301375,0.9319299316909909,-0.003927253920112697,0.9913107672674978,True
0.009907176540862336,8.121886923427424e-12,0.11873153510822076,0.9320360379648608,-0.004581890716361422,0.991401805527093,True
0.00976586343528058,1.6285249900724423e-11,0.11851849830288176,0.9322359738886686,-0.004707192449949086,0.9914952230563947,True
0.009687355630671805,0.0,0.11851744084871173,0.9323332071536276,-0.005346262678219495,0.9915919275779834,True
0.009882101356215294,1.3276548915101255e-11,0.11896649959748669,0.9320984141065842,-0.006870702795418672,0.9915816639186041,True
0.010089789704582583,0.0,0.11969088395336736,0.9317329928153393,-0.00826968152591276,0.9915784347920229,True
0.009955844261586888,1.3713805678327525e-11,0.11910801105336198,0.9320506805609082,-0.007848830251542446,0.991604686101303,True
0.009804553488734522,3.643250784710985e-12,0.11852486771538695,0.9324039497922851,-0.007750806988159886,0.9916663836536218,True
0.00966039203341262,2.7846573982227798e-11,0.11803932531222579,0.9327188782904838,-0.007833999499332113,0.9917385409744434,True
0.009519561640333287,9.189283603399261e-12,0.11761913926514608,0.9329933501230686,-0.007719363267902484,0.9918029197648309,True
0.009546617891742451,4.5841383304616024e-11,0.1175543745292122,0.9329169739766028,-0.006383375798792594,0.9916941612870502,True
0.009476013728633987,7.252568603899207e-12,0.11748539513262614,0.9330342793960481,-0.006985891244952993,0.9917769769696138,True
0.009833285737079093,0.0,0.11838361369776444,0.9325169814522851,-0.008791928108820036,0.9917087883011674,True
0.010220811652192999,0.0,0.12011571931127056,0.9316033989311202,-0.010385550071795372,0.9916612585867555,True
0.01010639799331647,1.5028583635484705e-10,0.1194100637496599,0.932010158630788,-0.010726858886949294,0.9917151906559036,True
0.010139760197179434,0.0,0.11957513338896826,0.9319702408435565,-0.011554689997082458,0.9917578075380407,True
0.010008565569104408,2.1645065620704764e-12,0.11875796505111337,0.932422862090082,-0.011734868639791687,0.9918018446178032,True
0.010019391705104588,2.290655668985023e-10,0.11879401614885687,0.9324496479918583,-0.012505074659129164,0.9918466562953523,True
0.009895991383280324,1.620398336605808e-10,0.11803239559893787,0.9328663158706615,-0.012638645943059166,0.9918825138321703,True
0.009789596240118405,0.0,0.11742769858123504,0.9331752177828094,-0.012333353860831228,0.9918890670734269,True
0.009915671882675092,0.0,0.11808480016306483,0.9328808298734586,-0.013388634921854258,0.9919232299549909,True
0.010163008698982727,1.889921179567652e-11,0.11973104910594497,0.9319119642374575,-0.011676718810054701,0.9917774888093291,True
0.010575380130186133,1.050727659505203e-10,0.12209819167989812,0.9307501068801222,-0.013096098219817387,0.991799202825144,True
0.010694009166774205,5.124128134619879e-11,0.12313694253244863,0.9301687273016076,-0.012115664079347268,0.9917371986190732,True
0.01058909076933326,0.0,0.1223086037317052,0.9305918782177778,-0.012238418160879776,0.9917461800836304,True
0.010499595064583417,1.3043704647679596e-10,0.12162675036718334,0.9309430925812378,-0.012441682665125207,0.9917564678952664,True
0.010555124874371507,0.0,0.121952917168806,0.9308244303114338,-0.013234957338770203,0.9918008888958368,True
0.010460321796019472,0.0,0.12123618934722367,0.9311693823559993,-0.013073666687459452,0.9917874770296111,True
0.010375047389909894,3.114744327300296e-12,0.12060121092542861,0.9314688838882655,-0.012873723354723865,0.9917694893540946,True
0.010361996109079053,9.332830669232489e-11,0.12059251035849028,0.9314327124811578,-0.012053562086138996,0.9917289677537313,True
0.010298084389366389,3.9736567583425995e-11,0.12017397559731326,0.9316160593701533,-0.011724037986829947,0.9917030472085465,True
0.010245541148145175,2.055083236897995e-10,0.11985746291962611,0.9317669611632706,-0.01184312147116995,0.9916956928285919,True
0.010189866091454456,1.6601701495094555e-10,0.11955627657302838,0.9319028430099943,-0.01179843999594308,0.9916809814625255,True
0.010145712330033608,5.838783158397502e-11,0.11937052332356425,0.9319821586337407,-0.01182610111336993,0.9916674203539106,True
0.010103939859727571,5.085579674260414e-11,0.11924575628746911,0.9320230420858938,-0.011712400614399866,0.9916459202804841,True
0.010070601889298208,0.0,0.11907150821891203,0.9320630338840443,-0.01085296048001901,0.9915987879935003,True
0.010035027999853745,4.927440346057599e-11,0.11904399186839174,0.9320451803325743,-0.010473898804806623,0.9915671763160445,True
0.010013739301241024,1.1640138414796368e-11,0.11920362026012195,0.93195674817984,-0.010566323516189278,0.991558558321541,True
0.010016078376010438,1.137370992158082e-11,0.11942658241693362,0.9318543538210644,-0.010999186311134144,0.9915676450409049,True
0.009989348445881804,1.654724178407229e-11,0.11960025205821383,0.9317450375005228,-0.01076774929060239,0.9915451635461769,True
0.009953862983697681,1.3652151438298957e-11,0.11912309891905454,0.9319230361619122,-0.009480560299066777,0.9914845856350917,True
0.009921095077075098,1.7713587134855428e-12,0.11924841164534696,0.9318285584297588,-0.008922029585563767,0.9914527642542036,True
0.009887028765961769,0.0,0.11927268740684818,0.9317712517997305,-0.008161164205558648,0.9914075955031546,True
0.009853148195981426,0.0,0.11941772070105378,0.9316667353798261,-0.007480526632943762,0.991375595730353,True
0.009812571495109232,6.846585016003189e-11,0.11931555954666957,0.9316676458710654,-0.0065238906707390555,0.9913254257128661,True
0.009789692042145123,0.0,0.11985463299027425,0.9313957334080567,-0.0063308244544344775,0.9913230499031939,True
0.009845953659197357,5.553616829601897e-11,0.11988976094115403,0.9314412179518886,-0.007605197585765188,0.9913860984780017,True
0.0098094452411696,0.0,0.12022064716441677,0.9313025818763256,-0.007757513057846738,0.991412905458534,True
0.009830129900313329,0.0,0.12048262585828447,0.9312211445795202,-0.008630526084237831,0.9914624575086625,True
0.009852938292364386,4.48355356308636e-11,0.11982835180062044,0.9314220365189138,-0.006965988324859027,0.9913362124640596,True
0.009791686635612496,0.0,0.12005790626756904,0.9313261340239178,-0.006759562196185446,0.9913550871577024,True
0.009754637354991838,5.795915789004386e-11,0.12042228948006989,0.9311941951497783,-0.007111416387116193,0.9914053399477725,True
0.009686810837422597,0.0,0.12066088972823948,0.931089561965944,-0.006769975172412235,0.9914200068300637,True
0.00972597254834331,0.0,0.12089583930009583,0.9310345721895411,-0.007844325155305218,0.991482491839589,True
0.009654318852977717,6.502465306695475e-11,0.12110733986471287,0.9309808608360624,-0.007977291564955804,0.9915345308334435,True
0.009572815564941163,5.646157779440232e-12,0.12122118978640813,0.930944302905848,-0.0075138337359655204,0.9915548978046982,True
0.009491861007991717,0.0,0.12148146095923419,0.9308605572264135,-0.007339847353896141,0.9916012877060306,True
0.009475503647934102,0.0,0.12107285884256233,0.9309661433431757,-0.0060079883958053144,0.9915025727644569,True
0.009401551312896704,2.9005326909322207e-12,0.1211019224815705,0.9309414051064322,-0.005168692173262131,0.9914923663501181,True
0.00935797061249257,0.0,0.12151486114975256,0.9308209300524594,-0.005721663723940412,0.9915783606273356,True
0.009557958233981114,2.6121066633900286e-11,0.12134803240750354,0.9308895215886709,-0.0075509149566908036,0.9915635378185438,True
0.00955580977473931,0.0,0.121485864315639,0.9308898972613722,-0.008415464492700312,0.9916328294191916,True
0.009433466032846057,0.0,0.12127456634534875,0.9310563496464602,-0.008297696340112995,0.9916936328191346,True
0.00931722616572564,5.214992209814241e-12,0.12111666037440029,0.9311884060289158,-0.00805168691178882,0.9917467362213309,True
0.009258381756069889,0.0,0.12092443332210935,0.931249999670745,-0.007126480812960343,0.9917122163317996,True
0.009137303461849036,0.0,0.12089531533641039,0.9313368255700818,-0.006988842769923066,0.9917844832382869,True
0.009469889796520675,0.0,0.12117303924128878,0.9311193322451305,-0.009006129194983326,0.991705851865775,True
0.00934019671604581,0.0,0.12071374376770089,0.9313887755154525,-0.008670321895811399,0.9917456473993029,True
0.009293759290749794,2.9825695856199623e-12,0.120644806403981,0.931496112005657,-0.009316880300743407,0.99181851521063,True
0.009283466199278601,1.2308455914964635e-11,0.12069420432607508,0.9315393993058135,-0.010119630142297095,0.9918865014811595,True
0.009969311854544725,0.0,0.12269384052631911,0.9299868821732722,-0.0072893236190412596,0.9913338024364318,True
0.009879937169751954,0.0,0.12238275775396747,0.9301372303038787,-0.006586028572304269,0.9913286091808625,True
0.009753189958286813,1.7108677235512497e-11,0.12209589746893246,0.9303451796537128,-0.006508228820526579,0.9913931284052877,True
0.009802229983930849,4.6145420165197645e-11,0.12198627596622723,0.9302647087831472,-0.005145883173329175,0.9912578468124061,True
0.009680759421559233,0.0,0.12178697535476551,0.9304057887873791,-0.0046819615873418055,0.9912992764647619,True
0.009555379296142691,1.1466411582459716e-12,0.12167406771823462,0.9305288684073889,-0.004463201125974901,0.9913659022676529,True
0.009444622971920712,0.0,0.12153926254563228,0.9306237325051618,-0.003824305001834,0.9913933637779779,True
0.009408503049379164,4.776086362243481e-11,0.12170253645506157,0.9306279405402851,-0.004538425648658183,0.9914792088155768,True
0.009289519158965417,6.192720116996289e-11,0.12171143903698706,0.9307210819855541,-0.004676483742172142,0.9915768015659749,True
0.009209876701162762,0.0,0.1218266930828165,0.9307645816844128,-0.005172180542691873,0.991677928225821,True
0.009174700359055701,6.561668032441081e-11,0.12199878063914002,0.9307716339295826,-0.00595540960528957,0.9917710243147694,True
0.009078081462351725,0.0,0.12182689358902012,0.9308673853020686,-0.005216728264873406,0.9917808320965786,True
0.010585609988423629,2.7941234277296726e-14,0.12246806322234606,0.9296918716295324,-0.0087757465436116,0.9909259032407334,True
0.010434037207793553,7.886673294149495e-15,0.12152947264251564,0.9301846776877705,-0.008379215441904656,0.9909494140090361,True
0.010275381531264545,0.0,0.12056724212752094,0.9307057260267182,-0.00817036562698413,0.9909893470904787,True
0.010126431685767897,0.0,0.11970158784350632,0.931179016956989,-0.007977984739923104,0.9910298108787422,True
0.010038792330047806,0.0,0.11923749635994259,0.9313991857943797,-0.007345551934938792,0.991017933974351,True
0.010068858038230464,8.989537199471629e-11,0.11938771974962006,0.9312500842461582,-0.0063980827221937625,0.9909439442108636,True
0.00995037886674078,6.5628454278623986e-12,0.11883774061528947,0.9315664860652753,-0.00635819688205315,0.9909853563794828,True
0.009986925494982419,6.22928169361148e-11,0.11903340303355078,0.9315163262783934,-0.007241825353445601,0.9910330278574616,True
0.00994718570169271,5.906944202808605e-11,0.11882884723551668,0.9315776095268987,-0.006448429924113527,0.9909920332037265,True
0.010176889546279816,0.0,0.11983485736778515,0.9310872168403866,-0.007928321332985,0.9910046455242792,True
0.010114398145667489,1.4953603847581679e-10,0.11945560664978318,0.9313236435565999,-0.008351235931073238,0.9910514470310275,True
0.010002023061551188,9.770756284998936e-11,0.11879849378493962,0.9316653127058541,-0.008077087060787547,0.9910645596960314,True
0.010062581060725422,2.5501705982019754e-11,0.11912202182087223,0.9315429177787795,-0.008958158597927918,0.9911039287147173,True
0.010059483593148736,0.0,0.11912510592949353,0.9314899369859924,-0.00813420672345266,0.9910524899507391,True
0.009965748551658982,0.0,0.11859557939056524,0.9317877371842929,-0.008280156404455974,0.9910855268795755,True
0.009868157019215534,1.81246893474934e-11,0.11809239740845848,0.9320534156943606,-0.008095516994188577,0.9910996144167146,True
0.009790957110585757,7.488985572455934e-11,0.11774066835471479,0.9322620242247616,-0.008282801216115776,0.9911323584770089,True
0.009835595200882029,0.0,0.11786662617976593,0.9321120255606088,-0.007097516435069402,0.9910453386504917,True
0.009761535992526832,3.8757337432896583e-11,0.11759977912576879,0.9322400057628458,-0.0066862582292034544,0.9910398953644876,True
0.009736821691232671,0.0,0.11744406900569848,0.9322690269854472,-0.005766957293575948,0.9909910614882964,True
0.00969040795831694,1.0920934617240544e-11,0.11741289871522777,0.9323204020574886,-0.006090121283394326,0.9910268514260234,True
0.00964271910078091,0.0,0.11741902386303874,0.9323572404150698,-0.006416975204211531,0.9910667523465893,True
0.009600788937645387,5.923554147100887e-13,0.11725393445622898,0.9324018273237783,-0.005592618403595035,0.991028794552485,True
0.009546446443189978,2.2935231694135132e-11,0.11734102826011114,0.93239788424551,-0.005807422506563386,0.9910683983985007,True
0.009482605415746425,3.4800841465936453e-11,0.11734762002493294,0.9323994523344823,-0.0054429069655795885,0.9910732623817496,True
0.009420550018780857,1.3023366789611206e-10,0.11750636913900726,0.9323543364004988,-0.005384698440467736,0.9911075211002361,True
0.009563892489096722,9.3817883095846e-13,0.11748545237697634,0.9323883847575448,-0.006917553816967945,0.9911311109469711,True
0.009583871816124004,3.433558303651655e-11,0.11741571299965677,0.9323359825618917,-0.005760058233423411,0.9910438390960555,True
0.009499293462671317,4.2212330638775794e-11,0.11727742535058001,0.9324446626675444,-0.005761631536111014,0.9910833753850468,True
0.00948519776191385,1.1602330936981144e-11,0.11737455164637149,0.9324498757164092,-0.006407243850153925,0.9911371515511974,True
0.009465951907023921,0.0,0.11744276635913807,0.9324705439941466,-0.007049369641412956,0.9911919271737156,True
0.009391697439677408,1.8094464389421466e-11,0.11734715465759121,0.932571251904447,-0.007302457477403682,0.9912448292513371,True
0.009311128167757629,2.5686966912633796e-12,0.11721794629698426,0.9326582381124422,-0.007049372486591508,0.991267211263503,True
0.009357324978952591,0.0,0.11742373002163368,0.9326042197369172,-0.008037245901908458,0.991316084747734,True
0.00940664767462788,0.0,0.11735172990906652,0.9325158583984765,-0.006644935081420832,0.9911917233530098,True
0.009321327156287725,2.8835489303463675e-11,0.1172028346746753,0.9326193378246957,-0.0064269669042438995,0.9912207551908689,True
0.00941445459810044,2.7638672765105076e-11,0.11697355009517083,0.9325614282485247,-0.0047765138954452046,0.9910482033237488,True
0.009350752420290495,2.988345952344217e-11,0.11684744661744785,0.9326133843388925,-0.004089209542057098,0.9910371076774999,True
0.009264858759278084,8.952229828560782e-12,0.11684063420316707,0.9326476743302796,-0.0037538823869437267,0.9910679914408155,True
0.009221528715028553,0.0,0.11702222860742305,0.9326271884174265,-0.004271329168790744,0.991138302721138,True
0.009150528509434642,0.0,0.11717691378897103,0.9326236708996642,-0.004556833898089569,0.9912121277941498,True
0.009210048277224683,0.0,0.11736853634105186,0.9325702153056277,-0.005654622414450076,0.9912544834761536,True
0.009177229836853203,0.0,0.11717434196949127,0.9326136806124936,-0.004671893701550111,0.9912008515972393,True
0.009104179057893519,0.0,0.11723848655544379,0.9326607333981145,-0.00504652114575639,0.9912799766758364,True
0.009005295833728355,0.0,0.11724201719635029,0.9327230780930565,-0.004962949802559683,0.9913440866912316,True
0.008919397164969754,0.0,0.11734937010414337,0.9327556500753136,-0.005249899447103129,0.9914303351273852,True
0.008983549295716783,0.0,0.11756228977900339,0.9326908585894951,-0.006363936946908196,0.9914720034789968,True
0.008963707870543836,0.0,0.11736947196381142,0.932718635300304,-0.0053033938290531915,0.9914033712822097,True
0.008874989948888422,0.0,0.11738600392951366,0.9327998592449709,-0.005651002935660586,0.9914928612097277,True
0.008775226588223876,6.099239988184699e-11,0.1174226328108826,0.9328730195735822,-0.005839622842961206,0.9915843360400158,True
0.008767868932485615,2.8082672846976456e-11,0.11715765357527279,0.9329122115902935,-0.00462798392625496,0.9914910384060125,True
0.008677974858970185,2.943734750974545e-14,0.11706973650399607,0.9329755519555787,-0.003975834816189716,0.9915104202076062,True
0.008577079105927844,7.06392551609438e-12,0.11722875447846855,0.9329993469603498,-0.004183412508420615,0.991613724206648,True
0.008459783236429793,2.5200463727373756e-11,0.11730061906235825,0.9330391521199567,-0.0038627251113355536,0.9916894616763363,True
0.008737901492582087,3.103090175139312e-11,0.11737021408512492,0.9329121286196533,-0.005705200008254582,0.9915972356932468,True
0.008607755200510658,5.11884984419138e-13,0.11703642303636029,0.9331423635002227,-0.005395150142567944,0.9916605750189148,True
0.008481489795410461,7.35968391713978e-14,0.1168244919730722,0.9333422355783002,-0.005449448909911623,0.9917544815649099,True
0.009278146235028832,1.0234279205329936e-10,0.11742767446310609,0.9322415101396292,-0.002794211454833622,0.9909553474735251,True
0.009151025534234957,8.375457122986389e-12,0.11725707703896474,0.932392765153809,-0.0023986291978515453,0.9910213036816667,True
0.009016725399666524,0.0,0.11713460978020372,0.9325331705324966,-0.002068286195763186,0.9911004754225985,True
0.008909681563828308,4.06484561680305e-11,0.11717299450175701,0.9326256778947476,-0.0023491070628441487,0.9912121751862746,True
0.008890003400275171,0.0,0.11734009783885492,0.9326260593252157,-0.003154489148782232,0.9912961082446432,True
0.008751436714581468,1.6378911347711285e-14,0.1172391915913147,0.9327833859654214,-0.003094808134482448,0.9914029817610952,True
0.008695629982091314,8.89350927196572e-12,0.11703214799721867,0.9328509944529685,-0.0020968585851737684,0.9913670684604714,True
0.00897542028700655,1.1174278567491007e-12,0.11739783213888995,0.9325775787229201,-0.0039027776259021795,0.9912764947934826,True
0.009027769636139866,1.088132504773515e-10,0.11740637257115213,0.9324430842812221,-0.0026793243785666384,0.9911462706756115,True
0.008970583406724452,0.0,0.11735209493519892,0.932558757174071,-0.003290280682577469,0.9912348046416705,True
0.008861659747991205,0.0,0.11703093411802674,0.9327489375734874,-0.002670460284591554,0.9912644046325008,True
0.008734738762782497,0.0,0.1168004987033295,0.9329711716632012,-0.0028496865921016122,0.991371421014866,True
0.008598522062722398,0.0,0.1165231794196713,0.9331841079778916,-0.002474649584777322,0.9914456976877273,True
0.008461575593052311,1.5284083211681787e-11,0.11635606028871782,0.9333790115104778,-0.0025110338527388762,0.9915570416701208,True
0.00915966572597808,0.0,0.11744196076376037,0.9324833183571822,-0.005111331426325421,0.9912042987390625,True
0.009014161123807136,0.0,0.11670658617826252,0.9329058160253367,-0.004806053171274886,0.991259109114468,True
0.008882608702472615,0.0,0.11610400404262101,0.9332888175137988,-0.004928219044906204,0.9913408195351093,True
0.010111069700475728,0.0,0.12135931220224602,0.9301936409798557,-0.00786973311968285,0.9908732970809787,True
0.010012796349658508,2.343255965844886e-11,0.12056705011126678,0.9306330622177313,-0.008110963395030552,0.9909165872967973,True
0.009988704726023631,6.040335751735561e-12,0.12034381970547207,0.930783483567093,-0.008594425591874967,0.9909553934258694,True
0.00996337075785538,8.46518775719169e-15,0.1200922537316131,0.9309440644345308,-0.00905899204483755,0.9909901913003458,True
0.009909511016082029,0.0,0.11972847554470695,0.9311077911970308,-0.008540176735136632,0.9909720289693843,True
0.009984777402161272,0.0,0.1203928904701072,0.9307103695014451,-0.007743555876271035,0.9909068147364988,True
0.010369894501196847,3.9854889832784394e-11,0.12318947663185421,0.9293303938088441,-0.009094566260727221,0.9909251321646261,True
0.010360735860930824,1.4840053150051502e-11,0.12318966686639611,0.9293015145197003,-0.008548715310398773,0.9908963479677384,True
0.010324720525040396,0.0,0.12295293199744205,0.9293920740295886,-0.008038953965748247,0.9908685400283096,True
0.010468292939158746,1.0512281973355839e-11,0.12411784994286806,0.9288605703056227,-0.008918613623172506,0.9909194952875691,True
0.010376028579431745,9.386451978032369e-12,0.12322083314091997,0.9293078610224832,-0.008969209116339147,0.9909182776023296,True
0.010343753870849981,0.0,0.12285485537595899,0.9295057769480776,-0.009307156541784796,0.990933204636057,True
0.010263348893368298,0.0,0.12205095862714774,0.9298971120182352,-0.00932507911576711,0.990922591331809,True
0.010292142423449243,0.0,0.1222433142542051,0.9298343270379325,-0.009885632123710955,0.990955984165035,True
0.01032795158125266,0.0,0.12249873329647852,0.9297409085506516,-0.010443194329867615,0.9909902751988908,True
0.010278258168965586,5.370952712153739e-13,0.12203873271560925,0.9299425085768517,-0.0101007336482556,0.9909618749351934,True
0.010416613265957993,0.0,0.12376431293032655,0.9290921593113055,-0.009076632803371745,0.9909743157764688,True
0.010411958290591144,0.0,0.12359580630345196,0.9291838080068066,-0.009474110884913577,0.9909817111585325,True
0.010360393033426658,0.0,0.12307167352618475,0.9294115874830537,-0.009328412462030682,0.9909474242461461,True
0.010328707804526013,0.0,0.12278791917776088,0.9295157847955856,-0.008948208883106757,0.9909097443844661,True
0.010315081450467325,6.131158610935591e-12,0.1225515415088479,0.9296181469942045,-0.009219916477547762,0.9908939177547597,True
0.010288437434968982,0.0,0.12227137798710397,0.9297138812213267,-0.009000673073313587,0.9908495702148787,True
0.010306181182999245,1.1033433929372114e-11,0.12234779119426453,0.9296995209871433,-0.009541451191065664,0.9908734165953089,True
0.010282107799707596,9.739114833345723e-12,0.12213962691934357,0.9297623370042248,-0.009168419855137904,0.9908321504736357,True
0.010270911741333377,1.2235027121281457e-12,0.1225009984313653,0.9296628053206534,-0.007650302301527486,0.9909133045375595,True
0.01028400777010195,3.319409863450776e-12,0.1225311983382464,0.9296424287508518,-0.008068265136220132,0.9909080279232945,True
0.010276096013973172,1.5429131560207653e-12,0.12243246541737203,0.9296424827762088,-0.007945720899924813,0.9908587154864377,True
0.010277494942678099,5.385737455342262e-12,0.12242505996653276,0.929595479742846,-0.007886945322472147,0.9908080097314981,True
0.010274995900789181,1.6287459466493256e-11,0.1224329539677916,0.9295384911960837,-0.007607756353014073,0.9907549681962668,True
0.010292557691723575,7.532236701404539e-12,0.12247473380665087,0.9295996403822008,-0.0084046392395987,0.9908370072930585,True
0.01034998750260411,0.0,0.12291387033760076,0.9295391474426655,-0.00936054092156274,0.9909960826114659,True
0.010306222305170957,0.0,0.12240712150995536,0.9297679174971952,-0.009443669506034822,0.9909714782521729,True
0.010267796858309242,2.185310420410177e-12,0.12202648274643857,0.9299180531764221,-0.009175285023375262,0.9909312945518267,True
0.010268000806505887,1.5784226401581259e-12,0.12222537918436209,0.9298118551293497,-0.008352576507976224,0.9909245447231092,True
0.010274949946734935,2.3480584052369284e-12,0.12219802436200289,0.9298306107776912,-0.008782432527498642,0.9909296229610407,True
0.010283640548325064,0.0,0.12263418519782718,0.9296536701628072,-0.007550076103557213,0.9909707627617208,True
0.010265840156421008,1.3832895298858345e-10,0.12245460331877835,0.9296960249761507,-0.007366040245308543,0.9909233267738687,True
0.010262697549336279,0.0,0.12238613551870148,0.9296816534647913,-0.00730775715897095,0.990874721224142,True
0.01027098945048114,1.0009372698851222e-12,0.12242340593670113,0.9296208745584623,-0.007416384377312014,0.9908325775278138,True
0.010282897176856138,0.0,0.12253890869470817,0.9295212450905859,-0.007538545884947869,0.99079069943794,True
0.010309229088843658,0.0,0.12274083159408847,0.9294118582661898,-0.007968004038523534,0.990782274063234,True
0.01029358839495967,4.065648758129575e-11,0.12267864549456944,0.9293981919601729,-0.0074337824811493425,0.9907375147481141,True
0.010307737343668612,4.5635881740900095e-11,0.12287898717945635,0.9292430159381714,-0.007270854861902964,0.9906825095735354,True
0.010336768464087456,3.2086926945348296e-10,0.12321503979002264,0.9290458406702329,-0.007533465157835836,0.9906533608861134,True
0.010372586772222333,3.9861842731629215e-12,0.12358323884106386,0.9288488239540152,-0.007953906710221987,0.9906404433785333,True
0.010407876390925363,0.0,0.12397341440129271,0.9286396012036978,-0.008359788928164445,0.9906263084043442,True
0.010418978280046946,0.0,0.12424960288698239,0.9284532368797545,-0.008144800391160436,0.9905780383232456,True
0.010446435130081788,5.237679323123958e-13,0.12471216263764633,0.9281811364394033,-0.00816674914267394,0.9905372177587503,True
0.010331329220320927,1.4238023744037098e-11,0.12334017395832206,0.9288606542147841,-0.006635450624824174,0.9905307412081832,True
0.010277040167885085,2.3616007493007814e-11,0.12282601795428019,0.9290800977236033,-0.005619066617514824,0.9904931067243594,True
0.010293183036189089,0.0,0.12330195491111388,0.92879817584176,-0.005364723830409953,0.990449153297317,True
0.010331619703596173,2.2001522983419074e-12,0.12379996760115411,0.9285646549067285,-0.005940875267280687,0.9904646387095056,True
0.01035320821263921,2.3931271617464722e-11,0.12441028031642408,0.9282416494342227,-0.006030920710828699,0.990446789616366,True
0.010386050222301123,1.2913101486581978e-11,0.12502786532647456,0.9279393399592936,-0.006451305498002991,0.9904532726354439,True
0.010404681184637972,3.2606250546945913e-11,0.1256983995608649,0.9276047427675275,-0.006645592265382583,0.9904539425805662,True
0.010384989104833342,0.0,0.12580192465551746,0.9275096597893364,-0.00598957223448416,0.9904106221170952,True
0.010388758127952119,5.3070443752230076e-11,0.12645828362680867,0.9271724552338487,-0.005876530504851278,0.9904015971003235,True
0.010390166674910177,0.0,0.1271789173453288,0.9268135129442913,-0.005813355816896617,0.9904029716169557,True
0.010391316272219776,1.0876976929164293e-10,0.12796929248515923,0.9264348687418775,-0.005858600012747274,0.9904195150932269,True
0.010375723327001495,7.967764472391865e-12,0.12860152945134562,0.9261166894978018,-0.005535796289956027,0.9904174542314423,True
0.010450937906877334,1.525047842297718e-10,0.12757609851774074,0.9266772666637092,-0.007101131043597911,0.9904653160750844,True
0.010450176068445787,4.0806805543354127e-10,0.12778453812022542,0.9266253696964114,-0.007729325520842823,0.9905176391645921,True
0.010390744670491461,1.0201239223719107e-10,0.12785578056543687,0.9266144188573009,-0.007645567197174366,0.9905423092420317,True
0.010432122240627633,0.0,0.12731200462599887,0.9267416308728413,-0.006224001159163602,0.9903976331858407,True
0.010380201592890504,5.678035934560644e-10,0.12729537864335816,0.926734607200719,-0.005642195372213883,0.9903822970902016,True
0.01032264171845426,0.0,0.12755276030919663,0.9266480845428373,-0.005622261502484301,0.9904244646974356,True
0.010258889424799784,0.0,0.12778931401327406,0.9265599841866382,-0.005382155363847123,0.9904546411932752,True
0.010224040076917573,2.9688080186041275e-11,0.1281478964650731,0.9264481177130702,-0.005758684131659428,0.9905220659752948,True
0.010186045116341969,0.0,0.12797386619863005,0.9264852243004078,-0.004869189851974478,0.9904721573997228,True
0.010203967235764356,5.11005157159534e-12,0.12823029218422716,0.9264200140890417,-0.005696653739320977,0.9905351601862653,True
0.010230236762109941,5.640189855845167e-11,0.12778140876257943,0.9265036896282137,-0.004419627523639956,0.9903943940659053,True
0.010281820284755617,4.709344186560696e-10,0.12716758413720033,0.9266381149031649,-0.003035106773557439,0.9902219074426996,True
0.010196073431122483,2.2287749476392668e-10,0.12738714910697366,0.9265832398890076,-0.002787044301887515,0.9902768146653719,True
0.010110265964305497,1.910566093398576e-10,0.1276943851377489,0.9265142472783884,-0.0028011282633432157,0.9903614400383194,True
0.010092877367118553,0.0,0.1279937992673429,0.9264484007359032,-0.003474184195223898,0.9904453003695746,True
0.009996868149854687,0.0,0.12810230708738501,0.9264428718903432,-0.003058950822900723,0.9904940254340358,True
0.010333625154838376,1.1794466593307408e-10,0.12660209890330598,0.9266772593066673,-0.0010637223310378168,0.989978308876265,True
0.010231289198862356,1.0821643144964342e-10,0.12676522862678843,0.9266537924229572,-0.000618312518341921,0.9900364068445678,True
0.01011648889927612,0.0,0.12702152002401304,0.9266222688857693,-0.000403718707120533,0.9901330288977758,True
0.009997929568495843,3.002237675271482e-10,0.12724003652658153,0.9265968831987106,-6.659004456866286e-06,0.9902169017622251,True
0.009892607558466215,1.5328748913140823e-10,0.12759267146553177,0.9265454019539511,-0.00012396986313050203,0.9903417378400045,True
0.010113539388221644,1.626745818968869e-10,0.12650047435557552,0.9267010141376952,0.0014345748035401178,0.9899512514781575,True
0.00998116678976611,0.0,0.12670890967890655,0.9266908862582174,0.0019352347826686112,0.9900453410976706,True
0.009936708784104248,2.9064967236841424e-10,0.12701335098194,0.9266492240406146,0.001301970638667203,0.9901558998222343,True
0.009795322401206988,0.0,0.12715047753282946,0.9266856044382856,0.0017203738854880105,0.9902608432047003,True
0.009649203493936637,3.8144894154422383e-10,0.127269422174795,0.9267291845101543,0.0022481637135801247,0.9903638959790008,True
0.009609091476181431,1.2555463692221925e-10,0.12704792624881736,0.9267761260315395,0.0033299229842442576,0.9903000892815028,True
0.009489478249020862,0.0,0.1270303474013858,0.9268300428199991,0.00419115064906164,0.9903452165206921,True
0.009386254195038331,2.2943369935654757e-10,0.12695273022383008,0.926885196537695,0.0051519798452145825,0.9903615618790437,True
0.009266129503580404,1.196699746070663e-10,0.1269076028166376,0.9269478493030305,0.006093759781659685,0.9904016508310193,True
0.009095423320822362,6.918424680024726e-10,0.1271569900032037,0.9270026180152007,0.0062082084572412195,0.990581113708645,True
0.008904699474656145,0.0,0.12737416594319279,0.9270803096151033,0.006490332219674557,0.9907673925866998,True
0.009313383890276156,6.254951656183732e-11,0.12741133500272947,0.9268501107826436,0.0040194232928494455,0.9905557783465578,True
0.009144184174383372,5.313075675316883e-10,0.12718091058188513,0.9271140003826986,0.004057544360086873,0.9907044562049487,True
0.009008475754892435,3.402674112546929e-10,0.1270862112178727,0.9273097106501145,0.0038222585559694743,0.9908528165993182,True
0.009739074261046697,2.177246860651878e-10,0.12755296550860384,0.9262415967084214,0.005502056010444062,0.9900180796804481,True
0.009646391933983494,0.0,0.1273350098095582,0.9263554796005236,0.006393328088785252,0.9900229845053027,True
0.009484584911826894,4.213473659292643e-10,0.12712297487753346,0.9265566617869311,0.007033804900509519,0.9901181496470453,True
0.009605039043658885,0.0,0.12741978691728328,0.9264174108762737,0.005699803088485545,0.9901273043349154,True
0.009428615766577175,6.221917326211681e-11,0.127086787040994,0.9267189740521647,0.005909695389600615,0.9902623676348808,True
0.009278199246028468,9.068462115212409e-12,0.12677961073716237,0.9269517950783063,0.006526586219257842,0.9903416004559559,True
0.009486372525727888,0.0,0.1268344429775921,0.926610415434259,0.007841198008084055,0.9900276369230551,True
0.009347068124346974,0.0,0.12657564139954158,0.9268018888617379,0.008588006934905221,0.9900897095615087,True
0.009196765324682884,0.0,0.12633506821335233,0.926998987049333,0.009327440392069012,0.9901665211560092,True
0.009009418417036652,0.0,0.1261598237761304,0.9272417881198731,0.00963859390445969,0.9903217000079383,True
0.008816473266516628,2.1887271448661528e-10,0.12599316429499832,0.9274808126293365,0.010048171023981667,0.9904773949957083,True
0.008620923752842269,7.363313085772053e-11,0.12581868287882822,0.9277178331117891,0.01058371007968277,0.9906271746248363,True
0.008441038836346523,5.241614696712078e-10,0.12562484463039622,0.927928577568476,0.011364686562199858,0.9907410004078356,True
0.008485575401670714,2.9329959001701686e-10,0.12584895061944057,0.927876132865528,0.010252128283527926,0.9908006084685479,True
0.010234633226850122,3.02861630950185e-11,0.1284199170068174,0.9253885529596585,0.005032983198879679,0.9895985114933534,True
0.010127041832216323,0.0,0.12776225537853014,0.9257322320764773,0.00553238426293658,0.9896133597657424,True
0.01030717049314255,1.5341016403195007e-10,0.12884414662685137,0.9250250691096574,0.0064653431139719145,0.9894471425764932,True
0.01016582846057939,2.8337274270914563e-10,0.12806747998123524,0.9254752168455442,0.006635441607659825,0.9895089571195346,True
0.010055745503458675,0.0,0.1275100223524643,0.9258273926324821,0.0064865526966350765,0.9895824038087143,True
0.010090287062357298,5.804184269945426e-10,0.12764957785745656,0.9256670950465347,0.007357847539277694,0.9894918845556813,True
0.010009740895182636,2.7757062565142903e-10,0.12728019220685208,0.9258512793683168,0.007964147391265074,0.9894913757493135,True
0.009891126428571356,2.9885356135277117e-10,0.12682878403842596,0.9261510577204167,0.007977722494251722,0.9895654500384833,True
0.00986624324290438,8.89493156438486e-11,0.1267892944964072,0.9262355903669083,0.007392604122076304,0.9896302377040611,True
0.00974956758869521,2.175002843510682e-10,0.1263445077759386,0.9265063719408655,0.007715150104285674,0.989678626046335,True
0.009647427360247046,0.0,0.1259815144583115,0.926717007519647,0.008196209363854042,0.9897077647488027,True
0.009537811795275885,2.957341349210322e-10,0.12569701978347173,0.9269389804715474,0.008182613575311444,0.9897874906590174,True
0.009420669108941668,2.6316819713553007e-10,0.12540202038495585,0.9271511238379931,0.008439982462895061,0.9898521342936393,True
0.009567202349401421,0.0,0.12550047133631914,0.9268864867369826,0.009621152011494313,0.9896367224051421,True
0.009616651908429322,0.0,0.12570791601394413,0.9268257219017726,0.008674723962750614,0.9896796799087446,True
0.009548647852290015,0.0,0.12556793864807708,0.9269750959733649,0.008308943860281713,0.9897590652974034,True
0.009438233848276101,2.596509674575095e-10,0.12525964326419103,0.9271832697421197,0.00862308716297662,0.9898130916338662,True
0.009332697437044549,0.0,0.12506194924601188,0.9273673764520293,0.008579167556907097,0.9898983510750352,True
0.009300356451619179,4.851043265054789e-11,0.12508550586124548,0.9274313252540014,0.007999285286184753,0.9899740782331345,True
0.009380308405565268,5.5629023437057735e-11,0.12536975614247325,0.9273146220660303,0.006983627666383831,0.9899995001928961,True
0.009359071236963057,3.5689598682684527e-10,0.12523938215670039,0.9273265903632653,0.007808954646044633,0.9899462817985114,True
0.009367805321767729,0.0,0.12517301991710744,0.9272743063605716,0.008751517999845047,0.9898608163191254,True
0.009289053856856253,0.0,0.12502474328024263,0.927433878500866,0.00843321793353599,0.9899462501409874,True
0.009272994475884448,0.0,0.12506156912487995,0.9274836137753368,0.007773572962359125,0.9900143983377768,True
0.009188547348553459,9.610113154703696e-10,0.12487226183321058,0.9276654579889334,0.007466908200466728,0.99010158986655,True
0.009087806622502666,1.582681351170128e-10,0.12460388788359637,0.9278513220639585,0.007745428439112555,0.9901532661640249,True
0.009277784625355622,0.0,0.12511991023258948,0.9275533728410147,0.006484060402149884,0.9901133279573094,True
0.009216379436664264,0.0,0.12483091481584131,0.9276916002880575,0.007035216969366422,0.9901070576959782,True
0.009117989319734407,3.6500833234612066e-10,0.1244594424877809,0.9279515564011082,0.006885440856888819,0.990181278010007,True
0.009032087899730094,4.844006253290299e-10,0.12414303083220224,0.9281323373321524,0.007322199582765133,0.9902038532326541,True
0.008971923371319947,6.586597978756531e-10,0.12389879375892378,0.9282442554338869,0.007937919106610628,0.9901936529720086,True
0.009027076423639022,2.796834956994741e-10,0.12388160537225477,0.9281165823784795,0.009060999820997727,0.9900573853442903,True
0.008953409978947979,0.0,0.123794285824431,0.9282428469302058,0.008761833776117767,0.9901399898424212,True
0.008852390400896241,0.0,0.12363322571409642,0.9283988668825169,0.008829102529175863,0.9902154797395651,True
0.008818851135426633,0.0,0.12368896341318816,0.928448089355278,0.008261131750887857,0.9902925710618721,True
0.008721381093064244,2.6398622201059e-10,0.12350442507384508,0.9285940439294346,0.008568204217886828,0.9903462567303434,True
0.008679660477150455,1.224645153592821e-10,0.12355392262292272,0.9286517795906284,0.00803620341371788,0.9904287410245542,True
0.008594623602643979,0.0,0.12336860594083604,0.9287747656059047,0.008505174003249391,0.9904590685763227,True
0.008704162594706038,0.0,0.12321566418627944,0.928633385740195,0.009880523485560675,0.9902412178333347,True
0.009282584284144491,0.0,0.12386377970508794,0.9279911995034237,0.007607099347412726,0.9899230893559676,True
0.009176224779524783,0.0,0.12322532408988864,0.9283701252302177,0.007527363149956997,0.989982787275162,True
0.009071708131855157,0.0,0.12265272809023264,0.928716435247885,0.007476070258985696,0.9900427992930014,True
0.009023600207636883,3.333087842220364e-11,0.12239117259549366,0.9288287608367611,0.008070288516396785,0.9900243471678388,True
0.009017466571609239,0.0,0.12233522266723866,0.9287996371327896,0.008868649308929734,0.9899672484664089,True
0.008994473447204885,1.2457633205682974e-09,0.12218991082173994,0.9288253773212432,0.009620799482206673,0.9899203339778764,True
0.008899519888464045,0.0,0.12185441559815549,0.929037869531327,0.009832307577406784,0.9899650773304048,True
0.008804229007520904,0.0,0.12158254443239438,0.9292313374680037,0.0099446565682991,0.9900226096842009,True
0.008711638970408121,1.5556960421441529e-10,0.12136577832959657,0.9293983024331751,0.010053361106615852,0.9900811917535429,True
0.008623812819651215,0.0,0.1211631855603718,0.9295337739402452,0.01045354987485768,0.9901153667204311,True
0.008547899024445693,5.160983749881443e-10,0.12110009175148011,0.9296366576849714,0.010335633946995257,0.9901867040768099,True
0.008701101773966357,0.0,0.12145592107993942,0.9294473590238942,0.008972181738682647,0.990175319563864,True
0.008656699462395676,1.8382100582874685e-10,0.12131899259354452,0.9295776164892863,0.008554241080179194,0.9902371129698795,True
0.008725713235142466,0.0,0.121499158928432,0.9293582778189481,0.009626448705835499,0.9901078572831641,True
0.008726645946475271,2.260381211933537e-10,0.12141732264368331,0.9293286354639408,0.010494340045150135,0.9900372970118205,True
0.008634370751256355,6.934108622298585e-10,0.12116216895779197,0.929505535077149,0.010706452067144523,0.9900866202494558,True
0.0085489648662619,0.0,0.12100137231840362,0.9296532289386734,0.010677819142851215,0.9901539150978752,True
0.008462675224366608,4.673404769240268e-10,0.12082308931611992,0.9297803652362017,0.01104496662583778,0.9901919103616021,True
0.008378156836499402,0.0,0.12074754422393469,0.9298883907781992,0.011040995866948476,0.9902621628901666,True
0.008296575167955225,6.911735334303068e-10,0.12073133200227333,0.9299747727521472,0.010974167509646372,0.9903404394444575,True
0.008291176796500115,7.630682342312949e-10,0.1208666365871622,0.9299705177611108,0.010309909183144016,0.9904038368177602,True
0.008209129896151909,5.256076252145081e-10,0.12080688885786031,0.9300816669495532,0.010185079416953083,0.990485111904091,True
0.01383277627225407,7.280768974319671e-10,0.1236293250125176,0.9246315380362331,0.0016041401106735571,0.9864462012705688,True
0.013736387048467545,9.602833182583044e-10,0.12282583691820251,0.925037953126064,0.001923473854805367,0.9864508725454485,True
0.013599110096451228,0.0,0.12161263336934243,0.9256635110295895,0.0020509853257727924,0.9864698277142607,True
0.013596348787537809,0.0,0.12155128426830805,0.9257132085285142,0.0017574635813669298,0.9864888506626682,True
0.013536475220277422,2.1960024400261863e-10,0.12097709724564727,0.9260149538723997,0.0016288214151784712,0.9865035027148236,True
0.013572900803810026,0.0,0.12136421916556882,0.9257975626454821,0.0019586230387749243,0.9864796722282665,True
0.01347734522559591,5.983612383489166e-11,0.12044611121576776,0.9262519198965141,0.0020645482939648683,0.9864749755642341,True
0.0134210031976133,1.284643864813543e-11,0.11991883229492145,0.9264942920423775,0.0023550400150180503,0.9864537082026846,True
0.013349000241023458,2.1970472099660376e-10,0.11918491364851048,0.926838655281672,0.002490361673293053,0.986431112325632,True
0.013289735922007165,0.0,0.11856093469633126,0.9271223067518041,0.0026463255616265215,0.9864027740999697,True
0.013391678815338577,0.0,0.11960602190222339,0.9266971197603056,0.0018190185733253682,0.9865001307114173,True
0.013338564742851625,0.0,0.11907173597618044,0.9269370974951355,0.002078743192628836,0.9864729654832257,True
0.013283363190822035,0.0,0.11844766481144774,0.9272167407731283,0.002215828708864435,0.9864405731788521,True
0.013259195696366336,4.5646256669693734e-10,0.11809870923356794,0.9273739459797501,0.0020897237271028522,0.9864233010529966,True
0.013245775566571114,0.0,0.11800984171873209,0.927395274119228,0.0024554161671636147,0.986400194978594,True
0.013220930477635959,4.174012066079756e-10,0.11767389535729604,0.9275154497994829,0.0026939905487111957,0.9863523978955321,True
0.013213034048174418,6.667363666849514e-11,0.1178795412724728,0.9274429508250239,0.003185298376440813,0.9863827215279339,True
0.013212792545287557,0.0,0.11767507224268661,0.9274823016770909,0.0032284091152418918,0.9863198377984342,True
0.013221048560054832,1.3918139192014583e-09,0.11754677906565096,0.9274742196637821,0.0033456038144907313,0.9862476105884215,True
0.013243862840221629,0.0,0.11752582308669338,0.92740912020704,0.003356685177221428,0.9861720317503867,True
0.013275110905162696,1.101098690000412e-09,0.11759047132982445,0.9273075028078704,0.0032980486510096477,0.9861027395738813,True
0.013304184599680382,2.2004579184921248e-10,0.11770757817845987,0.9272287278804628,0.0029725744683754595,0.9860825171897385,True
0.013338430259576404,5.226860582999608e-10,0.11779656582829687,0.9270989423519117,0.003040752780557399,0.9859972257887462,True
0.013381753797148803,9.284066604507027e-10,0.11796820042506574,0.9269220959980036,0.0031147353294751685,0.9859061971389431,True
0.013344646749222084,0.0,0.11777910956395493,0.927017242355143,0.0036702840955212834,0.9859067971371205,True
0.013405349825778637,1.052724991823695e-09,0.11810681794580578,0.9267517511219676,0.003751152443516744,0.9858051611475955,True
0.013473636294278446,5.694921451722024e-10,0.11851343498774368,0.9264403198235979,0.0038537715772938032,0.9856970378869618,True
0.013550940270186917,0.0,0.11899227318062941,0.9260884789858637,0.0039474638679443405,0.9855846155761784,True
0.013626356289062017,0.0,0.11947106414423117,0.925778391218877,0.0036937307310504234,0.9855139232909925,True
0.013678844534116994,3.4528557259278467e-10,0.11983558192796831,0.9255005582856924,0.0039893516946883645,0.9854183495949622,True
0.013617126485645956,0.0,0.11944604306794615,0.9257058964262834,0.004668043404570506,0.9854289179602564,True
0.013695502020234182,0.0,0.12003613411873952,0.9252986142235624,0.0048751747717709374,0.9853166812829321,True
0.013796483593108571,7.216048882512301e-11,0.12078072894660906,0.9248015236735928,0.004984406813559728,0.9851918882190578,True
0.01390672194031004,0.0,0.12162912484569317,0.9242572921474146,0.004977219056910652,0.9850718545702611,True
0.013995887583397355,1.6128765392985076e-10,0.1223202019643042,0.9238475607395351,0.004652409939825953,0.9850076618829748,True
0.014099575176306103,3.598251332802632e-10,0.123165427988195,0.9233109521137195,0.004681093697891197,0.9848936664676422,True
0.013988318399500509,0.0,0.12231759609264393,0.9237718549552232,0.005544586080543378,0.9849306530015451,True
0.014086593459421298,2.5806904903646143e-10,0.12319810599698935,0.9232187275115732,0.005671350254805276,0.9848177807681369,True
0.014048991876559233,3.5883581633833986e-10,0.12274113641236659,0.9235664437747538,0.004775822204519704,0.9849370123397729,True
0.014089555914451057,1.751418457176717e-10,0.1231582932647078,0.9232804006552816,0.004994625877560925,0.9848595474627774,True
0.014083994052600739,1.4064313319393344e-10,0.12320500650135113,0.9232082161838371,0.005545576310890083,0.9848107195751559,True
0.014085495366198993,5.7310546289385957e-11,0.1233242996442002,0.9230928584948902,0.006082580114134966,0.9847550083743009,True
0.01414165320209141,0.0,0.12396152252227526,0.9227045847943713,0.00611846344308727,0.984685346055509,True
0.014198588467681706,8.295415685712227e-11,0.12463305865835544,0.9223161793364952,0.005998152315131204,0.9846327087486272,True
0.014231283365734877,0.0,0.12514156158354964,0.9219944821660648,0.006321286866496527,0.9845652629578396,True
0.014173056087696739,7.707379792166081e-11,0.12395726124042025,0.9227728224945492,0.005002872214844721,0.9847514531918331,True
0.014168713888608988,0.0,0.12407310801267783,0.9227060203027142,0.0048146766068373585,0.9847425743090531,True
0.01415690129114483,0.0,0.12418511496916074,0.9226294815415785,0.004831451645167898,0.9847220390261588,True
0.014133507332661256,1.04730202774458e-09,0.12405827511449324,0.9226556387068403,0.005481812830139613,0.9846847773113889,True
0.01413923286249844,0.0,0.1243167095588337,0.9225171289180929,0.005289691866104403,0.9846754836975098,True
0.01413983229254142,0.0,0.12457864143294883,0.9223680260672551,0.005224793408198125,0.9846573467837295,True
0.014141985591761714,0.0,0.12489270969063916,0.9221978799543517,0.005134232750090888,0.9846442347996712,True
0.014141143845470478,4.556397662397027e-11,0.1252365619219787,0.922008571805873,0.005149393821241589,0.9846268528124263,True
0.014177938670658436,0.0,0.12496962899822582,0.9222257152664386,0.004058975993676586,0.9847105297655515,True
0.014141774603087295,0.0,0.12488227498778268,0.9222503851204369,0.0043730857537593575,0.9846915226143282,True
0.014128500026924399,4.4051016078460025e-10,0.12470629847827329,0.9222905029247197,0.0051819440693295984,0.9846436526043665,True
0.014103844191713389,3.8918392038674487e-10,0.12481221649169817,0.9222459510972905,0.005071531919395992,0.9846520597323235,True
0.014074819798366828,0.0,0.12493275563022398,0.9221875840590161,0.005087152676669831,0.9846539618741281,True
0.0140753206227855,1.1192486668260317e-10,0.12511566638167199,0.9221240837016176,0.004643966333123219,0.9846819170043785,True
0.014181857932301572,2.887298555672989e-10,0.12510074072997757,0.9221855522829345,0.0034623021432923203,0.9847359229366531,True
0.014616270797276804,9.213901398576315e-12,0.12714812445286247,0.9211307570888264,0.002047328754048531,0.9847048193244715,True
0.014496124523549892,0.0,0.12626978992575977,0.9215971242638571,0.0021666615021552617,0.984732019226737,True
0.014559376113621084,0.0,0.12669386531996285,0.9214082571353882,0.0015937434569150706,0.9847551897953697,True
0.014675301230070834,0.0,0.12764219925234518,0.9208653152733797,0.00223471365593532,0.9846864148995522,True
0.014609906057763872,2.486210466483521e-10,0.12718077503233619,0.9210869359092011,0.002557591879608112,0.9846773236739902,True
0.01453278792364121,3.774583450781348e-10,0.1265872633966053,0.9213938656836382,0.002519486451089884,0.9846874977593993,True
0.014464685755192025,7.011411200093438e-11,0.12606905439178884,0.9216449626085215,0.0026614884035063425,0.98467948987453,True
0.014588767057797504,2.087298974574459e-10,0.1269310953667468,0.921271717357743,0.0018233145647999674,0.9847372652498464,True
0.014524546881134026,7.395960737953683e-10,0.12643379599028828,0.9215082364026903,0.0020907106356151473,0.9847251351374305,True
0.014481576869997317,5.883770166193951e-10,0.12606274595280784,0.9217055715232655,0.0018701973749077742,0.9847369450880464,True
0.014513704949404333,6.766291536941732e-10,0.1262767620617521,0.9216314841188709,0.0013489991152952038,0.9847698658263762,True
0.014566236435481028,4.0574287515285793e-10,0.1267904023868746,0.9213396314013598,0.0020098389169079384,0.98473483300054,True
0.014511296168680276,2.0528118802347748e-10,0.12632317140108842,0.9215630083514942,0.0019931238653426017,0.9847245942573196,True
0.014493904238806362,7.910849823520744e-10,0.12620914663641633,0.921591063846545,0.0024525203049263803,0.9846956379558381,True
0.014463621096548826,0.0,0.12594631750763977,0.9217033907461842,0.0023791962559390357,0.9846765495000042,True
0.014437394422344041,0.0,0.1257370910733422,0.9217787856526435,0.0024110880692517597,0.9846473311893146,True
0.014498395100801875,0.0,0.1261447269116408,0.9216925221021114,0.0015498355708094328,0.9847648855579318,True
0.01446219100400317,6.179197871349408e-10,0.1258530616867477,0.9218125444723275,0.0018777087668314873,0.9847390759336212,True
0.0145140057116522,0.0,0.1264031225961866,0.9215277400004087,0.0026618235601181674,0.984729301298502,True
0.014483006646327064,0.0,0.12612874960991,0.9216395145550295,0.002653661507076041,0.9847038893599844,True
0.014461204624098745,0.0,0.12593184084286427,0.921709009028888,0.0026268977533517135,0.9846749294503201,True
0.014452897226101076,0.0,0.12584900967754567,0.9217225253233553,0.002515545097072676,0.9846470301621282,True
0.014439981853842418,5.748489513463295e-10,0.1257700978972847,0.9217169135714669,0.002753503591469552,0.9846019630949582,True
0.014435379258209417,3.322513252350481e-10,0.12577157045094647,0.9216672338795262,0.002950895872654479,0.9845530194372508,True
0.01444024773835494,4.700918440553088e-10,0.1255377045162844,0.9220484683374659,0.0017135765686491634,0.9848173210657,True
0.014378211765649334,0.0,0.12500907198768585,0.9222964501284506,0.0018397064334877262,0.9848009861222935,True
0.014689793223111008,0.0,0.12761459599764713,0.9211640965780185,0.0004956711970626502,0.984971394576842,True
0.014730569720561443,3.2665943019177224e-10,0.12801915856931279,0.9209341459136597,0.0008664454645635514,0.9849437255249756,True
0.014729807020235321,0.0,0.12798259660266295,0.9209726994947955,0.0005493848836527446,0.984963997796127,True
0.014652880542405494,1.2391661750148752e-09,0.1272865741427619,0.9213064583102805,0.0007444800072802711,0.9849497466208277,True
0.014606778271521393,5.714394232052595e-10,0.12685717112100214,0.9214952471255053,0.0010271875112612512,0.9849238332574459,True
0.0146494892289218,3.3692910545620607e-10,0.12738610052006147,0.9212255952898334,0.0014880928582255229,0.9849186458867932,True
0.014632729952191816,1.5924172568246463e-10,0.12727300898224614,0.9212577593939796,0.0018620011041795197,0.9848942640443443,True
0.014629111785111379,1.184845282940289e-10,0.12738983528783168,0.9211981574003916,0.002349570371551023,0.984893075162792,True
0.014792593738405276,0.0,0.12973040627302287,0.9204845260774546,0.0007708779224506851,0.985349729213966,True
0.014702166538730013,7.208976956062027e-10,0.12882744860015216,0.9209148982847211,0.0009624605927137759,0.9853286233056948,True
0.014727737009531144,2.8953047781146042e-11,0.1290374936861889,0.9208349739619661,0.0006159144660342753,0.9853537208340136,True
0.014730202802036171,1.730564253077976e-10,0.12899395719765896,0.9208685880547332,0.0003529967304722285,0.9853655668266191,True
0.014668298735583217,2.205497600644385e-10,0.1283658007124147,0.9211566007392474,0.0005606064865009948,0.9853395013160046,True
0.014610102176593292,6.63182391228714e-10,0.1276877149625909,0.9214632485274032,0.0006332093933320829,0.985307106671881,True
0.014565557956219175,5.094199258780979e-12,0.12709219050495865,0.921714622675921,0.0007523486527640706,0.9852607179334945,True
0.014549867940552408,2.1324671469061182e-10,0.12692800356884393,0.9217671779237366,0.0010467878517355107,0.9852311799214053,True
0.014533640327374961,7.019687015013438e-11,0.1265476742335625,0.9218992516457537,0.0010898375667620982,0.9851730888327318,True
0.014541452248322085,0.0,0.12647672121584105,0.9219205415212256,0.0008594770786499727,0.9851589021291461,True
0.014569144064999585,3.940248872789427e-11,0.127198022548859,0.9217395668747214,0.0001698670095994202,0.9853385781885533,True
0.01458675897295929,5.913110888119672e-10,0.12759484850912003,0.921555237475126,0.0005104731834466671,0.9853526623209972,True
0.014562723012548844,2.774803680747024e-10,0.12713736350410615,0.9217360579976062,0.0005085735190672297,0.9853047400271396,True
0.0145467875777816,5.05270144518175e-10,0.12692327369365014,0.921803041540387,0.0007704175157250413,0.9852646788924821,True
0.014554464136048672,2.460448799537199e-10,0.12681425907566404,0.9218317064416898,0.0005747936958698133,0.9852388362255666,True
0.014554996996376794,2.926661143274606e-11,0.1265426388882488,0.9218954725565304,0.0006580060653715216,0.9851667920299214,True
0.014572058882326865,0.0,0.12639635196950647,0.921894924255946,0.0006279525166401253,0.9850931002406992,True
0.014561748887358445,1.7260875450842697e-11,0.126330118320643,0.9219027941856305,0.000971312186450499,0.9850678533632129,True
0.014598650360660968,4.747986193717255e-10,0.12633965860155796,0.921800331294637,0.0010592764995442194,0.9849701610702146,True
0.0146207431045832,6.243902171439022e-10,0.1263653058506124,0.9217143326713597,0.0013057276731238588,0.9848969862210561,True
0.01467645832461978,5.559773793216739e-10,0.1265633935288925,0.9215440235321041,0.001112041927727667,0.9848257208525277,True
0.014217508840509286,0.0,0.12486276313170738,0.9230212212325348,0.002275129883391963,0.9854526027983885,True
0.014257032008357822,0.0,0.1250201572181589,0.9228560584782907,0.0025028089883514792,0.9853661370873701,True
0.01431000864971761,0.0,0.12526430278591122,0.9226923280734174,0.0021965003936125875,0.985324479466373,True
0.014387812602953293,0.0,0.1256234219363342,0.9224084819838728,0.0020879387352951135,0.9852201929520399,True
0.014472174168440892,0.0,0.1260381793242265,0.9220979476581276,0.001956752554230642,0.9851170373202408,True
0.014525928694503122,0.0,0.12632363059349097,0.9218582174668946,0.0021944889843219244,0.98502003276364,True
0.014576348882840996,0.0,0.12659894824107262,0.9216309770030378,0.0024491294085247223,0.984930451123574,True
0.014487095832431606,0.0,0.12607900207372322,0.9219316253140245,0.0031132942554915706,0.9849711263508861,True
0.014601649242280105,5.537601785976096e-11,0.1267840707063721,0.9214590470863807,0.0029758976454242352,0.9848510824949428,True
0.014717489840271035,0.0,0.127526855284945,0.9209731345391909,0.0028051284700064917,0.9847365621816635,True
0.014833782181284184,1.0149726020971352e-11,0.12828822117060157,0.9204594692442187,0.0028502160650887964,0.9846035798396693,True
0.014914500117739135,0.0,0.128819764834226,0.9201467218890576,0.002448420458777444,0.9845566043061705,True
0.014842176971494423,5.750791793837457e-10,0.12836020878807802,0.9203892038826758,0.0031260818726265125,0.984569308851794,True
0.014957630855121735,0.0,0.12916563967005368,0.9198798062866113,0.0029410387437011987,0.984462626121638,True
0.015037880501955505,0.0,0.12972954385873706,0.9195538240005199,0.002526141888829928,0.9844185959298885,True
0.015027868093769077,0.0,0.12961345925705242,0.9196853499161965,0.0019015656347239722,0.9844920795447227,True
0.015044933962344123,0.0,0.12970496418604122,0.9196762732145459,0.001356281033333772,0.9845287553075666,True
0.015073814151834317,0.0,0.12990164739016125,0.9195105671656834,0.0014593148186915744,0.984461390860764,True
0.015119741476091499,0.0,0.13021746186980612,0.9193153985152746,0.0011341548482434048,0.9844241294501777,True
0.015125769068439605,4.3305478550340556e-10,0.13029117124115944,0.9192255700288762,0.0014859545497702387,0.9843711560825107,True
0.01509724674876628,2.0531097995647896e-10,0.13011499696890866,0.9192863240785212,0.0020934619786985697,0.9843438227682865,True
0.015153058742583918,6.54546573202806e-10,0.13057565116594877,0.9190034510521167,0.0018577151465964507,0.9842912772896376,True
0.015197369096350591,1.9248086796443938e-10,0.13098595544000888,0.9187260452043725,0.0019546061231630165,0.9842190231168578,True
0.015229009079817139,3.842177944229741e-10,0.13133985530758052,0.9184853069730985,0.002166247967254954,0.9841552350111065,True
0.015249325166497954,0.0,0.13143823573037802,0.9184780568860367,0.0015387605627315967,0.9841971747512257,True
0.01518164968610158,4.930095285618252e-10,0.13086134144461653,0.9187667023737376,0.0025021218084571757,0.9841973735890553,True
0.014838940944290863,0.0,0.12666654499451022,0.9215080164119632,0.0013702315620144371,0.9848412889092183,True
0.014749244490538499,5.75081964053598e-10,0.1259181190512325,0.9218831875583324,0.0014686227029798791,0.9848422476590306,True
0.014723474824726105,8.682678752508434e-10,0.12567354889678695,0.9220220337436211,0.001200604150211574,0.9848588090602826,True
0.014750105757550811,4.1950972838367426e-10,0.1259653134874185,0.921849683265313,0.0016884461900085084,0.9848323404285321,True
0.015167318725149048,2.7399927611640603e-10,0.12954146354426682,0.9202300484439295,0.0003394557966296668,0.9850007804900622,True
0.015070431296936602,4.4525575655077147e-10,0.1286736489677493,0.9206762304864182,0.0003222381260873863,0.9850130554155486,True
0.015085491939389361,0.0,0.1287654614599807,0.9206484509146015,7.189260191111538e-06,0.9850311816445918,True
0.015048389530351652,6.825920442033333e-10,0.1283764664388889,0.9208517588649261,-0.00018030224728429295,0.9850399927669626,True
0.015329122788767953,0.0,0.13122423471806577,0.9194331468764908,0.0002724595359202823,0.9850452642355236,True
0.0152655068313386,3.0898103691556404e-10,0.13054897565252194,0.9197523624445461,0.00025705688663244896,0.9850268505797881,True
0.01528910646363545,3.198387119724427e-10,0.13076408488445757,0.9196780278102832,-0.0001021371343254151,0.9850600705723507,True
0.015229938709178296,4.0340772085963115e-10,0.13010811294090696,0.919974288424898,-2.4754214307124578e-05,0.9850283452987593,True
0.015249459861905304,2.378758918531322e-10,0.1302532682801894,0.9199269151762042,-0.00038408943716167795,0.9850535495541748,True
0.015205548621102674,2.9404798654666505e-10,0.12975093546431396,0.9201417412114092,-0.00022759051499423422,0.9850172092376143,True
0.015272275335833385,0.0,0.13056975191643733,0.9198306739061644,-0.000755970899934247,0.985115549864383,True
0.015283326589712976,0.0,0.13075413305952932,0.9197269401946135,-0.0004403639168005599,0.9851040067243781,True
0.015363654624757058,1.7582756359220918e-10,0.13169157186013752,0.9193496343208558,-0.0009588318886866058,0.9851954204267521,True
0.015325425103461753,0.0,0.13129772750335386,0.9195198124287031,-0.000741649907312607,0.98516867618038,True
0.01546520847494311,2.3640841611472924e-11,0.13324085706916344,0.9186474764160928,-0.0003427613395311313,0.9852679049743154,True
0.015431251743060903,0.0,0.1327130025423899,0.9188589559702155,-0.0002889939206234154,0.9852154572414105,True
0.015412901514444775,7.40364618403509e-11,0.13246398923256228,0.9189408756091175,-5.794835738278838e-05,0.9851728702994351,True
0.015418509288299851,5.912156816713463e-10,0.13226302341803617,0.9189946427732654,-0.00018082867376342226,0.9851261550734991,True
0.0154307219668128,1.3510482362967379e-09,0.13217027901801404,0.9190121164993241,-0.0003806554942022663,0.9850972573593795,True
0.015408033701592466,0.0,0.13221425182111557,0.9190115995551729,1.2741968004224382e-05,0.9851187254657306,True
0.015390273984297579,0.0,0.13216538686258356,0.9190320347562401,0.00037643747262223944,0.9851147281875319,True
0.015428598673905143,0.0,0.13214562101189078,0.9189491454001849,0.000368747138497591,0.9850219559061303,True
0.015449797543397792,0.0,0.13215117379952576,0.9188727916536111,0.0006053682781279058,0.984948378553374,True
0.015171875336216584,4.512509670090171e-10,0.13151786695020842,0.919776430005092,-0.0002563155796556027,0.9855353639314471,True
0.015144960271352686,8.574340110617044e-10,0.13117322434550197,0.9199082403148393,-3.22058606249675e-05,0.9854948533450243,True
0.015124418460485988,0.0,0.13074842995785493,0.9200653769776433,-9.88643153637004e-06,0.9854395919565708,True
0.015134387796708504,0.0,0.13074255203947893,0.9200734069748312,-0.00027865154832355663,0.9854446829945707,True
0.015146024562162757,1.6298505811058524e-12,0.13081752860098636,0.9200572346876182,-0.0005816067450057366,0.9854659989897412,True
0.015125719025088254,9.390712932651416e-11,0.1304300617407775,0.920192516832487,-0.00043969984359770606,0.9854075477967829,True
0.015122775973812681,0.0,0.13011956530029567,0.9202794368740439,-0.0004108802073328821,0.9853392195241917,True
0.01512473210447997,5.140322833977823e-10,0.12990497959885355,0.9203182833299378,-0.00024269908412278654,0.9852707736433969,True
0.015128658265157921,1.155697029912731e-09,0.12980564631278255,0.9203104848247545,-7.990933300028813e-06,0.9852133091368428,True
0.015146938707289562,4.4601958331543044e-10,0.12974481166002874,0.920267250832005,0.00020135954198403292,0.985139657108039,True
0.015194258151085466,0.0,0.12980457282391925,0.9201336789822482,0.0002789124284259355,0.9850359653942078,True
0.01519585909191849,8.853889461271525e-11,0.12985404299205108,0.9201548138634719,-0.00011452586307787953,0.9850818354480363,True
0.015240912591977322,4.094030597830216e-10,0.1298740472197789,0.9200544452681888,-0.0001788214008599599,0.9849914692874813,True
0.015279198641468409,0.0,0.12997412133579822,0.9199591070566888,-0.0004057386925689055,0.9849461677245879,True
0.015312619061412833,1.4187591142933104e-10,0.13007288495638275,0.919882758431187,-0.0006855522936397016,0.9849192010512544,True
0.015362053765132893,8.376988118831157e-10,0.13014968363243162,0.9197503299149606,-0.0007331593207156932,0.9848251725688753,True
0.015157425705230754,4.671853856358099e-10,0.12967809975791814,0.9204274366650711,-0.0014053538619662209,0.9852664870112156,True
0.015133266058525016,0.0,0.12923164197956538,0.9205990548392396,-0.0013863272844112796,0.9852148758290223,True
0.01515075385573393,0.0,0.1294569905581218,0.9205367154640206,-0.0017683613208286611,0.9852652107430815,True
0.015131909751811527,0.0,0.12920410290067616,0.9206250077454294,-0.001540960261298561,0.9852270591957675,True
0.015118951668173659,0.0,0.1289027017394839,0.9207190228427676,-0.001377124165904158,0.9851703737125096,True
0.01512752402464551,3.628090498978907e-10,0.12878037879967807,0.9207491228476313,-0.0015559233382140185,0.9851393126102794,True
0.01512649638611636,1.7371218193185192e-10,0.1286072779439877,0.9207781863522875,-0.0013573722429059576,0.9850818254979935,True
0.015100117290274297,7.028217403835293e-10,0.1289706663160017,0.9208002856824691,-0.001939597966481483,0.9852856195432916,True
0.01508813764737578,0.0,0.1287006863222654,0.9209137985506237,-0.0020831229684064555,0.9852641417117565,True
0.015149519320185647,0.0,0.12975944822419594,0.9205461788048911,-0.002666756761852856,0.9854259029169891,True
0.015119677221524462,0.0,0.1293600685236896,0.9207330501985174,-0.0027786772088949714,0.9854130844603621,True
0.015096085236256891,0.0,0.12900387680681197,0.9208961577743706,-0.0029029402520054223,0.9853980961777766,True
0.015124851374670076,0.0,0.12955555261057156,0.920647306133864,-0.002570415192604319,0.9854250824391498,True
0.015104668917510396,0.0,0.1292030566123632,0.9207743125156115,-0.0024084044966884936,0.9853758408217931,True
0.015112573167437231,0.0,0.1292235773712784,0.9207763216582479,-0.0026679192858596597,0.9853881103438871,True
0.015104699622052013,2.4218931035042844e-10,0.12921816100022201,0.9207678869985055,-0.0023883764057574305,0.9853769677408059,True
0.015104634615315506,4.0386676218530495e-10,0.12894471027555537,0.9208348681993217,-0.0022825018872779145,0.9853072237409661,True
0.01512236910422283,4.984777953810497e-10,0.1288337083734871,0.9208411919034902,-0.0024241415392240663,0.9852580465887116,True
0.015091770465243046,0.0,0.1288536106039415,0.9208649570357106,-0.002045887662084654,0.9852917623376813,True
0.015063281530589083,0.0,0.12879352031657715,0.9209093463650986,-0.001681241119745101,0.9853061065233871,True
0.015077821072933545,9.59286528132156e-10,0.12885865650056352,0.9208889056013299,-0.0019900196915199576,0.9853182348108982,True
0.014979453277360617,1.3644765486309985e-09,0.12907704427293823,0.9211005622615479,-0.0025662006035867863,0.9856390857624936,True
0.014964386191040346,3.858966207985065e-10,0.12874159941558866,0.9212365090884891,-0.0026632914865161554,0.9856073091821801,True
0.014946323774101947,0.0,0.12836775726528035,0.9213684617607962,-0.002527405624458512,0.9855523403934364,True
0.014948884417281257,2.4045258829427633e-09,0.12812844982708219,0.921439308478814,-0.002622378656868747,0.985503535796881,True
0.014952080719893911,0.0,0.12788195079664105,0.9214926425555948,-0.0025144390160905476,0.9854336179539154,True
0.014958550758565307,0.0,0.12776089704303242,0.9214939691357558,-0.0023236025540921976,0.985374417657272,True
0.014967036598136986,7.374038856558417e-10,0.12769277823942807,0.9214732121019652,-0.002099811643937673,0.9853196019590832,True
0.015001895996310837,9.244544320837582e-10,0.12774736386678656,0.9214022451200281,-0.002306259665169067,0.9852759279778758,True
0.015052392911113526,1.2325241264402608e-10,0.12779077838051292,0.9212811021522759,-0.002324069691937794,0.9851764914657848,True
0.01511256078158423,0.0,0.127906875785454,0.9211117734997142,-0.002266867489562253,0.9850652113924412,True
0.015180673979118521,3.6838510816890646e-10,0.12810693427010372,0.9208990134864412,-0.0022064807819115874,0.9849524809898782,True
0.015233959405611725,0.0,0.1283139774463236,0.9207478730757386,-0.0024644938625799527,0.9849048617989004,True
0.0152890567482148,8.498179540479444e-10,0.12849147436485645,0.9205605297282323,-0.0023086084559298054,0.9848062677604785,True
0.015254127762921668,2.475112212154184e-10,0.12833333679975514,0.9206429656792456,-0.0018993667993078252,0.9848096343266345,True
0.01530238314878787,2.1343413540584197e-10,0.12853150700095153,0.92045641425365,-0.0016634770161730696,0.98472216796756,True
0.01542104109745682,1.356706896199273e-10,0.12908004106166052,0.9200438507469015,-0.0017398796565900152,0.9845838714134025,True
0.01544573051268821,0.0,0.12920655986095764,0.919991366239942,-0.0021298750373929167,0.9845946461704209,True
0.015109202321291683,0.0,0.1277369495054358,0.9212314181410179,-0.002777068123567532,0.9850998928937358,True
0.015114907334588404,0.0,0.12751977843313544,0.9212791280735446,-0.002817459778082257,0.9850390172901123,True
0.015133367323427143,0.0,0.12740657327334665,0.9212745567593684,-0.0029104042628285785,0.9849778433960418,True
0.015149393282233768,0.0,0.12734040291923698,0.9212380660436481,-0.002753810229605518,0.9849082675032665,True
0.01508396238424284,1.0705510814508711e-09,0.12739264203843123,0.9214383765979198,-0.003340949269567544,0.9851346986876865,True
0.015086302601812176,5.139960827925857e-10,0.12728614263990545,0.9214820801233895,-0.003562944897523693,0.9851251519573383,True
0.015096334461268797,2.630962893685581e-10,0.1273235293166641,0.9214775248770548,-0.003857398737141174,0.9851392897984832,True
0.015166881546140466,0.0,0.1292838260426155,0.9207290767450307,-0.0031451684919493535,0.9853709897663384,True
0.01517240505193969,2.178508294813912e-09,0.12917295526807693,0.9207661748552428,-0.003355549930978895,0.9853526546677895,True
0.015169608143673735,0.0,0.12889791533821948,0.9208408346522313,-0.0033135505882804276,0.9852897923213411,True
0.015176168838152171,0.0,0.12904823455497522,0.9208224626234501,-0.0036871855084576735,0.9853465799009378,True
0.015182913198853412,0.0,0.12895745072204576,0.9208535631690581,-0.003923875260007772,0.9853322885300809,True
0.015182267538814258,3.7611796178096725e-11,0.13114320060085452,0.9201761170498388,-0.0028986602785175558,0.9857477173878779,True
0.015178892834389012,1.2401207600102245e-10,0.1317902955981279,0.9200675703897704,-0.0034400100170630535,0.9859627183128463,True
0.01515917134745278,0.0,0.13159679580169556,0.9201406326099412,-0.003206993336205097,0.9859390305107889,True
0.015166656531196475,0.0,0.1318603963695248,0.9200223150854164,-0.0028648040679742194,0.9859525132701789,True
0.01515434096698025,0.0,0.13149605983531146,0.9201435042723959,-0.0028224506092810156,0.9858915341900516,True
0.01516586419671063,8.057142493322329e-10,0.1314922090411151,0.920144347956658,-0.0030777490553885473,0.9858904532829298,True
0.015164004280386355,0.0,0.13122466241884723,0.9202221311969615,-0.0031311197395702275,0.9858344624063851,True
0.01517943026580969,0.0,0.13116679241174609,0.9202253021218195,-0.003342599503788203,0.9858086983276926,True
0.015190281977694632,2.6441957394166076e-11,0.13098165405575563,0.9202449845866195,-0.00327715065041437,0.9857358116409393,True
0.014992059541658774,0.0,0.1313151691544497,0.9205109697634288,-0.00235495559621253,0.9861685543406536,True
0.015033775211204947,2.274975928195869e-10,0.13132982465084528,0.9204135406674616,-0.0023591000890830103,0.9860784532203818,True
0.015082749175816292,7.755257831205281e-10,0.13141330570878965,0.9202743828483927,-0.0023067418770756974,0.9859810364783133,True
0.015149445710764412,6.9898932218482e-10,0.13160707695696358,0.9200713030612977,-0.0023140512063105773,0.9858748422387688,True
0.015230072805431845,3.250087869819945e-10,0.13191349730753202,0.9198097410562998,-0.002382233495020359,0.9857664900350745,True
0.015292473550971842,9.910849571494612e-10,0.1321746771925321,0.9196255795966938,-0.0026463991095512936,0.9857129191840448,True
0.015375747144345626,5.861796836671792e-10,0.1325242938654299,0.9193377074808876,-0.0026490655778600254,0.9855998549997822,True
0.015469833725610293,8.215421174052788e-10,0.13294972921886475,0.9190229714183923,-0.0028169552642201188,0.9854978368493669,True
0.015568621251353299,0.0,0.13340745986967995,0.9186665705832511,-0.0027787633248012177,0.985370300518091,True
0.014819840222076794,0.0,0.12961739174607356,0.9212871646357105,-0.0012912758926597622,0.9860958605087473,True
0.014931973872735576,0.0,0.1302162344041291,0.9208601004369248,-0.0012770348883879767,0.9859682176389893,True
0.015056622952410439,0.0,0.13090310835472535,0.9203826112439053,-0.001301638191641034,0.985834165421268,True
0.015166623882827471,0.0,0.1315321919131356,0.9199786270523862,-0.001563737417066155,0.985744723008954,True
0.015296968718391491,1.4846092614374818e-09,0.13229675959911405,0.9194754250938302,-0.0017165557402110312,0.9856238063779964,True
0.015389177091093798,3.7299100892849145e-10,0.13285926644917437,0.9190814071030782,-0.001528859944524577,0.9855110407006563,True
0.01552913025402947,7.098522321240987e-10,0.13373484805831698,0.9185096632517734,-0.001584144135299903,0.985377087990784,True
0.015648065911729042,4.154727630336215e-10,0.1344989460638142,0.9180441437896601,-0.0018766156490378444,0.98529361723704,True
0.01572645807766023,4.073549359968908e-10,0.13498136706117358,0.9177666241406879,-0.002304024351652138,0.9852573080786295,True
0.015018274659623522,9.798997940700663e-11,0.13043914494784384,0.9205791172114383,-0.0004891475377017942,0.9857986897833502,True
0.015105608508003321,0.0,0.13100950164838032,0.9202431005441104,-0.0008596118244110036,0.9857478513683006,True
0.015060874988127427,1.2376592116902755e-10,0.1307346299113539,0.9203674828469336,-0.0002609758526365614,0.9857347979263764,True
0.014585852292136589,2.5340692894942027e-10,0.12736463665108733,0.9226038697676227,-0.0011216983670999173,0.9862861883465732,True
0.01458886859758173,0.0,0.12727311088696197,0.9226128898220118,-0.0012484098967524041,0.9862494452654929,True
0.014567139699701357,0.0,0.1271932035866153,0.9226413111494022,-0.0007325613151351153,0.9862379129427098,True
0.01458512958064258,0.0,0.1272235044885836,0.9225707496459373,-0.0007577011400560101,0.9861825018902292,True
0.014603458041774655,0.0,0.12729230760496474,0.9224743771886225,-0.0006715381795816615,0.9861205309911049,True
0.014549232491353196,4.953967483344074e-10,0.1270125425555882,0.9226377916840348,1.2696338973866854e-05,0.9861440634572256,True
0.014578886705720637,0.0,0.12719471554275422,0.9224786003928402,0.0001525156200687469,0.9860759581642173,True
0.014595942628228775,0.0,0.1272781373500596,0.9224662169114246,-0.00033924089081643346,0.9861052855864544,True
0.01454419293943315,7.841992951628641e-11,0.12696537900276092,0.9228503195193747,-0.0011960340207901043,0.9863330090991751,True
0.014510047096676259,0.0,0.12661745764321455,0.9229970715074082,-0.0011889110354553066,0.9863058003290155,True
0.01448935570748623,0.0,0.1264464871521544,0.923049645233153,-0.0008827395718776741,0.9862728888092303,True
0.014473951627506993,1.7620395606022373e-09,0.12628028271772151,0.9230922886077458,-0.0006881167969692165,0.9862324317286462,True
0.014463083846180634,5.704416985935982e-10,0.1261649305930144,0.9231053579667848,-0.00044733066206378944,0.9861878238337337,True
0.014479685161148587,4.024428967831628e-10,0.12627309575516427,0.9230983249281886,-0.0009747596271983657,0.9862348732082136,True
0.014479368585439644,2.7145219314094806e-11,0.12620693565334537,0.9231229389323994,-0.001228643917596957,0.9862264067862172,True
0.01447043010396181,1.2858228818206154e-09,0.12606504284781675,0.9231587554322287,-0.0012779188682063,0.98619127814196,True
0.014442094380942449,0.0,0.12615866123578157,0.9232070655949448,-0.00022776030506942578,0.9862863962128356,True
0.014444635186823304,1.271191251104312e-09,0.12613780584663026,0.9231681710613969,-0.00012323817713214973,0.9862370752559033,True
0.014462438538227618,5.018168935596421e-10,0.12622853409995619,0.9231057286687436,-0.0004001917938591758,0.9862199962205387,True
0.014460758156630294,3.8827949662241437e-10,0.12622066545193653,0.9232522778684158,-0.0011438912393411287,0.9863626109826635,True
0.014431277343488362,1.7974870686742335e-09,0.1259432781979948,0.9233582142499372,-0.0010027317479385067,0.9863298551464217,True
0.014409150047682912,0.0,0.1257232782342276,0.9234388248411127,-0.0009939158011756423,0.9863004639582266,True
0.014411370093437488,0.0,0.1256724371381658,0.9234497397222988,-0.0012373590910511327,0.9862859582913818,True
0.014427275716457235,0.0,0.12577452749073653,0.9234347570515372,-0.0017093192232249918,0.9863220207969055,True
0.014406970242677997,1.485864807210789e-09,0.12556013681704278,0.9235099805658333,-0.001692259798569703,0.9862900504602194,True
0.01439921032071353,0.0,0.12544160781916394,0.9235385307027805,-0.0017787083900404942,0.9862593346123625,True
0.014401594556317272,9.377960540838583e-10,0.12540754592577397,0.9235256582618216,-0.0019201160155402222,0.9862294321625047,True
0.014396038434098837,0.0,0.12536651628800854,0.9235046673993681,-0.001704730752482287,0.9861879255433723,True
0.014322708211856083,0.0,0.12489327941219855,0.9242499244008779,-0.0028090725880366785,0.9866965641069773,True
0.014240714389932027,0.0,0.12417974755621794,0.9245989161651496,-0.0026592911160144735,0.9866887899432585,True
0.014168047777027194,0.0,0.1235331522541229,0.9249073181956601,-0.002511535125697234,0.9866738943227216,True
0.014254195288285303,1.5671876278453224e-10,0.12427445940797252,0.9245856891604675,-0.003079931218700003,0.9867229190211725,True
0.014235006132258417,0.0,0.12405751954340159,0.9247035975506722,-0.003303292806232962,0.986732357322373,True
0.014275051598331617,0.0,0.12451488343284335,0.9244625354776245,-0.002918303063178738,0.9867199771940461,True
0.014365363230319094,0.0,0.1253696479783812,0.9240957990803388,-0.0034667945390580313,0.9867806230695294,True
0.014299282242053851,0.0,0.12472306444609256,0.9243995230081015,-0.003337928756142836,0.9867610552311478,True
0.01427608097237882,6.204775656542164e-10,0.1244376811736134,0.9245414725801882,-0.0035163876276998866,0.9867603137874724,True
0.01429235333206804,1.5580012884238447e-09,0.12455567943158248,0.924504457018613,-0.0038379880867496093,0.9867822982924055,True
0.014381097240479552,0.0,0.12565115835224538,0.9239790526991993,-0.003377705659495043,0.9868046318753221,True
0.01435558239261848,4.1998882080526243e-10,0.1253917105821433,0.9240806001158068,-0.003143383488176547,0.9867764558268673,True
0.014330014118306143,0.0,0.12500641205045504,0.9242328527470646,-0.003113391212597313,0.9867360587722921,True
0.014317059672984264,0.0,0.12489545397856203,0.9242616931950693,-0.002816368367621533,0.9867094201843504,True
0.014309932423000642,2.873378569352723e-10,0.12467678263823564,0.9243170938576082,-0.002653241986410621,0.9866554854640638,True
0.014311262099049005,0.0,0.12510220339647238,0.9242776284121198,-0.003302232076224353,0.986828730110356,True
0.014328834099531696,0.0,0.125247280408426,0.9242316871253708,-0.003635716348548575,0.9868553273295838,True
0.014362958737479137,0.0,0.12579842756774687,0.9239754936720933,-0.003241380573537432,0.9868747074559667,True
0.014366453853964817,0.0,0.1260142799275159,0.9238765245798086,-0.002874306543159241,0.9868836645435666,True
0.01437753151882858,0.0,0.12607957417814974,0.9238638427459609,-0.0031873871470518315,0.9869036298350358,True
0.014375419186181465,0.0,0.12592188225678863,0.9239286749838065,-0.00338243575218904,0.9868896161122008,True
0.014397289693425089,3.3914004250071273e-10,0.12680755447858907,0.9235945989832638,-0.0028039732581927415,0.9869983765616984,True
0.014391535837862913,3.8120224751483906e-11,0.12656528973530437,0.923659366551235,-0.0026947409825542378,0.9869420114570074,True
0.014400726767218945,0.0,0.12670594137295554,0.9236390190905128,-0.003079194249000111,0.9869919897769905,True
0.01438979785081858,4.2899533071713674e-10,0.1265511122408412,0.9236812454314134,-0.0028403006591251824,0.9869568019808292,True
0.01440135133190883,0.0,0.1265401986836614,0.9236816644633306,-0.003098489773052216,0.9869517638051613,True
0.014408296723067388,7.133199599786323e-11,0.12639263176790524,0.9237187559035646,-0.0032540210003094818,0.9869150718588492,True
0.014409223085887104,0.0,0.12625111322543925,0.9237361676083164,-0.0030756275702800667,0.986861724221036,True
0.014415323729936572,8.166246972911699e-10,0.12634329294059654,0.9237331823045078,-0.0034442016736507537,0.9869048295914308,True
0.014427077702111737,0.0,0.12633863243945334,0.9237336145669837,-0.0037192345366203697,0.9869029307867103,True
0.014425889059431585,7.445664829762657e-10,0.12613264361659945,0.923782002341455,-0.0036348027029512965,0.9868483248943213,True
0.014437677434669992,0.0,0.12599249260074852,0.9237872047139872,-0.0036200484921958993,0.9867834510143615,True
0.014408025494934014,2.379596499380789e-09,0.12618990431542068,0.9238559059389239,-0.004125560508869273,0.9869508604762307,True
0.01439068083013368,5.900429969476881e-10,0.12583838928834098,0.9239820025149383,-0.004061309572291971,0.9869011977491519,True
0.014381138203080472,1.4459143278205568e-09,0.12567680957584415,0.9240249495116459,-0.003839629348960637,0.9868633557454822,True
0.01437161278605378,1.698215484549297e-09,0.12560351770101474,0.924037581152331,-0.0035414756525047786,0.9868393417010539,True
0.014390557361149718,0.0,0.12555661248894404,0.9240196687332243,-0.003709133732710682,0.9867979749776963,True
0.014415879179173106,0.0,0.12550042225968233,0.923978728612633,-0.0037508825234716762,0.9867289397424741,True
0.01424009526643558,1.2713814683365207e-09,0.12553397135960898,0.9244560163350064,-0.004502238223129706,0.9872230032861924,True
0.014263695310358853,5.114052444176989e-11,0.12589008846468921,0.9242813748848993,-0.004209982664954529,0.9872264191683844,True
0.01438952686236193,2.088052381083513e-10,0.12746586115528147,0.9236471010973893,-0.004910577896160451,0.9873800318838353,True
0.0143215013260507,0.0,0.1267690582063416,0.9239715579966934,-0.004776622630673931,0.9873560870998642,True
0.014297457062621947,0.0,0.12652419295364453,0.9240707581939426,-0.004558197132775774,0.9873328546707648,True
0.014622323373656201,0.0,0.13070926931173654,0.9223381335323161,-0.005827643209778618,0.9876927681881844,True
0.014568812270776261,2.2436926643776404e-10,0.1302010775645036,0.9225748047166009,-0.0056361465423859875,0.987675343723222,True
0.01481626997426687,7.287140227159965e-10,0.13274473429526343,0.9214120887262663,-0.006384809712423543,0.987784456602612,True
0.014819744593281566,0.0,0.13280562298386217,0.9213750038686644,-0.006250260587179531,0.9877778153605955,True
0.014802302729902414,9.376469373673753e-10,0.132596165311458,0.9214791125243249,-0.006337920959081543,0.9877771961177009,True
0.01478845665064662,0.0,0.13241028755941597,0.9215683986237853,-0.006422139207145736,0.9877735424034932,True
0.014719944456744578,0.0,0.13163139583271347,0.9219214177749605,-0.006281383733333893,0.9877371156913173,True
0.014683599255646176,3.37437591284054e-14,0.13119048942051803,0.9221069866107394,-0.006114160944600477,0.9877022313210322,True
0.015022163879134293,0.0,0.13660273293806513,0.919992303917372,-0.007712864673261677,0.9882936703864045,True
0.015028176952597656,0.0,0.1366820672476922,0.9199473547720679,-0.007619305743291657,0.988288388395914,True
0.014948646732066837,1.7504280447253857e-10,0.13581465046501187,0.9203417541131323,-0.007446624640985248,0.9882490795206811,True
0.014957321054428676,2.5458123956820054e-09,0.13588994476092656,0.9203149835085616,-0.007575199709054277,0.9882599584348373,True
0.015024256641604204,6.197493461744573e-10,0.13667383287054755,0.9199832932600913,-0.007890315102418362,0.9883202103151144,True
0.015046974573425437,1.0696477726915906e-09,0.13691913733515057,0.9198824293402356,-0.008049314605548042,0.9883419990774587,True
0.015006071173052802,0.0,0.13642568497276839,0.920103464746586,-0.008004456859514217,0.9883163072329701,True
0.015124428894365854,2.3424330930901272e-09,0.13790761436002164,0.9194808930234318,-0.008474741565234218,0.9884347025458757,True
0.015593319922828582,0.0,0.14338709520130444,0.9170589619803089,-0.009360574115780907,0.9887525095809611,True
0.015547139618622424,0.0,0.14275142829527315,0.9173229011419705,-0.009242400362642601,0.988698615289607,True
0.01571493135575611,3.865812520116794e-10,0.14540827095559494,0.9163059051384806,-0.010081109898438469,0.9890100410028593,True
0.015675406238721074,2.762443957731131e-11,0.1449751279511533,0.9164926541350071,-0.00993835938950744,0.9889802181382082,True
0.01567718140138893,1.1327491001634968e-09,0.14501937397046807,0.9164704541788181,-0.009880400387284686,0.9889801422968013,True
0.01564970966638566,0.0,0.14458547555646614,0.9166428305860278,-0.009808951178662506,0.9889355683642609,True
0.0156568611350423,0.0,0.14467406311061998,0.9166131533022194,-0.009909666908339635,0.9889501848575294,True
0.015623236086664879,2.0015839302489478e-10,0.14410079419502517,0.9168294085243291,-0.009743078733959439,0.9888798058220002,True
0.015614673244174242,8.68735877090578e-10,0.1438413267300168,0.9169203394182571,-0.009707752671268909,0.9888410036520013,True
0.01565325618413819,0.0,0.14544842442914752,0.9164030685384137,-0.010066353358287572,0.9891272807529874,True
0.015655850919856468,3.572948607525246e-10,0.14508134519516125,0.9164954287508661,-0.009939076194986629,0.9890361017057416,True
0.01566362133292823,0.0,0.14493537912658253,0.9165130021874217,-0.009812628913191391,0.988980691750713,True
0.015695403957984577,0.0,0.14474586282650453,0.9164986310555839,-0.009670421315257421,0.9888715624688362,True
0.015744848056227407,0.0,0.14465081716441486,0.9164252708693036,-0.00953684241636274,0.9887506794515111,True
0.01576817896150029,2.975719216116094e-10,0.14464244436093598,0.9163746341680303,-0.009418516442243542,0.9886958566460703,True
0.015760211767438786,0.0,0.14464702207996064,0.9163991757861252,-0.009539728878280217,0.9887226868261055,True
0.015714077339795598,0.0,0.1446997848029529,0.9164889003696542,-0.00977624143388096,0.9888387927711307,True
0.015724149681518758,1.1062434120460166e-09,0.1445713246037153,0.9164974106466637,-0.009646084797921076,0.9887830740547647,True
0.015764874090548525,1.3929178757446999e-09,0.14445933713172895,0.9164494918722241,-0.009559499225417576,0.9886791618310065,True
0.015792834302758327,5.819837372762632e-10,0.14444985168003008,0.9164040424014512,-0.009578242673533644,0.98862896882345,True
0.015788468388110606,2.877940838564582e-10,0.1444778502082536,0.9164154558670922,-0.009699146060858393,0.9886543812590131,True
0.015747391641267306,0.0,0.14459795906008954,0.916451070109651,-0.009680128811791469,0.9887500496396957,True
0.015724765335967967,1.532932458677256e-09,0.14464687003217616,0.9164945557431967,-0.009851204343792242,0.9888179922922172,True
0.015753584521100903,7.546249560570405e-11,0.14446674419853647,0.9164886863594817,-0.009768498684544557,0.9887220585342125,True
0.015787533498679656,4.2940483949869343e-11,0.14435799906179336,0.9164474088171034,-0.009635654209759356,0.9886264083909405,True
0.01569871003412188,0.0,0.1444355506782759,0.9166169374073763,-0.009968002299815584,0.9888347127465142,True
0.015682109676497694,0.0,0.14498105784073884,0.9165169452601968,-0.010331357126320457,0.9890074741805662,True
0.01567993103326502,1.4504636527748856e-10,0.1449585585073572,0.9165197453093302,-0.010246692382836091,0.9889990247080552,True
0.015678834523444415,3.2429741078818365e-10,0.1452343560083741,0.9164384951283776,-0.010236900259960626,0.9890556734568621,True
0.015688670473182283,1.280367897955159e-09,0.14490873056865924,0.9165041858411311,-0.010100036438388993,0.9889585524058286,True
0.015694849510373948,0.0,0.1448222462360304,0.9165071190825396,-0.009979774699317235,0.9889182422005548,True
0.01573298592439004,0.0,0.14469571515714613,0.9164638359225572,-0.00984217537479852,0.9888116935011303,True
0.015538675976873507,0.0,0.144891199566594,0.9168174088210073,-0.010480149585532134,0.9892630086043043,True
0.01552805431162208,0.0,0.14463484089161047,0.9169003045279213,-0.01034816247676212,0.9892177249737265,True
0.01552553645537194,0.0,0.14432317169176312,0.9169831414335164,-0.010193468100640151,0.9891447272793981,True
0.015537703082605804,1.5838685025317955e-10,0.14409923521784776,0.917021016983246,-0.010115820569742943,0.9890706347505568,True
0.015550333736620606,0.0,0.14395163669829053,0.9170295934904998,-0.009984693939397632,0.9890054118396451,True
0.015566409000995306,7.556147449839836e-10,0.14387083422989308,0.9170131096877454,-0.009854335192921487,0.9889485275583068,True
0.015613972625126028,0.0,0.1438399602252268,0.9169292780007497,-0.009784969842406564,0.9888492581133631,True
0.015677783405339218,0.0,0.1438532617504351,0.9167976972557835,-0.009650770622031327,0.9887243281310011,True
0.0157333362552438,0.0,0.14393488560402926,0.9166717466747473,-0.009632562706980579,0.9886391894767619,True
0.01581057055953909,0.0,0.14404876014318027,0.9164863557801918,-0.009502315720994385,0.988510735851782,True
0.015901780291283935,2.282434503713758e-10,0.14426001101571817,0.9162541637438766,-0.0094575558565777,0.9883841694799791,True
0.01583850448624075,0.0,0.1440790263042508,0.9164142256912221,-0.009363779900410863,0.9884537388433475,True
0.015958376825863107,5.415277537070697e-10,0.14443584695608644,0.9160866049570395,-0.009307863815069737,0.9883045289766105,True
0.016061794298721205,0.0,0.14478242951397363,0.9157982064816379,-0.009327695549987918,0.9881894212386247,True
0.016189708986902755,3.50477748522813e-10,0.14519918888192945,0.9154415058176897,-0.009300412092779735,0.9880411006091322,True
0.01632439256454514,1.0646434237320366e-09,0.14566042902008128,0.9150613865782161,-0.009288525475372147,0.9878916021529002,True
0.016475908777377205,2.5479267474929628e-11,0.14619622736631524,0.9146290875696531,-0.009274582313389058,0.9877272012782901,True
0.016646888177094803,0.0,0.1468217594832516,0.9141297254736432,-0.0091951001955973,0.9875406052152691,True
0.016837421571779896,2.5823824026266934e-10,0.14755175249320254,0.9135652490926673,-0.00912738076237474,0.9873411255975069,True
0.017055697684481466,7.497967526643189e-11,0.14841603629926683,0.912917240590152,-0.009101627866711122,0.9871252588147651,True
0.01709827854919783,0.0,0.1485858601743175,0.9127766932688298,-0.008958443707224073,0.9870696233559886,True
0.017266403630537663,0.0,0.1492873526382676,0.912258133609232,-0.008848969034873335,0.9869018099283658,True
0.017115482403622952,0.0,0.1486378444388685,0.9127003647741282,-0.008655592222205924,0.9870192869935625,True
0.017396580478865126,1.8961671915174303e-11,0.1498637031657638,0.9118344836770569,-0.008641956542955971,0.9867663352789005,True
0.017666017872577097,2.886762707949768e-10,0.15106050892193668,0.910993527206118,-0.008580453826502247,0.9865237819557626,True
0.017333646729199747,0.0,0.14956223160881155,0.9120587653477641,-0.008860857004702922,0.9868398811521699,True
0.01752566890946315,1.0040884340036064e-10,0.15030223501739978,0.9114911385972378,-0.008797812487080814,0.9866422562063465,True
0.017544029678997358,4.215828334278287e-10,0.15038058782908367,0.9114528941084666,-0.00897200594428885,0.9866431884445913,True
0.017528334046909105,4.304266551988034e-10,0.15033108123043326,0.9115148020500907,-0.009162263205027799,0.986680343095734,True
0.01766771622089136,5.254348020729361e-10,0.15076195601058398,0.911134150288145,-0.009115325003683348,0.9865151288188718,True
0.01752630042146514,3.373426614205846e-10,0.1502979943725524,0.911551591985062,-0.009390561758839696,0.9867005895086809,True
0.017620780580102156,4.1599729001863983e-10,0.15047191955854472,0.9113261219656311,-0.009338676393800855,0.9865620821609007,True
0.017715824167410348,0.0,0.15069172633254968,0.9110817672746656,-0.009243851940811404,0.9864276304409405,True
0.017158056004043253,3.763329692151587e-10,0.14910816067305604,0.9126091415040941,-0.00983656109874502,0.9871632222169551,True
0.01714339986093601,0.0,0.1493801123566616,0.9125465314594179,-0.009750397519887103,0.9872365876377487,True
0.017163114636471907,2.5223448400499167e-10,0.14923040837439688,0.9125555671937357,-0.009754495526535657,0.9871707716331686,True
0.01719300475137137,0.0,0.14904939938917305,0.9125443762723755,-0.009646091487705769,0.987069075966962,True
0.017235459075873483,0.0,0.14895847515635005,0.9124833273781736,-0.009530052472492901,0.9869625649563486,True
0.01728568783125426,0.0,0.14894754342543154,0.9123835663296483,-0.009403217526381725,0.9868573380423641,True
0.01721543692339634,0.0,0.14884012533549126,0.9125259725369177,-0.00925682752248491,0.9869460352046633,True
0.017139929239552276,0.0,0.14871201332913273,0.9127297633899386,-0.009548557760767223,0.9870857700545049,True
0.01716263233382673,0.0,0.14870664068918127,0.9126994008229633,-0.009639993840977214,0.9870527211675539,True
0.017208922484914558,0.0,0.14861802740533267,0.9126364831081046,-0.009575265360597178,0.9869454968107709,True
0.017246049425590118,4.487523018521656e-10,0.1486049891939507,0.9125594373285627,-0.009452531192351675,0.9868619323742903,True
0.017320054973906523,5.65504576600245e-12,0.14869308074399457,0.9123976021770306,-0.009424819751335925,0.9867441425546829,True
0.017368048053406897,0.0,0.1487676723412204,0.9122750792005763,-0.009277413466112794,0.9866589153711864,True
0.017290965931707643,0.0,0.14855664176641947,0.9124562590043067,-0.009073073827977653,0.9867345798875164,True
0.017408179137834535,0.0,0.14889458258960378,0.9121390811633235,-0.009016980572925088,0.9865863724581254,True
0.016857128795628496,0.0,0.14711085787051523,0.9137277393387874,-0.009646522206480277,0.9872831682740449,True
0.016869123179245347,0.0,0.14684683200185583,0.9137704574786475,-0.009506267487890801,0.9871938734795754,True
0.016898679715169167,0.0,0.1466744937739101,0.9137578947737867,-0.009411041837288631,0.9870951416607417,True
0.01693704036576644,6.406735795547747e-10,0.1466203953943047,0.9137045275581823,-0.009416082854244367,0.9870147258960082,True
0.016822235920843597,0.0,0.1467631516911984,0.9139218470879666,-0.009923828681480612,0.9873034229335659,True
0.016818681726262167,0.0,0.1463864410751709,0.9140298387430108,-0.009819272198282486,0.9872230592805963,True
0.016830557989774352,0.0,0.14615993548378745,0.9140730375187655,-0.009798822678174543,0.9871530052606592,True
0.016851933523730107,1.4127071956354774e-10,0.14598382109548158,0.914084653644989,-0.00978331214875518,0.9870765643340006,True
0.016825340624606028,0.0,0.14618868635181878,0.9141032590763519,-0.010091612173575898,0.9871976022522613,True
0.016815029282575826,2.1257231596040763e-10,0.14641958924968015,0.9140415507565697,-0.00997364464483912,0.9872513455939821,True
0.016832853908947475,1.387880864056898e-10,0.1462049432057867,0.9140694139121023,-0.009943304820709632,0.9871718856537837,True
0.016854717532754984,3.400262678943396e-10,0.1461225452438879,0.9140595878442117,-0.009999097857044666,0.9871208608061819,True
0.0168673884696091,0.0,0.14611661721683195,0.9140508874938528,-0.010124106145265335,0.9871091961022688,True
0.01681631811390065,1.0780197769647344e-10,0.1465564873446732,0.9140550466001657,-0.010531984825305629,0.9873332903803043,True
0.016804106731209613,2.0279928847569646e-10,0.14614310961377006,0.9141939235825405,-0.010475433288815136,0.9872654785922248,True
0.016798183664915978,2.1686260556249743e-10,0.14599246229570764,0.9142349373085452,-0.010339293224208323,0.9872311686732617,True
0.01679176735074788,1.046494762274257e-10,0.14637337347530682,0.9141650166905675,-0.010644882173174613,0.9873517035328704,True
0.016776827708717565,3.4663189684080415e-10,0.1459335992422723,0.9143118179669104,-0.010545785512770186,0.9872786179346785,True
0.01677896328265283,4.254660172409089e-11,0.14564635824527225,0.9143914088858556,-0.010523732324258411,0.9872145880510383,True
0.01673272502240666,7.711688247317402e-10,0.1464544751790803,0.9142312269014975,-0.010483420789665677,0.9874584652622065,True
0.01675565343092258,0.0,0.14626612482317097,0.9142350645394528,-0.010379837394192156,0.9873681269510383,True
0.016701009968156866,0.0,0.14634676252960085,0.914296139048109,-0.010239739709273738,0.9874695203129095,True
0.016748063561619488,0.0,0.14631572889239497,0.9142111190286735,-0.010126639912053032,0.9873689834748709,True
0.016815751711392785,0.0,0.14639193395384026,0.9140604865430523,-0.010100488294742303,0.9872564535199724,True
0.016750016749175613,0.0,0.14624410996634074,0.9142051018850482,-0.009907890558022945,0.9873271568682186,True
0.016742764135817125,5.745422310204396e-10,0.1462112235098893,0.9142099608774539,-0.009729297700787657,0.9873155732069407,True
0.016819434002966066,0.0,0.14644309171694783,0.9140106687052124,-0.009811722668585883,0.9872322145636864,True
0.016735981166326956,1.2380871356447037e-09,0.14621119390974996,0.9142596954119062,-0.010097449578387648,0.9873652936048684,True
0.01619477139012688,0.0,0.14565617361812946,0.9154003555571978,-0.00994967578436271,0.9882284423662625,True
0.016215850930322045,6.105856126134586e-10,0.1457136138592093,0.915360103368436,-0.010104190136435376,0.9882169109086262,True
0.016262665639105268,7.302477503626049e-11,0.14575416667829916,0.9152509088217635,-0.00999199546910924,0.9881279922339379,True
0.016263726994801924,5.827160838538334e-11,0.14573864891826793,0.9152349500099259,-0.009813368071920826,0.9881042745273315,True
0.016290942793312654,4.0873035454037567e-10,0.14582404239750488,0.915176019023196,-0.009977035137099322,0.9880880406306788,True
0.016163362746554888,0.0,0.1455883694814599,0.9155183143103767,-0.010340776139186924,0.9883124990511066,True
0.016180924048167077,0.0,0.1454221967071382,0.9155228433398962,-0.010227653018287087,0.9882339416934653,True
0.016186344753335347,7.925517846299153e-10,0.14536729539770307,0.9155131329022442,-0.010070361122867754,0.9881967813936475,True
0.016141752177636325,0.0,0.14533091402932882,0.9155866995781052,-0.00986880779068098,0.9882521565927697,True
0.016198340160152324,1.7984797379377362e-10,0.14540618841938094,0.9154616339943095,-0.009899418450921882,0.988164728383848,True
0.01618583532217521,0.0,0.14540839346688392,0.9155079445692864,-0.010130796234093752,0.9882121413027284,True
0.016218125594121988,9.291895960074612e-10,0.14537663472833937,0.9154444711129291,-0.010009528088185959,0.9881327894062885,True
0.016279900757095823,0.0,0.14544284292945797,0.9153067072157153,-0.009970870741614927,0.9880281286804442,True
0.016304959794872925,0.0,0.1455110761912086,0.9152568803901199,-0.010138132143962659,0.9880124184857242,True
0.016347404769974264,9.819013856673978e-10,0.1455653350115977,0.9151480363590586,-0.010009939604508699,0.9879307048467588,True
0.016372776612429377,0.0,0.14560365219512678,0.9150727028831178,-0.00984825669396265,0.9878745289806812,True
0.016014749560914223,0.0,0.14462046581202065,0.9160884236879892,-0.010412750737248547,0.9883986565939995,True
0.01600876495335497,0.0,0.14447859306356386,0.9161250680161881,-0.010252559331810376,0.98836436454797,True
0.016019970768942064,0.0,0.14425371866576606,0.9161660873895403,-0.010229127959618693,0.9882929467224233,True
0.016035914558964942,1.1724768450985807e-09,0.14409538353786058,0.916170468440574,-0.01010441370315961,0.9882181613819813,True
0.01606715371908014,0.0,0.14403484206234649,0.9161326676914902,-0.010136877163339456,0.9881500887226634,True
0.01610984673788313,0.0,0.143997510911598,0.916061293049987,-0.010116565448673167,0.988060048505786,True
0.016094854678009918,0.0,0.14395522783037276,0.916081326741633,-0.009912136828308802,0.9880589406568194,True
0.0161612461596278,0.0,0.14406971663571846,0.9159190176133082,-0.009872318568078643,0.9879538759311675,True
0.01596303368591103,0.0,0.14354303414219843,0.9164139884218299,-0.009548887246400338,0.988185505492929,True
0.016050853270352883,1.1763745894235423e-10,0.14381360082188666,0.9161708338270835,-0.009565983875048227,0.9880776343556643,True
0.01603762267107724,5.3033155031091085e-11,0.1437569671196219,0.9161884937858549,-0.009327749638560898,0.988066977398699,True
0.016075901483208314,1.3406244053835925e-09,0.14390839749038717,0.9160921961266001,-0.009530773599524112,0.9880463962124181,True
0.01605819369999401,0.0,0.14386083707665673,0.9161674043972553,-0.009805581672919384,0.9880978229355837,True
0.016127128135506544,0.0,0.1440148614987543,0.9159937091043415,-0.009832537865981962,0.9880011398537187,True
0.016037416470297633,0.0,0.14378918822080897,0.9162675940765926,-0.01019546843575829,0.9881621881869971,True
0.01606096564695077,0.0,0.1437146504236061,0.9162316751467454,-0.010077152641863254,0.9880890003585485,True
0.015979361483883625,3.501841570181459e-10,0.14364418719022215,0.9163769296992493,-0.009759957798856226,0.9881990236445445,True
0.016038113270502866,0.0,0.14372824989681585,0.9162396899057123,-0.009762111182124422,0.9881038148541201,True
0.016100027024218543,0.0,0.14388200348743513,0.9160844884718183,-0.009848241375011758,0.9880254902155359,True
0.016124205665684226,0.0,0.14396457526940556,0.916036308131216,-0.0100685009623488,0.9880185957659188,True
0.016018994462726192,0.0,0.1437141497991943,0.9162730352345074,-0.009681712164422108,0.9881301101341046,True
0.01600895145753442,0.0,0.1437073680468587,0.9163237089634355,-0.009964013094361863,0.9881773929868649,True
0.016015720093501266,0.0,0.14368562007813757,0.9162959099573065,-0.009763935416201222,0.9881387199963753,True
0.0159217279110633,5.530921615844098e-10,0.14345109961756145,0.9165086496690313,-0.009379250044460559,0.9882342000309042,True
0.015992227324447873,2.9962902111939303e-10,0.1436473900432759,0.9163126058067339,-0.009377200447916534,0.9881363011280009,True
0.016022752881988137,1.200461605021199e-09,0.14376306094670385,0.9162436095217085,-0.009614955491090288,0.988125141195522,True
0.016060408020727966,1.8561452868927733e-09,0.14385691800327927,0.9161268747908119,-0.009453535151112033,0.9880553356485968,True
0.01613805490807063,4.4856101556366116e-10,0.14412551984617186,0.9159058170249244,-0.009550626389261454,0.9879685773965713,True
0.01621154307913328,0.0,0.14438765853528712,0.9156787584019951,-0.009483254469071521,0.9878725876696386,True
0.016307829323566992,0.0,0.14478603654711567,0.9153811211046605,-0.009559754746691115,0.9877741393782183,True
0.016396968320785757,0.0,0.14516688621132773,0.9150886641243553,-0.009489783119087122,0.9876721072300192,True
0.01613367225578424,0.0,0.14395609349862218,0.9160111247387955,-0.00998064120618473,0.9879891714881066,True
0.016149560299275036,0.0,0.14400159708162294,0.9159913793328833,-0.010226452671132327,0.9879921778736948,True
0.0161777098586329,2.101623595058996e-10,0.14393939832910108,0.9159502137792535,-0.010256864852134314,0.9879199131539663,True
0.01620139787618208,0.0,0.14392209059764724,0.9158918026307555,-0.010125516228778034,0.9878528479295792,True
0.01604136525163076,1.053449972053885e-09,0.14371492080239648,0.9163425322892885,-0.010686111824963509,0.9881999937439367,True
0.01602567290997131,4.345247763317275e-10,0.14334101964652568,0.9164701139627228,-0.010633978522783116,0.9881406242205104,True
0.016017847865645172,0.0,0.14310441057712667,0.9165346483039393,-0.010484625475711173,0.9880868535925026,True
0.01599922263415746,2.6429467251913957e-10,0.14320800376712606,0.9165144564863864,-0.010189064057376367,0.9881184586342442,True
0.016004446726368447,7.115143341210744e-10,0.14309321862536126,0.9165164575133676,-0.010015379365261807,0.9880630675375626,True
0.01603047299229887,4.4827681013762474e-10,0.1430760099276997,0.9164791695315662,-0.010135151126535999,0.9880171749436929,True
0.016057369478776496,6.427982138571378e-11,0.14303407614977437,0.9164245587985459,-0.01004270330391419,0.9879415969377129,True
0.016100106199982103,3.213870917989706e-10,0.14306933391143803,0.9163260216288203,-0.010033282331659751,0.9878606889059264,True
0.01606222769459686,6.650124488957254e-12,0.14303343999843712,0.9164582515204467,-0.010458447446379159,0.9879749715263154,True
0.016081830652697297,2.4696042966055454e-10,0.14291904326337665,0.9164456432201278,-0.01045008762424266,0.9879051650987766,True
0.01610942589299403,4.3963664906345635e-10,0.14286981164504028,0.9163943054018938,-0.010396242468992614,0.9878292116640506,True
0.016009154993413138,0.0,0.14271733885317037,0.9165997282100715,-0.009927374499165956,0.9879583976366567,True
0.01604410404141225,0.0,0.14277721486019382,0.9164944616637227,-0.00979006205730316,0.9878830690938196,True
0.015781944320337783,8.600177893665558e-11,0.1419511479709168,0.9172106211563509,-0.009132713544617766,0.988186195227811,True
0.015848469185362066,8.542403275334359e-10,0.1421948593656597,0.9170048189132886,-0.009164173580178736,0.9881022494503587,True
0.01585164410504165,2.224386457319693e-09,0.1422026882439279,0.9169644591815662,-0.008869589837879738,0.9880658055279166,True
0.015913902695120274,8.257316348108856e-10,0.14248334332554793,0.9167382737071179,-0.008730151792958845,0.9879799461956235,True
0.01600370796676341,0.0,0.14291363187812461,0.916427023814837,-0.008729330498201082,0.9878838397538993,True
0.015670014164076516,5.1832970452512e-10,0.1412218224878776,0.9175356996048787,-0.007981670950607974,0.9881466113671472,True
0.015756231769956316,1.0790400258551422e-09,0.14169209041147832,0.9172052754113431,-0.007864513507835258,0.9880513216961223,True
0.01584636266534357,2.0090409711843927e-11,0.1421893672603519,0.9168903755224874,-0.008042734309158197,0.9879850591727537,True
0.015948038135514243,1.2319987317725366e-09,0.14276446222665742,0.9165192186607761,-0.008152633098088322,0.9879014510061036,True
0.01590578707483378,1.1672890038018736e-09,0.14254056644153254,0.91662372809194,-0.007688553368816464,0.9878940124799953,True
0.015634379881447915,6.824826298668852e-10,0.1409344854114127,0.9175867506092559,-0.006884702255479478,0.9880539939974449,True
0.0157315573760755,1.5487076135727074e-09,0.141550074641107,0.9171850092001941,-0.00676397220961946,0.9879600480694551,True
0.015838464469672398,1.4475554684597407e-09,0.1422397765032988,0.9167671052772821,-0.006915608816411912,0.987886994976487,True
0.015919924602237925,0.0,0.14276175351613196,0.9164684643890938,-0.00721244401149178,0.9878493411471598,True
0.016020639877253252,1.5847389006654382e-10,0.14343471474831465,0.916062542707764,-0.007361813511246414,0.9877799002403952,True
0.015911342388664717,0.0,0.14258785469770116,0.9166378478794553,-0.008041109000890515,0.9879317752283059,True
0.015873435202397024,2.1746214456945374e-10,0.14239510865324928,0.9167254093082176,-0.0075236793224786715,0.9879229638523044,True
0.01587143076802175,2.434859100632496e-09,0.14241005243896004,0.9166795173541424,-0.007152200293111633,0.9878845460084815,True
0.015490226918311112,1.15836075972806e-09,0.1398072961527572,0.9185088469394389,-0.008201846256126582,0.9884124961741783,True
0.015465454956682969,3.878470215414888e-10,0.13954798901373416,0.9186013121996153,-0.007979356970021265,0.9883753070943293,True
0.015444817618575867,4.798394002135709e-10,0.13935930450449285,0.9186618801036195,-0.0077216331948548565,0.9883415328357052,True
0.015429334945387601,9.524726174878463e-10,0.13925255439818013,0.9186883948950092,-0.007413088519458019,0.988314673046572,True
0.015422808347369511,0.0,0.13907855343625422,0.9187283874571693,-0.007379899522538731,0.9882676641752964,True
0.015422157069018519,3.276758969984337e-10,0.1389694983537046,0.9187323858588828,-0.00728424744730401,0.988217135363411,True
0.015430030681399746,1.452868831923121e-09,0.13891919580441045,0.9187053949543061,-0.007241907384442496,0.9881649943093802,True
0.015439321084309324,2.6568046203295294e-10,0.13890431198217526,0.9186550769157676,-0.007112443908372219,0.9881072331725358,True
0.015458078368904137,1.7502214730139603e-09,0.13899193232673782,0.9186262929848149,-0.0074788428328931575,0.9881222608984054,True
0.015440540417051028,0.0,0.1391216523892821,0.9188112023946293,-0.008406709012392169,0.9883720285892703,True
0.015411466815935353,0.0,0.1387661162836263,0.9189605151989585,-0.008461065163018654,0.9883435733407716,True
0.015388534793508364,7.588394123404552e-10,0.13854391276041483,0.9190374094337667,-0.00823041225052838,0.9883093665728135,True
0.015370671617598853,1.0917721953675443e-09,0.1383742194271604,0.9190879950585306,-0.007977095032199033,0.988275105863883,True
0.015356278359247787,0.0,0.13822170265102396,0.9191258178409463,-0.00773165339437899,0.9882366691664582,True
0.015343348071129003,7.481141817514067e-10,0.1381441704612909,0.9191380484789512,-0.007399521871237662,0.9882101344577109,True
0.015340775500617776,3.1142809059576665e-10,0.13805317334894054,0.9191340574412155,-0.007207873579409002,0.9881606444271138,True
0.015346028795055956,0.0,0.13801537565126498,0.9191008757956755,-0.007025910125419769,0.988108563621308,True
0.015298210590573935,0.0,0.13784855844452162,0.9192163505181271,-0.006467041744451376,0.988140629740388,True
0.015323187161941485,1.3809267809169829e-09,0.13796124798201007,0.9191122060121171,-0.006495533220068955,0.9880928313840489,True
0.01535506707447211,2.0970693048333287e-11,0.13812169498344995,0.9189873733895298,-0.006586154892842806,0.9880482209022254,True
0.01536218979470715,0.0,0.13817518885952434,0.9189111754960193,-0.006293865053067782,0.9879987699257815,True
0.015382812362279688,1.1560553353051918e-09,0.13827986941464454,0.9188786221549496,-0.00671209155669375,0.9880185580183273,True
0.015391156102105981,0.0,0.13830546395865273,0.918921739800341,-0.007236065028162001,0.9880744717796673,True
0.015349180712653497,0.0,0.13822297551568177,0.9190154078466944,-0.006447966155514123,0.9881268956045354,True
0.015364146315492225,0.0,0.13828070010635798,0.9189578152526843,-0.00659400962825203,0.9880981653058633,True
0.01538365437026533,7.920765003122726e-10,0.13837529071429544,0.9188865356271221,-0.006793855602704363,0.9880741817763463,True
0.015306101742749472,0.0,0.13786726168283145,0.9194950140609576,-0.0077219766053984226,0.9884286449023733,True
0.015310400183960399,0.0,0.13798437513608117,0.9194254208927756,-0.007375045473429787,0.9884176084608162,True
0.015310378404967335,0.0,0.13806812914922187,0.919372636839904,-0.007015667982417647,0.9884067014145149,True
0.01527845408127475,2.064634517545101e-09,0.13772630643368367,0.9195049079601681,-0.006906396951371957,0.9883680632416445,True
0.015257161044058307,0.0,0.13752729528365157,0.9195692763514566,-0.006653781479192396,0.9883329239932823,True
0.015238690740760456,3.1685000062815816e-10,0.13732683701163953,0.9196302750331282,-0.006507282684648615,0.988293693855798,True
0.015233906466880325,0.0,0.13719510581957317,0.9196588245065046,-0.006544732887719672,0.9882563774162911,True
0.01521099521047341,6.50206134365374e-10,0.1372452571036962,0.9196733962397785,-0.005952637780689646,0.9882960254418327,True
0.015210508690676151,7.474355410030041e-10,0.13719352407202154,0.9196517050964871,-0.005787753908999131,0.9882484678799334,True
0.015201747748488363,1.5457331501858102e-09,0.13714195626955256,0.9196434439763587,-0.00543574370394265,0.9882144236568681,True
0.015221442940068212,0.0,0.1372369933630065,0.9195780109667074,-0.005649547071750466,0.9881965076482107,True
0.015238973506683306,0.0,0.13731483555329185,0.9195600749926809,-0.006058268932255587,0.9882174927693268,True
0.015220268485386,1.878127501824734e-09,0.13723673628921443,0.9195801273976804,-0.005621727376411177,0.9881984974204151,True
0.015234801285131615,0.0,0.13730191969836758,0.9195925283594597,-0.006111698333390432,0.9882434882086435,True
0.015239484278446593,0.0,0.13727383866535625,0.9195895285967071,-0.006314767193250917,0.9882264479293852,True
0.01526741052287474,3.985129779883524e-10,0.137537438528918,0.919608846686898,-0.0069945820640998765,0.9883775663498701,True
0.015325531589693001,0.0,0.13830338768531422,0.9192597303345176,-0.006377337625811155,0.9884114241771746,True
0.015515582755441255,5.295586104945071e-10,0.14023137815702583,0.9185405718720225,-0.007237354991408682,0.9886562614800941,True
0.015462275319262517,8.77116414028308e-10,0.13971082363433743,0.9187692336278458,-0.007077369887582319,0.9886246463221309,True
0.01540695613901268,0.0,0.13914871833532108,0.9190157284904584,-0.006970985226216421,0.988590087658119,True
0.015360148076977727,1.5580689368444923e-09,0.13865520008170965,0.9192266103044887,-0.006868732574058691,0.9885542119034124,True
0.015373989740937573,0.0,0.13891840977773795,0.9191008321789852,-0.006533744056098133,0.9885600370678542,True
0.015345686500394883,0.0,0.13856571271275278,0.9192343215017965,-0.006426007489355774,0.988517177858173,True
0.015362120108902508,6.482954816660493e-10,0.13908275864243766,0.9190395731118055,-0.0059855599436133625,0.9885809530813199,True
0.015352842528529174,0.0,0.13886359227919892,0.9191011638712875,-0.005931916934706605,0.988532960010887,True
0.015347426244499775,0.0,0.13871506396936112,0.9191247882767224,-0.005755448255107914,0.9884823202614029,True
0.015360819528948176,2.396729611307366e-10,0.13875115110627775,0.9191137224669276,-0.0060491393367854505,0.9884892982597394,True
0.015357352994485393,1.2583033605825684e-09,0.13862487572116863,0.9191274933942077,-0.005875743942670469,0.9884399325130954,True
0.015332851541846,2.175736629152292e-09,0.13858556903196098,0.9191554913684503,-0.005446217354724877,0.9884482780601674,True
0.015349654608147677,0.0,0.13858035251567333,0.9191003432860768,-0.005384001512900952,0.9883905195439134,True
0.01537605665427968,2.8974994552308133e-10,0.13864767233798028,0.9190098845719169,-0.005381727765294652,0.988333721030657,True
0.015373616604737203,2.3690514333835767e-09,0.13865391554448425,0.919076671075137,-0.005889922524558478,0.9884036312164306,True
0.01538656306447277,3.09348515096385e-10,0.13862158734502966,0.9190544158113935,-0.0059959708866191876,0.9883652097932568,True
0.015363127344244963,0.0,0.13854772455992426,0.9190869466007693,-0.005559106202551413,0.9883608088807314,True
0.015382517303285067,5.966509647366384e-10,0.13858727763872283,0.9190116464224942,-0.0055034268775622595,0.9883052858385066,True
0.015401991695868757,0.0,0.13865821491097377,0.9189197284164012,-0.00536420769816733,0.9882488358718882,True
0.015363244149739937,0.0,0.13846488943636215,0.9191653225635538,-0.006053346651594053,0.9883977672817348,True
0.015354490242504206,1.735591234438177e-09,0.1383040331495967,0.919200214723307,-0.005939901373086439,0.9883522330336966,True
0.015337482158901555,0.0,0.13826014724815391,0.9192123033441376,-0.005525333983880703,0.9883423769682146,True
0.015347575016897591,0.0,0.13823213523209138,0.9191795562877816,-0.005532226787863878,0.9882956239038273,True
0.015365591999955998,9.82977162113174e-10,0.13829774586853208,0.9191456271521029,-0.005831281200570122,0.9882945010693461,True
0.015365371927287761,2.7959347497091527e-09,0.13825746336940584,0.9191214387225614,-0.0056214038295326965,0.988250173203199,True
0.015385771218407637,0.0,0.13832379346104953,0.9190449515821469,-0.0056914177678803815,0.9882068483126717,True
0.015395185538954703,2.4343489182799637e-09,0.13836753795908063,0.9190707894591366,-0.006165880571605198,0.9882545608730258,True
0.015395121014475096,6.623471629609996e-10,0.13831141182050183,0.9190543117933643,-0.006043705773137782,0.9882100183659623,True
0.015394393879710323,5.48636509379951e-10,0.1382848633472027,0.9190250963535748,-0.005826971510877679,0.9881675285758126,True
0.015401631280497425,8.971481361742183e-10,0.13831397981762328,0.9189637517900394,-0.005655684013836247,0.9881207425959992,True
0.015399003274904878,0.0,0.13831216423504722,0.9189259107953271,-0.005341708909542012,0.9880819929128508,True
0.0154286454688039,8.192058434617512e-10,0.1384889988509304,0.9188171526037455,-0.005581488519084809,0.9880616528484165,True
0.015452284677089957,5.017432787915876e-10,0.13865761264262738,0.9186850321313345,-0.005531578533281962,0.9880138389543914,True
0.015444624806817598,0.0,0.1385257522282659,0.9188373598410675,-0.006157124092741769,0.9881002359552005,True
0.01544608451950298,1.805907639429158e-09,0.13850428960809205,0.9188122678756974,-0.006174841908424658,0.9880644144856511,True
0.01542454689857901,4.594569073706041e-11,0.13840341232478687,0.91884437618887,-0.005685167093318001,0.9880460823972091,True
0.015427214226712784,5.880893148430756e-10,0.1384427537027968,0.9187832572606147,-0.0055212343351533225,0.9880046347001025,True
0.015438932780927077,5.867264990859219e-10,0.1385575333079482,0.9186835965967333,-0.005431341095428761,0.9879623638374339,True
0.015441580729028086,3.9076577476976165e-10,0.1386321702970935,0.9186048957629485,-0.005168031461326013,0.9879209813022609,True
0.01545813225904607,0.0,0.13882519823455275,0.9184651975499395,-0.005043146335060601,0.9878777966672159,True
0.015487039899999142,0.0,0.1390972690021454,0.9182953271093229,-0.005133268640572962,0.9878439616103957,True
0.015514152644178094,2.498117545201397e-10,0.13941008606628874,0.9181059974552019,-0.005161717041950458,0.9878110407381581,True
0.015520947132281512,0.0,0.13928433286080016,0.9182346692358825,-0.005847248813133168,0.9878768356662826,True
0.015473165034069945,2.8194761701546397e-09,0.13876242558412552,0.9185255019528618,-0.0047461486880067605,0.9879067175644007,True
0.015470929664981273,1.1119307313677903e-09,0.13885806943199366,0.9184452712781989,-0.004589319734510832,0.9878743071061264,True
0.015476143102118669,1.3908533618806978e-10,0.139032866414745,0.918330574615556,-0.004547626164030413,0.9878470079620139,True
0.015470973585859976,0.0,0.13911698679781256,0.9182515821706994,-0.004245734003972822,0.9878100755696057,True
0.015468423521690497,5.388661250430514e-10,0.13927297422405352,0.9181415402725801,-0.003987223269677042,0.987778027923473,True
0.0154724039942934,0.0,0.13953832051960888,0.9179853505745931,-0.003854566281482755,0.9877545108343975,True
0.015495007657896425,0.0,0.1393800465092118,0.9181258674601933,-0.0046598780561450375,0.9878158907147992,True
0.015476890794637346,0.0,0.1392587858092716,0.9181546816990973,-0.004079954311141673,0.9877840746037331,True
0.01545785188301832,0.0,0.13930361722010812,0.9181105377440844,-0.003880154793940235,0.9877623463541384,True
0.015509341058715955,1.3548438500677626e-10,0.1392533799423763,0.9182034106969246,-0.004752442105415224,0.9878301008035971,True
0.015531256235125709,0.0,0.13933016382363275,0.9181313004082429,-0.004013579642854267,0.9877963823200593,True
0.015578312550580916,0.0,0.13951438648693096,0.9180828369518239,-0.004640673218049383,0.9878400301952894,True
0.015803950315333208,0.0,0.14072372209211823,0.9175665035619323,-0.005560830431990977,0.9879283646079914,True
0.016061458422991098,1.1337645815191356e-09,0.1426708727107376,0.9166684262964659,-0.006299229325256477,0.9880038637855992,True
0.015985685385559577,0.0,0.14203391714147268,0.9169680083904409,-0.006162726932301838,0.9879849669611772,True
0.01592372071543048,0.0,0.14147294742789676,0.9172380545034354,-0.006223278278282795,0.9879745282173839,True
0.01586506617213752,3.293729187444278e-11,0.1409690230438994,0.9174669544125562,-0.006091060167170558,0.9879514659674432,True
0.015870912834661473,0.0,0.1409617384418027,0.9174843288255988,-0.006379866172916436,0.9879651980465002,True
0.015868664098391716,1.0945300264811781e-10,0.14088824329614477,0.9175311521381005,-0.006639998241154692,0.9879752738956259,True
0.015877941194403913,0.0,0.14105697892725502,0.9174369579775435,-0.006276321446162556,0.9879654474411711,True
0.01586500110661161,3.7112006297426357e-10,0.1409913559297854,0.9174503069686017,-0.0059724062239561665,0.9879459853046144,True
0.015845849745122927,7.399799509750935e-10,0.1407370834138462,0.9175589767894321,-0.006110680900104624,0.9879275192363351,True
0.01602302631305127,6.15615275236219e-10,0.14271086443495518,0.9168468675006315,-0.00687160990829054,0.9882023003337244,True
0.01595617524589657,0.0,0.14205504963262566,0.9171448341301378,-0.006787568827903235,0.9881723589464506,True
0.015916635322495078,0.0,0.14161529789376107,0.9173460808635804,-0.006858461274045469,0.9881537298104609,True
0.015893729772300958,1.002540436160508e-09,0.14141200127765607,0.9174238548636816,-0.006641158910772125,0.98812985650505,True
0.01585949324176037,1.9301232689228397e-10,0.14097751195047764,0.9176047122751185,-0.006638877306762285,0.9880934684433696,True
0.015840387802075088,0.0,0.14077518649037238,0.9176743256447286,-0.006425885818619749,0.9880619188899148,True
0.015823206037278346,1.86723734265799e-09,0.14048087492765238,0.9177799282823618,-0.006420352508444381,0.9880203676134254,True
0.015812942428037217,1.4187112398785346e-09,0.14052367119404485,0.9177591389659274,-0.006081345916698545,0.9880209759816612,True
0.01580995103860845,0.0,0.14036247013134862,0.9177879354752106,-0.00594816103326613,0.987969170540885,True
0.015812040193548864,1.3181728592906557e-09,0.1402622827687074,0.9177863169961984,-0.005778887094757404,0.987917459698725,True
0.015828419064615604,0.0,0.1402258090937641,0.9177440927754934,-0.005700596650516631,0.9878569973223754,True
0.015855602604517783,0.0,0.1402636003206934,0.9176629662066078,-0.005674179226632919,0.9877947663669545,True
0.01586159849625248,1.3844246794310549e-09,0.14030705169273205,0.9176823921601466,-0.006071247212378881,0.9878359193909373,True
0.015857181970559527,0.0,0.14024859684929153,0.9176760398961927,-0.0058015667846719925,0.9878003383208385,True
0.015884210941131648,1.461866129397726e-09,0.14029286405609012,0.9175983090844245,-0.005836188478907811,0.9877447425743358,True
0.015917963913462514,0.0,0.1403844850436847,0.9174870418805335,-0.005809333333473685,0.9876792844023758,True
0.015900390354239312,2.0948237395868288e-09,0.14031459417955167,0.9175046570639577,-0.005439125531256779,0.9876619562485572,True
0.015939966771001086,1.3616833807281906e-09,0.14049309684937206,0.9173464919368299,-0.005324538142738553,0.9875930417231994,True
0.015990158584894252,1.257155947245294e-09,0.14076121245638698,0.9171448341088129,-0.005280358812322084,0.9875254415941623,True
0.01603659375977915,9.240843752506088e-10,0.1410338127038955,0.9169399540851251,-0.005137313062131121,0.9874568613611572,True
0.01591284642552816,0.0,0.14032102670043275,0.9173628221971962,-0.004486564133056375,0.9875233355474126,True
0.01597944620182246,5.183045339643153e-10,0.14074466276257894,0.9170796097767985,-0.004456844639925765,0.9874519416763925,True
0.0160418199188943,7.511154821106418e-10,0.1411834381217863,0.9167897434881676,-0.004345078420868401,0.9873814633001762,True
0.016081657074253464,0.0,0.14150211733170154,0.9165683491271263,-0.004071405035185967,0.987319407792977,True
0.016124726742956952,5.545909263290567e-10,0.1418551279697698,0.9163278505597298,-0.003792060685415125,0.9872554150992056,True
0.016199986768492197,8.036348323393748e-11,0.14245183744844167,0.9159629187907153,-0.003744122374691886,0.9871888375952996,True
0.016275065066353032,3.5146454600113977e-10,0.14308092482856977,0.9155831612721833,-0.0036764613853178204,0.9871236240379327,True
0.016234521757453213,3.7944326421132346e-13,0.14281899409345092,0.9156924603786836,-0.0031108882848811387,0.9871019574257885,True
0.016236781169494428,0.0,0.142923998493964,0.9155954524801219,-0.0026375702719314983,0.9870574517271039,True
0.01630848715911472,0.0,0.14362502700873347,0.9151923478103822,-0.0026010338393764915,0.9870048613147488,True
0.016276888394319216,0.0,0.14311262197874547,0.9155441433593855,-0.003449834198616531,0.9871004543487583,True
0.016274180761906527,0.0,0.14319672673778702,0.915462661524225,-0.003067101846430065,0.9870610248931184,True
0.01625481801898959,6.369030460962323e-11,0.14311345850449608,0.9154711283738625,-0.002552372479388787,0.9870278576898008,True
0.016282365571286938,0.0,0.14337918033238725,0.9153460317684659,-0.002902973179266883,0.9870356219346594,True
0.016302491310547455,6.366813745419638e-10,0.14370450713305258,0.9151682208677394,-0.003012314583440455,0.987020475070947,True
0.016319319502456416,1.1382922722199778e-09,0.1440508958529953,0.9149774514375948,-0.003051349271439996,0.9870029005023847,True
0.016299949622858714,5.955263752475988e-10,0.14398853290529806,0.9149734683000144,-0.002521697021678967,0.9869677353481898,True
0.01631008491040923,9.551497894016334e-11,0.14435774473313712,0.9147702055470268,-0.002435127013548159,0.9869490780091104,True
0.016328743796357594,0.0,0.1447029775453774,0.9146097561444839,-0.002721259661053382,0.9869612449171726,True
0.016297604933311536,0.0,0.14432757754871042,0.9147532199952114,-0.001979622208705615,0.9869170087695667,True
0.01628866549632258,3.5633205716839235e-10,0.1446122128291327,0.914594819747598,-0.0017318729532414593,0.9869009265184965,True
0.01631078755346649,0.0,0.14475832141487263,0.9145584691452306,-0.0023007440994308004,0.986937629852667,True
0.01628593236485237,0.0,0.14486832392245758,0.9144880297796284,-0.001983744308808604,0.9869221917408572,True
0.016263305536013916,2.570314747970218e-10,0.14509790805513278,0.9143725256979063,-0.001833083018533249,0.9869214799825041,True
0.016237103048883615,0.0,0.14535660072739662,0.9142524643588681,-0.0017253013701629511,0.9869307647225664,True
0.016257214546052463,7.225102529156028e-11,0.14434783125173242,0.9146369165923415,-0.0006393767345003917,0.9868108322904586,True
0.016227468658439697,0.0,0.1446440873205615,0.9145020136392451,-0.0005090125194556739,0.9868240572995258,True
0.016192233285414304,3.6896217059777865e-10,0.14474334178081996,0.9144379830980603,-4.5428017628106304e-05,0.9868096543574325,True
0.01620792400009619,1.2126169031628562e-10,0.1440697560489604,0.914668508025252,0.0008648064683554627,0.9867033861709938,True
0.01617999479203757,3.331422414781825e-11,0.14439345794359193,0.9145473093489817,0.0007316262633848582,0.9867440383540919,True
0.016132605988344668,0.0,0.14453319768107034,0.9144803310819872,0.0011594237465649222,0.9867469299225224,True
0.016125911132983124,5.370087375201015e-10,0.14476850628968113,0.914413264652055,0.0007264328311230231,0.9867975183339043,True
0.017234154727129435,1.226437281892831e-10,0.1414796963805108,0.9154860259440328,-0.003011833195819421,0.9862258742569319,True
0.017169300471019708,1.9911507250873425e-10,0.14107541543088728,0.9156796086303517,-0.002726378450204194,0.9862173165449104,True
0.017201470132169282,5.79192487240894e-10,0.14131307333353288,0.9155289227091234,-0.0023240741336502447,0.9861854599550823,True
0.017251037582871505,1.1559306500520743e-11,0.141652865031215,0.9153230565087402,-0.0018866180683657125,0.986149489035907,True
0.01773322121042501,0.0,0.14453060214699778,0.9139307855857328,-0.0032476534320022895,0.9861960866592318,True
0.01765522446608747,0.0,0.1439492053731552,0.9142301200253313,-0.0033197631686012327,0.986204722711909,True
0.018261123524389564,3.6047950254785456e-10,0.14836989814127216,0.9121051051117787,-0.004441317196841677,0.9862900545428943,True
0.018766513771998967,0.0,0.1524552678412109,0.9100861273531199,-0.004356919440496298,0.9863137612737254,True
0.018675993659359506,0.0,0.15170201446433818,0.9104452575587041,-0.0043102764674010936,0.9862962647908732,True
0.018645427265336,3.0641109504334716e-10,0.15146710813076056,0.9105424967249421,-0.004100600449518353,0.9862760510967336,True
0.018627658332966444,7.117320490531254e-10,0.15127234019339936,0.9106403251862412,-0.004256272814400578,0.9862764959946728,True
0.018567277818126154,0.0,0.15070165338001046,0.9108937714738571,-0.004207077779233251,0.9862445981638623,True
0.018566527142143907,0.0,0.15064199550564158,0.9109305345249089,-0.004412504961070797,0.9862515322777297,True
0.01853371660446131,4.990603990232747e-10,0.15025712054454166,0.911092941848488,-0.004446413745032159,0.9862215026198191,True
0.018733288930626705,6.718589526500762e-10,0.15259992707731118,0.9102075808156309,-0.005228191512723025,0.9865075450261453,True
0.01868971289283534,1.806819180214697e-10,0.15217819511515618,0.9104063405116148,-0.005289589750089859,0.9864954382498748,True
0.018623405582485097,0.0,0.1515300690100512,0.910694472137148,-0.005215213735530477,0.9864595066421736,True
0.018578862960441814,7.656675261376901e-12,0.15103215901376454,0.9109099968439479,-0.005215297160423744,0.9864260763584869,True
0.018644113332933945,0.0,0.1519555898514403,0.9105213778177917,-0.00498481390279229,0.986499172743512,True
0.018648350477920964,0.0,0.1519377822148351,0.910536278431779,-0.005167713150255152,0.9865051695391965,True
0.018661671173594768,0.0,0.15226658364594609,0.9104022257609258,-0.0049315138706780915,0.9865355175838988,True
0.018648683915466497,0.0,0.15194390914407097,0.9105038497479262,-0.004852916561877969,0.9864758043199617,True
0.018655611349420616,0.0,0.15185911715949924,0.9105270440715523,-0.00499454091441993,0.9864566026513019,True
0.018652413701108945,8.607314583584597e-10,0.15169198496370273,0.9105621540061365,-0.004842518549436462,0.9864081473487194,True
0.018670076332397107,5.890920174903326e-10,0.15156699786173503,0.910566405317177,-0.004894910934529218,0.9863499048371366,True
0.018589128231161173,3.2257949321169545e-11,0.15171249667298822,0.9106413662309866,-0.004501199701280683,0.9864976145997386,True
0.018629318522670687,0.0,0.15170490640548723,0.9105675277822047,-0.004512306843089639,0.9864199809849483,True
0.018540640324446456,9.275660783943003e-11,0.15154381255925328,0.9107422295934138,-0.004128745426287289,0.986514135965797,True
0.018603164872831437,0.0,0.15168152743727414,0.910584461265062,-0.004126574963203683,0.9864252249836991,True
0.01867483265362991,7.498148909016373e-11,0.15188558594540774,0.9103871756868547,-0.004085817614858151,0.98632996873454,True
0.018758895327291674,3.165778012662004e-10,0.15217283957826888,0.9101534316729893,-0.004143931749978226,0.9862398517787015,True
0.018697185332089993,0.0,0.15194958820762391,0.9103765677795463,-0.004544224077424719,0.9863513618833583,True
0.018746715806520077,0.0,0.1520336518234816,0.9102618210179221,-0.00460881981263955,0.9862786469296629,True
0.018722195721185133,0.0,0.15200800164749115,0.9103541990965306,-0.004964630948832594,0.9863581999202762,True
0.018750968279690534,0.0,0.15196581651260604,0.9103124471617237,-0.005030982152149973,0.9862953554180267,True
0.018608943595415164,3.824560619211445e-10,0.1520351552056036,0.9106409838276336,-0.005586444682685784,0.9866585618128915,True
0.018588630770716087,1.5109601441300703e-10,0.15172041118254745,0.9107724128852418,-0.005665175651209117,0.9866326186276115,True
0.01856615107693952,5.695006199866201e-12,0.1513585570600267,0.9109102338414966,-0.005693100770063297,0.9865895123772049,True
0.018551873010481015,7.908306931408262e-10,0.15107423708564788,0.9110002800124403,-0.005592263275131096,0.986537399346095,True
0.01853448995780403,0.0,0.15164912473082728,0.9108478810159975,-0.0052136799329239045,0.9866724433814111,True
0.01853614343089703,0.0,0.15153362154168123,0.9108568903850149,-0.00503889350989762,0.9866237011558555,True
0.018560139757493457,5.050313184659161e-10,0.1514459973619912,0.9108289309806529,-0.0050129138507749044,0.9865519301666799,True
0.018544901181412766,2.001922634921209e-10,0.15139787650424313,0.9108439618195399,-0.004740530556736433,0.9865429002718538,True
0.018593146897859254,2.473436531381666e-10,0.15146581475522866,0.9107290308222369,-0.004728758083901943,0.9864619384471949,True
0.018652504279801203,7.049673547283158e-11,0.15160746494657132,0.9105720081898709,-0.00471011293775833,0.9863757407336533,True
0.018701758809413136,1.094426591800331e-10,0.15175022530707039,0.9104212853479605,-0.004562381300794543,0.9862963981109384,True
0.018702807704965678,2.1765619090000496e-10,0.151742579366708,0.9103919848462052,-0.004279666585828488,0.9862632747472154,True
0.018692381958263126,0.0,0.15171085625113512,0.9104587416275328,-0.004641897545200324,0.9863141697531004,True
0.018536367993893126,0.0,0.15124134646846443,0.910844244370474,-0.0041030774113865265,0.9864649176047062,True
0.018540959522948895,0.0,0.15124364246890012,0.9108058732470701,-0.0038290774186924793,0.9864276944815201,True
0.018617953150019535,1.1619245263609347e-11,0.1515403977977157,0.9105689823924268,-0.0038233550571968177,0.9863391813029039,True
0.018682189998015436,0.0,0.15180482635238163,0.9103915350909872,-0.0040239082777246025,0.9862939482671781,True
0.018752742652193077,0.0,0.15210140900717584,0.9101822877042394,-0.004191434594688843,0.9862329922078272,True
0.018430694345290037,0.0,0.15070484271324605,0.9111342493029179,-0.0033538159543275996,0.9864866706595409,True
0.01850605825283505,3.70399185189776e-10,0.151056764415468,0.9109021338706943,-0.0035370629711365844,0.9864305164488274,True
0.018545444682496855,3.330585954954775e-10,0.15124652004005099,0.9107441155617784,-0.003310209642224163,0.9863673759148625,True
0.018640527901523127,0.0,0.15172577631743614,0.9104222766975709,-0.0033825695908285816,0.986285164856289,True
0.01869894162773705,5.2873644722120355e-11,0.1520397458418024,0.9101919088338878,-0.0031787482552470786,0.9862117818076626,True
0.01877508884200171,0.0,0.15244200863440813,0.9099530821703111,-0.0034539205912768,0.9861740864875151,True
0.017997773900070718,0.0,0.1481016388849752,0.9129008175843135,-0.0043086605510780146,0.9869516370268011,True
0.01797216099644331,2.2638996184474192e-10,0.14779466494321547,0.9130308756799307,-0.004393898096931309,0.9869282083779283,True
0.017945239038204247,0.0,0.14746059578547793,0.913159610286316,-0.004378452068098748,0.986889908179055,True
0.017931841842883694,1.8152398550589144e-10,0.14738442826755258,0.9131769233008986,-0.004107212875698901,0.9868691376161989,True
0.017923825098300893,0.0,0.1471810282557362,0.9132287244475196,-0.004046553840088007,0.9868192385753877,True
0.017937131345965727,3.5822117710097707e-10,0.14741087016778112,0.9132038473639615,-0.004518458049606649,0.9869092828060734,True
0.017920319388348732,7.110474235981884e-10,0.14714193527794617,0.9133043726568887,-0.004584117731553874,0.9868753410069092,True
0.01793685443927639,0.0,0.14728208885899696,0.9132719252047128,-0.0049157836193405025,0.9869129696342113,True
0.017914462792411993,0.0,0.14698258356710397,0.913378256771962,-0.004839489557372202,0.986869548555514,True
0.017912524848220864,0.0,0.14683333328497192,0.9134284294557907,-0.004981755872857616,0.9868450960982766,True
0.017926039990738614,8.842069136071172e-10,0.14694636283860257,0.9134067318580684,-0.005301172176273531,0.9868799141615766,True
0.017911489716649336,5.280680637098845e-10,0.14668423340636563,0.9134944062968989,-0.005310205374014054,0.9868365235281498,True
0.017907194813822636,2.9859228444288604e-10,0.14741881206969035,0.9132813997468379,-0.004609449459594739,0.9869908060802753,True
0.017899606318518536,0.0,0.14731548627605606,0.9132973140993246,-0.004400079433596833,0.9869550572373527,True
0.01791234965158678,2.4234461795048794e-10,0.147357084472713,0.9132887001162987,-0.004686462064028069,0.9869672425949998,True
0.017910583692366807,9.011997800972824e-10,0.14724321518347155,0.9133000983602261,-0.00453634449658764,0.9869217068531616,True
0.017920473699554497,0.0,0.1471770139030703,0.9132787831605804,-0.004436904105153676,0.9868672901121156,True
0.01791007594826315,1.390956760075668e-09,0.14712355751694187,0.9132818803101734,-0.004128856587847467,0.9868436604596011,True
0.017945604302432805,0.0,0.1472044094749464,0.9131814442528264,-0.004165989427669868,0.9867836489902997,True
0.0179782125844264,6.424289412120223e-10,0.14730442111100642,0.9130677688239137,-0.004058441058291382,0.9867199800218458,True
0.018029278816374974,2.114065731667996e-10,0.1475069611030511,0.9129006105481938,-0.0040827802503933565,0.9866540913111259,True
0.017928677218271016,0.0,0.14705275685080826,0.913184123429984,-0.003494909917215889,0.9867105018553881,True
0.017991592107081983,5.324375921522777e-10,0.1473612918005741,0.9129687984146151,-0.003583585326786801,0.9866494448473397,True
0.01804826809589317,1.1138547687702424e-09,0.1476526786634748,0.9127870383958314,-0.0038043572132713597,0.9866133788414236,True
0.018075354426371155,0.0,0.1477860451350073,0.9127302430552512,-0.004167026038643026,0.9866232656227548,True
0.01811925299429285,0.0,0.14799928197636064,0.9125941541168149,-0.00440372396303152,0.9865937951049952,True
0.018154243948457133,0.0,0.14818061020251821,0.9124466645485448,-0.004308164689540581,0.986536969649804,True
0.01820816913071166,1.8708967409076056e-10,0.14847819235885698,0.9122491899499884,-0.0044435973072332515,0.9864882863165065,True
0.018263854490805444,0.0,0.1488000584577545,0.9120484930928738,-0.004641894411678379,0.9864485223217511,True
0.018290793047854543,7.603419521765936e-10,0.14894059171463042,0.911992715273577,-0.005039927446946785,0.9864630118912341,True
0.01807504642737789,0.0,0.14769809435062944,0.9127466987915419,-0.0036953769627970754,0.9865957459668566,True
0.018120096980178794,0.0,0.14799199105677188,0.9125543273936974,-0.0037763480212614268,0.9865503229220833,True
0.018169373030207377,7.654929054159481e-10,0.14833156964967747,0.9123443823788763,-0.003909121865909099,0.9865101679692079,True
0.01821646687398238,0.0,0.14868724699638972,0.9121189756657271,-0.003919507600970219,0.986462599163922,True
0.01825099637330619,1.0555515663339968e-09,0.14899129549381757,0.9119193300395959,-0.0037826706166587307,0.9864149788420562,True
0.01822542890271377,0.0,0.148854323522203,0.91195747776576,-0.003260432375752014,0.9863846395268615,True
0.018273719219991224,0.0,0.14923757606296076,0.911755969586727,-0.0035613046245006903,0.9863747576182074,True
0.01827840519211086,7.048930313578599e-10,0.14938091921728341,0.9116442699036401,-0.0032402701501561557,0.9863347302171749,True
0.01821092193185133,0.0,0.1484132961900256,0.9122710546221418,-0.004100500719487385,0.9864777027171545,True
0.01819772498850806,5.018423342094847e-10,0.14834595739818957,0.9122779329858031,-0.003600105643861027,0.9864509121867402,True
0.018182188192445374,8.313021185001496e-10,0.1483230721777405,0.9122646260330785,-0.0035138305982015646,0.9864261629532508,True
0.018169122855640225,4.5892178577716355e-11,0.1483338255952719,0.9122320844311217,-0.0033683093126569866,0.9863989972746499,True
0.01816417334116392,8.647048013473384e-10,0.14842297889626577,0.9121683947497919,-0.0033748562437710895,0.9863798850626295,True
0.018169251918144055,2.168318254198714e-10,0.14856753127792638,0.9120930612339715,-0.0035636062118491758,0.9863768270897665,True
0.01816649739685118,0.0,0.14871323045727566,0.9120046063429528,-0.003573251866057439,0.9863612215715906,True
0.01816426799142405,2.3043600025534096e-10,0.14889166299692833,0.9119002808477722,-0.0035595012484235834,0.9863461125766724,True
0.018142245571311045,1.5792819661334042e-10,0.14872582137301116,0.9119476156895938,-0.0029765966119986316,0.9863105265340276,True
0.018129271237727753,0.0,0.14882750295096,0.9118696262391348,-0.00265799982996038,0.9862833777146148,True
0.0180847627486222,0.0,0.1466281676028989,0.9129213230194502,-0.0012498616582181882,0.9862354068208996,True
0.018069815404531647,0.0,0.14675690848238002,0.9128345920814123,-0.0009187149174425122,0.9862130463226023,True
0.018071248669366116,0.0,0.14706146478183857,0.9126907345116531,-0.0010446842413244708,0.9862214669025724,True
0.01809913450029254,0.0,0.14707508350679913,0.9127264042010353,-0.0017119792154854845,0.9862639459544349,True
0.018068631898469658,5.549419048991961e-10,0.1470854098694158,0.9127054131830846,-0.0014005955763909204,0.9862481186727344,True
0.018060856295276262,0.0,0.1472256849587379,0.9126625667007394,-0.0017117267160609176,0.9862754091801084,True
0.018173119346966846,0.0,0.14715280487910568,0.9127298817121446,-0.002633301914041181,0.9863062841516975,True
0.01811672250805959,7.704541795612305e-10,0.1469381064250865,0.9128564367600875,-0.002754926294902937,0.986325490743085,True
0.01833517000027319,0.0,0.14769784924387902,0.9124984382951248,-0.003576903294971348,0.9863473629170643,True
0.01825345963947233,0.0,0.1472184524375492,0.9127442113772122,-0.0035800995099910405,0.9863534375959868,True
0.01833970748024764,0.0,0.1477322362918152,0.9124397987652102,-0.002940833508214218,0.9863059169111178,True
0.018276579518604567,0.0,0.14739892150082098,0.9126003093625039,-0.0028298468922697394,0.9862997701129144,True
0.018221439166642768,7.001306188677935e-11,0.14712620987328015,0.9127392266642644,-0.0028758586319937137,0.9863023316709176,True
0.01835196110807988,0.0,0.14770388018300518,0.912501195207595,-0.0035968488765388174,0.9863531352990975,True
0.01841704002092717,0.0,0.1481414690223242,0.9122477932055999,-0.0030436123896960972,0.986318527716762,True
0.01846575268830183,0.0,0.14840536167403723,0.9121479914882097,-0.0034966072021920696,0.9863506723252283,True
0.018401559739708206,7.442156898859023e-11,0.14799413593714378,0.9123430935141422,-0.003413325691354186,0.9863401615571357,True
0.018370892975768834,0.0,0.1477832999656075,0.9124571714955316,-0.0036303921891069494,0.9863488214783354,True
0.018528159517417795,0.0,0.14884659588018342,0.9119037547848851,-0.0027187874716189794,0.9863270527249768,True
0.018543977212871043,4.828497785816414e-10,0.1489756850468358,0.911814672753178,-0.002185523630008625,0.9863025157594456,True
0.018507167028465738,0.0,0.14877295352406564,0.91189620158504,-0.002092932630208659,0.9862826783470728,True
0.018480782786891536,0.0,0.14864219488363895,0.9119498215515662,-0.002160028391003321,0.9862709189933857,True
0.01845726580337423,0.0,0.1485520459799012,0.9119770840748657,-0.002152234209494264,0.9862531070648163,True
0.018436086045566295,2.2486549353795575e-11,0.14849256662901067,0.9119805426762616,-0.00197292002980496,0.9862268260132535,True
0.018418081829796717,0.0,0.14846784205063582,0.9119652237591628,-0.0017628041043616849,0.9861991447844807,True
0.018400967425664886,6.445698862551209e-10,0.14843566859500604,0.9119508613024662,-0.0014211461662976298,0.9861686962445391,True
0.01839337859333398,1.965558790426158e-09,0.14853422942757613,0.9118817862970796,-0.0013723990284829491,0.9861489029764265,True
0.01838723579351283,4.6284439361874865e-10,0.14866780354149964,0.9117949113643155,-0.001297155642056121,0.9861288135979097,True
0.01839800845318856,2.0982295134352853e-10,0.14883076512867624,0.9117258359709268,-0.00160034032527264,0.9861412187450879,True
0.01837976308554579,0.0,0.14880992374573818,0.9117060420302207,-0.0012013043831841836,0.9861110039030897,True
0.01838673877712847,0.0,0.14897857196673794,0.9116363670025703,-0.0014982656629967746,0.9861256529859393,True
0.01836920854790231,0.0,0.14908013864142305,0.9115701825026327,-0.0013367607934189614,0.9861102518233442,True
0.018348982619273972,7.894882608862297e-10,0.14901795249463634,0.9115686222618112,-0.0008548895632421887,0.9860775992986177,True
0.01832999330592065,1.3398982082091058e-09,0.14914015358208255,0.9114906784245421,-0.0005986190518715621,0.9860607565554815,True
0.018322725720308918,0.0,0.14939061936809722,0.9113756975407868,-0.0006976486996421344,0.9860710072248354,True
0.01830322315548198,0.0,0.14961337559853888,0.9112682487268787,-0.0006524978684811047,0.9860749365261482,True
0.018280531673705174,0.0,0.14984050100470062,0.9111549183145464,-0.0004959620290430145,0.9860751688168967,True
0.018256144449220805,5.313878917477108e-10,0.15010321016666844,0.9110325913750803,-0.00037766987348477346,0.9860841969898024,True
0.018238508678660687,4.559076789795956e-10,0.15039389409577325,0.9109128465098669,-0.0004935767413784838,0.9861097940136612,True
0.0182093958818032,0.0,0.1506872129491351,0.9107862222901705,-0.0004238969799477479,0.986129828764738,True
0.018242493320780723,1.7898437202904458e-09,0.14985097271423936,0.9110740999053905,0.000523863103152534,0.9859995880523539,True
0.018205974487799526,0.0,0.15014321203680933,0.9109615084948457,0.0005383991091572749,0.9860331145132504,True
0.01817802561102052,4.005161240800444e-10,0.15007887309751222,0.9109590122308482,0.0011283226531957232,0.9859984491801205,True
0.018142937675003027,0.0,0.15036103782798738,0.9108674575095423,0.0009813052193847426,0.986047976423536,True
0.018102994990592577,2.2034376875497734e-09,0.15062666865519145,0.9107897291507243,0.0008130331569013323,0.9861030656817577,True
0.018051647185190457,3.309274995098564e-11,0.15087346674776328,0.9107233999228516,0.0007135137214773124,0.986160133329826,True
0.017997623306616164,0.0,0.15092117495028431,0.910701818070555,0.0011690138064766027,0.9861624055456971,True
0.01808937418688006,5.0821081563378326e-11,0.15032727697300563,0.9108148767626808,0.002141387158764871,0.9859785153000047,True
0.018030210421945296,4.1738750274475513e-10,0.15055144297334622,0.9107707479750534,0.002008603295411502,0.986046469879114,True
0.01806703772895151,0.0,0.150224271439176,0.9108153910890254,0.002854386153243745,0.9859275268086134,True
0.017981747320266625,2.05175646192675e-09,0.15034387658799378,0.9108020679414207,0.0031492611961824388,0.9859740082871741,True
0.018287101006046858,1.5408728967153158e-09,0.15011805096107747,0.9108002661001272,0.0015712114661572732,0.9858592931215389,True
0.018191764325362337,2.2705961931038423e-10,0.14989139849520425,0.9109712927689771,0.001474689912528608,0.9859169922436388,True
0.018096226069064008,1.07390739520119e-09,0.14966632921367454,0.911116939454375,0.0016854097707619563,0.9859501051351197,True
0.018062838367857544,1.430391822293115e-10,0.14954928162026868,0.9111478419496124,0.0022097411433513923,0.9859224829027858,True
0.017962148811603372,0.0,0.14938397427306796,0.9112817561470956,0.002302873054854132,0.9859737432836296,True
0.01789277719424593,2.4319162577345334e-10,0.14926497103667774,0.9113496490667212,0.0027137462415917353,0.9859821348282517,True
0.017802491264517183,0.0,0.14914216500571614,0.9114403965795528,0.003023542844993472,0.9860114790824108,True
0.018743547049522434,0.0,0.15007608336023084,0.9105713473196976,0.0004586169003544508,0.985609388999813,True
0.018698826953764056,5.633815985484614e-10,0.1498451433229472,0.9106719043499927,0.0007968404447011742,0.9855944765748479,True
0.018932034542526816,3.886072312201589e-10,0.15106012867861193,0.9099573430633612,0.0014281454948699823,0.9854874077912744,True
0.018842646352606858,0.0,0.15062244133412364,0.9102020680444036,0.0013789299764832676,0.9855132887114655,True
0.018754314323086642,0.0,0.1502153811206869,0.9104157864440329,0.001532381076026377,0.9855234770043764,True
0.01867488615621408,1.2469767210211353e-09,0.149876493780723,0.9105905211852975,0.0017296041141545717,0.9855287693226358,True
0.018635313635903976,1.7329812072647893e-10,0.14971369808972324,0.9106524977888243,0.0021161907448332498,0.985509347006984,True
0.01857879873971605,0.0,0.14951033051138146,0.910745326516126,0.002437259527276483,0.9855004917718168,True
0.018522701396482197,1.0335549076952696e-09,0.14936230223345154,0.9108444775040528,0.0023430181615169176,0.9855256296543335,True
0.018456197358428517,0.0,0.149199096503619,0.9109423078625888,0.002418138110752204,0.9855418561143983,True
0.018424608522545946,1.667290040863767e-10,0.14909535832545137,0.9109695057060979,0.002865538699880933,0.9855171850355525,True
0.018365322623525297,0.0,0.14900196131851126,0.9110208744720573,0.003108032271801704,0.9855218551313129,True
0.018329251128141995,0.0,0.1490069071222823,0.9110510167206944,0.002905474765067353,0.9855544702818356,True
0.01830665234326907,8.496953014057838e-10,0.14891470855048347,0.9110641787699383,0.003417201865060523,0.9855215338948753,True
0.0182510011670846,4.792992605216729e-10,0.14886423551829692,0.9110921188393232,0.0037150808846671004,0.9855242370777709,True
0.018191505159426948,1.2094779045603272e-09,0.1488496612507842,0.9111111342349318,0.00395982911468779,0.9855359660698018,True
0.01888074598101256,4.864276660501134e-10,0.14873446716360836,0.9109920335806081,0.0012783357124240685,0.98535926764884,True
0.018827037926339312,3.1822984409011944e-09,0.14840826851528577,0.911177658064212,0.0010959065377170295,0.9853817955041533,True
0.01873429374661744,4.515930071624837e-11,0.14785590674539084,0.9114657659667172,0.0011084312549326642,0.985393719384572,True
0.01874191175206677,6.242819535454707e-11,0.14791539041276436,0.911406812826793,0.0015030277324991161,0.9853645080956034,True
0.018691633763724274,0.0,0.1476464659421307,0.9115268581792677,0.0017746425063336708,0.985350091150333,True
0.018897388441457396,0.0,0.14871165504298245,0.9110397430890069,0.0009346403735719515,0.9853955706104982,True
0.01881589341650726,1.0482222234314036e-09,0.14818330745609715,0.9113006511775176,0.0010228313820110236,0.9853923059537883,True
0.018921467498517443,1.4285392890263187e-09,0.14890089014141114,0.910910726503182,0.0015136406879744943,0.9853611730024269,True
0.018904350553642858,1.5664702274007868e-09,0.14877664730695955,0.9109872708117928,0.0012699761654129003,0.9853755960317427,True
0.018891909117666385,0.0,0.14867849600609478,0.9110514101411881,0.0010087318103169775,0.9853906581442354,True
0.01886678238832096,0.0,0.14853126848238205,0.9111035411630751,0.0012917819635399994,0.9853691754042662,True
0.018823022557705866,1.542105757638116e-09,0.14824221418815522,0.9112403262230606,0.0012349188555002065,0.985361434859244,True
0.018961371767665065,1.1761013977990688e-10,0.14907383758567191,0.910913511622193,0.0005597249132197493,0.9854504305326391,True
0.018912384627374868,0.0,0.14873054880868944,0.9110672358664788,0.0007340013339347713,0.9854325102708235,True
0.018879432207393503,9.874598886976169e-10,0.14846845889147117,0.911199558864108,0.0005742680291230604,0.9854337892973034,True
0.018895984570847985,2.030489979785237e-10,0.14856045086730804,0.911176789958367,0.0002555819205991188,0.98545701559507,True
0.018996067777585546,7.714986930799337e-10,0.14929521602792745,0.9108676505432568,-0.00018613164111836128,0.9855152593287192,True
0.018986718139411256,0.0,0.14925294595297858,0.910871447194753,6.701524241440103e-05,0.9854979201712423,True
0.018934250654789025,2.0714285704528605e-09,0.1488078126732843,0.9110761282078889,4.5954859617941364e-05,0.9854800366159596,True
0.018946031034412433,5.488724745644447e-10,0.14896763334282148,0.9109865505803648,0.0003991684887246199,0.985470367800648,True
0.01892094415114422,0.0,0.14870795585945015,0.9110966058825275,0.00030695295275379696,0.9854505838122526,True
0.018897494568347783,7.537674026776458e-10,0.14846834848055918,0.9111824382557192,0.00036526433044177433,0.9854166132497661,True
0.018884582005814027,0.0,0.14837945185004886,0.9112004196500979,0.0006296862027380769,0.9853901455751224,True
0.018877814633267827,0.0,0.148260276342269,0.9112185795190878,0.0007100698535115585,0.9853487176902223,True
0.01888515621418004,1.9540174698201456e-09,0.1482264387316431,0.9112017443668563,0.0006201173339972902,0.9853149656866953,True
0.018882722902974703,0.0,0.14818655983750995,0.9111828007196996,0.000844554228175055,0.9852760806384546,True
0.01888194484638776,8.669143969703898e-10,0.14816895469312782,0.911152636613588,0.0010959178659220596,0.9852371148270663,True
0.018908303729486934,0.0,0.1482881892056848,0.9110500039744687,0.0010308335098447685,0.9851940985773111,True
0.01893718934881962,3.4395613605860545e-10,0.1484424453239175,0.9109221651263388,0.0010521265041637208,0.9851433881322537,True
0.0189730105579226,0.0,0.14865522195223058,0.9107662789257787,0.0010359235585226557,0.985093889901894,True
0.019001461809621076,1.2526061488770935e-09,0.148849195203219,0.9106155021959657,0.001185925342302321,0.9850401010501812,True
0.019045327980313626,8.708443220561619e-10,0.14914342918785395,0.9104318254984338,0.0010540296744763456,0.9850035409632051,True
0.019088791388069928,1.4368956029784372e-09,0.14944749404796376,0.9102499858389863,0.0008810164580589524,0.9849737342998638,True
0.0191063624196102,5.024644359201935e-10,0.14953625769686357,0.910232843362831,0.00045474378504719166,0.9850009727137271,True
0.019129209636429258,0.0,0.14972918135072294,0.9101020230657508,0.0004056080597448645,0.9849666137411123,True
0.019153096880544358,6.528106907460147e-10,0.14995328133909583,0.9099528693021162,0.00041026619613686397,0.9849295106244748,True
0.01914327694271372,5.242260795296706e-10,0.14973326737318682,0.9101506352649874,-0.00021645398246355666,0.9850172694758069,True
0.019127519851729564,9.593375401851217e-10,0.14966886619530517,0.9101536527386238,2.493646235570789e-05,0.9849880867956139,True
0.019111672296869164,0.0,0.1495142329789879,0.9102231389945244,0.0007442709549080127,0.9849802554840184,True
0.019112932122969918,7.469537109178768e-10,0.14959204950472385,0.9101656562636796,0.0006634319537180769,0.9849616817629953,True
0.019094541454569045,5.757669315292682e-10,0.14948221022493705,0.9101933000688012,0.0011423481379939074,0.9849344057570366,True
0.019081691484584763,2.954066749192407e-10,0.14945278547316948,0.9101764232358832,0.001518196662170237,0.9849028162678747,True
0.01908027544930432,6.410858010409086e-10,0.14956991130725583,0.9100868333448717,0.0017099112183555638,0.9848717896395855,True
0.019092266991550828,0.0,0.1498003250744162,0.9099592227274547,0.0016066454776587802,0.9848593852646628,True
0.019107642694541415,0.0,0.15002334386666014,0.9098520558733666,0.0013535783797331833,0.9848637278066966,True
0.01912521529011991,1.5648866356227228e-10,0.1501212693140873,0.9098339273538594,0.0008902742286193271,0.9848945621673917,True
0.019153938411305253,0.0,0.1501661383755727,0.9098544434133014,0.00034288118991409705,0.9849375126010878,True
0.019121869960857837,1.7669105597256557e-09,0.15006454588066723,0.9098908963815828,0.0005004377275702197,0.984923171088827,True
0.019110508185023814,1.9627271661904765e-10,0.1499861643166972,0.909897238337479,0.0009968311561745931,0.9848903206921003,True
0.019160047954706095,3.286075695493648e-10,0.15009172451167807,0.9098894399245775,0.000407969084039269,0.9849353025090242,True
0.019120668934114293,0.0,0.14991713709294543,0.9099629756984519,0.0005991752712050102,0.9849215442449246,True
0.01911824380458971,0.0,0.1499233423623571,0.9099826350699575,0.0002556436504410536,0.984944306251136,True
0.019076655140809605,5.606272461647242e-10,0.14975788217683808,0.9100684727538667,0.00018324057921564847,0.984947414402913,True
0.019068838212053144,1.0128461239774278e-09,0.14970369476331533,0.9100631567046155,0.000667386481690398,0.9849150050991192,True
0.019035159998407592,1.6868207757468591e-09,0.14962249349028542,0.9100949959376224,0.0007554306438897557,0.984906244369586,True
0.01910234472387955,0.0,0.14977290919648498,0.9100672572694057,0.00012207469804105083,0.9849537118676482,True
0.019052282423332567,1.1538724146621093e-09,0.14952975684848518,0.9101948881979633,3.9725002066101864e-05,0.9849597677760784,True
0.01900844878160909,4.431889337745421e-10,0.1493386416945115,0.9102810846824807,0.00016274122713831436,0.9849504059729254,True
0.0189732993963871,6.26844741039194e-10,0.14920320980803847,0.9103329385971328,0.00037332314868720985,0.9849345441279967,True
0.018979161631502366,7.372087593612743e-11,0.14917015744242093,0.9103115634354105,0.0009607620705365981,0.9848966422303419,True
0.01927789954623394,0.0,0.14974203178525883,0.910124617919465,-0.0001800529307336327,0.9849956338120944,True
0.019193558610711457,1.1816292281800736e-10,0.14917027751046974,0.9104132713396426,-0.000181001143628505,0.9849984102130404,True
0.019200053824798974,1.1092810144378904e-10,0.14919274390800122,0.9104207381218438,-0.00046547610746824094,0.9850171101867725,True
0.01912791080291358,0.0,0.14868160913879122,0.9106739979892762,-0.0004715070606716896,0.9850148025586718,True
0.01908022153111961,0.0,0.14833525983679496,0.9108478842149571,-0.0005819452935391298,0.9850155141333545,True
0.019046749087186544,1.9909566289854953e-10,0.1481153279828567,0.9109371764498311,-0.00036392334279140945,0.984994840640355,True
0.01900396129674475,1.0648216853604183e-09,0.14781002962060533,0.9110727621412095,-0.0003431464118391441,0.9849777780163338,True
0.01901063354812233,0.0,0.1478972609234799,0.9110114807389008,7.350758604160092e-05,0.9849601112006408,True
0.01909733950495261,2.4422996269712115e-10,0.14844838188446363,0.9108371112737674,-0.0005732755888148884,0.9850613024602293,True
0.019041465309621478,2.7142267645281863e-11,0.14802975691531672,0.9110295615146754,-0.0005100576424035622,0.985044439999476,True
0.019000684445613144,0.0,0.14772737164490246,0.9111573856372706,-0.00036560984939975336,0.9850210714597218,True
0.019008456012128094,0.0,0.147838212604818,0.911089696382953,2.084301142274456e-05,0.9850088026853621,True
0.018998517242485045,8.450698058900618e-10,0.14772939992157363,0.9111397928620202,-0.00015907129273407358,0.9850044936678768,True
0.018981200679301497,0.0,0.14756663582382817,0.9112036730887717,-0.00025384188672710584,0.9849869910006858,True
0.01896636390222283,6.883101191157793e-10,0.14748437469065806,0.9112205981416314,4.666783512597707e-05,0.9849627861752704,True
0.018954980123795193,1.9041943135470586e-09,0.14746979595382953,0.9112230247733223,0.0005246789871656374,0.9849579246544314,True
0.018942973528829,1.8568860957931008e-09,0.1474077612004179,0.9112264904007638,0.0008548538711764814,0.9849303728578588,True
0.018927593302552725,1.830461674975446e-09,0.14733057375402092,0.9112431063816967,0.0012512008003284477,0.9849083950891688,True
0.018941114894597436,0.0,0.1474205963959421,0.9111638843130458,0.0012145825138568103,0.9848741825110169,True
0.01895541023351349,0.0,0.1475374859705789,0.9110646567154332,0.0012712660730364244,0.9848333997007227,True
0.01892189715135584,0.0,0.14733214414553497,0.9111578010513877,0.001786650126179717,0.9848238731241552,True
0.018853051527668314,0.0,0.1465569153115653,0.9117813590827579,0.0007548309140538985,0.9850598167385406,True
0.01882256010960921,5.389106062708731e-10,0.14632738528866868,0.9118915085297093,0.0006384800090965477,0.9850552017129542,True
0.018788449541655202,5.3887494952512197e-11,0.1460824507082216,0.9119896084516925,0.0007468999568370228,0.9850308338596908,True
0.018784080997690487,0.0,0.14602911067919322,0.9120215026766864,0.0005120947604396769,0.9850360580162829,True
0.018787190681296747,0.0,0.14602524866987812,0.9120362835542164,0.00023139011113375394,0.9850489078891554,True
0.018811330574016898,0.0,0.1462703048228962,0.9119105628640947,0.0008047595242337011,0.9850457152755427,True
0.018793882715183136,0.0,0.14612809240084293,0.9119598735541605,0.0007566970483647215,0.985023919754582,True
0.018789576696342795,0.0,0.14614747777373638,0.9119455654235551,0.0013065858277775159,0.9850193043104233,True
0.018794498789006756,0.0,0.14616518700418912,0.9119353518911711,0.0010679074502933817,0.9850179453932657,True
0.01879513954913632,0.0,0.14616177748500134,0.9119265190879475,0.0008853968145468677,0.9850074078304482,True
0.018840833186882098,0.0,0.14635730869587474,0.9120030601913403,0.00022449965115812706,0.9851817145392776,True
0.018790852230899092,0.0,0.1459734124363331,0.9121892800163065,0.00015222249456627225,0.9851759862344731,True
0.01875536495645576,1.174395888820018e-10,0.14568650211574807,0.9123274921399238,3.3633915883450185e-05,0.9851707433152375,True
0.018957934533599917,0.0,0.14722766954663208,0.9116863348619114,-0.0005745463755710598,0.9853001696352275,True
0.018891826240472694,0.0,0.14671403341675812,0.9119283766371351,-0.00046985988936686947,0.9852853933455141,True
0.019583733295625655,0.0,0.1523749993286063,0.9093533036756192,-0.001507797993448013,0.9855408033399223,True
0.02032922341393014,0.0,0.1583120123623553,0.9065389397896992,-0.0025822920293379183,0.9856949459708769,True
0.020399198306163813,1.3594880111639776e-10,0.15888471119636163,0.9062557354424531,-0.0025361566395554866,0.9856980911765827,True
0.02047900700125116,5.389547155931713e-10,0.15955039041420357,0.9059577818709611,-0.0027742961369653105,0.9857329776170176,True
0.020513345623407068,1.1852846600625919e-09,0.15986604563553067,0.9058058967777844,-0.002717442541364026,0.9857389207808345,True
0.02046620826909372,0.0,0.1594284788155698,0.9059955454755472,-0.0025906464233839714,0.985709784883332,True
0.020417247256363697,3.6556947180567564e-10,0.15889567949164496,0.9062201517080829,-0.0025062264809475113,0.9856679918194748,True
0.020374655642955163,0.0,0.15837090832633785,0.9064303956988428,-0.00241357056853849,0.9856158498620117,True
0.020409687838366584,2.0197248641911052e-10,0.15888508872748783,0.906252270023868,-0.0026798923965966255,0.9856948145895843,True
0.020369143967837122,1.6764711350590446e-10,0.15837314433792826,0.9064554000222442,-0.0025782429046240255,0.9856419723588554,True
0.020365653895196734,2.259239937692729e-10,0.15836159396968846,0.906454630682188,-0.002477477433543609,0.9856354278929562,True
0.020355557383227234,0.0,0.15807357819915932,0.9065415940737682,-0.0023548948006366314,0.9855783831733479,True
0.020361028094849895,0.0,0.15788556681403296,0.9065855486832609,-0.0023480834421243752,0.9855283320902773,True
0.02035674115164642,2.2026487065289692e-10,0.1578627169353831,0.906587981155163,-0.0022333159365269437,0.9855193398431195,True
0.02038388487128574,0.0,0.15771118579438062,0.9065773306272714,-0.0021422886700504084,0.9854329235244618,True
0.020426221931494525,5.684074490943371e-10,0.15764602884586745,0.906516516746448,-0.0020388468991131715,0.9853395317377891,True
0.020475574745034822,2.0670102012616455e-10,0.15765611357536372,0.9064310109070636,-0.0020317706249282615,0.9852590679014465,True
0.020536620959937864,0.0,0.15771420535125952,0.9063111750423005,-0.0020224476308559995,0.9851682777179303,True
0.020494186357129924,0.0,0.1576234322334788,0.9063933503430666,-0.001867152503790546,0.985205066459806,True
0.020567835707445817,7.275249517376479e-10,0.15779255783190257,0.906225417563405,-0.0019049147248038248,0.9851216972068813,True
0.020657018943161916,0.0,0.15799542293655613,0.9060106410002011,-0.0018147393717492018,0.9850083524684792,True
0.02074438683243726,0.0,0.15822766286282441,0.9057865048868762,-0.0016975466190547372,0.9849003363182884,True
0.020803008003334313,0.0,0.15838698230775913,0.9056309883125908,-0.001571201375426323,0.9848244794664703,True
0.020816419448277435,0.0,0.1584211338872205,0.905582250072972,-0.0014024864844820646,0.9847928170165823,True
0.0209270932009109,0.0,0.15880955938394814,0.9052929434131745,-0.0014715048016522448,0.9846977231051486,True
0.021082171527131346,1.2682956078943641e-09,0.1593436914322786,0.9048791946276239,-0.00145260698991358,0.9845510416120588,True
0.02071961048372546,0.0,0.158051759693654,0.9058971843658619,-0.0018709737033734395,0.9849230642126888,True
0.02061441519759652,0.0,0.1579758539673945,0.9061316922140368,-0.002219652578151326,0.985119619197734,True
0.020608114888239815,0.0,0.15795965537319825,0.9061329858919888,-0.0020773665741368455,0.9851128135785879,True
0.02062656000351473,2.1239736502182897e-10,0.15785159482075506,0.9061205639402166,-0.001961347354999904,0.9850463615629914,True
0.020633808712394574,9.303324087708408e-11,0.15787841528521246,0.9061156762544709,-0.0021133473836540267,0.9850548839901103,True
0.02065883984560838,0.0,0.15777086122139913,0.9060938236692964,-0.0020173799025118505,0.9849792542799959,True
0.020623540116753183,0.0,0.1578453375362041,0.9061590842861328,-0.0022822716238266,0.9850817530542348,True
0.020619406871960844,4.345100507146835e-10,0.157802091645255,0.9061643862211929,-0.0021411983053219387,0.9850654324783304,True
0.02062229730809267,9.662019684080646e-11,0.1577419832802011,0.90616249610248,-0.00200043532312892,0.9850334878392007,True
0.02062739494958625,0.0,0.15770408919048795,0.9061499406625783,-0.0018526462966872747,0.9850019852578222,True
0.020517937604326235,0.0,0.15761303744464011,0.906342927607855,-0.0016574187870837987,0.985149446330175,True
0.020586725750460423,0.0,0.1577108590616184,0.9061930192164822,-0.0016056886573509706,0.9850484487472915,True
0.02064668084213468,1.5491882679443243e-09,0.15782847502953798,0.9060460155780373,-0.0014867215168344404,0.9849602546419945,True
0.02074065657144707,0.0,0.15807130728632135,0.9058133532802276,-0.0014638931276376261,0.9848490069233883,True
0.020711176664003423,0.0,0.1580013696441298,0.9059099445122138,-0.0017140864354769595,0.9849106293342788,True
0.020686246913416168,1.4369378407161931e-09,0.15793339582589538,0.9059521315356857,-0.0015149897244271136,0.9849188308855712,True
0.020732676678421918,0.0,0.1580545903715837,0.9058482658372221,-0.001633860903396305,0.984875561023014,True
0.020806812826126325,0.0,0.1582138175778165,0.905668542609095,-0.0015642592065893198,0.9847754513980033,True
0.020838537227132452,0.0,0.15827882871214832,0.9055809455437586,-0.0014123612532957934,0.9847203598998328,True
0.020779143565812876,2.2046394200700906e-10,0.15812268239989752,0.9057545406847303,-0.0016885652579675216,0.984815882105143,True
0.02081409968662605,0.0,0.1581574482102721,0.9056704448319802,-0.0015572785148711098,0.9847491689371163,True
0.0205154197078013,0.0,0.15746451103466097,0.906350466130744,-0.0011756180773867476,0.9850827216480744,True
0.020388254355863732,0.0,0.15714373378788324,0.9067002066702342,-0.0015462435149575602,0.9852720735641758,True
0.02034915544806249,0.0,0.157325129395945,0.9067555334086291,-0.001893487905220824,0.9854180981066016,True
0.020341348818261717,1.3133927318923536e-09,0.15719756470998594,0.9067895272442998,-0.001748541893410032,0.9853883109126855,True
0.02033579166320293,3.017875169630474e-10,0.15714447359229056,0.9067975261740009,-0.0015843590345307038,0.9853697632719336,True
0.020355565093235183,0.0,0.15702750208173577,0.9067966678787595,-0.0016107679658377155,0.9853104189196273,True
0.020379547004090563,0.0,0.1569425209956723,0.9067681936787194,-0.0015215256495817483,0.9852394541765556,True
0.02039229870189386,4.4378232035317343e-10,0.15691205209172174,0.9067381777375794,-0.0013644737058426874,0.9851942042272226,True
0.020166083138310427,0.0,0.15672011545878708,0.9072513428870516,-0.0019323667020345525,0.9856114006164451,True
0.020144357487949044,4.388414670360096e-10,0.1563954678870258,0.9073670243471218,-0.001818279209553881,0.9855647587294762,True
0.020137006922664707,0.0,0.1563152893536706,0.9073867619885824,-0.001663493649025047,0.9855444066654176,True
0.020143287609705688,5.924216519879609e-10,0.15615436508638958,0.9074234009147509,-0.0017020262052022267,0.9855005840503674,True
0.02015318503342786,0.0,0.15597491553095347,0.9074465114650937,-0.0016154356127735612,0.9854339692305705,True
0.020165187713368816,0.0,0.1559788097035382,0.9074385780328529,-0.001761795254064803,0.985427982884622,True
0.02017630416836487,0.0,0.15597183141385043,0.9074348123816584,-0.0019043475929426525,0.9854207280885836,True
0.020191172441856017,0.0,0.1558026982258319,0.9074520343666785,-0.0018903337754438167,0.9853533834795944,True
0.020194518524579826,0.0,0.15585058992254358,0.9074524304695253,-0.0020873671415779244,0.985377725430797,True
0.020211315791395377,5.020836803767875e-10,0.15570078652104627,0.9074650140268304,-0.002102136349085002,0.9853154077894373,True
0.020204898865875814,0.0,0.15579231053187115,0.9074742710316692,-0.0023342477464511685,0.9853704262976049,True
0.020213296345468555,2.8775886000871904e-10,0.15558729222925885,0.9075150573146302,-0.002331011715037913,0.9853087037170185,True
0.0201752384878936,0.0,0.1557375628348909,0.9075176812828956,-0.0020758085245958695,0.985386462700341,True
0.02020705815374097,4.229721643741827e-10,0.1556723089077601,0.9074749480117912,-0.002032735424578431,0.9853111028886434,True
0.019971222101958952,5.267577521563343e-10,0.15553608014067363,0.90789196052059,-0.0016336246976275644,0.9856600011176845,True
0.02002931669808272,0.0,0.15561647916112006,0.9077654361776964,-0.0016225100559231315,0.9855736757582565,True
0.020099462324779955,1.4471822480958475e-10,0.1557674541724556,0.9075989339478596,-0.0016219496179196036,0.9854826611788057,True
0.02013066742469457,6.779427274433249e-10,0.15583753942971149,0.9075075773080105,-0.0014560015358215037,0.985426347700809,True
0.020221949428457564,0.0,0.1561295731936443,0.907262051622015,-0.0014531545802633759,0.9853268382188372,True
0.020314726270131353,0.0,0.15644360424265757,0.9070020411840588,-0.0013798720758941747,0.9852238433053876,True
0.02011717392156892,0.0,0.155726947786115,0.9075993168180928,-0.0018137373734437193,0.9854627907111503,True
0.020098666581923462,1.0896348393235418e-09,0.15568011670413892,0.9076229555459218,-0.0015825632161621506,0.985463014987626,True
0.020106629542425522,0.0,0.15572067269067766,0.907619761864466,-0.0018067591180299545,0.9854800982098049,True
0.020135234998287177,0.0,0.15574022063015525,0.9075740338946434,-0.0019336774629219824,0.985444144209721,True
0.020160647350959023,1.23654555132025e-10,0.15577018522962094,0.9075342882215799,-0.0020895996704950225,0.9854193809600449,True
0.020194120323520148,0.0,0.15575415803475431,0.907471547835906,-0.0020473660156697807,0.9853486268532832,True
0.02024053492666986,8.53207319591243e-10,0.1558221698129299,0.9073752875095499,-0.002134311157700286,0.9852863732692221,True
0.02027011706632862,0.0,0.1558987395406349,0.9073186806834834,-0.0023250288407572935,0.9852680504538008,True
0.020067483983716255,0.0,0.15552977945327046,0.9077383596303263,-0.0017192687127095803,0.9855032493569615,True
0.02012569645814239,1.0717299311014813e-10,0.1556617809546587,0.9075923270027028,-0.0017103856650046772,0.9854232175872052,True
0.020155564062663153,0.0,0.15573535852388284,0.9074997512882947,-0.0015481724767528716,0.9853674305502361,True
0.020185437679946298,0.0,0.15582381940816234,0.9074010143136009,-0.0013666252631152908,0.985312924017682,True
0.020271902906777457,0.0,0.15615390783797373,0.9071474519653362,-0.0013803278715072802,0.985224405884323,True
0.020249925181923596,8.579861023376803e-11,0.15606338626634164,0.907248528914653,-0.0016991255227296837,0.9852802221336224,True
0.02025743601192983,2.0302718443932728e-10,0.1560689396142774,0.9072090751602173,-0.001475426260923687,0.9852435451703832,True
0.020319498931065615,3.350598962028317e-11,0.15630003423147168,0.9070394639900242,-0.0016258049318117038,0.9851894811392661,True
0.020231844101023272,3.242113523962869e-10,0.15595368339916346,0.9072595884009851,-0.001176408283544514,0.9852364304247782,True
0.020308763829931478,8.093727689040143e-10,0.15627137312036185,0.9070202782660602,-0.0011741054535145932,0.9851559656356139,True
0.020387600661839082,0.0,0.15660718839978924,0.9067685279206883,-0.0011216954634633684,0.9850721221205829,True
0.020478834113481982,5.719361989789624e-10,0.15702210499740873,0.9064874547311349,-0.0012309547100932288,0.9849985078017754,True
0.02056674585927517,1.0536556473533454e-09,0.15743985530197183,0.9061937238364859,-0.0011794346234276162,0.9849136525411274,True
0.02056753107331512,0.0,0.1574475740277638,0.9061555731096291,-0.0008600970687775927,0.9848793601235111,True
0.020669176419408575,0.0,0.1579706744279365,0.9058082470125869,-0.0008678968714597692,0.9847935842265552,True
0.020762564483076937,1.1961012066654826e-09,0.1584809055739954,0.9054686258567356,-0.0007818200623476223,0.9847090798398346,True
0.020837309660368893,0.0,0.15889569627721825,0.905228443958135,-0.00103029269752823,0.9846762920967441,True
0.020903514834066123,5.66737614230871e-10,0.15928539670576702,0.9049634204396092,-0.0008738984812023304,0.9846061193592304,True
0.020798902089607902,1.0402491222850308e-09,0.15868339358205544,0.9052878823159314,-0.00030493972300530857,0.9846295801472082,True
0.02083865956735895,0.0,0.15895283603988508,0.9050953593752542,-3.27618909470385e-05,0.9845717773951967,True
0.020899701762143008,6.869268886254159e-10,0.1593762770991867,0.9048182461688868,0.00017485920580486406,0.984506385405407,True
0.020983182685256518,9.179405493418698e-10,0.159954343052978,0.9044864903998763,2.6605232363531113e-05,0.9844636628443058,True
0.021065070152316522,2.852270986434977e-10,0.16056212491729316,0.904134719986517,-5.1423299569780805e-05,0.9844157827303905,True
0.02101090971635286,5.191883486556453e-10,0.1601993204591959,0.9042971821747828,0.0005017847125996061,0.9843968429235691,True
0.021054709478928145,3.0897602473062334e-10,0.16052219443380555,0.9041430989419278,0.00014514020440636446,0.9844041964678066,True
0.021106157959474448,8.452069527062699e-11,0.16100831184241762,0.9038688629921203,8.743847561042919e-05,0.9843730189978499,True
0.02114948276671762,0.0,0.16141561378828775,0.9036619205903713,-0.00016846050664777711,0.9843697274845152,True
0.021185637127036964,3.372169711776021e-10,0.16186006126539507,0.9034212394755458,-0.00023453832360423966,0.9843512704454602,True
0.021136017610489676,0.0,0.16138924103192787,0.9036211591849694,0.00043894592203244876,0.9843157797009334,True
0.021155511506345818,0.0,0.16179040945747608,0.9034001398830102,0.0005481987890376279,0.9842953446117482,True
0.02102453982265391,0.0,0.1597832136132327,0.9043557628692261,0.001686044291773073,0.9842473696758425,True
0.02104400286530427,3.156809621678089e-10,0.16024183786764606,0.9041252472991207,0.0016406285492041627,0.9842461665486246,True
0.021043652188465784,0.0,0.16056895189417922,0.9039461969975598,0.0018761239523566989,0.9842306729446495,True
0.021035903026859606,0.0,0.16084423279143834,0.9037923053672734,0.002168903667538148,0.9842144217629926,True
0.021022432637687348,0.0,0.16120658880521962,0.9036168698396582,0.002323636609865834,0.984220164242268,True
0.02106231181627669,3.073736993679333e-11,0.16106251676987215,0.9037288160772027,0.0015598084772154713,0.9842600744928762,True
0.021053316070090606,9.797591500000507e-12,0.16091409065506934,0.9037536449878556,0.0021370510001654207,0.9842106903251879,True
0.021019331645808326,2.454666432386193e-11,0.16106632660521877,0.9037058178966876,0.0020521783071832285,0.9842389812238437,True
0.021017168418891768,0.0,0.1611932770329494,0.9036827195976177,0.0016565685686014192,0.9842793581140924,True
0.021086507918675473,0.0,0.16087815201569872,0.9037142291706509,0.002577694212116566,0.9841533051785003,True
0.02103627264652543,5.229378702855957e-11,0.16092138648528748,0.9037025289679356,0.0027935094011695464,0.9841632222628731,True
0.02098172716099812,1.107052471311739e-11,0.16102134369131374,0.9036830766166204,0.0028454982127780666,0.9841937484733477,True
0.020951497572725873,1.0434784056168725e-10,0.16115827225024448,0.903667039161186,0.002560455877682507,0.9842461753906561,True
0.020908561913762544,1.4732965292505787e-10,0.1611291467174316,0.9036720438011292,0.0029503117897321804,0.9842366173071747,True
0.02084580326210717,2.2139428499544653e-10,0.1611779222505201,0.9036698882252363,0.0031627722168752264,0.9842588495718906,True
0.020777689522134074,4.3652357888468837e-10,0.16124872070404833,0.9036660677731067,0.003347215787384088,0.9842904285616544,True
0.020713975378788378,5.46058628223781e-10,0.16128285127547626,0.9036656070739256,0.0036646800729654267,0.9843070332577224,True
0.02069327516371685,2.106525365497308e-10,0.1614117151429399,0.9036575068542918,0.003285691891658491,0.9843633646364143,True
0.020660042484140752,0.0,0.16133307606542707,0.9036699607662717,0.003786220762491259,0.9843364987989852,True
0.020614749036108108,4.419263267461762e-10,0.16142932122934073,0.9036852514742842,0.0034999660403835543,0.9843999125308809,True
0.02059082202341191,1.750682810977438e-09,0.16151408632527023,0.9037010086489494,0.0030985467256283983,0.9844580535622673,True
0.02112612745757718,7.137015599484216e-11,0.16189752227099305,0.9032750984545672,0.0018886166891386995,0.9842238596614339,True
0.02108577148289045,2.2159729057989276e-10,0.16170928666689743,0.9033530255688595,0.002198471314687241,0.9842076691239056,True
0.021116495850112126,1.1716928239693687e-10,0.16183787899251373,0.9032393932025261,0.00269222399750044,0.9841583328159522,True
0.021044847485183267,0.0,0.16154835228061876,0.9033870161432396,0.0028856973044122146,0.9841611922835489,True
0.020964790362128057,7.59586841531577e-10,0.1612650704251389,0.9035519131346292,0.002887180704846725,0.9841844491067855,True
0.021308619987171085,0.0,0.16225509719415412,0.9028609899478971,0.0038974900406380797,0.9839885385449741,True
0.021240359349124955,1.1254297053300992e-09,0.1620864628066079,0.9029735281149995,0.0038457496284740275,0.9840167606437332,True
0.021204588976816197,1.4780783891924926e-10,0.16197545524929682,0.9030086551532108,0.004227940548744202,0.9839963829256672,True
0.021158858798034884,0.0,0.16193034948612064,0.9030677203209724,0.004038758282651233,0.9840328950640327,True
0.021104178757476076,1.1764100621293647e-09,0.16182143840897262,0.9031208438479811,0.004316088703249371,0.9840315642288775,True
0.021060505845900926,1.51680801404589e-11,0.16181541764628535,0.9031639788556847,0.0041115289376810775,0.9840716876939954,True
0.021003858965796245,1.4819946499644771e-09,0.16179032355261083,0.9032164575739172,0.003984630474399663,0.9841116208322173,True
0.021047382465233546,4.352655625456633e-10,0.16190061542927722,0.9031914501600433,0.0034234096488198196,0.9841417583099475,True
0.020983383311256685,0.0,0.16174296295950322,0.9032796061430257,0.0036021179841043186,0.9841510876227774,True
0.021181241090419772,0.0,0.16195294764622656,0.9029913693394266,0.004665938741343306,0.9839678431625398,True
0.021137784112695925,0.0,0.16193516015170048,0.9030435868762583,0.004423488253441796,0.9840111669521086,True
0.021124986234934716,2.8180553568784694e-11,0.1619728057603018,0.903066647173808,0.004040714635110705,0.9840530500821395,True
0.02106461291779247,0.0,0.16189111655793662,0.9031505297756852,0.003864094789459307,0.9840960880546535,True
0.021061002939929793,7.500433909396167e-10,0.16181656943268855,0.9031392085428793,0.004406716099579509,0.9840474940092669,True
0.02103423931239572,4.3870334702065175e-10,0.1618444814992563,0.9031714701377928,0.004064706247813812,0.9840937113261242,True
0.0211623645419949,4.694120112365982e-10,0.16208168677303827,0.9030498303308502,0.003415427703273838,0.9840906741867814,True
0.02128966047026215,2.6268035939378483e-10,0.16256167707211366,0.9028177736781521,0.0028919815653501886,0.9840986124768892,True
0.021557043930514445,4.901736796185916e-10,0.16388041744078677,0.9021553596028492,0.002400711198842662,0.9840955688134163,True
0.021510195240980013,0.0,0.16359401638859972,0.9022847778393759,0.0025950420800194655,0.9840817860336757,True
0.021540273961456028,5.549849573562432e-10,0.16381049772489475,0.9021474084379603,0.002991459001800921,0.9840526578553925,True
0.0214731806590874,0.0,0.16339376769346434,0.9023564120978599,0.002935586612904849,0.984053295944592,True
0.021535541412100085,1.1330394477020638e-10,0.16379249887624703,0.9021242277866895,0.0034768557095620324,0.9840204773381169,True
0.021495732213608582,0.0,0.16356300577147345,0.9022438051531658,0.003328342010534298,0.9840253080389025,True
0.02148371884509429,0.0,0.16349167278268148,0.9022954472108785,0.003061672098570742,0.9840412836022192,True
0.021491293021298333,0.0,0.16352241135524867,0.9023034764170162,0.002735319326978125,0.9840646820946406,True
0.02144782188117029,0.0,0.16327105859278776,0.9024144837213544,0.002811591781401839,0.9840500130177482,True
0.021477205427717836,1.1837193827438808e-09,0.16344860476127507,0.9022966355492359,0.003403911194260986,0.9840209391135928,True
0.02145428279304302,2.303877631777537e-10,0.16334108288699228,0.9023261104838833,0.003666357036086238,0.9839966521577672,True
0.02143905777140512,1.0684790152291661e-09,0.163290494523693,0.9023561338393993,0.0034657261535384837,0.9840013821697248,True
0.021417316120059652,0.0,0.16320683202819408,0.9023734528766484,0.0037196599730412922,0.9839768688907454,True
0.02140556745289555,0.0,0.16321099808757142,0.9023752253109286,0.0035307137090748566,0.9839807243547143,True
0.0214204681131555,1.6284349650216872e-09,0.16328195968356918,0.9023687035598286,0.003141483977940659,0.9840096850300482,True
0.021391825761176656,1.1328500726685378e-09,0.16319158250525054,0.9024071187199372,0.003099019399079975,0.9840029111054125,True
0.021382363618345633,6.410711007735536e-10,0.16320092300146824,0.9024140366067865,0.002851737569626305,0.9840144987485917,True
0.02138467513785019,6.241971188545511e-10,0.16324494095649628,0.9024134403952919,0.002519699793725749,0.9840359114977372,True
0.02135578671877515,0.0,0.16317068089020284,0.9024423956837644,0.0025317020322312587,0.9840277361288658,True
0.021404562707343908,2.083229195786702e-09,0.1632922997468737,0.902425716349196,0.0020463392325696327,0.984071868305862,True
0.021390147590608134,0.0,0.16321795394687702,0.9024796437773951,0.0017695112269287912,0.9840886207508336,True
0.021363708884257,5.598115805768312e-10,0.16308428442332443,0.9025571280602916,0.0015415886324649034,0.9840992708317654,True
0.02146343157450928,8.960127670177223e-10,0.16354360189312436,0.9023767779468816,0.0011256337819974382,0.9841485797894567,True
0.021543908712161386,1.618016176329505e-11,0.1641241185364954,0.9020583730848736,0.001745545665185862,0.9841204323693015,True
0.02149537849884238,5.524703277160671e-10,0.16381067069708977,0.9022033440354724,0.001736898389840741,0.9841086799364875,True
0.021454803214370176,8.379456968221417e-10,0.16355847915298188,0.9023181596913848,0.0016950814523882048,0.9840974001058215,True
0.02142053536546051,0.0,0.1633644474519986,0.9023986555650312,0.0017156391506205327,0.9840808792910305,True
0.021425312903684133,0.0,0.16339381450502968,0.9023596670372035,0.002232755413434991,0.9840565742897184,True
0.021492547150270484,2.868403014998657e-11,0.16366610782548804,0.9022979830261768,0.0016907187877337052,0.9841310369676048,True
0.021451004571668972,4.6056042098260715e-10,0.1633759644300257,0.9024358330716616,0.0015926974480617126,0.9841238157472348,True
0.021413245692717017,5.900357483415295e-10,0.1631222471486972,0.9025496395164398,0.0015382147219298553,0.9841107636808243,True
0.02139202124261037,1.1996141802332657e-09,0.163005203437526,0.9025829858751468,0.0017859795753715768,0.984085588793524,True
0.021482459571461436,0.0,0.16354901848564266,0.9023377023422584,0.0027707554919681986,0.9841122115850798,True
0.021463284517480884,8.710040319792048e-10,0.16346253349799533,0.9023605335772613,0.0027679674854899036,0.984091801197263,True
0.02150417102871283,7.17565409753807e-10,0.16360959092260216,0.9023538322656195,0.002235088686134725,0.984158628444486,True
0.021503899886428604,0.0,0.16363633869209837,0.9023188370129611,0.002619684541341415,0.9841370063590102,True
0.02149798848989164,0.0,0.1635874920632675,0.9023513696512555,0.002381653444911388,0.9841451156828893,True
0.021491185195859762,0.0,0.16356830001759592,0.9023379317785444,0.002762455708046827,0.9841220817873424,True
0.02146753180441903,0.0,0.1634420237677157,0.9023783575942913,0.0028044359808242036,0.9840993694781491,True
0.02145575762148276,4.5528670282101037e-10,0.16338431795636846,0.9023823878717613,0.0032021126699922076,0.9840745473052323,True
0.021447672833384432,0.0,0.1633845638715883,0.9023691249413306,0.0031110099313684295,0.9840614068771247,True
0.021544954950509978,2.499316292725888e-10,0.1633836976176874,0.9025755288281705,0.0022178696895890134,0.9842673778869458,True
0.021608963784360898,2.73084014709039e-10,0.1638286648173711,0.9023924128649259,0.0018641181395053163,0.9843067455466954,True
0.021550099232032546,0.0,0.16336920525987905,0.9025993494384906,0.0019587321400150615,0.9842839520684301,True
0.021516491486998086,0.0,0.1631149916660331,0.9027022329309596,0.002133825696162869,0.9842597287639762,True
0.021478253046030325,0.0,0.16277242150125276,0.902852665716164,0.0020869235961587206,0.9842388764667903,True
0.021444082859683775,0.0,0.16246837763134614,0.9029722799437345,0.0021606359272900847,0.9842064687594076,True
0.02142811293718074,0.0,0.16228270421721017,0.9030462375054823,0.0020572931956706706,0.9841875896140874,True
0.021411849869681917,0.0,0.16209054196681483,0.9031118086375904,0.00202052141678324,0.9841570796209979,True
0.02141920045958465,1.0902124672631383e-09,0.1620967543217135,0.9031161637247833,0.0017734422733999668,0.9841645419758526,True
0.021406606040894033,0.0,0.16193262364224623,0.9031645783977392,0.0017549409305996381,0.9841308902188624,True
0.021409190108114647,8.512492432310861e-11,0.16188153813295478,0.9031728326508861,0.0015974031551154436,0.9841136018024884,True
0.021411799727674888,0.0,0.161828048634731,0.9031713224145997,0.0014938062075196233,0.9840853467319652,True
0.02140598751459218,0.0,0.16177651776555843,0.9031625593137059,0.001694013181113094,0.9840508181964851,True
0.02140057256577923,1.6006706083165895e-10,0.16174340796354625,0.9031460030006797,0.0019345512813455919,0.9840177071425199,True
0.021412529664717517,1.7901440750050661e-09,0.16180279492753313,0.9030735162744947,0.0020072596196801505,0.9839749155284053,True
0.021420597159539066,1.672870145262766e-10,0.161830405430749,0.9031055099819869,0.001605214475523542,0.9840207128646483,True
0.02143200945957622,0.0,0.16188322127802138,0.9030964010261003,0.0013084698668326415,0.9840380116651111,True
0.021425414374784957,0.0,0.16179746391276573,0.9031096686270672,0.0012572508217616176,0.9840084005834501,True
0.021404673145085065,0.0,0.16174610439965925,0.9031569687777866,0.0019289313534786036,0.9840300209776163,True
0.021409150689682337,3.099997593669435e-11,0.16177809257190862,0.9031098479041679,0.0018897477234817862,0.9839988942211222,True
0.021424658502430208,0.0,0.1618561024519843,0.9030814698397784,0.0015933248894589493,0.9840095210657706,True
0.02142712617120323,0.0,0.16187395611524316,0.9030500945068515,0.0014990072273070062,0.983987072564473,True
0.02144126773639234,0.0,0.16195408345993093,0.9030219132723326,0.0011960972349718886,0.9839989550022981,True
0.02143771938780553,1.6039608887356378e-09,0.16195379053669262,0.9029948905101988,0.0012072965304161037,0.9839717873825059,True
0.021431571013190577,0.0,0.1619521373368554,0.9029644845471835,0.0013878087307824096,0.9839405532156111,True
0.021437109787666067,8.100223177312318e-10,0.16205678165414694,0.9028838326929075,0.0014048752406217017,0.9839122243300032,True
0.02144435552050299,9.59184518494309e-10,0.16218613074132374,0.9027936935721332,0.0014050246724135356,0.9838867599019796,True
0.02145682801433901,2.2510486429191012e-10,0.16237366310092988,0.902680311863724,0.0013467259742431614,0.9838671436392937,True
0.021468883981852923,0.0,0.1625885234979739,0.9025527273481693,0.0013258822564195547,0.9838469890971562,True
0.021478888344362727,1.5257728712574055e-12,0.1628198395292367,0.9024151548943962,0.0013685420082885558,0.9838250746605403,True
0.021459057494599643,4.20871646206308e-10,0.1626988968207433,0.9024432279653438,0.0018289857096858188,0.9837926767965871,True
0.02146797692361683,4.141505723543827e-10,0.16298691613062377,0.9022869817981565,0.0018395883210892,0.9837804402776189,True
0.021481395224543447,2.32942474310857e-13,0.16326562155717983,0.9021570489420226,0.001640813455273155,0.9837898597208454,True
0.02148073443396819,0.0,0.16354054825768036,0.9020148971131026,0.0016673555832907696,0.9837851712419428,True
0.02150707634269603,1.2209019631006752e-09,0.16345329789422067,0.9021034141257237,0.001052058419796262,0.983830064293736,True
0.021480117677033898,3.600664384249667e-10,0.16349863697148703,0.9020846741899498,0.0010381276716415733,0.9838339930357597,True
0.021457303193300612,0.0,0.16359366966801192,0.9020479034220779,0.0009612737873403531,0.9838447382560838,True
0.021429803415458283,0.0,0.16369211411501447,0.9020038422004314,0.0009963409622333445,0.9838498992579386,True
0.021456446355364166,8.32313425171319e-10,0.16375507631339734,0.902007925509398,0.0004915383780855669,0.9838854644984101,True
0.0214197868929462,5.346517564297088e-10,0.1637504424875314,0.9020271161851419,0.0004000747085681948,0.9839023379635593,True
0.0213827731855739,6.559143228935548e-11,0.16377549635032376,0.9020340685486147,0.00032269382668322804,0.983921816789368,True
0.021640826398906993,0.0,0.1631211235184716,0.9021154403029525,0.0019059934630208373,0.9836760020621883,True
0.021648203615121864,5.982265679451339e-10,0.1632130341466791,0.9021039701414737,0.0015021756790044387,0.9837104878130398,True
0.021602849215033672,0.0,0.16317554957198904,0.9021271810578286,0.0016443460735762099,0.9837149558438232,True
0.021559879188565504,0.0,0.16315341506671852,0.9021386315253934,0.0018466854965823957,0.9837153390587526,True
0.021726653495556275,7.097971752106848e-10,0.16271984187317773,0.9021603574731167,0.0029983996535534255,0.9835202791195028,True
0.021704011671362045,0.0,0.1628210797611128,0.9021481128286344,0.0027390260520382,0.9835586527091907,True
0.02165624822837249,1.5146767139438838e-09,0.16288381883344677,0.9021515043833839,0.0026521016626522955,0.983593415314784,True
0.021602504500088566,0.0,0.16294350456470658,0.902152358413412,0.002686259516297559,0.9836241106957653,True
0.021550333875919307,2.479523034644912e-10,0.16304710108935094,0.9021377025120381,0.0026670854037883413,0.9836612533046658,True
0.0215026226211807,1.5117786883647147e-09,0.16316671548740333,0.9021235103847,0.0025571870291485987,0.9837068696401803,True
0.021680286461441326,5.134746427341336e-10,0.1630825964455731,0.902132511340385,0.0016134784763417,0.9836738100766461,True
0.021664292648278207,0.0,0.16305557438444707,0.9021810296730178,0.0012819056584186899,0.9837088168652414,True
0.021690270555488292,0.0,0.16310831988427896,0.9020985372697881,0.0018267620389510718,0.9836526972119275,True
0.021622989432922225,0.0,0.16291436697895115,0.9022089496802039,0.0019397368481271647,0.9836661331696795,True
0.021554600653380128,4.764920463310507e-10,0.1627557109478438,0.9023110925376552,0.0019766072176599053,0.9836889484880691,True
0.021502513641850678,1.0051779104042205e-10,0.16263632698491395,0.9023697470705259,0.0022281183435661272,0.9836879106635007,True
0.021494293862237796,1.0306574174127136e-09,0.16255472004655958,0.9023699011959694,0.0027029491510674503,0.9836472622499066,True
0.02145815501341292,0.0,0.16256571735743774,0.9024036425641994,0.0024869831421329603,0.9836865012429182,True
0.021578364250763166,0.0,0.16277296881394998,0.9023056374858729,0.0017810175098778628,0.9836921218928478,True
0.021571755876460753,0.0,0.16276772336546294,0.9023398909863922,0.0014369994510173437,0.9837237526691237,True
0.021499411772313484,3.2545689008073753e-09,0.16249309427072925,0.9024983969405967,0.0014117553089887673,0.9837449473305303,True
0.021498520374106125,1.5737612561867708e-10,0.16246651746055363,0.9024731168477177,0.001860378899725616,0.9837063757353706,True
0.021535880182441562,0.0,0.16252425380767682,0.9023806457147076,0.0024572629296091717,0.9836427726185459,True
0.021489355421679828,4.2952579669183705e-10,0.16239765075835716,0.9024378681917969,0.0027090289464526233,0.9836366940005012,True
0.021446248640035144,1.7761498139429199e-09,0.16235251145031862,0.9024932644148023,0.002532250752022871,0.9836695219161113,True
0.02138873285782953,0.0,0.16228197844584138,0.9025542723877255,0.002512901877726921,0.9836952616106461,True
0.021626841259727903,0.0,0.1625784974992911,0.9023774943092642,0.0016189369095083524,0.9836667430589097,True
0.021563881878623726,3.7596096284552416e-10,0.16226895654576545,0.9025517735718344,0.001491704959656138,0.983686252220678,True
0.021498085323396438,0.0,0.16196532100042693,0.9027056630853968,0.001589746410587498,0.9836883235856102,True
0.021434112099965402,1.0940514827753189e-09,0.16169786933010077,0.902853568440966,0.0015606606079244468,0.9837025042000679,True
0.021460730935999213,1.7705625993319686e-10,0.16177536075897767,0.9027666582889396,0.0020791721074867294,0.9836543388454847,True
0.02150174114148622,0.0,0.16193012576686405,0.902718812649735,0.0016229274502869186,0.9836838755331669,True
0.021442178550154598,0.0,0.16167464000553097,0.9028490783899629,0.0016847333575158781,0.9836863983927283,True
0.021425743294730414,0.0,0.1615962155259872,0.9028633052797347,0.0020412779895038324,0.9836614130427282,True
0.02187587933372567,0.0,0.16303673123372983,0.9021588652249015,0.001010622983939903,0.9836772308417664,True
0.02188952777990547,1.6184114894661325e-09,0.1631083653460429,0.9021420204932793,0.0007593785012902,0.9836962047847122,True
0.02181364268500999,1.1461448857978871e-09,0.1625605673773728,0.9024058842850435,0.0007864142215996705,0.9836861691198748,True
0.02174847055312572,5.161692420100316e-11,0.16208314549411917,0.9026309427352043,0.0008137019568776166,0.9836725155338808,True
0.021701991566688117,5.188282273362233e-10,0.16172761493082216,0.902800058187655,0.0007452883939356855,0.9836638661718943,True
0.021740242480484603,0.0,0.16197901990939437,0.9027088194836179,0.0004146795103784667,0.9836983294383151,True
0.021692127357131535,1.1237488525714977e-09,0.16159040960116788,0.9028877208853602,0.00037317791496821484,0.9836829268096929,True
0.021654677085779717,1.0322557405557208e-10,0.1612900988437904,0.9030141971881029,0.00045974137416218984,0.9836592467132237,True
0.02170972884938523,4.3832761072984294e-11,0.16185178417867427,0.9027544039552728,0.00098391270897201,0.9836802960884427,True
0.021686438544782548,1.2363000462231165e-10,0.16164038381839244,0.9028314181931525,0.0009894687751858138,0.9836516102259787,True
0.021669864980467187,7.01931358578756e-10,0.1614800703989649,0.9028802499479752,0.0010247981383258644,0.9836202858493891,True
0.021660443769418797,0.0,0.16148957974824044,0.9028754137960786,0.0014440171015777492,0.9836202036701989,True
0.021662087478873437,5.731007035135998e-10,0.1614679546120869,0.9028594087043593,0.0013762247634955167,0.9835933865835035,True
0.021672011163642063,0.0,0.1615083100185101,0.9028299094195001,0.0011910093596608211,0.9835840644287552,True
0.021660458870080487,0.0,0.16145425743574876,0.9028278237551272,0.0014872593243031964,0.9835549524730015,True
0.021659228428820402,0.0,0.1614645772382239,0.9027863069626958,0.0016587845872487047,0.9835185955818078,True
0.02167170521169402,0.0,0.1615766453472477,0.9026967642047664,0.0016650764998114582,0.9834850868783902,True
0.02168996494646091,1.3916109547389858e-11,0.16170479777337882,0.9026302198884828,0.001434273242361774,0.9834826187890883,True
0.021704225997556052,0.0,0.16184807904536827,0.9025353491282928,0.001356690996408164,0.9834593886509769,True
0.021713850841819784,1.5043092644999533e-09,0.16198784303894875,0.9024342022112181,0.0014175752542922632,0.9834281252350017,True
0.021719127454418872,4.841528892053145e-10,0.1621147057640561,0.9023378584558298,0.0015760028876070204,0.9833952118220108,True
0.021725863158682458,3.942229056942268e-10,0.16227597210603995,0.9022255962307062,0.0017320556340596623,0.983363582677949,True
0.02174078390188202,0.0,0.16253031835779164,0.9020754599490477,0.0017564038919879832,0.9833406191279435,True
0.021724743358171362,2.184397979724167e-09,0.1624625195000531,0.9020781445754965,0.002166823140002097,0.983309406509921,True
0.021736468676038352,0.0,0.16275802951425056,0.9019126279522607,0.002217538252179951,0.983291642709386,True
0.021754278216909416,0.0,0.16286992670623068,0.9018865186769319,0.0018057079131723172,0.9833214820300473,True
0.021759222595753382,0.0,0.16303893593383442,0.9018155939215998,0.0015737361372074826,0.983335061888517,True
0.021750923764219002,0.0,0.16260461096073106,0.9019804121391757,0.0023341587468237485,0.9832827176195412,True
0.021742602589112623,5.426588587807801e-10,0.16215642216620443,0.9021483619937878,0.0030687242800538994,0.9832265736195488,True
0.021767373954041873,7.004916570001917e-10,0.1621856691991993,0.9021699722737341,0.0025621706465943986,0.9832628075738254,True
0.02174375020264591,1.8142135284781025e-09,0.16213278028926773,0.9021745042212634,0.0028820774651381986,0.9832408961801109,True
0.02192012655586419,0.0,0.16204178469452124,0.9022498543844917,0.001985112983411865,0.9832707467317523,True
0.02186481933343194,0.0,0.1617266542278829,0.9024176477627045,0.0018735808979362713,0.983280974876646,True
0.02182485825833946,0.0,0.16150288627476314,0.9025428329569091,0.00169791054525808,0.9832942760942907,True
0.021775212032162358,3.598904160796575e-10,0.1612412862801444,0.9026781275990872,0.0016154678127652462,0.9832987710990498,True
0.021819733874223195,6.690836261527735e-10,0.16145157851991712,0.9026042740910237,0.001216620142968102,0.983330064020066,True
0.021916909227577462,0.0,0.16204720988646237,0.9022674873792699,0.0018719684124759023,0.9832910923225011,True
0.022197491212928258,0.0,0.16361215549661048,0.9014446245637314,0.0030123179900048602,0.9832507023120367,True
0.022163899940626182,2.6176617627043364e-11,0.16344508014859158,0.9015293615205897,0.002896411853323325,0.9832519016210621,True
0.02213165481621905,0.0,0.16330355410877584,0.9015828520934293,0.0030411727364180337,0.9832346291478171,True
0.02211083488974947,0.0,0.1632415327579914,0.9016168432893289,0.0028950740411274787,0.9832376096683246,True
0.0220940499717986,1.6416920797265745e-09,0.16321470893845683,0.9016350999591526,0.002729537735422167,0.9832424560700731,True
0.0220687334398659,9.141648487247174e-12,0.1631662837826585,0.9016466814557507,0.0028016873563476655,0.9832298233562216,True
0.022054427680661223,0.0,0.1630906267275156,0.9016555008322071,0.003197542103870787,0.983200814195965,True
0.022037172618411056,4.900027014534929e-10,0.16314544574349865,0.9016252661557136,0.00316038651924123,0.9831979895174656,True
0.022022973602381667,1.719926195163252e-09,0.16324186822954123,0.9015781652807063,0.0030976362324018542,0.9831991011154031,True
0.022006283087419653,3.97996978732176e-10,0.1633547526881746,0.9015191634487214,0.003116668207239655,0.9831965401908057,True
0.02199126690090903,0.0,0.16350593568124752,0.9014468177752057,0.0030975400224769562,0.9831997856158295,True
0.021973323323268904,0.0,0.16343444260531384,0.90145119145578,0.003518358476238586,0.9831684127584369,True
0.0219511379050762,6.301967266875706e-10,0.1635763710332045,0.9013759247358588,0.0036800951457258944,0.9831641108826578,True
0.021929844861842705,0.0,0.16356043140937215,0.9013579650367405,0.0040718838015473355,0.9831381807414266,True
0.021902876609770514,0.0,0.16374530244076713,0.9012705232487987,0.004221751802799461,0.9831431744691823,True
0.021874989683818003,0.0,0.16397770774726705,0.901174467356778,0.004277180790338246,0.9831633212304115,True
0.021853153760398505,0.0,0.16391611110894388,0.901173094198516,0.004737933758692373,0.983131149752988,True
0.021821805407402924,0.0,0.1641569841936269,0.9010839559578772,0.004705940208666989,0.9831624480546906,True
0.02178712892257148,6.101206438200796e-11,0.16422489574702936,0.9010434036625196,0.005067961407984017,0.9831558515970463,True
0.021777891413705498,1.1370663145519658e-09,0.16440654600509322,0.9009981413272719,0.004746537331302304,0.9832014154668848,True
0.021744215263539163,1.6220521284874795e-10,0.1645704274241285,0.9009647682788963,0.004563413422943367,0.9832499821531657,True
0.021833834664362856,0.0,0.164138584313874,0.9010188936542038,0.005387847233923663,0.9830881858111409,True
0.022059723732384243,1.9896192454479384e-09,0.16390822592848767,0.9010639460123331,0.004316269106533147,0.9830180609661961,True
0.022111782535736445,8.5992528400733e-10,0.16404891105519262,0.9009254047665816,0.004861949574211628,0.9829498611541031,True
0.02203420428963801,0.0,0.16382893460716413,0.9010624943411687,0.00490031485171334,0.9829769616447508,True
0.021967220087716104,0.0,0.16368236649994705,0.9011713449241597,0.0048265574096304185,0.9830125281741333,True
0.02193060307897292,0.0,0.16357559157508927,0.90120898158848,0.005174548445520027,0.9829967773760246,True
0.021862632093539468,0.0,0.16348580050474001,0.901288203673091,0.005174153590812856,0.983031103925461,True
0.021794762742650266,3.704936593132121e-10,0.1634091108030211,0.9013508889697591,0.0053066308576978725,0.9830554447417633,True
0.021726069969739418,0.0,0.16336784497491952,0.9014033057355132,0.005397622057590926,0.983087228222973,True
0.021657515371200125,0.0,0.16335711265762892,0.90144340470877,0.0055019611632115524,0.9831219610375845,True
0.02159503362603477,0.0,0.16338679353944885,0.901473806676454,0.0054586820418395954,0.9831672034461785,True
0.021613541174593017,0.0,0.1632582249543551,0.9014668088724804,0.006030139600491159,0.983095921349658,True
0.021929176012376265,4.812811399122658e-10,0.163278156149726,0.9013556307326369,0.004747365059301744,0.9829947092887811,True
0.02191052532869471,0.0,0.163212018340074,0.9014203865614724,0.004456932465341052,0.9830263957315094,True
0.021938014670945936,0.0,0.16331682585682877,0.9013207878353737,0.004907414645923426,0.9829792007637881,True
0.022403767429507112,0.0,0.16509091128264955,0.900372536660344,0.003998091608950266,0.9829179923016688,True
0.02234257767597699,1.0084783880250567e-09,0.164714557012491,0.9005518645853824,0.004167862620382597,0.9829091441001063,True
0.022367479620168915,2.0341962859001472e-09,0.16489060918103898,0.9004376551460216,0.0044910790060731735,0.9828829617707373,True
0.022301824424121236,0.0,0.16448673785554216,0.9006432181501318,0.004447382253444305,0.9828865870779029,True
0.022242930633545287,0.0,0.16414296543518728,0.9008050826366663,0.0045549518235224185,0.9828765653542599,True
0.022199745137666448,1.1392951297335335e-09,0.16390681347405714,0.9009065593733651,0.004738221234992121,0.9828599672496887,True
0.022187593462495984,5.085482981561916e-10,0.16385011682880998,0.9009109710133597,0.005055812677558204,0.982836029936313,True
0.02214620888226449,1.5739310530697712e-09,0.16365960309183009,0.9009943745538687,0.005126605129528253,0.9828241776737148,True
0.0221101497777741,0.0,0.16352040304141846,0.9010498162407313,0.005223729426495827,0.9828100177614405,True
0.022081118725133093,3.6462631272794526e-10,0.16342687771027367,0.9010757653630993,0.005431672633736546,0.9827892045828625,True
0.022054143444030568,0.0,0.1633672324442422,0.9010851794593078,0.005635629828868489,0.9827687956814288,True
0.02203806759838171,0.0,0.1633968831257435,0.9010711773120151,0.005557750452940434,0.9827696188748869,True
0.022015620906715487,2.095022620301938e-09,0.16342136820439854,0.9010474152046866,0.005644894465939516,0.9827581014019084,True
0.021993836678241944,0.0,0.16339464823106276,0.9010365333608665,0.005967143571437201,0.982733857476398,True
0.02200235635900442,0.0,0.16348857059095326,0.9010145188814522,0.005636860193749893,0.9827588041769288,True
0.022004531015976724,0.0,0.1635576646243552,0.9010037720301606,0.005332509778320332,0.9827826043423382,True
0.021980396807184763,1.1481500325916234e-09,0.163561791443865,0.9010152477630317,0.005194054435483187,0.9827961446331142,True
0.02196352484785265,1.0730724167284142e-09,0.1634900016031359,0.9010229281605308,0.005571515435352482,0.9827679300351712,True
0.02200079615562036,7.253824853478382e-10,0.16356256351208673,0.9010199212067314,0.005078836135716876,0.9828012036881573,True
0.021990004243561536,7.907372554071017e-10,0.163502661354925,0.9010200597914273,0.005465359286796178,0.9827713912596271,True
0.021971647766239,1.069219859925928e-09,0.1634930005149709,0.9010473330375052,0.005229798235602723,0.9827938343642104,True
0.02196217199525011,0.0,0.1634284562759461,0.9010471131910459,0.005643898909462465,0.9827613413290189,True
0.021924257010834024,0.0,0.16339541818074368,0.90107516818849,0.00560677737496508,0.9827728772788619,True
0.021887965918207138,4.6124270951963417e-10,0.16336561056159718,0.9010869079178465,0.005760704274580094,0.9827697136598879,True
0.021875366552755033,0.0,0.1634364908856196,0.9010786332071149,0.00550732333991819,0.9827968786499247,True
0.02184540751426704,7.371206375759811e-10,0.16338931472570764,0.901088020198989,0.005784851647822736,0.9827826782989635,True
0.021925349966674133,0.0,0.16344260698499982,0.9010843730099859,0.005165388227302534,0.9828056765024858,True
0.02187673570549328,1.2257651840522396e-09,0.1632647738971819,0.9011702079730195,0.00532569171295493,0.9828025961473756,True
0.021853736685052506,8.616260159331666e-10,0.1631742211567479,0.9011929712842409,0.0056552381534554635,0.9827800827242409,True
0.02180861850381553,1.1095829357942488e-09,0.16306161922779144,0.9012473341100026,0.005819842249398088,0.9827781448334812,True
0.021874296991929477,3.078028633978725e-09,0.16305028577722583,0.9011702681134756,0.006523496237664458,0.9826954140801171,True
0.021832017298903512,1.8376700203365434e-09,0.1629969699392195,0.901195579864116,0.0067131092548107524,0.9826940666713958,True
0.022402353017019056,0.0,0.1631392714430958,0.9010199558013365,0.005143337255651274,0.9825895915228844,True
0.022444513720929787,6.202311269221589e-10,0.16344060135763178,0.900845741323158,0.005423999015552088,0.9825660426222049,True
0.022520359927078296,0.0,0.1639144130671727,0.9006366958914358,0.005059781532507068,0.9825939024250221,True
0.02246927063758352,0.0,0.16354151637348058,0.9008273628799957,0.00495901132945772,0.9825981210667359,True
0.022407953041290563,3.828435026592891e-10,0.16310565048919887,0.9010306976984387,0.005052895981483698,0.9825835233258816,True
0.02238813607383958,0.0,0.1629831635461415,0.9010730545279879,0.005271382210752637,0.9825646363010587,True
0.02234177850376906,3.53291427453266e-10,0.16263657535681553,0.9012277587725837,0.00529762403601551,0.9825460468042828,True
0.022306391926795146,7.829803031341802e-10,0.16237979336304853,0.9013310372401471,0.005400759428412012,0.9825209347046517,True
0.022283448338734132,1.601970947795185e-09,0.1622240644324147,0.9013818884177821,0.005589970282515059,0.9824939222359604,True
0.022262156950043976,2.912689454207722e-10,0.16206613084911628,0.9014306159689509,0.005676092495117459,0.9824636816847779,True
0.022272574128887498,1.9775691609655743e-09,0.1621120136278545,0.9014261624752385,0.005396014609031644,0.9824821712667349,True
0.0222598649126066,0.0,0.16204692696173628,0.9014363160982383,0.005667860111350703,0.9824597795791064,True
0.022245636702167188,1.0630059071333812e-09,0.16194649612485282,0.9014552863368683,0.005751238133725055,0.9824285354623007,True
0.02223489749710393,0.0,0.16188812057844887,0.9014518150926036,0.005929013369572697,0.982395875381828,True
0.022228222075631573,2.2889727516492342e-09,0.1618668213237121,0.9014281740415375,0.006104060180508001,0.9823615869923663,True
0.02223712510071186,0.0,0.16194393484295377,0.9013710412201015,0.0060044782038153385,0.9823430086415783,True
0.02224275868218387,0.0,0.16202780125509014,0.9012979666467769,0.006040352022023195,0.982311867274322,True
0.02221710805873983,7.210082430690123e-10,0.16184704090139052,0.9013748798603,0.006487865218575812,0.9822984010320035,True
0.022213113042581695,0.0,0.16188504705916607,0.9013228986952119,0.006748774039305413,0.9822654222247948,True
0.022230778020309875,0.0,0.16204860768038687,0.9012436979610057,0.006521336398912102,0.9822680018011991,True
0.02223798267047367,1.6443972563461909e-09,0.16221395952732087,0.9011405206233267,0.006515683691899343,0.9822475020313844,True
0.022242638616575217,0.0,0.16238938100009498,0.9010287889362296,0.0065952577765889765,0.9822234794362771,True
0.022258526219091013,0.0,0.16243352780755493,0.9010409712143863,0.006171406411767525,0.9822577351181638,True
0.022255343024676945,0.0,0.16251901197440305,0.9010009359327372,0.0060135534073558145,0.9822604419199388,True
0.02223928201181972,2.0504318599094716e-09,0.1624889491091466,0.9009910724298168,0.006305997021254726,0.9822355490348219,True
0.022252497950832843,0.0,0.16257373565855288,0.9009744344217312,0.005948121055649919,0.9822613022510076,True
0.02222948424442547,0.0,0.16255531222718386,0.9009692361943137,0.006098898036349513,0.9822468923079056,True
0.022209880057945604,0.0,0.16252501128132632,0.9009627704910307,0.006373018099093767,0.9822252761316939,True
0.022211436674740997,2.2524179261955563e-10,0.16262241853983564,0.9009347325179188,0.006098751116516735,0.9822459420130785,True
0.022313231748312005,8.660977562811269e-10,0.16261737237011012,0.9009809406867731,0.005441112792663807,0.9822896277379259,True
0.02230121911439519,1.3080599282786574e-09,0.16256059568699996,0.9009865630139308,0.005745492478328019,0.9822668621654906,True
0.022251730015402805,1.1432675488516947e-10,0.16231873541497166,0.9011094238036743,0.005719011173953283,0.9822687916254869,True
0.02229339528657161,1.4336186126116134e-09,0.1625052338149321,0.9010466529764959,0.005320984544125485,0.9822992713175804,True
0.022297062386669547,0.0,0.1625168327518168,0.9010615300349234,0.005040598437784366,0.9823199464108318,True
0.02236020139420391,0.0,0.16290919677421042,0.9008308342469382,0.005584079593532015,0.9822854326340434,True
0.02233716278340241,7.348110143375134e-10,0.1627906428254329,0.9008703067452779,0.005827067682402875,0.9822656288928053,True
0.022319330382638843,2.1202470439672356e-09,0.16270392375546758,0.9008918338701747,0.006091929012525022,0.9822437978681555,True
0.022396495954500717,0.0,0.16303788852952977,0.9007767689934617,0.005613323293854902,0.9822957132582266,True
0.02271398518543039,0.0,0.16501865006994176,0.8998683154567751,0.00505449681595556,0.982377640491746,True
0.022708493041851605,1.557683599931618e-10,0.16495647487058826,0.8999115294843508,0.0048800221772769305,0.9823897670754134,True
0.022663121292241295,9.233172684408462e-11,0.16461670493167438,0.9000651807377144,0.00501106656618057,0.9823735332958833,True
0.022628386729441327,0.0,0.16435204387329974,0.9001782751042517,0.005157953892882812,0.9823542970409016,True
0.022586299506647194,0.0,0.16400049228213426,0.900328920328847,0.005257520294706131,0.9823291664699142,True
0.022553597524231358,1.3165287225199746e-09,0.16371117664294618,0.9004444683359712,0.005365682260964233,0.9823000579739731,True
0.022528904890250594,4.3848289771041735e-11,0.16344255903253813,0.9005485191580689,0.005356013593296765,0.9822697987181862,True
0.022512309319841762,0.0,0.16326359212159447,0.9006022478648811,0.005478151036197022,0.9822340439256783,True
0.022504747822069553,0.0,0.16316153691976604,0.9006177415617881,0.005634094282436269,0.9821985100216711,True
0.022506812741100026,0.0,0.1630775282867708,0.9006167988221314,0.005653697718281931,0.9821555629655168,True
0.022482948844741293,0.0,0.16302149541670524,0.900654482199119,0.006004728490485539,0.9821652299074717,True
0.022493661614027737,0.0,0.16302974154134567,0.9006016851365839,0.006126225200463879,0.9821165559072568,True
0.022519318813575117,1.1744260100940526e-09,0.16313000431816568,0.9005190831877177,0.006020463190605028,0.9820840865212265,True
0.022541633179811595,0.0,0.16323436605623293,0.9004150897887583,0.006112654428358645,0.9820322728168748,True
0.022553377808710418,0.0,0.16328855714169946,0.900343812557901,0.006300475327245924,0.9819880911287507,True
0.022586471692917227,0.0,0.16349391519743403,0.900187214125949,0.006392338846744366,0.981934171724666,True
0.02262782238717318,0.0,0.16375174210486437,0.9000185992925979,0.006318645766658366,0.9818944703450301,True
0.022666787623906743,0.0,0.1640049137559123,0.8998672407935814,0.006163873020000545,0.9818696976715375,True
0.02269710082659205,5.21775369847313e-10,0.1642375910707974,0.8997041031122133,0.006262070570270528,0.9818228991693874,True
0.022735879777320833,0.0,0.16452558149476745,0.8995371496106443,0.0061126681537280805,0.9817999403580281,True
0.022772113553227308,0.0,0.16483669160909176,0.8993452766025852,0.006095353343447942,0.9817636224071311,True
0.022806364346308616,2.9581324146618197e-10,0.1651658084757648,0.8991442330929347,0.006122373903623934,0.9817271376266303,True
0.022721634092782748,0.0,0.1644344318632934,0.8995154690991427,0.006748098419209796,0.9817326850307894,True
0.02275609394787859,3.6953245244684515e-11,0.16480846314994738,0.899308425374306,0.006669446210008081,0.9817126569862329,True
0.02277766563753903,4.777472751261138e-10,0.16497067876161212,0.8992482354240474,0.006321053208047234,0.9817335752826007,True
0.022793715995858433,0.0,0.16520022952432847,0.8991370235288949,0.00611768040953578,0.9817371382910591,True
0.02278918723671475,7.16206254205265e-10,0.16532673460770658,0.8990519337776951,0.006297191784498514,0.9817153017977546,True
0.022796313711145128,0.0,0.1655860807056024,0.8989224040133855,0.006197774264109677,0.9817154443661867,True
0.022789973862271683,0.0,0.16576278859285098,0.8988188949862467,0.006359258394169107,0.9817002892826722,True
0.02280396519367417,1.9308562959453579e-10,0.16592254273677062,0.8987659772967911,0.006010369397401421,0.981727248858262,True
0.022892669153426984,0.0,0.16545924409091803,0.8990358757776951,0.005275542343910346,0.981765497823154,True
0.02287705985582114,4.643787703410565e-10,0.16538110084637372,0.8990954905910371,0.005031588018535271,0.9817860414786027,True
0.02283166986779782,0.0,0.16515395435347496,0.8992001334496629,0.005173123540157529,0.9817771106264004,True
0.022819850666460827,4.4859122508692725e-10,0.16510272805501738,0.8992453408516933,0.004921562190383754,0.9817967053277933,True
0.02281221344865706,2.1099241488753297e-10,0.16506565568938758,0.8992380332731817,0.0052614899571172356,0.981770861328868,True
0.022786359558563965,0.0,0.1649665629942581,0.8993006974869279,0.005076976237234448,0.9817839789840569,True
0.02292932846290931,1.8204812133537002e-10,0.1655144717303559,0.899069502716174,0.004582030212856628,0.9818267387634001,True
0.022867697874917072,0.0,0.1651270589003689,0.8992572279859432,0.004645425536201373,0.9818207574361276,True
0.02281161319101009,0.0,0.16477921414925764,0.8994252972703174,0.004662774980560686,0.9818149043449462,True
0.02276989829313631,0.0,0.16453508436179817,0.8995327291107749,0.00477934303362803,0.9818002712916739,True
0.022751893724257306,5.583252345151016e-10,0.1644430950205636,0.8995571320802412,0.00504111855076273,0.9817786801488483,True
0.022719507196187753,2.3283617779256704e-10,0.16428050850341952,0.8996248307742358,0.00507011094901482,0.9817650852587818,True
0.022711486037450906,0.0,0.16423733178225183,0.8996228777239124,0.005428081114877168,0.9817415436150383,True
0.022695597616248817,1.5493251867520225e-10,0.16416971660956559,0.8996319883776531,0.005721733760957103,0.9817168468373685,True
0.022677432286568835,2.134258672422387e-10,0.16414339359883087,0.8996235830093349,0.005855901273022435,0.9816952800221761,True
0.02267268823749454,2.5935995358503563e-10,0.16420694454233448,0.8995894136012504,0.005738153106565411,0.9816928861317776,True
0.02265711115477159,4.6540366750678393e-10,0.16418002748350366,0.8995776236474421,0.00600998535760039,0.9816676378545977,True
0.022642621154381502,0.0,0.1642014128824528,0.8995435857165138,0.006235632247428554,0.9816442921577402,True
0.02262915734752962,0.0,0.16384937167131988,0.8996878144930281,0.006832413034324426,0.9816125003286881,True
0.02262662601488541,5.792398764837678e-10,0.16402399490501168,0.8996016714019709,0.006751476075206612,0.9816136694337166,True
0.022634036112048783,0.0,0.16417041630987184,0.8995480289711255,0.006478687342067135,0.9816332371260614,True
0.022625610334541208,9.145496488545944e-11,0.16430613753671564,0.8994927532651139,0.006328959011691281,0.9816458221249267,True
0.022618560516329607,0.0,0.1644470017478583,0.8994404168117986,0.0061358077115472726,0.9816639176857278,True
0.02259524108987399,1.0960930548366663e-09,0.16448717295517568,0.8994097688113742,0.006339273453714563,0.9816533563850551,True
0.022603096101669017,0.0,0.1645999197008626,0.8993829610336143,0.005990369317637964,0.9816829208840455,True
0.02259566766063661,1.3118226445497257e-10,0.16448362861751437,0.8993999192010336,0.00647011929405939,0.9816417336409731,True
0.022567886999742003,3.349984574334711e-10,0.16458501346675855,0.8993713973912175,0.0063744164528628374,0.9816639044595953,True
0.022629878200812133,0.0,0.164575816463326,0.8993979614769463,0.005805955257884222,0.9816858697086093,True
0.022671383506408866,1.299779244085625e-11,0.16472200896717848,0.8993489856390802,0.0053939154856520975,0.9817099901356672,True
0.022765995614761232,0.0,0.1651170280288976,0.8991670646308854,0.004971015116555707,0.9817255786453342,True
0.022695296546515177,4.830881321548789e-10,0.16473525014349105,0.8993698673411447,0.004939100510787985,0.9817374928959783,True
0.02297490036653131,0.0,0.16616437198118328,0.8985454235368796,0.005918397061868781,0.9816276095274712,True
0.022925887619737153,0.0,0.1659359453462262,0.898654876521484,0.006032117387990099,0.9816228491945971,True
0.02292970177405971,0.0,0.16596077795612865,0.898666153096951,0.0057322375465676265,0.9816465420750153,True
0.022994800088154403,0.0,0.16625393223214252,0.8984684793655695,0.006334050663159883,0.9815954454816408,True
0.022968893994752666,0.0,0.16614236624150225,0.8985056802011465,0.006583955458894325,0.9815768633218976,True
0.022930185921165844,9.524699339831944e-10,0.16602308443115935,0.8985694412756097,0.006547766636019094,0.9815809844436593,True
0.022904435083350553,0.0,0.16593999286406802,0.8985925343441628,0.006796991371357967,0.9815625307761968,True
0.022897313406275464,0.0,0.16597475527518096,0.8985954478481849,0.006548405250674029,0.9815828254857754,True
0.0228641177884954,2.4230737831640536e-10,0.16590843171331932,0.898621649178706,0.006673621013589163,0.981575865277673,True
0.022832043765373164,1.1633035429202276e-10,0.1658920897167988,0.8986301786797162,0.0067233290587310245,0.981576223654446,True
0.022807992030123726,0.0,0.16585030012423052,0.8986325467613644,0.006998592961732339,0.9815576968234796,True
0.02280819617092887,2.908473240838917e-10,0.1659403887183055,0.8986135667624018,0.006705741062596634,0.9815837614124019,True
0.022787707786737003,0.0,0.16598866812723523,0.8986118673470223,0.0065198608721669955,0.9816062014106399,True
0.02275265831775532,2.4878472646758653e-10,0.16598792159363202,0.8986155401544438,0.006611558449416965,0.9816095012000445,True
0.022720233773938656,0.0,0.1659911125367822,0.8986102972608914,0.006791848706843608,0.9816058535292824,True
0.022704258623967334,4.977645266985699e-10,0.16609925932828187,0.898585476940032,0.006574628929992805,0.9816351071019375,True
0.02267710091547218,0.0,0.1660649077136873,0.8985870220009525,0.006874714127973861,0.9816194758577962,True
0.022827001320302284,6.804126663187569e-10,0.16592034242760467,0.8986479204935376,0.00611130584050012,0.9816080923877526,True
0.022922093523085763,0.0,0.16632415612851537,0.8983755698812865,0.00668435288421557,0.9815376479455442,True
0.022860443565804727,3.7608264936218975e-10,0.16608616166287865,0.898509786575246,0.006671185524632861,0.981552867782768,True
0.022812842967229453,0.0,0.16593763580061605,0.898604903748819,0.006565608348831157,0.9815737216491269,True
0.022805109793184723,8.682790454625584e-10,0.16588211489882737,0.8986011241878931,0.00694755706967528,0.9815421825055858,True
0.02276923965051114,0.0,0.16578209105036265,0.8986400646367275,0.0071914427555014905,0.9815311101619089,True
0.0227314461628898,3.962243214211836e-11,0.16570362371414663,0.8986714848469791,0.007420067071943067,0.9815232967436749,True
0.02270905493040424,0.0,0.16573673070424222,0.8986825595239273,0.007221304256901677,0.9815509248760483,True
0.02267518075936778,0.0,0.16574906438985523,0.8987035338521743,0.007082530018340668,0.9815780660471018,True
0.022649773084987272,2.794554632725452e-10,0.16579128121618833,0.8987137097107848,0.006877625090542691,0.9816093505983344,True
0.022650621242986023,1.053592324955664e-09,0.16569149271924194,0.8987156858210964,0.0073686185980429775,0.9815614332343097,True
0.02261928684604846,0.0,0.16564228119104676,0.8987275267633591,0.007666577711767634,0.9815486673588825,True
0.022578974863838745,1.5541773418695304e-10,0.1657154115321988,0.8987235951415159,0.007584957865206814,0.981581301063033,True
0.022532967083646032,0.0,0.1657923807943747,0.898715167594404,0.0075872876922677395,0.9816113579915913,True
0.022486030562766417,4.263072687594189e-11,0.16584110272996,0.8987064769703771,0.007755471690517251,0.9816270283779878,True
0.02243863972995757,0.0,0.16595495586838765,0.8986904415532476,0.0077070911465818735,0.9816679194874415,True
0.02240717343229535,0.0,0.16609885923048426,0.8986655559140487,0.007518518399327037,0.9817149855292908,True
0.022398833085269163,8.871774824101875e-10,0.16621612140753755,0.8986511072639072,0.007183590538283415,0.9817591688548534,True
0.022337082982155712,1.6666767902583598e-09,0.16624362764960784,0.8986848093436559,0.00713883169886968,0.9818066248351366,True
0.022326248053274135,0.0,0.16633783802841995,0.8986828849948074,0.006801717160668817,0.9818518040090174,True
0.02245180822825264,0.0,0.16620565855772582,0.8985742911154777,0.007660991867525643,0.9816771203943406,True
0.022388479933118845,0.0,0.16617846531800576,0.8986149546425773,0.007827346116742158,0.9817041873015803,True
0.02236116315268563,2.930038833674104e-10,0.16625214245705303,0.8986275570312647,0.007543834560899793,0.9817536285527951,True
0.02259127421405125,0.0,0.16645707567524323,0.8984450922662428,0.006798181468522596,0.9816736301038644,True
0.022529667807499532,0.0,0.1662245684835483,0.8986018403070459,0.00661349400159488,0.9817141245488201,True
0.02244953426531265,8.511577367018193e-10,0.1659322044271186,0.8987838303025911,0.006557450687659963,0.9817499333673081,True
0.022417773585344386,2.590779284054046e-10,0.1658086205099143,0.8988302070619935,0.006858089107878734,0.9817345175760286,True
0.02236976360997782,0.0,0.1656962185678066,0.8989263001921782,0.0066606211892752815,0.9817744094760815,True
0.022680303931019094,1.7354865411680674e-10,0.16636430958768916,0.898345090710761,0.007793396284446817,0.9815272456781542,True
0.022619783672289992,3.2792028886048353e-10,0.16625864022984096,0.8984370776749794,0.007692362827700196,0.9815663981178201,True
0.022555635433319083,0.0,0.16616664591162766,0.8985178670745708,0.007679191737397759,0.9816011900303847,True
0.02252194689109769,0.0,0.16608111484437688,0.8985470081963335,0.00800329917356411,0.9815875656185219,True
0.022461562341123953,0.0,0.16603170891448904,0.8985953413455888,0.008134750717386107,0.9816111958028333,True
0.022426982327589575,0.0,0.16596136591706176,0.8986172831459672,0.00847905895693954,0.9815979661044981,True
0.022364397572813333,1.6340460189756307e-09,0.16598385071522428,0.8986500967377459,0.00848024460055478,0.981642023729404,True
0.022301710178171823,0.0,0.1660321680308963,0.8986720349150268,0.008486818817317504,0.9816881189304749,True
0.022263694232385754,0.0,0.16597829971344857,0.8986883698404987,0.008854625554085517,0.9816775196972229,True
0.022432641499177945,7.638640231395512e-11,0.16600241160532336,0.8986338154488259,0.007998460054659899,0.9816350213278741,True
0.022351553856627068,0.0,0.16576805789133323,0.8987902397944454,0.007986571994835132,0.981674268740112,True
0.022296618747967012,0.0,0.16565168353738235,0.8988922423909258,0.007821691848071194,0.9817180841596169,True
0.02227019437033444,4.706280841662131e-10,0.16555292681630512,0.8989206287281626,0.008172526493480329,0.9816970926069433,True
0.022196821544913616,0.0,0.16542248696038184,0.89902531788859,0.008183098211949399,0.9817365613687808,True
0.022123017678147422,0.0,0.1653195133143054,0.8991164595410669,0.008226164426782246,0.9817762161982195,True
0.022058706070748092,2.073999193110502e-10,0.16523022295350434,0.8991810844756104,0.008424073888936097,0.9817961961597624,True
0.022386899144091355,0.0,0.16557098597427283,0.8989016778513932,0.0073555862007305215,0.9816871708385296,True
0.02243888144316831,1.2737272855255818e-09,0.16581038091127012,0.8987292872438658,0.007765940270438506,0.9816344789732281,True
0.02238652425964037,0.0,0.165578457621471,0.898841134795798,0.00799332014205509,0.9816303636065334,True
0.022317404097292656,0.0,0.1653121041593679,0.8990009724129647,0.007950507478091584,0.9816570244926487,True
0.022281384311530497,0.0,0.16520110772112,0.8990867001601532,0.007757190447036549,0.9816872540207132,True
0.022220043609153646,0.0,0.16498617221352205,0.8992032981828879,0.007887471544055941,0.9816963842896489,True
0.022157784543575823,8.517616920837038e-10,0.16480980698464376,0.8993117889109021,0.00791830840287012,0.9817166932549857,True
0.02220336248924804,0.0,0.16496040221877697,0.8992594935674425,0.007474558656398737,0.981739694676831,True
0.02271920532916194,3.9230420780217824e-10,0.16690740348353947,0.8982083127302403,0.006627594369494954,0.9816620148643141,True
0.02265115321510809,0.0,0.16644055434406027,0.8984532875344334,0.006549104319214102,0.9816735647064636,True
0.022589748946657683,1.9457334610253585e-10,0.16603092979016293,0.8986499691910002,0.006674063178256025,0.981665434280655,True
0.02258748516240035,0.0,0.16599838688027424,0.8986823215818385,0.006461756589050211,0.9816815150219755,True
0.022573059202016053,0.0,0.16591601169977294,0.8987061897105774,0.006679789026205434,0.9816641955604638,True
0.02254290779935282,7.93247977206269e-10,0.16568849998000643,0.8988241098227191,0.006543298908217421,0.9816683606059703,True
0.022742255251693853,0.0,0.16709194446607245,0.8982089198373889,0.006070357461225255,0.9817548920704251,True
0.022686618842521194,0.0,0.16666306821440666,0.8984078617086022,0.006174260182730264,0.9817393958158055,True
0.022630412908928792,0.0,0.16619643949545385,0.898626516018115,0.006168442729370672,0.981724735765842,True
0.02262634687076164,0.0,0.16619482373700104,0.898613140189468,0.006378702343669436,0.9817105520579685,True
0.022619590939732356,1.1186243624831216e-10,0.16617233176778984,0.8986092981556999,0.006595395717772699,0.9816954641514573,True
0.022594378928921244,4.732174708941341e-10,0.16591351994298872,0.8987063665114184,0.006640342109742514,0.9816631269561302,True
0.022584674840789038,1.408242416574253e-10,0.16586501781885188,0.8987126778694148,0.006869371275377615,0.981645186919665,True
0.02257882234221431,2.330531886312527e-10,0.16573846049400726,0.8987373676737274,0.006891917244020011,0.9816065981537843,True
0.022575664129250734,0.0,0.16566624146150816,0.8987333291605811,0.007029665432995828,0.9815664498913352,True
0.02257667401120624,0.0,0.16563436571749038,0.8987083580575235,0.007188157655365476,0.9815255409162686,True
0.022592552644844388,0.0,0.16568170353699993,0.8986372025017499,0.007238936124160584,0.9814780542702499,True
0.02261146979308116,7.620864816434835e-10,0.1657717559454895,0.8985887510214583,0.007034003812230986,0.9814746297562895,True
0.022613569777187342,7.064466638851787e-10,0.16577270821433251,0.8985501685372866,0.007215391616232169,0.9814365233508996,True
0.022637153255143917,0.0,0.1658970165298003,0.8984489601280159,0.007179322056377341,0.9813974683929161,True
0.022644116809972734,0.0,0.16594967383445175,0.8983830129652131,0.007376647750066554,0.9813578498824389,True
0.022675226393441755,1.7128708098426726e-11,0.16616121917429097,0.898235675899096,0.007365523560896454,0.9813162855033702,True
0.0227085478821157,0.0,0.1664105828244107,0.8980688460837093,0.007373012613413819,0.9812741374959146,True
0.02271737636886785,7.317897394842102e-10,0.1665131884641556,0.8979783178035459,0.007608090822789177,0.9812349127674134,True
0.022742662966093594,3.349978775534626e-11,0.16676330778947915,0.8978103570012085,0.007740113617446343,0.9811920109294479,True
0.022758130920461445,3.393175240386121e-10,0.16683381825695032,0.8978032215109965,0.007383444673936509,0.9812201309787891,True
0.022698875682360748,5.979325865065565e-10,0.16626203756943725,0.8981048090232894,0.008010946124302462,0.9812358284059406,True
0.022711647836404003,3.435854695474742e-11,0.16646275796634882,0.8979774041624945,0.008054665453012689,0.9812087831800275,True
0.02271919133193183,6.794544085820297e-11,0.16665157789842555,0.8978548240893305,0.008174542111696069,0.9811806131064886,True
0.022732491490046042,5.238795519627783e-11,0.1669135209964023,0.897703090490801,0.008213213795652843,0.9811598510413901,True
0.022749002237432894,0.0,0.16720853588216503,0.8975410978923797,0.008190362890415536,0.9811453658334622,True
0.02276508845406737,9.00252490314062e-12,0.1673906670908498,0.8974692599295129,0.007903802604547575,0.9811645934839404,True
0.0227624898840685,0.0,0.16758988135505967,0.8973621671811818,0.007921644557239791,0.9811571078587116,True
0.022798056684057877,7.569599817500881e-12,0.1672575634559229,0.8975863568839221,0.007235742134470123,0.9812151386194532,True
0.022767433680500642,0.0,0.16715390816232162,0.8976498203223748,0.007110673481284135,0.9812267744035357,True
0.02276519697076426,3.18345110105579e-10,0.1671159474108219,0.8976381576552379,0.007493515752677919,0.981196131678994,True
0.022748753983601416,3.3901168832214285e-10,0.16704401123145435,0.897649796399886,0.007807539352092917,0.9811718023546249,True
0.022746892264515275,2.2108555756093836e-11,0.16709048986419378,0.8976482597201958,0.007546082377749317,0.9811935046744013,True
0.02272297923012589,0.0,0.16701439059720496,0.897668018965278,0.007799885567311259,0.9811752142638805,True
0.02275226427732791,0.0,0.16710446453399241,0.8976523580934767,0.007398659877773488,0.9812045903604729,True
0.02272955177942159,0.0,0.16703922275631547,0.8977044507127329,0.007198319526980817,0.9812240620908906,True
0.02269559312903334,0.0,0.16691648945662527,0.8977561236561414,0.007363880358657353,0.9812143683844541,True
0.022708458919168062,5.921169869034938e-10,0.166983112943042,0.8977486110100427,0.007035434016462005,0.9812401680736806,True
0.022672507654605743,0.0,0.1668600474545163,0.8978258307384087,0.006896334855654187,0.9812558544656669,True
0.022641052789240522,0.0,0.1667516844856786,0.8978694094894154,0.00706955794359374,0.9812452517322547,True
0.022633291469678667,5.219346741812392e-10,0.16668812977258585,0.89787022527613,0.007451102765691782,0.9812142906843577,True
0.022615169846692918,0.0,0.16661863972574378,0.8978816360331942,0.007762396353584943,0.9811909558960661,True
0.02258402067758774,1.2866566581273181e-10,0.16659335017338228,0.8978897568805447,0.007902197594537265,0.9811864320959015,True
0.02256006953832538,0.0,0.1666602726503342,0.8978730812731143,0.007805431094575961,0.9812032175982813,True
0.022642046567490956,9.680512614109985e-11,0.16664709118940968,0.8979017878730675,0.0072183956603129,0.9812253335645775,True
0.022595673224153758,0.0,0.16645149300712705,0.8979964378919649,0.007355587901567771,0.9812221843955284,True
0.02262325769305879,0.0,0.16651611864077118,0.8979180068151535,0.00782866080927296,0.9811760661355391,True
0.022992032842841015,6.724011917731324e-13,0.16757820764357198,0.897379783585723,0.0069966877881915135,0.9811688874081813,True
0.022942586524911893,0.0,0.16725380857376454,0.8975317903695688,0.007157094052148635,0.981158694656451,True
0.0228937500005957,9.801932561041926e-11,0.16693293117350905,0.89768006746676,0.007312692256813903,0.9811465331515339,True
0.02288405903386758,0.0,0.1668854646143497,0.8976853442826975,0.007550104321697095,0.9811280765898723,True
0.022835993039541373,3.565326222558756e-11,0.16656993475667586,0.8978279573135325,0.00765514862935268,0.9811129247275236,True
0.022798646780207155,8.10361768686668e-11,0.16633422310132018,0.897926397599831,0.007794531752091393,0.9810935092315272,True
0.022770903735885566,0.0,0.1661584634176396,0.8980052830291474,0.0077472377520235525,0.9810845147379672,True
0.022743318438620194,3.9415199675405275e-10,0.16600172952232817,0.8980630260512229,0.00782404695604079,0.981063891206539,True
0.022721860446989827,9.816886706051187e-11,0.16589864601004567,0.8980904713811887,0.007944998370924461,0.9810397944843805,True
0.022705274394679193,6.384294595742086e-11,0.16583655403785202,0.8980951381271476,0.008126288586273407,0.9810134152099166,True
0.022692661764366885,0.0,0.1658220749501616,0.8980760478903895,0.0082619381716642,0.9809870853654703,True
0.022687484027065868,3.324594299119688e-10,0.16587879555075058,0.8980271772321914,0.008293619902882568,0.9809665753400261,True
0.022682017699760734,3.7751121770366e-11,0.1659545115610533,0.8979643392866633,0.008407899268710287,0.980941595104941,True
0.022699763128855202,0.0,0.1659720948621625,0.8979974964773316,0.007970391725116589,0.9809835439084129,True
0.022680450444496004,2.913247283504971e-10,0.16590265230655665,0.8980097185664672,0.008203934952903176,0.9809610450110702,True
0.02266587370194277,0.0,0.16591421131550704,0.8979970444429243,0.008170068590486997,0.9809541501006778,True
0.022657434809384615,7.763448444613464e-12,0.16579265907677446,0.8980315763887718,0.008592454037571565,0.9809279059349225,True
0.022647594462174847,0.0,0.16587304857586072,0.8979778877509333,0.008637611474625868,0.9809144120388638,True
0.022649620206857776,0.0,0.16597642946843574,0.897942746583507,0.008416848453466592,0.980930961317725,True
0.02267824012215924,0.0,0.16602519533193164,0.8979540280099776,0.007977760812008941,0.9809666256759434,True
0.022644870094790027,0.0,0.16591098782243255,0.8980012962997832,0.008107986555841613,0.9809567902109995,True
0.022648712899758956,2.162081044537827e-10,0.16595500691525167,0.8980010996994068,0.007826770073739817,0.9809786033732406,True
0.02264025986659342,2.6988901380151863e-10,0.16590095577682262,0.8980012765082035,0.008171618029551929,0.9809517546665039,True
0.022608193299419495,1.4148223810294069e-11,0.1658274221768332,0.8980328871238037,0.008251911722162691,0.9809465982263685,True
0.022588167102379344,0.0,0.16576388211091503,0.8980439090186751,0.008527362288423473,0.9809258500741327,True
0.022565480686547835,1.5875818921753709e-10,0.1657965011908598,0.8980343188601301,0.00847131194775719,0.9809325696143182,True
0.022543919075649285,0.0,0.1657674581805988,0.8980307039220147,0.008732177670764752,0.9809144330123141,True
0.022519374109024114,0.0,0.16584577751253066,0.8979939243998831,0.008790137864281336,0.9809168131561484,True
0.02249821148311132,9.517975816172445e-11,0.16597142651406818,0.8979427781861699,0.00876421853483064,0.9809284915383837,True
0.022471778745013736,2.3916624918791513e-10,0.16607492519359887,0.8978929435743642,0.00889287003402663,0.9809304064103299,True
0.022456616560846757,0.0,0.1659738741321602,0.8979107392067961,0.009298645136269362,0.9808976762728762,True
0.022428548704304403,2.424678500059772e-11,0.16613541924370873,0.8978420833986847,0.009386984971499757,0.9809097930447859,True
0.022398407879958785,0.0,0.16632771466264992,0.8977689878875804,0.00942247459691375,0.9809328452189053,True
0.022387551361876444,3.09282240209938e-11,0.1664999806026642,0.8977191626495402,0.009199170016966298,0.9809691529818005,True
0.022429179512997804,8.0574211177687e-11,0.16653026757243478,0.8977263627832348,0.00869144868645343,0.9809914966500264,True
0.02237586993282013,0.0,0.1664697682420509,0.8977818289070444,0.008708208088489766,0.9810167130280698,True
0.022324493170644014,3.548566605696298e-12,0.16642032675645513,0.8978197915912296,0.008877752388979875,0.9810299549730057,True
0.02232472996851721,2.0054363904897382e-10,0.16632125385208218,0.8978228072135654,0.009329372828116184,0.9809834343401502,True
0.022270477427953128,6.021412664037336e-10,0.16633656158303012,0.8978426510655947,0.00941421335282182,0.981010932459251,True
0.022218096423488477,0.0,0.16639269160700054,0.8978533598880788,0.009413727221292507,0.981049705691579,True
0.02224323305585664,0.0,0.16647913692146513,0.8978393429562609,0.008972785598967522,0.9810789114169934,True
0.022200352122991956,0.0,0.16639246920992484,0.897881199019289,0.009244707621320234,0.9810774336242514,True
0.02214140110695602,0.0,0.16636833361871173,0.8979366246543883,0.009195965468856019,0.9811207914637441,True
0.022078225674980967,1.5095568254814337e-14,0.166363303072661,0.8979864540645149,0.009166519872332439,0.9811681056008605,True
0.022077625786585932,1.8437341244339924e-10,0.16626456084793112,0.8979877475339122,0.009622964772086014,0.9811200281422512,True
0.022011123918395496,1.2563786591579099e-10,0.166280529970007,0.8980211229185128,0.009711667506029349,0.9811613880291541,True
0.021982968135667635,3.4090786608003604e-10,0.16636066596196403,0.8980313371892084,0.009464794119576979,0.9812116705110983,True
0.02202523119296881,1.11523910155618e-10,0.16646411768644542,0.8979999620674297,0.00898685015007388,0.9812320210221763,True
0.02197688737777016,5.019071918489386e-11,0.16634256023320707,0.8980639751660485,0.009242868020904361,0.9812352553328428,True
0.021948507377864534,1.9118557941087617e-10,0.16634858036553926,0.8981079405771343,0.008973173963604208,0.9812822309510896,True
0.021906518251720294,6.724103165025798e-10,0.16622862619494483,0.8981621559289874,0.009271410430869109,0.9812764696988702,True
0.021848830850681733,1.4002406657502457e-09,0.16618200743633327,0.8982376577813544,0.009128715452553041,0.9813286628997617,True
0.021790709701221173,8.605674181042719e-11,0.16608230398145574,0.8983037837198512,0.009352732975009258,0.9813449357966357,True
0.022034152064134546,0.0,0.16637941920331073,0.8980628901847301,0.008595466925616422,0.9812525997863855,True
0.02196145597769538,2.2306611011024198e-10,0.16607517425925913,0.898253437924959,0.008486745150376996,0.9812910252776548,True
0.021900145680773732,0.0,0.1658302579592852,0.898384018993436,0.008666829400917054,0.9812991479730786,True
0.021831145707136505,9.36918561870781e-10,0.16558210701217813,0.8985286409799192,0.008751895531303545,0.9813196954229269,True
0.021761215941328932,4.7326895815509873e-11,0.1653906561489273,0.8986588353076247,0.008735313294193144,0.9813541634294153,True
0.02169302770218074,0.0,0.16522070623958934,0.8987763962598023,0.008747474354539703,0.981386749379597,True
0.021671850290557956,0.0,0.16522743698056425,0.898810172040427,0.008503414468767288,0.9814238905307091,True
0.021607170340902326,0.0,0.16509617290937328,0.8989112148432012,0.008488133547521448,0.9814593012978878,True
0.022204402435106536,2.3208059523670857e-10,0.16615264582230843,0.8981585090451155,0.007406862056252261,0.9812348321883503,True
0.022151853243469098,0.0,0.16582461882527247,0.8983165777306102,0.0075774036149103795,0.9812288871432465,True
0.02216152402558519,2.465572155838913e-10,0.16587381508117777,0.8983105895740592,0.007339753850180285,0.9812474973612053,True
0.022087829975554207,0.0,0.16538696326137672,0.8985588814030713,0.007352640823441932,0.9812523630337596,True
0.022049628889242025,2.520285682879594e-10,0.16513057107236329,0.8986984903590853,0.007224995509678403,0.9812637761472955,True
0.02199481362323672,0.0,0.16477634860268922,0.8988696741903249,0.007290526304202264,0.9812578484916695,True
0.02194957416750111,0.0,0.16448756299840822,0.89901352450365,0.007247678006908601,0.9812573060028541,True
0.021923656314032838,4.4385319740309553e-10,0.16433847475368432,0.8990704150742699,0.0074387872566511635,0.9812396528949652,True
0.021894154552818273,0.0,0.16417748103160157,0.8991337689091844,0.007581554090069437,0.9812225094249851,True
0.021882324453931633,5.815311772649624e-10,0.16411726156659434,0.8991422801238818,0.007860889216482331,0.9812009114887101,True
0.021863733017008384,1.344732526417114e-10,0.16403125215217046,0.8991633857797994,0.00804046669887459,0.9811790119903578,True
0.02184451685780788,0.0,0.1639880126942238,0.8991668502430956,0.00814779710722564,0.9811608565902075,True
0.021828991790801708,2.39463789082785e-10,0.16398099459050683,0.899150516362733,0.00827611612451277,0.9811410138974502,True
0.021813597039900597,1.5347824364549243e-10,0.1639660969936045,0.8991353037067163,0.00850701677486206,0.9811183523569968,True
0.021804065866682053,2.7657684989749833e-11,0.16405529033403396,0.8990772253583125,0.008560435954892478,0.9811048705529871,True
0.021800028741870953,2.5342830696463366e-11,0.1641926208300063,0.8990000792987415,0.008557210522998697,0.9810963897390874,True
0.02179525555104401,3.0834747977717882e-12,0.16436063164893402,0.898910733462804,0.008559952648201773,0.9810910492903545,True
0.02179222138568699,0.0,0.16455165645010697,0.8988108396511344,0.008559728884734847,0.9810866678761879,True
0.021784836064618413,7.176290114754434e-10,0.1647624277050604,0.8987087000280618,0.008554197083551839,0.9810899145982209,True
0.021781650676292525,3.361312923138602e-10,0.16499423947190645,0.8986012702902024,0.0084914074901457,0.981098390362287,True
0.021778695829665653,0.0,0.1652131703243573,0.8985112526269758,0.008341338694781437,0.9811178377891545,True
0.021799229690572963,2.612078854255386e-10,0.16527046278129115,0.8985103079072978,0.007929873617171103,0.9811455395591512,True
0.02176757070702727,0.0,0.16525654600842948,0.8985143602519728,0.00812777714125893,0.9811426332561876,True
0.02173393428737795,0.0,0.1653169140458341,0.89849833306296,0.00818270846532517,0.9811567900858771,True
0.02170306525574597,0.0,0.1654167646312519,0.8984719932450416,0.008128109059164876,0.9811803755606675,True
0.021702310552402574,0.0,0.1652595498298771,0.898500856075612,0.008606512204056947,0.9811306309905505,True
0.021664589682859493,1.769419026022777e-09,0.1653644627366307,0.8984667130910208,0.00869880451667885,0.9811489462287551,True
0.021643048779296056,2.1751130271070376e-09,0.1653150755397104,0.898468570580595,0.009063063793983715,0.9811261105255632,True
0.02170409163321819,1.2412979903045365e-09,0.1652977504844895,0.898492156368357,0.008474438698466761,0.9811410328518997,True
0.02170680254362161,0.0,0.16535074276534137,0.8984965668811501,0.008147286894010395,0.9811719382638208,True
0.021711030285059846,0.0,0.16531948846726593,0.8984694562010914,0.00854663336340402,0.9811292004347244,True
0.022052719742210847,6.026134912672184e-11,0.16605874873707907,0.8980046762759735,0.007765561374153506,0.9810340507047743,True
0.021976180660699403,5.029952712578954e-11,0.16560117806741895,0.8982539703996304,0.007713231643194813,0.9810545594836394,True
0.021913499978704877,5.92796588692313e-11,0.1652379760031095,0.8984547691985393,0.007628119207150844,0.9810737572593737,True
0.022030802006960944,2.1153370921304433e-10,0.16588011243862594,0.8981483017657625,0.0072248335730814425,0.9810883581966092,True
0.021959158023429636,0.0,0.16540789668002603,0.8983923985479951,0.007212035965267268,0.9810963468880082,True
0.021899619265237206,0.0,0.1650209679415817,0.8985924044082655,0.007168871428809566,0.9811028883790563,True
0.022015832251666305,0.0,0.16573135431252004,0.8982683782852526,0.0067757731477863055,0.9811340554415127,True
0.022099525007951863,1.4791602556315748e-10,0.16636705211117236,0.8979252001694531,0.007120518875899511,0.9811087263729553,True
0.022262893368133713,0.0,0.16752517590682509,0.8973951957799409,0.006719242284813976,0.9811577837333534,True
0.022318088425800596,0.0,0.16793088655036165,0.8972136594852796,0.006491187764167928,0.9811791027604605,True
0.022250251128770705,0.0,0.16737262636441946,0.8974821172903561,0.00651714632040565,0.9811684304725659,True
0.022212584971221055,0.0,0.16703325186431323,0.8976474440768437,0.006436358599412201,0.9811640700090003,True
0.02216705023742943,0.0,0.16661234700827213,0.8978399793646754,0.006422580473535079,0.9811461528688115,True
0.02214597652475711,0.0,0.1664320547600736,0.8979099314331784,0.00655256868844281,0.9811259588132153,True
0.022172193403229748,3.2042069376208e-11,0.1668284214056518,0.8977365312903528,0.006873006255257051,0.9811507420252208,True
0.022169588840554377,3.0357909511562315e-10,0.16673034461477182,0.8977745860640794,0.006744333379977051,0.9811397586750444,True
0.022161359440441848,0.0,0.16669204177753133,0.8977785758174847,0.006949770602881006,0.9811245967062503,True
0.0221625566743175,0.0,0.16658263723667874,0.8977966885965578,0.0069080839723244785,0.9810880072148972,True
0.022150982470519626,4.6724075361133324e-11,0.1665420400549901,0.8978061495073352,0.007151540219752646,0.9810771695815543,True
0.022169031349366288,0.0,0.16655743968755407,0.8977563535921741,0.007100414069618159,0.9810350734359511,True
0.02217613166553787,3.109511707871333e-11,0.16656020816699235,0.8977152766168653,0.007247734318811432,0.9809953807314566,True
0.022147934084177825,0.0,0.16643455287342873,0.8977797048765658,0.007561422237543419,0.9809969813132802,True
0.022183792920656795,1.3092741522467233e-11,0.16660351853918132,0.8976420778088112,0.007562904657425025,0.9809438370914947,True
0.02222272890999344,0.0,0.16681064505373147,0.8975034092639808,0.007443408967624979,0.9809087317908465,True
0.022232497211635043,7.090630710634866e-12,0.16687117825038722,0.897434698419197,0.007640498933703618,0.9808702875514812,True
0.022262479307332477,0.0,0.1670569916624323,0.8972908213587231,0.007765777055718061,0.9808193171899392,True
0.0223095508061192,0.0,0.16737029948465654,0.897082163328702,0.007780538236773326,0.9807673130710304,True
0.02234485345439525,0.0,0.16763410618332017,0.8968986699141958,0.007908693570939124,0.9807157230058559,True
0.022392765716510655,0.0,0.16800685987592062,0.8966626513074628,0.007949747266538023,0.9806660812454231,True
0.022442640550480078,0.0,0.1684151202271208,0.8964193704163405,0.007904002987175097,0.9806269305299009,True
0.02248800067007605,0.0,0.16882435348850047,0.8961699957165971,0.00796314525911204,0.9805821724608473,True
0.0225344162880367,3.4546276851711135e-10,0.16926425125479183,0.8959106969921596,0.007986608469350202,0.9805428229650184,True
0.022573302537109444,1.9684137253042802e-10,0.1697139227372583,0.8956533037315252,0.008035362460905466,0.9805102652969957,True
0.022567365253025013,0.0,0.16972438182828342,0.8956165327987355,0.008368450330864353,0.9804787237128773,True
0.022601963863638937,1.977711896194499e-10,0.17017082204362644,0.895380103530409,0.008301229676108083,0.9804655147499934,True
0.022621599419398366,0.0,0.17056243129076637,0.8951624721938856,0.008433015233458543,0.9804436878392687,True
0.02261042739386027,0.0,0.17056855922813002,0.8951288416087998,0.00878307691874105,0.9804131212228648,True
0.022613587621414726,1.541450927707155e-10,0.17087461556618205,0.8949605216186356,0.00899818479911823,0.9803978295558717,True
0.022623728044125956,3.58951127437092e-10,0.17130416148508126,0.8947514409614867,0.00899178381465029,0.9804035220629784,True
0.022616047035211938,0.0,0.17158952522367482,0.894602791890295,0.009225584129737095,0.9803975545021324,True
0.022616251572482544,8.212560726900672e-11,0.17195228997273096,0.8944486126355097,0.00911103303933414,0.9804247577040008,True
0.022648132145710966,0.0,0.17182933350656499,0.8945377302643663,0.008551450436478222,0.9804523970176489,True
0.02263644942888788,2.9271784575270723e-10,0.1717480593877747,0.8945444911289951,0.008927961947355881,0.9804185211156003,True
0.022602032217679036,0.0,0.17174832476752674,0.8945416647992737,0.009169600625160647,0.980415827183037,True
0.022565587250474025,2.741751026307049e-11,0.1718615965956481,0.8945217181052708,0.009111509339688129,0.9804525164305123,True
0.02252029960617512,2.0669279319632314e-10,0.17194409805503616,0.8945040073392023,0.009230882904490085,0.9804760565734132,True
0.022560995383050602,1.7067192380579277e-10,0.17198988175895594,0.8945030765185542,0.008742666529367792,0.9804980175687041,True
0.022504927127348,8.110247867669039e-10,0.1719344644092622,0.8945697692790572,0.00868837231666095,0.9805370022947131,True
0.022899761793145585,0.0,0.17235009924064668,0.8942108846715394,0.007752768415244558,0.9803859342918627,True
0.022837069162591248,3.797527874418344e-11,0.17197518627347522,0.8943973588316433,0.007886499450569804,0.9803849520063562,True
0.023048586136068586,0.0,0.17318221582806714,0.8938021396519483,0.007391286151285057,0.9803932475659819,True
0.02300579639056318,0.0,0.17287780586126575,0.8939699804914288,0.0072631094563234445,0.9804088834220617,True
0.022982069765763488,8.213136155598236e-12,0.17269342533146972,0.8940754765497749,0.007095129474123533,0.9804221892237229,True
0.02311623377219536,0.0,0.17369697342947263,0.8935427995089599,0.007515290921312161,0.9803912862236962,True
0.02334490630823941,3.311138583673198e-11,0.17543897382241708,0.89266117477664,0.008105461455447707,0.98038066172096,True
0.02330117636760598,0.0,0.17511408731745604,0.8928155228344223,0.008062054606998841,0.9803725664931504,True
0.023270397269612976,0.0,0.17489692310666816,0.89290362205961,0.008160031430680894,0.9803520836129441,True
0.023241881009604653,1.8778782693440121e-10,0.17470387140484117,0.8929823649416929,0.008178499969636252,0.9803343008319013,True
0.02322169895914888,3.710690943856197e-10,0.17457368150493985,0.8930286858560005,0.008170818999625134,0.9803155269795395,True
0.02320691262131295,5.1041772912817323e-11,0.17449729686446072,0.8930405753491897,0.008266468694253477,0.9802892238324618,True
0.023197716650672096,0.0,0.17447842748423095,0.8930258285498031,0.008308593150480765,0.9802650422919186,True
0.023204546103757252,0.0,0.17454370482415094,0.8929996092808451,0.008107643102195949,0.9802714616929206,True
0.02322462940556243,2.4768041216462794e-10,0.17461661214215843,0.8930053627489343,0.007750607059762886,0.9803136690676939,True
0.02319882267562499,0.0,0.17445588200846315,0.8930736800930809,0.007714457910620295,0.9803016210973124,True
0.023298252951260815,8.604717719413406e-10,0.174963068090668,0.8929247451264641,0.007213782219731565,0.9804062800322699,True
0.023290636283495317,0.0,0.17488467400537477,0.8929762116158264,0.007038150704016519,0.9804185486185137,True
0.02329168843283726,2.997546086353677e-10,0.17491919547231163,0.8929429831749287,0.0072563035499739435,0.9804025812108391,True
0.02334636612708022,0.0,0.17542703077391142,0.8926881906627876,0.007612707508564545,0.9804017060497433,True
0.02334164002019077,5.310603773273125e-10,0.17535590037366067,0.8927301274928292,0.0074374285111172235,0.98040807821072,True
0.02333570253135171,1.4487854326320206e-10,0.17527663920550318,0.89277492337123,0.0072636812153035685,0.9804132431188601,True
0.023311670763391884,0.0,0.17503935747747074,0.8928785347789298,0.007177232752998292,0.9803982135176651,True
0.023304602001116975,3.748803578247469e-10,0.17493879175873364,0.8929252968410102,0.0070182873708015195,0.9803946930952574,True
0.023310440756467862,0.0,0.1749576965001904,0.8929303404692674,0.00680471776093716,0.9804091887193627,True
0.023311073559312466,4.709467439003976e-10,0.17502533456980193,0.8928869382444679,0.00710571819387302,0.9803996060003155,True
0.02329639490839958,3.1471904959812034e-11,0.17486665190381975,0.8929354501243124,0.007110742421636276,0.9803687761076942,True
0.02329236788544404,4.1299729717551553e-10,0.17478305665826932,0.8929441524665221,0.007190383984005853,0.9803356812086541,True
0.023268672181712642,0.0,0.1747274749603929,0.8929903907939687,0.007655856014900958,0.9803541282741651,True
0.023281163498394816,1.2680482183262892e-10,0.17479008643607705,0.8929545342681219,0.0074736951182726614,0.9803495776129652,True
0.023286091619826466,6.864328242844124e-10,0.17480308014872767,0.8929135518737374,0.0074967806093922664,0.9803150926345341,True
0.023281617565886273,3.9024561554913856e-11,0.1747618810713399,0.8930199283030126,0.007139517973676376,0.980400868877707,True
0.023309353624012454,0.0,0.17497198542369113,0.8929570126976327,0.006865122095296217,0.9804430054094783,True
0.02329227556199631,3.0806224703312696e-10,0.17484434077803346,0.8930007187804235,0.007028670615715952,0.9804228894775024,True
0.023315504741460855,2.3463977496635883e-11,0.17502330657622636,0.8929454673578029,0.006779670941218693,0.9804571206693801,True
0.02331327649472058,0.0,0.17503786443379057,0.8929235770859298,0.007000805780569034,0.9804425093028252,True
0.023320879898737015,7.621730193097351e-11,0.1751746444049706,0.8928510352195462,0.007297411029358439,0.9804383574982488,True
0.023311739835001226,1.6210181507806474e-10,0.1750371864656333,0.8929020327421157,0.0071936355652679074,0.9804206261370341,True
0.02330269477755231,1.8019271855492774e-11,0.17499021182296026,0.8929065929265765,0.007417435937162763,0.9804016988560759,True
0.023306095974893633,3.933182808774117e-11,0.17494774186067208,0.8929033909539473,0.007319765864231887,0.9803772619236153,True
0.023315975121187184,2.488969230550275e-10,0.17496383690885314,0.8928797079613824,0.007172070124378571,0.9803616266647058,True
0.023301171039109503,0.0,0.17489881544990943,0.892899781036685,0.007475099440962064,0.9803491887616397,True
0.023315862876417622,0.0,0.17496260509656025,0.8928321417049367,0.00744557601244122,0.9803134442532169,True
0.023297155354897462,0.0,0.1748610806145645,0.89286880764825,0.007757374378204264,0.9802993479555323,True
0.02330952832842531,0.0,0.17495998403866403,0.8927802695268249,0.007874606054394153,0.9802602615461569,True
0.02333498633298587,0.0,0.17515381353007578,0.8926428142379448,0.007903408379120402,0.9802197210029827,True
0.02336478852933722,1.714933973993688e-10,0.17540890361812062,0.8924801255388127,0.007888351358703328,0.9801845775193664,True
0.023394708594010605,4.3614158011578927e-13,0.17569897141698837,0.8923057180758345,0.007847136581215202,0.9801552037847647,True
0.02339508479203344,0.0,0.17573821287718505,0.8922545751818394,0.00810503608000426,0.980123681620432,True
0.023426348500563906,0.0,0.17608337232310484,0.8920547577368151,0.008093871251057986,0.9800964438983675,True
0.023444385642253766,8.575613451647808e-10,0.1763554800934461,0.8918875005525028,0.00823580062417649,0.9800652414567872,True
0.02347180417791414,0.0,0.17673580670328115,0.8916820837376396,0.00820493076918677,0.9800499870892802,True
0.023495824846373844,1.4400323149558792e-10,0.17712485398420738,0.8914806635686267,0.008139981161135205,0.9800430907047336,True
0.023515614040203404,7.475715022906876e-10,0.17742847920847116,0.8913417315101246,0.007934085347458845,0.9800559718619317,True
0.023501150021035058,2.1009828720636417e-10,0.17734206052955329,0.8913534038994694,0.008301262972675045,0.9800244343743443,True
0.023513064212832703,9.631738638709424e-10,0.17756492573273963,0.8912663003224732,0.008044883047458526,0.9800487641520169,True
0.023518886865788728,0.0,0.17773923830686258,0.8912064112536405,0.007781350968194797,0.9800760304070718,True
0.023499149748290232,5.665274709444928e-10,0.17787970794086494,0.8911445729976377,0.00779099225260367,0.9800844275345977,True
0.02362016804116456,1.1441140273730014e-11,0.17725746733025874,0.8914497706159239,0.007091375555144326,0.9800785042924944,True
0.02356647824601327,2.1223209001109893e-10,0.1769629335968375,0.891593276039244,0.007203292000965786,0.9800747430498948,True
0.023760829410834607,0.0,0.17794761229101064,0.8911248384439622,0.006694182050583672,0.9800986445894675,True
0.02369158683715725,1.69374562143833e-10,0.17746857552672585,0.8913715800766318,0.0066476461486424275,0.9801058680093692,True
0.023717454314201244,0.0,0.1776588737465344,0.8912522154967173,0.006921006997006777,0.9800816523699845,True
0.023691645126439346,8.582477988609962e-11,0.17748061130439283,0.8913523603482669,0.00677449825628179,0.9800926660862881,True
0.023722556103856297,2.4192421036333843e-10,0.1777112382324287,0.8912149144854156,0.007104669944648493,0.9800705338435541,True
0.023693217304053438,3.0098224161552295e-10,0.17750085092511125,0.8913162885165068,0.007007258135790259,0.9800667142800447,True
0.023702824155325437,2.8765024837940937e-10,0.17758447978402594,0.891256363034822,0.007361370702605654,0.9800486032144853,True
0.023692406237068923,2.1459789529019323e-10,0.177522590021659,0.891289660910273,0.0072047623299426765,0.9800509561357004,True
0.02367035165955143,1.2784843585730418e-09,0.17740950567319536,0.8913266812051935,0.007314664501104322,0.9800314353202755,True
0.023659378103184307,0.0,0.17737368812078147,0.8913370481638491,0.00722062471943037,0.9800238922242398,True
0.02366285245891273,3.7805699035863844e-10,0.1774147570849535,0.8913276715274903,0.0070023134215843955,0.9800350504480241,True
0.023719077121258772,0.0,0.17761821459080693,0.891298067176262,0.006606869386739285,0.9801071744716655,True
0.023676921116445853,0.0,0.17730568361872928,0.8914517660485022,0.00652438609920428,0.9801046078578668,True
0.023638637032652017,0.0,0.17703180770329918,0.8915741210726307,0.006545487535301778,0.9800900249242803,True
0.023647965523318302,4.230481555420976e-11,0.17711821716427809,0.89151319048769,0.006886707341969479,0.9800722991121338,True
0.02365867690723538,0.0,0.17717597886044426,0.8915066329685755,0.006635800057265298,0.9800946223987976,True
0.023637639221733255,0.0,0.1770192322595241,0.8915819266931605,0.006512268473094251,0.9800915428229225,True
0.023620775724702045,7.339227687329376e-11,0.17691222717433214,0.8916132897236968,0.006670740246754021,0.9800694033842552,True
0.02361011184693841,5.347836553717866e-11,0.17684424584179925,0.8916394397508379,0.00655397323418606,0.9800615627252158,True
0.023597017698292977,2.2198185136602386e-10,0.1767799569434391,0.891648389333584,0.00661922769103185,0.9800383680272855,True
0.023587659005784613,9.149810667592308e-11,0.1767531295914574,0.8916363066924818,0.00673882800207517,0.9800128715797087,True
0.023594181131888797,0.0,0.17682810180914574,0.8916019682396678,0.0065482567447170004,0.9800160191442406,True
0.023588731335266764,0.0,0.17685929716410884,0.8915665359772293,0.0065714477842609325,0.9799961845592837,True
0.023581619413832598,0.0,0.17688140566531527,0.8915310973378661,0.006720046950557038,0.9799718001705237,True
0.023586473397457793,5.911221219825721e-10,0.17701940975298394,0.8914478131796836,0.0066687190339925415,0.9799575186472977,True
0.023567823408142074,1.3627729001874794e-11,0.17681259601408622,0.8915230385944414,0.007091164430394984,0.9799293366151123,True
0.02357310468088942,0.0,0.17702532067355956,0.8914154048774386,0.007019002210864456,0.9799280652142184,True
0.023565244417855853,1.7298801465924858e-09,0.17707673973616395,0.8913655525516525,0.0072531880900783595,0.9799039241496146,True
0.023561662831145108,3.143439534859963e-12,0.1772593844196241,0.8912590994577345,0.0073797515638597865,0.9798887916706901,True
0.023571768534785188,0.0,0.17745435840182755,0.8911824244137266,0.007141868853100133,0.9799096036146404,True
0.023558733309382643,2.4762565809140316e-10,0.17756665733456198,0.8911163708122734,0.007291556394543633,0.97989969972718,True
0.023564252480262685,0.0,0.1777448889483514,0.8910532524259356,0.007045129227675159,0.9799256969001113,True
0.023616470177830882,7.363573221922683e-10,0.17761854946075514,0.8911423812470064,0.006539408384149263,0.9799516567137413,True
0.0235715424847535,0.0,0.17744564776798816,0.8912308288319749,0.00661115857500095,0.979953652715969,True
0.02365873489181834,1.680837152921886e-11,0.17774129498391014,0.891105095813644,0.006183014863814382,0.9799757433224074,True
0.023618137834827375,7.54582101145314e-11,0.17751158277503326,0.8912378104952247,0.006032207451213797,0.9799936019581995,True
0.023571649168062463,1.9661105921258204e-10,0.17725873007872264,0.8913596884275772,0.006118573148663521,0.9799890536635496,True
0.023549069729746814,7.392921180781453e-11,0.17715074809908385,0.891431264490325,0.005933283960824615,0.9800066386137961,True
0.023516539657683785,2.7328533574644013e-10,0.17699772849150164,0.8915215290616162,0.005788179541995644,0.9800203935806523,True
0.023478421517801197,8.039807726259453e-11,0.17683618128657747,0.8916074156243371,0.005735198411664101,0.980025506348024,True
0.023490982623334374,1.4192519978093077e-10,0.176841501514718,0.8915666902528374,0.006168517627176874,0.9799874411521217,True
0.02346246129856556,1.3038728594504346e-10,0.1767711793847253,0.8915947051728628,0.006256821368616894,0.9799802949956127,True
0.023438747844087438,5.987472055170781e-11,0.17677117856071906,0.8916005238453797,0.006206518506274358,0.979986113185614,True
0.023418352399296523,1.1391829156479908e-09,0.1768173881508635,0.8915862164348457,0.006141210401010015,0.9799949116494604,True
0.023396369123037702,2.491905315411068e-10,0.17684760546114262,0.8915641826189272,0.006260520988471716,0.979987985598689,True
0.023455370495649466,0.0,0.17677189778750313,0.891634368283252,0.005730861300866457,0.9800203171770037,True
0.023464289991416476,0.0,0.1767974787675411,0.8915881345735532,0.006077038229414547,0.9799868739573238,True
0.023424711311410405,0.0,0.17665688843288113,0.8916699781166687,0.006011723596188118,0.9799984223331093,True
0.0233863998378453,8.548096051148684e-11,0.1765444417725348,0.8917267536314366,0.006071707941838527,0.979998974603185,True
0.023354768201666484,1.4782945721889788e-10,0.17650157027061159,0.8917604521297019,0.006011722757376816,0.9800112374128371,True
0.02332366661917423,0.0,0.17646662731737306,0.891775719823405,0.006116162172914896,0.9800090334820915,True
0.023359989259784296,0.0,0.17653903020300005,0.8917684623113729,0.005705677870879868,0.9800379774128729,True
0.023356877642594195,0.0,0.17654726833830364,0.8917891362567817,0.005452978277285963,0.9800627704259335,True
0.023310405447188605,6.199375603334828e-11,0.17635948577183352,0.8918953730943263,0.005403573720302549,0.9800751160422368,True
0.023359020391894744,7.921689946589564e-11,0.17647214134417444,0.8917796715385201,0.005934485676989861,0.9800157422898241,True
0.02332374575542412,2.309340438411429e-10,0.17637821882639593,0.89182362173626,0.006045809451468543,0.9800127313803919,True
0.023311265322030247,8.353571541365154e-11,0.17640049035682517,0.8918364859480753,0.00583646626053091,0.9800367312100237,True
0.023287398802104304,1.1242173543025136e-10,0.1763277403934424,0.891857206908398,0.006062330984257095,0.980021077217541,True
0.023252800982462307,0.0,0.17630366988271,0.8918762503646842,0.006110367996361821,0.9800280853060392,True
0.02327960519571732,1.354740825625714e-11,0.1761454413397585,0.8918869706783121,0.006654698430331376,0.9799596913617388,True
0.023257291492873464,0.0,0.1761090556486531,0.8918882233575648,0.006919217289712933,0.9799427511818913,True
0.023224107836492553,2.4874718270042675e-11,0.17618640498194063,0.8918677187049446,0.006953649421688158,0.9799609212207897,True
0.023258321104280836,0.0,0.1762298051874013,0.8918706058751149,0.006519484214596023,0.9799855084688156,True
0.023227394010371178,3.0741390822053e-11,0.17620085639453076,0.8919156765391989,0.006355328678833752,0.9800161047672057,True
0.023707424809448166,1.0084115823397458e-09,0.1770455977049785,0.8913561963250426,0.0056099314471074035,0.9798789961859434,True
0.023622912726929315,5.432929159291237e-10,0.17645795029020103,0.8916528234160386,0.005658704786040772,0.9798817991044321,True
0.023584780185685515,0.0,0.17620148133643393,0.8917685779960018,0.0058257186551462165,0.9798693186642188,True
0.023530655016512914,8.486853776637866e-11,0.1758125879784285,0.8919626279371397,0.005768403999290977,0.9798689220112224,True
0.023493655668492937,0.0,0.175570720296504,0.8920700606208962,0.00591999228906035,0.9798554207691482,True
0.023612398198562975,2.305866217247864e-12,0.17636342067145228,0.8917360325418515,0.005471097508504396,0.9799177428798835,True
0.02355041000589951,2.2044961385710413e-12,0.17588577353475152,0.8919645893957703,0.005509714055468101,0.9799074761653505,True
0.02354290131411835,2.3274673793668644e-11,0.17584445446392602,0.89196742373158,0.005707275173582186,0.9798896509868177,True
0.023506194023000332,0.0,0.17555389218571962,0.8920903881468557,0.005802342222358696,0.9798673342397155,True
0.023476346027601985,0.0,0.17530290557779662,0.8921950974605486,0.00580789453079268,0.9798465502494469,True
0.023463338565502586,0.0,0.1752141894208597,0.8922166025792779,0.005997920218336725,0.9798236972897078,True
0.023450265721510002,0.0,0.17508541431524738,0.8922500581918558,0.006028662318942527,0.9797927653494795,True
0.023450252526331577,1.311750233031483e-10,0.17506784568229497,0.892245421531113,0.005931179328483043,0.9797793445034355,True
0.023449297553976428,0.0,0.17505534121199987,0.8922302595053876,0.005880998147260513,0.9797579301113876,True
0.023458202889467403,0.0,0.17510710376870706,0.892203882143756,0.005704681861642203,0.9797574340281096,True
0.02346451268380126,1.6049629247921046e-11,0.17514732811693962,0.8921874117488856,0.005515365752402757,0.979761075823405,True
0.02345450266064225,0.0,0.17509048354431758,0.8922084925358992,0.005918095221803979,0.979753734308058,True
0.02344799152967895,1.6813522542805827e-10,0.1750538621365814,0.892197938049311,0.006137673183195623,0.9797248692857369,True
0.023452675747296106,0.0,0.1751354774241613,0.8921345233717186,0.006119995225134965,0.9797022620837993,True
0.02346506142275947,0.0,0.17526715911858884,0.8920616492942389,0.005979086837752386,0.9796952288535333,True
0.02347542041258787,4.398394221697575e-10,0.17540984680535046,0.8919787867595641,0.005877259240189123,0.9796837106020787,True
0.02347642081852172,2.7582946453804373e-10,0.17551618289916954,0.8919013490161323,0.005986335469541637,0.9796594407415465,True
0.023486189701194853,6.761156018701294e-10,0.17550365080492736,0.8919452753924502,0.0056413194868522925,0.9796971014710294,True
0.023489500928671386,0.0,0.17540519575359922,0.8919702773997792,0.006153912074729914,0.9796728752765788,True
0.023507989426517877,1.4128262404111584e-11,0.17546142095830933,0.8919801047492923,0.005811527616845975,0.9797108152425753,True
0.02347940700193778,1.6333886988828317e-11,0.17532939441121098,0.8920382786413829,0.00580949085983354,0.9797029758633222,True
0.023460304231028354,3.022371827684073e-11,0.17527743464037895,0.8920635967134444,0.005729426289761792,0.9797023140638575,True
0.023444822403629644,0.0,0.17521761651622378,0.8920709300323749,0.005921862673020024,0.9796797382904868,True
0.023439862127164608,1.640881230904451e-10,0.17527010200441187,0.8920480425713664,0.005783388615708324,0.9796830937376604,True
0.023453777110326195,0.0,0.175333811041163,0.8920509126999991,0.005455811946071637,0.9797178182205807,True
0.023670929188318684,5.727576157548786e-10,0.176105619398894,0.8917226770987292,0.005022542833905516,0.9797754873709338,True
0.024630345346539927,0.0,0.18330197466920145,0.8882289208321371,0.00433994935883569,0.9798799081667379,True
0.02456584670971836,0.0,0.18275726140467075,0.8884969916868491,0.004326894375670654,0.9798756223891845,True
0.02473826771132725,0.0,0.18430143753394293,0.8877533370575663,0.004394345617881348,0.9799040558245378,True
0.024765782379454763,9.613809319684796e-10,0.18458605924791954,0.8876136600692621,0.004499749752648619,0.9799066906546029,True
0.02472711444918248,2.500260445845761e-12,0.1841648606275056,0.8877990762159168,0.004489873009949346,0.9798815065321698,True
0.024802238507787046,0.0,0.18503221492420724,0.8874600679668454,0.004224150592768524,0.979976175428949,True
0.024785688886020184,0.0,0.1848758778789929,0.8875215779926466,0.004320481037173427,0.9799595169321431,True
0.024748227412464616,5.338174121303323e-10,0.18440326007696653,0.8877128941901105,0.004367503235171577,0.9799145247624111,True
0.02475754866412662,0.0,0.18462489231530888,0.8876228362543325,0.0044808670350391265,0.9799352824119869,True
0.024757313681817234,0.0,0.1845102018629322,0.8876617193666771,0.004413306616673269,0.9799168202981432,True
0.024751095611972265,5.48470138162267e-11,0.18424673790924923,0.8877360189794083,0.004477853860009253,0.97985938798888,True
0.02476068498653026,0.0,0.18406724632290095,0.8877649829035202,0.004481322930771407,0.9797986060649707,True
0.02476588935340834,0.0,0.183995413524092,0.8877611380409248,0.0045903791426543696,0.9797588448029708,True
0.0247854417575373,0.0,0.18394813536567214,0.8877227756132341,0.004691393641753399,0.9796968432960702,True
0.02483338243404489,0.0,0.18399966437407228,0.8876161303060118,0.004693005962425466,0.9796159624930479,True
0.024885525162755634,0.0,0.1841044332215889,0.8874811711737227,0.004757373371607851,0.9795333877845172,True
0.02489122548176453,2.6744190993965973e-13,0.1841340239237811,0.887478557821511,0.004608018115117997,0.979545569783669,True
0.024943266823624317,2.4130026729769346e-12,0.1842192879189383,0.8873547381449365,0.004600573046227435,0.9794643821068186,True
0.025003243187932404,1.178302674823892e-12,0.18437504558975976,0.8871995223125431,0.004563141453271527,0.9793870451086012,True
0.02479365177236542,0.0,0.1837833439676363,0.8878141008251708,0.004210478308952703,0.9797057728089889,True
0.0247891708090229,0.0,0.18352701703133778,0.8878858005058494,0.004236729716005116,0.9796493090215184,True
0.024779387962513433,2.575652645896603e-10,0.1835703003510818,0.8878768588836047,0.004392273881769942,0.9796620093167109,True
0.024799497046307985,0.0,0.18347749749432046,0.8878544046824001,0.004437758229831377,0.9795931534295603,True
0.02476984905006137,0.0,0.18344037222031767,0.8879023296838365,0.004621028231852417,0.9796225157939954,True
0.024814156824089238,4.499420364120917e-11,0.18351265058199392,0.8877961759868428,0.004596550363689048,0.979552501322834,True
0.024843925179602475,0.0,0.18356841571024618,0.8877093438880284,0.004713398025037551,0.9794935517431514,True
0.024865205362508677,0.0,0.18362269443141518,0.8876329765992421,0.004853839695704316,0.9794443238149497,True
0.024940911991119134,4.825832707732378e-10,0.18389366120871983,0.8874051633878798,0.004881749751461495,0.979351994474823,True
0.025001332323994166,0.0,0.18414164816893516,0.887230149891729,0.004775064880435724,0.9793009739761965,True
0.025068863657733642,0.0,0.1844160319279824,0.8870304154942219,0.004685354187175977,0.9792384314582131,True
0.02496151220151828,3.185448965715322e-11,0.18395793440883337,0.8873342054673055,0.004997163756289417,0.9793131727035767,True
0.025047086300811584,6.658568601359517e-14,0.1843381373219648,0.887053123325415,0.005007340367306111,0.979222191986464,True
0.025140225979975436,0.0,0.18478377600496282,0.8867445075588685,0.0049710637247991915,0.9791363955613499,True
0.025197215837221596,0.0,0.1850743497861551,0.8865681964733252,0.004805694057962562,0.9791053713664027,True
0.02497924799763213,0.0,0.18398999106375982,0.887264624540503,0.005283288373328159,0.979259620072383,True
0.02506238681457582,0.0,0.18442500579613952,0.8869809679572601,0.0051932928154404525,0.9791934708553298,True
0.025147695005979395,2.3913539613073757e-11,0.1848905252845609,0.8866814543353035,0.005105374791243915,0.9791267170014976,True
0.025054046636950076,0.0,0.1843437740567267,0.8869872611583629,0.005495661343041511,0.9791591481867262,True
0.025137178589563665,4.57829943819001e-12,0.18486826653648852,0.8866583011354361,0.005463163494388727,0.9790924344082587,True
0.02520207398875312,8.758723077288928e-12,0.18527474202732258,0.8864252947629295,0.005285653403066189,0.9790626657853496,True
0.025076947188434638,3.1267585140083425e-11,0.18446872389393715,0.8868737643450123,0.005767785191022379,0.9791081263232484,True
0.02513302643668504,0.0,0.18487128958552812,0.8866138772007447,0.005865709653176282,0.9790495219935087,True
0.025197166008103622,0.0,0.18533915164472245,0.886352881712234,0.0057136767025206614,0.9790224575345953,True
0.0252599201176201,2.0288634794752193e-10,0.1858324485223663,0.8860681682013337,0.005639106994064124,0.9789843926654033,True
0.025317780857675994,3.734779719654072e-11,0.18633804664174103,0.8857826040600328,0.00558235076139757,0.9789516274182511,True
0.02527750479758258,5.990132669760166e-11,0.18587642139363147,0.8860914961320654,0.005141126529132022,0.9790297068887824,True
0.025276403136253827,0.0,0.18594584832852548,0.8860314996437207,0.005195664357606263,0.9790044238079835,True
0.02528786337023476,0.0,0.18608686137028346,0.8859642319541106,0.005016048591620007,0.9790076626392523,True
0.025304370878326307,3.618711694297843e-11,0.18584607152524651,0.8861735111426262,0.004565890090722067,0.9790965469414367,True
0.02533681360256539,8.205815690115974e-11,0.18605008863494113,0.8861023503805476,0.004307013361208526,0.9791273947800764,True
0.02538373817052223,1.92376407066588e-11,0.18642520506522448,0.8858978226003632,0.004646435642413144,0.979110425152213,True
0.025345999985560412,2.61847847240455e-11,0.18614002982118535,0.8860273409388291,0.004606262842718926,0.9790973558756065,True
0.025385372311040634,2.3281960618560786e-11,0.18645977020215074,0.8858630022746876,0.005038513564180885,0.9790928873990449,True
0.02536570128988204,0.0,0.18632348317430708,0.8859156277550311,0.004989663360889014,0.9790773693421846,True
0.025350079496057294,1.0954565890391193e-12,0.18623495772579055,0.8859344756171441,0.005073796838639667,0.9790519544811348,True
0.02534389900272384,8.282279556329591e-10,0.18621835433737266,0.8859254699080514,0.00501988151759923,0.9790346479049656,True
0.02533952153706016,8.163022892193014e-12,0.18624774403197264,0.8858888651105623,0.005041860096472323,0.9790127371347117,True
0.02534066277518824,6.136370985505034e-11,0.18633251384214014,0.8858280886286397,0.005021354189707177,0.9789943456110735,True
0.025344054109603595,0.0,0.1864467156948885,0.8857479507131509,0.005058038557578127,0.9789713085605952,True
0.025354243646676745,0.0,0.18659407865505576,0.8856811718546008,0.0048796257700019175,0.9789782111821287,True
0.025338870877129365,0.0,0.18639733199972275,0.8857504793985685,0.005290705148927615,0.9789491453984299,True
0.025354653450426177,2.2045765891006866e-11,0.1862794949601257,0.8858651444581922,0.0048450066942360625,0.9790048919603008,True
0.025441197287213786,0.0,0.18666999335419052,0.885723018998871,0.004433716448118234,0.9790580156759662,True
0.02557997546388189,0.0,0.18767143921173274,0.8852004626124681,0.004909078324160798,0.9790361822183344,True
0.025560809744501332,1.6253616445938046e-10,0.1875270597765844,0.8852807233509561,0.00475405830592408,0.9790442534017845,True
0.025548841146450865,0.0,0.18743048947093013,0.8853387523867919,0.004579175723876366,0.979053997122257,True
0.02554537311483678,3.3728162986087253e-10,0.18739019530168524,0.8853725107866532,0.00438305900621668,0.9790676087747775,True
0.02550907476160591,0.0,0.1871162183600121,0.8854923940967422,0.004396298833055737,0.9790505032767483,True
0.025626735027441776,0.0,0.1879624689566785,0.8851674908945977,0.004070511291577358,0.979148725372937,True
0.025576726168927585,9.093368780975536e-11,0.18752992011084374,0.8853636071071169,0.004130758832264028,0.9791285672534725,True
0.02556103324844321,0.0,0.1874111187707541,0.8854035125725903,0.004289852355639929,0.9791090719579674,True
0.02557570766672173,5.621446126482549e-11,0.18759361335621952,0.8853075408412494,0.004540430329162224,0.9791043475755736,True
0.025615583855801198,9.20236468330934e-11,0.18794855422192125,0.8851906436412904,0.004257711241260772,0.9791649208442746,True
0.02575258874344431,0.0,0.18918018225752953,0.8846814861642912,0.003929849293544443,0.979271577293056,True
0.025702839110029838,1.3717524187678268e-10,0.18875517825860824,0.8848720383857966,0.004013480012110689,0.9792496276522761,True
0.02566880437070906,0.0,0.18843480290774708,0.8850054112197866,0.0041099751005161675,0.9792228126736602,True
0.025655921887725152,3.0416777451881205e-11,0.18831892066169856,0.8850426882564979,0.004246128398811353,0.979202148617764,True
0.025635908921531492,0.0,0.18801745292399719,0.8851540357450634,0.004239625969485591,0.979162762207062,True
0.025628285387563732,0.0,0.187802371099775,0.8852194881997385,0.004219791207944801,0.979120673749626,True
0.025622149054125215,0.0,0.18773442404907928,0.8852283026042231,0.004376330749880436,0.9790955146287628,True
0.02563432668991313,0.0,0.18771433654952055,0.885216919222772,0.00426448660020643,0.9790740874975323,True
0.025643847704418205,6.662534483458625e-11,0.18773986724416758,0.8852100103153112,0.004096484735628901,0.9790799440040203,True
0.025650141749230387,1.582612673522962e-10,0.18785065823124725,0.8851999891744935,0.003882546413173798,0.9791253184483784,True
0.025635655531460067,0.0,0.18760624534435347,0.8852805401647735,0.003890666783880166,0.9790836628369503,True
0.025646401353069972,4.2320086258545834e-11,0.1876730794847909,0.8852684976976963,0.003707638027011835,0.9791050374824118,True
0.025685555303295728,0.0,0.18838785403367486,0.8850599183187015,0.0034348556090691615,0.9792538453355388,True
0.025666978697251278,0.0,0.18816168014197687,0.8851638644911018,0.003348114818217719,0.9792447045620902,True
0.025628812632241958,1.7038909328627587e-11,0.1877284961594992,0.885344324872183,0.003358725575749823,0.9792085729689715,True
0.025611083007557687,4.035661230726865e-12,0.18747217155609486,0.8854349184308787,0.0034303606184496118,0.9791710042129618,True
0.0256423921135946,2.329821411853897e-11,0.18809297186652896,0.8852543529792044,0.003169546102272647,0.9793008389357671,True
0.02563310148320822,1.7831334296759657e-10,0.1880113344545129,0.8852797171738939,0.0032837518819782414,0.9792853845794637,True
0.025657497504512763,8.594663065973653e-10,0.18833102728305903,0.8851706392959703,0.003104650234111939,0.979336153796966,True
0.02562355721176581,0.0,0.18788462843497433,0.8853505676422642,0.0031318921441630967,0.9792928818597513,True
0.02561886944214962,5.59321732645267e-12,0.18775013799830942,0.8854047603505691,0.003049982696873396,0.9792798293553171,True
0.025600942705915522,2.9278233480929854e-11,0.18744648961019802,0.8855106755603139,0.003096418453477529,0.9792339203946911,True
0.025595564689898934,5.484761733908779e-11,0.18754994852661339,0.8854758055013632,0.0032500074001931786,0.9792507798195175,True
0.025601266242095612,4.181161201701885e-11,0.18757842173169764,0.8854734823436433,0.003115950653863872,0.9792626932513038,True
0.025597456383328863,8.54375312877265e-11,0.18749241594367508,0.8854896423987265,0.003227716784717632,0.9792358504560016,True
0.025609247685931504,2.9379249824083357e-11,0.18745184023031047,0.8854886298250907,0.003131149598780214,0.9792145499696252,True
0.025621748940390238,0.0,0.1873248581610941,0.8854911556856185,0.0031775954951934774,0.9791535847661655,True
0.025557864165503295,0.0,0.1873635839209857,0.8855777706456018,0.003422981613465725,0.9792595626060947,True
0.025599296989122,2.443079716521023e-11,0.18739217871030073,0.8854884858700772,0.0034185280694835353,0.9791845752496584,True
0.025555318268350957,6.081286125436806e-12,0.18733880175607506,0.8856183176650078,0.003189428733986971,0.9792877185491266,True
0.025565224068521932,3.536852546773746e-12,0.1872161810247967,0.8856221755902103,0.0032502190386818615,0.9792302661061455,True
0.025591572327283058,6.642547078920954e-13,0.1871616447319705,0.8855804565535138,0.003270247223130931,0.9791612789201634,True
0.02555484389932176,0.0,0.18718340013470988,0.8856786677771027,0.003030894593501774,0.9792703678444576,True
0.025560610441243255,0.0,0.1871773866590367,0.8856837441614511,0.002905916380076648,0.9792724374909695,True
0.02555862433438122,2.305946567876404e-13,0.18694713484501835,0.8857448002221169,0.002908441205402272,0.9792183676448567,True
0.025569707166944722,0.0,0.18679769910549657,0.8857594794657146,0.0029068473225097586,0.9791583290184629,True
0.0255778373257848,0.0,0.18682421427779566,0.8857538927499147,0.0027629278292239253,0.9791659998888125,True
0.02555472475731532,5.653507049773928e-14,0.18691742614278917,0.8857527441976845,0.0029717360056069285,0.9792114572691355,True
0.025532227682264565,0.0,0.18690017724490146,0.8857793730350895,0.0031645900314664337,0.9792294616575402,True
0.025500101233487275,0.0,0.18683542522954485,0.8858355682582497,0.003372559928670774,0.9792532808730221,True
0.02554698808987072,0.0,0.18694174596765242,0.8857206709602108,0.003310960080063699,0.979191543944037,True
0.025603837179610546,1.6083815458565703e-12,0.187096452651286,0.8855663964577933,0.0032937342070905717,0.9791146227850447,True
0.025547853730437414,1.9937927066518643e-11,0.1868840616869307,0.8857043554892831,0.0035438530863668885,0.9791463863526864,True
0.025524059293024533,0.0,0.18681019294427625,0.8858013317365037,0.003312058841663835,0.9792064282086418,True
0.02555319351865925,0.0,0.18685046311434234,0.8857191428895922,0.003371046731544016,0.9791443744467634,True
0.025534466923306836,0.0,0.18677596428557328,0.8857513151845302,0.0035831549598061853,0.9791392973273169,True
0.025592363011590968,0.0,0.18698314141157926,0.8855819062083014,0.0035306874148111375,0.979073476914091,True
0.025621813200438024,1.0513506505945691e-10,0.1871122503449966,0.8855076328880009,0.0033587254612580755,0.9790637581656343,True
0.02538308489691887,0.0,0.1862232891143567,0.8861880294248577,0.003939443748157347,0.9792996739820361,True
0.025425492043360143,1.0238315027403688e-09,0.1863945020418809,0.886039580901334,0.004020335531042406,0.9792368329461059,True
0.02547531546755067,2.43316558964738e-10,0.1866231184247647,0.8858594652771558,0.0040970047983095665,0.9791710247328547,True
0.025529498965740957,0.0,0.1868969490848851,0.8856550154351548,0.004168293412413721,0.9791034899775973,True
0.02560578580230738,0.0,0.1873041076013101,0.8853799166910938,0.004178238926541227,0.979031970491749,True
0.025556116612391554,2.4007536868548116e-12,0.18701173210815364,0.8856140592702374,0.0038447673939143454,0.979119925326715,True
0.02557046624911713,0.0,0.187059848111423,0.8855457910431164,0.003948809804049658,0.9790757150988278,True
0.025604479610709534,4.873404548050023e-10,0.1872228017922694,0.8854131472623971,0.003956498161451857,0.9790245486458723,True
0.025479137689666132,1.0249320440605455e-10,0.18653602045279077,0.8858438703739266,0.004446791556281437,0.9791118807028153,True
0.0255243916621387,2.24500640939103e-09,0.186806265846672,0.8856639769289707,0.004400781255461719,0.9790671120973131,True
0.02556971800654197,0.0,0.18711128794259907,0.8854733075276267,0.004338176753803619,0.9790289514989262,True
0.02557808612615032,8.689990959621559e-10,0.18719605902141587,0.8853944956567661,0.004536282640434773,0.9789925260364731,True
0.025581658727874733,0.0,0.18723767823264434,0.8853383553172463,0.004786617052429401,0.9789571944335684,True
0.025627935252712734,9.137601448066013e-12,0.18762727603392662,0.8851124421634113,0.004733801116601107,0.9789260801895122,True
0.025665298631902138,0.0,0.1879926803425751,0.8848925920377719,0.004797533483619023,0.9788889322090595,True
0.025702460802812504,0.0,0.1884084014145809,0.884662296157654,0.004778335160852774,0.9788664968649444,True
0.025713067497545653,0.0,0.18844763384957605,0.8846755207549719,0.004444319527051088,0.9788993376797599,True
0.02572150440508062,0.0,0.18865639838131706,0.8845622774061604,0.004405311566917616,0.9788904765968189,True
0.025729221397911634,0.0,0.18887703527701638,0.8844388614088982,0.004416519128762072,0.9788773790474063,True
0.025703592203738742,0.0,0.18852303471575177,0.8845806276028889,0.004870192370132574,0.9788421449607648,True
0.025695661164499558,0.0,0.18861567354411535,0.8845124416422758,0.005096665557540555,0.9788202784143335,True
0.025702378017273552,0.0,0.18887896906674403,0.8843943787252256,0.004972454052395554,0.9788338632585977,True
0.02570452259891719,0.0,0.18910334025725356,0.8843070390625862,0.004790673068804278,0.978858709191213,True
0.02575084442976926,2.4025105604315242e-09,0.18886336234054008,0.8844546190456655,0.00427010452348097,0.978886302618446,True
0.02578484021591164,0.0,0.18893836576526596,0.8843660944366265,0.0047097818621985536,0.9788352773192595,True
0.025880180699825058,5.350216621050068e-10,0.18922131508817452,0.8842493153034326,0.0042721186653586945,0.9788599733825416,True
0.025828271330850916,2.5035194928180402e-12,0.18892337633918307,0.8844091967286974,0.004181881653941502,0.9788708849007925,True
0.025830433823150468,0.0,0.1889157045766401,0.8843839016909103,0.004455022878666127,0.9788417539792303,True
0.025839093198137694,6.89706364557484e-11,0.18896265148988323,0.8843316443378378,0.004786479421847628,0.9788129701517501,True
0.02580363121642104,0.0,0.18881221632390943,0.8844059895325457,0.0047640852673305305,0.9788120976945004,True
0.025786236884422217,0.0,0.18874781087039336,0.8844170735589442,0.00501895487931949,0.9787909789941408,True
0.025757438134266137,5.214304185264953e-10,0.1886896538132925,0.8844366600054743,0.005135100312635136,0.978781487433551,True
0.025732441489909205,0.0,0.1886850473611071,0.8844362520696233,0.005171515748976344,0.9787787757501768,True
0.025731612617481147,1.2046986245439343e-09,0.18876197462746713,0.8844259226463232,0.004930765977511761,0.9788069111647555,True
0.025707803441194006,0.0,0.18875760297797886,0.884440499993591,0.004839389731548344,0.9788193014825805,True
0.025676714605837644,0.0,0.18875801890744529,0.8844449859390915,0.004882945408109173,0.9788239953928142,True
0.025646793565578523,0.0,0.1887847302445005,0.8844346710760371,0.0049666092275872055,0.9788270361982874,True
0.025693975159545142,0.0,0.18880190555669382,0.8844555031638401,0.004513739804123963,0.9788564559421871,True
0.025688517784537433,1.7112525538405605e-09,0.18875777607159666,0.8844478284637122,0.004810602460042061,0.9788267182107631,True
0.02572826560931727,0.0,0.18889005838889072,0.8844057929739838,0.004466506641070777,0.9788508221684291,True
0.02571065299900342,0.0,0.18881522126887942,0.8844653483107072,0.0042663851603547765,0.9788729589451469,True
0.025657263982376256,0.0,0.18858608670946142,0.8845923518378338,0.004215189155571618,0.9788853951925645,True
0.02561414780036905,0.0,0.1884075344874336,0.8846874328085849,0.00420158444379863,0.9788912000523017,True
0.025665048018676317,4.405894070870118e-10,0.18851163254624567,0.8845766429473905,0.004717473481714256,0.9788324596611028,True
0.02570749917717299,1.4769677196517581e-10,0.1886465993126172,0.8845381172336649,0.004359481022486908,0.9788614170376703,True
0.02565958056339497,1.3541926861347721e-11,0.18841426291495858,0.884659221971527,0.004331802349877488,0.9788663534425482,True
0.025671314391013226,0.0,0.18844078543432155,0.8846109621608171,0.004682059358633701,0.9788313548779779,True
0.025708294396679505,2.5762151438406577e-10,0.18858734102510644,0.8845671882038613,0.00435035910972149,0.978860858974036,True
0.02566105259124958,0.0,0.18833587314705674,0.8846944480166221,0.004326151591870515,0.9788623845901505,True
0.02562998371485702,0.0,0.18821524020074423,0.8847709020983836,0.0041883235069670455,0.9788785221987557,True
0.02559566908779056,0.0,0.1880825168759861,0.8848452321016068,0.004104354791881751,0.9788864905395999,True
0.02563906522742488,3.1962535521311887e-13,0.18815942716145023,0.8847552927939262,0.004639785346618298,0.9788350063749709,True
0.0256243393409111,7.67426239880914e-12,0.18809457595697415,0.8847638335283469,0.004893346062095737,0.9788111215145082,True
0.025598552421522192,6.000652029543812e-11,0.18809651391215546,0.8847672244686,0.004879619183818648,0.9788154814846843,True
0.025583306058487753,0.0,0.18815650891633026,0.8847483506638204,0.004782785404090145,0.9788266051219855,True
0.02555772018958579,0.0,0.18820044950246362,0.884728128913366,0.004852778534361392,0.9788283536645979,True
0.02553308723362095,3.0453261991968394e-10,0.1882474587001501,0.8847014394322857,0.004987853269268592,0.9788251690868934,True
0.02551372941848858,2.79234453616065e-10,0.18823410559630735,0.8846893395233687,0.005244889108066319,0.9788063926007567,True
0.025485649911557776,0.0,0.18835668470096587,0.8846382623941037,0.0053337087027519065,0.9788166047445866,True
0.025458465861194324,0.0,0.18843392434219355,0.8845989644598705,0.00552619972049729,0.9788159266309673,True
0.025435542349028277,0.0,0.18861896855882138,0.8845365056934364,0.005464730338074946,0.9788459899728471,True
0.025481991782257175,3.1278000839390525e-10,0.18857784975143588,0.8845783554136325,0.004974679825643678,0.9788672806021305,True
0.025438909404050265,6.926090539991957e-10,0.18852515037041664,0.8846379408433861,0.004867213448495407,0.9789005167212035,True
0.025394127508882158,9.501596560690341e-10,0.18849194200955896,0.8846885424997686,0.004776412349889521,0.9789345144547077,True
0.02535271815883834,9.632674587095093e-10,0.1884390028956861,0.8847214762038671,0.004903951679959873,0.9789409786149776,True
0.025342746622366435,0.0,0.18836054752398765,0.884725541016967,0.005244171609276655,0.9789058147789608,True
0.025297870217776804,0.0,0.18835649832788048,0.8847409376106073,0.005397014429943414,0.9789191867745476,True
0.025255991448235347,0.0,0.18843671962766056,0.8847457883420059,0.005304952432985768,0.9789641481558362,True
0.02542868764974456,6.110076882264056e-10,0.18798659397128648,0.884730609727331,0.00607698879269096,0.978723907323982,True
0.025967470725389376,0.0,0.18746522865310514,0.884685030990615,0.004850396238810381,0.9784176453171676,True
0.02615707099431936,2.656598735517253e-13,0.18866444923579712,0.8840265090290543,0.00519860013031655,0.9783587336472186,True
0.026313656938305986,1.3922606543218076e-12,0.18962855278669014,0.8834947875937873,0.005553408087881169,0.9783090639885246,True
0.02638813534491569,9.085302177668271e-13,0.19005601906675837,0.8832413228180602,0.005875492073553783,0.9782693323523479,True
0.02638216960072373,4.030914425112757e-13,0.19002467509064463,0.88327649909206,0.005677358124206799,0.9782888366377854,True
0.026346473026128643,0.0,0.18981931012201686,0.8833634444856623,0.005835616920036704,0.9782730995466707,True
0.026298368622558767,7.661361780146142e-13,0.18957682581133975,0.8834881043502792,0.0058200329787761185,0.9782765172567153,True
0.026261808527587478,0.0,0.18940601864341453,0.8835605044741944,0.0059334252862358015,0.9782635137959017,True
0.026247098388250255,0.0,0.18933333322176932,0.8835732346048378,0.006176689891186338,0.9782399012157225,True
0.02621867823211632,3.660163329274514e-14,0.1892710852378035,0.8836015820563836,0.006185486366132985,0.978237124675322,True
0.02619931012933357,0.0,0.1892147233308521,0.8836082696363727,0.0064080338628717615,0.9782156313017988,True
0.026175380464555795,0.0,0.1892145747900034,0.8835971037196915,0.006538687779095908,0.9782043911146932,True
0.026156972025215847,1.0832197148689317e-12,0.18929266191406005,0.8835637548330302,0.006520513578506464,0.9782100857911434,True
0.02613635348286616,3.370220334520767e-13,0.1893075958466906,0.8835407576137145,0.006728792456805313,0.9781945555373969,True
0.026131290643407117,0.0,0.1894329897655022,0.8835011193865633,0.006559058030261122,0.9782176142693144,True
0.026116091353228878,1.7441908804493327e-10,0.18953396896094765,0.883473201501287,0.006429904453851585,0.9782401861561799,True
0.02608674912491681,0.0,0.18961454121452107,0.8834475021165848,0.006445514547058784,0.9782547727238454,True
0.02606089725985989,1.3565483341131782e-10,0.1897364307654744,0.8834109850955418,0.006391483512531246,0.9782792006139338,True
0.02602857659953186,7.949473441985847e-11,0.18984713408431508,0.8833727413611362,0.006453517041980669,0.9782963084827885,True
0.025998548583359107,1.019463517826201e-09,0.19000181342210357,0.883326778287509,0.006414397935437007,0.9783276860180243,True
0.026023975738172084,9.444396115046438e-10,0.19005206010546682,0.8833304813734215,0.006026934837579238,0.9783565123705946,True
0.025979006958479763,6.159569597802347e-10,0.1899959760673299,0.8833685619993635,0.006153192219542595,0.9783665506489855,True
0.02592984014055637,2.1658883496738942e-10,0.18998891757480227,0.883397887118347,0.006196879803325286,0.9783923461223369,True
0.02588361060672552,1.4948574727590848e-09,0.19003123192889165,0.8834138399305199,0.006162020005195487,0.9784294573898232,True
0.02583371808177629,0.0,0.19008099645795878,0.8834230997107427,0.00619624073342055,0.9784635979397222,True
0.02579940500336324,5.944812914440716e-12,0.19017875648806615,0.8834213813450471,0.006055877271785883,0.978510759595025,True
0.025768291322144248,0.0,0.19013709733160727,0.8834321096659437,0.006327533888066013,0.9785006583317473,True
0.025719531303897064,1.9169797990437758e-10,0.19015460377484292,0.8834417253286162,0.00650884761113013,0.9785190274077357,True
0.02572769662010163,4.187972287436953e-11,0.19024396612607264,0.8834347758327983,0.006174488777339968,0.9785567589377143,True
0.025665349926783893,0.0,0.19018892996327882,0.8834950017493076,0.006266229646853392,0.978589466730947,True
0.025604827578855436,0.0,0.19015238977540647,0.8835431132560968,0.006393670994397168,0.9786193081438,True
0.025540073012228152,1.1466230048588871e-10,0.19016931889182795,0.8835870079578015,0.006396368784520798,0.9786716675183778,True
0.02547662106454593,0.0,0.19016908723523415,0.8836229863982356,0.006536358952384957,0.9787075300158526,True
0.025484748902586937,4.851110570999302e-10,0.19025498651762557,0.8836183925817006,0.006197026278244856,0.9787458863256244,True
0.02541513494832031,0.0,0.1901964720072071,0.8837037978968698,0.0061481996202083075,0.9788020339004734,True
0.025382820064315727,2.0908671413814638e-10,0.1901151835532049,0.8837317228922298,0.006437741706812887,0.978789314877919,True
0.025321556441516502,0.0,0.19012417071915433,0.883789667583622,0.00633800399807077,0.9788517529431991,True
0.025276328297458687,5.484954596418927e-10,0.19016132865430999,0.8838326586442146,0.006153181468040214,0.978913323519865,True
0.02520213247105513,5.58014545749234e-11,0.1901323830754972,0.8839086996932987,0.006134568486830932,0.9789748912868488,True
0.025140825388420114,0.0,0.19008045508912855,0.883961338413332,0.006321283929119836,0.9790015659578963,True
0.025064935872432248,0.0,0.1900906243893414,0.8840230615565944,0.006317610268232121,0.9790683737512651,True
0.025008940180733227,1.7427740311713252e-10,0.1901461103849191,0.8840660453666336,0.00616920187256594,0.9791391007333705,True
0.025445785265824365,0.0,0.18988657679872198,0.8836832985089318,0.007124834901976328,0.9786265869082927,True
0.02601238588343295,0.0,0.1900136988257034,0.8832573092818653,0.006026286331040424,0.978264158694717,True
0.025922740983158752,0.0,0.18953005693753475,0.8835235909837162,0.006019312931728871,0.9782886194524836,True
0.025955832867676658,4.3596989733937027e-10,0.18968927354160073,0.8834019365394657,0.006325129349848972,0.978246573746236,True
0.025881630974592562,0.0,0.18934577806642,0.8835936047185978,0.006339241150240466,0.9782664937518079,True
0.025814187265718144,0.0,0.1890680819359423,0.8837521363241794,0.006352968097796315,0.9782861772921505,True
0.025887206913063173,0.0,0.1892853157397402,0.883573239123439,0.0067585017461800016,0.9782158969933091,True
0.025866205121664383,1.2774376677601804e-09,0.1891946970119623,0.8835971367519956,0.007022009737117591,0.9781944865354144,True
0.025910565845337064,5.750909511257307e-10,0.18934300651247382,0.8835468356936567,0.00664155955219311,0.9782183395249846,True
0.0258825033988553,9.941536195184468e-10,0.1892146480491084,0.8835951322999295,0.006862063078676956,0.9782024573186373,True
0.02584517849384461,3.9503156283313977e-10,0.1890707535692549,0.8836579559498119,0.007053964574731203,0.9781933331294709,True
0.025901409014758826,0.0,0.18926615982879486,0.8835829062712096,0.0066662353285387495,0.978215986185607,True
0.025851122049586294,1.2151027596146877e-09,0.18903434789374554,0.8837182350846106,0.00657709477321428,0.9782354102465861,True
0.025830206303449888,2.559668375350645e-10,0.1889574158158326,0.8837806153202518,0.006390346092463204,0.9782593234841349,True
0.025790225744427457,2.7229773190265324e-12,0.18877840301834817,0.8838638584601024,0.006518111596660427,0.9782530599719994,True
0.025742566650632966,0.0,0.18861145032679827,0.8839583706789289,0.0065141769452070585,0.9782640958423281,True
0.02571347941741755,0.0,0.1885111876986251,0.8839961855299434,0.00670368588992145,0.978251779379256,True
0.02583169161382751,1.0363051289441152e-12,0.18878774075739832,0.8838754865563218,0.00620304719839209,0.9782693569360572,True
0.025773941976217168,6.030495625852855e-13,0.18843868787045887,0.8840495717943871,0.00622588920519475,0.9782689157302197,True
0.025734047854464433,7.675767820272438e-13,0.18822564344573656,0.8841686246476642,0.006122408534372406,0.9782814463713001,True
0.025701012756995604,0.0,0.18806280690029012,0.8842631421023647,0.006000495882646692,0.9782945455525097,True
0.02567645132071082,0.0,0.1879419821629647,0.8843072603988956,0.006178933183844809,0.978278251480378,True
0.025640860948175997,0.0,0.1878036222872951,0.8843713552103654,0.006243052882363323,0.978273166354013,True
0.025614813094807645,0.0,0.18774691931113022,0.884409219126032,0.006155905048642067,0.9782826787815971,True
0.02558933125440307,3.3084063874513805e-12,0.18768323578543658,0.884429338803372,0.006298749078486419,0.9782709566993987,True
0.02557652021845615,0.0,0.18772171120820363,0.8844272497089134,0.006147126733685367,0.9782881053130152,True
0.025556710923518137,6.2144625541614726e-12,0.18775076407535,0.8844282995200309,0.006034850450490713,0.9783036815639203,True
0.02554114320779575,0.0,0.18780874492215965,0.8844193773401432,0.005887763371425667,0.978323749801223,True
0.025515589389913725,2.1346540484720313e-12,0.18785401401267807,0.8844105176781812,0.005843706460420556,0.9783375246866549,True
0.025539111752424522,0.0,0.18791450612995467,0.884407454195058,0.005509487830630416,0.9783647072600353,True
0.02554063478449688,9.302558795350571e-12,0.18795357035526747,0.8844139939333305,0.005258260814353266,0.9783907791202668,True
0.025523715576535117,1.1742791656385277e-11,0.18791682330390572,0.8844568563910272,0.005054362340356501,0.9784152680547229,True
0.025484386840509327,0.0,0.18779362653530882,0.8845379204794347,0.0049454796529910545,0.9784347337470891,True
0.02576449280305009,5.274620416543674e-13,0.18831379796700726,0.8840643170675949,0.0063479057407953565,0.978221216051626,True
0.0257368121045843,0.0,0.1882476445736985,0.88408951940662,0.006497153483303992,0.9782133416934692,True
0.025764924099847677,0.0,0.18813246507467674,0.8840778410110688,0.007024720897431593,0.9781440735484072,True
0.025733679982924144,1.3832821541695353e-13,0.18813929118071535,0.8840799032200614,0.007106119283159026,0.9781495488105574,True
0.025712667063135956,3.280992652715916e-12,0.1882275394951419,0.8840646350017546,0.00696763793396901,0.9781784047526065,True
0.02567961174310183,0.0,0.18829260026234365,0.8840526055500599,0.00696995609849805,0.9781989056812318,True
0.025682673696788803,0.0,0.18813290161298024,0.8840772035656522,0.00738997119677166,0.9781436543721423,True
0.025656837596310742,1.08547491434398e-12,0.18826377087001941,0.8840482779039656,0.007271790057449436,0.9781801633400607,True
0.025638016961488548,7.442581853107017e-13,0.18822714965129056,0.884045025651362,0.007555415560474667,0.9781586004777516,True
0.025610842813905653,0.0,0.18836828285597712,0.8840183692797079,0.007412535367164768,0.9782025107076965,True
0.025622260916968516,1.0956127379871603e-12,0.18818147163395357,0.8840413747865946,0.007865050771458135,0.978132110604667,True
0.02557593420480411,1.6963223766356933e-12,0.18826348214297545,0.8840293637517309,0.007972838381864128,0.9781611048249149,True
0.025525086417002133,0.0,0.1883850400359269,0.8840134929825059,0.008007201571151552,0.9782060130004693,True
0.02548746766294401,0.0,0.18839975847342366,0.8840101360016029,0.008251943637021943,0.9782100152383147,True
0.025490784696731453,9.18861315058758e-11,0.1885026675991763,0.8839994283515878,0.007934832970357188,0.9782507622430622,True
0.025430229874588643,1.4469588503388878e-09,0.18848608900072605,0.8840430062921336,0.008041909902586429,0.9782860522394555,True
0.025385854241870114,9.82469648511728e-10,0.18854644543609791,0.8840704820925764,0.00789302230748346,0.978343705793095,True
0.025360367601865868,6.042924364474928e-10,0.18861074543071352,0.8840908065010123,0.007656704127746098,0.9783961798206615,True
0.02529185917768712,3.964684147621484e-10,0.18857265776638246,0.8841629994899711,0.007653489299385208,0.9784493287696308,True
0.025284781262194096,0.0,0.18848746035694003,0.8841643112233404,0.008015012330807033,0.9784080414018104,True
0.02522907218623821,0.0,0.18844689948485008,0.8842068280315717,0.008207367287009939,0.9784302777739967,True
0.025523672385521157,0.0,0.18813863291284244,0.8839943933078178,0.009001541131955875,0.9780637097642391,True
0.025456876968969776,0.0,0.18812529201040787,0.8840382276601843,0.009176433428980748,0.9781008736653882,True
0.02545857110685683,6.062855800591152e-12,0.18801549073489468,0.8840376257878629,0.00957427935395374,0.9780453711613731,True
0.02539308404737406,0.0,0.18808594640550033,0.8840729197177927,0.009525278433891508,0.9781158929205428,True
0.025420483309258935,0.0,0.18794792330465565,0.8840554581135679,0.009968206044653545,0.9780294197658957,True
0.02558383847172524,3.782810822539524e-12,0.18801537674267865,0.8839553654112283,0.009287245056380365,0.9779630537863505,True
0.025523654907900005,1.2016489519435117e-13,0.18782447472615643,0.8840630718237087,0.009481576216209174,0.977975309186907,True
0.025601338648130363,0.0,0.1880608194125283,0.8839453269324277,0.009072373985925903,0.9779757366386919,True
0.02552164701014448,0.0,0.1877517976444355,0.8841288997275543,0.00913944635715263,0.978004798549772,True
0.025460860927713064,3.867342591770289e-12,0.18753545974508812,0.8842494598458381,0.00929347479057029,0.9780171897222496,True
0.02540754518721709,0.0,0.1874002911375937,0.8843607971935974,0.009161744825859488,0.9780609427623943,True
0.025346253823429674,0.0,0.18725271777986058,0.8844792399959156,0.009065217211166427,0.9781055988858459,True
0.02528193758463939,2.88939294675344e-12,0.18710229839421016,0.8845858672880009,0.009111837587252649,0.9781370164879953,True
0.025222193865381812,2.819973295727175e-12,0.18698571877051476,0.8846682067608437,0.009224047538302272,0.9781610661489211,True
0.025302063019459642,0.0,0.18715809291201688,0.8845822858472834,0.00877962249598332,0.9781613323032918,True
0.02523145438889742,0.0,0.18690650144689797,0.8847425761250574,0.008745625496600734,0.9781958268485064,True
0.025193437353103344,0.0,0.18680876447454897,0.8848289231049398,0.008574630619669786,0.9782333053422143,True
0.02520045322687314,0.0,0.18678923583348936,0.8847978005032712,0.008901746502968395,0.9781924184200158,True
0.025178331406228962,1.5526901045235927e-11,0.1867016291369533,0.8848230326242194,0.009161202182565487,0.9781738472082229,True
0.025124427457013217,0.0,0.18661873270177007,0.8849017151445793,0.009106651910735857,0.9782110814954643,True
0.02507952619990449,0.0,0.1865366107310542,0.884950752807317,0.0092734800683699,0.9782190581728442,True
0.025050607112922015,0.0,0.18656060982036934,0.8849805762770306,0.009094044273603231,0.9782608811872153,True
0.024995170009322863,0.0,0.18651739518746485,0.8850416338545914,0.009070864847405533,0.9783003314483238,True
0.024945164593091512,3.350070299133821e-12,0.18646913369428533,0.885084007194225,0.009212953105765115,0.9783185740447178,True
0.02490761493460944,2.8656647514584346e-11,0.18651218510501108,0.8851101955617511,0.009067292733953578,0.9783662881429133,True
0.024854110002600464,2.4377914010219217e-12,0.18648465885074256,0.8851506823981198,0.00918243279106646,0.9783930118259289,True
0.024829830264244734,1.1335934298661625e-11,0.18654942742229097,0.8851658858414229,0.008968728400298845,0.9784405995639043,True
0.02477236488562017,8.453255196285806e-11,0.1865037038979017,0.8852196181832297,0.009069596558640841,0.9784714702167131,True
0.024750540353851058,3.099373779895137e-10,0.18656143332941763,0.8852376788704454,0.008842895309562835,0.9785183958450916,True
0.024703137595240374,2.8080301415338777e-10,0.18648830146008194,0.8852864670065302,0.009026918216647327,0.9785306180173743,True
0.024661143011190045,5.3902935801265e-10,0.18651396088318797,0.8853286696917934,0.008857707971754471,0.9785856506724168,True
0.02466097315133189,6.64937903510913e-11,0.18643183872486013,0.8853223660910997,0.009230313865940466,0.9785382855200235,True
0.024725933293028128,0.0,0.18631224593500703,0.8852594171492072,0.00976298392703061,0.9784155401167107,True
0.024667048630479332,0.0,0.18634319846831301,0.885304725798165,0.009690163954217868,0.9784763250323215,True
0.024609826901212453,0.0,0.18638763815775097,0.8853461740939946,0.009582159566551117,0.9785399931728701,True
0.024655998886451085,1.8125885279590423e-10,0.1864788710827079,0.8853142717129949,0.009176898299539177,0.9785537074356078,True
0.02458330247718675,0.0,0.1863407514488886,0.8854367072546769,0.009133655666415157,0.9786070829791212,True
0.024509749436347292,5.273551702641714e-10,0.18622958157218666,0.8855452862018532,0.00912647261860037,0.9786600775153017,True
0.024438132463686736,0.0,0.1861470954012658,0.88563790274279,0.009146717191718745,0.9787114504434229,True
0.02445484116645001,6.076902738565763e-10,0.18607372493018257,0.8856097121649367,0.009550362723764099,0.9786465752377181,True
0.024397358945773707,0.0,0.18607682621836788,0.885670098454885,0.00944294510568533,0.9787085115640689,True
0.02432591445342079,0.0,0.18605205500854083,0.8857431365344589,0.009440466470711345,0.9787691640387293,True
0.024254038748618676,2.0442551948382696e-09,0.18602450852078595,0.8858083167291702,0.009529894012360497,0.9788205730338183,True
0.024253502319812475,1.5236957210988195e-11,0.18593027295389408,0.8858055692338821,0.009909984570334629,0.9787707057260661,True
0.024208189687922387,8.031040832045538e-10,0.1858736989345541,0.8858392845381573,0.01018620796711717,0.9787761348085384,True
0.02419784514705742,0.0,0.18578213252833156,0.8858456014395327,0.010553723629083089,0.9787366677036985,True
0.024153333377319456,0.0,0.18572712401646876,0.885876057703464,0.01085168319303024,0.9787396197116984,True
0.02413949254112377,0.0,0.18563652952155932,0.8858851139992892,0.011220236678764034,0.9787033787600689,True
0.02406244572082041,0.0,0.18568528391044312,0.8859385977199999,0.011211452438366158,0.9787812396752215,True
0.023979565456734624,1.0652767530830341e-09,0.1856859174596565,0.8859996132474453,0.011372548984903069,0.9788425730425503,True
0.023995790550932886,1.1974221976249257e-09,0.18556260146033757,0.8859877087026002,0.011795424952002366,0.9787690106301912,True
0.023912861788496286,0.0,0.18560890691990156,0.8860495638569297,0.011796459820866434,0.9788540173168805,True
0.023818886692682867,0.0,0.18560772613024623,0.8861294756049471,0.011910111088105923,0.9789333386700703,True
0.02372554997256125,0.0,0.18559608682461912,0.8862077104901478,0.012075606447318034,0.9790057539024574,True
0.02363385726320117,0.0,0.18557820593473928,0.8862860663408865,0.012262585384183004,0.9790751693082561,True
0.02357937357638366,2.3290147606482934e-10,0.1856275792285476,0.8863386071269637,0.012098951811280009,0.9791523969741389,True
0.024210753490586396,4.044240609368614e-10,0.18567598973311453,0.8856233931031637,0.012728892802891915,0.9784613883741451,True
0.024304533877777732,1.3975744376452224e-09,0.18581739313480833,0.8855347856350639,0.012189875054957649,0.9784434836000425,True
0.024208166102390054,7.215356796619075e-10,0.18559384379138427,0.8857111869513298,0.012234116564595478,0.9785081095685576,True
0.024153005216013084,2.0860346828867502e-10,0.1855150241286914,0.8858138151916061,0.012063561864690407,0.9785713274645552,True
0.024098873099788354,1.2157203450061704e-09,0.18543295086329453,0.8859173874052132,0.011883609111078856,0.9786338640525808,True
0.02402666837604662,9.646935725093168e-11,0.18529958210001876,0.8860520140410221,0.011758763332545977,0.9787018051875008,True
0.023941607770176194,1.7765914891355292e-09,0.1851292724331041,0.8861943305252593,0.01180666119971224,0.9787589685184029,True
0.023880412665849855,3.381313613436371e-10,0.18499976544712085,0.8862816002964482,0.012006320902818743,0.9787814833581401,True
0.02379552194915253,0.0,0.18488784409092168,0.886403524631994,0.012037107999995588,0.9788474466774548,True
0.02377042639554817,0.0,0.18491577537958104,0.8864427863289654,0.011783137372029634,0.978900674018756,True
0.023864984617244924,7.322531214301321e-10,0.18497419292704137,0.8862741326382745,0.012308760633489563,0.9787612298340483,True
0.023800842539474686,1.404561913537107e-10,0.18491919542220983,0.8863700123654654,0.012180095087318826,0.9788296102170265,True
0.02384578971534405,0.0,0.18504440909440464,0.886319618048976,0.011795581091414396,0.9788418225961782,True
0.023769981502898326,0.0,0.18484988020952436,0.8864767745856815,0.011703748351279408,0.9789017146904437,True
0.02411751936736283,0.0,0.18573120981500488,0.8858702761559697,0.011136434612419676,0.9787358810634721,True
0.02403694295197447,0.0,0.18527916579855797,0.8861164437587894,0.011179843132649839,0.9787560266580684,True
0.0239644478475223,0.0,0.18489491140413555,0.8863363361587182,0.011128550032804942,0.978783791860786,True
0.02389768528923411,2.3974616780420566e-10,0.18456862456887801,0.8865257881883306,0.01108407985986972,0.9788101007125158,True
0.02383835563058712,0.0,0.18430915149838423,0.8866819600232324,0.011028007064478824,0.9788365357724245,True
0.023830334802766695,2.783509281483144e-11,0.18425963238193888,0.8866808619934485,0.01129666866224715,0.978810678212253,True
0.023776886703319938,1.4429108945801238e-09,0.18408624258595735,0.8867869828185523,0.01131955030156188,0.9788301055544418,True
0.023732867070880473,1.3564974008202596e-09,0.18396094823345027,0.8868556113775717,0.011447819469968132,0.9788360868507943,True
0.023693822426787726,7.816657553634796e-10,0.18390803186896337,0.8869112957396174,0.011368345523189617,0.9788653124557648,True
0.02364782161704256,0.0,0.18384983596766483,0.8869637586070402,0.011390557813549515,0.9788886765908726,True
0.023622002453969927,0.0,0.18387169301245204,0.8869867416341852,0.011242352148979787,0.9789225881404112,True
0.023580157301990586,0.0,0.18381906994417374,0.8870246258030068,0.011367949732462747,0.9789341607750937,True
0.023534718128541902,0.0,0.18381512053184565,0.8870554192503869,0.011393101834221379,0.9789629795163097,True
0.02349551713131404,6.421530651241458e-10,0.18385664692789327,0.8870723076002408,0.011331997959080244,0.9790006317063406,True
0.02349018270128614,3.0237513774691987e-10,0.18393197501484682,0.8870704838570641,0.011082305544837596,0.9790364716668627,True
0.023530992962126927,0.0,0.1838614679585667,0.8870205877549852,0.011553192143197298,0.9789513217342685,True
0.02350300546056015,0.0,0.18389848836859835,0.8870444598709906,0.011380887461505609,0.9789937040552897,True
0.02346227711728286,1.37805654467761e-09,0.18390562911152034,0.8870854537529437,0.011258411140192928,0.9790382696867604,True
0.02349280452746421,6.241446705387481e-11,0.1838112155125949,0.8870526211876327,0.011720087937681731,0.9789582290063447,True
0.023609360129713444,0.0,0.18363344963727005,0.8869646572752222,0.01237432845431921,0.9787813820938572,True
0.023598243721916472,0.0,0.18355183210133044,0.8869721467759333,0.012709521919560287,0.9787480628265985,True
0.023546763130771246,0.0,0.18360576749677612,0.8869965085452722,0.012671851151843832,0.9787993922936603,True
0.02348950115648192,0.0,0.18364656239690758,0.8870223701169252,0.012727298964660915,0.9788456513153789,True
0.023436962672903298,0.0,0.18365797660589364,0.887044365406049,0.012900169885411926,0.9788733537089959,True
0.023376380883135366,0.0,0.18372376947809974,0.8870650043874703,0.012945545013032788,0.9789268891265201,True
0.02332210346293399,0.0,0.18381368682650473,0.8870834037704822,0.012886965836895225,0.9789902471837346,True
0.023255384693998703,1.554922781904188e-09,0.1838499662678713,0.8871178498540606,0.013000343996247903,0.979042834542919,True
0.023188225648344895,7.398310823914e-10,0.18392020434910406,0.8871492231792236,0.013025691476448721,0.9791093260936068,True
0.023123468779364963,1.1245990365216434e-09,0.18399464279142255,0.8871829486055902,0.012997829811473098,0.9791802711259006,True
0.023053788351085354,0.0,0.18401136298055928,0.8872249461699523,0.013155450547963347,0.979230627660232,True
0.02300032850594457,0.0,0.18409208751097675,0.8872572200668162,0.013037596299806149,0.9793032638223046,True
0.022998363985549115,0.0,0.18399571870529216,0.8872560279152402,0.013419939945359751,0.9792538872678862,True
0.02292449160914125,4.6500094264451627e-10,0.18403758738111034,0.8873142023113666,0.013390921995806822,0.9793329964669227,True
0.024002045454878863,0.0,0.18412558714183858,0.8864312509063237,0.011555928431042221,0.978494044477243,True
0.023923738537056198,0.0,0.18362372090279885,0.8866906040231828,0.011658658429975283,0.9785024644745822,True
0.02386351657660564,0.0,0.1832496611996292,0.8868780273431028,0.011791042941423389,0.9785028579429175,True
0.023795203108532715,0.0,0.18283356959813826,0.88709280015963,0.011869860962718097,0.9785095849586991,True
0.023732849188025984,1.541822911356326e-10,0.1824788342280197,0.8872738164527906,0.011958016587083963,0.9785132337209828,True
0.023689732124356336,6.059328628778382e-13,0.18225372384153293,0.8873802203496429,0.012118753798893229,0.9785070822710153,True
0.023642305270510866,0.0,0.18203005805949687,0.8875016658962935,0.012121653452050277,0.978516694926042,True
0.02359806654210941,6.56546687413435e-12,0.18185138610636126,0.8875990204597352,0.012142473342654007,0.9785247135194812,True
0.023596075670235906,0.0,0.1818174019663906,0.8875889944144605,0.01241984963333512,0.9784976953976557,True
0.023562729694402245,2.0465302499446228e-09,0.18174570206196644,0.8876329516284072,0.012427351497674304,0.9785058047059206,True
0.023544198398882,2.1124435668986862e-09,0.18174807699176998,0.8876499478406737,0.012315598988014159,0.9785239884490022,True
0.02351040804300233,0.0,0.18169589366354613,0.88767899831152,0.012404719450360648,0.9785269451432931,True
0.02347891389868,7.125239506400203e-10,0.1816916529331998,0.8876907215016333,0.012444549995926561,0.9785365486807571,True
0.023449936413572917,9.73323102473428e-10,0.1817268871194529,0.8876872245435455,0.012457674731207843,0.978550669076595,True
0.023429197394175923,1.2690412866556024e-09,0.18169136511909256,0.8876892535860871,0.012702597172183444,0.9785349374146747,True
0.02340257440766318,1.897468875701347e-11,0.18178134623969394,0.8876688655540378,0.012670510781946124,0.9785595386928595,True
0.023380182176942352,3.745543153856339e-10,0.181886786835196,0.8876442813900267,0.01259016551483868,0.9785876751821789,True
0.023396680961382792,0.0,0.18168799951657535,0.8876773171135938,0.013009760360207723,0.9785213168718815,True
0.023433360016999548,2.9013916947465285e-09,0.18172944723236575,0.8876753189987234,0.012604003336600767,0.978540045516298,True
0.02338548506729573,1.7985968306690606e-09,0.18164170899306764,0.887747948953239,0.01258306978159081,0.9785688052483696,True
0.023342030575787473,0.0,0.18159386515952008,0.8878000873116237,0.012557016362803944,0.9785970198913838,True
0.0232934279258111,0.0,0.1815591208143825,0.8878476873043045,0.012591143017440515,0.9786272477114958,True
0.023357989863550074,1.2245220852881793e-09,0.1816589288677922,0.8878042945240493,0.012146212995707364,0.9786337601824674,True
0.023387928037709234,9.427742593911162e-11,0.18173471834006658,0.8877133898072254,0.012502245902494631,0.9785807490715361,True
0.023452653363350496,1.223023840150261e-09,0.18196620814225206,0.8876083461209165,0.012131296408906256,0.9785914514150664,True
0.023394169840281774,1.7434693033682844e-09,0.1816764534927873,0.8877656413193074,0.012186627228432577,0.9786038698091702,True
0.023448418585062202,0.0,0.18192949982065626,0.8876537274789773,0.011875170241635301,0.9786184773893054,True
0.02338806753418346,0.0,0.18158462914157728,0.8878394991603221,0.011872889151883788,0.9786318137311107,True
0.023336066230721784,0.0,0.1813163763556134,0.8879903429884825,0.011826643456054386,0.9786485311662891,True
0.02332658731323129,0.0,0.18126216357882088,0.8879954991580015,0.012065133864626858,0.978626580947412,True
0.023284408331832367,0.0,0.18109464846490558,0.8880854909567353,0.012105610743324164,0.9786328151891881,True
0.023247321075682635,0.0,0.18098472459845327,0.888152351522464,0.012088231382004079,0.9786447138216906,True
0.02321275073684044,0.0,0.18091459537576707,0.8881972254854859,0.01210028482222093,0.9786545231733694,True
0.023193046558098902,0.0,0.1808537025391754,0.8882117592112977,0.012322348379578426,0.9786386104808854,True
0.023163485256165635,1.5750451321974238e-09,0.18085965198482418,0.8882194881510217,0.012346825094890086,0.9786493157184789,True
0.02313336256442051,4.484407751453485e-10,0.18089849610651615,0.8882184499367592,0.01234803825287687,0.978667698438458,True
0.023104475746541602,0.0,0.18092705468023274,0.8882080617463973,0.012479531471968806,0.9786715890865136,True
0.02307615293095118,0.0,0.18101649253632532,0.8881819378095213,0.012500675645583674,0.9786901840776839,True
0.023050168264145708,0.0,0.18112817941963116,0.8881510022010634,0.012476851736419516,0.9787150919108789,True
0.023020933716265648,1.9020779467826074e-12,0.18124662868705618,0.8881193770687564,0.012468078834034288,0.9787426914141866,True
0.02298694120453437,2.30884747018109e-10,0.1813254856274003,0.8880950149379678,0.012613906519513041,0.9787577579825527,True
0.02295080354043595,0.0,0.1814484959636396,0.8880628747764612,0.012669132427605577,0.978787122758281,True
0.02292299995137701,0.0,0.1815895251034164,0.8880335562162627,0.012582860036409958,0.9788283187679708,True
0.022880470406741783,0.0,0.1816614535086691,0.8880230458753552,0.012717903769533771,0.9788537726296898,True
0.022854297666788807,9.713180433100814e-10,0.18178664967662186,0.8880059043168512,0.012583208979216231,0.9788992301264802,True
0.02280624453207402,1.9179548954201114e-09,0.18186972510268765,0.8880100344805371,0.012589967047905992,0.9789448989498358,True
0.023189549582234483,6.315937701527989e-11,0.18154359095328196,0.8879346033178648,0.011484559419409188,0.9787063988576651,True
0.0232175156581073,0.0,0.181707036769808,0.8878173559481841,0.011743014880071923,0.9786708743330881,True
0.02314808534082816,0.0,0.18132562738869137,0.8880284022352128,0.011750276438167936,0.9786912159295585,True
0.023086999836227435,0.0,0.1810122753389632,0.8881965968595371,0.011816946978030105,0.9787027345290187,True
0.023331185931557464,0.0,0.1821504265007005,0.8876135540922706,0.011205413565140251,0.9786887673426209,True
0.023258101522403547,0.0,0.18164065769642462,0.8878762862314734,0.011231198521928911,0.9786966150796857,True
0.023265279953234894,1.2656940826369788e-09,0.18169911775559416,0.8878265544195952,0.011435673724619481,0.9786761145630865,True
0.023224447018822765,2.3939387973754444e-10,0.1814232150216293,0.8879729992104834,0.011367441056931849,0.9786846069606919,True
0.023183932446707592,2.2742363105133215e-10,0.18115634150881096,0.8881111097478595,0.011316013055536325,0.9786892807296885,True
0.023144731285857294,0.0,0.1809110272133324,0.8882314171991829,0.011313421528136637,0.978686930805849,True
0.02311209328944317,0.0,0.1807248511055513,0.8883170537650764,0.01134337586060523,0.978679479317852,True
0.023090292181443706,1.2823172901902758e-09,0.18061421365968694,0.8883555167511404,0.011481554205172799,0.9786626248633011,True
0.023075236606627705,1.1805628582463697e-09,0.18054507867048356,0.8883702139029952,0.011669740165768844,0.9786427544187999,True
0.02308609769123466,0.0,0.18060431119677667,0.8883641858413216,0.011421774095251433,0.9786663414397099,True
0.023061098942366447,1.261535633746975e-09,0.18048665401820685,0.8884104015088614,0.011515720748204296,0.9786537297795005,True
0.02304047624539999,1.106347441482616e-09,0.18042467188791655,0.8884367854393188,0.011506239170160106,0.9786491224896245,True
0.023046217809589098,0.0,0.1803580133827125,0.888443898503864,0.011867885627682321,0.9786229051952202,True
0.02303062238693305,9.297665243021229e-10,0.18035053149880553,0.8884326137808295,0.01199269086406236,0.9786078804599987,True
0.02301849910486897,1.8059914375765174e-10,0.18041198248279536,0.888396347943392,0.012018317553899666,0.9786023393653888,True
0.023010182208054113,0.0,0.18051458853317554,0.8883422106381844,0.012017754933744176,0.9785995049047722,True
0.022994954277644985,4.00713300613409e-10,0.180600628841249,0.8882939418160861,0.012126325092265543,0.9785942566374239,True
0.022984088715356774,2.3787802051582363e-12,0.1807376178280931,0.8882224114126568,0.012192343253716209,0.9785912203290821,True
0.022973307694126862,1.909430396726493e-11,0.1809013196230833,0.8881424743181369,0.01223698344924013,0.9785931341487728,True
0.02296999748469355,6.811036392060392e-12,0.18107467493045512,0.8880744352196352,0.012121336191064766,0.9786117726916738,True
0.022959966986303853,1.9329611915173005e-11,0.1812327388625847,0.8880161485009128,0.012027571907815624,0.9786325179515348,True
0.022938830674926258,0.0,0.18136340758224814,0.8879630903677829,0.012064102516292466,0.9786447941589069,True
0.022917767652647567,6.620383665326686e-10,0.18140672970025787,0.8879369075960131,0.012275578377865477,0.9786402731081804,True
0.02289168513609315,6.518416849255039e-11,0.18154689639423205,0.8878822278237091,0.01236125772637572,0.9786556760860092,True
0.022870705460322896,4.6727506737809794e-11,0.18155219981824686,0.8878671860378046,0.012620998445848694,0.9786432859936555,True
0.0228388134546041,3.0440928012943276e-10,0.18166465355515105,0.8878261160351791,0.012776421601037114,0.9786584431171639,True
0.022804057950220336,0.0,0.1818092644243397,0.887778218746462,0.01289013417573532,0.9786828509586318,True
0.022798459214363846,0.0,0.18167529992776288,0.8878019208264449,0.013246949875541746,0.9786395707903264,True
0.022767674694801367,0.0,0.18184360109823014,0.887762856388483,0.01318032122250346,0.978684656937598,True
0.022726481856471227,0.0,0.18190556523631263,0.8877510413502142,0.013378024420955757,0.9787038239683705,True
0.02267628278856954,4.568323933346082e-10,0.18199235300660865,0.8877431160612087,0.013533428094924627,0.9787392930213454,True
0.022633959697321637,6.319599329516895e-10,0.18212536050454084,0.8877325093313017,0.013476489509070785,0.978795190215532,True
0.022577382944645508,7.290389957056233e-10,0.18220064104813574,0.8877398738274765,0.013606710031888368,0.9788401950805834,True
0.022516617487832024,0.0,0.18228044498893817,0.8877536523581829,0.013703364295348769,0.978893874852652,True
0.022453011165729685,0.0,0.18234794492528322,0.8877732971876129,0.013826629085854344,0.9789472696502545,True
0.022386560902441056,0.0,0.1824228372879406,0.8877982944127837,0.013908108991284767,0.979009713056754,True
0.022379937089085068,0.0,0.18251321493314407,0.8877986855920316,0.013630942056103941,0.9790552930586036,True
0.022310743395746343,0.0,0.18245668710001772,0.887874462627631,0.013767568166501772,0.9791028061776399,True
0.022329657805372882,0.0,0.18254130722443976,0.8878601846934584,0.013419340395464548,0.9791308383056783,True
0.022254200091617195,2.870661268803587e-10,0.18238857266459615,0.8879865562168108,0.013494733919217003,0.979180842836175,True
0.022229335148905047,0.0,0.18239070781068767,0.8880342147267849,0.013271944385527703,0.9792295686321287,True
0.02215627580278699,0.0,0.18222869950648352,0.8881616698629905,0.013347261865337976,0.9792760196162322,True
0.022083510670479117,0.0,0.1820944441327826,0.8882778940608042,0.013421690450850336,0.9793251161271954,True
0.022010281963841503,2.730754421453379e-10,0.18199218602515105,0.8883867023886907,0.013452315895742828,0.9793827956743416,True
0.0219572779819858,5.0004164700837674e-11,0.18189622084367515,0.888453523635202,0.013667026405374025,0.9794016341070437,True
0.02188632532786812,9.053244280018576e-11,0.18181819113734338,0.8885411144801246,0.013788982015796895,0.9794502101393288,True
0.0218173724900758,0.0,0.1817855298124215,0.8886237947261441,0.013775248153729436,0.9795165596323548,True
0.02174636565969805,0.0,0.18172550002410492,0.8887029286599781,0.013917220576602354,0.9795656786720306,True
0.021727010551705197,5.729205761906509e-11,0.18177639639725912,0.8887282894979822,0.013676845023990553,0.9796164877539039,True
0.021652574073211,0.0,0.18168863173539496,0.8888387761525244,0.013666921026295919,0.9796830920202219,True
0.021576120730254247,0.0,0.18159985287574198,0.888942893189357,0.01374109067522169,0.979742819627228,True
0.021525379815616266,0.0,0.18159165930680307,0.8890126942711581,0.013600969526419837,0.9798085239245596,True
0.021544081588604592,1.6456508145264828e-10,0.1816785840160157,0.8889961031416427,0.013262777804167692,0.9798353953142156,True
0.02163058149972004,0.0,0.18181364635650812,0.8888033369879843,0.013747319602386161,0.9797101601662384,True
0.021587706596466548,0.0,0.18175799848304042,0.8888877869454683,0.0135667066202021,0.9797667861869885,True
0.02151553204013215,0.0,0.18159161125049555,0.889017748607916,0.013639317145302938,0.9798135542331639,True
0.02153355046154903,0.0,0.18155950294007786,0.8889718066508957,0.014017395535942844,0.9797515581209346,True
0.02146591492427327,0.0,0.1814727183705367,0.8890797953679356,0.01396022621770682,0.9798161545532039,True
0.02140147331937828,2.5389895118841157e-10,0.18136824437809435,0.889171080055119,0.014091109062740036,0.9798552024980651,True
0.021332273802671515,0.0,0.181319332764509,0.8892621995063129,0.014070407619749894,0.9799218658885674,True
0.02152073315209968,0.0,0.18131694693022202,0.8890097044602183,0.014667569446889595,0.9796681779253293,True
0.02145154826518208,7.835331723090638e-10,0.18128809244483832,0.8890934054205325,0.014642726239664571,0.9797374524264848,True
0.02157938000329601,4.1828712124845615e-10,0.1812174041794635,0.8889352399032276,0.015171182288460233,0.9795439424112464,True
0.021527248126782528,8.050081127768992e-11,0.18123439787124296,0.8889950485602548,0.015045321439217631,0.9796122475763771,True
0.0214616231588032,0.0,0.1812143713461185,0.8890779199975537,0.014971452183801217,0.979685105670613,True
0.021441718258736364,0.0,0.18125782171897345,0.8891084231596628,0.014719502600174787,0.9797373340191495,True
0.02136487169298554,5.116691380649051e-10,0.18114904012656294,0.889230824622609,0.014712552539694817,0.9798053451975597,True
0.02130796039389882,7.067352757868879e-10,0.18104511313204805,0.8893089438696765,0.014909589553914126,0.9798315011424358,True
0.02130498626672356,2.041897019573023e-10,0.1809726267442151,0.889302594886499,0.015261397494208287,0.9797889084627962,True
0.021243916827631507,6.470890273182054e-10,0.18088636315086862,0.889376133270281,0.015477392858424376,0.9798193154928043,True
0.02117008643616249,0.0,0.18081325289028563,0.8894661004614864,0.01562431304853684,0.9798727269066293,True
0.021092170028117353,7.377092577387781e-10,0.1807733462139759,0.8895601210445375,0.01565146043876331,0.9799467948892346,True
0.02108858427116583,0.0,0.18083278794014085,0.8895743338003756,0.015355328212397797,0.979990727770446,True
0.021030574419920657,0.0,0.1807106021722638,0.8896595546942564,0.015558290857541705,0.9800148557803883,True
0.021057378891092708,6.132099178857473e-10,0.18067280499145982,0.8896040143687913,0.01594935027111602,0.9799404174777312,True
0.02104263944251307,2.823192386096828e-09,0.18070768857687072,0.8896336790885113,0.015691104564915792,0.9799875262001391,True
0.02096334930940284,7.595883454703049e-10,0.1805588251961924,0.8897805589039868,0.01565783975828924,0.9800599722616714,True
0.02089076497441533,0.0,0.1804192366823144,0.8898969529367742,0.01578607158015483,0.9801065712779313,True
0.02081699498085671,0.0,0.18032327786483807,0.890012005261546,0.015779137773596175,0.980173644193965,True
0.02074838915701859,2.4641063300947926e-10,0.18025811783031012,0.8901168150651394,0.015713045816402652,0.9802458742267052,True
0.02066949200844245,5.721792866230765e-10,0.18016575493063686,0.8902315040539219,0.01575548544775135,0.9803143820914196,True
0.02059475948863168,0.0,0.18006402725829637,0.8903334935333045,0.015910229327546904,0.9803655071624526,True
0.020581338008501336,0.0,0.18011038436379825,0.8903580980248886,0.015646081394837048,0.9804132902067878,True
0.020639581324443417,0.0,0.18013423356523445,0.8902402390685002,0.0160817742768784,0.9803073558511175,True
0.020665273275272948,0.0,0.18009759187623928,0.8901855050383165,0.016471245947142846,0.9802343009764362,True
0.020626248826169077,5.692196024530334e-10,0.17999577931648764,0.8902363569770205,0.016750842462613533,0.9802342472044839,True
0.020670310278387626,0.0,0.17995330468962473,0.8901621201109372,0.01716169158696248,0.9801387724557495,True
0.02059739334750075,8.028971200026599e-10,0.17986745908235102,0.8902560507410454,0.017322882347106848,0.980189781085118,True
0.02052603731799195,0.0,0.17978034984154334,0.8903450053057672,0.017519761523351413,0.9802351802265389,True
0.02045807520551494,0.0,0.17975455791033212,0.890435093350032,0.017452625995296962,0.9803123723051981,True
0.02054041431579417,0.0,0.17971425688595216,0.8903144689494531,0.017896972434470807,0.9801715973924292,True
0.0205912067893136,3.680447246476907e-12,0.17965563267140347,0.8902386587987573,0.018308434880261792,0.9800664751381395,True
0.020570510408784146,0.0,0.17970003701473564,0.8902695378543904,0.018067816084480378,0.9801195563617583,True
0.020761869508031692,7.358180862428422e-10,0.17985725046078346,0.8899444327579442,0.018601922087440565,0.979873058724154,True
0.020697538840758048,5.482551228379584e-10,0.17980214198535593,0.8900450160128524,0.018510842483994223,0.9799460875537854,True
0.02066918360072554,0.0,0.17970994115389327,0.8900788330058907,0.018815310596589137,0.9799338035828373,True
0.02078802413021163,8.110393884216235e-10,0.17973441509121502,0.8898898066742983,0.019294327128225184,0.9797570150309451,True
0.020713089606284592,0.0,0.17963367221051682,0.8899905626551979,0.019474552091158018,0.9798073987604563,True
0.020633246978585856,8.761833727465443e-10,0.17957242435303206,0.8900989681254948,0.01949181782952818,0.9798851811781942,True
0.020549535392723816,0.0,0.17950181673594603,0.8902087055255415,0.01957001065955932,0.9799596138935146,True
0.02093012629016929,8.721235934052831e-11,0.1796010790185659,0.8897040196341321,0.020067262201944967,0.9795045592306274,True
0.02105479439827024,0.0,0.17979320057418707,0.8895590441066733,0.019464659946552953,0.9794556443937669,True
0.021307825410708314,9.845517612520023e-11,0.18063926842647376,0.889025011312339,0.018842324509534995,0.979344645624031,True
0.021225320551428097,7.334929135590168e-11,0.1801785058244862,0.8892907229910895,0.018851169194437554,0.9793799759766819,True
0.02115455373029448,8.888248254786561e-11,0.17981087141948987,0.8895117266162379,0.018808043380457398,0.9794171624148653,True
0.021920810615185526,3.23222832163735e-11,0.18350748968977665,0.8873946641565892,0.017985197103378363,0.9791484090337997,True
0.022944813930709247,1.0376900188207717e-10,0.19192555827444377,0.8832144325554304,0.01718692101699466,0.9791772117964213,True
0.02292500984623816,9.283427775139475e-11,0.19175047169550433,0.8832926056351232,0.017263056288481217,0.9791678415757097,True
0.02286381334488586,0.0,0.19114191430698602,0.8835793032528154,0.01728861048671131,0.9791502604063085,True
0.02302837396300851,0.0,0.19284645001965356,0.8828205683910127,0.01699950278078457,0.9792437934008396,True
0.022985739798639028,1.2192265316015912e-11,0.19241353371111106,0.8830168264716673,0.017064969302992748,0.9792235933394151,True
0.022953951222871073,0.0,0.19206106719257207,0.8831685615981895,0.0171355163729098,0.9791990951944755,True
0.022918613243996366,4.089805675013122e-11,0.19160118081679003,0.8833582468012652,0.017194154549712192,0.9791588372505583,True
0.02290187722134751,0.0,0.19135804599312745,0.8834480984224764,0.017269523116552127,0.9791271214190401,True
0.022892101515148724,2.813578780315645e-10,0.1911633728037767,0.8835099033482798,0.01734683661544128,0.979091590031526,True
0.02289120437458939,0.0,0.19093745121563946,0.8835651854225347,0.01738852475149963,0.9790339110303544,True
0.022903978848883462,1.5292585002362475e-10,0.19082631064944525,0.8835689680911807,0.017386887782674346,0.9789821235688292,True
0.022922526857386598,0.0,0.1907542158639786,0.8835467979096324,0.01738752255483517,0.9789239058416217,True
0.022950019388436924,3.82863680304931e-11,0.19072779951647564,0.8834884902751029,0.01742173254192568,0.978852390071627,True
0.022942296117441224,9.655841079775914e-11,0.19069809792170916,0.8834989493365403,0.017529141408921714,0.9788479983939533,True
0.022955942223206603,1.031532889769082e-10,0.19072189769348233,0.883449273515572,0.017627802619984617,0.9788102224654665,True
0.022967029045680286,0.0,0.19076951928237665,0.8834268937663404,0.017518631146018235,0.9788116534075287,True
0.022990193361229646,6.4616750248297e-11,0.190833226374232,0.8833688856956279,0.01744117615740144,0.9787854989473607,True
0.022990157766294657,1.0233227346620264e-10,0.19085259681863975,0.8833805517578937,0.0173183598159257,0.9788068502695457,True
0.023010570234798626,0.0,0.19081276394933025,0.883339227928664,0.017358567545370587,0.9787456099033292,True
0.02301801513866635,0.0,0.19080304851009322,0.8833119845263623,0.017453465885998852,0.978713508781409,True
0.023059376297113996,0.0,0.19090266310062726,0.8831885264186555,0.017479750472492495,0.9786398579689691,True
0.02311386969433855,0.0,0.19108887334584748,0.8830155044730456,0.017476671412567726,0.9785599411459693,True
0.02316542637180391,7.236798078725268e-11,0.1912910831911253,0.8828390764636672,0.01753119926630504,0.9784846181315978,True
0.02305927818669027,2.3599818523325256e-13,0.19080800490889793,0.8831768083540383,0.017746488201552345,0.9785808108087233,True
0.023137435745460518,0.0,0.19118705354732224,0.8829013841621125,0.017729420049309885,0.9784949109357737,True
0.023190171982173383,0.0,0.19145758103012608,0.8827247114206408,0.017625329427239038,0.9784535019357038,True
0.023248952128308912,0.0,0.19175217744931836,0.8825251227167681,0.017534237693191363,0.9784012114414272,True
0.023321579123579444,6.742501189723784e-12,0.19211824948655723,0.8822655736102778,0.017495793855956933,0.9783246983602989,True
0.023393403094460922,2.7106302013297977e-12,0.1925040287441589,0.882006092392838,0.017422464744969904,0.978258106767628,True
0.02329768566126411,0.0,0.19197276869469246,0.8824034245210003,0.017188729374606623,0.9783898088683465,True
0.02332521844597434,0.0,0.19203120665450085,0.8823175375274264,0.017190233557254273,0.9783331408546768,True
0.02336163990350326,0.0,0.19216232999893132,0.8821991569399574,0.017138494069568605,0.978280321939423,True
0.02312019846409394,0.0,0.1911440264076271,0.8831136703970617,0.016839667844011152,0.9786856836008753,True
0.023166653336181585,5.694646511349728e-12,0.1916725749295237,0.8829068306142798,0.01665405156394668,0.9787431180847362,True
0.023225572649310477,1.3987957903776644e-11,0.19239427976823237,0.8825787406268518,0.016779912909774517,0.9787758805249559,True
0.023236988930042727,0.0,0.19250612967644015,0.8825410971826466,0.016664746587010122,0.9787941620208667,True
0.023207442632266703,1.5921141489810472e-10,0.19211399092924825,0.8827050838840284,0.016660918818874333,0.9787620795078639,True
0.023232646809239074,0.0,0.1924595752267113,0.8825832806617794,0.016511422775130635,0.978813068275135,True
0.02321434242861339,1.6084262272844946e-10,0.1922373835372657,0.8826703800089475,0.01658196455820882,0.978789071938423,True
0.023200062674770833,5.697486240125754e-12,0.1920209453133738,0.8827475022803931,0.016649428533874917,0.9787579749427775,True
0.02319363702964272,2.7172407734371884e-10,0.19182436852413698,0.8828036322207736,0.016705073767045723,0.9787158167545662,True
0.023192669508264725,1.4863524640105663e-10,0.19164920678586556,0.8828427032276066,0.016752443903567685,0.9786673067691746,True
0.023183935331514093,0.0,0.1916403239967453,0.8828485807200318,0.016874838338954028,0.9786687427184044,True
0.023206422631187038,0.0,0.1916363641945954,0.8828024237324162,0.016835028222233258,0.978620605829714,True
0.023221578099040158,6.429246896146257e-11,0.19163458956197268,0.8827564133231407,0.01691424219326355,0.9785737081684195,True
0.0232439028789707,0.0,0.19168554617428546,0.8826804850637718,0.016997669217082033,0.9785232581509146,True
0.023247030511117563,0.0,0.19168550326257097,0.8826559173258173,0.01712292915869416,0.9784986689571028,True
0.023305071846378117,0.0,0.19192278500842772,0.8824595561859954,0.01713326723751824,0.9784209486902092,True
0.023353970589045942,4.549407133776551e-11,0.19215087044170623,0.8822981173888992,0.017052713981217774,0.9783735526552464,True
0.023414490368450818,0.0,0.19244529434224897,0.8820780827423764,0.017039146560764475,0.9783007299135009,True
0.02335549980357641,0.0,0.19213871574990207,0.8823300374487705,0.016815080604553483,0.9783993953237216,True
0.023380946228527835,0.0,0.19217539511540158,0.8822533141467008,0.016838251821627202,0.9783410117044016,True
0.02337779283556281,0.0,0.1921505901330367,0.8822464573411385,0.01698159401166448,0.9783217524076568,True
0.023399694669461037,2.3077614266549467e-13,0.1922471464218377,0.8821863637593421,0.016853406949834296,0.9783099369704917,True
0.023432518912718425,0.0,0.19235440585146807,0.8820738258338618,0.016863731431357776,0.9782510287595959,True
0.02345806472889303,0.0,0.19246943004068826,0.8819984992340283,0.016738302511147954,0.9782332142543724,True
0.023493165830785166,3.455238621911304e-13,0.19260702908607436,0.8818814267070911,0.01667597030023186,0.9781849412504738,True
0.023525687673751728,2.4229370836194113e-13,0.19275386983249834,0.881753587979568,0.0167108360209919,0.9781305228960595,True
0.023572038791614645,2.2727247851899663e-13,0.19300170848076403,0.8815736670554963,0.01668429296715036,0.9780745212961056,True
0.02354860635932429,0.0,0.1928659075508883,0.8816365542152713,0.01690185635506711,0.9780695079907155,True
0.023522344299838224,0.0,0.19270960663161407,0.8817105020807854,0.017131020337653218,0.9780653053965924,True
0.02358101987100551,5.80675556719619e-14,0.19309106393523906,0.881460559112755,0.017129389906037153,0.9780060910804326,True
0.023593292467409176,0.0,0.19317063729328118,0.8814373355590102,0.016922827916748148,0.9780226542056507,True
0.02361554159815165,8.75050172978842e-14,0.19332531557826693,0.8813181257718343,0.01700964047851618,0.9779807835610552,True
0.023656853740821812,6.330405509453718e-14,0.19360728549162107,0.8811345937027845,0.01697056470549745,0.9779382364486583,True
0.023644660821847564,0.0,0.19353710552500764,0.8811504155253966,0.01719664537569339,0.9779189682879005,True
0.023681234878775596,3.059332680102155e-11,0.1938403280779117,0.8809776803125673,0.01708826377943474,0.9778978443821165,True
0.02370915642950107,0.0,0.19410107482975672,0.8808095021705132,0.017157616892993277,0.9778600395853916,True
0.02374374849918417,1.2626029538309624e-12,0.19442947286635537,0.8806264695319462,0.017066994454281125,0.9778412059663866,True
0.023688425885393296,0.0,0.1937326937156331,0.8810798295478841,0.016654504911558576,0.9779461764057007,True
0.023698789721417902,2.202824960541172e-14,0.19382122063103915,0.8810291208988845,0.017015955713778626,0.9779397312144261,True
0.023703081116306344,0.0,0.19384543148612232,0.8810271562214664,0.016844001530844088,0.9779498719645277,True
0.02368873281474113,0.0,0.1937579891852823,0.8810504337129987,0.01693814391048322,0.9779294283056399,True
0.023679700342486294,0.0,0.19372215498301318,0.8810515147835378,0.016928954773798105,0.9779125922750445,True
0.0236697766794063,6.700455585284491e-14,0.19365807534696416,0.8810647402007707,0.017174453241356368,0.9778937778743199,True
0.02366953604694881,5.4768712564692663e-14,0.19372549710085527,0.8810162593007606,0.017153343201016257,0.9778790078512429,True
0.02366927151250397,1.0945793125518348e-13,0.19381898288609836,0.88095202676012,0.017184732584993572,0.9778615182032786,True
0.023668587934199566,2.97593260965418e-12,0.19394376516397838,0.8808754087616185,0.01722196552424668,0.9778472913465837,True
0.023676688959319275,1.5345118358965263e-11,0.19409806818610756,0.8808036945085275,0.01709306799956219,0.9778527286169264,True
0.0236698890817448,1.048539839947411e-12,0.19420218462644062,0.8807398713238805,0.017179251848635935,0.9778409636381493,True
0.02367576119369647,3.1690242123043453e-13,0.19437850731533762,0.8806555368280718,0.01707624905760705,0.9778447904860575,True
0.023680443181955464,1.9698311321281503e-12,0.1945074181600912,0.8806085572121164,0.016905883293469915,0.9778622662941319,True
0.02366755894350336,1.1255930791674634e-11,0.19459711861722592,0.880562864126342,0.016942420575299717,0.9778614234462109,True
0.023682753447017837,0.0,0.19464234613193587,0.8805657350816527,0.016663115492040526,0.9778869081476207,True
0.023793624390394032,0.0,0.19484678151095752,0.8804821133316819,0.0162588882821904,0.9779055040871607,True
0.023745249369649498,1.811857691221603e-14,0.19448313417960683,0.8806577111750218,0.016287646383054164,0.9778992782648432,True
0.023755193130377925,0.0,0.19453928034086646,0.8806477260295974,0.016099009111042756,0.9779173662000307,True
0.023723723169350543,0.0,0.1943102777627156,0.8807493298727463,0.016194502960314574,0.9779044687541041,True
0.023687587720425885,0.0,0.19405275648022072,0.8808688435072751,0.016214832207586505,0.9778952217473855,True
0.023678328736121086,9.08391543781299e-15,0.19400158612447,0.8808760118929918,0.01640643845568635,0.9778768049552359,True
0.023674902346789276,1.0174440342376896e-14,0.19398528704539836,0.8808648608736666,0.016642068320374813,0.977857504396376,True
0.023656445902802022,0.0,0.19390028133882292,0.8808903819156201,0.01673277280282272,0.9778405225850315,True
0.023668212949374955,0.0,0.19396992128666227,0.8808815235440088,0.016490394681727843,0.97786648418734,True
0.023665759790327836,5.96459260361824e-15,0.19394685646484253,0.88087050148654,0.016746777169906715,0.9778439297189673,True
0.023648718003647165,0.0,0.1938924441260862,0.8808957259490148,0.016691777797449674,0.9778419480120579,True
0.023634139067086953,0.0,0.19383867052051054,0.880902832427114,0.016813599146395686,0.9778221676873693,True
0.023621124037548357,3.16310751013278e-14,0.1938435818807179,0.88088770846722,0.016871598935698003,0.9778094994076105,True
0.023621933737148538,0.0,0.19391916880406943,0.8808599342541615,0.016727022083241724,0.9778195186561962,True
0.02360799993196185,7.781913449210941e-14,0.19394259231453578,0.8808403748238334,0.016771701213042955,0.977811670981179,True
0.023594096492372974,1.388260328015491e-13,0.19392600069251967,0.8808315194659571,0.01695295870386795,0.9777945198123557,True
0.023587796556085998,1.0099386215138972e-13,0.19375455830955984,0.8808829707547576,0.017297072208534926,0.9777602499096386,True
0.023583531503179496,1.2742427696523684e-13,0.19388917773465328,0.8808299520935681,0.017190066797136572,0.9777745409610221,True
0.02359224355860914,0.0,0.19396921405566453,0.8808139992192201,0.01694984507881292,0.9777986062470524,True
0.023574372232752105,1.1363037481751738e-13,0.1939294528463138,0.8808199758659194,0.01712870601665922,0.9777847022891899,True
0.02355839119061239,2.4773129166372744e-12,0.1939947458907136,0.8808056448925281,0.01703678837167137,0.9778030178403623,True
0.023543283730651125,0.0,0.1939512543552857,0.8808085105623903,0.017263833243783906,0.9777841377400331,True
0.02352220398844654,1.0815089952881965e-14,0.19396911327762484,0.8807946883859624,0.01741726198201868,0.9777792450247856,True
0.023499458155547416,3.8041998194307054e-12,0.19400689598557602,0.880774630457138,0.017567238549593935,0.9777780784537302,True
0.023477163712641722,3.040049842364643e-14,0.19413774922344523,0.8807333021469267,0.017544903448423015,0.9778021767586798,True
0.023457545084018733,0.0,0.194283568340178,0.8806908685844388,0.017476707868032237,0.9778326527545278,True
0.023454110777483952,5.148208560384281e-12,0.1943968025377492,0.8806680495421544,0.017265502565179773,0.9778664508161772,True
0.023448882761568236,0.0,0.19430454617773246,0.880676169252942,0.017583603275584163,0.9778284423418082,True
0.02350285210263325,0.0,0.19433143203106581,0.8806686877482103,0.017179764453332906,0.9778344037637432,True
0.023517190968627887,0.0,0.1943471394393199,0.8806167404622636,0.017502112176763757,0.9777903101819235,True
0.023472631863303638,3.189251651694315e-12,0.19422425066145915,0.8806931086539409,0.017568931408797006,0.9778052339878597,True
0.02343106306933583,0.0,0.19414165927295596,0.8807478863436524,0.017650763229954198,0.9778187159801304,True
0.02339150840003519,0.0,0.19410568515868365,0.8807958662027562,0.01762593856485757,0.977848708782098,True
0.023356434400429796,1.4091717809627088e-11,0.19411277644239563,0.8808271942853477,0.017553560553913158,0.9778835825206372,True
0.023377350396706836,2.063539317030676e-12,0.19401256539893977,0.8808102824685078,0.017942008326317527,0.9778165651700412,True
0.023334567735092487,2.1599840515209528e-11,0.19403358576944038,0.8808332238778692,0.017965002542915044,0.9778500167841893,True
0.023319743378507486,1.0819119692753837e-11,0.1939652324205653,0.8808422219383529,0.018247435024629406,0.9778248381594548,True
0.023315781342597125,0.0,0.19404392627637335,0.8808387916774784,0.018017015245291156,0.977860754815665,True
0.02327767591953766,1.421833639136645e-11,0.19404620292389674,0.8808807551515628,0.017918176252760824,0.9779038566277295,True
0.02324967190433315,4.3006097943024056e-11,0.19407122176871477,0.8809117198130784,0.01776198156950391,0.9779473307404418,True
0.02322466944420278,1.9410649362638786e-13,0.1940905022568354,0.8809451479160413,0.017583769700300605,0.977990399044653,True
0.023174601933794062,0.0,0.19402085898422392,0.8810111867845131,0.01763178973588863,0.978021616276625,True
0.023133587872513992,6.217320908108606e-11,0.19396057325596094,0.8810545216835761,0.01778198697718109,0.9780348083737298,True
0.023082819867893078,0.0,0.19395107871406103,0.8811036019405358,0.017777449900965737,0.9780791412975663,True
0.023079234038681024,0.0,0.19386780919035682,0.8811042186989084,0.018100788884790366,0.9780381232940868,True
0.02310234772060989,0.0,0.1939456605603341,0.8810883082060492,0.017776812044362673,0.9780611384862162,True
0.023083922735986147,0.0,0.19386790250040503,0.8811076438091514,0.018031595724283995,0.978041595059354,True
0.02302756011295624,3.586620620240353e-11,0.19377903196891189,0.8811895768388167,0.018073171118029,0.9780790928591389,True
0.023074112755152767,0.0,0.193736055886317,0.881118350628386,0.01848662847182956,0.9779863785715445,True
0.023052590824299266,0.0,0.19376792884103936,0.8811461174704313,0.018300739845472088,0.978030081890951,True
0.02300130749120539,0.0,0.19371736154340047,0.8812203593554748,0.018238228806724304,0.9780790401271751,True
0.022973593389787064,1.894895996418687e-11,0.19373053411990418,0.8812603609892786,0.018062491462432526,0.9781256280681797,True
0.02292439769210745,0.0,0.1936417011151453,0.8813276703546702,0.01818415728974398,0.9781485209122428,True
0.02288227060822815,6.545868049738376e-10,0.19356765294032344,0.8813771191458988,0.018357892415014513,0.9781609462706473,True
0.022829993611854817,1.478778542087014e-11,0.19355915041770283,0.8814347036808777,0.018313425929414987,0.978214278904517,True
0.022772282153145758,0.0,0.19354000367867727,0.8814936902323818,0.018341410356806295,0.9782636920717204,True
0.022883974878914966,4.383855462063148e-11,0.19365499312386644,0.8813978559205948,0.017836961891995424,0.9782253525263667,True
0.02282050026809923,4.534532806537366e-11,0.1934106004403659,0.8815563374474529,0.017816371934987498,0.9782616377129811,True
0.02276795632739076,3.17162779321491e-11,0.1932457595061014,0.881678717454892,0.017739400521132976,0.978301597239659,True
0.024552318050261264,3.75089280705632e-11,0.19827208314813594,0.8782149468185,0.01662490270199239,0.9773509884300768,True
0.024643250935036477,4.04219146860041e-14,0.19907636555803732,0.8778416546715784,0.01643578905741867,0.9773798374506375,True
0.02458247692991206,8.973052111381897e-16,0.19848360307626528,0.8781235247766093,0.016439479796287633,0.9773653263147428,True
0.02461109253479441,2.6263654634840413e-14,0.19882027946520642,0.8779612600847386,0.01653720105081453,0.9773713998173681,True
0.02456512598564063,0.0,0.19830860565021632,0.878185974193634,0.0165642576561063,0.9773402770187422,True
0.024570510394698722,2.151066934870554e-15,0.19832596319330273,0.8781848335843806,0.016465616826008316,0.9773478151810341,True
0.024541404316048586,0.0,0.19795195248770475,0.878342486494072,0.016455812486969302,0.9773184627379243,True
0.024523949213781992,2.8567522881611233e-12,0.1976557153947103,0.8784578408013162,0.016429046943800023,0.977285698501528,True
0.024584851267425205,1.0551314321005365e-12,0.19876723087286935,0.8780914077915648,0.016163911689066748,0.9774750232290547,True
0.024576153191036038,2.4718790628600188e-15,0.19866420401703855,0.878127937360686,0.016241950064564584,0.9774600393692077,True
0.02454888669687801,0.0,0.19829990537770975,0.8782789100517524,0.016237413614721103,0.9774288627406073,True
0.024539933180446317,0.0,0.19818623677965663,0.8783157835453752,0.016320342328947732,0.9774089019352035,True
0.024531752557953566,3.912886960306696e-11,0.19801486374024613,0.8783664879719051,0.01639213822378795,0.9773739198811571,True
0.024529903681442138,0.0,0.19789871290179245,0.8783884345645088,0.016470422002452884,0.977337791015405,True
0.024542615282745473,3.933779438467808e-12,0.19782036543385323,0.8783826044548783,0.016439752225186628,0.9772927871757386,True
0.0245573823450472,0.0,0.1977589177395585,0.8783560888922275,0.016491518026223784,0.9772355477620067,True
0.02457793388426528,1.197617102671036e-11,0.1977573627924082,0.8782994903000899,0.01655493357394397,0.9771781717082701,True
0.024495584017218075,0.0,0.19753518241126522,0.8785222109425502,0.01674285718004622,0.9772898021481828,True
0.02454137705527887,4.4762844836247725e-12,0.1976968025662757,0.8783743436207977,0.016733903687938253,0.9772227449084119,True
0.024557256195901347,1.2364671938660165e-11,0.19776760893415146,0.8783367905287459,0.016610967773620346,0.9772205950081863,True
0.02449413767910962,1.1625058334656674e-12,0.1976034635902926,0.8785610390090234,0.01639026877730538,0.9773627708053322,True
0.02449507330434774,8.299575555031376e-13,0.19743299386823152,0.8785997219922465,0.016379169657013425,0.9773162189271922,True
0.024505304990381498,2.6190758432905105e-13,0.19737342805319621,0.8785975251962317,0.01631638639239385,0.9772842392230917,True
0.024505762220593273,7.110527351765214e-13,0.1973231911923562,0.8785943619333146,0.01641145397232675,0.9772559575302038,True
0.024527516597374645,0.0,0.19731316830557724,0.8785402509964496,0.016431604939918198,0.9771968351492383,True
0.02449430826337651,0.0,0.19727693467002522,0.8786597973355297,0.01623371310306893,0.9772982646705423,True
0.024501298677866535,0.0,0.1974975149287576,0.8786158978156927,0.01606903525747521,0.9773646552800715,True
0.02448392036565993,1.4618633924223882e-12,0.19719823770567865,0.8787240881377582,0.016094461100608387,0.9773232069920593,True
0.02448146953142863,2.4590978876272633e-12,0.19703540970945654,0.878775101819877,0.01604446941851635,0.9772928066770643,True
0.024475392502442815,0.0,0.19706584468798843,0.8787641463736706,0.016174832547281033,0.9772970687176649,True
0.024483731844361412,2.838444886063277e-13,0.19695857506280526,0.8787650645558371,0.016200507254079087,0.9772443520875237,True
0.024424640022455583,1.0486819637710537e-12,0.1969834245305586,0.8788699088966349,0.016439250429002843,0.9773616211629629,True
0.024453710605258073,0.0,0.19702545656721712,0.8787926165096818,0.016409808661744144,0.9773053447932903,True
0.024476014128732976,0.0,0.19707697443698385,0.8787148704984454,0.01647913846227695,0.9772533577169373,True
0.0244427648966907,1.359271699207633e-12,0.19694273777162247,0.8788019443554265,0.016663449282990506,0.9772733132425969,True
0.02396447390321345,0.0,0.1948407764942432,0.8805735291663788,0.016195323548009906,0.9779939174135004,True
0.023926903131364103,0.0,0.1943845480265442,0.8807682149578887,0.01622011451551505,0.9779604889711608,True
0.023962255000451533,0.0,0.19483068201095963,0.8806006860888471,0.016053435541627734,0.9780160270943269,True
0.023926973477091662,6.59901915901746e-11,0.194383060828421,0.8807874373103807,0.01609035017907243,0.9779789677905814,True
0.023902988922850088,6.165021584531524e-12,0.19401285744662972,0.880930540052972,0.01611898919318713,0.977936968782452,True
0.02388990724714617,0.0,0.1937397961779301,0.8810214513621464,0.016170884731778516,0.9778913494511114,True
0.023887619984151676,0.0,0.19352540845489327,0.8810769416206836,0.016193881182584087,0.9778396458481302,True
0.023888575763844434,4.329504659918202e-11,0.1936445048834924,0.8810653351146948,0.016046774941709224,0.977887587599736,True
0.023897163759792586,0.0,0.19380073939903034,0.8810239939273617,0.015919891944043765,0.977924363626877,True
0.02388155726849593,0.0,0.19348615255438445,0.8811369557009665,0.0159332037065366,0.9778800319781588,True
0.02388446517919609,0.0,0.19346777596727233,0.8811461094968505,0.01585189145668606,0.9778799974804866,True
0.023887923156202737,0.0,0.19347397672400504,0.8811484649303867,0.015765837734627555,0.9778854532923892,True
0.02390852626484815,0.0,0.19386926790402192,0.881022415811048,0.015624486170791256,0.977957049763059,True
0.023931052682562785,0.0,0.19417867118072724,0.8809076569416259,0.015511851288590173,0.9779969925319895,True
0.02403787093934879,0.0,0.19575794302149419,0.880254049309297,0.015573578858949687,0.978133020820044,True
0.024019878404137187,6.951712982486479e-11,0.1954404281903908,0.8803700636347257,0.015617211834706794,0.9780902777994382,True
0.024012290761518795,0.0,0.19516618948068462,0.8804563251611609,0.01563124183047719,0.9780394199015032,True
0.024013256457654963,0.0,0.1949989872873825,0.8804911276478687,0.015681645271164824,0.97799062129156,True
0.024027235593220606,5.9642877537360256e-12,0.19487499404451555,0.8804903895215211,0.015701957620451925,0.9779278865497433,True
0.024005581326656814,0.0,0.19495982737305992,0.8805357027437364,0.015552999539860207,0.9780156164302664,True
0.023999769540913422,1.5353093948654124e-12,0.1953606380846261,0.8804300909050349,0.015652357905399174,0.9781104099488832,True
0.024006982307782594,0.0,0.19523285664313575,0.880440761721608,0.015703572420452696,0.9780571900431759,True
0.02402097560800201,2.9276359820063167e-13,0.195172889286635,0.8804178791973101,0.015765405338050535,0.9780043238409204,True
0.02404937725628996,3.2526331990692297e-13,0.19517058540617865,0.8803507552695988,0.015807338532110835,0.9779360479730135,True
0.024088495424488415,6.059215152722003e-13,0.19523938715644007,0.8802418224455432,0.015844659045857013,0.9778615160243691,True
0.024140385073071507,5.509021246996667e-13,0.19538819540831548,0.8800866361938087,0.015861160558743766,0.9777807338985173,True
0.024190757084073047,2.3413430503183493e-13,0.19557265429900125,0.8799332248171124,0.0158191317013444,0.9777195519668472,True
0.024202079504681128,1.2651750410718779e-14,0.19560819567401266,0.8798846394081754,0.01592256009861023,0.9776887372451943,True
0.024271053778850842,1.1755629605765737e-13,0.1959004135413737,0.879651264984619,0.015951887304375162,0.9776014717554234,True
0.02431400819089471,1.805185346477098e-13,0.1960984079142542,0.879490978724174,0.01603995941750829,0.9775401826814817,True
0.02427139065817779,0.0,0.19588244029733598,0.8796209289938524,0.01620151990431966,0.9775621491425204,True
0.02421128147747921,6.164355516229416e-15,0.1955717717453018,0.8798650535652259,0.016002128882726757,0.9776509394378831,True
0.024259661386702765,0.0,0.19574313400052637,0.8797061766717472,0.01602610876807342,0.9775777436720104,True
0.024316353320732065,0.0,0.1959811395106466,0.8795118314615815,0.016034127846391792,0.9775024012169048,True
0.02433532082882442,0.0,0.19606553756849718,0.879429419454572,0.01615108961081878,0.9774621882388206,True
0.024367732857653344,2.3385912319907995e-13,0.19623026451383832,0.8793282218428629,0.016032625612226476,0.9774433541000158,True
0.024425864692774597,1.5360639277619786e-13,0.19650164765629247,0.8791246468661382,0.016004546946284715,0.9773754706944381,True
0.02430977774239491,1.9922460587538595e-13,0.1959103779552593,0.8795141316004415,0.016276399111327118,0.9774693205782703,True
0.024310361245841936,0.0,0.1959142279169734,0.8794889656385219,0.016433091955194788,0.9774460795970086,True
0.024381837262025502,1.7489070633736477e-13,0.1963275507184196,0.8792090692242188,0.01643695652554752,0.9773728445836035,True
0.02439858711626415,0.0,0.1964347964189504,0.8791180999133071,0.016588899292936925,0.9773354981227823,True
0.024449198088521397,1.837815675366484e-14,0.19677800728823494,0.8788880057485944,0.016688862382720125,0.9772770093927303,True
0.024525702954822752,9.386165324897468e-14,0.1972803315302919,0.8785727222001096,0.016658865867276426,0.9772128879653494,True
0.024479478483191743,1.337724114029292e-13,0.19693064723069023,0.8788239070983506,0.016377434181926387,0.9772892307138294,True
0.02451046964784875,2.1778041963633569e-13,0.19712058403814997,0.8786834446147348,0.016390487592515043,0.9772437366340276,True
0.02454806977682189,4.676080460841498e-13,0.19735398614276273,0.8785177824642737,0.016393329756382555,0.9771947755361227,True
0.024462940651117083,3.2097831395134624e-14,0.19677571546322908,0.8788542601925142,0.016732388704816626,0.9772421179241608,True
0.02449070312105756,2.9519403824711856e-13,0.19701420865039887,0.8786943121287559,0.01682232959386904,0.9772014164542506,True
0.02453158842039536,0.0,0.1973287888988701,0.8785055925594268,0.01675504002207835,0.9771699870088619,True
0.024460662532050134,1.1229366732707412e-13,0.19675109504169952,0.8788124514927209,0.017104866385485442,0.9771879990136829,True
0.024492148745681164,1.2122614007974618e-13,0.19707989591110173,0.8786141316858667,0.017164245497476367,0.9771540796415388,True
0.02452390249980542,0.0,0.19740348328124702,0.878413212992568,0.017247146045747196,0.9771149546331915,True
0.024548316912711247,0.0,0.19768040310042723,0.8782786665858269,0.017108057733271332,0.9771188681360405,True
0.02453918970295501,0.0,0.19764337877153634,0.8782730380515479,0.01734469482815761,0.9770947274373161,True
0.024555816130213893,0.0,0.19793620014427246,0.8781080592219064,0.01740201996980676,0.9770761592940426,True
0.024572907271650637,3.613345342343169e-11,0.19826250439555676,0.877939809764944,0.017377736314119825,0.9770710619988558,True
0.024585570214409998,0.0,0.19858800508641083,0.8777764305930691,0.017365076322499357,0.9770704331362745,True
0.024595169571977254,0.0,0.1988850486247939,0.8776403225515604,0.017281922670792444,0.9770828468639574,True
0.02458239708866858,0.0,0.19875831113808592,0.8776726297147872,0.01757575064892873,0.9770517852838302,True
0.024589677421128154,4.4170663630397717e-14,0.1989542198542759,0.8775997364708923,0.017394592466816884,0.9770768463980745,True
0.024581369540196088,9.391132901229592e-11,0.19914358743407873,0.87752730903285,0.01731128301037627,0.9770991028438007,True
0.02460026424105715,3.4600181019601187e-13,0.19916937371435928,0.8775389652729058,0.017005843699859857,0.9771236521304314,True
0.024643179666180102,1.465564788535447e-09,0.19924560425286075,0.8775187655300237,0.016681861636653198,0.9771415691220189,True
0.024610662465258528,1.4094100659137333e-09,0.19909611110701766,0.877609003656424,0.01657921928327588,0.9771570606193429,True
0.024709487505513383,0.0,0.1994563722862873,0.8773469182413733,0.017182951508759047,0.977075104384517,True
0.024681014535703864,0.0,0.19936105474813823,0.8773906131326058,0.017282293200362703,0.9770711405066749,True
0.024670493011791864,0.0,0.19930415068631907,0.8773956082574482,0.017519929030599627,0.9770476836006078,True
0.02464479329026423,3.119715608824752e-11,0.19930430679593789,0.8774122813329858,0.01747076893338178,0.9770644347621519,True
0.024615983685993673,0.0,0.19931118419365618,0.8774240095219517,0.017468250266029096,0.9770796016187797,True
0.024591861082200583,2.841203330792648e-12,0.19930498235065788,0.8774230540101379,0.017620569352715318,0.977075545188308,True
0.02456295670639271,0.0,0.19938363213824284,0.877406803760583,0.01762135531167611,0.9770986198297045,True
0.024551335484598556,0.0,0.1994812207687202,0.8773885499536159,0.01747715357235521,0.977129160337976,True
0.024620229413111185,2.0338966004606798e-15,0.19919351895205994,0.8774050815896661,0.018018074326429778,0.9770018410656981,True
0.025052165137378367,4.454272208856773e-11,0.19856991191668427,0.8774774679380425,0.016988928944825083,0.9767624239409274,True
0.024990501575652864,0.0,0.19806786957584882,0.8777242732838582,0.016990498747573093,0.9767582080717826,True
0.024961359580120288,1.1045942028915578e-10,0.1978471337768351,0.8778199371199285,0.017111405550515622,0.9767435041188054,True
0.02493576529880512,7.614697377551078e-11,0.19763172095178672,0.8779298079425416,0.017026547916247525,0.9767456684945819,True
0.024899425916829258,1.4687857045536153e-10,0.19734686108673657,0.8780562335511554,0.01709420531176123,0.9767296642414023,True
0.02487757718836901,4.9032564085024336e-11,0.1971901684741098,0.8781161730035751,0.017218251268575645,0.9767112572896626,True
0.024890743343239773,4.799717749705725e-11,0.19731007061028077,0.8780459863428601,0.017462735588626894,0.9767010216959977,True
0.024870375351940453,0.0,0.19717857392216398,0.878095437390659,0.01748177537978632,0.9766847243517409,True
0.02485405974928129,3.214335215498889e-11,0.19709745178921148,0.8781172516790234,0.017532494624513718,0.9766659776057726,True
0.024841042627492302,4.1981464439867746e-11,0.19705913546174467,0.8781160462204216,0.0176187336890323,0.9766456139932753,True
0.024832284723116674,6.890284202582468e-12,0.1970757291533568,0.8780915407408848,0.017659210720664228,0.9766294053244535,True
0.024837843835867592,4.066606397298848e-11,0.19713995459131883,0.8780709097361697,0.017495273583614596,0.9766408870724952,True
0.024824281051125323,8.065100132794149e-13,0.19711201862969782,0.8780665210572611,0.017592065633699635,0.9766225303729165,True
0.02481587251850893,2.3106830870744642e-12,0.1971615271145357,0.8780346731119829,0.01758746054816321,0.9766154366715615,True
0.02480962490791353,0.0,0.1972487587062089,0.8779875765941476,0.017570539170645674,0.976611955947252,True
0.024801241875021134,1.1472366832944652e-11,0.1973569755553983,0.8779288317061904,0.01760353647787098,0.976607319495362,True
0.024800054889371183,8.921138840286022e-12,0.19749340890830172,0.8778701118490978,0.017513399730386656,0.9766168163121698,True
0.024789130531098817,3.6216679833590287e-12,0.19761301697757414,0.8778106422245444,0.017548014912816462,0.9766171507169531,True
0.02478545962633935,0.0,0.19733805771943652,0.8779037123861898,0.01791088213894563,0.9765727412459081,True
0.024780153794344825,1.975776935995852e-12,0.1974989181589857,0.8778415016390408,0.01781905832696487,0.9765909607205094,True
0.024766391108133917,0.0,0.1976520875134422,0.8777816574888588,0.01779097635714164,0.9766077012455799,True
0.024746786225365077,2.8720697987052112e-15,0.19778419768132705,0.8777254077753955,0.017867386816205456,0.976617506616062,True
0.024726049240001092,0.0,0.197946738109733,0.8776630668284207,0.017903342335854965,0.9766364358832872,True
0.024769220659275906,0.0,0.19785525681011062,0.8777216206572749,0.01747011328095527,0.9766492490623302,True
0.024742192364540685,2.013429217686046e-12,0.1977910473752451,0.8777736550244837,0.017372230250899876,0.9766691787141196,True
0.024730615867530843,7.504247784775512e-14,0.19779626109748658,0.8777972399767521,0.0171970099317341,0.9766953705255704,True
0.024998862171473048,1.0004469279689045e-10,0.19853991762082368,0.8773682420309289,0.01674664270775339,0.9766382009413854,True
0.0249426813278116,0.0,0.19808917017109198,0.8775934145208877,0.01671633594512624,0.9766379996064337,True
0.024900977763613472,2.3384888196483912e-11,0.19775438256174768,0.8777619296146166,0.01665348208354919,0.9766391209188753,True
0.025225325055927342,1.754136299374522e-10,0.2002633057380089,0.8766079763360771,0.01628831272243131,0.9767396293804953,True
0.0251866021244275,0.0,0.19989411940623555,0.8767739270769643,0.01636333521548454,0.9767209867800821,True
0.02514390392122452,2.5918554436610236e-10,0.1994761832317294,0.876959953801923,0.016422515764040246,0.9766980456769733,True
0.025120905402897176,2.759412723171962e-11,0.1992509868825809,0.8770513454444514,0.016513584258239938,0.976676838913336,True
0.025104043422537064,0.0,0.199035606534858,0.8771453714976142,0.01645404295079142,0.9766631747650432,True
0.02508961717415753,3.3779280593059547e-10,0.1988827388312708,0.8771985509223071,0.016551854215961174,0.9766399206757354,True
0.025078196606899507,4.807027949276747e-10,0.19868518610453112,0.8772689383449708,0.016519541752162442,0.9766115318779391,True
0.025088096287652382,0.0,0.19878645768954367,0.877248284969635,0.016354923548066506,0.9766415138144069,True
0.02508705481577853,0.0,0.19873583605474748,0.8772745313720886,0.016243618322633113,0.9766424493994623,True
0.025080304700100836,1.3348487650870373e-10,0.19859301859058265,0.8773313276891417,0.016160809372634775,0.9766278371179179,True
0.025068759732763013,2.7696400192054466e-11,0.1983834736807643,0.8774000802728753,0.01617129716813671,0.9765918171409539,True
0.025068012833505852,0.0,0.19825632452086403,0.8774313172575533,0.016120678173018925,0.9765594795179853,True
0.025039959891115886,0.0,0.19846096098687496,0.8774286160785477,0.016484908823720616,0.9766590965719852,True
0.02503779635285808,3.1995306884154363e-10,0.1984221050310012,0.8774232502078966,0.01661286981497648,0.9766343030433502,True
0.025043119262169247,0.0,0.1984178901889166,0.8773909373901603,0.016710755234397134,0.9765998824846186,True
0.02505775257792151,7.106413494589161e-10,0.1984704553098796,0.8773224829491085,0.01678275562737085,0.9765577113146897,True
0.0250872062935841,3.959148462240905e-10,0.19862060274837137,0.87720258096097,0.01676382135359878,0.9765128827310706,True
0.025120449384004054,0.0,0.1988167228154385,0.8770658687303895,0.016712079628466932,0.9764742301381087,True
0.02514244538471843,2.646430337278059e-10,0.1989653153818089,0.8769496019665536,0.016798817998564416,0.9764322599221011,True
0.025182441421257487,0.0,0.1992382676121064,0.8767678408486327,0.016794395226020126,0.9763869746546858,True
0.025129009079892586,0.0,0.19885220169057397,0.8769743489650738,0.017091122202162478,0.9764004498103608,True
0.02516096245691209,6.081361231103977e-10,0.1991364205826795,0.876791636671197,0.017159635688757547,0.9763598475706728,True
0.025110362398962947,0.0,0.198721743762668,0.877002315701594,0.017462339979615316,0.9763631875829281,True
0.025146961411906064,0.0,0.19908417958556188,0.8767962153376857,0.0174271176346118,0.9763383051304666,True
0.025109919816973962,0.0,0.19859208178703844,0.8771218133912674,0.01703382727861642,0.9764178542847866,True
0.025106306889743874,0.0,0.1985915131483989,0.8771073179182991,0.016993829825534535,0.9764030744924985,True
0.025100730960629668,0.0,0.19859754183653697,0.8770816295975132,0.01707984784572988,0.9763804005157817,True
0.025088470734241333,6.574829465877524e-10,0.19848579618861337,0.8771207935570842,0.017351926506517543,0.9763636923088738,True
0.0250891419577225,2.521600552243556e-10,0.19856937676614875,0.8770573551307261,0.01742857982162057,0.9763420437659606,True
0.025096457863641796,0.0,0.1986486079841529,0.8770359195404545,0.01723442470241478,0.9763602235325309,True
0.025090769381383368,4.2046972796579204e-10,0.19869405870867937,0.8770003160949866,0.01725335460903769,0.9763473458697961,True
0.02508067718043269,0.0,0.19870031583720196,0.876978771846516,0.017409389045111225,0.976328929765117,True
0.025072639880585106,3.265392762596891e-11,0.19878572508433567,0.8769248004487631,0.017490646626342372,0.9763176630235848,True
0.02506734455172378,0.0,0.1989303854093506,0.8768499267259379,0.017508486342065387,0.9763151194306132,True
0.025069589366352302,3.0894989107355365e-10,0.19907486485490147,0.8767926560708479,0.017377145868252335,0.9763300888072485,True
0.02508675480998968,0.0,0.19909539874042562,0.876808533351334,0.017086933634926287,0.9763562327215468,True
0.025063946945079105,1.1674157898658498e-10,0.19903849074138957,0.8768291404619233,0.017191338115056697,0.9763483859493597,True
0.025040904159719164,0.0,0.1990171835283584,0.876837743069641,0.017261178960774577,0.9763463348338202,True
0.025034515723146727,0.0,0.19894514095378793,0.8768453560154238,0.017529561858681937,0.9763179264923177,True
0.02501740695474064,1.83480813748857e-11,0.19892866452693342,0.8768402177079433,0.01771397342337715,0.9763045499897581,True
0.025021156427533324,5.4351388331539384e-11,0.19900334776971135,0.8768274016541502,0.017502885924056293,0.9763290755933572,True
0.02500048807794554,1.0971284694342017e-11,0.19902541137334898,0.8768367629705259,0.0174132457821602,0.9763494686681717,True
0.024983599854941377,5.662333066661209e-11,0.19906775766800167,0.8768396718062755,0.01729145360437902,0.9763735506968998,True
0.025072323570168226,8.036892290610694e-12,0.19911757647015305,0.8768130259423133,0.016895432227518804,0.9763718141854267,True
0.025098424460948413,4.179743672279222e-10,0.19926972846771493,0.8767568602645335,0.016682295929101157,0.9763917249163653,True
0.025708678774720377,1.6709778109691463e-10,0.20355797440310966,0.8746626128302065,0.01648065688308417,0.9764416001988592,True
0.025688669557113297,9.509917095447857e-12,0.20337307353650286,0.8747410821724634,0.01656695115745564,0.9764276189502248,True
0.02563150173890691,2.3915230752361736e-15,0.20282423880591774,0.8749931686960878,0.01659037920052037,0.9764052880990491,True
0.025665199129439945,1.8996097569793648e-12,0.20319065961897972,0.8748180322321673,0.016714453141495132,0.9764133620435567,True
0.02566540569935708,1.7643579970550717e-13,0.20316449621381516,0.8748371935748036,0.01661516412445575,0.9764194416818877,True
0.025666983572374045,0.0,0.20322254752570518,0.8748040879209006,0.01672946704866637,0.9764153616837532,True
0.025764704319211223,0.0,0.20461548498546173,0.8743076032229197,0.01641105825425948,0.9766153457156506,True
0.025720274140702062,2.0368256654876985e-10,0.20411196880001856,0.8745242973554957,0.01644746943517769,0.9765802819591876,True
0.025701171962075112,2.9790635488296393e-12,0.2038796125409465,0.8746151765957442,0.016516317951913724,0.9765549828691965,True
0.025686345006481745,3.878848336471055e-10,0.2036122833297275,0.874718364578106,0.016495034501991218,0.9765245066308547,True
0.025673656911132246,2.2630274718473377e-12,0.20337958727765945,0.8747950495508986,0.016557104732255367,0.9764848431919914,True
0.02566978798157698,0.0,0.20315817116657722,0.874855056746811,0.016573279646465548,0.9764341423300996,True
0.02566832388748857,2.7990337739878984e-14,0.20308111443126123,0.8748639481906918,0.016663066580404718,0.9764045054063504,True
0.025683781119886097,1.6751187103206526e-14,0.20302140447622166,0.8748442602345817,0.016643790163691014,0.9763549624727094,True
0.02569657595165784,0.0,0.2029901512312727,0.8748106947833771,0.016718325098220407,0.9763057703990135,True
0.025686311955209266,2.3824758554072873e-14,0.20295143028124574,0.8748254721779155,0.01684968113831267,0.9763011873185623,True
0.025715173151459405,1.2999251954868155e-12,0.20304817711831558,0.8747392335128086,0.016783145318436728,0.9762633220732664,True
0.02570702707796942,0.0,0.20300889132762523,0.874748176335733,0.016921586355875363,0.9762526219995455,True
0.025677693959103815,0.0,0.20287583936943895,0.8748290215906435,0.017097502241606423,0.976266941275363,True
0.025729396580536898,1.1720896690227486e-11,0.20311089617439806,0.8746425505324352,0.017107487093088507,0.9761979986313551,True
0.02578478446459468,1.4253542701473786e-11,0.20340254306216457,0.8744311284277088,0.01710845885266783,0.9761323999730446,True
0.025802509872786008,0.0,0.2035042134543629,0.8743413193830059,0.017243269075412966,0.9760934261101873,True
0.0258557915953259,0.0,0.2038110631982236,0.874122428133512,0.01731773029758778,0.9760279597326238,True
0.025914043917046076,1.7621424358575982e-11,0.2041812228701329,0.8738896733244516,0.017262406553414912,0.9759802847771395,True
0.025968676712634024,7.250093836511875e-12,0.2045472301554106,0.873645637189757,0.017324879855373676,0.9759192522747123,True
0.02603488611589705,1.545507394528078e-10,0.20499795447268462,0.8733590734289208,0.017343742686935507,0.9758580508198138,True
0.02609768592874351,5.185462384256193e-10,0.20546785642125792,0.8730701099467716,0.017362159268731938,0.9758040386759468,True
0.026160472962902886,0.0,0.2059595693281612,0.8727747145198648,0.017359378998440707,0.9757544991839454,True
0.02614360552130792,0.0,0.20577844896794703,0.8729156378687539,0.017080252540017046,0.9758048623527275,True
0.026146268337637193,1.6800480801076358e-10,0.2058205281120238,0.8728655166346863,0.017232342592754447,0.975775780858703,True
0.02617322813335917,8.133313838724629e-12,0.20605812331634524,0.8727246610601993,0.017163714926550527,0.9757537227265052,True
0.02618085208026624,1.2074779395992225e-10,0.2061685554130885,0.8726395201783604,0.01729903201408689,0.9757237980056525,True
0.02614044572195841,1.9480365872229227e-10,0.2056034872059836,0.8730222653599361,0.01689500813513168,0.9758240091577315,True
0.026215053815172657,6.322456327177047e-10,0.20619639627463043,0.8728362411552849,0.016562514296132275,0.9759344399248457,True
0.02618908969494197,1.630830967861323e-10,0.20595445833681708,0.8729363152984853,0.016653262501181244,0.9759135446299769,True
0.026164323677809444,0.0,0.2056861930068609,0.8730554713552526,0.01659852852827253,0.9758985678586831,True
0.0262066250409904,3.184122219899302e-11,0.20609596000752609,0.8729060844852788,0.016393424892652757,0.9759540645208831,True
0.026187074212735716,7.479787149131739e-11,0.20591135668910795,0.872978150297061,0.01648597918782788,0.9759338287164129,True
0.026165793880011293,0.0,0.20568197877365768,0.8730664830895607,0.01655290069893757,0.9759074724763895,True
0.026150812996890576,9.316226752902345e-13,0.20545113497025888,0.8731494324694008,0.01653473175240181,0.9758749999554618,True
0.02614390329769956,0.0,0.20539885262609023,0.8731577329271226,0.016666547263139667,0.9758571592401677,True
0.02614456262033428,0.0,0.20530781101651283,0.873169518093441,0.016636911068534113,0.9758234236016974,True
0.026148008889569387,0.0,0.20525987392139228,0.8731534930509985,0.016678212046411497,0.9757834300116947,True
0.026147999510512162,4.0908486248910985e-11,0.20523935266011356,0.8731334924661877,0.016799267030148727,0.9757531688371529,True
0.02616574112410357,3.4779378621258644e-12,0.20532066146425648,0.8730666219230504,0.016728968245351368,0.9757269526586565,True
0.02617984140243621,0.0,0.20539513152781902,0.872989630278642,0.01678062907930197,0.9756871960425515,True
0.02620019871733763,0.0,0.20553065546046903,0.8728822611338505,0.016810952677199117,0.975647588864085,True
0.026205611155964155,0.0,0.20558609891115223,0.8728228874722083,0.01695208579075192,0.9756159369277844,True
0.02623337804845151,0.0,0.2058189958810498,0.8726732878553732,0.016944943111825917,0.9755827857958981,True
0.02625247068937108,0.0,0.20601588203469764,0.8725401805980865,0.017039893695395214,0.9755481216154352,True
0.02627913059338126,0.0,0.2062783847478104,0.8723949728128497,0.016954640141124792,0.975534165186755,True
0.026244327571225783,4.0066342364663276e-11,0.205949951066022,0.8725486119145013,0.0172634579337767,0.9755235874875787,True
0.026251725920282524,0.0,0.20610350055002846,0.8724450774138433,0.01740514589907126,0.9754968276888575,True
0.02627232079510787,2.386515815958296e-10,0.2064066117330538,0.8722847485345854,0.017371793903663495,0.9754880546397638,True
0.026288140182760343,0.0,0.2067153855518069,0.8721205786501204,0.017385420603565457,0.9754782714260238,True
0.02628995064437668,7.089638584580813e-11,0.2068911695360815,0.872014538728303,0.017541526507337396,0.9754601235672402,True
0.026292093056953517,0.0,0.20713023108576403,0.871884276460872,0.017666922999054105,0.975449392003754,True
0.026300075082008812,0.0,0.20742456803094625,0.8717512204335387,0.017598360544279254,0.9754635044490119,True
0.026293413068671185,8.871143278846915e-11,0.20764664717850365,0.8716405433146005,0.01770898972246904,0.9754638669925638,True
0.02628555886194192,0.0,0.20791954173630264,0.8715195314408167,0.017744760017189724,0.9754793023089681,True
0.026270858785793428,1.1889265235173613e-11,0.2081553495439198,0.8714144787075594,0.017845106375791266,0.9754921534914085,True
0.02626867409271006,0.0,0.20784483063850487,0.8715086268781184,0.018186452161994344,0.9754310421973708,True
0.026247722588407196,1.2141232003355253e-10,0.20809492796390183,0.8714159442426883,0.018210179873363153,0.9754634083460516,True
0.026246995538726777,1.1074953347895648e-10,0.2082405641624657,0.8713800270964583,0.01800808125160774,0.9755003092884407,True
0.026220283801687363,7.368385423686455e-11,0.2083667769517986,0.8713575992845037,0.017931654305798718,0.9755409878340868,True
0.02618369020211829,0.0,0.20843096478703282,0.871347046131263,0.01804568721227695,0.9755625285247794,True
0.026211014957424346,2.8017430814442005e-11,0.20820490060384236,0.8713705275000012,0.018430695334075993,0.9754729778299399,True
0.026170348819654705,5.782654065461198e-11,0.2082724377457672,0.8713614362379932,0.018569806027871054,0.9754976551687033,True
0.02614688086155344,7.617579184314607e-11,0.20824535115419124,0.8713625701656702,0.018823426500558006,0.9754852458189417,True
0.026139021199964575,0.0,0.20834333995556037,0.8713560255298263,0.01861195034263131,0.9755276955076064,True
0.02625312261690823,5.2619194446195234e-11,0.20841942634613045,0.8712815380776058,0.018129925818415184,0.9754912513032903,True
0.026271379295594924,1.7360954621615138e-10,0.20850952668903705,0.8712577615900037,0.017897681415185423,0.9755125251081318,True
0.026248243102462675,2.8564932758991846e-10,0.20838591563773662,0.8713062748442381,0.018062089766077472,0.9754992329487556,True
0.026197742622496776,0.0,0.2081513509319944,0.8714351020358874,0.018089475873273215,0.9755107775018845,True
0.026225699860486815,0.0,0.20823679243905865,0.871344757686212,0.018405023036787038,0.9754631539057413,True
0.02619951704558039,3.259527614877978e-11,0.2081724563806523,0.8714034729721891,0.01827826758810581,0.9754897011951105,True
0.02616103854669699,0.0,0.20806984550623212,0.8714792561054828,0.018210841431724894,0.9755141788585989,True
0.026123980310667906,3.315872474268607e-11,0.2079804826024247,0.8715315443136539,0.01829466870463063,0.9755217856480249,True
0.026147779505051684,3.7290412278284315e-11,0.20793974099129015,0.871491942523575,0.01864837032949367,0.9754618130565105,True
0.02610928063940462,2.7365143134695182e-11,0.20792677007479254,0.871522555685131,0.01866315832135714,0.9754859407498924,True
0.02607138296542003,5.834530921556117e-11,0.20794503423870433,0.8715416362674808,0.018670885129678388,0.9755141534451783,True
0.026033300339893477,0.0,0.20798752216930544,0.8715518384540882,0.018680178882596588,0.975545599538741,True
0.026006108083501723,4.133061734082292e-11,0.20796854571104875,0.8715570764860501,0.018883452723103936,0.975541349382905,True
0.02596581990755242,0.0,0.20803695271880063,0.8715619745049641,0.018879863111276776,0.9755804508643644,True
0.0259235431648772,6.836045868717497e-13,0.20809885508441905,0.8715607094597858,0.018978415084025885,0.9756101370026788,True
0.0258796490812112,2.8070550192362668e-12,0.2081918174393721,0.8715579448540346,0.019007415609670765,0.9756538535765278,True
0.025869014839529213,5.350808973404382e-13,0.20812067697293005,0.8715612410600688,0.01929419930716981,0.975621579547069,True
0.025821545189188867,0.0,0.20822564775042066,0.8715609195658248,0.01931623745047706,0.9756737434410352,True
0.025854755495914955,8.077448650137346e-13,0.20826503909078353,0.871556782219228,0.01896208784446643,0.9756893017654276,True
0.025804196197954467,0.0,0.2081752861895986,0.8716243140123536,0.019072938432877842,0.975711957107153,True
0.025886905026123987,0.0,0.2081648265634731,0.8715041267848749,0.019486475504692975,0.9755865400666114,True
0.025967808376805703,0.0,0.20828594231714218,0.8714339514269366,0.019062438679979102,0.9755769225855077,True
0.02592361640993618,0.0,0.20810207027761046,0.8715299706769574,0.019185201412194146,0.9755810058157626,True
0.02588744096414518,1.3203314457808004e-12,0.207994038804335,0.8716168817102125,0.01906948982251873,0.9756139011137003,True
0.025864141612677832,0.0,0.20790281162984645,0.871649794356983,0.019262246704153052,0.9756012001719062,True
0.02586459309085879,0.0,0.2078678415714212,0.8716319475715085,0.01953083221192796,0.9755658683572191,True
0.02583627293285385,1.1983494976678024e-12,0.2078448480351985,0.8716794974346872,0.01940116721469615,0.9756019214534848,True
0.025839948001360916,1.3230221248776328e-12,0.20780466053171162,0.8716589783968525,0.019688224057019827,0.9755613086640313,True
0.02580130845838072,1.2348448275857597e-12,0.20778233190629558,0.8717088033506949,0.019610086193264244,0.9755999693050774,True
0.02575762491055358,2.206473816548302e-12,0.2077366657519525,0.8717528061239196,0.019699328052850247,0.9756211390021023,True
0.025797273151703454,2.751279378373814e-12,0.2076467826741482,0.8717099015311581,0.020084073252903477,0.9755332928709834,True
0.02575844463217805,0.0,0.20762647087808875,0.8717328254197748,0.020239446101100716,0.9755460608588192,True
0.025724308806438997,0.0,0.20768338709763234,0.8717508250214321,0.020146839908334137,0.9755925185702483,True
0.025676218854923962,1.6285522392047508e-12,0.20770871194716098,0.8717827543404346,0.020152378035949606,0.9756371103156437,True
0.025625687819169657,0.0,0.20773401404355027,0.8718109960124286,0.02021902039422447,0.9756780030342037,True
0.025764197127688133,4.92406590958045e-12,0.20773683939504153,0.8717506983817891,0.01965161010318685,0.975619118084234,True
0.026100745354052674,1.1413496550910966e-11,0.2092740547558807,0.8709153612395147,0.01915321208380293,0.9755523886288686,True
0.026096989159266105,1.7921374591067522e-11,0.2092694420042327,0.8709038689793491,0.01930447666341674,0.9755385899993868,True
0.026046598487522478,3.9405512393222196e-11,0.20885776554562863,0.8711047073855974,0.0192834353215194,0.9755335901978173,True
0.026004367481950796,4.811361217947348e-11,0.20852777165772382,0.8712560655532132,0.019338116580871503,0.9755199514301888,True
0.026170550013464702,0.0,0.20975074780411115,0.8707232047064213,0.018959267253733335,0.9755985786084769,True
0.02613414951883182,4.7815267368333475e-11,0.2094215217866947,0.870870244979143,0.019040936935004284,0.9755810059203056,True
0.026163689239335024,0.0,0.2097421005894187,0.8707087028830829,0.019204146080408824,0.9755797531777922,True
0.026163096484048323,4.779964608439889e-12,0.2097679039950582,0.8706849639926478,0.01934931739022543,0.9755689159949569,True
0.026138526823370773,0.0,0.2095154731524759,0.8707827245758001,0.019406758078813736,0.9755404611520381,True
0.026129324858997476,2.5409350792407548e-11,0.20940167793836081,0.8708309069399633,0.019324976434368615,0.975531745934553,True
0.026119933756590552,0.0,0.2093133842889658,0.8708509449363738,0.019443427387210006,0.9755076370808567,True
0.026111848842675044,0.0,0.2092059429751379,0.8708728195875813,0.01947511670186143,0.9754757910751503,True
0.02610665480739991,2.0732801347024947e-11,0.20915870439046763,0.8708688560164548,0.01960547595891985,0.9754482082324214,True
0.02610968661950407,0.0,0.20918039767206614,0.870833812183392,0.019585917507785322,0.975424011019425,True
0.02611442638119844,5.396168595248955e-14,0.20922525145933143,0.8707796338675238,0.019627080027250922,0.9753922595972434,True
0.026124847397030002,0.0,0.20933167395912125,0.8707126499044937,0.019564593743688092,0.9753784868840544,True
0.026125413120386427,1.2013606768156655e-12,0.20937486659187673,0.8706630471166895,0.019691886344248444,0.9753504804138292,True
0.026137660077284807,0.0,0.209502965559876,0.8705999079672329,0.019566280237666888,0.9753513907471708,True
0.026144189167596688,6.5219186961941935e-12,0.20941260717189042,0.8707013821616736,0.019262411176401508,0.9754076857541407,True
0.02648783884828744,0.0,0.21205401941082708,0.8697217473730824,0.018864944383912095,0.975748757078496,True
0.026621414374574003,9.66703076557311e-12,0.21341474809287778,0.8691188728680732,0.018660643380234227,0.9758262469241792,True
0.02656631056523059,1.0790778302557342e-12,0.21281086202286786,0.8693899695852777,0.018681186648495197,0.9757954005977907,True
0.02676008066329354,0.0,0.21506952487119635,0.8684366713119346,0.01840784676384068,0.9759714337475327,True
0.026707449249345996,0.0,0.21446164290040776,0.868702706381469,0.018439263306382604,0.9759335278316729,True
0.026764448500598385,7.517045356626134e-13,0.21523597783103723,0.8683736608324459,0.018467311918492536,0.9759916497487163,True
0.026778038161868987,1.1822725643719508e-13,0.21541361906240347,0.8683095599861125,0.018390468726764957,0.9760163695174324,True
0.026813869100157515,0.0,0.21598891187589056,0.8680781882163792,0.01842456401637832,0.9760726441543245,True
0.02683180208391824,3.841935319503574e-12,0.21630771280656633,0.8679715161618744,0.018324412889974096,0.9761253725689994,True
0.026816535513138163,0.0,0.2160350258332747,0.8680762179367633,0.01831814042741273,0.9760937308534006,True
0.026955399230827255,2.3628226974090213e-12,0.2189323813495668,0.8670788263560061,0.017941361838111108,0.9765450170331522,True
0.026962846166596232,0.0,0.2190336196435788,0.86703285598705,0.017965782278235743,0.9765496658088394,True
0.026979699001748993,0.0,0.21923825100598818,0.8669524640403475,0.017910363034712995,0.9765715895433417,True
0.027113632114433298,0.0,0.22113796120102958,0.8662107825576078,0.01766014100198068,0.9767797631581225,True
0.027139748324817466,0.0,0.22149582332680642,0.8660620339499295,0.017649510887074154,0.9768099456133328,True
0.027237226371015544,0.0,0.22290577397424172,0.8655173464589042,0.01745092308086009,0.9769702334460251,True
0.027212132840115498,0.0,0.22258582975170363,0.8656469540703087,0.01749588462912055,0.9769398689461605,True
0.02719718198325751,2.7692876368949663e-13,0.22235017428900167,0.8657380173553498,0.0175107684901783,0.9769131045001276,True
0.027172095197589688,0.0,0.22190522373250846,0.8658993700056058,0.017568404128297656,0.9768519818718601,True
0.027167251462608923,0.0,0.22174941070744747,0.8659495693059592,0.017577627058696598,0.9768242746596829,True
0.027160374844809244,0.0,0.22146773917823243,0.866033390606269,0.0176156756150422,0.9767672601953853,True
0.027157997933912048,0.0,0.2216957508479627,0.8659794810600672,0.017599983585198882,0.9768273564840485,True
0.02717062660750604,0.0,0.22151930619050494,0.8659931696189977,0.017654563314695566,0.9767528227142502,True
0.02716563164451974,0.0,0.22151472960680935,0.8659977123390303,0.01768167311662766,0.976755077142435,True
0.027193393343015855,3.1067079419295856e-14,0.22151006573172036,0.8659438183076973,0.017693646433976976,0.9766988511735886,True
0.027216915988333052,0.0,0.22150347862126693,0.8658911361242699,0.017739992220827457,0.9766428754349034,True
0.0272653609281347,7.371398552341443e-15,0.22157652428708702,0.8657687396847141,0.017772148359789734,0.976557001828265,True
0.027259423589574387,0.0,0.22156885712887284,0.8657887958999753,0.017732207387622465,0.9765732244644116,True
0.027291448058368875,0.0,0.2215718440310367,0.865715980526369,0.017780903462513507,0.9765019025418873,True
0.02721787268960682,0.0,0.22144298212408894,0.8659006109909471,0.017773637524761056,0.9766221020529915,True
0.027285355060414195,2.5196198009341955e-14,0.22161541939575968,0.8657112235986563,0.01781735891247964,0.9765189332965614,True
0.027301366090988873,1.0792950255425518e-14,0.22166329636025148,0.8656596842302035,0.017859809366280805,0.9764913324103399,True
0.027387261920138215,5.723619897975642e-14,0.2219782372191665,0.8653971292284585,0.017887390042543173,0.976386247838099,True
0.027406805774303253,0.0,0.22205266233437798,0.8653307225049727,0.017933721631629033,0.9763570536721616,True
0.027463519968697905,8.41425250079103e-15,0.2222942721503875,0.865153118469177,0.017919274861379706,0.9763002545443792,True
0.02756378161455866,1.188198137979999e-13,0.2226939355544754,0.8648367211965928,0.01796007414452199,0.9761836889739494,True
0.027632651093860497,0.0,0.2229898717685826,0.8646197124160467,0.017947501830729212,0.976114648300338,True
0.027603987630153693,5.659881368665456e-14,0.22287468013310097,0.8647185685475797,0.01788086529671023,0.9761559086141868,True
0.027635139104123782,2.5378303480264146e-14,0.22296215019776122,0.8646246162361897,0.01792947248246687,0.9761056913350957,True
0.027719812465103653,0.0,0.22325544146372714,0.8643697866121656,0.01795802751442032,0.9759975073440291,True
0.027784952742567686,5.509251863823421e-14,0.2235048112194679,0.8641632038453727,0.01800813049286225,0.9759156094551618,True
0.02788834146208607,1.448570162024594e-13,0.22393754250757278,0.8638347356270479,0.01802331841156635,0.9758035068809792,True
0.027845748932286977,6.211865644046977e-14,0.22374656616869762,0.8639631908401701,0.018087230382103452,0.9758364739245812,True
0.02794683921419882,1.2217705439848268e-13,0.22421526170253187,0.8636334493703443,0.018075773085497897,0.9757410802217323,True
0.028071354006464246,0.0,0.22479216537097094,0.8632213443451452,0.018103685337229912,0.9756174270306307,True
0.02817388169820841,1.2892392498415948e-14,0.225285100738825,0.8628728825361465,0.018155147137272704,0.9755154329055719,True
0.028296227379786685,0.0,0.22590423234098708,0.8624580017564996,0.01814269318242891,0.9754101179269931,True
0.028363003220532874,1.510694604576418e-11,0.2262376551332029,0.8622222649734796,0.018210522486368914,0.975341092555188,True
0.028518186754110022,0.0,0.22703710552844825,0.8616893464141739,0.018223408907710733,0.9752078991783981,True
0.02835560175227384,0.0,0.22617804967403438,0.8622753345810903,0.018070178832694867,0.9753643594181075,True
0.02834408117123403,0.0,0.22612902271384833,0.8623291987458622,0.017970033236186633,0.9753937101027864,True
0.02837304691843726,1.9660931927169897e-12,0.22620489687656456,0.8622371974898135,0.018033001230649548,0.975339645930062,True
0.028206357186426112,3.7963169694796026e-12,0.22563498147292205,0.8627167067141409,0.01816546120667722,0.9755341974543983,True
0.028251665370079386,8.459713035594733e-12,0.2258149987448066,0.8625827664040523,0.018108698907247027,0.9754902657849153,True
0.028232562875085104,0.0,0.22573758580792266,0.8626282553114187,0.01820822768792034,0.9754970482153801,True
0.02829567625369989,0.0,0.22599833631549818,0.8624332195380809,0.01816196914779901,0.9754323876958301,True
0.0283098059730941,1.530210543441531e-12,0.22605150445582908,0.8623756711546356,0.01825016771684112,0.9754014233840804,True
0.02827896466730639,0.0,0.22590743611729433,0.8624603471758144,0.01837330745703451,0.9754140652344616,True
0.028372048714471125,3.8783413955117675e-12,0.22635671540406332,0.8621462103502041,0.01835322364489901,0.9753245680561141,True
0.028458199647816356,0.0,0.2267920707498998,0.8618406931629341,0.01839158810335028,0.975236728537884,True
0.028498224730234133,0.0,0.22700435749556117,0.8616831705139246,0.018489630120108725,0.9751853492617052,True
0.02841558158274796,1.542751868558005e-11,0.2265469077260094,0.8619551003807248,0.01866857156061756,0.975228554259157,True
0.02851882801385235,0.0,0.2271433457943903,0.861578571501751,0.018628801298408618,0.9751502443989462,True
0.02843222660893608,2.812181311919511e-12,0.22663378575776452,0.8618719117463293,0.01883091202551302,0.9751888046280237,True
0.028460873975986345,0.0,0.22680541579801408,0.8617858832170555,0.018686322024613032,0.9751885911160626,True
0.028512729561992294,0.0,0.22710405360842048,0.861606715960294,0.01857771188932109,0.9751587427645043,True
0.02492991055924411,0.0,0.20627561321350574,0.8751906571679682,0.018336817247843563,0.978328463774721,True
0.024880089045145902,3.825115166683968e-11,0.2057232869569276,0.8754319508115753,0.018396922967975498,0.9782935943282903,True
0.02485673613320164,4.330475577996135e-11,0.20545036818688528,0.8755440551154491,0.018455542689921608,0.9782692392521966,True
0.024826239825489586,2.526963965667588e-10,0.205018072804859,0.8757166773841177,0.018486873890821535,0.9782257140392436,True
0.024805623425999786,3.0950178457499435e-10,0.20464940439647847,0.8758506851711501,0.018527747021741,0.978175387678891,True
0.024796372194571325,4.54931928599488e-12,0.20437914682183697,0.8759332674552709,0.018585473330257576,0.9781228408707388,True
0.024797381957243292,0.0,0.2041737362419306,0.8759772205464451,0.018639353411937967,0.9780640886674105,True
0.0247914321079797,7.8600100992955e-11,0.20430130234432542,0.8759746949141951,0.018509333979551453,0.9781253461649579,True
0.02478651482801073,1.261895337706783e-10,0.20409663105676112,0.8760305219412328,0.0185671696083969,0.9780788375958028,True
0.024787644572364313,0.0,0.20399626131140494,0.8760451631851291,0.01863357212511923,0.9780432938408317,True
0.024795344959012373,0.0,0.20392695194049237,0.8760374539110993,0.0187022011999412,0.9780009298813455,True
0.024817659838693454,0.0,0.20389633363353482,0.8759896610984115,0.01876325309804578,0.9779378279151789,True
0.024822077329950686,0.0,0.20388997894770278,0.8759705442486991,0.018845238676503485,0.9779155337225505,True
0.0248509715006617,0.0,0.2039682651055764,0.8758936747969617,0.018807687037773656,0.9778778073497498,True
0.024884438808559575,0.0,0.20404156184065966,0.8757937805301771,0.01887300157319094,0.9778145614505069,True
0.024932108376241567,1.0733559029559099e-10,0.20419840575573223,0.8756522635111642,0.01885967296140277,0.9777514664963659,True
0.0249706852059103,6.619408753314759e-11,0.20434054384251338,0.8755388075904935,0.018811023012629914,0.9777090795779443,True
0.024976586955536655,0.0,0.20435513966053506,0.8755089413858326,0.018905408527422122,0.9776865112161001,True
0.025008586208788815,2.495701994052555e-10,0.2044819970520275,0.8753948814183273,0.018986782465752184,0.9776358801939113,True
0.025077703825429575,0.0,0.20479384648942864,0.8751653078505305,0.01897042580740127,0.9775622310952448,True
0.025118146927657067,0.0,0.20498566127613868,0.8750146268865798,0.019056890853200767,0.9775074575246492,True
0.025200467796691883,0.0,0.20540420413706945,0.8747197498705477,0.019092866253414074,0.9774218519390824,True
0.02526497333360514,4.826813831020665e-11,0.20575253112558098,0.8744749055619775,0.019172027634811996,0.9773511711730362,True
0.02522309153991355,0.0,0.20551233303369987,0.8746566133412746,0.018992794390848507,0.9774127798581246,True
0.025253066982978453,4.602447131007249e-15,0.20564146512085987,0.8745428137165778,0.019078394093198323,0.9773635462770123,True
0.025293613227120437,0.0,0.20583827561413742,0.8744103136185585,0.018997387920060095,0.9773294514256272,True
0.02526629612125507,1.2697192959202746e-10,0.20570791632585403,0.8744844157247122,0.01915858114148569,0.9773383740146111,True
0.025323075617874762,1.5712398963934136e-12,0.20599931839109994,0.8742873894316697,0.01909549273725901,0.9772870486287909,True
0.025348440403619242,1.9788533025614836e-12,0.20614317869482376,0.8741734875683462,0.01920310213583199,0.977245076917737,True
0.025402799753650965,3.8602428555298007e-13,0.20645723358802176,0.8739557977607669,0.01926472879285028,0.9771844145551638,True
0.025433202208430563,7.338163592431086e-13,0.2066484939099528,0.8738159983743516,0.019383446345495554,0.9771402453300619,True
0.025453671957519203,0.0,0.20678828851755962,0.8737094324388175,0.01952424686947126,0.9771035766975973,True
0.025515343333576933,1.1736814248106871e-13,0.2072115159770363,0.8734391391787311,0.019597583407820078,0.9770448971673665,True
0.025500373753865588,0.0,0.2070861935364527,0.8735428538215316,0.019374805818953147,0.977085950589758,True
0.025412194968535442,0.0,0.2065437775308499,0.8738673449414796,0.019681414715561785,0.9771392337069045,True
0.025454539426895535,0.0,0.2068326764410674,0.8736870854589889,0.019632958106243752,0.9771034236795226,True
0.025487703683647677,0.0,0.20708470345777336,0.8735199044583313,0.01970233594874518,0.977062256187218,True
0.025525663958908408,0.0,0.2073953835141056,0.8733242957727779,0.019756512966660714,0.9770219875298307,True
0.02555634551860191,0.0,0.2076428980090661,0.8731937828569621,0.01962995434076479,0.9770152318614952,True
0.025579647563860816,7.737240212671637e-14,0.20787134576610455,0.8730477417007975,0.01970785743696009,0.9769834145839271,True
0.025527451800948935,0.0,0.20740857895622755,0.8732770018550341,0.020024580181129237,0.9769812913331479,True
0.025545383176334986,7.788895494059744e-14,0.20763701145862437,0.8731353764772741,0.020140337184652333,0.9769538822066642,True
0.025488382695761452,1.3944483698857082e-13,0.2070320729453444,0.873427279640293,0.020477833427023574,0.9769433161131046,True
0.025507880844597017,6.728960344952961e-14,0.2073397818294977,0.8732534750018539,0.020571687930717633,0.9769233659166701,True
0.025526363837334885,2.1872405104879573e-15,0.2075789971758713,0.8731453360442335,0.020429401541849513,0.9769348346321713,True
0.02549691133975884,0.0,0.20712543392427557,0.873338890286793,0.020784668664632498,0.9769016072489308,True
0.025430890565831008,9.427252785456472e-12,0.20559027477994152,0.8740461120897571,0.021308929231451876,0.9768412494891552,True
0.025386180019333585,0.0026889554433736683,0.1939291674038071,0.8772949219166067,0.019472073803383096,0.9769484610618839,True
0.025563512262024742,0.002960968530388326,0.19506121792232448,0.8764748547430112,0.01931503480743387,0.9769664322345618,True
0.025556014276988535,0.0029590717132968727,0.19500683927265577,0.8764964156273645,0.01938498441660605,0.9769589069769893,True
0.025548902420434203,0.0029368425839008568,0.19496151896565672,0.8765475524358095,0.01931323208702665,0.9769651545025386,True
0.025511446449093034,0.002884972065136436,0.1946752823235603,0.8767267073333914,0.019366496639474755,0.9769493205603079,True
0.025465153388560723,0.0028118429677190413,0.1942874104473071,0.8769673168643193,0.019397566335904885,0.9769228650556919,True
0.02543533659152236,0.0027679578677568296,0.1939643261711501,0.8771403437932561,0.019393726542641914,0.976890464746588,True
0.02542594979625715,0.00275807411961783,0.19378939836254075,0.8772145896256952,0.019357883879520473,0.9768673629265834,True
0.025425009269728013,0.002760208709419144,0.19369323088513726,0.877245934973951,0.01929961450584757,0.9768527591259388,True
0.025420900269957122,0.002784281271850379,0.19352928942551023,0.8772683034435559,0.019366730675530384,0.9768172294281614,True
0.02540656605356998,0.002688838939225766,0.193812717012645,0.8773219789751943,0.01918397295996391,0.9769171764207425,True
0.02538661121459575,0.0026926671339604913,0.19349613727123363,0.8774361035850636,0.019207483717601864,0.976876839354641,True
0.025384138258422746,0.002700908947011142,0.1934727980410556,0.8774302219532272,0.019294162154389605,0.9768675299207661,True
0.025391546870804037,0.002728935382121551,0.19333188613549665,0.8774304925500893,0.019276237419958275,0.9768253709999593,True
0.02540552911878014,0.002782105031041112,0.1932307208205986,0.8773796976114261,0.019337944568215113,0.9767771630527665,True
0.025433187164237682,0.002856346438843438,0.19318767323194955,0.8772700976523554,0.019402371949598946,0.9767202807071736,True
0.02539256014560749,0.0027838821723555813,0.19313554883991735,0.877407194717856,0.01952221715337019,0.9767588513101703,True
0.0253773733394546,0.002743748957836205,0.19313374628293345,0.8774871019944563,0.01938143837011987,0.9767977240937593,True
0.025356214999961216,0.0027242785741164234,0.19312602903224724,0.8775334930379828,0.01950960835814654,0.9768207861282228,True
0.025372715653476485,0.0027402799838061884,0.1931329411040593,0.8774728760652182,0.01958995870593402,0.976779626601054,True
0.025335829505175513,0.0027318248139857762,0.19303023254310708,0.8775666084936085,0.01973708769345912,0.9768135495791478,True
0.02537004978817962,0.0027202394006372653,0.19315585242579805,0.8774768149669339,0.019667764382983493,0.9767749805804702,True
0.02540556332542211,0.002725326538436039,0.19328203269952174,0.8773707129267838,0.019596956158196014,0.9767370558149807,True
0.025457878859226218,0.002756336336366273,0.1934424414032846,0.8771944449367011,0.019578481937740887,0.9766720019747097,True
0.02538668314012931,0.0026581630574949735,0.19323352212025616,0.8775033674206625,0.019370345030003278,0.9767782915382855,True
0.02540054273517845,0.002676029286060939,0.19317778980412076,0.8774645177172761,0.019401597378252044,0.9767294419053973,True
0.02543074346581827,0.002722287665100133,0.19318788298577091,0.8773620534092854,0.019380125225901594,0.9766782825672711,True
0.025460402194048957,0.0027893592010943126,0.1932060858527275,0.8772335593685656,0.019444720404877266,0.9766259614960238,True
0.02534350775453951,0.002521699466300926,0.19300821854021785,0.8777758151761885,0.019170958145019106,0.9768016239125983,True
0.025338199160291133,0.0025302417778829394,0.1928235152430336,0.8778271220505093,0.019139437985751653,0.976769121449909,True
0.025303301240369253,0.002170321131020735,0.1939835590764398,0.8779520662374896,0.018804265512533187,0.9771141669067303,True
0.025257569872819473,0.0021243729160336936,0.19360741493995776,0.8781681670540938,0.01884701429244914,0.9770962474401065,True
0.025230175698273072,0.002095077973795938,0.1933442129629374,0.8783156735442635,0.018811085213744496,0.9770828579995282,True
0.02520954174485873,0.002093220281167978,0.19309292228247527,0.878415578567635,0.01886946772479102,0.9770552599900406,True
0.025207412625575715,0.002099088443156501,0.1931036452469563,0.8784020150650427,0.018954738069939962,0.9770529261316774,True
0.025209430137289764,0.002108881529720175,0.19327808801834867,0.8783343402926992,0.019066448346635113,0.9770822658315937,True
0.025205836262131704,0.0021491897217347563,0.19333564297866826,0.8782848564788189,0.01918397844821459,0.9771018676898878,True
0.025213920160692002,0.0020680849681462728,0.19328785507169535,0.8783349857332158,0.019185170858992177,0.9770469982372098,True
0.025214341689190456,0.00207162853402701,0.19326821001382863,0.8783231884257827,0.019286286799994067,0.977028921966724,True
0.025247930277974756,0.0020371945091911606,0.1933663852967801,0.8782495776796507,0.019284199172246715,0.976969964837232,True
0.02527411661219108,0.002038230175363708,0.19343049082016758,0.8781639542925015,0.01936662401616917,0.976917429877949,True
0.025290094914545546,0.0020325107570199744,0.19350353305612736,0.8781287276027856,0.019259222684250794,0.9769130048878693,True
0.025269045876510545,0.0020368840269396173,0.19342413275661305,0.8781736926662105,0.019400664706198893,0.9769226430714566,True
0.02525273577137934,0.0020500304222701472,0.19334719475115886,0.8782012923814426,0.019543666101263842,0.9769249201792922,True
0.025294423116073786,0.0020283628199259393,0.19354470846949215,0.8780830047314645,0.01947468930572796,0.9768837217861365,True
0.02527319556557043,0.0020147112293474817,0.19346010412150408,0.878183557228565,0.019306798861722145,0.9769283205186645,True
0.02529485947653828,0.00200797783370124,0.1935061764101783,0.878120820157708,0.019343033108967022,0.9768818861964983,True
0.025319990883250525,0.0020125243137700073,0.19358737665900574,0.8780511535077704,0.019252264371193824,0.9768573661510432,True
0.025342379559896884,0.00204226572199678,0.19361383344738306,0.8779602911781701,0.019323746780628988,0.9768094736238584,True
0.02526419676452496,0.0019787749057812946,0.19335734681563688,0.8782206081996886,0.01955334282939504,0.9768780565132883,True
0.02530913975533657,0.0019574968996061157,0.19357691361241253,0.8780799397121913,0.01951569455640047,0.9768258934180037,True
0.02535616423353622,0.001972116971898046,0.19378821160890727,0.8778992457829087,0.019554076594693534,0.9767654685592604,True
0.025403073394416203,0.0019935196894700466,0.19401779429614666,0.8777277154068249,0.019464668289147096,0.9767301322443683,True
0.025361949199717085,0.0019783282425872998,0.1938126030900098,0.8778588790702442,0.01967995465233392,0.9767435088578363,True
0.025416555943783458,0.0020011292719935344,0.1941053949045933,0.8776317846414583,0.019714696451219996,0.9766856113657485,True
0.0254810886545294,0.0020448090693121193,0.1944528103795107,0.8773576840388385,0.019709164644737594,0.976628898297906,True
0.025457459588683937,0.0020506366537702374,0.1943100431784126,0.877417916114142,0.019918835297779255,0.9766235743571186,True
0.025518077058678243,0.002080296877063648,0.19468450928939354,0.8771580767089545,0.019869143230327093,0.976580628230715,True
0.025570065097277165,0.00214079086126303,0.19499287292720446,0.8768938839774116,0.019954808210048715,0.976531111302277,True
0.025521028148878147,0.002045398014297137,0.19470700798841759,0.8772022198875709,0.019650968696592108,0.9766011218960768,True
0.02554106481637867,0.0020750801612938524,0.19481330077184641,0.8770911052924697,0.019628638042639295,0.9765728358396868,True
0.025564859475436585,0.002126539006992757,0.19494211871923212,0.8769506131131806,0.019587422972958284,0.9765482114797894,True
0.02558426235620139,0.00215888576389233,0.19505207232788532,0.8768607448022706,0.019454265004075405,0.9765456667301056,True
0.02552014214603977,0.0019951287493883588,0.19470568751520256,0.8772187839912382,0.019854242945703374,0.9765667564982279,True
0.025528743945746352,0.001964443409639717,0.1948612423442156,0.8771506831630571,0.019871492260975603,0.9765457477448046,True
0.025528956159864478,0.001976604587028422,0.19489182460440188,0.8771001623730272,0.020038533630300608,0.9765226792622566,True
0.025527256130253403,0.0019586923661528643,0.19480605178458915,0.8772003300952017,0.019755068359331298,0.9765620483536491,True
0.025518931237414524,0.0019277402173100702,0.19480914044825154,0.877234477824655,0.019633648889512734,0.9765667882660909,True
0.025510057741432567,0.0019183566439752357,0.19481784744647407,0.8772383319137148,0.01955240910341631,0.9765656122809271,True
0.025503169961488523,0.0019377796742636086,0.1948302578735122,0.8772048984936079,0.01954270014236461,0.9765578071046276,True
0.025498957154830422,0.0019776206345840405,0.19483630696674015,0.8771461794157529,0.019644538245279355,0.976541953533707,True
0.02548983876414197,0.0019659886840324684,0.1947242298652091,0.8771897725651379,0.019929309722398852,0.9765178761817748,True
0.025489407940215925,0.0019689496104963234,0.1948433084877491,0.8771329857643368,0.019847460089916,0.9765235896187077,True
0.02548657608913548,0.002004996444577847,0.19494391845432224,0.8770431459052273,0.019882041926948316,0.9765201015769662,True
0.025480771571738597,0.0020408452411383436,0.19494433780780343,0.8769898266258577,0.02007113599561325,0.9765028407708978,True
0.025507820883090098,0.0017848803274318733,0.19439796789776287,0.8775517746442135,0.01946287223091845,0.9765356389205269,True
0.025484151159711855,0.0017773606655233844,0.19425416949420407,0.8776186859170902,0.019589271692923498,0.9765231313297157,True
0.025457725526762617,0.0017674558262349037,0.19410175775145702,0.8776929865108632,0.019708929445318633,0.9765113212128267,True
0.025546298585028937,0.0018815884995100308,0.19449680744123612,0.8773484577473653,0.02007166341252166,0.9764784499674933,True
0.025521607208753728,0.001826892302323942,0.19442282497924307,0.877427032565426,0.020203781371887608,0.9764653373573714,True
0.025482395790429165,0.0016936776720769481,0.19437557883484977,0.877586202220734,0.0201916795164809,0.9764676693102359,True
0.025451395985041383,0.0016118990358283923,0.19433670134226802,0.8776815511040166,0.020264138505048095,0.976461800810979,True
0.02543690147287553,0.0015548131374531508,0.19438665808289451,0.8777274269624148,0.02015061002834689,0.9764755691413153,True
0.02544996675363763,0.0015484099402590967,0.19443524967709072,0.8777333323834011,0.019909976952233628,0.9764993671622055,True
0.02544899066260465,0.0015710092520035326,0.194408563500658,0.8777034052849819,0.020118743645253217,0.9764786962873144,True
0.025532633174852444,0.001783684472912601,0.1945024740617661,0.8773898349359016,0.020567496250998882,0.9764247564396972,True
0.025486890443175036,0.001602658777328055,0.19450028807453415,0.8775793875066236,0.020558420974340387,0.9764321903212186,True
0.025465230027214823,0.0014935146656452917,0.19455917840514766,0.8776797300006856,0.0204201826725358,0.9764528338689047,True
0.025437624524476513,0.0014245480039605958,0.1945430973334973,0.8777524244630611,0.02052423398184931,0.9764485211337705,True
0.02540914848703227,0.0013305450939593586,0.1945971598577235,0.8778362173511892,0.020445385349673717,0.9764653423740103,True
0.02587665423645343,0.0022936279709132633,0.19392665673810267,0.8770939826851276,0.019798381782610147,0.9763509390250922,True
0.02582705428881044,0.002234921093316859,0.193613838696331,0.8773031582137798,0.019869936613660336,0.9763449986552623,True
0.025971586240909242,0.0024083039595810987,0.19454573155795904,0.8766914995267436,0.019668111464251434,0.9763726692653043,True
0.025988541346593272,0.0024426662050932267,0.19466001749138784,0.8765908258649877,0.01977915017832157,0.9763635008157749,True
0.025987174194378997,0.0024544791891143516,0.1946474318610325,0.8765752811286195,0.01988397765906831,0.9763534762482501,True
0.02593463519033089,0.0023400014483013825,0.19430191072654082,0.8768448544376487,0.019884837117016656,0.9763358112492205,True
0.025925198005421264,0.002335435632981444,0.19422994186225379,0.8768708954537938,0.019990847705436292,0.9763213020179021,True
0.025900262747014933,0.002268817065301094,0.19403614201486918,0.8770050474911956,0.02003431255868096,0.9762919355639312,True
0.025890094384982583,0.002247965452853041,0.19393178994154195,0.8770499257586954,0.0201234118145732,0.9762637861823195,True
0.025888492045362296,0.0022174108756573296,0.19385287731255121,0.8770830954166952,0.020127136072547385,0.976226944948628,True
0.025899023540447225,0.0022200622011306534,0.19382727177712547,0.8770517997812999,0.020137670787113718,0.9761854978709933,True
0.025919583487232285,0.0022567094188542117,0.19384540515223217,0.8769585386244003,0.020184914401079047,0.9761379506193707,True
0.025940186984830936,0.0023108949214887377,0.19387862965889663,0.8768437101057516,0.020292020700257273,0.9760939198566886,True
0.025980154919722834,0.0023909179698078957,0.1940028171972142,0.8766526607695918,0.020308273383781657,0.9760449873380068,True
0.026027983202379118,0.0025007616123296187,0.19416364137549177,0.8764092528802233,0.020349241852592202,0.9759918351802988,True
0.026067568813517142,0.0025828665314917244,0.19432064752497874,0.8762232967000245,0.020276560152754225,0.9759664869940057,True
0.026115657035490257,0.0027074709277924024,0.1944917467833389,0.8759718448907631,0.02026104640374509,0.975925189210225,True
0.026114469060592123,0.002669742210784522,0.19451235022064642,0.8760254933353734,0.020055781168643746,0.9759514106564812,True
0.02613954629750115,0.0027814080312080457,0.19454848358846324,0.8758590127173196,0.0200844990147969,0.9759146625427593,True
0.026099121289640037,0.0026698944974813898,0.19440809986963986,0.8760510137675827,0.02032930846011725,0.9759249581998839,True
0.025821266573004414,0.0018439274406320295,0.1931686283883349,0.8778972696046627,0.019573658870472816,0.9763255112394622,True
0.025769437581330348,0.001780984560061542,0.19280824549380599,0.8781378650921104,0.01953041434970197,0.9763229723990751,True
0.025892945675314954,0.001900670691325931,0.19378351728496765,0.8775472479460253,0.01974361745786572,0.9763396772798351,True
0.025867169689409407,0.0018101254577016545,0.19364960635851125,0.8777047528785943,0.019654608371109116,0.9763396815155516,True
0.02588503684412992,0.0018370740037673377,0.19376455081027003,0.8776394705432483,0.01952318445293251,0.9763588199521507,True
0.02588822154194681,0.0018275431706401611,0.1937896648636315,0.8776474249859167,0.019411763153066752,0.9763698005883726,True
0.025920852172079706,0.00190566193451556,0.19403854625520744,0.8774467620602441,0.019576522164350667,0.9763716971223634,True
0.02589228460692529,0.001804158064854387,0.19385252857743238,0.8776273355056841,0.019507678556895162,0.9763577578592546,True
0.025896653488879682,0.0018448523646314937,0.19388849826466747,0.8775646978649279,0.019652834243935706,0.9763537993618931,True
0.0258832787933994,0.0017752602216165529,0.19379091449568492,0.8776543029308663,0.019698118819417788,0.9763250204003253,True
0.025879113816224555,0.0017722788552487405,0.1937550733976636,0.8776576724405074,0.01981377173211735,0.976307487994588,True
0.02588429290823197,0.001696191764881756,0.19376360754120053,0.8776884707128404,0.019811019778803528,0.9762664662483225,True
0.025893385898046694,0.0016747713277863337,0.1937860980258319,0.8776611811964432,0.01988942348976735,0.9762290015371455,True
0.025920615240823692,0.0016488534782234637,0.1939057212184124,0.8775829998590114,0.019861132850925535,0.976184713946441,True
0.025950977447177743,0.0016597802638398892,0.194030732917084,0.8774600708333151,0.01991755061590413,0.976135217555697,True
0.025865681290105462,0.001568054077590967,0.1936802549241955,0.8778656876620035,0.01961200537113115,0.9762738692016921,True
0.025860310989854054,0.0015465445129288888,0.19359526367314833,0.8779143766107482,0.019536530278861444,0.9762585529602513,True
0.025856206078800084,0.001556911755791162,0.1935247750543731,0.8779155041228334,0.019637095427142887,0.9762348034058111,True
0.02586183496043364,0.0015501950335923473,0.19353788314676548,0.8779170750305135,0.01951267029445416,0.9762362116374886,True
0.02586586826284122,0.00155660625720202,0.19349281139860955,0.8779174362446946,0.019424773062428638,0.9762204482012015,True
0.02586879918971993,0.0015893248975271978,0.1934254389670789,0.877887247860932,0.019492554014539133,0.9761892922419986,True
0.025827328301364687,0.0015032980745206578,0.193396140481212,0.8780345127604854,0.01978081462722852,0.976235881075612,True
0.025840568324673362,0.0014664818403316007,0.1934646407456277,0.8780036227279541,0.01974489100709944,0.9762024249410995,True
0.025862102768360554,0.0014579592993192233,0.19357350719405778,0.8779300330930327,0.019673098172314038,0.9761747459893809,True
0.025881366244920483,0.0014812278963476657,0.19365502112794936,0.8778285881425908,0.019740785242556517,0.9761373266029131,True
0.02579502144176285,0.0014170372744779904,0.19320498021199894,0.8781736990676736,0.020087838968050983,0.976193226448151,True
0.025819557196983214,0.0013520646069153997,0.19343983427286468,0.8780899871452459,0.020048661693151313,0.9761619688885936,True
0.025847954967995416,0.00132126516338399,0.1936856955092394,0.8779625021434955,0.020060367152614268,0.9761266150614992,True
0.025863567573853028,0.0013292066445625764,0.19381432377181781,0.8778582621061072,0.02019002707868082,0.9760946306365786,True
0.025898238911861268,0.001333614889561763,0.19410958007077309,0.8776748858072086,0.020198132655499787,0.9760632907321569,True
0.025925918452950992,0.0013659081557893288,0.19433890958160147,0.8774947405043471,0.02030073489304851,0.9760301034509371,True
0.02595339633893229,0.0013842397695580286,0.19457682684660582,0.8773522663468857,0.020188541239499414,0.9760249195397466,True
0.025894589977181665,0.0013266122838165443,0.19404881618693162,0.8776721481278286,0.02054347846808048,0.976023168505111,True
0.025904561844819197,0.0012992660294142073,0.19417782517886453,0.8776504331195035,0.020352396709142816,0.97603861173835,True
0.025911826379877413,0.001289626278517023,0.19416979470261508,0.877691905552084,0.02010014846225826,0.9760664291819086,True
0.025918923570936708,0.0013382033887843208,0.19412101116277136,0.8776413909550796,0.020385974790239975,0.9760400999252496,True
0.025947220358949297,0.0013839471768922024,0.19415104216844115,0.877606421331295,0.020132253394669286,0.9760658895924077,True
0.025907265547450598,0.0013164733824808522,0.1940000806492214,0.8777497178500877,0.020135210110909622,0.9760662315571793,True
0.02587601662075408,0.0012699272383110063,0.193899881884563,0.8778496671416639,0.02009201698984602,0.9760695353222564,True
0.02585325169859709,0.001252862345523146,0.19384166396044483,0.8778975267109445,0.02005473084248989,0.97607122103669,True
0.025844743931780132,0.0012704694399379342,0.19379570746686142,0.8778848046704008,0.02023172472130301,0.9760531278437694,True
0.025829963333739832,0.001280420025639142,0.19379583193695005,0.8778687687523594,0.020283886694243834,0.9760471047464736,True
0.025835917156570225,0.0012628205879551624,0.19384508523220298,0.8778830544919972,0.020069624500721882,0.9760684176960538,True
0.025813690789256574,0.0012781823870902046,0.193785085573813,0.8779011906073287,0.020053427373845568,0.9760719157813255,True
0.025812594414356512,0.0012842423962969444,0.1937389572098998,0.8778926141021538,0.020302732511015345,0.9760463351034007,True
0.02584946575244773,0.001242442200289081,0.1937904529384134,0.8779346089879108,0.019968340222391384,0.9760722776574066,True
0.02587448351221722,0.001236367766177517,0.19392786216510846,0.8778903498877098,0.01976254238946943,0.9760906487364415,True
0.02617408821707798,0.0013953096178177696,0.1956246663556634,0.8768879016140247,0.019539107038190406,0.9760955444096742,True
0.02616126138478998,0.001393878001031633,0.19553634549293253,0.8769233998372551,0.019641179368415276,0.9760854505847529,True
0.026099467167622934,0.0013118990870516756,0.19513095105843997,0.8772082747916714,0.019595583676087294,0.9760856494079431,True
0.026081847436228545,0.0012838083725346997,0.19501161275937634,0.877302305034593,0.01949518189752937,0.976091919786816,True
0.026040795296940398,0.0012504274134124403,0.1946920400450017,0.8774879873283743,0.019445780891639425,0.9760844347642875,True
0.026035468407097983,0.0012618027493208122,0.19464579028213552,0.8774861021465438,0.01956928171315561,0.9760708000369324,True
0.026029563812547344,0.0012734645453862023,0.1946038724033477,0.8774804211802834,0.01970219211876287,0.9760558219273434,True
0.02601907591813854,0.0012595919694621633,0.19447227703963668,0.8775405349850138,0.019651445298356197,0.9760362654742943,True
0.02601628330414163,0.0012798871456312965,0.1943735482970938,0.8775399239781964,0.019667877161904587,0.9760065852723746,True
0.02602513509154668,0.001328552256581397,0.19432876384834702,0.8774809470061776,0.01966998384505103,0.9759738811869325,True
0.026044770087951447,0.0014034680002982711,0.19433812034695574,0.8773681546220933,0.019654137491706313,0.9759406827958694,True
0.026071225627163578,0.0015073061765788294,0.1943782514648959,0.8772044087489064,0.019691838896839432,0.9759008406579331,True
0.02610051343596622,0.0015959112337313086,0.19446485870030772,0.8770516213698837,0.019615107123405535,0.9758799619537688,True
0.026135465328965737,0.0017259935329762771,0.19455525848033256,0.8768428360339904,0.019596133288141086,0.9758464588071329,True
0.026175936723286317,0.0018822521984302636,0.19467407010999027,0.8765898917661731,0.019608558441781547,0.9758091790195985,True
0.026219882879229425,0.0020447223540914394,0.19482613214478256,0.8763208695933313,0.01958173791595757,0.9757786580198141,True
0.026243652902848576,0.002166705009434701,0.19489439653921753,0.8761311861590491,0.019723907321986988,0.9757450894380926,True
0.026284422133397826,0.0023421104263730277,0.1950559557255165,0.875838744523711,0.01981134905275293,0.9757088328128423,True
0.0263296184830507,0.002516981205896479,0.19526026472482502,0.8755416820846721,0.01977403849941284,0.9756887956529811,True
0.026341926480293675,0.002528970548306558,0.1953371071843605,0.8755080294091695,0.01957418426218927,0.9757055535496564,True
0.026362938664672042,0.00268133018136712,0.19541891255302474,0.8753009082261274,0.019562037788824014,0.9756916946840068,True
0.0262599638322135,0.0020788887577315343,0.19492665369146636,0.8761559778605543,0.019998141906404174,0.9756981934640191,True
0.02625541627980898,0.002092115958686143,0.19494080136295636,0.8761162065838388,0.02017691447712401,0.9756787232240032,True
0.02625826186683983,0.0020804534413847954,0.195127535060289,0.8760386057200272,0.020121418045302975,0.9756828266915565,True
0.02625205470032973,0.002100891714234157,0.19509235014631074,0.8760135472828718,0.020344430905613782,0.9756606140702613,True
0.026246713692857002,0.00210381359963202,0.195253973460375,0.8759278506573379,0.02042191743335519,0.9756586509871574,True
0.02624145643013461,0.002119149934415536,0.19544765837824507,0.8758232919254029,0.02045308279687689,0.975666271048941,True
0.026235135489757137,0.0021548807135319905,0.19563271517319678,0.8757039860710241,0.020506881294017346,0.9756752243711544,True
0.026227734647049004,0.0021786283048863017,0.19558446093527046,0.8756800145369291,0.0207574094951392,0.9756508733094507,True
0.026218163634001538,0.002194043171792534,0.19576680627274964,0.8756008072783359,0.020691998117970966,0.9756782535865032,True
0.026201865703283183,0.0022308714969085284,0.1958243603832968,0.8755343956738498,0.02087058780843826,0.9756774473624067,True
0.026249618677807614,0.0021358069790490485,0.19568819886611896,0.8756949669967626,0.02039468988684173,0.9756748734088712,True
0.026208663005828872,0.002133083836646421,0.1955550608898774,0.8757713207046486,0.02050169621298953,0.9756819349862338,True
0.026181319278621464,0.002119868397450237,0.19551201766229362,0.8758357929273741,0.020370877825486418,0.9757116701559712,True
0.026138498542022125,0.0021325559155878303,0.19540484799164445,0.8758971924743814,0.020402444652748052,0.9757321723857914,True
0.026114188206602947,0.0021386536755818907,0.1953647361949111,0.8759405516891784,0.020266413184033487,0.9757615734622158,True
0.02634099162655167,0.0019138725793790383,0.1960104131501111,0.8757635972158799,0.01978054575322811,0.9756826763703145,True
0.0264436237321985,0.0020171828251040664,0.196582494223817,0.8753308305296326,0.020053529878817457,0.9756392604666452,True
0.02642867491021069,0.0020118562941400966,0.19649732298305325,0.875365113394207,0.02019687417891484,0.9756256311798738,True
0.02636510175542067,0.0018989199847637005,0.19623093864449853,0.8756167335627035,0.02021430947905791,0.9756311228697164,True
0.026314692225973536,0.00182213044494327,0.1960218316997844,0.8758011468535988,0.020245833242997002,0.9756341931484342,True
0.026292073140155383,0.0017768398774002689,0.1959512715806731,0.8758964897874748,0.02012474414699242,0.9756489654552116,True
0.02625317643532905,0.0017367570338457864,0.1957954330136117,0.876020470843188,0.020093209491283754,0.9756549443838397,True
0.02622882230854828,0.0017388594627740657,0.19569194960071393,0.8760612454390169,0.020190512788959256,0.9756460797021479,True
0.026209311810764368,0.001738668515278326,0.19564489274171398,0.8760927442933605,0.020123489321973345,0.9756538591794959,True
0.026209420496606104,0.0017492103072454294,0.19560814733303966,0.8760760452255655,0.02036159408824557,0.9756293291993308,True
0.0262064426501353,0.0017342273055654242,0.1956456485129053,0.8760903773213741,0.020196201122326948,0.9756474288833921,True
0.02619672996090047,0.001750340062722861,0.19559493787959378,0.8760820218131434,0.02037770327198533,0.9756298308156632,True
0.02617540567211816,0.0017425052732569018,0.19559286098415407,0.8761010564515435,0.020333168372737586,0.9756399922168775,True
0.026156722832304965,0.0017636230523819672,0.19560022000702312,0.8760799061356076,0.02036157832408706,0.9756436391915011,True
0.026141868648321957,0.0018054910815668125,0.19561576976401032,0.8760286970969394,0.020447545977640723,0.9756420730605114,True
0.02612878863376983,0.0018575629729355655,0.1956389857053328,0.8759605385330138,0.02056816936176731,0.9756375943586159,True
0.026116712644543308,0.0019212752485195097,0.19568651847367127,0.8758730777622722,0.020675274804524402,0.9756376122476274,True
0.026128753052845594,0.0018678724185233325,0.19570825151403184,0.8759419018738053,0.02037019656755096,0.9756639000493446,True
0.02621039843600442,0.001757405108626634,0.1959789448301555,0.8759183427191524,0.019999544270677336,0.9756652202428567,True
0.026152878010631354,0.001735710286807017,0.1956685926054486,0.8761071066894507,0.02000010985001459,0.975677113278982,True
0.02616044853391173,0.0017522765186055275,0.19569389109352894,0.8760543352165623,0.020208415211936677,0.9756535572819323,True
0.026116590973110133,0.0017366383306702002,0.19550099162125326,0.8761723437533243,0.020232078175575555,0.9756594778946212,True
0.02608196593124625,0.0017482697142136789,0.1953550884782153,0.8762354951008118,0.020282533558638054,0.9756613090541332,True
0.026082131332563655,0.0017379739140713573,0.19537854026339396,0.8762537932532349,0.020099970956986478,0.9756810372990032,True
0.026056652125265336,0.0017628071450785955,0.19525076064689023,0.8762863212435933,0.020207156252571065,0.975674508712117,True
0.02603149896925759,0.001791035038087278,0.19515797651802436,0.8763158571857054,0.02015435632184746,0.9756858804828048,True
0.026008430428949757,0.0018477552900680238,0.19507453556698973,0.8763067472250078,0.020160887912005414,0.9756917702985706,True
0.02599191744311677,0.00191602583428668,0.19501824820046948,0.8762616736245836,0.020263438225274395,0.975686823559105,True
0.02598685254185005,0.001959807193979182,0.19503909896241584,0.8762252681057752,0.02013935609105532,0.9757046247809622,True
0.02597165433414879,0.002036477454137231,0.1950135453557222,0.8761756358892779,0.020090413231793624,0.9757188860212763,True
0.02596950108733959,0.0020681108933352037,0.195042493036735,0.8761511821942783,0.01992701680586115,0.9757405396059811,True
0.02594901875875012,0.002149952698658905,0.19496960304035524,0.876109372516509,0.01999583020821088,0.9757441267353455,True
0.02595216825680952,0.0021468299121461414,0.19501155619389823,0.8761144505560986,0.019788794775938288,0.9757670585651939,True
0.025961782393076307,0.002125689054873617,0.1950175203564667,0.8760958181762907,0.020070639104161892,0.9757302674093977,True
0.02593504755529358,0.0021479074501706487,0.19497546603561589,0.8761180023374828,0.019988992461981846,0.9757536428054614,True
0.026142903621029518,0.0017753797441614956,0.19540896623202966,0.8762020796318292,0.019511695682585022,0.9756819424920056,True
0.0260667510872097,0.001710027527981603,0.19496316182285411,0.8765065326903253,0.019469269935642183,0.9756981411297339,True
0.026067400308062254,0.0017259529725529273,0.19495872500793693,0.8764764083038921,0.019625658453812696,0.9756817237804135,True
0.02610602703665018,0.0017788317735328739,0.1951728919676025,0.8762927636722394,0.01985067055616213,0.9756580414295736,True
0.02606540777723253,0.0017022233856170807,0.19498905866517907,0.876469008518992,0.01977514150292524,0.9756657612371986,True
0.026293224176725766,0.0019602742897391664,0.1960988435028257,0.8757020450516289,0.019455538889267904,0.9757117410927809,True
0.0262225877418866,0.0018713572013239102,0.19563932952251453,0.8760177122584885,0.019459196039317016,0.9757087342210696,True
0.026236753422298125,0.001871975010093715,0.19575022158148664,0.8759798498844827,0.019323789484274923,0.9757269356853198,True
0.026250098862482415,0.001869454504277477,0.19585380046935247,0.8759453460841494,0.019201972832907612,0.9757417008231031,True
0.0262278135834672,0.0018644630605142167,0.19567831024971027,0.8760254044642695,0.01928036542975362,0.9757290226496389,True
0.026190566187084808,0.0018369872937737824,0.19536489998350848,0.8761894778459276,0.01930830450617413,0.9757089151314556,True
0.026176041337392767,0.0018442395123040704,0.19521833790416254,0.8762360707743696,0.019393045117047165,0.9756894792387549,True
0.026170937353503693,0.0018427547620887515,0.19512958155009297,0.8762756643121052,0.01930631166509395,0.9756832098492405,True
0.02616228853172802,0.001864374752931239,0.19495367748379405,0.8763174800395122,0.019269195162470037,0.9756586935343404,True
0.026163447117406865,0.0019175493018131714,0.1948193419179551,0.8762967116845487,0.019305903300332387,0.9756239319453395,True
0.026130233906132304,0.001786391661270514,0.19491483158982445,0.8764285037597137,0.019536870147959375,0.9756723112158964,True
0.026139814896169386,0.0017869761758938525,0.19490862253507557,0.8763923168266844,0.019571995603794662,0.975633604270116,True
0.026142739589532456,0.0018053324268272589,0.1948954709188912,0.8763554815124518,0.019700547700100584,0.9756085493987247,True
0.026163678349412023,0.0018326184997791662,0.19496711522834456,0.8762502741542528,0.019774828179615327,0.9755664502682042,True
0.026195604479967865,0.001880394578531427,0.19509494274531755,0.876092109658493,0.019833702296177584,0.9755199756096832,True
0.026216742175743837,0.0019305599299415275,0.1951752945176012,0.8759637104120455,0.019960145152589797,0.9754819176007876,True
0.026263552166308955,0.0020116255792294578,0.19539735415313542,0.8757232958380994,0.02000163151764701,0.9754335984938964,True
0.02629678475661358,0.0020589853234628873,0.1955717073312692,0.8755744433644312,0.01989578604725554,0.9754192823535288,True
0.02625994992689149,0.002010131411988118,0.1953751523256609,0.8757245032629504,0.020132505110039344,0.9754222108377689,True
0.02629432798028559,0.002063601667179708,0.19559215011995837,0.8755246749306712,0.020188043204364646,0.9753843516578301,True
0.026318323784231032,0.002125335822632406,0.19573765878189692,0.875355899283581,0.02032030440382912,0.9753500644971619,True
0.026319935404184914,0.002156343391892549,0.19574127823130844,0.8752982389058519,0.020516247961202844,0.9753252214133986,True
0.02633334047572828,0.002201623451777495,0.19584697050410207,0.8751709907922185,0.020686652382441315,0.9752960994960471,True
0.026353966322737336,0.0022597808046080467,0.19603315766185572,0.874991300301897,0.020833208180026753,0.9752676599374329,True
0.026384173307182842,0.002335017672998842,0.19632826051346872,0.8747469861745514,0.02090492144400929,0.9752461341042845,True
0.02640593062321506,0.0023783086048180446,0.19654506090960397,0.8746006461519358,0.020794920319233072,0.9752514852115558,True
0.02639812665502827,0.0022648468020908625,0.1963973860194507,0.8748283973404662,0.020434946942551203,0.9752919371522825,True
0.026377637913486688,0.0022891779224400825,0.196342889883317,0.8748333327387854,0.020431897430303783,0.975293955602884,True
0.02637490027722379,0.0022976767246047974,0.19629603917402272,0.874824397388873,0.020660699540981698,0.9752700937004891,True
0.026359100313783784,0.002319323929942841,0.1963176206659594,0.8747953905101995,0.02067153068391152,0.975273524773122,True
0.026347710685993533,0.002359190634852779,0.19631648122402973,0.8747452811280304,0.020815718716873554,0.975262712374898,True
0.026341484931530327,0.0023900138686109643,0.19639443709208226,0.8746909420113634,0.020735170098989175,0.9752781744260155,True
0.02632878030105421,0.0024420536613902516,0.19640628746642239,0.8746277341578754,0.020865977066904375,0.9752729315524769,True
0.02631954361544815,0.00249188123860708,0.19648864038843594,0.8745553676444736,0.020805851751287137,0.9752915690772987,True
0.026312756830328483,0.0025343274726575262,0.19656370693551423,0.8744993522455867,0.020691544433133174,0.9753155331860013,True
0.026293675272183976,0.0026099312340065106,0.19658852901559257,0.8744250617941681,0.020738785900620366,0.975329257535971,True
0.026276252249075403,0.002690379997096242,0.19660432914327916,0.8743429066828061,0.020853967981321993,0.9753354512515419,True
0.026593457047338884,0.001129755368521652,0.1958637103212109,0.8760223860224344,0.019497314158068428,0.9750839965515615,True
0.026598682570299133,0.0011484184957682982,0.19588781728601984,0.8759777230644936,0.019620523846993487,0.9750700502032719,True
0.026789371337110873,0.0013516692443556902,0.19701565065319046,0.8752168766356585,0.019397541216145398,0.9750763712066094,True
0.02676656999209758,0.001315114799830961,0.1968732983005105,0.8753339349079292,0.019310177783242444,0.9750856988580154,True
0.026777236225359522,0.0013377373371364952,0.1969549184834951,0.8752610490766495,0.019419577293472497,0.9750762456555335,True
0.0267471371958336,0.001288491149119221,0.19674334832694695,0.8754182686635781,0.019343206593470122,0.9750784339761708,True
0.02673507334900817,0.001286019981110414,0.19665112507277735,0.875454711173976,0.01943529787158147,0.9750662936914751,True
0.026794953511762788,0.0013944766751435233,0.1971259989350892,0.8751244283224419,0.019636969515876457,0.97508190446513,True
0.026761018508912417,0.0012730836208190283,0.19693367778275503,0.8753191299147336,0.01964117677541918,0.9750590524269301,True
0.026751444730381373,0.0012110183756021608,0.19687331307608125,0.8754031066362996,0.01955534960693238,0.9750507815499423,True
0.02674480340055556,0.0012017974789259075,0.19681594214783507,0.8754218399049781,0.019657051999236078,0.9750316084578216,True
0.026747499416211868,0.0011794332669840272,0.19684382205065992,0.8754363097319552,0.01953871197225784,0.9750376540242691,True
0.026745815473400707,0.0011480026782602268,0.19680824201810185,0.8754774945963377,0.019442330443104523,0.9750296182836489,True
0.02674490159456171,0.0011899074011272046,0.19686716809008448,0.8754215814391667,0.01965470146464724,0.9750450728853362,True
0.026747807219741737,0.0011665376495092023,0.19690184335675143,0.8754359679742395,0.019527546806873287,0.9750534273021245,True
0.02675956157535771,0.0012064087475854857,0.19702032172016967,0.8753843011904652,0.019374223254233408,0.9751008707981355,True
0.02675870906026364,0.001189436742586031,0.19701427931645274,0.8754127587804468,0.019262612542724905,0.9751093351812591,True
0.026785312041466173,0.0012513684674494662,0.1972445239861458,0.8752417073663253,0.01945845901284596,0.9751153378268477,True
0.026776161372741972,0.001234716424161869,0.19717429357236624,0.8752761343265119,0.019549944556498364,0.9750979975368568,True
0.026765892160260693,0.0011805959926617,0.19710492884976594,0.8753382604708709,0.019595306347772234,0.9750713208884156,True
0.026760727184188086,0.0012483771972866997,0.19708947081333805,0.8752884212149755,0.019794385786777217,0.9750815338189311,True
0.02676494471838159,0.0011465852978120685,0.1971269709166562,0.8753371115957037,0.019752655053844558,0.9750471823518438,True
0.02678100307573897,0.001080167490719089,0.19722839114203686,0.8753112243769977,0.019745789992513325,0.9750055874387352,True
0.026807182722883082,0.0010452792290901946,0.1973691142332385,0.8752402658339979,0.019681319626301503,0.9749701021797074,True
0.02683844637178552,0.0010337492258017636,0.1975273334938107,0.8751367468521206,0.01961885926788121,0.9749341628248278,True
0.026857820026029728,0.001053178657899805,0.19760952283625813,0.8750394798235916,0.019720817064216238,0.9748974198996205,True
0.02690331171751509,0.0010808135399773028,0.1978418429598256,0.8748491604050063,0.019700898927637954,0.9748508954248964,True
0.02662074553912784,0.0007314415856343278,0.1964568164322743,0.8762177991510353,0.019252318214922532,0.9751776489528068,True
0.026580031248998597,0.0006812224782266913,0.19615960212137712,0.8764045401211819,0.019230953417792122,0.9751655636600971,True
0.026559020655312193,0.0006633801121584787,0.19596833669924169,0.8765057577152712,0.0191785933749671,0.9751533061770505,True
0.02654467663589367,0.0006722960160026241,0.1957824806715611,0.8765673088975863,0.019154052969279512,0.9751308452493694,True
0.02654126183184534,0.0006901436297024149,0.1957309302086999,0.876556174250849,0.019276423443691817,0.9751117829849013,True
0.026546546889012767,0.0007299544966466626,0.19565933587886253,0.8765172270662679,0.019314550968289483,0.9750768495023459,True
0.026526325618846495,0.0006120256877247355,0.1957347702950076,0.8766786384395389,0.01906544185636082,0.9751580492747675,True
0.026507292567522742,0.0006233004795982508,0.19551344070514048,0.8767557716597614,0.019056137906520464,0.9751357924919298,True
0.02652597120423524,0.0005067230110298006,0.19593095127115695,0.8767539968893044,0.018817338556965456,0.9752261955359127,True
0.026517518553173015,0.0004950868445206092,0.19585663810790485,0.8768082034310675,0.018723252253911922,0.9752316093295404,True
0.026512776387725843,0.0004861936310493099,0.19580962362301604,0.8768470941323719,0.018624415339097058,0.9752380995749292,True
0.02656301830546591,0.0004670106586306941,0.19630996882196214,0.8766589793595194,0.018484447413251753,0.9752809744291311,True
0.026517255938247906,0.00044828624118488017,0.19591515153594616,0.8768594933408179,0.01849837343110585,0.9752653553499758,True
0.026512063554795965,0.000443746946402697,0.19585149374688826,0.8768989274475701,0.01841482160401627,0.975268421267417,True
0.02648598253127067,0.0004583545817085163,0.19552688202624466,0.8770233507704782,0.0183872369853526,0.975245146365309,True
0.026475964601842313,0.0004989675533217412,0.19530032748193077,0.8770725029515837,0.018350723325940975,0.9752216342458708,True
0.026468671513096745,0.00033178701452852915,0.19578947067280933,0.877070072988561,0.018546842842760543,0.9752965953394942,True
0.026466470269742717,0.00031758493554483435,0.19569092448043265,0.8770998301902705,0.018590815826716667,0.9752628773660316,True
0.026468433640266104,0.00032371960651922995,0.195651059240691,0.8770876276204429,0.018677263777048054,0.9752368768473076,True
0.026391200694877735,0.00028682653000161015,0.19566016067618916,0.8773278957553476,0.018451897575635565,0.9754448026234438,True
0.026358364307316712,0.00024320473662725985,0.19537932194931412,0.8774888951379599,0.018473391986108152,0.9754217608492443,True
0.026340450346445214,0.00022353479608466808,0.19514735425930185,0.8775968649769789,0.018450415448142903,0.9753940769027145,True
0.02633607463127425,0.0002363730552241165,0.19501391747202457,0.8776204120937352,0.01850868017365103,0.9753637438849716,True
0.026330114783869773,0.00023729825708734028,0.19502089249395757,0.8776161541154,0.018626908902940442,0.975363898619466,True
0.026311486275808916,0.00020355958417505742,0.19512381289483358,0.8776828546028684,0.018451420028615943,0.9754483206344603,True
0.026331043616185358,0.0002081668453079622,0.19538359922134713,0.8775981516373552,0.018312363029195096,0.9754981180933368,True
0.026300699130066697,0.0001782027020354469,0.19509022728426847,0.8777534595673935,0.018292297711391906,0.9754767759115632,True
0.026299909516458032,0.0001855714514105277,0.1950973060351385,0.8777364740878006,0.018386004097861758,0.9754706985567804,True
0.02629332639772924,0.0001797729637467909,0.19490780606953562,0.8777970049875321,0.018391326070995036,0.9754306809860467,True
0.026281681451367663,0.00012021451911415779,0.1951466046375377,0.8778324771781089,0.01821677513245555,0.9755259940159918,True
0.026263750205248945,0.00010837004957159395,0.19491582737508814,0.8779376725855161,0.01818528268680858,0.9755039563226319,True
0.02626033942850024,0.00011100596641509617,0.19481014004983163,0.8779760964557384,0.01812219875772791,0.9754921724470693,True
0.026265576658584564,8.948823578356424e-05,0.19493097489439043,0.877964668092347,0.018017749654368066,0.9755196437753257,True
0.026260468780451972,9.896222956124847e-05,0.194860691095642,0.8779763217286847,0.01809165415157927,0.975505629506067,True
